architecture,seed,concept,layer,test_patient,train_patients,mse,shuffled_mse,constant_mse
GCN,11,tumor,0,TCGA-A1-A0SK,TCGA-A1-A0SP|TCGA-A2-A04P|TCGA-A2-A04Q|TCGA-A2-A04T|TCGA-A2-A0CM,0.018526803636045138,0.07263357657075512,0.09725998586063433
GCN,11,tumor,1,TCGA-A1-A0SK,TCGA-A1-A0SP|TCGA-A2-A04P|TCGA-A2-A04Q|TCGA-A2-A04T|TCGA-A2-A0CM,0.08217592112579719,0.07274893863292307,0.09725998586063433
GCN,11,tumor,2,TCGA-A1-A0SK,TCGA-A1-A0SP|TCGA-A2-A04P|TCGA-A2-A04Q|TCGA-A2-A04T|TCGA-A2-A0CM,0.0668274527758476,0.7516907213854287,0.09725998586063433
GCN,11,tumor,0,TCGA-A1-A0SP,TCGA-A1-A0SK|TCGA-A2-A04P|TCGA-A2-A04Q|TCGA-A2-A04T|TCGA-A2-A0CM,0.3754067132435744,0.1532909959409115,0.15982872583559835
GCN,11,tumor,1,TCGA-A1-A0SP,TCGA-A1-A0SK|TCGA-A2-A04P|TCGA-A2-A04Q|TCGA-A2-A04T|TCGA-A2-A0CM,0.3844951213257145,0.16291305678993775,0.15982872583559835
GCN,11,tumor,2,TCGA-A1-A0SP,TCGA-A1-A0SK|TCGA-A2-A04P|TCGA-A2-A04Q|TCGA-A2-A04T|TCGA-A2-A0CM,0.15210159223513375,0.19962222213097325,0.15982872583559835
GCN,11,tumor,0,TCGA-A2-A04P,TCGA-A1-A0SK|TCGA-A1-A0SP|TCGA-A2-A04Q|TCGA-A2-A04T|TCGA-A2-A0CM,0.08070879476184403,0.11753730768204285,0.11802829001032702
GCN,11,tumor,1,TCGA-A2-A04P,TCGA-A1-A0SK|TCGA-A1-A0SP|TCGA-A2-A04Q|TCGA-A2-A04T|TCGA-A2-A0CM,0.10034131479531957,0.09656099019732531,0.11802829001032702
GCN,11,tumor,2,TCGA-A2-A04P,TCGA-A1-A0SK|TCGA-A1-A0SP|TCGA-A2-A04Q|TCGA-A2-A04T|TCGA-A2-A0CM,0.11535496595303374,0.10624694377918908,0.11802829001032702
GCN,11,tumor,0,TCGA-A2-A04Q,TCGA-A1-A0SK|TCGA-A1-A0SP|TCGA-A2-A04P|TCGA-A2-A04T|TCGA-A2-A0CM,0.071812076661122,0.15109608567451038,0.19809875512854108
GCN,11,tumor,1,TCGA-A2-A04Q,TCGA-A1-A0SK|TCGA-A1-A0SP|TCGA-A2-A04P|TCGA-A2-A04T|TCGA-A2-A0CM,0.0972530633849406,0.12454167339158648,0.19809875512854108
GCN,11,tumor,2,TCGA-A2-A04Q,TCGA-A1-A0SK|TCGA-A1-A0SP|TCGA-A2-A04P|TCGA-A2-A04T|TCGA-A2-A0CM,0.10173022250139191,0.15140398687735124,0.19809875512854108
GCN,11,tumor,0,TCGA-A2-A04T,TCGA-A1-A0SK|TCGA-A1-A0SP|TCGA-A2-A04P|TCGA-A2-A04Q|TCGA-A2-A0CM,0.059648761962046354,0.08669899105398601,0.1309861045051193
GCN,11,tumor,1,TCGA-A2-A04T,TCGA-A1-A0SK|TCGA-A1-A0SP|TCGA-A2-A04P|TCGA-A2-A04Q|TCGA-A2-A0CM,0.056704112592863266,0.0938505204735162,0.1309861045051193
GCN,11,tumor,2,TCGA-A2-A04T,TCGA-A1-A0SK|TCGA-A1-A0SP|TCGA-A2-A04P|TCGA-A2-A04Q|TCGA-A2-A0CM,0.09234598034892627,0.12070480106771983,0.1309861045051193
GCN,11,tumor,0,TCGA-A2-A0CM,TCGA-A1-A0SK|TCGA-A1-A0SP|TCGA-A2-A04P|TCGA-A2-A04Q|TCGA-A2-A04T,0.1077363715931949,0.14224583368452962,0.10101429419035475
GCN,11,tumor,1,TCGA-A2-A0CM,TCGA-A1-A0SK|TCGA-A1-A0SP|TCGA-A2-A04P|TCGA-A2-A04Q|TCGA-A2-A04T,0.1528992671001878,0.12471838025315385,0.10101429419035475
GCN,11,tumor,2,TCGA-A2-A0CM,TCGA-A1-A0SK|TCGA-A1-A0SP|TCGA-A2-A04P|TCGA-A2-A04Q|TCGA-A2-A04T,0.11146741893560079,0.10557027342200342,0.10101429419035475
GCN,11,stroma,0,TCGA-A1-A0SK,TCGA-A1-A0SP|TCGA-A2-A04P|TCGA-A2-A04Q|TCGA-A2-A04T|TCGA-A2-A0CM,0.08749728014846542,0.028638559760889998,0.036240552967178735
GCN,11,stroma,1,TCGA-A1-A0SK,TCGA-A1-A0SP|TCGA-A2-A04P|TCGA-A2-A04Q|TCGA-A2-A04T|TCGA-A2-A0CM,0.06764064879119083,0.03731377825781043,0.036240552967178735
GCN,11,stroma,2,TCGA-A1-A0SK,TCGA-A1-A0SP|TCGA-A2-A04P|TCGA-A2-A04Q|TCGA-A2-A04T|TCGA-A2-A0CM,0.05467760616276315,0.7246562566035588,0.036240552967178735
GCN,11,stroma,0,TCGA-A1-A0SP,TCGA-A1-A0SK|TCGA-A2-A04P|TCGA-A2-A04Q|TCGA-A2-A04T|TCGA-A2-A0CM,0.18738358711685543,0.35898045641341453,0.13210868703542383
GCN,11,stroma,1,TCGA-A1-A0SP,TCGA-A1-A0SK|TCGA-A2-A04P|TCGA-A2-A04Q|TCGA-A2-A04T|TCGA-A2-A0CM,0.14345123347560762,0.16308509850279962,0.13210868703542383
GCN,11,stroma,2,TCGA-A1-A0SP,TCGA-A1-A0SK|TCGA-A2-A04P|TCGA-A2-A04Q|TCGA-A2-A04T|TCGA-A2-A0CM,0.19008953576601287,0.16306593530415736,0.13210868703542383
GCN,11,stroma,0,TCGA-A2-A04P,TCGA-A1-A0SK|TCGA-A1-A0SP|TCGA-A2-A04Q|TCGA-A2-A04T|TCGA-A2-A0CM,0.12425427365083988,0.14875409624656177,0.1343552139153723
GCN,11,stroma,1,TCGA-A2-A04P,TCGA-A1-A0SK|TCGA-A1-A0SP|TCGA-A2-A04Q|TCGA-A2-A04T|TCGA-A2-A0CM,0.1504519824433177,0.15539672033992272,0.1343552139153723
GCN,11,stroma,2,TCGA-A2-A04P,TCGA-A1-A0SK|TCGA-A1-A0SP|TCGA-A2-A04Q|TCGA-A2-A04T|TCGA-A2-A0CM,0.16420876906570928,0.1626703816113431,0.1343552139153723
GCN,11,stroma,0,TCGA-A2-A04Q,TCGA-A1-A0SK|TCGA-A1-A0SP|TCGA-A2-A04P|TCGA-A2-A04T|TCGA-A2-A0CM,0.0304609314183413,0.09297829026904783,0.05419222413488914
GCN,11,stroma,1,TCGA-A2-A04Q,TCGA-A1-A0SK|TCGA-A1-A0SP|TCGA-A2-A04P|TCGA-A2-A04T|TCGA-A2-A0CM,0.06812858270927971,0.1064735795969111,0.05419222413488914
GCN,11,stroma,2,TCGA-A2-A04Q,TCGA-A1-A0SK|TCGA-A1-A0SP|TCGA-A2-A04P|TCGA-A2-A04T|TCGA-A2-A0CM,0.07975067889651014,0.09782741689886848,0.05419222413488914
GCN,11,stroma,0,TCGA-A2-A04T,TCGA-A1-A0SK|TCGA-A1-A0SP|TCGA-A2-A04P|TCGA-A2-A04Q|TCGA-A2-A0CM,0.06433852571211401,0.0575746473712064,0.05807617675859528
GCN,11,stroma,1,TCGA-A2-A04T,TCGA-A1-A0SK|TCGA-A1-A0SP|TCGA-A2-A04P|TCGA-A2-A04Q|TCGA-A2-A0CM,0.054989960176381913,0.06055089438883457,0.05807617675859528
GCN,11,stroma,2,TCGA-A2-A04T,TCGA-A1-A0SK|TCGA-A1-A0SP|TCGA-A2-A04P|TCGA-A2-A04Q|TCGA-A2-A0CM,0.06381443011113876,0.061778972436125124,0.05807617675859528
GCN,11,stroma,0,TCGA-A2-A0CM,TCGA-A1-A0SK|TCGA-A1-A0SP|TCGA-A2-A04P|TCGA-A2-A04Q|TCGA-A2-A04T,0.09391180960580993,0.07988532405182878,0.07509517365036285
GCN,11,stroma,1,TCGA-A2-A0CM,TCGA-A1-A0SK|TCGA-A1-A0SP|TCGA-A2-A04P|TCGA-A2-A04Q|TCGA-A2-A04T,0.08575784728843977,0.08324308183283213,0.07509517365036285
GCN,11,stroma,2,TCGA-A2-A0CM,TCGA-A1-A0SK|TCGA-A1-A0SP|TCGA-A2-A04P|TCGA-A2-A04Q|TCGA-A2-A04T,0.0878748336316389,0.08228827869364302,0.07509517365036285
GCN,11,lymphocytic_infiltrate,0,TCGA-A1-A0SK,TCGA-A1-A0SP|TCGA-A2-A04P|TCGA-A2-A04Q|TCGA-A2-A04T|TCGA-A2-A0CM,0.10856994225805841,0.07250482019601288,0.02804965705300753
GCN,11,lymphocytic_infiltrate,1,TCGA-A1-A0SK,TCGA-A1-A0SP|TCGA-A2-A04P|TCGA-A2-A04Q|TCGA-A2-A04T|TCGA-A2-A0CM,0.032950820853809626,0.01964661518419958,0.02804965705300753
GCN,11,lymphocytic_infiltrate,2,TCGA-A1-A0SK,TCGA-A1-A0SP|TCGA-A2-A04P|TCGA-A2-A04Q|TCGA-A2-A04T|TCGA-A2-A0CM,0.03736386889271853,0.025834644650059402,0.02804965705300753
GCN,11,lymphocytic_infiltrate,0,TCGA-A1-A0SP,TCGA-A1-A0SK|TCGA-A2-A04P|TCGA-A2-A04Q|TCGA-A2-A04T|TCGA-A2-A0CM,0.15002748395423743,0.1321536482095876,0.03371289920742107
GCN,11,lymphocytic_infiltrate,1,TCGA-A1-A0SP,TCGA-A1-A0SK|TCGA-A2-A04P|TCGA-A2-A04Q|TCGA-A2-A04T|TCGA-A2-A0CM,0.01857778300622008,0.017546788785766033,0.03371289920742107
GCN,11,lymphocytic_infiltrate,2,TCGA-A1-A0SP,TCGA-A1-A0SK|TCGA-A2-A04P|TCGA-A2-A04Q|TCGA-A2-A04T|TCGA-A2-A0CM,0.01995824989739721,0.021181911687448943,0.03371289920742107
GCN,11,lymphocytic_infiltrate,0,TCGA-A2-A04P,TCGA-A1-A0SK|TCGA-A1-A0SP|TCGA-A2-A04Q|TCGA-A2-A04T|TCGA-A2-A0CM,0.07641041421643308,0.07112698285899322,0.042042623833166426
GCN,11,lymphocytic_infiltrate,1,TCGA-A2-A04P,TCGA-A1-A0SK|TCGA-A1-A0SP|TCGA-A2-A04Q|TCGA-A2-A04T|TCGA-A2-A0CM,0.09515708665789196,0.09834577371736815,0.042042623833166426
GCN,11,lymphocytic_infiltrate,2,TCGA-A2-A04P,TCGA-A1-A0SK|TCGA-A1-A0SP|TCGA-A2-A04Q|TCGA-A2-A04T|TCGA-A2-A0CM,0.0907743759052149,0.09123575625082873,0.042042623833166426
GCN,11,lymphocytic_infiltrate,0,TCGA-A2-A04Q,TCGA-A1-A0SK|TCGA-A1-A0SP|TCGA-A2-A04P|TCGA-A2-A04T|TCGA-A2-A0CM,0.3595697690177091,0.44940804530196565,0.4882590158420743
GCN,11,lymphocytic_infiltrate,1,TCGA-A2-A04Q,TCGA-A1-A0SK|TCGA-A1-A0SP|TCGA-A2-A04P|TCGA-A2-A04T|TCGA-A2-A0CM,0.3315705831232502,0.3975234063833516,0.4882590158420743
GCN,11,lymphocytic_infiltrate,2,TCGA-A2-A04Q,TCGA-A1-A0SK|TCGA-A1-A0SP|TCGA-A2-A04P|TCGA-A2-A04T|TCGA-A2-A0CM,0.3819849788275721,0.42603286544188784,0.4882590158420743
GCN,11,lymphocytic_infiltrate,0,TCGA-A2-A04T,TCGA-A1-A0SK|TCGA-A1-A0SP|TCGA-A2-A04P|TCGA-A2-A04Q|TCGA-A2-A0CM,0.022104387048394347,0.00604903273119122,0.02729143654427445
GCN,11,lymphocytic_infiltrate,1,TCGA-A2-A04T,TCGA-A1-A0SK|TCGA-A1-A0SP|TCGA-A2-A04P|TCGA-A2-A04Q|TCGA-A2-A0CM,0.03868700092354448,0.007229913717430476,0.02729143654427445
GCN,11,lymphocytic_infiltrate,2,TCGA-A2-A04T,TCGA-A1-A0SK|TCGA-A1-A0SP|TCGA-A2-A04P|TCGA-A2-A04Q|TCGA-A2-A0CM,0.005001580936662792,0.0039415738235550075,0.02729143654427445
GCN,11,lymphocytic_infiltrate,0,TCGA-A2-A0CM,TCGA-A1-A0SK|TCGA-A1-A0SP|TCGA-A2-A04P|TCGA-A2-A04Q|TCGA-A2-A04T,0.03628565238264582,0.022717895485499448,0.027979303513494418
GCN,11,lymphocytic_infiltrate,1,TCGA-A2-A0CM,TCGA-A1-A0SK|TCGA-A1-A0SP|TCGA-A2-A04P|TCGA-A2-A04Q|TCGA-A2-A04T,0.00990739416374193,0.009583924951718073,0.027979303513494418
GCN,11,lymphocytic_infiltrate,2,TCGA-A2-A0CM,TCGA-A1-A0SK|TCGA-A1-A0SP|TCGA-A2-A04P|TCGA-A2-A04Q|TCGA-A2-A04T,0.016197484287679684,0.027879854614690766,0.027979303513494418
GCN,23,tumor,0,TCGA-A1-A0SK,TCGA-A1-A0SP|TCGA-A2-A04P|TCGA-A2-A04Q|TCGA-A2-A04T|TCGA-A2-A0CM,0.018526803636045138,0.04401293649923074,0.09725998586063433
GCN,23,tumor,1,TCGA-A1-A0SK,TCGA-A1-A0SP|TCGA-A2-A04P|TCGA-A2-A04Q|TCGA-A2-A04T|TCGA-A2-A0CM,0.09076987005800985,0.11645564263463255,0.09725998586063433
GCN,23,tumor,2,TCGA-A1-A0SK,TCGA-A1-A0SP|TCGA-A2-A04P|TCGA-A2-A04Q|TCGA-A2-A04T|TCGA-A2-A0CM,0.060042349067276235,0.1097886687482286,0.09725998586063433
GCN,23,tumor,0,TCGA-A1-A0SP,TCGA-A1-A0SK|TCGA-A2-A04P|TCGA-A2-A04Q|TCGA-A2-A04T|TCGA-A2-A0CM,0.3754067132435744,0.14784886282887183,0.15982872583559835
GCN,23,tumor,1,TCGA-A1-A0SP,TCGA-A1-A0SK|TCGA-A2-A04P|TCGA-A2-A04Q|TCGA-A2-A04T|TCGA-A2-A0CM,0.10209175806083201,0.18235868879834186,0.15982872583559835
GCN,23,tumor,2,TCGA-A1-A0SP,TCGA-A1-A0SK|TCGA-A2-A04P|TCGA-A2-A04Q|TCGA-A2-A04T|TCGA-A2-A0CM,0.14477448393332845,0.1871254364832955,0.15982872583559835
GCN,23,tumor,0,TCGA-A2-A04P,TCGA-A1-A0SK|TCGA-A1-A0SP|TCGA-A2-A04Q|TCGA-A2-A04T|TCGA-A2-A0CM,0.08070879476184403,0.10413392617786638,0.11802829001032702
GCN,23,tumor,1,TCGA-A2-A04P,TCGA-A1-A0SK|TCGA-A1-A0SP|TCGA-A2-A04Q|TCGA-A2-A04T|TCGA-A2-A0CM,0.11201705734133718,0.10622815007640056,0.11802829001032702
GCN,23,tumor,2,TCGA-A2-A04P,TCGA-A1-A0SK|TCGA-A1-A0SP|TCGA-A2-A04Q|TCGA-A2-A04T|TCGA-A2-A0CM,0.12242036311803514,0.11123475194815374,0.11802829001032702
GCN,23,tumor,0,TCGA-A2-A04Q,TCGA-A1-A0SK|TCGA-A1-A0SP|TCGA-A2-A04P|TCGA-A2-A04T|TCGA-A2-A0CM,0.071812076661122,0.13710679611918047,0.19809875512854108
GCN,23,tumor,1,TCGA-A2-A04Q,TCGA-A1-A0SK|TCGA-A1-A0SP|TCGA-A2-A04P|TCGA-A2-A04T|TCGA-A2-A0CM,0.11166308260989527,0.14062012569299703,0.19809875512854108
GCN,23,tumor,2,TCGA-A2-A04Q,TCGA-A1-A0SK|TCGA-A1-A0SP|TCGA-A2-A04P|TCGA-A2-A04T|TCGA-A2-A0CM,0.15066519787834307,0.158341432204459,0.19809875512854108
GCN,23,tumor,0,TCGA-A2-A04T,TCGA-A1-A0SK|TCGA-A1-A0SP|TCGA-A2-A04P|TCGA-A2-A04Q|TCGA-A2-A0CM,0.059648761962046354,0.12858929753702433,0.1309861045051193
GCN,23,tumor,1,TCGA-A2-A04T,TCGA-A1-A0SK|TCGA-A1-A0SP|TCGA-A2-A04P|TCGA-A2-A04Q|TCGA-A2-A0CM,0.10871601659917494,0.11533856195284181,0.1309861045051193
GCN,23,tumor,2,TCGA-A2-A04T,TCGA-A1-A0SK|TCGA-A1-A0SP|TCGA-A2-A04P|TCGA-A2-A04Q|TCGA-A2-A0CM,0.13589042972224935,0.120334321334141,0.1309861045051193
GCN,23,tumor,0,TCGA-A2-A0CM,TCGA-A1-A0SK|TCGA-A1-A0SP|TCGA-A2-A04P|TCGA-A2-A04Q|TCGA-A2-A04T,0.1077363715931949,0.16181047471494409,0.10101429419035475
GCN,23,tumor,1,TCGA-A2-A0CM,TCGA-A1-A0SK|TCGA-A1-A0SP|TCGA-A2-A04P|TCGA-A2-A04Q|TCGA-A2-A04T,0.2228252937975361,0.1940643511427193,0.10101429419035475
GCN,23,tumor,2,TCGA-A2-A0CM,TCGA-A1-A0SK|TCGA-A1-A0SP|TCGA-A2-A04P|TCGA-A2-A04Q|TCGA-A2-A04T,0.1279043095689104,0.12483688476364364,0.10101429419035475
GCN,23,stroma,0,TCGA-A1-A0SK,TCGA-A1-A0SP|TCGA-A2-A04P|TCGA-A2-A04Q|TCGA-A2-A04T|TCGA-A2-A0CM,0.08749728014846542,0.03837702230114427,0.036240552967178735
GCN,23,stroma,1,TCGA-A1-A0SK,TCGA-A1-A0SP|TCGA-A2-A04P|TCGA-A2-A04Q|TCGA-A2-A04T|TCGA-A2-A0CM,0.04075637647747493,0.03170235537438072,0.036240552967178735
GCN,23,stroma,2,TCGA-A1-A0SK,TCGA-A1-A0SP|TCGA-A2-A04P|TCGA-A2-A04Q|TCGA-A2-A04T|TCGA-A2-A0CM,0.04266363020826843,0.0314375457922452,0.036240552967178735
GCN,23,stroma,0,TCGA-A1-A0SP,TCGA-A1-A0SK|TCGA-A2-A04P|TCGA-A2-A04Q|TCGA-A2-A04T|TCGA-A2-A0CM,0.18738358711685543,0.21472949593908466,0.13210868703542383
GCN,23,stroma,1,TCGA-A1-A0SP,TCGA-A1-A0SK|TCGA-A2-A04P|TCGA-A2-A04Q|TCGA-A2-A04T|TCGA-A2-A0CM,0.1683975769537136,0.13396992512022673,0.13210868703542383
GCN,23,stroma,2,TCGA-A1-A0SP,TCGA-A1-A0SK|TCGA-A2-A04P|TCGA-A2-A04Q|TCGA-A2-A04T|TCGA-A2-A0CM,0.1446270062939744,0.1340666548944682,0.13210868703542383
GCN,23,stroma,0,TCGA-A2-A04P,TCGA-A1-A0SK|TCGA-A1-A0SP|TCGA-A2-A04Q|TCGA-A2-A04T|TCGA-A2-A0CM,0.12425427365083988,0.13530397270385638,0.1343552139153723
GCN,23,stroma,1,TCGA-A2-A04P,TCGA-A1-A0SK|TCGA-A1-A0SP|TCGA-A2-A04Q|TCGA-A2-A04T|TCGA-A2-A0CM,0.158917741321367,0.14818395013758523,0.1343552139153723
GCN,23,stroma,2,TCGA-A2-A04P,TCGA-A1-A0SK|TCGA-A1-A0SP|TCGA-A2-A04Q|TCGA-A2-A04T|TCGA-A2-A0CM,0.16145511534625573,0.14962336815793292,0.1343552139153723
GCN,23,stroma,0,TCGA-A2-A04Q,TCGA-A1-A0SK|TCGA-A1-A0SP|TCGA-A2-A04P|TCGA-A2-A04T|TCGA-A2-A0CM,0.0304609314183413,0.09499320050855854,0.05419222413488914
GCN,23,stroma,1,TCGA-A2-A04Q,TCGA-A1-A0SK|TCGA-A1-A0SP|TCGA-A2-A04P|TCGA-A2-A04T|TCGA-A2-A0CM,0.0409897811566297,0.09994782996456819,0.05419222413488914
GCN,23,stroma,2,TCGA-A2-A04Q,TCGA-A1-A0SK|TCGA-A1-A0SP|TCGA-A2-A04P|TCGA-A2-A04T|TCGA-A2-A0CM,0.03986316325008317,0.07703111691261734,0.05419222413488914
GCN,23,stroma,0,TCGA-A2-A04T,TCGA-A1-A0SK|TCGA-A1-A0SP|TCGA-A2-A04P|TCGA-A2-A04Q|TCGA-A2-A0CM,0.06433852571211401,0.050119231933027364,0.05807617675859528
GCN,23,stroma,1,TCGA-A2-A04T,TCGA-A1-A0SK|TCGA-A1-A0SP|TCGA-A2-A04P|TCGA-A2-A04Q|TCGA-A2-A0CM,0.06032316012436798,0.058828278464721113,0.05807617675859528
GCN,23,stroma,2,TCGA-A2-A04T,TCGA-A1-A0SK|TCGA-A1-A0SP|TCGA-A2-A04P|TCGA-A2-A04Q|TCGA-A2-A0CM,0.06374896413650581,0.05927051379290769,0.05807617675859528
GCN,23,stroma,0,TCGA-A2-A0CM,TCGA-A1-A0SK|TCGA-A1-A0SP|TCGA-A2-A04P|TCGA-A2-A04Q|TCGA-A2-A04T,0.09391180960580993,0.06859746712348117,0.07509517365036285
GCN,23,stroma,1,TCGA-A2-A0CM,TCGA-A1-A0SK|TCGA-A1-A0SP|TCGA-A2-A04P|TCGA-A2-A04Q|TCGA-A2-A04T,0.1512105698913045,0.09467646352801712,0.07509517365036285
GCN,23,stroma,2,TCGA-A2-A0CM,TCGA-A1-A0SK|TCGA-A1-A0SP|TCGA-A2-A04P|TCGA-A2-A04Q|TCGA-A2-A04T,0.09178257008694965,0.0832448333071674,0.07509517365036285
GCN,23,lymphocytic_infiltrate,0,TCGA-A1-A0SK,TCGA-A1-A0SP|TCGA-A2-A04P|TCGA-A2-A04Q|TCGA-A2-A04T|TCGA-A2-A0CM,0.10856994225805841,0.0807075926621387,0.02804965705300753
GCN,23,lymphocytic_infiltrate,1,TCGA-A1-A0SK,TCGA-A1-A0SP|TCGA-A2-A04P|TCGA-A2-A04Q|TCGA-A2-A04T|TCGA-A2-A0CM,0.021028590145610537,0.01216483463137616,0.02804965705300753
GCN,23,lymphocytic_infiltrate,2,TCGA-A1-A0SK,TCGA-A1-A0SP|TCGA-A2-A04P|TCGA-A2-A04Q|TCGA-A2-A04T|TCGA-A2-A0CM,0.01606850396846759,0.011609162655312217,0.02804965705300753
GCN,23,lymphocytic_infiltrate,0,TCGA-A1-A0SP,TCGA-A1-A0SK|TCGA-A2-A04P|TCGA-A2-A04Q|TCGA-A2-A04T|TCGA-A2-A0CM,0.15002748395423743,0.07024863370738042,0.03371289920742107
GCN,23,lymphocytic_infiltrate,1,TCGA-A1-A0SP,TCGA-A1-A0SK|TCGA-A2-A04P|TCGA-A2-A04Q|TCGA-A2-A04T|TCGA-A2-A0CM,0.02786185122277107,0.028358650077385278,0.03371289920742107
GCN,23,lymphocytic_infiltrate,2,TCGA-A1-A0SP,TCGA-A1-A0SK|TCGA-A2-A04P|TCGA-A2-A04Q|TCGA-A2-A04T|TCGA-A2-A0CM,0.04068155041623307,0.041915877656209716,0.03371289920742107
GCN,23,lymphocytic_infiltrate,0,TCGA-A2-A04P,TCGA-A1-A0SK|TCGA-A1-A0SP|TCGA-A2-A04Q|TCGA-A2-A04T|TCGA-A2-A0CM,0.07641041421643308,0.06892162787881259,0.042042623833166426
GCN,23,lymphocytic_infiltrate,1,TCGA-A2-A04P,TCGA-A1-A0SK|TCGA-A1-A0SP|TCGA-A2-A04Q|TCGA-A2-A04T|TCGA-A2-A0CM,0.10327244848377591,0.10327122058647246,0.042042623833166426
GCN,23,lymphocytic_infiltrate,2,TCGA-A2-A04P,TCGA-A1-A0SK|TCGA-A1-A0SP|TCGA-A2-A04Q|TCGA-A2-A04T|TCGA-A2-A0CM,0.10130504036191906,0.10100592233310751,0.042042623833166426
GCN,23,lymphocytic_infiltrate,0,TCGA-A2-A04Q,TCGA-A1-A0SK|TCGA-A1-A0SP|TCGA-A2-A04P|TCGA-A2-A04T|TCGA-A2-A0CM,0.3595697690177091,0.4421557607037542,0.4882590158420743
GCN,23,lymphocytic_infiltrate,1,TCGA-A2-A04Q,TCGA-A1-A0SK|TCGA-A1-A0SP|TCGA-A2-A04P|TCGA-A2-A04T|TCGA-A2-A0CM,0.3607069403736892,0.4377025383800337,0.4882590158420743
GCN,23,lymphocytic_infiltrate,2,TCGA-A2-A04Q,TCGA-A1-A0SK|TCGA-A1-A0SP|TCGA-A2-A04P|TCGA-A2-A04T|TCGA-A2-A0CM,0.4031522361294662,0.4499825682653909,0.4882590158420743
GCN,23,lymphocytic_infiltrate,0,TCGA-A2-A04T,TCGA-A1-A0SK|TCGA-A1-A0SP|TCGA-A2-A04P|TCGA-A2-A04Q|TCGA-A2-A0CM,0.022104387048394347,0.006055540212597779,0.02729143654427445
GCN,23,lymphocytic_infiltrate,1,TCGA-A2-A04T,TCGA-A1-A0SK|TCGA-A1-A0SP|TCGA-A2-A04P|TCGA-A2-A04Q|TCGA-A2-A0CM,0.006653723732181023,0.0073062659009913425,0.02729143654427445
GCN,23,lymphocytic_infiltrate,2,TCGA-A2-A04T,TCGA-A1-A0SK|TCGA-A1-A0SP|TCGA-A2-A04P|TCGA-A2-A04Q|TCGA-A2-A0CM,0.007226873433079645,0.007178985641667149,0.02729143654427445
GCN,23,lymphocytic_infiltrate,0,TCGA-A2-A0CM,TCGA-A1-A0SK|TCGA-A1-A0SP|TCGA-A2-A04P|TCGA-A2-A04Q|TCGA-A2-A04T,0.03628565238264582,0.025511869569149803,0.027979303513494418
GCN,23,lymphocytic_infiltrate,1,TCGA-A2-A0CM,TCGA-A1-A0SK|TCGA-A1-A0SP|TCGA-A2-A04P|TCGA-A2-A04Q|TCGA-A2-A04T,0.0330818111836676,0.015076687386995368,0.027979303513494418
GCN,23,lymphocytic_infiltrate,2,TCGA-A2-A0CM,TCGA-A1-A0SK|TCGA-A1-A0SP|TCGA-A2-A04P|TCGA-A2-A04Q|TCGA-A2-A04T,0.016254066739509354,0.021181593705033155,0.027979303513494418
GCN,37,tumor,0,TCGA-A1-A0SK,TCGA-A1-A0SP|TCGA-A2-A04P|TCGA-A2-A04Q|TCGA-A2-A04T|TCGA-A2-A0CM,0.018526803636045138,0.07900003690595976,0.09725998586063433
GCN,37,tumor,1,TCGA-A1-A0SK,TCGA-A1-A0SP|TCGA-A2-A04P|TCGA-A2-A04Q|TCGA-A2-A04T|TCGA-A2-A0CM,0.06780845291268447,0.08419497923403593,0.09725998586063433
GCN,37,tumor,2,TCGA-A1-A0SK,TCGA-A1-A0SP|TCGA-A2-A04P|TCGA-A2-A04Q|TCGA-A2-A04T|TCGA-A2-A0CM,0.08897739390152096,0.11255516328580706,0.09725998586063433
GCN,37,tumor,0,TCGA-A1-A0SP,TCGA-A1-A0SK|TCGA-A2-A04P|TCGA-A2-A04Q|TCGA-A2-A04T|TCGA-A2-A0CM,0.3754067132435744,0.17924104370196187,0.15982872583559835
GCN,37,tumor,1,TCGA-A1-A0SP,TCGA-A1-A0SK|TCGA-A2-A04P|TCGA-A2-A04Q|TCGA-A2-A04T|TCGA-A2-A0CM,0.23668493390997336,0.18957894993546293,0.15982872583559835
GCN,37,tumor,2,TCGA-A1-A0SP,TCGA-A1-A0SK|TCGA-A2-A04P|TCGA-A2-A04Q|TCGA-A2-A04T|TCGA-A2-A0CM,0.18175079010777218,0.1813124890566501,0.15982872583559835
GCN,37,tumor,0,TCGA-A2-A04P,TCGA-A1-A0SK|TCGA-A1-A0SP|TCGA-A2-A04Q|TCGA-A2-A04T|TCGA-A2-A0CM,0.08070879476184403,0.12456142591368986,0.11802829001032702
GCN,37,tumor,1,TCGA-A2-A04P,TCGA-A1-A0SK|TCGA-A1-A0SP|TCGA-A2-A04Q|TCGA-A2-A04T|TCGA-A2-A0CM,0.11140696316508626,0.10616965490807564,0.11802829001032702
GCN,37,tumor,2,TCGA-A2-A04P,TCGA-A1-A0SK|TCGA-A1-A0SP|TCGA-A2-A04Q|TCGA-A2-A04T|TCGA-A2-A0CM,0.11206462131165165,0.11471784200878903,0.11802829001032702
GCN,37,tumor,0,TCGA-A2-A04Q,TCGA-A1-A0SK|TCGA-A1-A0SP|TCGA-A2-A04P|TCGA-A2-A04T|TCGA-A2-A0CM,0.071812076661122,0.17517793914657576,0.19809875512854108
GCN,37,tumor,1,TCGA-A2-A04Q,TCGA-A1-A0SK|TCGA-A1-A0SP|TCGA-A2-A04P|TCGA-A2-A04T|TCGA-A2-A0CM,0.1108103477321213,0.13380174418243582,0.19809875512854108
GCN,37,tumor,2,TCGA-A2-A04Q,TCGA-A1-A0SK|TCGA-A1-A0SP|TCGA-A2-A04P|TCGA-A2-A04T|TCGA-A2-A0CM,0.16197663382999064,0.13770624494920447,0.19809875512854108
GCN,37,tumor,0,TCGA-A2-A04T,TCGA-A1-A0SK|TCGA-A1-A0SP|TCGA-A2-A04P|TCGA-A2-A04Q|TCGA-A2-A0CM,0.059648761962046354,0.103032785252085,0.1309861045051193
GCN,37,tumor,1,TCGA-A2-A04T,TCGA-A1-A0SK|TCGA-A1-A0SP|TCGA-A2-A04P|TCGA-A2-A04Q|TCGA-A2-A0CM,0.07335982993080427,0.10108074603153032,0.1309861045051193
GCN,37,tumor,2,TCGA-A2-A04T,TCGA-A1-A0SK|TCGA-A1-A0SP|TCGA-A2-A04P|TCGA-A2-A04Q|TCGA-A2-A0CM,0.09684298460989318,0.10245411783243226,0.1309861045051193
GCN,37,tumor,0,TCGA-A2-A0CM,TCGA-A1-A0SK|TCGA-A1-A0SP|TCGA-A2-A04P|TCGA-A2-A04Q|TCGA-A2-A04T,0.1077363715931949,0.15511314565993362,0.10101429419035475
GCN,37,tumor,1,TCGA-A2-A0CM,TCGA-A1-A0SK|TCGA-A1-A0SP|TCGA-A2-A04P|TCGA-A2-A04Q|TCGA-A2-A04T,0.17026770689148257,0.11782891785509078,0.10101429419035475
GCN,37,tumor,2,TCGA-A2-A0CM,TCGA-A1-A0SK|TCGA-A1-A0SP|TCGA-A2-A04P|TCGA-A2-A04Q|TCGA-A2-A04T,0.1061619215310523,0.14474396534413725,0.10101429419035475
GCN,37,stroma,0,TCGA-A1-A0SK,TCGA-A1-A0SP|TCGA-A2-A04P|TCGA-A2-A04Q|TCGA-A2-A04T|TCGA-A2-A0CM,0.08749728014846542,0.028697813329872555,0.036240552967178735
GCN,37,stroma,1,TCGA-A1-A0SK,TCGA-A1-A0SP|TCGA-A2-A04P|TCGA-A2-A04Q|TCGA-A2-A04T|TCGA-A2-A0CM,0.040230037082644686,0.030791777883502403,0.036240552967178735
GCN,37,stroma,2,TCGA-A1-A0SK,TCGA-A1-A0SP|TCGA-A2-A04P|TCGA-A2-A04Q|TCGA-A2-A04T|TCGA-A2-A0CM,0.07355912534873071,0.03983102647559346,0.036240552967178735
GCN,37,stroma,0,TCGA-A1-A0SP,TCGA-A1-A0SK|TCGA-A2-A04P|TCGA-A2-A04Q|TCGA-A2-A04T|TCGA-A2-A0CM,0.18738358711685543,0.26224618283982715,0.13210868703542383
GCN,37,stroma,1,TCGA-A1-A0SP,TCGA-A1-A0SK|TCGA-A2-A04P|TCGA-A2-A04Q|TCGA-A2-A04T|TCGA-A2-A0CM,0.14694221279400133,0.176133029927864,0.13210868703542383
GCN,37,stroma,2,TCGA-A1-A0SP,TCGA-A1-A0SK|TCGA-A2-A04P|TCGA-A2-A04Q|TCGA-A2-A04T|TCGA-A2-A0CM,0.13049942989865082,0.12893415252813428,0.13210868703542383
GCN,37,stroma,0,TCGA-A2-A04P,TCGA-A1-A0SK|TCGA-A1-A0SP|TCGA-A2-A04Q|TCGA-A2-A04T|TCGA-A2-A0CM,0.12425427365083988,0.15881247204126686,0.1343552139153723
GCN,37,stroma,1,TCGA-A2-A04P,TCGA-A1-A0SK|TCGA-A1-A0SP|TCGA-A2-A04Q|TCGA-A2-A04T|TCGA-A2-A0CM,0.16595694180336532,0.14928783636477874,0.1343552139153723
GCN,37,stroma,2,TCGA-A2-A04P,TCGA-A1-A0SK|TCGA-A1-A0SP|TCGA-A2-A04Q|TCGA-A2-A04T|TCGA-A2-A0CM,0.15087625847520164,0.14746905651199027,0.1343552139153723
GCN,37,stroma,0,TCGA-A2-A04Q,TCGA-A1-A0SK|TCGA-A1-A0SP|TCGA-A2-A04P|TCGA-A2-A04T|TCGA-A2-A0CM,0.0304609314183413,0.09876926008225742,0.05419222413488914
GCN,37,stroma,1,TCGA-A2-A04Q,TCGA-A1-A0SK|TCGA-A1-A0SP|TCGA-A2-A04P|TCGA-A2-A04T|TCGA-A2-A0CM,0.07519278937115034,0.12652266094541045,0.05419222413488914
GCN,37,stroma,2,TCGA-A2-A04Q,TCGA-A1-A0SK|TCGA-A1-A0SP|TCGA-A2-A04P|TCGA-A2-A04T|TCGA-A2-A0CM,0.06385458935284688,0.09828872937654079,0.05419222413488914
GCN,37,stroma,0,TCGA-A2-A04T,TCGA-A1-A0SK|TCGA-A1-A0SP|TCGA-A2-A04P|TCGA-A2-A04Q|TCGA-A2-A0CM,0.06433852571211401,0.05298360300411388,0.05807617675859528
GCN,37,stroma,1,TCGA-A2-A04T,TCGA-A1-A0SK|TCGA-A1-A0SP|TCGA-A2-A04P|TCGA-A2-A04Q|TCGA-A2-A0CM,0.06526158272437851,0.05966576309157565,0.05807617675859528
GCN,37,stroma,2,TCGA-A2-A04T,TCGA-A1-A0SK|TCGA-A1-A0SP|TCGA-A2-A04P|TCGA-A2-A04Q|TCGA-A2-A0CM,0.06649374876373189,0.05983172245816942,0.05807617675859528
GCN,37,stroma,0,TCGA-A2-A0CM,TCGA-A1-A0SK|TCGA-A1-A0SP|TCGA-A2-A04P|TCGA-A2-A04Q|TCGA-A2-A04T,0.09391180960580993,0.07906871952662997,0.07509517365036285
GCN,37,stroma,1,TCGA-A2-A0CM,TCGA-A1-A0SK|TCGA-A1-A0SP|TCGA-A2-A04P|TCGA-A2-A04Q|TCGA-A2-A04T,0.08298913124995891,0.08898191084505273,0.07509517365036285
GCN,37,stroma,2,TCGA-A2-A0CM,TCGA-A1-A0SK|TCGA-A1-A0SP|TCGA-A2-A04P|TCGA-A2-A04Q|TCGA-A2-A04T,0.06926705102506137,0.07108557782291944,0.07509517365036285
GCN,37,lymphocytic_infiltrate,0,TCGA-A1-A0SK,TCGA-A1-A0SP|TCGA-A2-A04P|TCGA-A2-A04Q|TCGA-A2-A04T|TCGA-A2-A0CM,0.10856994225805841,0.06300182743529628,0.02804965705300753
GCN,37,lymphocytic_infiltrate,1,TCGA-A1-A0SK,TCGA-A1-A0SP|TCGA-A2-A04P|TCGA-A2-A04Q|TCGA-A2-A04T|TCGA-A2-A0CM,0.03532492944450244,0.027932421633983736,0.02804965705300753
GCN,37,lymphocytic_infiltrate,2,TCGA-A1-A0SK,TCGA-A1-A0SP|TCGA-A2-A04P|TCGA-A2-A04Q|TCGA-A2-A04T|TCGA-A2-A0CM,0.04088207460568261,0.024217169272299763,0.02804965705300753
GCN,37,lymphocytic_infiltrate,0,TCGA-A1-A0SP,TCGA-A1-A0SK|TCGA-A2-A04P|TCGA-A2-A04Q|TCGA-A2-A04T|TCGA-A2-A0CM,0.15002748395423743,0.08645513656381482,0.03371289920742107
GCN,37,lymphocytic_infiltrate,1,TCGA-A1-A0SP,TCGA-A1-A0SK|TCGA-A2-A04P|TCGA-A2-A04Q|TCGA-A2-A04T|TCGA-A2-A0CM,0.015478531555982424,0.017249551888987233,0.03371289920742107
GCN,37,lymphocytic_infiltrate,2,TCGA-A1-A0SP,TCGA-A1-A0SK|TCGA-A2-A04P|TCGA-A2-A04Q|TCGA-A2-A04T|TCGA-A2-A0CM,0.032935924900685525,0.032007862683002396,0.03371289920742107
GCN,37,lymphocytic_infiltrate,0,TCGA-A2-A04P,TCGA-A1-A0SK|TCGA-A1-A0SP|TCGA-A2-A04Q|TCGA-A2-A04T|TCGA-A2-A0CM,0.07641041421643308,0.0732556187214121,0.042042623833166426
GCN,37,lymphocytic_infiltrate,1,TCGA-A2-A04P,TCGA-A1-A0SK|TCGA-A1-A0SP|TCGA-A2-A04Q|TCGA-A2-A04T|TCGA-A2-A0CM,0.08872453427018367,0.08675880981794233,0.042042623833166426
GCN,37,lymphocytic_infiltrate,2,TCGA-A2-A04P,TCGA-A1-A0SK|TCGA-A1-A0SP|TCGA-A2-A04Q|TCGA-A2-A04T|TCGA-A2-A0CM,0.11614259691986895,0.12068122681693029,0.042042623833166426
GCN,37,lymphocytic_infiltrate,0,TCGA-A2-A04Q,TCGA-A1-A0SK|TCGA-A1-A0SP|TCGA-A2-A04P|TCGA-A2-A04T|TCGA-A2-A0CM,0.3595697690177091,0.42467046834719013,0.4882590158420743
GCN,37,lymphocytic_infiltrate,1,TCGA-A2-A04Q,TCGA-A1-A0SK|TCGA-A1-A0SP|TCGA-A2-A04P|TCGA-A2-A04T|TCGA-A2-A0CM,0.33103818351007064,0.3960247377042466,0.4882590158420743
GCN,37,lymphocytic_infiltrate,2,TCGA-A2-A04Q,TCGA-A1-A0SK|TCGA-A1-A0SP|TCGA-A2-A04P|TCGA-A2-A04T|TCGA-A2-A0CM,0.39573811486410704,0.43255743120249757,0.4882590158420743
GCN,37,lymphocytic_infiltrate,0,TCGA-A2-A04T,TCGA-A1-A0SK|TCGA-A1-A0SP|TCGA-A2-A04P|TCGA-A2-A04Q|TCGA-A2-A0CM,0.022104387048394347,0.0056385514125358764,0.02729143654427445
GCN,37,lymphocytic_infiltrate,1,TCGA-A2-A04T,TCGA-A1-A0SK|TCGA-A1-A0SP|TCGA-A2-A04P|TCGA-A2-A04Q|TCGA-A2-A0CM,0.018362654638044238,0.0131389532968711,0.02729143654427445
GCN,37,lymphocytic_infiltrate,2,TCGA-A2-A04T,TCGA-A1-A0SK|TCGA-A1-A0SP|TCGA-A2-A04P|TCGA-A2-A04Q|TCGA-A2-A0CM,0.00591192344759662,0.004976838654456057,0.02729143654427445
GCN,37,lymphocytic_infiltrate,0,TCGA-A2-A0CM,TCGA-A1-A0SK|TCGA-A1-A0SP|TCGA-A2-A04P|TCGA-A2-A04Q|TCGA-A2-A04T,0.03628565238264582,0.025848139758181045,0.027979303513494418
GCN,37,lymphocytic_infiltrate,1,TCGA-A2-A0CM,TCGA-A1-A0SK|TCGA-A1-A0SP|TCGA-A2-A04P|TCGA-A2-A04Q|TCGA-A2-A04T,0.010400614869150854,0.011294875975808642,0.027979303513494418
GCN,37,lymphocytic_infiltrate,2,TCGA-A2-A0CM,TCGA-A1-A0SK|TCGA-A1-A0SP|TCGA-A2-A04P|TCGA-A2-A04Q|TCGA-A2-A04T,0.05937904872286456,0.08237880731046034,0.027979303513494418
GCN,53,tumor,0,TCGA-A1-A0SK,TCGA-A1-A0SP|TCGA-A2-A04P|TCGA-A2-A04Q|TCGA-A2-A04T|TCGA-A2-A0CM,0.018526803636045138,0.07236964362130073,0.09725998586063433
GCN,53,tumor,1,TCGA-A1-A0SK,TCGA-A1-A0SP|TCGA-A2-A04P|TCGA-A2-A04Q|TCGA-A2-A04T|TCGA-A2-A0CM,0.07218535719209343,0.09407333634320383,0.09725998586063433
GCN,53,tumor,2,TCGA-A1-A0SK,TCGA-A1-A0SP|TCGA-A2-A04P|TCGA-A2-A04Q|TCGA-A2-A04T|TCGA-A2-A0CM,0.06846303992779783,0.09077953988981474,0.09725998586063433
GCN,53,tumor,0,TCGA-A1-A0SP,TCGA-A1-A0SK|TCGA-A2-A04P|TCGA-A2-A04Q|TCGA-A2-A04T|TCGA-A2-A0CM,0.3754067132435744,0.16650383159407373,0.15982872583559835
GCN,53,tumor,1,TCGA-A1-A0SP,TCGA-A1-A0SK|TCGA-A2-A04P|TCGA-A2-A04Q|TCGA-A2-A04T|TCGA-A2-A0CM,0.29179167472056156,0.1633306294957616,0.15982872583559835
GCN,53,tumor,2,TCGA-A1-A0SP,TCGA-A1-A0SK|TCGA-A2-A04P|TCGA-A2-A04Q|TCGA-A2-A04T|TCGA-A2-A0CM,0.17537723272910452,0.18456667947938693,0.15982872583559835
GCN,53,tumor,0,TCGA-A2-A04P,TCGA-A1-A0SK|TCGA-A1-A0SP|TCGA-A2-A04Q|TCGA-A2-A04T|TCGA-A2-A0CM,0.08070879476184403,0.11994208722427882,0.11802829001032702
GCN,53,tumor,1,TCGA-A2-A04P,TCGA-A1-A0SK|TCGA-A1-A0SP|TCGA-A2-A04Q|TCGA-A2-A04T|TCGA-A2-A0CM,0.10091692226102801,0.1052217546987732,0.11802829001032702
GCN,53,tumor,2,TCGA-A2-A04P,TCGA-A1-A0SK|TCGA-A1-A0SP|TCGA-A2-A04Q|TCGA-A2-A04T|TCGA-A2-A0CM,0.12490159727367336,0.11298636558468243,0.11802829001032702
GCN,53,tumor,0,TCGA-A2-A04Q,TCGA-A1-A0SK|TCGA-A1-A0SP|TCGA-A2-A04P|TCGA-A2-A04T|TCGA-A2-A0CM,0.071812076661122,0.14369478256208412,0.19809875512854108
GCN,53,tumor,1,TCGA-A2-A04Q,TCGA-A1-A0SK|TCGA-A1-A0SP|TCGA-A2-A04P|TCGA-A2-A04T|TCGA-A2-A0CM,0.10073428185765074,0.12697915034129598,0.19809875512854108
GCN,53,tumor,2,TCGA-A2-A04Q,TCGA-A1-A0SK|TCGA-A1-A0SP|TCGA-A2-A04P|TCGA-A2-A04T|TCGA-A2-A0CM,0.17586270939638668,0.15683614751735003,0.19809875512854108
GCN,53,tumor,0,TCGA-A2-A04T,TCGA-A1-A0SK|TCGA-A1-A0SP|TCGA-A2-A04P|TCGA-A2-A04Q|TCGA-A2-A0CM,0.059648761962046354,0.10131878867320056,0.1309861045051193
GCN,53,tumor,1,TCGA-A2-A04T,TCGA-A1-A0SK|TCGA-A1-A0SP|TCGA-A2-A04P|TCGA-A2-A04Q|TCGA-A2-A0CM,0.06548493777786192,0.09609755488332743,0.1309861045051193
GCN,53,tumor,2,TCGA-A2-A04T,TCGA-A1-A0SK|TCGA-A1-A0SP|TCGA-A2-A04P|TCGA-A2-A04Q|TCGA-A2-A0CM,0.1481838499684425,0.1062717595518481,0.1309861045051193
GCN,53,tumor,0,TCGA-A2-A0CM,TCGA-A1-A0SK|TCGA-A1-A0SP|TCGA-A2-A04P|TCGA-A2-A04Q|TCGA-A2-A04T,0.1077363715931949,0.10311398105108566,0.10101429419035475
GCN,53,tumor,1,TCGA-A2-A0CM,TCGA-A1-A0SK|TCGA-A1-A0SP|TCGA-A2-A04P|TCGA-A2-A04Q|TCGA-A2-A04T,0.1502850162068252,0.11633123788981006,0.10101429419035475
GCN,53,tumor,2,TCGA-A2-A0CM,TCGA-A1-A0SK|TCGA-A1-A0SP|TCGA-A2-A04P|TCGA-A2-A04Q|TCGA-A2-A04T,0.14521871634589195,0.1583592158698051,0.10101429419035475
GCN,53,stroma,0,TCGA-A1-A0SK,TCGA-A1-A0SP|TCGA-A2-A04P|TCGA-A2-A04Q|TCGA-A2-A04T|TCGA-A2-A0CM,0.08749728014846542,0.03565998305732268,0.036240552967178735
GCN,53,stroma,1,TCGA-A1-A0SK,TCGA-A1-A0SP|TCGA-A2-A04P|TCGA-A2-A04Q|TCGA-A2-A04T|TCGA-A2-A0CM,0.05772095681101565,0.04406658310100621,0.036240552967178735
GCN,53,stroma,2,TCGA-A1-A0SK,TCGA-A1-A0SP|TCGA-A2-A04P|TCGA-A2-A04Q|TCGA-A2-A04T|TCGA-A2-A0CM,0.12713061957018765,0.039141438611667606,0.036240552967178735
GCN,53,stroma,0,TCGA-A1-A0SP,TCGA-A1-A0SK|TCGA-A2-A04P|TCGA-A2-A04Q|TCGA-A2-A04T|TCGA-A2-A0CM,0.18738358711685543,0.2884660034486285,0.13210868703542383
GCN,53,stroma,1,TCGA-A1-A0SP,TCGA-A1-A0SK|TCGA-A2-A04P|TCGA-A2-A04Q|TCGA-A2-A04T|TCGA-A2-A0CM,0.13063609527142492,0.20835771052675878,0.13210868703542383
GCN,53,stroma,2,TCGA-A1-A0SP,TCGA-A1-A0SK|TCGA-A2-A04P|TCGA-A2-A04Q|TCGA-A2-A04T|TCGA-A2-A0CM,0.15039654505923833,0.1313490844466119,0.13210868703542383
GCN,53,stroma,0,TCGA-A2-A04P,TCGA-A1-A0SK|TCGA-A1-A0SP|TCGA-A2-A04Q|TCGA-A2-A04T|TCGA-A2-A0CM,0.12425427365083988,0.16954450052066244,0.1343552139153723
GCN,53,stroma,1,TCGA-A2-A04P,TCGA-A1-A0SK|TCGA-A1-A0SP|TCGA-A2-A04Q|TCGA-A2-A04T|TCGA-A2-A0CM,0.15241206555821102,0.1512057649138397,0.1343552139153723
GCN,53,stroma,2,TCGA-A2-A04P,TCGA-A1-A0SK|TCGA-A1-A0SP|TCGA-A2-A04Q|TCGA-A2-A04T|TCGA-A2-A0CM,0.15406219291246134,0.1470320503902252,0.1343552139153723
GCN,53,stroma,0,TCGA-A2-A04Q,TCGA-A1-A0SK|TCGA-A1-A0SP|TCGA-A2-A04P|TCGA-A2-A04T|TCGA-A2-A0CM,0.0304609314183413,0.0879090188251332,0.05419222413488914
GCN,53,stroma,1,TCGA-A2-A04Q,TCGA-A1-A0SK|TCGA-A1-A0SP|TCGA-A2-A04P|TCGA-A2-A04T|TCGA-A2-A0CM,0.056190359873584644,0.12202706366110959,0.05419222413488914
GCN,53,stroma,2,TCGA-A2-A04Q,TCGA-A1-A0SK|TCGA-A1-A0SP|TCGA-A2-A04P|TCGA-A2-A04T|TCGA-A2-A0CM,0.03907033069910608,0.09201402666353656,0.05419222413488914
GCN,53,stroma,0,TCGA-A2-A04T,TCGA-A1-A0SK|TCGA-A1-A0SP|TCGA-A2-A04P|TCGA-A2-A04Q|TCGA-A2-A0CM,0.06433852571211401,0.06879433376994376,0.05807617675859528
GCN,53,stroma,1,TCGA-A2-A04T,TCGA-A1-A0SK|TCGA-A1-A0SP|TCGA-A2-A04P|TCGA-A2-A04Q|TCGA-A2-A0CM,0.051470383180469,0.06345336447161076,0.05807617675859528
GCN,53,stroma,2,TCGA-A2-A04T,TCGA-A1-A0SK|TCGA-A1-A0SP|TCGA-A2-A04P|TCGA-A2-A04Q|TCGA-A2-A0CM,0.06810459773417132,0.062198847875127236,0.05807617675859528
GCN,53,stroma,0,TCGA-A2-A0CM,TCGA-A1-A0SK|TCGA-A1-A0SP|TCGA-A2-A04P|TCGA-A2-A04Q|TCGA-A2-A04T,0.09391180960580993,0.07975333031645382,0.07509517365036285
GCN,53,stroma,1,TCGA-A2-A0CM,TCGA-A1-A0SK|TCGA-A1-A0SP|TCGA-A2-A04P|TCGA-A2-A04Q|TCGA-A2-A04T,0.08513133340547614,0.10530068943712036,0.07509517365036285
GCN,53,stroma,2,TCGA-A2-A0CM,TCGA-A1-A0SK|TCGA-A1-A0SP|TCGA-A2-A04P|TCGA-A2-A04Q|TCGA-A2-A04T,0.13939572057948213,0.1146881004924096,0.07509517365036285
GCN,53,lymphocytic_infiltrate,0,TCGA-A1-A0SK,TCGA-A1-A0SP|TCGA-A2-A04P|TCGA-A2-A04Q|TCGA-A2-A04T|TCGA-A2-A0CM,0.10856994225805841,0.07108881223397484,0.02804965705300753
GCN,53,lymphocytic_infiltrate,1,TCGA-A1-A0SK,TCGA-A1-A0SP|TCGA-A2-A04P|TCGA-A2-A04Q|TCGA-A2-A04T|TCGA-A2-A0CM,0.04496387032781383,0.026118966289572,0.02804965705300753
GCN,53,lymphocytic_infiltrate,2,TCGA-A1-A0SK,TCGA-A1-A0SP|TCGA-A2-A04P|TCGA-A2-A04Q|TCGA-A2-A04T|TCGA-A2-A0CM,0.03603878017713222,0.0274985096210185,0.02804965705300753
GCN,53,lymphocytic_infiltrate,0,TCGA-A1-A0SP,TCGA-A1-A0SK|TCGA-A2-A04P|TCGA-A2-A04Q|TCGA-A2-A04T|TCGA-A2-A0CM,0.15002748395423743,0.0769734579545209,0.03371289920742107
GCN,53,lymphocytic_infiltrate,1,TCGA-A1-A0SP,TCGA-A1-A0SK|TCGA-A2-A04P|TCGA-A2-A04Q|TCGA-A2-A04T|TCGA-A2-A0CM,0.015595101907536041,0.017169382055325665,0.03371289920742107
GCN,53,lymphocytic_infiltrate,2,TCGA-A1-A0SP,TCGA-A1-A0SK|TCGA-A2-A04P|TCGA-A2-A04Q|TCGA-A2-A04T|TCGA-A2-A0CM,0.031505566270178934,0.03419991979352628,0.03371289920742107
GCN,53,lymphocytic_infiltrate,0,TCGA-A2-A04P,TCGA-A1-A0SK|TCGA-A1-A0SP|TCGA-A2-A04Q|TCGA-A2-A04T|TCGA-A2-A0CM,0.07641041421643308,0.06904957777189172,0.042042623833166426
GCN,53,lymphocytic_infiltrate,1,TCGA-A2-A04P,TCGA-A1-A0SK|TCGA-A1-A0SP|TCGA-A2-A04Q|TCGA-A2-A04T|TCGA-A2-A0CM,0.08656039456822448,0.08027933675146776,0.042042623833166426
GCN,53,lymphocytic_infiltrate,2,TCGA-A2-A04P,TCGA-A1-A0SK|TCGA-A1-A0SP|TCGA-A2-A04Q|TCGA-A2-A04T|TCGA-A2-A0CM,0.11903945983073541,0.11248765529769968,0.042042623833166426
GCN,53,lymphocytic_infiltrate,0,TCGA-A2-A04Q,TCGA-A1-A0SK|TCGA-A1-A0SP|TCGA-A2-A04P|TCGA-A2-A04T|TCGA-A2-A0CM,0.3595697690177091,0.44738985109666896,0.4882590158420743
GCN,53,lymphocytic_infiltrate,1,TCGA-A2-A04Q,TCGA-A1-A0SK|TCGA-A1-A0SP|TCGA-A2-A04P|TCGA-A2-A04T|TCGA-A2-A0CM,0.3367551647908146,0.4064936444123525,0.4882590158420743
GCN,53,lymphocytic_infiltrate,2,TCGA-A2-A04Q,TCGA-A1-A0SK|TCGA-A1-A0SP|TCGA-A2-A04P|TCGA-A2-A04T|TCGA-A2-A0CM,0.40638790141871073,0.4363087564078951,0.4882590158420743
GCN,53,lymphocytic_infiltrate,0,TCGA-A2-A04T,TCGA-A1-A0SK|TCGA-A1-A0SP|TCGA-A2-A04P|TCGA-A2-A04Q|TCGA-A2-A0CM,0.022104387048394347,0.005558460640506075,0.02729143654427445
GCN,53,lymphocytic_infiltrate,1,TCGA-A2-A04T,TCGA-A1-A0SK|TCGA-A1-A0SP|TCGA-A2-A04P|TCGA-A2-A04Q|TCGA-A2-A0CM,0.03152506854468491,0.010894391029639367,0.02729143654427445
GCN,53,lymphocytic_infiltrate,2,TCGA-A2-A04T,TCGA-A1-A0SK|TCGA-A1-A0SP|TCGA-A2-A04P|TCGA-A2-A04Q|TCGA-A2-A0CM,0.004477545803051267,0.005405504110264036,0.02729143654427445
GCN,53,lymphocytic_infiltrate,0,TCGA-A2-A0CM,TCGA-A1-A0SK|TCGA-A1-A0SP|TCGA-A2-A04P|TCGA-A2-A04Q|TCGA-A2-A04T,0.03628565238264582,0.02259107819370322,0.027979303513494418
GCN,53,lymphocytic_infiltrate,1,TCGA-A2-A0CM,TCGA-A1-A0SK|TCGA-A1-A0SP|TCGA-A2-A04P|TCGA-A2-A04Q|TCGA-A2-A04T,0.008996899302956433,0.011724596325276462,0.027979303513494418
GCN,53,lymphocytic_infiltrate,2,TCGA-A2-A0CM,TCGA-A1-A0SK|TCGA-A1-A0SP|TCGA-A2-A04P|TCGA-A2-A04Q|TCGA-A2-A04T,0.029078428339227844,0.03711563262248878,0.027979303513494418
GCN,71,tumor,0,TCGA-A1-A0SK,TCGA-A1-A0SP|TCGA-A2-A04P|TCGA-A2-A04Q|TCGA-A2-A04T|TCGA-A2-A0CM,0.018526803636045138,0.1022344366943715,0.09725998586063433
GCN,71,tumor,1,TCGA-A1-A0SK,TCGA-A1-A0SP|TCGA-A2-A04P|TCGA-A2-A04Q|TCGA-A2-A04T|TCGA-A2-A0CM,0.038330327968063335,0.10193134327487233,0.09725998586063433
GCN,71,tumor,2,TCGA-A1-A0SK,TCGA-A1-A0SP|TCGA-A2-A04P|TCGA-A2-A04Q|TCGA-A2-A04T|TCGA-A2-A0CM,0.06116687172880799,0.13264746205758976,0.09725998586063433
GCN,71,tumor,0,TCGA-A1-A0SP,TCGA-A1-A0SK|TCGA-A2-A04P|TCGA-A2-A04Q|TCGA-A2-A04T|TCGA-A2-A0CM,0.3754067132435744,0.2005768564804335,0.15982872583559835
GCN,71,tumor,1,TCGA-A1-A0SP,TCGA-A1-A0SK|TCGA-A2-A04P|TCGA-A2-A04Q|TCGA-A2-A04T|TCGA-A2-A0CM,0.21192318505328142,0.15311641386367442,0.15982872583559835
GCN,71,tumor,2,TCGA-A1-A0SP,TCGA-A1-A0SK|TCGA-A2-A04P|TCGA-A2-A04Q|TCGA-A2-A04T|TCGA-A2-A0CM,0.17988311001698093,0.17369066972263147,0.15982872583559835
GCN,71,tumor,0,TCGA-A2-A04P,TCGA-A1-A0SK|TCGA-A1-A0SP|TCGA-A2-A04Q|TCGA-A2-A04T|TCGA-A2-A0CM,0.08070879476184403,0.11540330786696035,0.11802829001032702
GCN,71,tumor,1,TCGA-A2-A04P,TCGA-A1-A0SK|TCGA-A1-A0SP|TCGA-A2-A04Q|TCGA-A2-A04T|TCGA-A2-A0CM,0.10177017360144369,0.10257009508856776,0.11802829001032702
GCN,71,tumor,2,TCGA-A2-A04P,TCGA-A1-A0SK|TCGA-A1-A0SP|TCGA-A2-A04Q|TCGA-A2-A04T|TCGA-A2-A0CM,0.12760229826649222,0.1087816720296356,0.11802829001032702
GCN,71,tumor,0,TCGA-A2-A04Q,TCGA-A1-A0SK|TCGA-A1-A0SP|TCGA-A2-A04P|TCGA-A2-A04T|TCGA-A2-A0CM,0.071812076661122,0.14693033941951406,0.19809875512854108
GCN,71,tumor,1,TCGA-A2-A04Q,TCGA-A1-A0SK|TCGA-A1-A0SP|TCGA-A2-A04P|TCGA-A2-A04T|TCGA-A2-A0CM,0.10502526829469895,0.12795159011899065,0.19809875512854108
GCN,71,tumor,2,TCGA-A2-A04Q,TCGA-A1-A0SK|TCGA-A1-A0SP|TCGA-A2-A04P|TCGA-A2-A04T|TCGA-A2-A0CM,0.12057646031577679,0.1358934956524501,0.19809875512854108
GCN,71,tumor,0,TCGA-A2-A04T,TCGA-A1-A0SK|TCGA-A1-A0SP|TCGA-A2-A04P|TCGA-A2-A04Q|TCGA-A2-A0CM,0.059648761962046354,0.10707857782739613,0.1309861045051193
GCN,71,tumor,1,TCGA-A2-A04T,TCGA-A1-A0SK|TCGA-A1-A0SP|TCGA-A2-A04P|TCGA-A2-A04Q|TCGA-A2-A0CM,0.05723502915044348,0.10359309118723802,0.1309861045051193
GCN,71,tumor,2,TCGA-A2-A04T,TCGA-A1-A0SK|TCGA-A1-A0SP|TCGA-A2-A04P|TCGA-A2-A04Q|TCGA-A2-A0CM,0.09964479769104878,0.12639746081482903,0.1309861045051193
GCN,71,tumor,0,TCGA-A2-A0CM,TCGA-A1-A0SK|TCGA-A1-A0SP|TCGA-A2-A04P|TCGA-A2-A04Q|TCGA-A2-A04T,0.1077363715931949,0.15245341295289216,0.10101429419035475
GCN,71,tumor,1,TCGA-A2-A0CM,TCGA-A1-A0SK|TCGA-A1-A0SP|TCGA-A2-A04P|TCGA-A2-A04Q|TCGA-A2-A04T,0.15753828717716983,0.11671568688564882,0.10101429419035475
GCN,71,tumor,2,TCGA-A2-A0CM,TCGA-A1-A0SK|TCGA-A1-A0SP|TCGA-A2-A04P|TCGA-A2-A04Q|TCGA-A2-A04T,0.11035156575352639,0.14272797716157104,0.10101429419035475
GCN,71,stroma,0,TCGA-A1-A0SK,TCGA-A1-A0SP|TCGA-A2-A04P|TCGA-A2-A04Q|TCGA-A2-A04T|TCGA-A2-A0CM,0.08749728014846542,0.02893053024426724,0.036240552967178735
GCN,71,stroma,1,TCGA-A1-A0SK,TCGA-A1-A0SP|TCGA-A2-A04P|TCGA-A2-A04Q|TCGA-A2-A04T|TCGA-A2-A0CM,0.05217556470837982,0.030416200054737753,0.036240552967178735
GCN,71,stroma,2,TCGA-A1-A0SK,TCGA-A1-A0SP|TCGA-A2-A04P|TCGA-A2-A04Q|TCGA-A2-A04T|TCGA-A2-A0CM,0.040384815487790784,0.0368665461275569,0.036240552967178735
GCN,71,stroma,0,TCGA-A1-A0SP,TCGA-A1-A0SK|TCGA-A2-A04P|TCGA-A2-A04Q|TCGA-A2-A04T|TCGA-A2-A0CM,0.18738358711685543,0.28965246192440003,0.13210868703542383
GCN,71,stroma,1,TCGA-A1-A0SP,TCGA-A1-A0SK|TCGA-A2-A04P|TCGA-A2-A04Q|TCGA-A2-A04T|TCGA-A2-A0CM,0.13750957963488433,0.1496600854379877,0.13210868703542383
GCN,71,stroma,2,TCGA-A1-A0SP,TCGA-A1-A0SK|TCGA-A2-A04P|TCGA-A2-A04Q|TCGA-A2-A04T|TCGA-A2-A0CM,0.1414244079224316,0.15543615877345135,0.13210868703542383
GCN,71,stroma,0,TCGA-A2-A04P,TCGA-A1-A0SK|TCGA-A1-A0SP|TCGA-A2-A04Q|TCGA-A2-A04T|TCGA-A2-A0CM,0.12425427365083988,0.14959431552326352,0.1343552139153723
GCN,71,stroma,1,TCGA-A2-A04P,TCGA-A1-A0SK|TCGA-A1-A0SP|TCGA-A2-A04Q|TCGA-A2-A04T|TCGA-A2-A0CM,0.1569720509409125,0.1505110233337223,0.1343552139153723
GCN,71,stroma,2,TCGA-A2-A04P,TCGA-A1-A0SK|TCGA-A1-A0SP|TCGA-A2-A04Q|TCGA-A2-A04T|TCGA-A2-A0CM,0.15149097867920475,0.14747415094750516,0.1343552139153723
GCN,71,stroma,0,TCGA-A2-A04Q,TCGA-A1-A0SK|TCGA-A1-A0SP|TCGA-A2-A04P|TCGA-A2-A04T|TCGA-A2-A0CM,0.0304609314183413,0.12785103688626095,0.05419222413488914
GCN,71,stroma,1,TCGA-A2-A04Q,TCGA-A1-A0SK|TCGA-A1-A0SP|TCGA-A2-A04P|TCGA-A2-A04T|TCGA-A2-A0CM,0.06689958088921882,0.14300244160434133,0.05419222413488914
GCN,71,stroma,2,TCGA-A2-A04Q,TCGA-A1-A0SK|TCGA-A1-A0SP|TCGA-A2-A04P|TCGA-A2-A04T|TCGA-A2-A0CM,0.08115404213566599,0.09554796851102787,0.05419222413488914
GCN,71,stroma,0,TCGA-A2-A04T,TCGA-A1-A0SK|TCGA-A1-A0SP|TCGA-A2-A04P|TCGA-A2-A04Q|TCGA-A2-A0CM,0.06433852571211401,0.05504793785344933,0.05807617675859528
GCN,71,stroma,1,TCGA-A2-A04T,TCGA-A1-A0SK|TCGA-A1-A0SP|TCGA-A2-A04P|TCGA-A2-A04Q|TCGA-A2-A0CM,0.05359208573065754,0.0613372021409063,0.05807617675859528
GCN,71,stroma,2,TCGA-A2-A04T,TCGA-A1-A0SK|TCGA-A1-A0SP|TCGA-A2-A04P|TCGA-A2-A04Q|TCGA-A2-A0CM,0.06652795287015462,0.05904126932785619,0.05807617675859528
GCN,71,stroma,0,TCGA-A2-A0CM,TCGA-A1-A0SK|TCGA-A1-A0SP|TCGA-A2-A04P|TCGA-A2-A04Q|TCGA-A2-A04T,0.09391180960580993,0.08174470637271289,0.07509517365036285
GCN,71,stroma,1,TCGA-A2-A0CM,TCGA-A1-A0SK|TCGA-A1-A0SP|TCGA-A2-A04P|TCGA-A2-A04Q|TCGA-A2-A04T,0.08056063876013625,0.07625909605728748,0.07509517365036285
GCN,71,stroma,2,TCGA-A2-A0CM,TCGA-A1-A0SK|TCGA-A1-A0SP|TCGA-A2-A04P|TCGA-A2-A04Q|TCGA-A2-A04T,0.07362066054156616,0.07061981772853435,0.07509517365036285
GCN,71,lymphocytic_infiltrate,0,TCGA-A1-A0SK,TCGA-A1-A0SP|TCGA-A2-A04P|TCGA-A2-A04Q|TCGA-A2-A04T|TCGA-A2-A0CM,0.10856994225805841,0.07294715874814132,0.02804965705300753
GCN,71,lymphocytic_infiltrate,1,TCGA-A1-A0SK,TCGA-A1-A0SP|TCGA-A2-A04P|TCGA-A2-A04Q|TCGA-A2-A04T|TCGA-A2-A0CM,0.03303879907729517,0.019133377362969002,0.02804965705300753
GCN,71,lymphocytic_infiltrate,2,TCGA-A1-A0SK,TCGA-A1-A0SP|TCGA-A2-A04P|TCGA-A2-A04Q|TCGA-A2-A04T|TCGA-A2-A0CM,0.004976812936303756,0.003955815154370662,0.02804965705300753
GCN,71,lymphocytic_infiltrate,0,TCGA-A1-A0SP,TCGA-A1-A0SK|TCGA-A2-A04P|TCGA-A2-A04Q|TCGA-A2-A04T|TCGA-A2-A0CM,0.15002748395423743,0.137666125958468,0.03371289920742107
GCN,71,lymphocytic_infiltrate,1,TCGA-A1-A0SP,TCGA-A1-A0SK|TCGA-A2-A04P|TCGA-A2-A04Q|TCGA-A2-A04T|TCGA-A2-A0CM,0.017072042262587024,0.01724497205727301,0.03371289920742107
GCN,71,lymphocytic_infiltrate,2,TCGA-A1-A0SP,TCGA-A1-A0SK|TCGA-A2-A04P|TCGA-A2-A04Q|TCGA-A2-A04T|TCGA-A2-A0CM,0.028419989902716235,0.024121907415552448,0.03371289920742107
GCN,71,lymphocytic_infiltrate,0,TCGA-A2-A04P,TCGA-A1-A0SK|TCGA-A1-A0SP|TCGA-A2-A04Q|TCGA-A2-A04T|TCGA-A2-A0CM,0.07641041421643308,0.07217946628249708,0.042042623833166426
GCN,71,lymphocytic_infiltrate,1,TCGA-A2-A04P,TCGA-A1-A0SK|TCGA-A1-A0SP|TCGA-A2-A04Q|TCGA-A2-A04T|TCGA-A2-A0CM,0.08685633453582849,0.08384853117496094,0.042042623833166426
GCN,71,lymphocytic_infiltrate,2,TCGA-A2-A04P,TCGA-A1-A0SK|TCGA-A1-A0SP|TCGA-A2-A04Q|TCGA-A2-A04T|TCGA-A2-A0CM,0.11624683014834727,0.09945765340478041,0.042042623833166426
GCN,71,lymphocytic_infiltrate,0,TCGA-A2-A04Q,TCGA-A1-A0SK|TCGA-A1-A0SP|TCGA-A2-A04P|TCGA-A2-A04T|TCGA-A2-A0CM,0.3595697690177091,0.4244086200892102,0.4882590158420743
GCN,71,lymphocytic_infiltrate,1,TCGA-A2-A04Q,TCGA-A1-A0SK|TCGA-A1-A0SP|TCGA-A2-A04P|TCGA-A2-A04T|TCGA-A2-A0CM,0.33200611525013496,0.39136102865747285,0.4882590158420743
GCN,71,lymphocytic_infiltrate,2,TCGA-A2-A04Q,TCGA-A1-A0SK|TCGA-A1-A0SP|TCGA-A2-A04P|TCGA-A2-A04T|TCGA-A2-A0CM,0.3682985201295001,0.41664861609353976,0.4882590158420743
GCN,71,lymphocytic_infiltrate,0,TCGA-A2-A04T,TCGA-A1-A0SK|TCGA-A1-A0SP|TCGA-A2-A04P|TCGA-A2-A04Q|TCGA-A2-A0CM,0.022104387048394347,0.006213105026491123,0.02729143654427445
GCN,71,lymphocytic_infiltrate,1,TCGA-A2-A04T,TCGA-A1-A0SK|TCGA-A1-A0SP|TCGA-A2-A04P|TCGA-A2-A04Q|TCGA-A2-A0CM,0.035081031154275,0.012862488973889294,0.02729143654427445
GCN,71,lymphocytic_infiltrate,2,TCGA-A2-A04T,TCGA-A1-A0SK|TCGA-A1-A0SP|TCGA-A2-A04P|TCGA-A2-A04Q|TCGA-A2-A0CM,0.009797206973209297,0.006498992329043788,0.02729143654427445
GCN,71,lymphocytic_infiltrate,0,TCGA-A2-A0CM,TCGA-A1-A0SK|TCGA-A1-A0SP|TCGA-A2-A04P|TCGA-A2-A04Q|TCGA-A2-A04T,0.03628565238264582,0.02163270538935992,0.027979303513494418
GCN,71,lymphocytic_infiltrate,1,TCGA-A2-A0CM,TCGA-A1-A0SK|TCGA-A1-A0SP|TCGA-A2-A04P|TCGA-A2-A04Q|TCGA-A2-A04T,0.008139253607639842,0.00943273380030565,0.027979303513494418
GCN,71,lymphocytic_infiltrate,2,TCGA-A2-A0CM,TCGA-A1-A0SK|TCGA-A1-A0SP|TCGA-A2-A04P|TCGA-A2-A04Q|TCGA-A2-A04T,0.04298839929875245,0.04829885097966607,0.027979303513494418
GraphSAGE,11,tumor,0,TCGA-A1-A0SK,TCGA-A1-A0SP|TCGA-A2-A04P|TCGA-A2-A04Q|TCGA-A2-A04T|TCGA-A2-A0CM,0.018526803636045138,0.07263357657075512,0.09725998586063433
GraphSAGE,11,tumor,1,TCGA-A1-A0SK,TCGA-A1-A0SP|TCGA-A2-A04P|TCGA-A2-A04Q|TCGA-A2-A04T|TCGA-A2-A0CM,0.06218592908229883,0.09104487697053135,0.09725998586063433
GraphSAGE,11,tumor,2,TCGA-A1-A0SK,TCGA-A1-A0SP|TCGA-A2-A04P|TCGA-A2-A04Q|TCGA-A2-A04T|TCGA-A2-A0CM,0.057588361040824355,0.10916815017464418,0.09725998586063433
GraphSAGE,11,tumor,0,TCGA-A1-A0SP,TCGA-A1-A0SK|TCGA-A2-A04P|TCGA-A2-A04Q|TCGA-A2-A04T|TCGA-A2-A0CM,0.3754067132435744,0.1532909959409115,0.15982872583559835
GraphSAGE,11,tumor,1,TCGA-A1-A0SP,TCGA-A1-A0SK|TCGA-A2-A04P|TCGA-A2-A04Q|TCGA-A2-A04T|TCGA-A2-A0CM,0.07282787022283824,0.15198860339847103,0.15982872583559835
GraphSAGE,11,tumor,2,TCGA-A1-A0SP,TCGA-A1-A0SK|TCGA-A2-A04P|TCGA-A2-A04Q|TCGA-A2-A04T|TCGA-A2-A0CM,0.18610982633143475,0.17344946745545117,0.15982872583559835
GraphSAGE,11,tumor,0,TCGA-A2-A04P,TCGA-A1-A0SK|TCGA-A1-A0SP|TCGA-A2-A04Q|TCGA-A2-A04T|TCGA-A2-A0CM,0.08070879476184403,0.11753730768204285,0.11802829001032702
GraphSAGE,11,tumor,1,TCGA-A2-A04P,TCGA-A1-A0SK|TCGA-A1-A0SP|TCGA-A2-A04Q|TCGA-A2-A04T|TCGA-A2-A0CM,0.09022286280225164,0.11005159661365743,0.11802829001032702
GraphSAGE,11,tumor,2,TCGA-A2-A04P,TCGA-A1-A0SK|TCGA-A1-A0SP|TCGA-A2-A04Q|TCGA-A2-A04T|TCGA-A2-A0CM,0.11549946231844246,0.11012124328868035,0.11802829001032702
GraphSAGE,11,tumor,0,TCGA-A2-A04Q,TCGA-A1-A0SK|TCGA-A1-A0SP|TCGA-A2-A04P|TCGA-A2-A04T|TCGA-A2-A0CM,0.071812076661122,0.15109608567451038,0.19809875512854108
GraphSAGE,11,tumor,1,TCGA-A2-A04Q,TCGA-A1-A0SK|TCGA-A1-A0SP|TCGA-A2-A04P|TCGA-A2-A04T|TCGA-A2-A0CM,0.09922893694503583,0.14280832169296898,0.19809875512854108
GraphSAGE,11,tumor,2,TCGA-A2-A04Q,TCGA-A1-A0SK|TCGA-A1-A0SP|TCGA-A2-A04P|TCGA-A2-A04T|TCGA-A2-A0CM,0.1185885146138307,0.13963465895663751,0.19809875512854108
GraphSAGE,11,tumor,0,TCGA-A2-A04T,TCGA-A1-A0SK|TCGA-A1-A0SP|TCGA-A2-A04P|TCGA-A2-A04Q|TCGA-A2-A0CM,0.059648761962046354,0.08669899105398601,0.1309861045051193
GraphSAGE,11,tumor,1,TCGA-A2-A04T,TCGA-A1-A0SK|TCGA-A1-A0SP|TCGA-A2-A04P|TCGA-A2-A04Q|TCGA-A2-A0CM,0.13366331502631512,0.11614449222288316,0.1309861045051193
GraphSAGE,11,tumor,2,TCGA-A2-A04T,TCGA-A1-A0SK|TCGA-A1-A0SP|TCGA-A2-A04P|TCGA-A2-A04Q|TCGA-A2-A0CM,0.25994597630023003,0.11503004250512391,0.1309861045051193
GraphSAGE,11,tumor,0,TCGA-A2-A0CM,TCGA-A1-A0SK|TCGA-A1-A0SP|TCGA-A2-A04P|TCGA-A2-A04Q|TCGA-A2-A04T,0.1077363715931949,0.14224583368452962,0.10101429419035475
GraphSAGE,11,tumor,1,TCGA-A2-A0CM,TCGA-A1-A0SK|TCGA-A1-A0SP|TCGA-A2-A04P|TCGA-A2-A04Q|TCGA-A2-A04T,0.08804541923258753,0.17775273850110482,0.10101429419035475
GraphSAGE,11,tumor,2,TCGA-A2-A0CM,TCGA-A1-A0SK|TCGA-A1-A0SP|TCGA-A2-A04P|TCGA-A2-A04Q|TCGA-A2-A04T,0.10271185899549509,0.1701652715734062,0.10101429419035475
GraphSAGE,11,stroma,0,TCGA-A1-A0SK,TCGA-A1-A0SP|TCGA-A2-A04P|TCGA-A2-A04Q|TCGA-A2-A04T|TCGA-A2-A0CM,0.08749728014846542,0.028638559760889998,0.036240552967178735
GraphSAGE,11,stroma,1,TCGA-A1-A0SK,TCGA-A1-A0SP|TCGA-A2-A04P|TCGA-A2-A04Q|TCGA-A2-A04T|TCGA-A2-A0CM,0.0482620901126583,0.030972997320299463,0.036240552967178735
GraphSAGE,11,stroma,2,TCGA-A1-A0SK,TCGA-A1-A0SP|TCGA-A2-A04P|TCGA-A2-A04Q|TCGA-A2-A04T|TCGA-A2-A0CM,0.04427523405062598,0.027481267634895317,0.036240552967178735
GraphSAGE,11,stroma,0,TCGA-A1-A0SP,TCGA-A1-A0SK|TCGA-A2-A04P|TCGA-A2-A04Q|TCGA-A2-A04T|TCGA-A2-A0CM,0.18738358711685543,0.35898045641341453,0.13210868703542383
GraphSAGE,11,stroma,1,TCGA-A1-A0SP,TCGA-A1-A0SK|TCGA-A2-A04P|TCGA-A2-A04Q|TCGA-A2-A04T|TCGA-A2-A0CM,0.3052727353506558,0.22469789362960974,0.13210868703542383
GraphSAGE,11,stroma,2,TCGA-A1-A0SP,TCGA-A1-A0SK|TCGA-A2-A04P|TCGA-A2-A04Q|TCGA-A2-A04T|TCGA-A2-A0CM,0.14169237722176645,0.14151393435329876,0.13210868703542383
GraphSAGE,11,stroma,0,TCGA-A2-A04P,TCGA-A1-A0SK|TCGA-A1-A0SP|TCGA-A2-A04Q|TCGA-A2-A04T|TCGA-A2-A0CM,0.12425427365083988,0.14875409624656177,0.1343552139153723
GraphSAGE,11,stroma,1,TCGA-A2-A04P,TCGA-A1-A0SK|TCGA-A1-A0SP|TCGA-A2-A04Q|TCGA-A2-A04T|TCGA-A2-A0CM,0.14937305471122575,0.15843763614528011,0.1343552139153723
GraphSAGE,11,stroma,2,TCGA-A2-A04P,TCGA-A1-A0SK|TCGA-A1-A0SP|TCGA-A2-A04Q|TCGA-A2-A04T|TCGA-A2-A0CM,0.14980612347871236,0.1543565318292077,0.1343552139153723
GraphSAGE,11,stroma,0,TCGA-A2-A04Q,TCGA-A1-A0SK|TCGA-A1-A0SP|TCGA-A2-A04P|TCGA-A2-A04T|TCGA-A2-A0CM,0.0304609314183413,0.09297829026904783,0.05419222413488914
GraphSAGE,11,stroma,1,TCGA-A2-A04Q,TCGA-A1-A0SK|TCGA-A1-A0SP|TCGA-A2-A04P|TCGA-A2-A04T|TCGA-A2-A0CM,0.047357766054995656,0.10763994086614444,0.05419222413488914
GraphSAGE,11,stroma,2,TCGA-A2-A04Q,TCGA-A1-A0SK|TCGA-A1-A0SP|TCGA-A2-A04P|TCGA-A2-A04T|TCGA-A2-A0CM,0.06758786418925677,0.08658778469463471,0.05419222413488914
GraphSAGE,11,stroma,0,TCGA-A2-A04T,TCGA-A1-A0SK|TCGA-A1-A0SP|TCGA-A2-A04P|TCGA-A2-A04Q|TCGA-A2-A0CM,0.06433852571211401,0.0575746473712064,0.05807617675859528
GraphSAGE,11,stroma,1,TCGA-A2-A04T,TCGA-A1-A0SK|TCGA-A1-A0SP|TCGA-A2-A04P|TCGA-A2-A04Q|TCGA-A2-A0CM,0.06731620459678567,0.06669511902929516,0.05807617675859528
GraphSAGE,11,stroma,2,TCGA-A2-A04T,TCGA-A1-A0SK|TCGA-A1-A0SP|TCGA-A2-A04P|TCGA-A2-A04Q|TCGA-A2-A0CM,0.06189825836180212,0.06349638234095062,0.05807617675859528
GraphSAGE,11,stroma,0,TCGA-A2-A0CM,TCGA-A1-A0SK|TCGA-A1-A0SP|TCGA-A2-A04P|TCGA-A2-A04Q|TCGA-A2-A04T,0.09391180960580993,0.07988532405182878,0.07509517365036285
GraphSAGE,11,stroma,1,TCGA-A2-A0CM,TCGA-A1-A0SK|TCGA-A1-A0SP|TCGA-A2-A04P|TCGA-A2-A04Q|TCGA-A2-A04T,0.09780083047458171,0.08513788886613904,0.07509517365036285
GraphSAGE,11,stroma,2,TCGA-A2-A0CM,TCGA-A1-A0SK|TCGA-A1-A0SP|TCGA-A2-A04P|TCGA-A2-A04Q|TCGA-A2-A04T,0.09729303659556653,0.0849530406657591,0.07509517365036285
GraphSAGE,11,lymphocytic_infiltrate,0,TCGA-A1-A0SK,TCGA-A1-A0SP|TCGA-A2-A04P|TCGA-A2-A04Q|TCGA-A2-A04T|TCGA-A2-A0CM,0.10856994225805841,0.07250482019601288,0.02804965705300753
GraphSAGE,11,lymphocytic_infiltrate,1,TCGA-A1-A0SK,TCGA-A1-A0SP|TCGA-A2-A04P|TCGA-A2-A04Q|TCGA-A2-A04T|TCGA-A2-A0CM,0.03169645500618374,0.01955053961195831,0.02804965705300753
GraphSAGE,11,lymphocytic_infiltrate,2,TCGA-A1-A0SK,TCGA-A1-A0SP|TCGA-A2-A04P|TCGA-A2-A04Q|TCGA-A2-A04T|TCGA-A2-A0CM,0.061851171583135786,0.047690258731581836,0.02804965705300753
GraphSAGE,11,lymphocytic_infiltrate,0,TCGA-A1-A0SP,TCGA-A1-A0SK|TCGA-A2-A04P|TCGA-A2-A04Q|TCGA-A2-A04T|TCGA-A2-A0CM,0.15002748395423743,0.1321536482095876,0.03371289920742107
GraphSAGE,11,lymphocytic_infiltrate,1,TCGA-A1-A0SP,TCGA-A1-A0SK|TCGA-A2-A04P|TCGA-A2-A04Q|TCGA-A2-A04T|TCGA-A2-A0CM,0.013541883903813242,0.022687832427735803,0.03371289920742107
GraphSAGE,11,lymphocytic_infiltrate,2,TCGA-A1-A0SP,TCGA-A1-A0SK|TCGA-A2-A04P|TCGA-A2-A04Q|TCGA-A2-A04T|TCGA-A2-A0CM,0.08343035070696107,0.05705013197776063,0.03371289920742107
GraphSAGE,11,lymphocytic_infiltrate,0,TCGA-A2-A04P,TCGA-A1-A0SK|TCGA-A1-A0SP|TCGA-A2-A04Q|TCGA-A2-A04T|TCGA-A2-A0CM,0.07641041421643308,0.07112698285899322,0.042042623833166426
GraphSAGE,11,lymphocytic_infiltrate,1,TCGA-A2-A04P,TCGA-A1-A0SK|TCGA-A1-A0SP|TCGA-A2-A04Q|TCGA-A2-A04T|TCGA-A2-A0CM,0.08601630683826061,0.08496177831587493,0.042042623833166426
GraphSAGE,11,lymphocytic_infiltrate,2,TCGA-A2-A04P,TCGA-A1-A0SK|TCGA-A1-A0SP|TCGA-A2-A04Q|TCGA-A2-A04T|TCGA-A2-A0CM,0.14891405444411426,0.14975951298013174,0.042042623833166426
GraphSAGE,11,lymphocytic_infiltrate,0,TCGA-A2-A04Q,TCGA-A1-A0SK|TCGA-A1-A0SP|TCGA-A2-A04P|TCGA-A2-A04T|TCGA-A2-A0CM,0.3595697690177091,0.44940804530196565,0.4882590158420743
GraphSAGE,11,lymphocytic_infiltrate,1,TCGA-A2-A04Q,TCGA-A1-A0SK|TCGA-A1-A0SP|TCGA-A2-A04P|TCGA-A2-A04T|TCGA-A2-A0CM,0.3334418497152497,0.40315577741555775,0.4882590158420743
GraphSAGE,11,lymphocytic_infiltrate,2,TCGA-A2-A04Q,TCGA-A1-A0SK|TCGA-A1-A0SP|TCGA-A2-A04P|TCGA-A2-A04T|TCGA-A2-A0CM,0.38230853761109906,0.4304285600245187,0.4882590158420743
GraphSAGE,11,lymphocytic_infiltrate,0,TCGA-A2-A04T,TCGA-A1-A0SK|TCGA-A1-A0SP|TCGA-A2-A04P|TCGA-A2-A04Q|TCGA-A2-A0CM,0.022104387048394347,0.00604903273119122,0.02729143654427445
GraphSAGE,11,lymphocytic_infiltrate,1,TCGA-A2-A04T,TCGA-A1-A0SK|TCGA-A1-A0SP|TCGA-A2-A04P|TCGA-A2-A04Q|TCGA-A2-A0CM,0.018235807467866984,0.007931045167835512,0.02729143654427445
GraphSAGE,11,lymphocytic_infiltrate,2,TCGA-A2-A04T,TCGA-A1-A0SK|TCGA-A1-A0SP|TCGA-A2-A04P|TCGA-A2-A04Q|TCGA-A2-A0CM,0.004200351553200041,0.00643150288030602,0.02729143654427445
GraphSAGE,11,lymphocytic_infiltrate,0,TCGA-A2-A0CM,TCGA-A1-A0SK|TCGA-A1-A0SP|TCGA-A2-A04P|TCGA-A2-A04Q|TCGA-A2-A04T,0.03628565238264582,0.022717895485499448,0.027979303513494418
GraphSAGE,11,lymphocytic_infiltrate,1,TCGA-A2-A0CM,TCGA-A1-A0SK|TCGA-A1-A0SP|TCGA-A2-A04P|TCGA-A2-A04Q|TCGA-A2-A04T,0.022362041420841125,0.021504489258439008,0.027979303513494418
GraphSAGE,11,lymphocytic_infiltrate,2,TCGA-A2-A0CM,TCGA-A1-A0SK|TCGA-A1-A0SP|TCGA-A2-A04P|TCGA-A2-A04Q|TCGA-A2-A04T,0.02254457457600363,0.02316674949232556,0.027979303513494418
GraphSAGE,23,tumor,0,TCGA-A1-A0SK,TCGA-A1-A0SP|TCGA-A2-A04P|TCGA-A2-A04Q|TCGA-A2-A04T|TCGA-A2-A0CM,0.018526803636045138,0.04401293649923074,0.09725998586063433
GraphSAGE,23,tumor,1,TCGA-A1-A0SK,TCGA-A1-A0SP|TCGA-A2-A04P|TCGA-A2-A04Q|TCGA-A2-A04T|TCGA-A2-A0CM,0.07902424363027782,0.07463702346748394,0.09725998586063433
GraphSAGE,23,tumor,2,TCGA-A1-A0SK,TCGA-A1-A0SP|TCGA-A2-A04P|TCGA-A2-A04Q|TCGA-A2-A04T|TCGA-A2-A0CM,0.057224388978085475,0.09707344375346288,0.09725998586063433
GraphSAGE,23,tumor,0,TCGA-A1-A0SP,TCGA-A1-A0SK|TCGA-A2-A04P|TCGA-A2-A04Q|TCGA-A2-A04T|TCGA-A2-A0CM,0.3754067132435744,0.14784886282887183,0.15982872583559835
GraphSAGE,23,tumor,1,TCGA-A1-A0SP,TCGA-A1-A0SK|TCGA-A2-A04P|TCGA-A2-A04Q|TCGA-A2-A04T|TCGA-A2-A0CM,0.5894049109152115,0.16085088794681382,0.15982872583559835
GraphSAGE,23,tumor,2,TCGA-A1-A0SP,TCGA-A1-A0SK|TCGA-A2-A04P|TCGA-A2-A04Q|TCGA-A2-A04T|TCGA-A2-A0CM,0.15874419704268625,0.36083874622938983,0.15982872583559835
GraphSAGE,23,tumor,0,TCGA-A2-A04P,TCGA-A1-A0SK|TCGA-A1-A0SP|TCGA-A2-A04Q|TCGA-A2-A04T|TCGA-A2-A0CM,0.08070879476184403,0.10413392617786638,0.11802829001032702
GraphSAGE,23,tumor,1,TCGA-A2-A04P,TCGA-A1-A0SK|TCGA-A1-A0SP|TCGA-A2-A04Q|TCGA-A2-A04T|TCGA-A2-A0CM,0.08218679173279007,0.09831722802494297,0.11802829001032702
GraphSAGE,23,tumor,2,TCGA-A2-A04P,TCGA-A1-A0SK|TCGA-A1-A0SP|TCGA-A2-A04Q|TCGA-A2-A04T|TCGA-A2-A0CM,0.10214721744789185,0.10500113352880222,0.11802829001032702
GraphSAGE,23,tumor,0,TCGA-A2-A04Q,TCGA-A1-A0SK|TCGA-A1-A0SP|TCGA-A2-A04P|TCGA-A2-A04T|TCGA-A2-A0CM,0.071812076661122,0.13710679611918047,0.19809875512854108
GraphSAGE,23,tumor,1,TCGA-A2-A04Q,TCGA-A1-A0SK|TCGA-A1-A0SP|TCGA-A2-A04P|TCGA-A2-A04T|TCGA-A2-A0CM,0.10348087460959855,0.12881229234681305,0.19809875512854108
GraphSAGE,23,tumor,2,TCGA-A2-A04Q,TCGA-A1-A0SK|TCGA-A1-A0SP|TCGA-A2-A04P|TCGA-A2-A04T|TCGA-A2-A0CM,0.13093558563929064,0.14255295128586107,0.19809875512854108
GraphSAGE,23,tumor,0,TCGA-A2-A04T,TCGA-A1-A0SK|TCGA-A1-A0SP|TCGA-A2-A04P|TCGA-A2-A04Q|TCGA-A2-A0CM,0.059648761962046354,0.12858929753702433,0.1309861045051193
GraphSAGE,23,tumor,1,TCGA-A2-A04T,TCGA-A1-A0SK|TCGA-A1-A0SP|TCGA-A2-A04P|TCGA-A2-A04Q|TCGA-A2-A0CM,0.1181566165834344,0.08249355956307637,0.1309861045051193
GraphSAGE,23,tumor,2,TCGA-A2-A04T,TCGA-A1-A0SK|TCGA-A1-A0SP|TCGA-A2-A04P|TCGA-A2-A04Q|TCGA-A2-A0CM,0.24296003969328436,0.09812261731388486,0.1309861045051193
GraphSAGE,23,tumor,0,TCGA-A2-A0CM,TCGA-A1-A0SK|TCGA-A1-A0SP|TCGA-A2-A04P|TCGA-A2-A04Q|TCGA-A2-A04T,0.1077363715931949,0.16181047471494409,0.10101429419035475
GraphSAGE,23,tumor,1,TCGA-A2-A0CM,TCGA-A1-A0SK|TCGA-A1-A0SP|TCGA-A2-A04P|TCGA-A2-A04Q|TCGA-A2-A04T,0.35008037817259474,0.15938123817240699,0.10101429419035475
GraphSAGE,23,tumor,2,TCGA-A2-A0CM,TCGA-A1-A0SK|TCGA-A1-A0SP|TCGA-A2-A04P|TCGA-A2-A04Q|TCGA-A2-A04T,0.1454904593063861,0.16377708933217458,0.10101429419035475
GraphSAGE,23,stroma,0,TCGA-A1-A0SK,TCGA-A1-A0SP|TCGA-A2-A04P|TCGA-A2-A04Q|TCGA-A2-A04T|TCGA-A2-A0CM,0.08749728014846542,0.03837702230114427,0.036240552967178735
GraphSAGE,23,stroma,1,TCGA-A1-A0SK,TCGA-A1-A0SP|TCGA-A2-A04P|TCGA-A2-A04Q|TCGA-A2-A04T|TCGA-A2-A0CM,0.0371591559442124,0.029041764987504274,0.036240552967178735
GraphSAGE,23,stroma,2,TCGA-A1-A0SK,TCGA-A1-A0SP|TCGA-A2-A04P|TCGA-A2-A04Q|TCGA-A2-A04T|TCGA-A2-A0CM,0.045107528333244384,0.031757787916308296,0.036240552967178735
GraphSAGE,23,stroma,0,TCGA-A1-A0SP,TCGA-A1-A0SK|TCGA-A2-A04P|TCGA-A2-A04Q|TCGA-A2-A04T|TCGA-A2-A0CM,0.18738358711685543,0.21472949593908466,0.13210868703542383
GraphSAGE,23,stroma,1,TCGA-A1-A0SP,TCGA-A1-A0SK|TCGA-A2-A04P|TCGA-A2-A04Q|TCGA-A2-A04T|TCGA-A2-A0CM,0.15111394260654926,0.1306200316606262,0.13210868703542383
GraphSAGE,23,stroma,2,TCGA-A1-A0SP,TCGA-A1-A0SK|TCGA-A2-A04P|TCGA-A2-A04Q|TCGA-A2-A04T|TCGA-A2-A0CM,0.24356487199714044,0.16775832945704203,0.13210868703542383
GraphSAGE,23,stroma,0,TCGA-A2-A04P,TCGA-A1-A0SK|TCGA-A1-A0SP|TCGA-A2-A04Q|TCGA-A2-A04T|TCGA-A2-A0CM,0.12425427365083988,0.13530397270385638,0.1343552139153723
GraphSAGE,23,stroma,1,TCGA-A2-A04P,TCGA-A1-A0SK|TCGA-A1-A0SP|TCGA-A2-A04Q|TCGA-A2-A04T|TCGA-A2-A0CM,0.14248744424344498,0.15439835529658213,0.1343552139153723
GraphSAGE,23,stroma,2,TCGA-A2-A04P,TCGA-A1-A0SK|TCGA-A1-A0SP|TCGA-A2-A04Q|TCGA-A2-A04T|TCGA-A2-A0CM,0.14418568176231847,0.14770526837550035,0.1343552139153723
GraphSAGE,23,stroma,0,TCGA-A2-A04Q,TCGA-A1-A0SK|TCGA-A1-A0SP|TCGA-A2-A04P|TCGA-A2-A04T|TCGA-A2-A0CM,0.0304609314183413,0.09499320050855854,0.05419222413488914
GraphSAGE,23,stroma,1,TCGA-A2-A04Q,TCGA-A1-A0SK|TCGA-A1-A0SP|TCGA-A2-A04P|TCGA-A2-A04T|TCGA-A2-A0CM,0.08661851187332158,0.1274530410843686,0.05419222413488914
GraphSAGE,23,stroma,2,TCGA-A2-A04Q,TCGA-A1-A0SK|TCGA-A1-A0SP|TCGA-A2-A04P|TCGA-A2-A04T|TCGA-A2-A0CM,0.08601097613172187,0.11542105503110023,0.05419222413488914
GraphSAGE,23,stroma,0,TCGA-A2-A04T,TCGA-A1-A0SK|TCGA-A1-A0SP|TCGA-A2-A04P|TCGA-A2-A04Q|TCGA-A2-A0CM,0.06433852571211401,0.050119231933027364,0.05807617675859528
GraphSAGE,23,stroma,1,TCGA-A2-A04T,TCGA-A1-A0SK|TCGA-A1-A0SP|TCGA-A2-A04P|TCGA-A2-A04Q|TCGA-A2-A0CM,0.05603159593498236,0.05761216660525298,0.05807617675859528
GraphSAGE,23,stroma,2,TCGA-A2-A04T,TCGA-A1-A0SK|TCGA-A1-A0SP|TCGA-A2-A04P|TCGA-A2-A04Q|TCGA-A2-A0CM,0.06888283845689645,0.06601273833490197,0.05807617675859528
GraphSAGE,23,stroma,0,TCGA-A2-A0CM,TCGA-A1-A0SK|TCGA-A1-A0SP|TCGA-A2-A04P|TCGA-A2-A04Q|TCGA-A2-A04T,0.09391180960580993,0.06859746712348117,0.07509517365036285
GraphSAGE,23,stroma,1,TCGA-A2-A0CM,TCGA-A1-A0SK|TCGA-A1-A0SP|TCGA-A2-A04P|TCGA-A2-A04Q|TCGA-A2-A04T,0.1472902514618593,0.0710070573148461,0.07509517365036285
GraphSAGE,23,stroma,2,TCGA-A2-A0CM,TCGA-A1-A0SK|TCGA-A1-A0SP|TCGA-A2-A04P|TCGA-A2-A04Q|TCGA-A2-A04T,0.0733427745015915,0.06895802412733198,0.07509517365036285
GraphSAGE,23,lymphocytic_infiltrate,0,TCGA-A1-A0SK,TCGA-A1-A0SP|TCGA-A2-A04P|TCGA-A2-A04Q|TCGA-A2-A04T|TCGA-A2-A0CM,0.10856994225805841,0.0807075926621387,0.02804965705300753
GraphSAGE,23,lymphocytic_infiltrate,1,TCGA-A1-A0SK,TCGA-A1-A0SP|TCGA-A2-A04P|TCGA-A2-A04Q|TCGA-A2-A04T|TCGA-A2-A0CM,0.04012902827246,0.026242487590183827,0.02804965705300753
GraphSAGE,23,lymphocytic_infiltrate,2,TCGA-A1-A0SK,TCGA-A1-A0SP|TCGA-A2-A04P|TCGA-A2-A04Q|TCGA-A2-A04T|TCGA-A2-A0CM,0.04013745640128654,0.017042853759868238,0.02804965705300753
GraphSAGE,23,lymphocytic_infiltrate,0,TCGA-A1-A0SP,TCGA-A1-A0SK|TCGA-A2-A04P|TCGA-A2-A04Q|TCGA-A2-A04T|TCGA-A2-A0CM,0.15002748395423743,0.07024863370738042,0.03371289920742107
GraphSAGE,23,lymphocytic_infiltrate,1,TCGA-A1-A0SP,TCGA-A1-A0SK|TCGA-A2-A04P|TCGA-A2-A04Q|TCGA-A2-A04T|TCGA-A2-A0CM,0.027512819835880338,0.01757238174242303,0.03371289920742107
GraphSAGE,23,lymphocytic_infiltrate,2,TCGA-A1-A0SP,TCGA-A1-A0SK|TCGA-A2-A04P|TCGA-A2-A04Q|TCGA-A2-A04T|TCGA-A2-A0CM,0.029897120015387853,0.027757940093430692,0.03371289920742107
GraphSAGE,23,lymphocytic_infiltrate,0,TCGA-A2-A04P,TCGA-A1-A0SK|TCGA-A1-A0SP|TCGA-A2-A04Q|TCGA-A2-A04T|TCGA-A2-A0CM,0.07641041421643308,0.06892162787881259,0.042042623833166426
GraphSAGE,23,lymphocytic_infiltrate,1,TCGA-A2-A04P,TCGA-A1-A0SK|TCGA-A1-A0SP|TCGA-A2-A04Q|TCGA-A2-A04T|TCGA-A2-A0CM,0.10061593432761975,0.0997508285262077,0.042042623833166426
GraphSAGE,23,lymphocytic_infiltrate,2,TCGA-A2-A04P,TCGA-A1-A0SK|TCGA-A1-A0SP|TCGA-A2-A04Q|TCGA-A2-A04T|TCGA-A2-A0CM,0.09498573306223965,0.0962025287716052,0.042042623833166426
GraphSAGE,23,lymphocytic_infiltrate,0,TCGA-A2-A04Q,TCGA-A1-A0SK|TCGA-A1-A0SP|TCGA-A2-A04P|TCGA-A2-A04T|TCGA-A2-A0CM,0.3595697690177091,0.4421557607037542,0.4882590158420743
GraphSAGE,23,lymphocytic_infiltrate,1,TCGA-A2-A04Q,TCGA-A1-A0SK|TCGA-A1-A0SP|TCGA-A2-A04P|TCGA-A2-A04T|TCGA-A2-A0CM,0.3271195521076256,0.42345570278012873,0.4882590158420743
GraphSAGE,23,lymphocytic_infiltrate,2,TCGA-A2-A04Q,TCGA-A1-A0SK|TCGA-A1-A0SP|TCGA-A2-A04P|TCGA-A2-A04T|TCGA-A2-A0CM,0.38243306839253244,0.43740896891547365,0.4882590158420743
GraphSAGE,23,lymphocytic_infiltrate,0,TCGA-A2-A04T,TCGA-A1-A0SK|TCGA-A1-A0SP|TCGA-A2-A04P|TCGA-A2-A04Q|TCGA-A2-A0CM,0.022104387048394347,0.006055540212597779,0.02729143654427445
GraphSAGE,23,lymphocytic_infiltrate,1,TCGA-A2-A04T,TCGA-A1-A0SK|TCGA-A1-A0SP|TCGA-A2-A04P|TCGA-A2-A04Q|TCGA-A2-A0CM,0.037792725639829126,0.015566686827108966,0.02729143654427445
GraphSAGE,23,lymphocytic_infiltrate,2,TCGA-A2-A04T,TCGA-A1-A0SK|TCGA-A1-A0SP|TCGA-A2-A04P|TCGA-A2-A04Q|TCGA-A2-A0CM,0.00866852872674437,0.0059150682157184074,0.02729143654427445
GraphSAGE,23,lymphocytic_infiltrate,0,TCGA-A2-A0CM,TCGA-A1-A0SK|TCGA-A1-A0SP|TCGA-A2-A04P|TCGA-A2-A04Q|TCGA-A2-A04T,0.03628565238264582,0.025511869569149803,0.027979303513494418
GraphSAGE,23,lymphocytic_infiltrate,1,TCGA-A2-A0CM,TCGA-A1-A0SK|TCGA-A1-A0SP|TCGA-A2-A04P|TCGA-A2-A04Q|TCGA-A2-A04T,0.01871831681534326,0.02843567698729068,0.027979303513494418
GraphSAGE,23,lymphocytic_infiltrate,2,TCGA-A2-A0CM,TCGA-A1-A0SK|TCGA-A1-A0SP|TCGA-A2-A04P|TCGA-A2-A04Q|TCGA-A2-A04T,0.026416649867924927,0.027652423626182764,0.027979303513494418
GraphSAGE,37,tumor,0,TCGA-A1-A0SK,TCGA-A1-A0SP|TCGA-A2-A04P|TCGA-A2-A04Q|TCGA-A2-A04T|TCGA-A2-A0CM,0.018526803636045138,0.07900003690595976,0.09725998586063433
GraphSAGE,37,tumor,1,TCGA-A1-A0SK,TCGA-A1-A0SP|TCGA-A2-A04P|TCGA-A2-A04Q|TCGA-A2-A04T|TCGA-A2-A0CM,0.022236401993708924,0.1443855583728871,0.09725998586063433
GraphSAGE,37,tumor,2,TCGA-A1-A0SK,TCGA-A1-A0SP|TCGA-A2-A04P|TCGA-A2-A04Q|TCGA-A2-A04T|TCGA-A2-A0CM,0.03143117113500642,0.0891992975490406,0.09725998586063433
GraphSAGE,37,tumor,0,TCGA-A1-A0SP,TCGA-A1-A0SK|TCGA-A2-A04P|TCGA-A2-A04Q|TCGA-A2-A04T|TCGA-A2-A0CM,0.3754067132435744,0.17924104370196187,0.15982872583559835
GraphSAGE,37,tumor,1,TCGA-A1-A0SP,TCGA-A1-A0SK|TCGA-A2-A04P|TCGA-A2-A04Q|TCGA-A2-A04T|TCGA-A2-A0CM,0.18559363261360906,0.20303132380172867,0.15982872583559835
GraphSAGE,37,tumor,2,TCGA-A1-A0SP,TCGA-A1-A0SK|TCGA-A2-A04P|TCGA-A2-A04Q|TCGA-A2-A04T|TCGA-A2-A0CM,0.16931105137523034,0.16181285027836367,0.15982872583559835
GraphSAGE,37,tumor,0,TCGA-A2-A04P,TCGA-A1-A0SK|TCGA-A1-A0SP|TCGA-A2-A04Q|TCGA-A2-A04T|TCGA-A2-A0CM,0.08070879476184403,0.12456142591368986,0.11802829001032702
GraphSAGE,37,tumor,1,TCGA-A2-A04P,TCGA-A1-A0SK|TCGA-A1-A0SP|TCGA-A2-A04Q|TCGA-A2-A04T|TCGA-A2-A0CM,0.08176668750409738,0.1090587908790763,0.11802829001032702
GraphSAGE,37,tumor,2,TCGA-A2-A04P,TCGA-A1-A0SK|TCGA-A1-A0SP|TCGA-A2-A04Q|TCGA-A2-A04T|TCGA-A2-A0CM,0.09820867252929286,0.11105744176142592,0.11802829001032702
GraphSAGE,37,tumor,0,TCGA-A2-A04Q,TCGA-A1-A0SK|TCGA-A1-A0SP|TCGA-A2-A04P|TCGA-A2-A04T|TCGA-A2-A0CM,0.071812076661122,0.17517793914657576,0.19809875512854108
GraphSAGE,37,tumor,1,TCGA-A2-A04Q,TCGA-A1-A0SK|TCGA-A1-A0SP|TCGA-A2-A04P|TCGA-A2-A04T|TCGA-A2-A0CM,0.08373396450424417,0.1400639540931403,0.19809875512854108
GraphSAGE,37,tumor,2,TCGA-A2-A04Q,TCGA-A1-A0SK|TCGA-A1-A0SP|TCGA-A2-A04P|TCGA-A2-A04T|TCGA-A2-A0CM,0.1052165858622342,0.18545339628114957,0.19809875512854108
GraphSAGE,37,tumor,0,TCGA-A2-A04T,TCGA-A1-A0SK|TCGA-A1-A0SP|TCGA-A2-A04P|TCGA-A2-A04Q|TCGA-A2-A0CM,0.059648761962046354,0.103032785252085,0.1309861045051193
GraphSAGE,37,tumor,1,TCGA-A2-A04T,TCGA-A1-A0SK|TCGA-A1-A0SP|TCGA-A2-A04P|TCGA-A2-A04Q|TCGA-A2-A0CM,0.07991392065995725,0.1683437610791266,0.1309861045051193
GraphSAGE,37,tumor,2,TCGA-A2-A04T,TCGA-A1-A0SK|TCGA-A1-A0SP|TCGA-A2-A04P|TCGA-A2-A04Q|TCGA-A2-A0CM,0.23508565368707418,0.13638520261326545,0.1309861045051193
GraphSAGE,37,tumor,0,TCGA-A2-A0CM,TCGA-A1-A0SK|TCGA-A1-A0SP|TCGA-A2-A04P|TCGA-A2-A04Q|TCGA-A2-A04T,0.1077363715931949,0.15511314565993362,0.10101429419035475
GraphSAGE,37,tumor,1,TCGA-A2-A0CM,TCGA-A1-A0SK|TCGA-A1-A0SP|TCGA-A2-A04P|TCGA-A2-A04Q|TCGA-A2-A04T,0.0868644957581943,0.14309802684404987,0.10101429419035475
GraphSAGE,37,tumor,2,TCGA-A2-A0CM,TCGA-A1-A0SK|TCGA-A1-A0SP|TCGA-A2-A04P|TCGA-A2-A04Q|TCGA-A2-A04T,0.05892234159602706,0.1930992380355622,0.10101429419035475
GraphSAGE,37,stroma,0,TCGA-A1-A0SK,TCGA-A1-A0SP|TCGA-A2-A04P|TCGA-A2-A04Q|TCGA-A2-A04T|TCGA-A2-A0CM,0.08749728014846542,0.028697813329872555,0.036240552967178735
GraphSAGE,37,stroma,1,TCGA-A1-A0SK,TCGA-A1-A0SP|TCGA-A2-A04P|TCGA-A2-A04Q|TCGA-A2-A04T|TCGA-A2-A0CM,0.10283105197858751,0.0326023457569438,0.036240552967178735
GraphSAGE,37,stroma,2,TCGA-A1-A0SK,TCGA-A1-A0SP|TCGA-A2-A04P|TCGA-A2-A04Q|TCGA-A2-A04T|TCGA-A2-A0CM,0.09625771359423448,0.038698345502223584,0.036240552967178735
GraphSAGE,37,stroma,0,TCGA-A1-A0SP,TCGA-A1-A0SK|TCGA-A2-A04P|TCGA-A2-A04Q|TCGA-A2-A04T|TCGA-A2-A0CM,0.18738358711685543,0.26224618283982715,0.13210868703542383
GraphSAGE,37,stroma,1,TCGA-A1-A0SP,TCGA-A1-A0SK|TCGA-A2-A04P|TCGA-A2-A04Q|TCGA-A2-A04T|TCGA-A2-A0CM,0.20075753860842852,0.1335483814989012,0.13210868703542383
GraphSAGE,37,stroma,2,TCGA-A1-A0SP,TCGA-A1-A0SK|TCGA-A2-A04P|TCGA-A2-A04Q|TCGA-A2-A04T|TCGA-A2-A0CM,0.134658407612233,0.13724274581284612,0.13210868703542383
GraphSAGE,37,stroma,0,TCGA-A2-A04P,TCGA-A1-A0SK|TCGA-A1-A0SP|TCGA-A2-A04Q|TCGA-A2-A04T|TCGA-A2-A0CM,0.12425427365083988,0.15881247204126686,0.1343552139153723
GraphSAGE,37,stroma,1,TCGA-A2-A04P,TCGA-A1-A0SK|TCGA-A1-A0SP|TCGA-A2-A04Q|TCGA-A2-A04T|TCGA-A2-A0CM,0.1361171467094938,0.16063311132070435,0.1343552139153723
GraphSAGE,37,stroma,2,TCGA-A2-A04P,TCGA-A1-A0SK|TCGA-A1-A0SP|TCGA-A2-A04Q|TCGA-A2-A04T|TCGA-A2-A0CM,0.15679676436495774,0.15041595711475425,0.1343552139153723
GraphSAGE,37,stroma,0,TCGA-A2-A04Q,TCGA-A1-A0SK|TCGA-A1-A0SP|TCGA-A2-A04P|TCGA-A2-A04T|TCGA-A2-A0CM,0.0304609314183413,0.09876926008225742,0.05419222413488914
GraphSAGE,37,stroma,1,TCGA-A2-A04Q,TCGA-A1-A0SK|TCGA-A1-A0SP|TCGA-A2-A04P|TCGA-A2-A04T|TCGA-A2-A0CM,0.028052273461180808,0.16323645622009908,0.05419222413488914
GraphSAGE,37,stroma,2,TCGA-A2-A04Q,TCGA-A1-A0SK|TCGA-A1-A0SP|TCGA-A2-A04P|TCGA-A2-A04T|TCGA-A2-A0CM,0.05788779700474589,0.0798048130629495,0.05419222413488914
GraphSAGE,37,stroma,0,TCGA-A2-A04T,TCGA-A1-A0SK|TCGA-A1-A0SP|TCGA-A2-A04P|TCGA-A2-A04Q|TCGA-A2-A0CM,0.06433852571211401,0.05298360300411388,0.05807617675859528
GraphSAGE,37,stroma,1,TCGA-A2-A04T,TCGA-A1-A0SK|TCGA-A1-A0SP|TCGA-A2-A04P|TCGA-A2-A04Q|TCGA-A2-A0CM,0.057323053528719754,0.062217051073449096,0.05807617675859528
GraphSAGE,37,stroma,2,TCGA-A2-A04T,TCGA-A1-A0SK|TCGA-A1-A0SP|TCGA-A2-A04P|TCGA-A2-A04Q|TCGA-A2-A0CM,0.06002818270614508,0.06088713306602404,0.05807617675859528
GraphSAGE,37,stroma,0,TCGA-A2-A0CM,TCGA-A1-A0SK|TCGA-A1-A0SP|TCGA-A2-A04P|TCGA-A2-A04Q|TCGA-A2-A04T,0.09391180960580993,0.07906871952662997,0.07509517365036285
GraphSAGE,37,stroma,1,TCGA-A2-A0CM,TCGA-A1-A0SK|TCGA-A1-A0SP|TCGA-A2-A04P|TCGA-A2-A04Q|TCGA-A2-A04T,0.1940706874332973,0.10467593352120318,0.07509517365036285
GraphSAGE,37,stroma,2,TCGA-A2-A0CM,TCGA-A1-A0SK|TCGA-A1-A0SP|TCGA-A2-A04P|TCGA-A2-A04Q|TCGA-A2-A04T,0.07934702432352062,0.07770776693514747,0.07509517365036285
GraphSAGE,37,lymphocytic_infiltrate,0,TCGA-A1-A0SK,TCGA-A1-A0SP|TCGA-A2-A04P|TCGA-A2-A04Q|TCGA-A2-A04T|TCGA-A2-A0CM,0.10856994225805841,0.06300182743529628,0.02804965705300753
GraphSAGE,37,lymphocytic_infiltrate,1,TCGA-A1-A0SK,TCGA-A1-A0SP|TCGA-A2-A04P|TCGA-A2-A04Q|TCGA-A2-A04T|TCGA-A2-A0CM,0.07562585710477986,0.011972136786676201,0.02804965705300753
GraphSAGE,37,lymphocytic_infiltrate,2,TCGA-A1-A0SK,TCGA-A1-A0SP|TCGA-A2-A04P|TCGA-A2-A04Q|TCGA-A2-A04T|TCGA-A2-A0CM,0.019375323160218727,0.018560667897228333,0.02804965705300753
GraphSAGE,37,lymphocytic_infiltrate,0,TCGA-A1-A0SP,TCGA-A1-A0SK|TCGA-A2-A04P|TCGA-A2-A04Q|TCGA-A2-A04T|TCGA-A2-A0CM,0.15002748395423743,0.08645513656381482,0.03371289920742107
GraphSAGE,37,lymphocytic_infiltrate,1,TCGA-A1-A0SP,TCGA-A1-A0SK|TCGA-A2-A04P|TCGA-A2-A04Q|TCGA-A2-A04T|TCGA-A2-A0CM,0.062503876855922,0.043999359381297995,0.03371289920742107
GraphSAGE,37,lymphocytic_infiltrate,2,TCGA-A1-A0SP,TCGA-A1-A0SK|TCGA-A2-A04P|TCGA-A2-A04Q|TCGA-A2-A04T|TCGA-A2-A0CM,0.06735998495101873,0.0614050979363831,0.03371289920742107
GraphSAGE,37,lymphocytic_infiltrate,0,TCGA-A2-A04P,TCGA-A1-A0SK|TCGA-A1-A0SP|TCGA-A2-A04Q|TCGA-A2-A04T|TCGA-A2-A0CM,0.07641041421643308,0.0732556187214121,0.042042623833166426
GraphSAGE,37,lymphocytic_infiltrate,1,TCGA-A2-A04P,TCGA-A1-A0SK|TCGA-A1-A0SP|TCGA-A2-A04Q|TCGA-A2-A04T|TCGA-A2-A0CM,0.09317554764533931,0.0923493202970111,0.042042623833166426
GraphSAGE,37,lymphocytic_infiltrate,2,TCGA-A2-A04P,TCGA-A1-A0SK|TCGA-A1-A0SP|TCGA-A2-A04Q|TCGA-A2-A04T|TCGA-A2-A0CM,0.09888017590920536,0.09354923931686666,0.042042623833166426
GraphSAGE,37,lymphocytic_infiltrate,0,TCGA-A2-A04Q,TCGA-A1-A0SK|TCGA-A1-A0SP|TCGA-A2-A04P|TCGA-A2-A04T|TCGA-A2-A0CM,0.3595697690177091,0.42467046834719013,0.4882590158420743
GraphSAGE,37,lymphocytic_infiltrate,1,TCGA-A2-A04Q,TCGA-A1-A0SK|TCGA-A1-A0SP|TCGA-A2-A04P|TCGA-A2-A04T|TCGA-A2-A0CM,0.3961217610290218,0.37792567730941395,0.4882590158420743
GraphSAGE,37,lymphocytic_infiltrate,2,TCGA-A2-A04Q,TCGA-A1-A0SK|TCGA-A1-A0SP|TCGA-A2-A04P|TCGA-A2-A04T|TCGA-A2-A0CM,0.4237584717131325,0.4512831404857246,0.4882590158420743
GraphSAGE,37,lymphocytic_infiltrate,0,TCGA-A2-A04T,TCGA-A1-A0SK|TCGA-A1-A0SP|TCGA-A2-A04P|TCGA-A2-A04Q|TCGA-A2-A0CM,0.022104387048394347,0.0056385514125358764,0.02729143654427445
GraphSAGE,37,lymphocytic_infiltrate,1,TCGA-A2-A04T,TCGA-A1-A0SK|TCGA-A1-A0SP|TCGA-A2-A04P|TCGA-A2-A04Q|TCGA-A2-A0CM,0.01711923345720185,0.0038169742991398465,0.02729143654427445
GraphSAGE,37,lymphocytic_infiltrate,2,TCGA-A2-A04T,TCGA-A1-A0SK|TCGA-A1-A0SP|TCGA-A2-A04P|TCGA-A2-A04Q|TCGA-A2-A0CM,0.020278895528837913,0.018560615732810242,0.02729143654427445
GraphSAGE,37,lymphocytic_infiltrate,0,TCGA-A2-A0CM,TCGA-A1-A0SK|TCGA-A1-A0SP|TCGA-A2-A04P|TCGA-A2-A04Q|TCGA-A2-A04T,0.03628565238264582,0.025848139758181045,0.027979303513494418
GraphSAGE,37,lymphocytic_infiltrate,1,TCGA-A2-A0CM,TCGA-A1-A0SK|TCGA-A1-A0SP|TCGA-A2-A04P|TCGA-A2-A04Q|TCGA-A2-A04T,0.011253939579366174,0.01412644556409919,0.027979303513494418
GraphSAGE,37,lymphocytic_infiltrate,2,TCGA-A2-A0CM,TCGA-A1-A0SK|TCGA-A1-A0SP|TCGA-A2-A04P|TCGA-A2-A04Q|TCGA-A2-A04T,0.053613054246539345,0.06937843169077204,0.027979303513494418
GraphSAGE,53,tumor,0,TCGA-A1-A0SK,TCGA-A1-A0SP|TCGA-A2-A04P|TCGA-A2-A04Q|TCGA-A2-A04T|TCGA-A2-A0CM,0.018526803636045138,0.07236964362130073,0.09725998586063433
GraphSAGE,53,tumor,1,TCGA-A1-A0SK,TCGA-A1-A0SP|TCGA-A2-A04P|TCGA-A2-A04Q|TCGA-A2-A04T|TCGA-A2-A0CM,0.05338894084519753,0.07708406718545072,0.09725998586063433
GraphSAGE,53,tumor,2,TCGA-A1-A0SK,TCGA-A1-A0SP|TCGA-A2-A04P|TCGA-A2-A04Q|TCGA-A2-A04T|TCGA-A2-A0CM,0.04101136831988869,0.06220076928365573,0.09725998586063433
GraphSAGE,53,tumor,0,TCGA-A1-A0SP,TCGA-A1-A0SK|TCGA-A2-A04P|TCGA-A2-A04Q|TCGA-A2-A04T|TCGA-A2-A0CM,0.3754067132435744,0.16650383159407373,0.15982872583559835
GraphSAGE,53,tumor,1,TCGA-A1-A0SP,TCGA-A1-A0SK|TCGA-A2-A04P|TCGA-A2-A04Q|TCGA-A2-A04T|TCGA-A2-A0CM,0.757912791075881,0.1672992464045977,0.15982872583559835
GraphSAGE,53,tumor,2,TCGA-A1-A0SP,TCGA-A1-A0SK|TCGA-A2-A04P|TCGA-A2-A04Q|TCGA-A2-A04T|TCGA-A2-A0CM,0.09981024063322266,0.2054396844995653,0.15982872583559835
GraphSAGE,53,tumor,0,TCGA-A2-A04P,TCGA-A1-A0SK|TCGA-A1-A0SP|TCGA-A2-A04Q|TCGA-A2-A04T|TCGA-A2-A0CM,0.08070879476184403,0.11994208722427882,0.11802829001032702
GraphSAGE,53,tumor,1,TCGA-A2-A04P,TCGA-A1-A0SK|TCGA-A1-A0SP|TCGA-A2-A04Q|TCGA-A2-A04T|TCGA-A2-A0CM,0.09203839048210864,0.10313745469783295,0.11802829001032702
GraphSAGE,53,tumor,2,TCGA-A2-A04P,TCGA-A1-A0SK|TCGA-A1-A0SP|TCGA-A2-A04Q|TCGA-A2-A04T|TCGA-A2-A0CM,0.10815859738974605,0.10403537514148245,0.11802829001032702
GraphSAGE,53,tumor,0,TCGA-A2-A04Q,TCGA-A1-A0SK|TCGA-A1-A0SP|TCGA-A2-A04P|TCGA-A2-A04T|TCGA-A2-A0CM,0.071812076661122,0.14369478256208412,0.19809875512854108
GraphSAGE,53,tumor,1,TCGA-A2-A04Q,TCGA-A1-A0SK|TCGA-A1-A0SP|TCGA-A2-A04P|TCGA-A2-A04T|TCGA-A2-A0CM,0.09139953554019221,0.1319739407612781,0.19809875512854108
GraphSAGE,53,tumor,2,TCGA-A2-A04Q,TCGA-A1-A0SK|TCGA-A1-A0SP|TCGA-A2-A04P|TCGA-A2-A04T|TCGA-A2-A0CM,0.11193508604576416,0.1516073910908524,0.19809875512854108
GraphSAGE,53,tumor,0,TCGA-A2-A04T,TCGA-A1-A0SK|TCGA-A1-A0SP|TCGA-A2-A04P|TCGA-A2-A04Q|TCGA-A2-A0CM,0.059648761962046354,0.10131878867320056,0.1309861045051193
GraphSAGE,53,tumor,1,TCGA-A2-A04T,TCGA-A1-A0SK|TCGA-A1-A0SP|TCGA-A2-A04P|TCGA-A2-A04Q|TCGA-A2-A0CM,0.14352706891341824,0.08617972744624382,0.1309861045051193
GraphSAGE,53,tumor,2,TCGA-A2-A04T,TCGA-A1-A0SK|TCGA-A1-A0SP|TCGA-A2-A04P|TCGA-A2-A04Q|TCGA-A2-A0CM,0.14111716609677796,0.1251614142192878,0.1309861045051193
GraphSAGE,53,tumor,0,TCGA-A2-A0CM,TCGA-A1-A0SK|TCGA-A1-A0SP|TCGA-A2-A04P|TCGA-A2-A04Q|TCGA-A2-A04T,0.1077363715931949,0.10311398105108566,0.10101429419035475
GraphSAGE,53,tumor,1,TCGA-A2-A0CM,TCGA-A1-A0SK|TCGA-A1-A0SP|TCGA-A2-A04P|TCGA-A2-A04Q|TCGA-A2-A04T,0.12042705606897217,0.17758415223426977,0.10101429419035475
GraphSAGE,53,tumor,2,TCGA-A2-A0CM,TCGA-A1-A0SK|TCGA-A1-A0SP|TCGA-A2-A04P|TCGA-A2-A04Q|TCGA-A2-A04T,0.09900835368720746,0.16050478527144468,0.10101429419035475
GraphSAGE,53,stroma,0,TCGA-A1-A0SK,TCGA-A1-A0SP|TCGA-A2-A04P|TCGA-A2-A04Q|TCGA-A2-A04T|TCGA-A2-A0CM,0.08749728014846542,0.03565998305732268,0.036240552967178735
GraphSAGE,53,stroma,1,TCGA-A1-A0SK,TCGA-A1-A0SP|TCGA-A2-A04P|TCGA-A2-A04Q|TCGA-A2-A04T|TCGA-A2-A0CM,0.049444387563385775,0.03603576195662592,0.036240552967178735
GraphSAGE,53,stroma,2,TCGA-A1-A0SK,TCGA-A1-A0SP|TCGA-A2-A04P|TCGA-A2-A04Q|TCGA-A2-A04T|TCGA-A2-A0CM,0.07481805173271967,0.07266666701814933,0.036240552967178735
GraphSAGE,53,stroma,0,TCGA-A1-A0SP,TCGA-A1-A0SK|TCGA-A2-A04P|TCGA-A2-A04Q|TCGA-A2-A04T|TCGA-A2-A0CM,0.18738358711685543,0.2884660034486285,0.13210868703542383
GraphSAGE,53,stroma,1,TCGA-A1-A0SP,TCGA-A1-A0SK|TCGA-A2-A04P|TCGA-A2-A04Q|TCGA-A2-A04T|TCGA-A2-A0CM,0.18864007336852984,0.37386719629777526,0.13210868703542383
GraphSAGE,53,stroma,2,TCGA-A1-A0SP,TCGA-A1-A0SK|TCGA-A2-A04P|TCGA-A2-A04Q|TCGA-A2-A04T|TCGA-A2-A0CM,0.11141260556712491,0.2362405887193598,0.13210868703542383
GraphSAGE,53,stroma,0,TCGA-A2-A04P,TCGA-A1-A0SK|TCGA-A1-A0SP|TCGA-A2-A04Q|TCGA-A2-A04T|TCGA-A2-A0CM,0.12425427365083988,0.16954450052066244,0.1343552139153723
GraphSAGE,53,stroma,1,TCGA-A2-A04P,TCGA-A1-A0SK|TCGA-A1-A0SP|TCGA-A2-A04Q|TCGA-A2-A04T|TCGA-A2-A0CM,0.15420179360286596,0.16398076282613064,0.1343552139153723
GraphSAGE,53,stroma,2,TCGA-A2-A04P,TCGA-A1-A0SK|TCGA-A1-A0SP|TCGA-A2-A04Q|TCGA-A2-A04T|TCGA-A2-A0CM,0.1573314461463725,0.15313713668445672,0.1343552139153723
GraphSAGE,53,stroma,0,TCGA-A2-A04Q,TCGA-A1-A0SK|TCGA-A1-A0SP|TCGA-A2-A04P|TCGA-A2-A04T|TCGA-A2-A0CM,0.0304609314183413,0.0879090188251332,0.05419222413488914
GraphSAGE,53,stroma,1,TCGA-A2-A04Q,TCGA-A1-A0SK|TCGA-A1-A0SP|TCGA-A2-A04P|TCGA-A2-A04T|TCGA-A2-A0CM,0.050284560994386295,0.10955911665426774,0.05419222413488914
GraphSAGE,53,stroma,2,TCGA-A2-A04Q,TCGA-A1-A0SK|TCGA-A1-A0SP|TCGA-A2-A04P|TCGA-A2-A04T|TCGA-A2-A0CM,0.06935703996655171,0.08362380774063538,0.05419222413488914
GraphSAGE,53,stroma,0,TCGA-A2-A04T,TCGA-A1-A0SK|TCGA-A1-A0SP|TCGA-A2-A04P|TCGA-A2-A04Q|TCGA-A2-A0CM,0.06433852571211401,0.06879433376994376,0.05807617675859528
GraphSAGE,53,stroma,1,TCGA-A2-A04T,TCGA-A1-A0SK|TCGA-A1-A0SP|TCGA-A2-A04P|TCGA-A2-A04Q|TCGA-A2-A0CM,0.06735069820525422,0.05836374752251468,0.05807617675859528
GraphSAGE,53,stroma,2,TCGA-A2-A04T,TCGA-A1-A0SK|TCGA-A1-A0SP|TCGA-A2-A04P|TCGA-A2-A04Q|TCGA-A2-A0CM,0.056906681328548404,0.05621627691681862,0.05807617675859528
GraphSAGE,53,stroma,0,TCGA-A2-A0CM,TCGA-A1-A0SK|TCGA-A1-A0SP|TCGA-A2-A04P|TCGA-A2-A04Q|TCGA-A2-A04T,0.09391180960580993,0.07975333031645382,0.07509517365036285
GraphSAGE,53,stroma,1,TCGA-A2-A0CM,TCGA-A1-A0SK|TCGA-A1-A0SP|TCGA-A2-A04P|TCGA-A2-A04Q|TCGA-A2-A04T,0.0927055886328774,0.09968187021470967,0.07509517365036285
GraphSAGE,53,stroma,2,TCGA-A2-A0CM,TCGA-A1-A0SK|TCGA-A1-A0SP|TCGA-A2-A04P|TCGA-A2-A04Q|TCGA-A2-A04T,0.08472179263984578,0.1145188553641498,0.07509517365036285
GraphSAGE,53,lymphocytic_infiltrate,0,TCGA-A1-A0SK,TCGA-A1-A0SP|TCGA-A2-A04P|TCGA-A2-A04Q|TCGA-A2-A04T|TCGA-A2-A0CM,0.10856994225805841,0.07108881223397484,0.02804965705300753
GraphSAGE,53,lymphocytic_infiltrate,1,TCGA-A1-A0SK,TCGA-A1-A0SP|TCGA-A2-A04P|TCGA-A2-A04Q|TCGA-A2-A04T|TCGA-A2-A0CM,0.046709481212785106,0.028934912306591395,0.02804965705300753
GraphSAGE,53,lymphocytic_infiltrate,2,TCGA-A1-A0SK,TCGA-A1-A0SP|TCGA-A2-A04P|TCGA-A2-A04Q|TCGA-A2-A04T|TCGA-A2-A0CM,0.02322650702378873,0.014241362714146895,0.02804965705300753
GraphSAGE,53,lymphocytic_infiltrate,0,TCGA-A1-A0SP,TCGA-A1-A0SK|TCGA-A2-A04P|TCGA-A2-A04Q|TCGA-A2-A04T|TCGA-A2-A0CM,0.15002748395423743,0.0769734579545209,0.03371289920742107
GraphSAGE,53,lymphocytic_infiltrate,1,TCGA-A1-A0SP,TCGA-A1-A0SK|TCGA-A2-A04P|TCGA-A2-A04Q|TCGA-A2-A04T|TCGA-A2-A0CM,0.047947342334970416,0.028197748854000892,0.03371289920742107
GraphSAGE,53,lymphocytic_infiltrate,2,TCGA-A1-A0SP,TCGA-A1-A0SK|TCGA-A2-A04P|TCGA-A2-A04Q|TCGA-A2-A04T|TCGA-A2-A0CM,0.10102560021643084,0.09179496973139227,0.03371289920742107
GraphSAGE,53,lymphocytic_infiltrate,0,TCGA-A2-A04P,TCGA-A1-A0SK|TCGA-A1-A0SP|TCGA-A2-A04Q|TCGA-A2-A04T|TCGA-A2-A0CM,0.07641041421643308,0.06904957777189172,0.042042623833166426
GraphSAGE,53,lymphocytic_infiltrate,1,TCGA-A2-A04P,TCGA-A1-A0SK|TCGA-A1-A0SP|TCGA-A2-A04Q|TCGA-A2-A04T|TCGA-A2-A0CM,0.08656944401812194,0.07960392694000001,0.042042623833166426
GraphSAGE,53,lymphocytic_infiltrate,2,TCGA-A2-A04P,TCGA-A1-A0SK|TCGA-A1-A0SP|TCGA-A2-A04Q|TCGA-A2-A04T|TCGA-A2-A0CM,0.09949789964599376,0.09555251114975952,0.042042623833166426
GraphSAGE,53,lymphocytic_infiltrate,0,TCGA-A2-A04Q,TCGA-A1-A0SK|TCGA-A1-A0SP|TCGA-A2-A04P|TCGA-A2-A04T|TCGA-A2-A0CM,0.3595697690177091,0.44738985109666896,0.4882590158420743
GraphSAGE,53,lymphocytic_infiltrate,1,TCGA-A2-A04Q,TCGA-A1-A0SK|TCGA-A1-A0SP|TCGA-A2-A04P|TCGA-A2-A04T|TCGA-A2-A0CM,0.330110099208559,0.4158887477034484,0.4882590158420743
GraphSAGE,53,lymphocytic_infiltrate,2,TCGA-A2-A04Q,TCGA-A1-A0SK|TCGA-A1-A0SP|TCGA-A2-A04P|TCGA-A2-A04T|TCGA-A2-A0CM,0.3842358827850897,0.42984350360370366,0.4882590158420743
GraphSAGE,53,lymphocytic_infiltrate,0,TCGA-A2-A04T,TCGA-A1-A0SK|TCGA-A1-A0SP|TCGA-A2-A04P|TCGA-A2-A04Q|TCGA-A2-A0CM,0.022104387048394347,0.005558460640506075,0.02729143654427445
GraphSAGE,53,lymphocytic_infiltrate,1,TCGA-A2-A04T,TCGA-A1-A0SK|TCGA-A1-A0SP|TCGA-A2-A04P|TCGA-A2-A04Q|TCGA-A2-A0CM,0.02809469372534967,0.010368340694209997,0.02729143654427445
GraphSAGE,53,lymphocytic_infiltrate,2,TCGA-A2-A04T,TCGA-A1-A0SK|TCGA-A1-A0SP|TCGA-A2-A04P|TCGA-A2-A04Q|TCGA-A2-A0CM,0.016723974429695157,0.017542736542103164,0.02729143654427445
GraphSAGE,53,lymphocytic_infiltrate,0,TCGA-A2-A0CM,TCGA-A1-A0SK|TCGA-A1-A0SP|TCGA-A2-A04P|TCGA-A2-A04Q|TCGA-A2-A04T,0.03628565238264582,0.02259107819370322,0.027979303513494418
GraphSAGE,53,lymphocytic_infiltrate,1,TCGA-A2-A0CM,TCGA-A1-A0SK|TCGA-A1-A0SP|TCGA-A2-A04P|TCGA-A2-A04Q|TCGA-A2-A04T,0.02064259288875923,0.04335368919286687,0.027979303513494418
GraphSAGE,53,lymphocytic_infiltrate,2,TCGA-A2-A0CM,TCGA-A1-A0SK|TCGA-A1-A0SP|TCGA-A2-A04P|TCGA-A2-A04Q|TCGA-A2-A04T,0.011180787554962806,0.028167087203030412,0.027979303513494418
GraphSAGE,71,tumor,0,TCGA-A1-A0SK,TCGA-A1-A0SP|TCGA-A2-A04P|TCGA-A2-A04Q|TCGA-A2-A04T|TCGA-A2-A0CM,0.018526803636045138,0.1022344366943715,0.09725998586063433
GraphSAGE,71,tumor,1,TCGA-A1-A0SK,TCGA-A1-A0SP|TCGA-A2-A04P|TCGA-A2-A04Q|TCGA-A2-A04T|TCGA-A2-A0CM,0.015858673618253532,0.11988842038162166,0.09725998586063433
GraphSAGE,71,tumor,2,TCGA-A1-A0SK,TCGA-A1-A0SP|TCGA-A2-A04P|TCGA-A2-A04Q|TCGA-A2-A04T|TCGA-A2-A0CM,0.029604756406440294,0.13281728590176914,0.09725998586063433
GraphSAGE,71,tumor,0,TCGA-A1-A0SP,TCGA-A1-A0SK|TCGA-A2-A04P|TCGA-A2-A04Q|TCGA-A2-A04T|TCGA-A2-A0CM,0.3754067132435744,0.2005768564804335,0.15982872583559835
GraphSAGE,71,tumor,1,TCGA-A1-A0SP,TCGA-A1-A0SK|TCGA-A2-A04P|TCGA-A2-A04Q|TCGA-A2-A04T|TCGA-A2-A0CM,0.0527579493892051,0.150209989336739,0.15982872583559835
GraphSAGE,71,tumor,2,TCGA-A1-A0SP,TCGA-A1-A0SK|TCGA-A2-A04P|TCGA-A2-A04Q|TCGA-A2-A04T|TCGA-A2-A0CM,0.11855828107720154,0.1523574173254537,0.15982872583559835
GraphSAGE,71,tumor,0,TCGA-A2-A04P,TCGA-A1-A0SK|TCGA-A1-A0SP|TCGA-A2-A04Q|TCGA-A2-A04T|TCGA-A2-A0CM,0.08070879476184403,0.11540330786696035,0.11802829001032702
GraphSAGE,71,tumor,1,TCGA-A2-A04P,TCGA-A1-A0SK|TCGA-A1-A0SP|TCGA-A2-A04Q|TCGA-A2-A04T|TCGA-A2-A0CM,0.07132586665943282,0.11038957968917953,0.11802829001032702
GraphSAGE,71,tumor,2,TCGA-A2-A04P,TCGA-A1-A0SK|TCGA-A1-A0SP|TCGA-A2-A04Q|TCGA-A2-A04T|TCGA-A2-A0CM,0.09698094483898714,0.1072091245558777,0.11802829001032702
GraphSAGE,71,tumor,0,TCGA-A2-A04Q,TCGA-A1-A0SK|TCGA-A1-A0SP|TCGA-A2-A04P|TCGA-A2-A04T|TCGA-A2-A0CM,0.071812076661122,0.14693033941951406,0.19809875512854108
GraphSAGE,71,tumor,1,TCGA-A2-A04Q,TCGA-A1-A0SK|TCGA-A1-A0SP|TCGA-A2-A04P|TCGA-A2-A04T|TCGA-A2-A0CM,0.07837399575087214,0.1369007486706656,0.19809875512854108
GraphSAGE,71,tumor,2,TCGA-A2-A04Q,TCGA-A1-A0SK|TCGA-A1-A0SP|TCGA-A2-A04P|TCGA-A2-A04T|TCGA-A2-A0CM,0.109305741240599,0.1604785489904419,0.19809875512854108
GraphSAGE,71,tumor,0,TCGA-A2-A04T,TCGA-A1-A0SK|TCGA-A1-A0SP|TCGA-A2-A04P|TCGA-A2-A04Q|TCGA-A2-A0CM,0.059648761962046354,0.10707857782739613,0.1309861045051193
GraphSAGE,71,tumor,1,TCGA-A2-A04T,TCGA-A1-A0SK|TCGA-A1-A0SP|TCGA-A2-A04P|TCGA-A2-A04Q|TCGA-A2-A0CM,0.06093815108576238,0.12464788707682745,0.1309861045051193
GraphSAGE,71,tumor,2,TCGA-A2-A04T,TCGA-A1-A0SK|TCGA-A1-A0SP|TCGA-A2-A04P|TCGA-A2-A04Q|TCGA-A2-A0CM,0.10779035814850974,0.12814963320249592,0.1309861045051193
GraphSAGE,71,tumor,0,TCGA-A2-A0CM,TCGA-A1-A0SK|TCGA-A1-A0SP|TCGA-A2-A04P|TCGA-A2-A04Q|TCGA-A2-A04T,0.1077363715931949,0.15245341295289216,0.10101429419035475
GraphSAGE,71,tumor,1,TCGA-A2-A0CM,TCGA-A1-A0SK|TCGA-A1-A0SP|TCGA-A2-A04P|TCGA-A2-A04Q|TCGA-A2-A04T,0.07683023405819409,0.15006536621829708,0.10101429419035475
GraphSAGE,71,tumor,2,TCGA-A2-A0CM,TCGA-A1-A0SK|TCGA-A1-A0SP|TCGA-A2-A04P|TCGA-A2-A04Q|TCGA-A2-A04T,0.09038814002064077,0.1419756143067357,0.10101429419035475
GraphSAGE,71,stroma,0,TCGA-A1-A0SK,TCGA-A1-A0SP|TCGA-A2-A04P|TCGA-A2-A04Q|TCGA-A2-A04T|TCGA-A2-A0CM,0.08749728014846542,0.02893053024426724,0.036240552967178735
GraphSAGE,71,stroma,1,TCGA-A1-A0SK,TCGA-A1-A0SP|TCGA-A2-A04P|TCGA-A2-A04Q|TCGA-A2-A04T|TCGA-A2-A0CM,0.07042109252551067,0.030266629502131506,0.036240552967178735
GraphSAGE,71,stroma,2,TCGA-A1-A0SK,TCGA-A1-A0SP|TCGA-A2-A04P|TCGA-A2-A04Q|TCGA-A2-A04T|TCGA-A2-A0CM,0.06779518511932213,0.028914880626693576,0.036240552967178735
GraphSAGE,71,stroma,0,TCGA-A1-A0SP,TCGA-A1-A0SK|TCGA-A2-A04P|TCGA-A2-A04Q|TCGA-A2-A04T|TCGA-A2-A0CM,0.18738358711685543,0.28965246192440003,0.13210868703542383
GraphSAGE,71,stroma,1,TCGA-A1-A0SP,TCGA-A1-A0SK|TCGA-A2-A04P|TCGA-A2-A04Q|TCGA-A2-A04T|TCGA-A2-A0CM,0.11687464758677296,0.20918270932670363,0.13210868703542383
GraphSAGE,71,stroma,2,TCGA-A1-A0SP,TCGA-A1-A0SK|TCGA-A2-A04P|TCGA-A2-A04Q|TCGA-A2-A04T|TCGA-A2-A0CM,0.1367800151376515,0.14036644712309565,0.13210868703542383
GraphSAGE,71,stroma,0,TCGA-A2-A04P,TCGA-A1-A0SK|TCGA-A1-A0SP|TCGA-A2-A04Q|TCGA-A2-A04T|TCGA-A2-A0CM,0.12425427365083988,0.14959431552326352,0.1343552139153723
GraphSAGE,71,stroma,1,TCGA-A2-A04P,TCGA-A1-A0SK|TCGA-A1-A0SP|TCGA-A2-A04Q|TCGA-A2-A04T|TCGA-A2-A0CM,0.14189042897412746,0.15627560938869633,0.1343552139153723
GraphSAGE,71,stroma,2,TCGA-A2-A04P,TCGA-A1-A0SK|TCGA-A1-A0SP|TCGA-A2-A04Q|TCGA-A2-A04T|TCGA-A2-A0CM,0.15530369250565423,0.1460485236841007,0.1343552139153723
GraphSAGE,71,stroma,0,TCGA-A2-A04Q,TCGA-A1-A0SK|TCGA-A1-A0SP|TCGA-A2-A04P|TCGA-A2-A04T|TCGA-A2-A0CM,0.0304609314183413,0.12785103688626095,0.05419222413488914
GraphSAGE,71,stroma,1,TCGA-A2-A04Q,TCGA-A1-A0SK|TCGA-A1-A0SP|TCGA-A2-A04P|TCGA-A2-A04T|TCGA-A2-A0CM,0.057329799038028206,0.14708113290634486,0.05419222413488914
GraphSAGE,71,stroma,2,TCGA-A2-A04Q,TCGA-A1-A0SK|TCGA-A1-A0SP|TCGA-A2-A04P|TCGA-A2-A04T|TCGA-A2-A0CM,0.06266699589498476,0.10869310146211691,0.05419222413488914
GraphSAGE,71,stroma,0,TCGA-A2-A04T,TCGA-A1-A0SK|TCGA-A1-A0SP|TCGA-A2-A04P|TCGA-A2-A04Q|TCGA-A2-A0CM,0.06433852571211401,0.05504793785344933,0.05807617675859528
GraphSAGE,71,stroma,1,TCGA-A2-A04T,TCGA-A1-A0SK|TCGA-A1-A0SP|TCGA-A2-A04P|TCGA-A2-A04Q|TCGA-A2-A0CM,0.054748598958489235,0.057909177871936605,0.05807617675859528
GraphSAGE,71,stroma,2,TCGA-A2-A04T,TCGA-A1-A0SK|TCGA-A1-A0SP|TCGA-A2-A04P|TCGA-A2-A04Q|TCGA-A2-A0CM,0.06606603083142444,0.06115401212882601,0.05807617675859528
GraphSAGE,71,stroma,0,TCGA-A2-A0CM,TCGA-A1-A0SK|TCGA-A1-A0SP|TCGA-A2-A04P|TCGA-A2-A04Q|TCGA-A2-A04T,0.09391180960580993,0.08174470637271289,0.07509517365036285
GraphSAGE,71,stroma,1,TCGA-A2-A0CM,TCGA-A1-A0SK|TCGA-A1-A0SP|TCGA-A2-A04P|TCGA-A2-A04Q|TCGA-A2-A04T,0.1867532091007713,0.08056010789530813,0.07509517365036285
GraphSAGE,71,stroma,2,TCGA-A2-A0CM,TCGA-A1-A0SK|TCGA-A1-A0SP|TCGA-A2-A04P|TCGA-A2-A04Q|TCGA-A2-A04T,0.07414455845924275,0.08063611712038146,0.07509517365036285
GraphSAGE,71,lymphocytic_infiltrate,0,TCGA-A1-A0SK,TCGA-A1-A0SP|TCGA-A2-A04P|TCGA-A2-A04Q|TCGA-A2-A04T|TCGA-A2-A0CM,0.10856994225805841,0.07294715874814132,0.02804965705300753
GraphSAGE,71,lymphocytic_infiltrate,1,TCGA-A1-A0SK,TCGA-A1-A0SP|TCGA-A2-A04P|TCGA-A2-A04Q|TCGA-A2-A04T|TCGA-A2-A0CM,0.049764410764924286,0.018780765369582113,0.02804965705300753
GraphSAGE,71,lymphocytic_infiltrate,2,TCGA-A1-A0SK,TCGA-A1-A0SP|TCGA-A2-A04P|TCGA-A2-A04Q|TCGA-A2-A04T|TCGA-A2-A0CM,0.024942203234034184,0.017384802061484756,0.02804965705300753
GraphSAGE,71,lymphocytic_infiltrate,0,TCGA-A1-A0SP,TCGA-A1-A0SK|TCGA-A2-A04P|TCGA-A2-A04Q|TCGA-A2-A04T|TCGA-A2-A0CM,0.15002748395423743,0.137666125958468,0.03371289920742107
GraphSAGE,71,lymphocytic_infiltrate,1,TCGA-A1-A0SP,TCGA-A1-A0SK|TCGA-A2-A04P|TCGA-A2-A04Q|TCGA-A2-A04T|TCGA-A2-A0CM,0.013900175167302723,0.027305602608475275,0.03371289920742107
GraphSAGE,71,lymphocytic_infiltrate,2,TCGA-A1-A0SP,TCGA-A1-A0SK|TCGA-A2-A04P|TCGA-A2-A04Q|TCGA-A2-A04T|TCGA-A2-A0CM,0.054163774223738574,0.043501216666149284,0.03371289920742107
GraphSAGE,71,lymphocytic_infiltrate,0,TCGA-A2-A04P,TCGA-A1-A0SK|TCGA-A1-A0SP|TCGA-A2-A04Q|TCGA-A2-A04T|TCGA-A2-A0CM,0.07641041421643308,0.07217946628249708,0.042042623833166426
GraphSAGE,71,lymphocytic_infiltrate,1,TCGA-A2-A04P,TCGA-A1-A0SK|TCGA-A1-A0SP|TCGA-A2-A04Q|TCGA-A2-A04T|TCGA-A2-A0CM,0.09005491196222797,0.08974507291641036,0.042042623833166426
GraphSAGE,71,lymphocytic_infiltrate,2,TCGA-A2-A04P,TCGA-A1-A0SK|TCGA-A1-A0SP|TCGA-A2-A04Q|TCGA-A2-A04T|TCGA-A2-A0CM,0.10650595800855066,0.10307347509566306,0.042042623833166426
GraphSAGE,71,lymphocytic_infiltrate,0,TCGA-A2-A04Q,TCGA-A1-A0SK|TCGA-A1-A0SP|TCGA-A2-A04P|TCGA-A2-A04T|TCGA-A2-A0CM,0.3595697690177091,0.4244086200892102,0.4882590158420743
GraphSAGE,71,lymphocytic_infiltrate,1,TCGA-A2-A04Q,TCGA-A1-A0SK|TCGA-A1-A0SP|TCGA-A2-A04P|TCGA-A2-A04T|TCGA-A2-A0CM,0.33327202161625197,0.3963304885839689,0.4882590158420743
GraphSAGE,71,lymphocytic_infiltrate,2,TCGA-A2-A04Q,TCGA-A1-A0SK|TCGA-A1-A0SP|TCGA-A2-A04P|TCGA-A2-A04T|TCGA-A2-A0CM,0.3876491875483038,0.4204104593624821,0.4882590158420743
GraphSAGE,71,lymphocytic_infiltrate,0,TCGA-A2-A04T,TCGA-A1-A0SK|TCGA-A1-A0SP|TCGA-A2-A04P|TCGA-A2-A04Q|TCGA-A2-A0CM,0.022104387048394347,0.006213105026491123,0.02729143654427445
GraphSAGE,71,lymphocytic_infiltrate,1,TCGA-A2-A04T,TCGA-A1-A0SK|TCGA-A1-A0SP|TCGA-A2-A04P|TCGA-A2-A04Q|TCGA-A2-A0CM,0.024868657217890444,0.006633425999266573,0.02729143654427445
GraphSAGE,71,lymphocytic_infiltrate,2,TCGA-A2-A04T,TCGA-A1-A0SK|TCGA-A1-A0SP|TCGA-A2-A04P|TCGA-A2-A04Q|TCGA-A2-A0CM,0.020645346495770812,0.02813331120409611,0.02729143654427445
GraphSAGE,71,lymphocytic_infiltrate,0,TCGA-A2-A0CM,TCGA-A1-A0SK|TCGA-A1-A0SP|TCGA-A2-A04P|TCGA-A2-A04Q|TCGA-A2-A04T,0.03628565238264582,0.02163270538935992,0.027979303513494418
GraphSAGE,71,lymphocytic_infiltrate,1,TCGA-A2-A0CM,TCGA-A1-A0SK|TCGA-A1-A0SP|TCGA-A2-A04P|TCGA-A2-A04Q|TCGA-A2-A04T,0.011114104483016876,0.009999796739374255,0.027979303513494418
GraphSAGE,71,lymphocytic_infiltrate,2,TCGA-A2-A0CM,TCGA-A1-A0SK|TCGA-A1-A0SP|TCGA-A2-A04P|TCGA-A2-A04Q|TCGA-A2-A04T,0.014329470343206585,0.013029031994215899,0.027979303513494418
GATv2,11,tumor,0,TCGA-A1-A0SK,TCGA-A1-A0SP|TCGA-A2-A04P|TCGA-A2-A04Q|TCGA-A2-A04T|TCGA-A2-A0CM,0.018526803636045138,0.07263357657075512,0.09725998586063433
GATv2,11,tumor,1,TCGA-A1-A0SK,TCGA-A1-A0SP|TCGA-A2-A04P|TCGA-A2-A04Q|TCGA-A2-A04T|TCGA-A2-A0CM,0.050368850134070206,0.2699455016949909,0.09725998586063433
GATv2,11,tumor,2,TCGA-A1-A0SK,TCGA-A1-A0SP|TCGA-A2-A04P|TCGA-A2-A04Q|TCGA-A2-A04T|TCGA-A2-A0CM,0.02818943488143541,0.0892706826829075,0.09725998586063433
GATv2,11,tumor,0,TCGA-A1-A0SP,TCGA-A1-A0SK|TCGA-A2-A04P|TCGA-A2-A04Q|TCGA-A2-A04T|TCGA-A2-A0CM,0.3754067132435744,0.1532909959409115,0.15982872583559835
GATv2,11,tumor,1,TCGA-A1-A0SP,TCGA-A1-A0SK|TCGA-A2-A04P|TCGA-A2-A04Q|TCGA-A2-A04T|TCGA-A2-A0CM,0.10976893020710363,0.22781824038590906,0.15982872583559835
GATv2,11,tumor,2,TCGA-A1-A0SP,TCGA-A1-A0SK|TCGA-A2-A04P|TCGA-A2-A04Q|TCGA-A2-A04T|TCGA-A2-A0CM,0.1831541283730923,0.22435587479464786,0.15982872583559835
GATv2,11,tumor,0,TCGA-A2-A04P,TCGA-A1-A0SK|TCGA-A1-A0SP|TCGA-A2-A04Q|TCGA-A2-A04T|TCGA-A2-A0CM,0.08070879476184403,0.11753730768204285,0.11802829001032702
GATv2,11,tumor,1,TCGA-A2-A04P,TCGA-A1-A0SK|TCGA-A1-A0SP|TCGA-A2-A04Q|TCGA-A2-A04T|TCGA-A2-A0CM,0.09554830859836848,0.10187579909058891,0.11802829001032702
GATv2,11,tumor,2,TCGA-A2-A04P,TCGA-A1-A0SK|TCGA-A1-A0SP|TCGA-A2-A04Q|TCGA-A2-A04T|TCGA-A2-A0CM,0.11635149223634296,0.1114395395367305,0.11802829001032702
GATv2,11,tumor,0,TCGA-A2-A04Q,TCGA-A1-A0SK|TCGA-A1-A0SP|TCGA-A2-A04P|TCGA-A2-A04T|TCGA-A2-A0CM,0.071812076661122,0.15109608567451038,0.19809875512854108
GATv2,11,tumor,1,TCGA-A2-A04Q,TCGA-A1-A0SK|TCGA-A1-A0SP|TCGA-A2-A04P|TCGA-A2-A04T|TCGA-A2-A0CM,0.09323882666234076,0.1344608597141925,0.19809875512854108
GATv2,11,tumor,2,TCGA-A2-A04Q,TCGA-A1-A0SK|TCGA-A1-A0SP|TCGA-A2-A04P|TCGA-A2-A04T|TCGA-A2-A0CM,0.12386503402818178,0.16488043976062455,0.19809875512854108
GATv2,11,tumor,0,TCGA-A2-A04T,TCGA-A1-A0SK|TCGA-A1-A0SP|TCGA-A2-A04P|TCGA-A2-A04Q|TCGA-A2-A0CM,0.059648761962046354,0.08669899105398601,0.1309861045051193
GATv2,11,tumor,1,TCGA-A2-A04T,TCGA-A1-A0SK|TCGA-A1-A0SP|TCGA-A2-A04P|TCGA-A2-A04Q|TCGA-A2-A0CM,0.18494774258999486,0.10849502278764997,0.1309861045051193
GATv2,11,tumor,2,TCGA-A2-A04T,TCGA-A1-A0SK|TCGA-A1-A0SP|TCGA-A2-A04P|TCGA-A2-A04Q|TCGA-A2-A0CM,0.44471176808250534,0.1929728601172289,0.1309861045051193
GATv2,11,tumor,0,TCGA-A2-A0CM,TCGA-A1-A0SK|TCGA-A1-A0SP|TCGA-A2-A04P|TCGA-A2-A04Q|TCGA-A2-A04T,0.1077363715931949,0.14224583368452962,0.10101429419035475
GATv2,11,tumor,1,TCGA-A2-A0CM,TCGA-A1-A0SK|TCGA-A1-A0SP|TCGA-A2-A04P|TCGA-A2-A04Q|TCGA-A2-A04T,0.09581368935152558,0.17426924007987327,0.10101429419035475
GATv2,11,tumor,2,TCGA-A2-A0CM,TCGA-A1-A0SK|TCGA-A1-A0SP|TCGA-A2-A04P|TCGA-A2-A04Q|TCGA-A2-A04T,0.07631328939930784,0.17596180945225853,0.10101429419035475
GATv2,11,stroma,0,TCGA-A1-A0SK,TCGA-A1-A0SP|TCGA-A2-A04P|TCGA-A2-A04Q|TCGA-A2-A04T|TCGA-A2-A0CM,0.08749728014846542,0.028638559760889998,0.036240552967178735
GATv2,11,stroma,1,TCGA-A1-A0SK,TCGA-A1-A0SP|TCGA-A2-A04P|TCGA-A2-A04Q|TCGA-A2-A04T|TCGA-A2-A0CM,0.064553778386921,0.07006369021502223,0.036240552967178735
GATv2,11,stroma,2,TCGA-A1-A0SK,TCGA-A1-A0SP|TCGA-A2-A04P|TCGA-A2-A04Q|TCGA-A2-A04T|TCGA-A2-A0CM,0.078047401903879,0.04189336235241328,0.036240552967178735
GATv2,11,stroma,0,TCGA-A1-A0SP,TCGA-A1-A0SK|TCGA-A2-A04P|TCGA-A2-A04Q|TCGA-A2-A04T|TCGA-A2-A0CM,0.18738358711685543,0.35898045641341453,0.13210868703542383
GATv2,11,stroma,1,TCGA-A1-A0SP,TCGA-A1-A0SK|TCGA-A2-A04P|TCGA-A2-A04Q|TCGA-A2-A04T|TCGA-A2-A0CM,0.19058050110939853,0.16428306165219203,0.13210868703542383
GATv2,11,stroma,2,TCGA-A1-A0SP,TCGA-A1-A0SK|TCGA-A2-A04P|TCGA-A2-A04Q|TCGA-A2-A04T|TCGA-A2-A0CM,0.1629185117971569,0.13996744475472778,0.13210868703542383
GATv2,11,stroma,0,TCGA-A2-A04P,TCGA-A1-A0SK|TCGA-A1-A0SP|TCGA-A2-A04Q|TCGA-A2-A04T|TCGA-A2-A0CM,0.12425427365083988,0.14875409624656177,0.1343552139153723
GATv2,11,stroma,1,TCGA-A2-A04P,TCGA-A1-A0SK|TCGA-A1-A0SP|TCGA-A2-A04Q|TCGA-A2-A04T|TCGA-A2-A0CM,0.16487064076938834,0.16495210216244172,0.1343552139153723
GATv2,11,stroma,2,TCGA-A2-A04P,TCGA-A1-A0SK|TCGA-A1-A0SP|TCGA-A2-A04Q|TCGA-A2-A04T|TCGA-A2-A0CM,0.15424158078087538,0.14669302874924162,0.1343552139153723
GATv2,11,stroma,0,TCGA-A2-A04Q,TCGA-A1-A0SK|TCGA-A1-A0SP|TCGA-A2-A04P|TCGA-A2-A04T|TCGA-A2-A0CM,0.0304609314183413,0.09297829026904783,0.05419222413488914
GATv2,11,stroma,1,TCGA-A2-A04Q,TCGA-A1-A0SK|TCGA-A1-A0SP|TCGA-A2-A04P|TCGA-A2-A04T|TCGA-A2-A0CM,0.06289488168104497,0.11562429522667211,0.05419222413488914
GATv2,11,stroma,2,TCGA-A2-A04Q,TCGA-A1-A0SK|TCGA-A1-A0SP|TCGA-A2-A04P|TCGA-A2-A04T|TCGA-A2-A0CM,0.058397586443972006,0.08488102982405764,0.05419222413488914
GATv2,11,stroma,0,TCGA-A2-A04T,TCGA-A1-A0SK|TCGA-A1-A0SP|TCGA-A2-A04P|TCGA-A2-A04Q|TCGA-A2-A0CM,0.06433852571211401,0.0575746473712064,0.05807617675859528
GATv2,11,stroma,1,TCGA-A2-A04T,TCGA-A1-A0SK|TCGA-A1-A0SP|TCGA-A2-A04P|TCGA-A2-A04Q|TCGA-A2-A0CM,0.0702102585463734,0.07329299627978988,0.05807617675859528
GATv2,11,stroma,2,TCGA-A2-A04T,TCGA-A1-A0SK|TCGA-A1-A0SP|TCGA-A2-A04P|TCGA-A2-A04Q|TCGA-A2-A0CM,0.10526783749314007,0.07831497449059116,0.05807617675859528
GATv2,11,stroma,0,TCGA-A2-A0CM,TCGA-A1-A0SK|TCGA-A1-A0SP|TCGA-A2-A04P|TCGA-A2-A04Q|TCGA-A2-A04T,0.09391180960580993,0.07988532405182878,0.07509517365036285
GATv2,11,stroma,1,TCGA-A2-A0CM,TCGA-A1-A0SK|TCGA-A1-A0SP|TCGA-A2-A04P|TCGA-A2-A04Q|TCGA-A2-A04T,0.10327933480953867,0.0955947628718499,0.07509517365036285
GATv2,11,stroma,2,TCGA-A2-A0CM,TCGA-A1-A0SK|TCGA-A1-A0SP|TCGA-A2-A04P|TCGA-A2-A04Q|TCGA-A2-A04T,0.0788934334710809,0.07383547497004685,0.07509517365036285
GATv2,11,lymphocytic_infiltrate,0,TCGA-A1-A0SK,TCGA-A1-A0SP|TCGA-A2-A04P|TCGA-A2-A04Q|TCGA-A2-A04T|TCGA-A2-A0CM,0.10856994225805841,0.07250482019601288,0.02804965705300753
GATv2,11,lymphocytic_infiltrate,1,TCGA-A1-A0SK,TCGA-A1-A0SP|TCGA-A2-A04P|TCGA-A2-A04Q|TCGA-A2-A04T|TCGA-A2-A0CM,0.03096715240694954,0.01591961211830428,0.02804965705300753
GATv2,11,lymphocytic_infiltrate,2,TCGA-A1-A0SK,TCGA-A1-A0SP|TCGA-A2-A04P|TCGA-A2-A04Q|TCGA-A2-A04T|TCGA-A2-A0CM,0.017123367927074338,0.011858633960594184,0.02804965705300753
GATv2,11,lymphocytic_infiltrate,0,TCGA-A1-A0SP,TCGA-A1-A0SK|TCGA-A2-A04P|TCGA-A2-A04Q|TCGA-A2-A04T|TCGA-A2-A0CM,0.15002748395423743,0.1321536482095876,0.03371289920742107
GATv2,11,lymphocytic_infiltrate,1,TCGA-A1-A0SP,TCGA-A1-A0SK|TCGA-A2-A04P|TCGA-A2-A04Q|TCGA-A2-A04T|TCGA-A2-A0CM,0.02174566124091682,0.052571950543946505,0.03371289920742107
GATv2,11,lymphocytic_infiltrate,2,TCGA-A1-A0SP,TCGA-A1-A0SK|TCGA-A2-A04P|TCGA-A2-A04Q|TCGA-A2-A04T|TCGA-A2-A0CM,0.02647291051978426,0.029010579806542314,0.03371289920742107
GATv2,11,lymphocytic_infiltrate,0,TCGA-A2-A04P,TCGA-A1-A0SK|TCGA-A1-A0SP|TCGA-A2-A04Q|TCGA-A2-A04T|TCGA-A2-A0CM,0.07641041421643308,0.07112698285899322,0.042042623833166426
GATv2,11,lymphocytic_infiltrate,1,TCGA-A2-A04P,TCGA-A1-A0SK|TCGA-A1-A0SP|TCGA-A2-A04Q|TCGA-A2-A04T|TCGA-A2-A0CM,0.10737498903360056,0.11265474814851557,0.042042623833166426
GATv2,11,lymphocytic_infiltrate,2,TCGA-A2-A04P,TCGA-A1-A0SK|TCGA-A1-A0SP|TCGA-A2-A04Q|TCGA-A2-A04T|TCGA-A2-A0CM,0.1112028518645559,0.1104883077159973,0.042042623833166426
GATv2,11,lymphocytic_infiltrate,0,TCGA-A2-A04Q,TCGA-A1-A0SK|TCGA-A1-A0SP|TCGA-A2-A04P|TCGA-A2-A04T|TCGA-A2-A0CM,0.3595697690177091,0.44940804530196565,0.4882590158420743
GATv2,11,lymphocytic_infiltrate,1,TCGA-A2-A04Q,TCGA-A1-A0SK|TCGA-A1-A0SP|TCGA-A2-A04P|TCGA-A2-A04T|TCGA-A2-A0CM,0.34099571178141463,0.3966177211767174,0.4882590158420743
GATv2,11,lymphocytic_infiltrate,2,TCGA-A2-A04Q,TCGA-A1-A0SK|TCGA-A1-A0SP|TCGA-A2-A04P|TCGA-A2-A04T|TCGA-A2-A0CM,0.4169295883405284,0.4359253486056519,0.4882590158420743
GATv2,11,lymphocytic_infiltrate,0,TCGA-A2-A04T,TCGA-A1-A0SK|TCGA-A1-A0SP|TCGA-A2-A04P|TCGA-A2-A04Q|TCGA-A2-A0CM,0.022104387048394347,0.00604903273119122,0.02729143654427445
GATv2,11,lymphocytic_infiltrate,1,TCGA-A2-A04T,TCGA-A1-A0SK|TCGA-A1-A0SP|TCGA-A2-A04P|TCGA-A2-A04Q|TCGA-A2-A0CM,0.021692952228731008,0.010413703450726373,0.02729143654427445
GATv2,11,lymphocytic_infiltrate,2,TCGA-A2-A04T,TCGA-A1-A0SK|TCGA-A1-A0SP|TCGA-A2-A04P|TCGA-A2-A04Q|TCGA-A2-A0CM,0.027849975901392696,0.015749956762052673,0.02729143654427445
GATv2,11,lymphocytic_infiltrate,0,TCGA-A2-A0CM,TCGA-A1-A0SK|TCGA-A1-A0SP|TCGA-A2-A04P|TCGA-A2-A04Q|TCGA-A2-A04T,0.03628565238264582,0.022717895485499448,0.027979303513494418
GATv2,11,lymphocytic_infiltrate,1,TCGA-A2-A0CM,TCGA-A1-A0SK|TCGA-A1-A0SP|TCGA-A2-A04P|TCGA-A2-A04Q|TCGA-A2-A04T,0.029599371891817394,0.02883438224345001,0.027979303513494418
GATv2,11,lymphocytic_infiltrate,2,TCGA-A2-A0CM,TCGA-A1-A0SK|TCGA-A1-A0SP|TCGA-A2-A04P|TCGA-A2-A04Q|TCGA-A2-A04T,0.03636949381637475,0.05060167101432446,0.027979303513494418
GATv2,23,tumor,0,TCGA-A1-A0SK,TCGA-A1-A0SP|TCGA-A2-A04P|TCGA-A2-A04Q|TCGA-A2-A04T|TCGA-A2-A0CM,0.018526803636045138,0.04401293649923074,0.09725998586063433
GATv2,23,tumor,1,TCGA-A1-A0SK,TCGA-A1-A0SP|TCGA-A2-A04P|TCGA-A2-A04Q|TCGA-A2-A04T|TCGA-A2-A0CM,0.08378198855243041,0.13122999556711334,0.09725998586063433
GATv2,23,tumor,2,TCGA-A1-A0SK,TCGA-A1-A0SP|TCGA-A2-A04P|TCGA-A2-A04Q|TCGA-A2-A04T|TCGA-A2-A0CM,0.06264692639263832,0.10575896800079355,0.09725998586063433
GATv2,23,tumor,0,TCGA-A1-A0SP,TCGA-A1-A0SK|TCGA-A2-A04P|TCGA-A2-A04Q|TCGA-A2-A04T|TCGA-A2-A0CM,0.3754067132435744,0.14784886282887183,0.15982872583559835
GATv2,23,tumor,1,TCGA-A1-A0SP,TCGA-A1-A0SK|TCGA-A2-A04P|TCGA-A2-A04Q|TCGA-A2-A04T|TCGA-A2-A0CM,0.7780301370147016,0.27313911864829105,0.15982872583559835
GATv2,23,tumor,2,TCGA-A1-A0SP,TCGA-A1-A0SK|TCGA-A2-A04P|TCGA-A2-A04Q|TCGA-A2-A04T|TCGA-A2-A0CM,0.13331324704089542,0.20136919931302064,0.15982872583559835
GATv2,23,tumor,0,TCGA-A2-A04P,TCGA-A1-A0SK|TCGA-A1-A0SP|TCGA-A2-A04Q|TCGA-A2-A04T|TCGA-A2-A0CM,0.08070879476184403,0.10413392617786638,0.11802829001032702
GATv2,23,tumor,1,TCGA-A2-A04P,TCGA-A1-A0SK|TCGA-A1-A0SP|TCGA-A2-A04Q|TCGA-A2-A04T|TCGA-A2-A0CM,0.12191492774809505,0.10458541849555783,0.11802829001032702
GATv2,23,tumor,2,TCGA-A2-A04P,TCGA-A1-A0SK|TCGA-A1-A0SP|TCGA-A2-A04Q|TCGA-A2-A04T|TCGA-A2-A0CM,0.10317145385816145,0.1165950702375479,0.11802829001032702
GATv2,23,tumor,0,TCGA-A2-A04Q,TCGA-A1-A0SK|TCGA-A1-A0SP|TCGA-A2-A04P|TCGA-A2-A04T|TCGA-A2-A0CM,0.071812076661122,0.13710679611918047,0.19809875512854108
GATv2,23,tumor,1,TCGA-A2-A04Q,TCGA-A1-A0SK|TCGA-A1-A0SP|TCGA-A2-A04P|TCGA-A2-A04T|TCGA-A2-A0CM,0.08360773216511441,0.1412095260244552,0.19809875512854108
GATv2,23,tumor,2,TCGA-A2-A04Q,TCGA-A1-A0SK|TCGA-A1-A0SP|TCGA-A2-A04P|TCGA-A2-A04T|TCGA-A2-A0CM,0.10784035385953747,0.1522083679147641,0.19809875512854108
GATv2,23,tumor,0,TCGA-A2-A04T,TCGA-A1-A0SK|TCGA-A1-A0SP|TCGA-A2-A04P|TCGA-A2-A04Q|TCGA-A2-A0CM,0.059648761962046354,0.12858929753702433,0.1309861045051193
GATv2,23,tumor,1,TCGA-A2-A04T,TCGA-A1-A0SK|TCGA-A1-A0SP|TCGA-A2-A04P|TCGA-A2-A04Q|TCGA-A2-A0CM,0.16378704691842386,0.10743823164535427,0.1309861045051193
GATv2,23,tumor,2,TCGA-A2-A04T,TCGA-A1-A0SK|TCGA-A1-A0SP|TCGA-A2-A04P|TCGA-A2-A04Q|TCGA-A2-A0CM,0.22300666890258675,0.11165576624073505,0.1309861045051193
GATv2,23,tumor,0,TCGA-A2-A0CM,TCGA-A1-A0SK|TCGA-A1-A0SP|TCGA-A2-A04P|TCGA-A2-A04Q|TCGA-A2-A04T,0.1077363715931949,0.16181047471494409,0.10101429419035475
GATv2,23,tumor,1,TCGA-A2-A0CM,TCGA-A1-A0SK|TCGA-A1-A0SP|TCGA-A2-A04P|TCGA-A2-A04Q|TCGA-A2-A04T,0.0703719740265389,0.24626198490809947,0.10101429419035475
GATv2,23,tumor,2,TCGA-A2-A0CM,TCGA-A1-A0SK|TCGA-A1-A0SP|TCGA-A2-A04P|TCGA-A2-A04Q|TCGA-A2-A04T,0.0949443743057242,0.16646016930896973,0.10101429419035475
GATv2,23,stroma,0,TCGA-A1-A0SK,TCGA-A1-A0SP|TCGA-A2-A04P|TCGA-A2-A04Q|TCGA-A2-A04T|TCGA-A2-A0CM,0.08749728014846542,0.03837702230114427,0.036240552967178735
GATv2,23,stroma,1,TCGA-A1-A0SK,TCGA-A1-A0SP|TCGA-A2-A04P|TCGA-A2-A04Q|TCGA-A2-A04T|TCGA-A2-A0CM,0.061356801716820876,0.02587312486324186,0.036240552967178735
GATv2,23,stroma,2,TCGA-A1-A0SK,TCGA-A1-A0SP|TCGA-A2-A04P|TCGA-A2-A04Q|TCGA-A2-A04T|TCGA-A2-A0CM,0.0475726887181005,0.03227656084173081,0.036240552967178735
GATv2,23,stroma,0,TCGA-A1-A0SP,TCGA-A1-A0SK|TCGA-A2-A04P|TCGA-A2-A04Q|TCGA-A2-A04T|TCGA-A2-A0CM,0.18738358711685543,0.21472949593908466,0.13210868703542383
GATv2,23,stroma,1,TCGA-A1-A0SP,TCGA-A1-A0SK|TCGA-A2-A04P|TCGA-A2-A04Q|TCGA-A2-A04T|TCGA-A2-A0CM,0.45053099818233144,0.28820708611474183,0.13210868703542383
GATv2,23,stroma,2,TCGA-A1-A0SP,TCGA-A1-A0SK|TCGA-A2-A04P|TCGA-A2-A04Q|TCGA-A2-A04T|TCGA-A2-A0CM,0.17469090709560925,0.12782016819993602,0.13210868703542383
GATv2,23,stroma,0,TCGA-A2-A04P,TCGA-A1-A0SK|TCGA-A1-A0SP|TCGA-A2-A04Q|TCGA-A2-A04T|TCGA-A2-A0CM,0.12425427365083988,0.13530397270385638,0.1343552139153723
GATv2,23,stroma,1,TCGA-A2-A04P,TCGA-A1-A0SK|TCGA-A1-A0SP|TCGA-A2-A04Q|TCGA-A2-A04T|TCGA-A2-A0CM,0.16937976376097977,0.17033884371454178,0.1343552139153723
GATv2,23,stroma,2,TCGA-A2-A04P,TCGA-A1-A0SK|TCGA-A1-A0SP|TCGA-A2-A04Q|TCGA-A2-A04T|TCGA-A2-A0CM,0.1534347141525093,0.14409085930150042,0.1343552139153723
GATv2,23,stroma,0,TCGA-A2-A04Q,TCGA-A1-A0SK|TCGA-A1-A0SP|TCGA-A2-A04P|TCGA-A2-A04T|TCGA-A2-A0CM,0.0304609314183413,0.09499320050855854,0.05419222413488914
GATv2,23,stroma,1,TCGA-A2-A04Q,TCGA-A1-A0SK|TCGA-A1-A0SP|TCGA-A2-A04P|TCGA-A2-A04T|TCGA-A2-A0CM,0.04099716546653389,0.11277226502142193,0.05419222413488914
GATv2,23,stroma,2,TCGA-A2-A04Q,TCGA-A1-A0SK|TCGA-A1-A0SP|TCGA-A2-A04P|TCGA-A2-A04T|TCGA-A2-A0CM,0.05471011399784567,0.09467409815516918,0.05419222413488914
GATv2,23,stroma,0,TCGA-A2-A04T,TCGA-A1-A0SK|TCGA-A1-A0SP|TCGA-A2-A04P|TCGA-A2-A04Q|TCGA-A2-A0CM,0.06433852571211401,0.050119231933027364,0.05807617675859528
GATv2,23,stroma,1,TCGA-A2-A04T,TCGA-A1-A0SK|TCGA-A1-A0SP|TCGA-A2-A04P|TCGA-A2-A04Q|TCGA-A2-A0CM,0.06273773766660527,0.057713515108307266,0.05807617675859528
GATv2,23,stroma,2,TCGA-A2-A04T,TCGA-A1-A0SK|TCGA-A1-A0SP|TCGA-A2-A04P|TCGA-A2-A04Q|TCGA-A2-A0CM,0.06837531884856529,0.0595618591816152,0.05807617675859528
GATv2,23,stroma,0,TCGA-A2-A0CM,TCGA-A1-A0SK|TCGA-A1-A0SP|TCGA-A2-A04P|TCGA-A2-A04Q|TCGA-A2-A04T,0.09391180960580993,0.06859746712348117,0.07509517365036285
GATv2,23,stroma,1,TCGA-A2-A0CM,TCGA-A1-A0SK|TCGA-A1-A0SP|TCGA-A2-A04P|TCGA-A2-A04Q|TCGA-A2-A04T,0.0990765137053814,0.1280116394662762,0.07509517365036285
GATv2,23,stroma,2,TCGA-A2-A0CM,TCGA-A1-A0SK|TCGA-A1-A0SP|TCGA-A2-A04P|TCGA-A2-A04Q|TCGA-A2-A04T,0.08443699853474743,0.07488458310587116,0.07509517365036285
GATv2,23,lymphocytic_infiltrate,0,TCGA-A1-A0SK,TCGA-A1-A0SP|TCGA-A2-A04P|TCGA-A2-A04Q|TCGA-A2-A04T|TCGA-A2-A0CM,0.10856994225805841,0.0807075926621387,0.02804965705300753
GATv2,23,lymphocytic_infiltrate,1,TCGA-A1-A0SK,TCGA-A1-A0SP|TCGA-A2-A04P|TCGA-A2-A04Q|TCGA-A2-A04T|TCGA-A2-A0CM,0.026188254552052648,0.016169153569720394,0.02804965705300753
GATv2,23,lymphocytic_infiltrate,2,TCGA-A1-A0SK,TCGA-A1-A0SP|TCGA-A2-A04P|TCGA-A2-A04Q|TCGA-A2-A04T|TCGA-A2-A0CM,0.02321915585616961,0.016775887174394793,0.02804965705300753
GATv2,23,lymphocytic_infiltrate,0,TCGA-A1-A0SP,TCGA-A1-A0SK|TCGA-A2-A04P|TCGA-A2-A04Q|TCGA-A2-A04T|TCGA-A2-A0CM,0.15002748395423743,0.07024863370738042,0.03371289920742107
GATv2,23,lymphocytic_infiltrate,1,TCGA-A1-A0SP,TCGA-A1-A0SK|TCGA-A2-A04P|TCGA-A2-A04Q|TCGA-A2-A04T|TCGA-A2-A0CM,0.06348418962689648,0.02303327613038523,0.03371289920742107
GATv2,23,lymphocytic_infiltrate,2,TCGA-A1-A0SP,TCGA-A1-A0SK|TCGA-A2-A04P|TCGA-A2-A04Q|TCGA-A2-A04T|TCGA-A2-A0CM,0.05817769339774127,0.052485265245490464,0.03371289920742107
GATv2,23,lymphocytic_infiltrate,0,TCGA-A2-A04P,TCGA-A1-A0SK|TCGA-A1-A0SP|TCGA-A2-A04Q|TCGA-A2-A04T|TCGA-A2-A0CM,0.07641041421643308,0.06892162787881259,0.042042623833166426
GATv2,23,lymphocytic_infiltrate,1,TCGA-A2-A04P,TCGA-A1-A0SK|TCGA-A1-A0SP|TCGA-A2-A04Q|TCGA-A2-A04T|TCGA-A2-A0CM,0.10699398414361994,0.11313042381620743,0.042042623833166426
GATv2,23,lymphocytic_infiltrate,2,TCGA-A2-A04P,TCGA-A1-A0SK|TCGA-A1-A0SP|TCGA-A2-A04Q|TCGA-A2-A04T|TCGA-A2-A0CM,0.11037686682629606,0.11616869530440069,0.042042623833166426
GATv2,23,lymphocytic_infiltrate,0,TCGA-A2-A04Q,TCGA-A1-A0SK|TCGA-A1-A0SP|TCGA-A2-A04P|TCGA-A2-A04T|TCGA-A2-A0CM,0.3595697690177091,0.4421557607037542,0.4882590158420743
GATv2,23,lymphocytic_infiltrate,1,TCGA-A2-A04Q,TCGA-A1-A0SK|TCGA-A1-A0SP|TCGA-A2-A04P|TCGA-A2-A04T|TCGA-A2-A0CM,0.3546677971986371,0.4376789914385466,0.4882590158420743
GATv2,23,lymphocytic_infiltrate,2,TCGA-A2-A04Q,TCGA-A1-A0SK|TCGA-A1-A0SP|TCGA-A2-A04P|TCGA-A2-A04T|TCGA-A2-A0CM,0.4228932856964421,0.4591491940664683,0.4882590158420743
GATv2,23,lymphocytic_infiltrate,0,TCGA-A2-A04T,TCGA-A1-A0SK|TCGA-A1-A0SP|TCGA-A2-A04P|TCGA-A2-A04Q|TCGA-A2-A0CM,0.022104387048394347,0.006055540212597779,0.02729143654427445
GATv2,23,lymphocytic_infiltrate,1,TCGA-A2-A04T,TCGA-A1-A0SK|TCGA-A1-A0SP|TCGA-A2-A04P|TCGA-A2-A04Q|TCGA-A2-A0CM,0.009602261618112375,0.008102330755837097,0.02729143654427445
GATv2,23,lymphocytic_infiltrate,2,TCGA-A2-A04T,TCGA-A1-A0SK|TCGA-A1-A0SP|TCGA-A2-A04P|TCGA-A2-A04Q|TCGA-A2-A0CM,0.008864565316818038,0.004614196829277576,0.02729143654427445
GATv2,23,lymphocytic_infiltrate,0,TCGA-A2-A0CM,TCGA-A1-A0SK|TCGA-A1-A0SP|TCGA-A2-A04P|TCGA-A2-A04Q|TCGA-A2-A04T,0.03628565238264582,0.025511869569149803,0.027979303513494418
GATv2,23,lymphocytic_infiltrate,1,TCGA-A2-A0CM,TCGA-A1-A0SK|TCGA-A1-A0SP|TCGA-A2-A04P|TCGA-A2-A04Q|TCGA-A2-A04T,0.02657633909862916,0.02259432406844849,0.027979303513494418
GATv2,23,lymphocytic_infiltrate,2,TCGA-A2-A0CM,TCGA-A1-A0SK|TCGA-A1-A0SP|TCGA-A2-A04P|TCGA-A2-A04Q|TCGA-A2-A04T,0.05150247665596613,0.046656013361366724,0.027979303513494418
GATv2,37,tumor,0,TCGA-A1-A0SK,TCGA-A1-A0SP|TCGA-A2-A04P|TCGA-A2-A04Q|TCGA-A2-A04T|TCGA-A2-A0CM,0.018526803636045138,0.07900003690595976,0.09725998586063433
GATv2,37,tumor,1,TCGA-A1-A0SK,TCGA-A1-A0SP|TCGA-A2-A04P|TCGA-A2-A04Q|TCGA-A2-A04T|TCGA-A2-A0CM,0.048579835235338154,0.1617152297575117,0.09725998586063433
GATv2,37,tumor,2,TCGA-A1-A0SK,TCGA-A1-A0SP|TCGA-A2-A04P|TCGA-A2-A04Q|TCGA-A2-A04T|TCGA-A2-A0CM,0.06731667049414702,0.09558331971783585,0.09725998586063433
GATv2,37,tumor,0,TCGA-A1-A0SP,TCGA-A1-A0SK|TCGA-A2-A04P|TCGA-A2-A04Q|TCGA-A2-A04T|TCGA-A2-A0CM,0.3754067132435744,0.17924104370196187,0.15982872583559835
GATv2,37,tumor,1,TCGA-A1-A0SP,TCGA-A1-A0SK|TCGA-A2-A04P|TCGA-A2-A04Q|TCGA-A2-A04T|TCGA-A2-A0CM,0.1089110472389063,0.17185099343502286,0.15982872583559835
GATv2,37,tumor,2,TCGA-A1-A0SP,TCGA-A1-A0SK|TCGA-A2-A04P|TCGA-A2-A04Q|TCGA-A2-A04T|TCGA-A2-A0CM,0.17040950254503284,0.13850917757453463,0.15982872583559835
GATv2,37,tumor,0,TCGA-A2-A04P,TCGA-A1-A0SK|TCGA-A1-A0SP|TCGA-A2-A04Q|TCGA-A2-A04T|TCGA-A2-A0CM,0.08070879476184403,0.12456142591368986,0.11802829001032702
GATv2,37,tumor,1,TCGA-A2-A04P,TCGA-A1-A0SK|TCGA-A1-A0SP|TCGA-A2-A04Q|TCGA-A2-A04T|TCGA-A2-A0CM,0.07563352522910072,0.10609227274362903,0.11802829001032702
GATv2,37,tumor,2,TCGA-A2-A04P,TCGA-A1-A0SK|TCGA-A1-A0SP|TCGA-A2-A04Q|TCGA-A2-A04T|TCGA-A2-A0CM,0.10271344126082517,0.11072357075403536,0.11802829001032702
GATv2,37,tumor,0,TCGA-A2-A04Q,TCGA-A1-A0SK|TCGA-A1-A0SP|TCGA-A2-A04P|TCGA-A2-A04T|TCGA-A2-A0CM,0.071812076661122,0.17517793914657576,0.19809875512854108
GATv2,37,tumor,1,TCGA-A2-A04Q,TCGA-A1-A0SK|TCGA-A1-A0SP|TCGA-A2-A04P|TCGA-A2-A04T|TCGA-A2-A0CM,0.0666931356277425,0.14570850557955561,0.19809875512854108
GATv2,37,tumor,2,TCGA-A2-A04Q,TCGA-A1-A0SK|TCGA-A1-A0SP|TCGA-A2-A04P|TCGA-A2-A04T|TCGA-A2-A0CM,0.11867568158946262,0.13374539350081727,0.19809875512854108
GATv2,37,tumor,0,TCGA-A2-A04T,TCGA-A1-A0SK|TCGA-A1-A0SP|TCGA-A2-A04P|TCGA-A2-A04Q|TCGA-A2-A0CM,0.059648761962046354,0.103032785252085,0.1309861045051193
GATv2,37,tumor,1,TCGA-A2-A04T,TCGA-A1-A0SK|TCGA-A1-A0SP|TCGA-A2-A04P|TCGA-A2-A04Q|TCGA-A2-A0CM,0.05930797241215124,0.13295708616292035,0.1309861045051193
GATv2,37,tumor,2,TCGA-A2-A04T,TCGA-A1-A0SK|TCGA-A1-A0SP|TCGA-A2-A04P|TCGA-A2-A04Q|TCGA-A2-A0CM,0.10021488376984004,0.1255529807256013,0.1309861045051193
GATv2,37,tumor,0,TCGA-A2-A0CM,TCGA-A1-A0SK|TCGA-A1-A0SP|TCGA-A2-A04P|TCGA-A2-A04Q|TCGA-A2-A04T,0.1077363715931949,0.15511314565993362,0.10101429419035475
GATv2,37,tumor,1,TCGA-A2-A0CM,TCGA-A1-A0SK|TCGA-A1-A0SP|TCGA-A2-A04P|TCGA-A2-A04Q|TCGA-A2-A04T,0.07113705278589819,0.1055867288143007,0.10101429419035475
GATv2,37,tumor,2,TCGA-A2-A0CM,TCGA-A1-A0SK|TCGA-A1-A0SP|TCGA-A2-A04P|TCGA-A2-A04Q|TCGA-A2-A04T,0.10846564373690962,0.10619662348751463,0.10101429419035475
GATv2,37,stroma,0,TCGA-A1-A0SK,TCGA-A1-A0SP|TCGA-A2-A04P|TCGA-A2-A04Q|TCGA-A2-A04T|TCGA-A2-A0CM,0.08749728014846542,0.028697813329872555,0.036240552967178735
GATv2,37,stroma,1,TCGA-A1-A0SK,TCGA-A1-A0SP|TCGA-A2-A04P|TCGA-A2-A04Q|TCGA-A2-A04T|TCGA-A2-A0CM,0.1710227090438845,0.018454987235444337,0.036240552967178735
GATv2,37,stroma,2,TCGA-A1-A0SK,TCGA-A1-A0SP|TCGA-A2-A04P|TCGA-A2-A04Q|TCGA-A2-A04T|TCGA-A2-A0CM,0.023791437098556197,0.03380353844137099,0.036240552967178735
GATv2,37,stroma,0,TCGA-A1-A0SP,TCGA-A1-A0SK|TCGA-A2-A04P|TCGA-A2-A04Q|TCGA-A2-A04T|TCGA-A2-A0CM,0.18738358711685543,0.26224618283982715,0.13210868703542383
GATv2,37,stroma,1,TCGA-A1-A0SP,TCGA-A1-A0SK|TCGA-A2-A04P|TCGA-A2-A04Q|TCGA-A2-A04T|TCGA-A2-A0CM,0.13158333807694106,0.12096212548153908,0.13210868703542383
GATv2,37,stroma,2,TCGA-A1-A0SP,TCGA-A1-A0SK|TCGA-A2-A04P|TCGA-A2-A04Q|TCGA-A2-A04T|TCGA-A2-A0CM,0.14905973720809093,0.14790992922043067,0.13210868703542383
GATv2,37,stroma,0,TCGA-A2-A04P,TCGA-A1-A0SK|TCGA-A1-A0SP|TCGA-A2-A04Q|TCGA-A2-A04T|TCGA-A2-A0CM,0.12425427365083988,0.15881247204126686,0.1343552139153723
GATv2,37,stroma,1,TCGA-A2-A04P,TCGA-A1-A0SK|TCGA-A1-A0SP|TCGA-A2-A04Q|TCGA-A2-A04T|TCGA-A2-A0CM,0.12903523825939384,0.17622737426963309,0.1343552139153723
GATv2,37,stroma,2,TCGA-A2-A04P,TCGA-A1-A0SK|TCGA-A1-A0SP|TCGA-A2-A04Q|TCGA-A2-A04T|TCGA-A2-A0CM,0.16061717681440785,0.14864571481955796,0.1343552139153723
GATv2,37,stroma,0,TCGA-A2-A04Q,TCGA-A1-A0SK|TCGA-A1-A0SP|TCGA-A2-A04P|TCGA-A2-A04T|TCGA-A2-A0CM,0.0304609314183413,0.09876926008225742,0.05419222413488914
GATv2,37,stroma,1,TCGA-A2-A04Q,TCGA-A1-A0SK|TCGA-A1-A0SP|TCGA-A2-A04P|TCGA-A2-A04T|TCGA-A2-A0CM,0.04149663742713568,0.16861496646893542,0.05419222413488914
GATv2,37,stroma,2,TCGA-A2-A04Q,TCGA-A1-A0SK|TCGA-A1-A0SP|TCGA-A2-A04P|TCGA-A2-A04T|TCGA-A2-A0CM,0.10071961715287732,0.1079405172512064,0.05419222413488914
GATv2,37,stroma,0,TCGA-A2-A04T,TCGA-A1-A0SK|TCGA-A1-A0SP|TCGA-A2-A04P|TCGA-A2-A04Q|TCGA-A2-A0CM,0.06433852571211401,0.05298360300411388,0.05807617675859528
GATv2,37,stroma,1,TCGA-A2-A04T,TCGA-A1-A0SK|TCGA-A1-A0SP|TCGA-A2-A04P|TCGA-A2-A04Q|TCGA-A2-A0CM,0.05650157426319245,0.06773791402574007,0.05807617675859528
GATv2,37,stroma,2,TCGA-A2-A04T,TCGA-A1-A0SK|TCGA-A1-A0SP|TCGA-A2-A04P|TCGA-A2-A04Q|TCGA-A2-A0CM,0.07435884986050482,0.059637824175210984,0.05807617675859528
GATv2,37,stroma,0,TCGA-A2-A0CM,TCGA-A1-A0SK|TCGA-A1-A0SP|TCGA-A2-A04P|TCGA-A2-A04Q|TCGA-A2-A04T,0.09391180960580993,0.07906871952662997,0.07509517365036285
GATv2,37,stroma,1,TCGA-A2-A0CM,TCGA-A1-A0SK|TCGA-A1-A0SP|TCGA-A2-A04P|TCGA-A2-A04Q|TCGA-A2-A04T,0.111622098746915,0.09964107242274095,0.07509517365036285
GATv2,37,stroma,2,TCGA-A2-A0CM,TCGA-A1-A0SK|TCGA-A1-A0SP|TCGA-A2-A04P|TCGA-A2-A04Q|TCGA-A2-A04T,0.0679180825163825,0.07315432518298501,0.07509517365036285
GATv2,37,lymphocytic_infiltrate,0,TCGA-A1-A0SK,TCGA-A1-A0SP|TCGA-A2-A04P|TCGA-A2-A04Q|TCGA-A2-A04T|TCGA-A2-A0CM,0.10856994225805841,0.06300182743529628,0.02804965705300753
GATv2,37,lymphocytic_infiltrate,1,TCGA-A1-A0SK,TCGA-A1-A0SP|TCGA-A2-A04P|TCGA-A2-A04Q|TCGA-A2-A04T|TCGA-A2-A0CM,0.14539950465940252,0.03738094767952228,0.02804965705300753
GATv2,37,lymphocytic_infiltrate,2,TCGA-A1-A0SK,TCGA-A1-A0SP|TCGA-A2-A04P|TCGA-A2-A04Q|TCGA-A2-A04T|TCGA-A2-A0CM,0.03784105306628886,0.018625316374578618,0.02804965705300753
GATv2,37,lymphocytic_infiltrate,0,TCGA-A1-A0SP,TCGA-A1-A0SK|TCGA-A2-A04P|TCGA-A2-A04Q|TCGA-A2-A04T|TCGA-A2-A0CM,0.15002748395423743,0.08645513656381482,0.03371289920742107
GATv2,37,lymphocytic_infiltrate,1,TCGA-A1-A0SP,TCGA-A1-A0SK|TCGA-A2-A04P|TCGA-A2-A04Q|TCGA-A2-A04T|TCGA-A2-A0CM,0.0696453304058222,0.07250135822215201,0.03371289920742107
GATv2,37,lymphocytic_infiltrate,2,TCGA-A1-A0SP,TCGA-A1-A0SK|TCGA-A2-A04P|TCGA-A2-A04Q|TCGA-A2-A04T|TCGA-A2-A0CM,0.04442134601006035,0.039098486981979944,0.03371289920742107
GATv2,37,lymphocytic_infiltrate,0,TCGA-A2-A04P,TCGA-A1-A0SK|TCGA-A1-A0SP|TCGA-A2-A04Q|TCGA-A2-A04T|TCGA-A2-A0CM,0.07641041421643308,0.0732556187214121,0.042042623833166426
GATv2,37,lymphocytic_infiltrate,1,TCGA-A2-A04P,TCGA-A1-A0SK|TCGA-A1-A0SP|TCGA-A2-A04Q|TCGA-A2-A04T|TCGA-A2-A0CM,0.10829280489736061,0.1102599003572885,0.042042623833166426
GATv2,37,lymphocytic_infiltrate,2,TCGA-A2-A04P,TCGA-A1-A0SK|TCGA-A1-A0SP|TCGA-A2-A04Q|TCGA-A2-A04T|TCGA-A2-A0CM,0.11963269850632005,0.12798121909871568,0.042042623833166426
GATv2,37,lymphocytic_infiltrate,0,TCGA-A2-A04Q,TCGA-A1-A0SK|TCGA-A1-A0SP|TCGA-A2-A04P|TCGA-A2-A04T|TCGA-A2-A0CM,0.3595697690177091,0.42467046834719013,0.4882590158420743
GATv2,37,lymphocytic_infiltrate,1,TCGA-A2-A04Q,TCGA-A1-A0SK|TCGA-A1-A0SP|TCGA-A2-A04P|TCGA-A2-A04T|TCGA-A2-A0CM,0.39620822419004736,0.3804339151976277,0.4882590158420743
GATv2,37,lymphocytic_infiltrate,2,TCGA-A2-A04Q,TCGA-A1-A0SK|TCGA-A1-A0SP|TCGA-A2-A04P|TCGA-A2-A04T|TCGA-A2-A0CM,0.3547742348892945,0.4094391124089106,0.4882590158420743
GATv2,37,lymphocytic_infiltrate,0,TCGA-A2-A04T,TCGA-A1-A0SK|TCGA-A1-A0SP|TCGA-A2-A04P|TCGA-A2-A04Q|TCGA-A2-A0CM,0.022104387048394347,0.0056385514125358764,0.02729143654427445
GATv2,37,lymphocytic_infiltrate,1,TCGA-A2-A04T,TCGA-A1-A0SK|TCGA-A1-A0SP|TCGA-A2-A04P|TCGA-A2-A04Q|TCGA-A2-A0CM,0.06248284002832766,0.0070893281987438935,0.02729143654427445
GATv2,37,lymphocytic_infiltrate,2,TCGA-A2-A04T,TCGA-A1-A0SK|TCGA-A1-A0SP|TCGA-A2-A04P|TCGA-A2-A04Q|TCGA-A2-A0CM,0.007273808572369419,0.004980802400919689,0.02729143654427445
GATv2,37,lymphocytic_infiltrate,0,TCGA-A2-A0CM,TCGA-A1-A0SK|TCGA-A1-A0SP|TCGA-A2-A04P|TCGA-A2-A04Q|TCGA-A2-A04T,0.03628565238264582,0.025848139758181045,0.027979303513494418
GATv2,37,lymphocytic_infiltrate,1,TCGA-A2-A0CM,TCGA-A1-A0SK|TCGA-A1-A0SP|TCGA-A2-A04P|TCGA-A2-A04Q|TCGA-A2-A04T,0.014820437721671928,0.006993712681395995,0.027979303513494418
GATv2,37,lymphocytic_infiltrate,2,TCGA-A2-A0CM,TCGA-A1-A0SK|TCGA-A1-A0SP|TCGA-A2-A04P|TCGA-A2-A04Q|TCGA-A2-A04T,0.008967954229329863,0.006530794469462323,0.027979303513494418
GATv2,53,tumor,0,TCGA-A1-A0SK,TCGA-A1-A0SP|TCGA-A2-A04P|TCGA-A2-A04Q|TCGA-A2-A04T|TCGA-A2-A0CM,0.018526803636045138,0.07236964362130073,0.09725998586063433
GATv2,53,tumor,1,TCGA-A1-A0SK,TCGA-A1-A0SP|TCGA-A2-A04P|TCGA-A2-A04Q|TCGA-A2-A04T|TCGA-A2-A0CM,0.025245697482194202,0.07622583033941752,0.09725998586063433
GATv2,53,tumor,2,TCGA-A1-A0SK,TCGA-A1-A0SP|TCGA-A2-A04P|TCGA-A2-A04Q|TCGA-A2-A04T|TCGA-A2-A0CM,0.03650363218972552,0.06667914252612758,0.09725998586063433
GATv2,53,tumor,0,TCGA-A1-A0SP,TCGA-A1-A0SK|TCGA-A2-A04P|TCGA-A2-A04Q|TCGA-A2-A04T|TCGA-A2-A0CM,0.3754067132435744,0.16650383159407373,0.15982872583559835
GATv2,53,tumor,1,TCGA-A1-A0SP,TCGA-A1-A0SK|TCGA-A2-A04P|TCGA-A2-A04Q|TCGA-A2-A04T|TCGA-A2-A0CM,0.10241274937416958,0.15630283522264687,0.15982872583559835
GATv2,53,tumor,2,TCGA-A1-A0SP,TCGA-A1-A0SK|TCGA-A2-A04P|TCGA-A2-A04Q|TCGA-A2-A04T|TCGA-A2-A0CM,0.11944420916910554,0.15711057640064924,0.15982872583559835
GATv2,53,tumor,0,TCGA-A2-A04P,TCGA-A1-A0SK|TCGA-A1-A0SP|TCGA-A2-A04Q|TCGA-A2-A04T|TCGA-A2-A0CM,0.08070879476184403,0.11994208722427882,0.11802829001032702
GATv2,53,tumor,1,TCGA-A2-A04P,TCGA-A1-A0SK|TCGA-A1-A0SP|TCGA-A2-A04Q|TCGA-A2-A04T|TCGA-A2-A0CM,0.07679393096134798,0.10670289754419482,0.11802829001032702
GATv2,53,tumor,2,TCGA-A2-A04P,TCGA-A1-A0SK|TCGA-A1-A0SP|TCGA-A2-A04Q|TCGA-A2-A04T|TCGA-A2-A0CM,0.09830834518025167,0.1068344614282517,0.11802829001032702
GATv2,53,tumor,0,TCGA-A2-A04Q,TCGA-A1-A0SK|TCGA-A1-A0SP|TCGA-A2-A04P|TCGA-A2-A04T|TCGA-A2-A0CM,0.071812076661122,0.14369478256208412,0.19809875512854108
GATv2,53,tumor,1,TCGA-A2-A04Q,TCGA-A1-A0SK|TCGA-A1-A0SP|TCGA-A2-A04P|TCGA-A2-A04T|TCGA-A2-A0CM,0.07857675069817731,0.13423023053133945,0.19809875512854108
GATv2,53,tumor,2,TCGA-A2-A04Q,TCGA-A1-A0SK|TCGA-A1-A0SP|TCGA-A2-A04P|TCGA-A2-A04T|TCGA-A2-A0CM,0.1089323870919845,0.14657593237243277,0.19809875512854108
GATv2,53,tumor,0,TCGA-A2-A04T,TCGA-A1-A0SK|TCGA-A1-A0SP|TCGA-A2-A04P|TCGA-A2-A04Q|TCGA-A2-A0CM,0.059648761962046354,0.10131878867320056,0.1309861045051193
GATv2,53,tumor,1,TCGA-A2-A04T,TCGA-A1-A0SK|TCGA-A1-A0SP|TCGA-A2-A04P|TCGA-A2-A04Q|TCGA-A2-A0CM,0.09591030481192882,0.11272936364234648,0.1309861045051193
GATv2,53,tumor,2,TCGA-A2-A04T,TCGA-A1-A0SK|TCGA-A1-A0SP|TCGA-A2-A04P|TCGA-A2-A04Q|TCGA-A2-A0CM,0.11792880258288106,0.10206318379323327,0.1309861045051193
GATv2,53,tumor,0,TCGA-A2-A0CM,TCGA-A1-A0SK|TCGA-A1-A0SP|TCGA-A2-A04P|TCGA-A2-A04Q|TCGA-A2-A04T,0.1077363715931949,0.10311398105108566,0.10101429419035475
GATv2,53,tumor,1,TCGA-A2-A0CM,TCGA-A1-A0SK|TCGA-A1-A0SP|TCGA-A2-A04P|TCGA-A2-A04Q|TCGA-A2-A04T,0.11522706889629339,0.12751982346556065,0.10101429419035475
GATv2,53,tumor,2,TCGA-A2-A0CM,TCGA-A1-A0SK|TCGA-A1-A0SP|TCGA-A2-A04P|TCGA-A2-A04Q|TCGA-A2-A04T,0.08825207918441745,0.15634686884697974,0.10101429419035475
GATv2,53,stroma,0,TCGA-A1-A0SK,TCGA-A1-A0SP|TCGA-A2-A04P|TCGA-A2-A04Q|TCGA-A2-A04T|TCGA-A2-A0CM,0.08749728014846542,0.03565998305732268,0.036240552967178735
GATv2,53,stroma,1,TCGA-A1-A0SK,TCGA-A1-A0SP|TCGA-A2-A04P|TCGA-A2-A04Q|TCGA-A2-A04T|TCGA-A2-A0CM,0.04743395216765233,0.08045547358537207,0.036240552967178735
GATv2,53,stroma,2,TCGA-A1-A0SK,TCGA-A1-A0SP|TCGA-A2-A04P|TCGA-A2-A04Q|TCGA-A2-A04T|TCGA-A2-A0CM,0.08286891556847686,0.053169891773193534,0.036240552967178735
GATv2,53,stroma,0,TCGA-A1-A0SP,TCGA-A1-A0SK|TCGA-A2-A04P|TCGA-A2-A04Q|TCGA-A2-A04T|TCGA-A2-A0CM,0.18738358711685543,0.2884660034486285,0.13210868703542383
GATv2,53,stroma,1,TCGA-A1-A0SP,TCGA-A1-A0SK|TCGA-A2-A04P|TCGA-A2-A04Q|TCGA-A2-A04T|TCGA-A2-A0CM,0.2658399334317781,0.5700098172506655,0.13210868703542383
GATv2,53,stroma,2,TCGA-A1-A0SP,TCGA-A1-A0SK|TCGA-A2-A04P|TCGA-A2-A04Q|TCGA-A2-A04T|TCGA-A2-A0CM,0.14618959843397086,0.16057006597073373,0.13210868703542383
GATv2,53,stroma,0,TCGA-A2-A04P,TCGA-A1-A0SK|TCGA-A1-A0SP|TCGA-A2-A04Q|TCGA-A2-A04T|TCGA-A2-A0CM,0.12425427365083988,0.16954450052066244,0.1343552139153723
GATv2,53,stroma,1,TCGA-A2-A04P,TCGA-A1-A0SK|TCGA-A1-A0SP|TCGA-A2-A04Q|TCGA-A2-A04T|TCGA-A2-A0CM,0.13165175108683644,0.17017204278703235,0.1343552139153723
GATv2,53,stroma,2,TCGA-A2-A04P,TCGA-A1-A0SK|TCGA-A1-A0SP|TCGA-A2-A04Q|TCGA-A2-A04T|TCGA-A2-A0CM,0.14872472024220745,0.14289629516900387,0.1343552139153723
GATv2,53,stroma,0,TCGA-A2-A04Q,TCGA-A1-A0SK|TCGA-A1-A0SP|TCGA-A2-A04P|TCGA-A2-A04T|TCGA-A2-A0CM,0.0304609314183413,0.0879090188251332,0.05419222413488914
GATv2,53,stroma,1,TCGA-A2-A04Q,TCGA-A1-A0SK|TCGA-A1-A0SP|TCGA-A2-A04P|TCGA-A2-A04T|TCGA-A2-A0CM,0.08215430451625118,0.11432524848052186,0.05419222413488914
GATv2,53,stroma,2,TCGA-A2-A04Q,TCGA-A1-A0SK|TCGA-A1-A0SP|TCGA-A2-A04P|TCGA-A2-A04T|TCGA-A2-A0CM,0.07928931057400666,0.09977432921380201,0.05419222413488914
GATv2,53,stroma,0,TCGA-A2-A04T,TCGA-A1-A0SK|TCGA-A1-A0SP|TCGA-A2-A04P|TCGA-A2-A04Q|TCGA-A2-A0CM,0.06433852571211401,0.06879433376994376,0.05807617675859528
GATv2,53,stroma,1,TCGA-A2-A04T,TCGA-A1-A0SK|TCGA-A1-A0SP|TCGA-A2-A04P|TCGA-A2-A04Q|TCGA-A2-A0CM,0.12984133212025561,0.07363399085033646,0.05807617675859528
GATv2,53,stroma,2,TCGA-A2-A04T,TCGA-A1-A0SK|TCGA-A1-A0SP|TCGA-A2-A04P|TCGA-A2-A04Q|TCGA-A2-A0CM,0.09084553575500995,0.061331421378328685,0.05807617675859528
GATv2,53,stroma,0,TCGA-A2-A0CM,TCGA-A1-A0SK|TCGA-A1-A0SP|TCGA-A2-A04P|TCGA-A2-A04Q|TCGA-A2-A04T,0.09391180960580993,0.07975333031645382,0.07509517365036285
GATv2,53,stroma,1,TCGA-A2-A0CM,TCGA-A1-A0SK|TCGA-A1-A0SP|TCGA-A2-A04P|TCGA-A2-A04Q|TCGA-A2-A04T,0.07749980576731201,0.1588514762313782,0.07509517365036285
GATv2,53,stroma,2,TCGA-A2-A0CM,TCGA-A1-A0SK|TCGA-A1-A0SP|TCGA-A2-A04P|TCGA-A2-A04Q|TCGA-A2-A04T,0.08488767037544384,0.10916429565310223,0.07509517365036285
GATv2,53,lymphocytic_infiltrate,0,TCGA-A1-A0SK,TCGA-A1-A0SP|TCGA-A2-A04P|TCGA-A2-A04Q|TCGA-A2-A04T|TCGA-A2-A0CM,0.10856994225805841,0.07108881223397484,0.02804965705300753
GATv2,53,lymphocytic_infiltrate,1,TCGA-A1-A0SK,TCGA-A1-A0SP|TCGA-A2-A04P|TCGA-A2-A04Q|TCGA-A2-A04T|TCGA-A2-A0CM,0.07943865438138624,0.02029383930641985,0.02804965705300753
GATv2,53,lymphocytic_infiltrate,2,TCGA-A1-A0SK,TCGA-A1-A0SP|TCGA-A2-A04P|TCGA-A2-A04Q|TCGA-A2-A04T|TCGA-A2-A0CM,0.016619937353893464,0.014696145184696911,0.02804965705300753
GATv2,53,lymphocytic_infiltrate,0,TCGA-A1-A0SP,TCGA-A1-A0SK|TCGA-A2-A04P|TCGA-A2-A04Q|TCGA-A2-A04T|TCGA-A2-A0CM,0.15002748395423743,0.0769734579545209,0.03371289920742107
GATv2,53,lymphocytic_infiltrate,1,TCGA-A1-A0SP,TCGA-A1-A0SK|TCGA-A2-A04P|TCGA-A2-A04Q|TCGA-A2-A04T|TCGA-A2-A0CM,0.25631795993877216,0.2954554144328839,0.03371289920742107
GATv2,53,lymphocytic_infiltrate,2,TCGA-A1-A0SP,TCGA-A1-A0SK|TCGA-A2-A04P|TCGA-A2-A04Q|TCGA-A2-A04T|TCGA-A2-A0CM,0.018468968444288983,0.01970848077621982,0.03371289920742107
GATv2,53,lymphocytic_infiltrate,0,TCGA-A2-A04P,TCGA-A1-A0SK|TCGA-A1-A0SP|TCGA-A2-A04Q|TCGA-A2-A04T|TCGA-A2-A0CM,0.07641041421643308,0.06904957777189172,0.042042623833166426
GATv2,53,lymphocytic_infiltrate,1,TCGA-A2-A04P,TCGA-A1-A0SK|TCGA-A1-A0SP|TCGA-A2-A04Q|TCGA-A2-A04T|TCGA-A2-A0CM,0.1042706318905977,0.0946019052051228,0.042042623833166426
GATv2,53,lymphocytic_infiltrate,2,TCGA-A2-A04P,TCGA-A1-A0SK|TCGA-A1-A0SP|TCGA-A2-A04Q|TCGA-A2-A04T|TCGA-A2-A0CM,0.07475519489753242,0.07143029908328448,0.042042623833166426
GATv2,53,lymphocytic_infiltrate,0,TCGA-A2-A04Q,TCGA-A1-A0SK|TCGA-A1-A0SP|TCGA-A2-A04P|TCGA-A2-A04T|TCGA-A2-A0CM,0.3595697690177091,0.44738985109666896,0.4882590158420743
GATv2,53,lymphocytic_infiltrate,1,TCGA-A2-A04Q,TCGA-A1-A0SK|TCGA-A1-A0SP|TCGA-A2-A04P|TCGA-A2-A04T|TCGA-A2-A0CM,0.3179051751367483,0.3905927955153914,0.4882590158420743
GATv2,53,lymphocytic_infiltrate,2,TCGA-A2-A04Q,TCGA-A1-A0SK|TCGA-A1-A0SP|TCGA-A2-A04P|TCGA-A2-A04T|TCGA-A2-A0CM,0.3582002794307947,0.4104312705684898,0.4882590158420743
GATv2,53,lymphocytic_infiltrate,0,TCGA-A2-A04T,TCGA-A1-A0SK|TCGA-A1-A0SP|TCGA-A2-A04P|TCGA-A2-A04Q|TCGA-A2-A0CM,0.022104387048394347,0.005558460640506075,0.02729143654427445
GATv2,53,lymphocytic_infiltrate,1,TCGA-A2-A04T,TCGA-A1-A0SK|TCGA-A1-A0SP|TCGA-A2-A04P|TCGA-A2-A04Q|TCGA-A2-A0CM,0.04658107382724677,0.005894592160458599,0.02729143654427445
GATv2,53,lymphocytic_infiltrate,2,TCGA-A2-A04T,TCGA-A1-A0SK|TCGA-A1-A0SP|TCGA-A2-A04P|TCGA-A2-A04Q|TCGA-A2-A0CM,0.006839438335708711,0.004961882393453965,0.02729143654427445
GATv2,53,lymphocytic_infiltrate,0,TCGA-A2-A0CM,TCGA-A1-A0SK|TCGA-A1-A0SP|TCGA-A2-A04P|TCGA-A2-A04Q|TCGA-A2-A04T,0.03628565238264582,0.02259107819370322,0.027979303513494418
GATv2,53,lymphocytic_infiltrate,1,TCGA-A2-A0CM,TCGA-A1-A0SK|TCGA-A1-A0SP|TCGA-A2-A04P|TCGA-A2-A04Q|TCGA-A2-A04T,0.06699704181089357,0.025439410212784157,0.027979303513494418
GATv2,53,lymphocytic_infiltrate,2,TCGA-A2-A0CM,TCGA-A1-A0SK|TCGA-A1-A0SP|TCGA-A2-A04P|TCGA-A2-A04Q|TCGA-A2-A04T,0.010627186860435376,0.016777542502816295,0.027979303513494418
GATv2,71,tumor,0,TCGA-A1-A0SK,TCGA-A1-A0SP|TCGA-A2-A04P|TCGA-A2-A04Q|TCGA-A2-A04T|TCGA-A2-A0CM,0.018526803636045138,0.1022344366943715,0.09725998586063433
GATv2,71,tumor,1,TCGA-A1-A0SK,TCGA-A1-A0SP|TCGA-A2-A04P|TCGA-A2-A04Q|TCGA-A2-A04T|TCGA-A2-A0CM,0.029368646435091537,0.1604930799633178,0.09725998586063433
GATv2,71,tumor,2,TCGA-A1-A0SK,TCGA-A1-A0SP|TCGA-A2-A04P|TCGA-A2-A04Q|TCGA-A2-A04T|TCGA-A2-A0CM,0.03992023596289688,0.1459947457629714,0.09725998586063433
GATv2,71,tumor,0,TCGA-A1-A0SP,TCGA-A1-A0SK|TCGA-A2-A04P|TCGA-A2-A04Q|TCGA-A2-A04T|TCGA-A2-A0CM,0.3754067132435744,0.2005768564804335,0.15982872583559835
GATv2,71,tumor,1,TCGA-A1-A0SP,TCGA-A1-A0SK|TCGA-A2-A04P|TCGA-A2-A04Q|TCGA-A2-A04T|TCGA-A2-A0CM,0.072388315224712,0.19748261916566906,0.15982872583559835
GATv2,71,tumor,2,TCGA-A1-A0SP,TCGA-A1-A0SK|TCGA-A2-A04P|TCGA-A2-A04Q|TCGA-A2-A04T|TCGA-A2-A0CM,0.13900366615890164,0.1739027314001137,0.15982872583559835
GATv2,71,tumor,0,TCGA-A2-A04P,TCGA-A1-A0SK|TCGA-A1-A0SP|TCGA-A2-A04Q|TCGA-A2-A04T|TCGA-A2-A0CM,0.08070879476184403,0.11540330786696035,0.11802829001032702
GATv2,71,tumor,1,TCGA-A2-A04P,TCGA-A1-A0SK|TCGA-A1-A0SP|TCGA-A2-A04Q|TCGA-A2-A04T|TCGA-A2-A0CM,0.07189718825688979,0.10091592483614154,0.11802829001032702
GATv2,71,tumor,2,TCGA-A2-A04P,TCGA-A1-A0SK|TCGA-A1-A0SP|TCGA-A2-A04Q|TCGA-A2-A04T|TCGA-A2-A0CM,0.08957021112079291,0.10611312456189892,0.11802829001032702
GATv2,71,tumor,0,TCGA-A2-A04Q,TCGA-A1-A0SK|TCGA-A1-A0SP|TCGA-A2-A04P|TCGA-A2-A04T|TCGA-A2-A0CM,0.071812076661122,0.14693033941951406,0.19809875512854108
GATv2,71,tumor,1,TCGA-A2-A04Q,TCGA-A1-A0SK|TCGA-A1-A0SP|TCGA-A2-A04P|TCGA-A2-A04T|TCGA-A2-A0CM,0.06815474123809981,0.13178612617556806,0.19809875512854108
GATv2,71,tumor,2,TCGA-A2-A04Q,TCGA-A1-A0SK|TCGA-A1-A0SP|TCGA-A2-A04P|TCGA-A2-A04T|TCGA-A2-A0CM,0.11492067412826616,0.18011471027817358,0.19809875512854108
GATv2,71,tumor,0,TCGA-A2-A04T,TCGA-A1-A0SK|TCGA-A1-A0SP|TCGA-A2-A04P|TCGA-A2-A04Q|TCGA-A2-A0CM,0.059648761962046354,0.10707857782739613,0.1309861045051193
GATv2,71,tumor,1,TCGA-A2-A04T,TCGA-A1-A0SK|TCGA-A1-A0SP|TCGA-A2-A04P|TCGA-A2-A04Q|TCGA-A2-A0CM,0.07455769665346342,0.10242720583812517,0.1309861045051193
GATv2,71,tumor,2,TCGA-A2-A04T,TCGA-A1-A0SK|TCGA-A1-A0SP|TCGA-A2-A04P|TCGA-A2-A04Q|TCGA-A2-A0CM,0.17115776945478964,0.13714499923491483,0.1309861045051193
GATv2,71,tumor,0,TCGA-A2-A0CM,TCGA-A1-A0SK|TCGA-A1-A0SP|TCGA-A2-A04P|TCGA-A2-A04Q|TCGA-A2-A04T,0.1077363715931949,0.15245341295289216,0.10101429419035475
GATv2,71,tumor,1,TCGA-A2-A0CM,TCGA-A1-A0SK|TCGA-A1-A0SP|TCGA-A2-A04P|TCGA-A2-A04Q|TCGA-A2-A04T,0.093959157076126,0.13634023765258474,0.10101429419035475
GATv2,71,tumor,2,TCGA-A2-A0CM,TCGA-A1-A0SK|TCGA-A1-A0SP|TCGA-A2-A04P|TCGA-A2-A04Q|TCGA-A2-A04T,0.14507851378735115,0.18116560854725972,0.10101429419035475
GATv2,71,stroma,0,TCGA-A1-A0SK,TCGA-A1-A0SP|TCGA-A2-A04P|TCGA-A2-A04Q|TCGA-A2-A04T|TCGA-A2-A0CM,0.08749728014846542,0.02893053024426724,0.036240552967178735
GATv2,71,stroma,1,TCGA-A1-A0SK,TCGA-A1-A0SP|TCGA-A2-A04P|TCGA-A2-A04Q|TCGA-A2-A04T|TCGA-A2-A0CM,0.1348270364458253,0.03278452849516403,0.036240552967178735
GATv2,71,stroma,2,TCGA-A1-A0SK,TCGA-A1-A0SP|TCGA-A2-A04P|TCGA-A2-A04Q|TCGA-A2-A04T|TCGA-A2-A0CM,0.06155873979655613,0.03068922584681167,0.036240552967178735
GATv2,71,stroma,0,TCGA-A1-A0SP,TCGA-A1-A0SK|TCGA-A2-A04P|TCGA-A2-A04Q|TCGA-A2-A04T|TCGA-A2-A0CM,0.18738358711685543,0.28965246192440003,0.13210868703542383
GATv2,71,stroma,1,TCGA-A1-A0SP,TCGA-A1-A0SK|TCGA-A2-A04P|TCGA-A2-A04Q|TCGA-A2-A04T|TCGA-A2-A0CM,0.36465347225040645,0.3338581240305575,0.13210868703542383
GATv2,71,stroma,2,TCGA-A1-A0SP,TCGA-A1-A0SK|TCGA-A2-A04P|TCGA-A2-A04Q|TCGA-A2-A04T|TCGA-A2-A0CM,0.1579267456481634,0.13752002293201487,0.13210868703542383
GATv2,71,stroma,0,TCGA-A2-A04P,TCGA-A1-A0SK|TCGA-A1-A0SP|TCGA-A2-A04Q|TCGA-A2-A04T|TCGA-A2-A0CM,0.12425427365083988,0.14959431552326352,0.1343552139153723
GATv2,71,stroma,1,TCGA-A2-A04P,TCGA-A1-A0SK|TCGA-A1-A0SP|TCGA-A2-A04Q|TCGA-A2-A04T|TCGA-A2-A0CM,0.14323835794021392,0.166875779368312,0.1343552139153723
GATv2,71,stroma,2,TCGA-A2-A04P,TCGA-A1-A0SK|TCGA-A1-A0SP|TCGA-A2-A04Q|TCGA-A2-A04T|TCGA-A2-A0CM,0.14936819552336375,0.15708033332739885,0.1343552139153723
GATv2,71,stroma,0,TCGA-A2-A04Q,TCGA-A1-A0SK|TCGA-A1-A0SP|TCGA-A2-A04P|TCGA-A2-A04T|TCGA-A2-A0CM,0.0304609314183413,0.12785103688626095,0.05419222413488914
GATv2,71,stroma,1,TCGA-A2-A04Q,TCGA-A1-A0SK|TCGA-A1-A0SP|TCGA-A2-A04P|TCGA-A2-A04T|TCGA-A2-A0CM,0.06768659757244286,0.14129441172564827,0.05419222413488914
GATv2,71,stroma,2,TCGA-A2-A04Q,TCGA-A1-A0SK|TCGA-A1-A0SP|TCGA-A2-A04P|TCGA-A2-A04T|TCGA-A2-A0CM,0.06067246487188374,0.09415578966297847,0.05419222413488914
GATv2,71,stroma,0,TCGA-A2-A04T,TCGA-A1-A0SK|TCGA-A1-A0SP|TCGA-A2-A04P|TCGA-A2-A04Q|TCGA-A2-A0CM,0.06433852571211401,0.05504793785344933,0.05807617675859528
GATv2,71,stroma,1,TCGA-A2-A04T,TCGA-A1-A0SK|TCGA-A1-A0SP|TCGA-A2-A04P|TCGA-A2-A04Q|TCGA-A2-A0CM,0.049035300988438064,0.06317119698860937,0.05807617675859528
GATv2,71,stroma,2,TCGA-A2-A04T,TCGA-A1-A0SK|TCGA-A1-A0SP|TCGA-A2-A04P|TCGA-A2-A04Q|TCGA-A2-A0CM,0.06289656349893322,0.05855295451716,0.05807617675859528
GATv2,71,stroma,0,TCGA-A2-A0CM,TCGA-A1-A0SK|TCGA-A1-A0SP|TCGA-A2-A04P|TCGA-A2-A04Q|TCGA-A2-A04T,0.09391180960580993,0.08174470637271289,0.07509517365036285
GATv2,71,stroma,1,TCGA-A2-A0CM,TCGA-A1-A0SK|TCGA-A1-A0SP|TCGA-A2-A04P|TCGA-A2-A04Q|TCGA-A2-A04T,0.10502079694074884,0.08619492115897821,0.07509517365036285
GATv2,71,stroma,2,TCGA-A2-A0CM,TCGA-A1-A0SK|TCGA-A1-A0SP|TCGA-A2-A04P|TCGA-A2-A04Q|TCGA-A2-A04T,0.060169258632357774,0.06816223782144373,0.07509517365036285
GATv2,71,lymphocytic_infiltrate,0,TCGA-A1-A0SK,TCGA-A1-A0SP|TCGA-A2-A04P|TCGA-A2-A04Q|TCGA-A2-A04T|TCGA-A2-A0CM,0.10856994225805841,0.07294715874814132,0.02804965705300753
GATv2,71,lymphocytic_infiltrate,1,TCGA-A1-A0SK,TCGA-A1-A0SP|TCGA-A2-A04P|TCGA-A2-A04Q|TCGA-A2-A04T|TCGA-A2-A0CM,0.05454794799709999,0.014106769959157993,0.02804965705300753
GATv2,71,lymphocytic_infiltrate,2,TCGA-A1-A0SK,TCGA-A1-A0SP|TCGA-A2-A04P|TCGA-A2-A04Q|TCGA-A2-A04T|TCGA-A2-A0CM,0.018441552163824156,0.012555886045763087,0.02804965705300753
GATv2,71,lymphocytic_infiltrate,0,TCGA-A1-A0SP,TCGA-A1-A0SK|TCGA-A2-A04P|TCGA-A2-A04Q|TCGA-A2-A04T|TCGA-A2-A0CM,0.15002748395423743,0.137666125958468,0.03371289920742107
GATv2,71,lymphocytic_infiltrate,1,TCGA-A1-A0SP,TCGA-A1-A0SK|TCGA-A2-A04P|TCGA-A2-A04Q|TCGA-A2-A04T|TCGA-A2-A0CM,0.03088022911864936,0.11436502333307193,0.03371289920742107
GATv2,71,lymphocytic_infiltrate,2,TCGA-A1-A0SP,TCGA-A1-A0SK|TCGA-A2-A04P|TCGA-A2-A04Q|TCGA-A2-A04T|TCGA-A2-A0CM,0.04885903958022082,0.04638562888307269,0.03371289920742107
GATv2,71,lymphocytic_infiltrate,0,TCGA-A2-A04P,TCGA-A1-A0SK|TCGA-A1-A0SP|TCGA-A2-A04Q|TCGA-A2-A04T|TCGA-A2-A0CM,0.07641041421643308,0.07217946628249708,0.042042623833166426
GATv2,71,lymphocytic_infiltrate,1,TCGA-A2-A04P,TCGA-A1-A0SK|TCGA-A1-A0SP|TCGA-A2-A04Q|TCGA-A2-A04T|TCGA-A2-A0CM,0.09565626326760146,0.0946365642832031,0.042042623833166426
GATv2,71,lymphocytic_infiltrate,2,TCGA-A2-A04P,TCGA-A1-A0SK|TCGA-A1-A0SP|TCGA-A2-A04Q|TCGA-A2-A04T|TCGA-A2-A0CM,0.11684187949827547,0.11222062594074746,0.042042623833166426
GATv2,71,lymphocytic_infiltrate,0,TCGA-A2-A04Q,TCGA-A1-A0SK|TCGA-A1-A0SP|TCGA-A2-A04P|TCGA-A2-A04T|TCGA-A2-A0CM,0.3595697690177091,0.4244086200892102,0.4882590158420743
GATv2,71,lymphocytic_infiltrate,1,TCGA-A2-A04Q,TCGA-A1-A0SK|TCGA-A1-A0SP|TCGA-A2-A04P|TCGA-A2-A04T|TCGA-A2-A0CM,0.3321723625715408,0.3882485043247256,0.4882590158420743
GATv2,71,lymphocytic_infiltrate,2,TCGA-A2-A04Q,TCGA-A1-A0SK|TCGA-A1-A0SP|TCGA-A2-A04P|TCGA-A2-A04T|TCGA-A2-A0CM,0.42786404205465034,0.43376493773407254,0.4882590158420743
GATv2,71,lymphocytic_infiltrate,0,TCGA-A2-A04T,TCGA-A1-A0SK|TCGA-A1-A0SP|TCGA-A2-A04P|TCGA-A2-A04Q|TCGA-A2-A0CM,0.022104387048394347,0.006213105026491123,0.02729143654427445
GATv2,71,lymphocytic_infiltrate,1,TCGA-A2-A04T,TCGA-A1-A0SK|TCGA-A1-A0SP|TCGA-A2-A04P|TCGA-A2-A04Q|TCGA-A2-A0CM,0.040533829859388554,0.00902662625782623,0.02729143654427445
GATv2,71,lymphocytic_infiltrate,2,TCGA-A2-A04T,TCGA-A1-A0SK|TCGA-A1-A0SP|TCGA-A2-A04P|TCGA-A2-A04Q|TCGA-A2-A0CM,0.0163192177487854,0.01991346396094849,0.02729143654427445
GATv2,71,lymphocytic_infiltrate,0,TCGA-A2-A0CM,TCGA-A1-A0SK|TCGA-A1-A0SP|TCGA-A2-A04P|TCGA-A2-A04Q|TCGA-A2-A04T,0.03628565238264582,0.02163270538935992,0.027979303513494418
GATv2,71,lymphocytic_infiltrate,1,TCGA-A2-A0CM,TCGA-A1-A0SK|TCGA-A1-A0SP|TCGA-A2-A04P|TCGA-A2-A04Q|TCGA-A2-A04T,0.01738628530594659,0.011951004395161058,0.027979303513494418
GATv2,71,lymphocytic_infiltrate,2,TCGA-A2-A0CM,TCGA-A1-A0SK|TCGA-A1-A0SP|TCGA-A2-A04P|TCGA-A2-A04Q|TCGA-A2-A04T,0.02863545824646241,0.06123994996458002,0.027979303513494418
