architecture,seed,sample,concept,total_variation,erasure_tv
DeepSets,11,test_0,used,0.9997602105140686,0.05983864143490791
DeepSets,11,test_1,used,0.9997602105140686,0.14484310150146484
DeepSets,11,test_2,used,0.9997602105140686,0.14484302699565887
DeepSets,11,test_3,used,0.9997602105140686,0.14484310150146484
DeepSets,11,test_4,used,0.9997602105140686,0.1448429822921753
DeepSets,11,test_5,used,0.9997650384902954,0.06297873705625534
DeepSets,11,test_6,used,0.9997602105140686,0.05983874574303627
DeepSets,11,test_7,used,0.9997650384902954,0.06297879666090012
DeepSets,11,test_8,used,0.9997602105140686,0.05983864143490791
DeepSets,11,test_9,used,0.9997602105140686,0.05983874574303627
DeepSets,11,test_10,used,0.9997650384902954,0.14123673737049103
DeepSets,11,test_11,used,0.9997650384902954,0.06297873705625534
DeepSets,11,test_12,used,0.9997650384902954,0.06297879666090012
DeepSets,11,test_13,used,0.9997650384902954,0.06297879666090012
DeepSets,11,test_14,used,0.9997602105140686,0.14484313130378723
DeepSets,11,test_15,used,0.9997650384902954,0.14123684167861938
DeepSets,11,test_16,used,0.9997650384902954,0.06297879666090012
DeepSets,11,test_17,used,0.9997650384902954,0.06297879666090012
DeepSets,11,test_18,used,0.9997602105140686,0.05983864143490791
DeepSets,11,test_19,used,0.9997650384902954,0.1412370502948761
DeepSets,11,test_20,used,0.9997602105140686,0.14484310150146484
DeepSets,11,test_21,used,0.9997650384902954,0.14123684167861938
DeepSets,11,test_22,used,0.9997650384902954,0.14123675227165222
DeepSets,11,test_23,used,0.9997602105140686,0.1448432207107544
DeepSets,11,test_24,used,0.9997602105140686,0.059838686138391495
DeepSets,11,test_25,used,0.9997602105140686,0.059838686138391495
DeepSets,11,test_26,used,0.9997650384902954,0.06297873705625534
DeepSets,11,test_27,used,0.9997602105140686,0.05983874574303627
DeepSets,11,test_28,used,0.9997650384902954,0.14123691618442535
DeepSets,11,test_29,used,0.9997602105140686,0.14484310150146484
DeepSets,11,test_30,used,0.9997650384902954,0.06297879666090012
DeepSets,11,test_31,used,0.9997650384902954,0.06297873705625534
DeepSets,11,test_32,used,0.9997650384902954,0.14123693108558655
DeepSets,11,test_33,used,0.9997650384902954,0.06297873705625534
DeepSets,11,test_34,used,0.9997602105140686,0.05983874574303627
DeepSets,11,test_35,used,0.9997650384902954,0.06297873705625534
DeepSets,11,test_36,used,0.9997602105140686,0.1448432207107544
DeepSets,11,test_37,used,0.9997602105140686,0.05983864143490791
DeepSets,11,test_38,used,0.9997602105140686,0.14484310150146484
DeepSets,11,test_39,used,0.9997602105140686,0.14484310150146484
DeepSets,11,test_40,used,0.9997650384902954,0.06297867745161057
DeepSets,11,test_41,used,0.9997650384902954,0.06297873705625534
DeepSets,11,test_42,used,0.9997650384902954,0.14123675227165222
DeepSets,11,test_43,used,0.9997650384902954,0.14123684167861938
DeepSets,11,test_44,used,0.9997650384902954,0.06297879666090012
DeepSets,11,test_45,used,0.9997602105140686,0.05983864143490791
DeepSets,11,test_46,used,0.9997650384902954,0.06297879666090012
DeepSets,11,test_47,used,0.9997602105140686,0.059838686138391495
DeepSets,11,test_48,used,0.9997602105140686,0.05983864143490791
DeepSets,11,test_49,used,0.9997650384902954,0.06297879666090012
DeepSets,11,test_50,used,0.9997602105140686,0.05983864143490791
DeepSets,11,test_51,used,0.9997602105140686,0.059838686138391495
DeepSets,11,test_52,used,0.9997650384902954,0.1412367820739746
DeepSets,11,test_53,used,0.9997650384902954,0.1412367820739746
DeepSets,11,test_54,used,0.9997602105140686,0.05983874574303627
DeepSets,11,test_55,used,0.9997650384902954,0.14123684167861938
DeepSets,11,test_56,used,0.9997650384902954,0.1412367820739746
DeepSets,11,test_57,used,0.9997602105140686,0.14484314620494843
DeepSets,11,test_58,used,0.9997602105140686,0.14484310150146484
DeepSets,11,test_59,used,0.9997650384902954,0.14123675227165222
DeepSets,11,test_60,used,0.9997650384902954,0.14123684167861938
DeepSets,11,test_61,used,0.9997602105140686,0.14484310150146484
DeepSets,11,test_62,used,0.9997602105140686,0.05983864143490791
DeepSets,11,test_63,used,0.9997650384902954,0.06297867745161057
DeepSets,11,test_64,used,0.9997602105140686,0.14484310150146484
DeepSets,11,test_65,used,0.9997602105140686,0.059838686138391495
DeepSets,11,test_66,used,0.9997602105140686,0.14484302699565887
DeepSets,11,test_67,used,0.9997602105140686,0.05983864143490791
DeepSets,11,test_68,used,0.9997602105140686,0.05983864143490791
DeepSets,11,test_69,used,0.9997650384902954,0.14123693108558655
DeepSets,11,test_70,used,0.9997650384902954,0.06297873705625534
DeepSets,11,test_71,used,0.9997650384902954,0.14123684167861938
DeepSets,11,test_72,used,0.9997650384902954,0.06297879666090012
DeepSets,11,test_73,used,0.9997602105140686,0.05983874574303627
DeepSets,11,test_74,used,0.9997602105140686,0.14484310150146484
DeepSets,11,test_75,used,0.9997602105140686,0.14484310150146484
DeepSets,11,test_76,used,0.9997602105140686,0.1448429822921753
DeepSets,11,test_77,used,0.9997602105140686,0.14484314620494843
DeepSets,11,test_78,used,0.9997650384902954,0.14123691618442535
DeepSets,11,test_79,used,0.9997650384902954,0.14123675227165222
DeepSets,11,test_80,used,0.9997602105140686,0.1448432207107544
DeepSets,11,test_81,used,0.9997650384902954,0.14123684167861938
DeepSets,11,test_82,used,0.9997650384902954,0.14123690128326416
DeepSets,11,test_83,used,0.9997650384902954,0.14123684167861938
DeepSets,11,test_84,used,0.9997650384902954,0.06297867745161057
DeepSets,11,test_85,used,0.9997602105140686,0.059838686138391495
DeepSets,11,test_86,used,0.9997602105140686,0.05983864143490791
DeepSets,11,test_87,used,0.9997650384902954,0.06297873705625534
DeepSets,11,test_88,used,0.9997602105140686,0.1448432207107544
DeepSets,11,test_89,used,0.9997602105140686,0.059838686138391495
DeepSets,11,test_90,used,0.9997602105140686,0.14484310150146484
DeepSets,11,test_91,used,0.9997602105140686,0.05983874574303627
DeepSets,11,test_92,used,0.9997650384902954,0.06297879666090012
DeepSets,11,test_93,used,0.9997602105140686,0.1448432207107544
DeepSets,11,test_94,used,0.9997602105140686,0.14484302699565887
DeepSets,11,test_95,used,0.9997602105140686,0.05983874574303627
DeepSets,11,test_96,used,0.9997650384902954,0.06297879666090012
DeepSets,11,test_97,used,0.9997650384902954,0.06297879666090012
DeepSets,11,test_98,used,0.9997650384902954,0.14123676717281342
DeepSets,11,test_99,used,0.9997650384902954,0.06297867745161057
DeepSets,11,test_100,used,0.9997650384902954,0.14123664796352386
DeepSets,11,test_101,used,0.9997602105140686,0.05983874574303627
DeepSets,11,test_102,used,0.9997602105140686,0.059838686138391495
DeepSets,11,test_103,used,0.9997602105140686,0.1448432207107544
DeepSets,11,test_104,used,0.9997650384902954,0.14123664796352386
DeepSets,11,test_105,used,0.9997650384902954,0.14123696088790894
DeepSets,11,test_106,used,0.9997602105140686,0.05983874574303627
DeepSets,11,test_107,used,0.9997602105140686,0.14484314620494843
DeepSets,11,test_108,used,0.9997650384902954,0.06297879666090012
DeepSets,11,test_109,used,0.9997602105140686,0.14484310150146484
DeepSets,11,test_110,used,0.9997602105140686,0.05983864143490791
DeepSets,11,test_111,used,0.9997650384902954,0.06297879666090012
DeepSets,11,test_112,used,0.9997602105140686,0.059838686138391495
DeepSets,11,test_113,used,0.9997650384902954,0.06297879666090012
DeepSets,11,test_114,used,0.9997650384902954,0.1412367820739746
DeepSets,11,test_115,used,0.9997602105140686,0.1448432207107544
DeepSets,11,test_116,used,0.9997602105140686,0.1448432207107544
DeepSets,11,test_117,used,0.9997650384902954,0.06297867745161057
DeepSets,11,test_118,used,0.9997602105140686,0.05983874574303627
DeepSets,11,test_119,used,0.9997650384902954,0.14123696088790894
DeepSets,11,test_120,used,0.9997602105140686,0.1448429822921753
DeepSets,11,test_121,used,0.9997650384902954,0.14123684167861938
DeepSets,11,test_122,used,0.9997650384902954,0.06297867745161057
DeepSets,11,test_123,used,0.9997650384902954,0.14123696088790894
DeepSets,11,test_124,used,0.9997602105140686,0.1448432207107544
DeepSets,11,test_125,used,0.9997650384902954,0.1412367820739746
DeepSets,11,test_126,used,0.9997650384902954,0.06297873705625534
DeepSets,11,test_127,used,0.9997650384902954,0.14123684167861938
DeepSets,11,test_0,unused,0.00025559583446010947,0.004833075683563948
DeepSets,11,test_1,unused,8.753589645493776e-05,0.00198901304975152
DeepSets,11,test_2,unused,8.753589645493776e-05,0.0019888938404619694
DeepSets,11,test_3,unused,8.753589645493776e-05,0.00198901304975152
DeepSets,11,test_4,unused,8.753588917898014e-05,0.00198901304975152
DeepSets,11,test_5,unused,0.00025559583446010947,0.005010043736547232
DeepSets,11,test_6,unused,0.00025559583446010947,0.004832956474274397
DeepSets,11,test_7,unused,0.00025559583446010947,0.005010043736547232
DeepSets,11,test_8,unused,0.00025559583446010947,0.004832956474274397
DeepSets,11,test_9,unused,0.00025559583446010947,0.004832956474274397
DeepSets,11,test_10,unused,8.777431503403932e-05,0.001926100580021739
DeepSets,11,test_11,unused,0.000255595805356279,0.005010177846997976
DeepSets,11,test_12,unused,0.00025559583446010947,0.005010043270885944
DeepSets,11,test_13,unused,0.00025559583446010947,0.005010177846997976
DeepSets,11,test_14,unused,8.777427137829363e-05,0.001989132259041071
DeepSets,11,test_15,unused,8.753588917898014e-05,0.0019259813707321882
DeepSets,11,test_16,unused,0.00025559583446010947,0.005010177846997976
DeepSets,11,test_17,unused,0.00025559583446010947,0.005010043270885944
DeepSets,11,test_18,unused,0.00025559583446010947,0.004832956474274397
DeepSets,11,test_19,unused,8.753589645493776e-05,0.0019259813707321882
DeepSets,11,test_20,unused,8.753589645493776e-05,0.00198901304975152
DeepSets,11,test_21,unused,8.765507664065808e-05,0.0019259813707321882
DeepSets,11,test_22,unused,8.777434413786978e-05,0.0019259813707321882
DeepSets,11,test_23,unused,8.777434413786978e-05,0.00198901304975152
DeepSets,11,test_24,unused,0.00025559583446010947,0.004832956474274397
DeepSets,11,test_25,unused,0.00025571504374966025,0.004832956474274397
DeepSets,11,test_26,unused,0.00025559583446010947,0.005010043270885944
DeepSets,11,test_27,unused,0.00025559583446010947,0.004832956474274397
DeepSets,11,test_28,unused,8.76550839166157e-05,0.0019258621614426374
DeepSets,11,test_29,unused,8.753589645493776e-05,0.00198901304975152
DeepSets,11,test_30,unused,0.00025559583446010947,0.005010043270885944
DeepSets,11,test_31,unused,0.00025559583446010947,0.005010043736547232
DeepSets,11,test_32,unused,8.7655134848319e-05,0.001926100580021739
DeepSets,11,test_33,unused,0.00025559583446010947,0.005010043270885944
DeepSets,11,test_34,unused,0.00025559583446010947,0.004832956474274397
DeepSets,11,test_35,unused,0.00025559583446010947,0.005010043270885944
DeepSets,11,test_36,unused,8.765516395214945e-05,0.00198901304975152
DeepSets,11,test_37,unused,0.00025559583446010947,0.004832956474274397
DeepSets,11,test_38,unused,8.777431503403932e-05,0.00198901304975152
DeepSets,11,test_39,unused,8.765507664065808e-05,0.00198901304975152
DeepSets,11,test_40,unused,0.00025571504374966025,0.005009924527257681
DeepSets,11,test_41,unused,0.00025559583446010947,0.005010177846997976
DeepSets,11,test_42,unused,8.777434413786978e-05,0.0019259813707321882
DeepSets,11,test_43,unused,8.765507664065808e-05,0.0019259813707321882
DeepSets,11,test_44,unused,0.00025559583446010947,0.005010177846997976
DeepSets,11,test_45,unused,0.00025559583446010947,0.004832956474274397
DeepSets,11,test_46,unused,0.00025559583446010947,0.005010043270885944
DeepSets,11,test_47,unused,0.000255595805356279,0.004832956474274397
DeepSets,11,test_48,unused,0.00025559583446010947,0.004833075683563948
DeepSets,11,test_49,unused,0.00025559583446010947,0.005010043736547232
DeepSets,11,test_50,unused,0.00025559583446010947,0.004832956474274397
DeepSets,11,test_51,unused,0.00025559583446010947,0.004832956474274397
DeepSets,11,test_52,unused,8.777434413786978e-05,0.0019259813707321882
DeepSets,11,test_53,unused,8.777427137829363e-05,0.0019259813707321882
DeepSets,11,test_54,unused,0.00025559583446010947,0.004832956474274397
DeepSets,11,test_55,unused,8.765507664065808e-05,0.0019259813707321882
DeepSets,11,test_56,unused,8.777434413786978e-05,0.0019259813707321882
DeepSets,11,test_57,unused,8.765516395214945e-05,0.00198901304975152
DeepSets,11,test_58,unused,8.765507664065808e-05,0.00198901304975152
DeepSets,11,test_59,unused,8.777434413786978e-05,0.0019259813707321882
DeepSets,11,test_60,unused,8.765507664065808e-05,0.0019259813707321882
DeepSets,11,test_61,unused,8.777431503403932e-05,0.00198901304975152
DeepSets,11,test_62,unused,0.00025571504374966025,0.004832956474274397
DeepSets,11,test_63,unused,0.0002557150146458298,0.005009924527257681
DeepSets,11,test_64,unused,8.765507664065808e-05,0.00198901304975152
DeepSets,11,test_65,unused,0.00025559583446010947,0.004832956474274397
DeepSets,11,test_66,unused,8.765507664065808e-05,0.0019888938404619694
DeepSets,11,test_67,unused,0.00025559583446010947,0.004832956474274397
DeepSets,11,test_68,unused,0.00025559583446010947,0.004832956474274397
DeepSets,11,test_69,unused,8.777440234553069e-05,0.001926100580021739
DeepSets,11,test_70,unused,0.0002557150728534907,0.005010043270885944
DeepSets,11,test_71,unused,8.777434413786978e-05,0.0019259813707321882
DeepSets,11,test_72,unused,0.00025559583446010947,0.005010043270885944
DeepSets,11,test_73,unused,0.00025559583446010947,0.004832956474274397
DeepSets,11,test_74,unused,8.777431503403932e-05,0.00198901304975152
DeepSets,11,test_75,unused,8.765507664065808e-05,0.00198901304975152
DeepSets,11,test_76,unused,8.753588917898014e-05,0.0019887746311724186
DeepSets,11,test_77,unused,8.777427137829363e-05,0.001989132259041071
DeepSets,11,test_78,unused,8.753589645493776e-05,0.0019258621614426374
DeepSets,11,test_79,unused,8.777434413786978e-05,0.0019259813707321882
DeepSets,11,test_80,unused,8.777434413786978e-05,0.001989132259041071
DeepSets,11,test_81,unused,8.765507664065808e-05,0.0019259813707321882
DeepSets,11,test_82,unused,8.765516395214945e-05,0.0019258621614426374
DeepSets,11,test_83,unused,8.765507664065808e-05,0.001926100580021739
DeepSets,11,test_84,unused,0.00025559583446010947,0.005010043736547232
DeepSets,11,test_85,unused,0.000255595805356279,0.004832956474274397
DeepSets,11,test_86,unused,0.00025571504374966025,0.004832956474274397
DeepSets,11,test_87,unused,0.00025559583446010947,0.005010177846997976
DeepSets,11,test_88,unused,8.777434413786978e-05,0.00198901304975152
DeepSets,11,test_89,unused,0.000255595805356279,0.004832956474274397
DeepSets,11,test_90,unused,8.765507664065808e-05,0.00198901304975152
DeepSets,11,test_91,unused,0.00025571504374966025,0.004832956474274397
DeepSets,11,test_92,unused,0.00025559583446010947,0.005010043736547232
DeepSets,11,test_93,unused,8.777434413786978e-05,0.00198901304975152
DeepSets,11,test_94,unused,8.7655134848319e-05,0.00198901304975152
DeepSets,11,test_95,unused,0.00025559583446010947,0.004832956474274397
DeepSets,11,test_96,unused,0.00025559583446010947,0.005010043270885944
DeepSets,11,test_97,unused,0.00025559583446010947,0.005010043270885944
DeepSets,11,test_98,unused,8.777434413786978e-05,0.0019258621614426374
DeepSets,11,test_99,unused,0.00025571504374966025,0.005009924527257681
DeepSets,11,test_100,unused,8.777431503403932e-05,0.001926100580021739
DeepSets,11,test_101,unused,0.00025559583446010947,0.004832956474274397
DeepSets,11,test_102,unused,0.000255595805356279,0.004832956474274397
DeepSets,11,test_103,unused,8.777434413786978e-05,0.00198901304975152
DeepSets,11,test_104,unused,8.777431503403932e-05,0.001926100580021739
DeepSets,11,test_105,unused,8.753589645493776e-05,0.0019259813707321882
DeepSets,11,test_106,unused,0.00025559583446010947,0.004832956474274397
DeepSets,11,test_107,unused,8.777427137829363e-05,0.001989132259041071
DeepSets,11,test_108,unused,0.00025559583446010947,0.005010177846997976
DeepSets,11,test_109,unused,8.765507664065808e-05,0.00198901304975152
DeepSets,11,test_110,unused,0.00025559583446010947,0.004832956474274397
DeepSets,11,test_111,unused,0.00025559583446010947,0.005010043270885944
DeepSets,11,test_112,unused,0.000255595805356279,0.004832956474274397
DeepSets,11,test_113,unused,0.00025559583446010947,0.005010043270885944
DeepSets,11,test_114,unused,8.777434413786978e-05,0.0019259813707321882
DeepSets,11,test_115,unused,8.777434413786978e-05,0.00198901304975152
DeepSets,11,test_116,unused,8.777434413786978e-05,0.00198901304975152
DeepSets,11,test_117,unused,0.00025559583446010947,0.005010043736547232
DeepSets,11,test_118,unused,0.00025559583446010947,0.004832956474274397
DeepSets,11,test_119,unused,8.753589645493776e-05,0.0019259813707321882
DeepSets,11,test_120,unused,8.753588917898014e-05,0.0019888938404619694
DeepSets,11,test_121,unused,8.777432230999693e-05,0.001926100580021739
DeepSets,11,test_122,unused,0.00025571504374966025,0.005009924527257681
DeepSets,11,test_123,unused,8.753589645493776e-05,0.0019259813707321882
DeepSets,11,test_124,unused,8.777434413786978e-05,0.00198901304975152
DeepSets,11,test_125,unused,8.765507664065808e-05,0.0019259813707321882
DeepSets,11,test_126,unused,0.00025559583446010947,0.005010177846997976
DeepSets,11,test_127,unused,8.777434413786978e-05,0.0019259813707321882
DeepSets,11,test_0,relational,0.0,0.0
DeepSets,11,test_1,relational,0.0,0.0
DeepSets,11,test_2,relational,0.0,0.0
DeepSets,11,test_3,relational,0.0,0.0
DeepSets,11,test_4,relational,0.0,0.0
DeepSets,11,test_5,relational,0.0,0.0
DeepSets,11,test_6,relational,0.0,0.0
DeepSets,11,test_7,relational,0.0,0.0
DeepSets,11,test_8,relational,0.0,0.0
DeepSets,11,test_9,relational,0.0,0.0
DeepSets,11,test_10,relational,0.0,0.0
DeepSets,11,test_11,relational,0.0,0.0
DeepSets,11,test_12,relational,0.0,0.0
DeepSets,11,test_13,relational,0.0,0.0
DeepSets,11,test_14,relational,0.0,0.0
DeepSets,11,test_15,relational,0.0,0.0
DeepSets,11,test_16,relational,0.0,0.0
DeepSets,11,test_17,relational,0.0,0.0
DeepSets,11,test_18,relational,0.0,0.0
DeepSets,11,test_19,relational,0.0,0.0
DeepSets,11,test_20,relational,0.0,0.0
DeepSets,11,test_21,relational,0.0,0.0
DeepSets,11,test_22,relational,0.0,0.0
DeepSets,11,test_23,relational,0.0,0.0
DeepSets,11,test_24,relational,0.0,0.0
DeepSets,11,test_25,relational,0.0,0.0
DeepSets,11,test_26,relational,0.0,0.0
DeepSets,11,test_27,relational,0.0,0.0
DeepSets,11,test_28,relational,0.0,0.0
DeepSets,11,test_29,relational,0.0,0.0
DeepSets,11,test_30,relational,0.0,0.0
DeepSets,11,test_31,relational,0.0,0.0
DeepSets,11,test_32,relational,0.0,0.0
DeepSets,11,test_33,relational,0.0,0.0
DeepSets,11,test_34,relational,0.0,0.0
DeepSets,11,test_35,relational,0.0,0.0
DeepSets,11,test_36,relational,0.0,0.0
DeepSets,11,test_37,relational,0.0,0.0
DeepSets,11,test_38,relational,0.0,0.0
DeepSets,11,test_39,relational,0.0,0.0
DeepSets,11,test_40,relational,0.0,0.0
DeepSets,11,test_41,relational,0.0,0.0
DeepSets,11,test_42,relational,0.0,0.0
DeepSets,11,test_43,relational,0.0,0.0
DeepSets,11,test_44,relational,0.0,0.0
DeepSets,11,test_45,relational,0.0,0.0
DeepSets,11,test_46,relational,0.0,0.0
DeepSets,11,test_47,relational,0.0,0.0
DeepSets,11,test_48,relational,0.0,0.0
DeepSets,11,test_49,relational,0.0,0.0
DeepSets,11,test_50,relational,0.0,0.0
DeepSets,11,test_51,relational,0.0,0.0
DeepSets,11,test_52,relational,0.0,0.0
DeepSets,11,test_53,relational,0.0,0.0
DeepSets,11,test_54,relational,0.0,0.0
DeepSets,11,test_55,relational,0.0,0.0
DeepSets,11,test_56,relational,0.0,0.0
DeepSets,11,test_57,relational,0.0,0.0
DeepSets,11,test_58,relational,0.0,0.0
DeepSets,11,test_59,relational,0.0,0.0
DeepSets,11,test_60,relational,0.0,0.0
DeepSets,11,test_61,relational,0.0,0.0
DeepSets,11,test_62,relational,0.0,0.0
DeepSets,11,test_63,relational,0.0,0.0
DeepSets,11,test_64,relational,0.0,0.0
DeepSets,11,test_65,relational,0.0,0.0
DeepSets,11,test_66,relational,0.0,0.0
DeepSets,11,test_67,relational,0.0,0.0
DeepSets,11,test_68,relational,0.0,0.0
DeepSets,11,test_69,relational,0.0,0.0
DeepSets,11,test_70,relational,0.0,0.0
DeepSets,11,test_71,relational,0.0,0.0
DeepSets,11,test_72,relational,0.0,0.0
DeepSets,11,test_73,relational,0.0,0.0
DeepSets,11,test_74,relational,0.0,0.0
DeepSets,11,test_75,relational,0.0,0.0
DeepSets,11,test_76,relational,0.0,0.0
DeepSets,11,test_77,relational,0.0,0.0
DeepSets,11,test_78,relational,0.0,0.0
DeepSets,11,test_79,relational,0.0,0.0
DeepSets,11,test_80,relational,0.0,0.0
DeepSets,11,test_81,relational,0.0,0.0
DeepSets,11,test_82,relational,0.0,0.0
DeepSets,11,test_83,relational,0.0,0.0
DeepSets,11,test_84,relational,0.0,0.0
DeepSets,11,test_85,relational,0.0,0.0
DeepSets,11,test_86,relational,0.0,0.0
DeepSets,11,test_87,relational,0.0,0.0
DeepSets,11,test_88,relational,0.0,0.0
DeepSets,11,test_89,relational,0.0,0.0
DeepSets,11,test_90,relational,0.0,0.0
DeepSets,11,test_91,relational,0.0,0.0
DeepSets,11,test_92,relational,0.0,0.0
DeepSets,11,test_93,relational,0.0,0.0
DeepSets,11,test_94,relational,0.0,0.0
DeepSets,11,test_95,relational,0.0,0.0
DeepSets,11,test_96,relational,0.0,0.0
DeepSets,11,test_97,relational,0.0,0.0
DeepSets,11,test_98,relational,0.0,0.0
DeepSets,11,test_99,relational,0.0,0.0
DeepSets,11,test_100,relational,0.0,0.0
DeepSets,11,test_101,relational,0.0,0.0
DeepSets,11,test_102,relational,0.0,0.0
DeepSets,11,test_103,relational,0.0,0.0
DeepSets,11,test_104,relational,0.0,0.0
DeepSets,11,test_105,relational,0.0,0.0
DeepSets,11,test_106,relational,0.0,0.0
DeepSets,11,test_107,relational,0.0,0.0
DeepSets,11,test_108,relational,0.0,0.0
DeepSets,11,test_109,relational,0.0,0.0
DeepSets,11,test_110,relational,0.0,0.0
DeepSets,11,test_111,relational,0.0,0.0
DeepSets,11,test_112,relational,0.0,0.0
DeepSets,11,test_113,relational,0.0,0.0
DeepSets,11,test_114,relational,0.0,0.0
DeepSets,11,test_115,relational,0.0,0.0
DeepSets,11,test_116,relational,0.0,0.0
DeepSets,11,test_117,relational,0.0,0.0
DeepSets,11,test_118,relational,0.0,0.0
DeepSets,11,test_119,relational,0.0,0.0
DeepSets,11,test_120,relational,0.0,0.0
DeepSets,11,test_121,relational,0.0,0.0
DeepSets,11,test_122,relational,0.0,0.0
DeepSets,11,test_123,relational,0.0,0.0
DeepSets,11,test_124,relational,0.0,0.0
DeepSets,11,test_125,relational,0.0,0.0
DeepSets,11,test_126,relational,0.0,0.0
DeepSets,11,test_127,relational,0.0,0.0
DeepSets,11,test_0,irrelevant,0.0,0.0
DeepSets,11,test_1,irrelevant,0.0,0.0
DeepSets,11,test_2,irrelevant,0.0,0.0
DeepSets,11,test_3,irrelevant,0.0,0.0
DeepSets,11,test_4,irrelevant,0.0,0.0
DeepSets,11,test_5,irrelevant,0.0,0.0
DeepSets,11,test_6,irrelevant,0.0,0.0
DeepSets,11,test_7,irrelevant,0.0,0.0
DeepSets,11,test_8,irrelevant,0.0,0.0
DeepSets,11,test_9,irrelevant,0.0,0.0
DeepSets,11,test_10,irrelevant,0.0,0.0
DeepSets,11,test_11,irrelevant,0.0,0.0
DeepSets,11,test_12,irrelevant,0.0,0.0
DeepSets,11,test_13,irrelevant,0.0,0.0
DeepSets,11,test_14,irrelevant,0.0,0.0
DeepSets,11,test_15,irrelevant,0.0,0.0
DeepSets,11,test_16,irrelevant,0.0,0.0
DeepSets,11,test_17,irrelevant,0.0,0.0
DeepSets,11,test_18,irrelevant,0.0,0.0
DeepSets,11,test_19,irrelevant,0.0,0.0
DeepSets,11,test_20,irrelevant,0.0,0.0
DeepSets,11,test_21,irrelevant,0.0,0.0
DeepSets,11,test_22,irrelevant,0.0,0.0
DeepSets,11,test_23,irrelevant,0.0,0.0
DeepSets,11,test_24,irrelevant,0.0,0.0
DeepSets,11,test_25,irrelevant,0.0,0.0
DeepSets,11,test_26,irrelevant,0.0,0.0
DeepSets,11,test_27,irrelevant,0.0,0.0
DeepSets,11,test_28,irrelevant,0.0,0.0
DeepSets,11,test_29,irrelevant,0.0,0.0
DeepSets,11,test_30,irrelevant,0.0,0.0
DeepSets,11,test_31,irrelevant,0.0,0.0
DeepSets,11,test_32,irrelevant,0.0,0.0
DeepSets,11,test_33,irrelevant,0.0,0.0
DeepSets,11,test_34,irrelevant,0.0,0.0
DeepSets,11,test_35,irrelevant,0.0,0.0
DeepSets,11,test_36,irrelevant,0.0,0.0
DeepSets,11,test_37,irrelevant,0.0,0.0
DeepSets,11,test_38,irrelevant,0.0,0.0
DeepSets,11,test_39,irrelevant,0.0,0.0
DeepSets,11,test_40,irrelevant,0.0,0.0
DeepSets,11,test_41,irrelevant,0.0,0.0
DeepSets,11,test_42,irrelevant,0.0,0.0
DeepSets,11,test_43,irrelevant,0.0,0.0
DeepSets,11,test_44,irrelevant,0.0,0.0
DeepSets,11,test_45,irrelevant,0.0,0.0
DeepSets,11,test_46,irrelevant,0.0,0.0
DeepSets,11,test_47,irrelevant,0.0,0.0
DeepSets,11,test_48,irrelevant,0.0,0.0
DeepSets,11,test_49,irrelevant,0.0,0.0
DeepSets,11,test_50,irrelevant,0.0,0.0
DeepSets,11,test_51,irrelevant,0.0,0.0
DeepSets,11,test_52,irrelevant,0.0,0.0
DeepSets,11,test_53,irrelevant,0.0,0.0
DeepSets,11,test_54,irrelevant,0.0,0.0
DeepSets,11,test_55,irrelevant,0.0,0.0
DeepSets,11,test_56,irrelevant,0.0,0.0
DeepSets,11,test_57,irrelevant,0.0,0.0
DeepSets,11,test_58,irrelevant,0.0,0.0
DeepSets,11,test_59,irrelevant,0.0,0.0
DeepSets,11,test_60,irrelevant,0.0,0.0
DeepSets,11,test_61,irrelevant,0.0,0.0
DeepSets,11,test_62,irrelevant,0.0,0.0
DeepSets,11,test_63,irrelevant,0.0,0.0
DeepSets,11,test_64,irrelevant,0.0,0.0
DeepSets,11,test_65,irrelevant,0.0,0.0
DeepSets,11,test_66,irrelevant,0.0,0.0
DeepSets,11,test_67,irrelevant,0.0,0.0
DeepSets,11,test_68,irrelevant,0.0,0.0
DeepSets,11,test_69,irrelevant,0.0,0.0
DeepSets,11,test_70,irrelevant,0.0,0.0
DeepSets,11,test_71,irrelevant,0.0,0.0
DeepSets,11,test_72,irrelevant,0.0,0.0
DeepSets,11,test_73,irrelevant,0.0,0.0
DeepSets,11,test_74,irrelevant,0.0,0.0
DeepSets,11,test_75,irrelevant,0.0,0.0
DeepSets,11,test_76,irrelevant,0.0,0.0
DeepSets,11,test_77,irrelevant,0.0,0.0
DeepSets,11,test_78,irrelevant,0.0,0.0
DeepSets,11,test_79,irrelevant,0.0,0.0
DeepSets,11,test_80,irrelevant,0.0,0.0
DeepSets,11,test_81,irrelevant,0.0,0.0
DeepSets,11,test_82,irrelevant,0.0,0.0
DeepSets,11,test_83,irrelevant,0.0,0.0
DeepSets,11,test_84,irrelevant,0.0,0.0
DeepSets,11,test_85,irrelevant,0.0,0.0
DeepSets,11,test_86,irrelevant,0.0,0.0
DeepSets,11,test_87,irrelevant,0.0,0.0
DeepSets,11,test_88,irrelevant,0.0,0.0
DeepSets,11,test_89,irrelevant,0.0,0.0
DeepSets,11,test_90,irrelevant,0.0,0.0
DeepSets,11,test_91,irrelevant,0.0,0.0
DeepSets,11,test_92,irrelevant,0.0,0.0
DeepSets,11,test_93,irrelevant,0.0,0.0
DeepSets,11,test_94,irrelevant,0.0,0.0
DeepSets,11,test_95,irrelevant,0.0,0.0
DeepSets,11,test_96,irrelevant,0.0,0.0
DeepSets,11,test_97,irrelevant,0.0,0.0
DeepSets,11,test_98,irrelevant,0.0,0.0
DeepSets,11,test_99,irrelevant,0.0,0.0
DeepSets,11,test_100,irrelevant,0.0,0.0
DeepSets,11,test_101,irrelevant,0.0,0.0
DeepSets,11,test_102,irrelevant,0.0,0.0
DeepSets,11,test_103,irrelevant,0.0,0.0
DeepSets,11,test_104,irrelevant,0.0,0.0
DeepSets,11,test_105,irrelevant,0.0,0.0
DeepSets,11,test_106,irrelevant,0.0,0.0
DeepSets,11,test_107,irrelevant,0.0,0.0
DeepSets,11,test_108,irrelevant,0.0,0.0
DeepSets,11,test_109,irrelevant,0.0,0.0
DeepSets,11,test_110,irrelevant,0.0,0.0
DeepSets,11,test_111,irrelevant,0.0,0.0
DeepSets,11,test_112,irrelevant,0.0,0.0
DeepSets,11,test_113,irrelevant,0.0,0.0
DeepSets,11,test_114,irrelevant,0.0,0.0
DeepSets,11,test_115,irrelevant,0.0,0.0
DeepSets,11,test_116,irrelevant,0.0,0.0
DeepSets,11,test_117,irrelevant,0.0,0.0
DeepSets,11,test_118,irrelevant,0.0,0.0
DeepSets,11,test_119,irrelevant,0.0,0.0
DeepSets,11,test_120,irrelevant,0.0,0.0
DeepSets,11,test_121,irrelevant,0.0,0.0
DeepSets,11,test_122,irrelevant,0.0,0.0
DeepSets,11,test_123,irrelevant,0.0,0.0
DeepSets,11,test_124,irrelevant,0.0,0.0
DeepSets,11,test_125,irrelevant,0.0,0.0
DeepSets,11,test_126,irrelevant,0.0,0.0
DeepSets,11,test_127,irrelevant,0.0,0.0
DeepSets,23,test_0,used,0.9998090267181396,0.340699166059494
DeepSets,23,test_1,used,0.9998090267181396,0.2492426037788391
DeepSets,23,test_2,used,0.9998090267181396,0.2492426335811615
DeepSets,23,test_3,used,0.9998090267181396,0.2492426335811615
DeepSets,23,test_4,used,0.9998090267181396,0.2492426633834839
DeepSets,23,test_5,used,0.9998363852500916,0.34972864389419556
DeepSets,23,test_6,used,0.9998090267181396,0.34069931507110596
DeepSets,23,test_7,used,0.9998363852500916,0.34972861409187317
DeepSets,23,test_8,used,0.9998090267181396,0.34069931507110596
DeepSets,23,test_9,used,0.9998090267181396,0.34069913625717163
DeepSets,23,test_10,used,0.9998363256454468,0.256724089384079
DeepSets,23,test_11,used,0.9998363256454468,0.34972864389419556
DeepSets,23,test_12,used,0.9998363852500916,0.34972870349884033
DeepSets,23,test_13,used,0.9998363852500916,0.34972864389419556
DeepSets,23,test_14,used,0.9998090267181396,0.24924252927303314
DeepSets,23,test_15,used,0.9998363852500916,0.2567240297794342
DeepSets,23,test_16,used,0.9998363852500916,0.3497285842895508
DeepSets,23,test_17,used,0.9998363852500916,0.34972861409187317
DeepSets,23,test_18,used,0.9998090267181396,0.34069931507110596
DeepSets,23,test_19,used,0.9998363852500916,0.2567239999771118
DeepSets,23,test_20,used,0.9998090267181396,0.24924254417419434
DeepSets,23,test_21,used,0.9998363852500916,0.2567240297794342
DeepSets,23,test_22,used,0.9998363256454468,0.25672391057014465
DeepSets,23,test_23,used,0.9998090267181396,0.2492426335811615
DeepSets,23,test_24,used,0.9998090267181396,0.34069913625717163
DeepSets,23,test_25,used,0.9998090267181396,0.34069931507110596
DeepSets,23,test_26,used,0.9998363256454468,0.34972861409187317
DeepSets,23,test_27,used,0.9998090267181396,0.34069931507110596
DeepSets,23,test_28,used,0.9998363256454468,0.25672411918640137
DeepSets,23,test_29,used,0.9998090267181396,0.24924252927303314
DeepSets,23,test_30,used,0.9998363256454468,0.34972861409187317
DeepSets,23,test_31,used,0.9998363852500916,0.34972864389419556
DeepSets,23,test_32,used,0.9998363852500916,0.25672397017478943
DeepSets,23,test_33,used,0.9998363256454468,0.34972861409187317
DeepSets,23,test_34,used,0.9998090267181396,0.34069931507110596
DeepSets,23,test_35,used,0.9998363256454468,0.34972864389419556
DeepSets,23,test_36,used,0.9998090267181396,0.24924251437187195
DeepSets,23,test_37,used,0.9998090267181396,0.34069931507110596
DeepSets,23,test_38,used,0.9998090267181396,0.24924257397651672
DeepSets,23,test_39,used,0.9998090267181396,0.2492426335811615
DeepSets,23,test_40,used,0.9998363256454468,0.34972861409187317
DeepSets,23,test_41,used,0.9998363256454468,0.34972864389419556
DeepSets,23,test_42,used,0.9998363852500916,0.2567240595817566
DeepSets,23,test_43,used,0.9998363852500916,0.2567240297794342
DeepSets,23,test_44,used,0.9998363852500916,0.34972864389419556
DeepSets,23,test_45,used,0.9998090267181396,0.34069931507110596
DeepSets,23,test_46,used,0.9998363852500916,0.34972861409187317
DeepSets,23,test_47,used,0.9998090267181396,0.34069931507110596
DeepSets,23,test_48,used,0.9998090267181396,0.34069907665252686
DeepSets,23,test_49,used,0.9998363852500916,0.34972861409187317
DeepSets,23,test_50,used,0.9998090267181396,0.34069931507110596
DeepSets,23,test_51,used,0.9998090267181396,0.34069913625717163
DeepSets,23,test_52,used,0.9998363852500916,0.2567239999771118
DeepSets,23,test_53,used,0.9998363256454468,0.25672411918640137
DeepSets,23,test_54,used,0.9998090267181396,0.34069913625717163
DeepSets,23,test_55,used,0.9998363852500916,0.25672397017478943
DeepSets,23,test_56,used,0.9998363852500916,0.2567239999771118
DeepSets,23,test_57,used,0.9998090267181396,0.2492426335811615
DeepSets,23,test_58,used,0.9998090267181396,0.2492426037788391
DeepSets,23,test_59,used,0.9998363256454468,0.25672388076782227
DeepSets,23,test_60,used,0.9998363852500916,0.2567240297794342
DeepSets,23,test_61,used,0.9998090267181396,0.2492426037788391
DeepSets,23,test_62,used,0.9998090267181396,0.34069931507110596
DeepSets,23,test_63,used,0.9998363256454468,0.34972870349884033
DeepSets,23,test_64,used,0.9998090267181396,0.24924257397651672
DeepSets,23,test_65,used,0.9998090267181396,0.34069931507110596
DeepSets,23,test_66,used,0.9998090267181396,0.24924257397651672
DeepSets,23,test_67,used,0.9998090267181396,0.34069931507110596
DeepSets,23,test_68,used,0.9998090267181396,0.34069931507110596
DeepSets,23,test_69,used,0.9998363852500916,0.2567239999771118
DeepSets,23,test_70,used,0.9998363256454468,0.34972867369651794
DeepSets,23,test_71,used,0.9998363852500916,0.2567240297794342
DeepSets,23,test_72,used,0.9998363256454468,0.34972861409187317
DeepSets,23,test_73,used,0.9998090267181396,0.34069931507110596
DeepSets,23,test_74,used,0.9998090267181396,0.24924252927303314
DeepSets,23,test_75,used,0.9998090267181396,0.24924257397651672
DeepSets,23,test_76,used,0.9998090267181396,0.24924249947071075
DeepSets,23,test_77,used,0.9998090267181396,0.24924252927303314
DeepSets,23,test_78,used,0.9998363256454468,0.256724089384079
DeepSets,23,test_79,used,0.9998363852500916,0.2567239999771118
DeepSets,23,test_80,used,0.9998090267181396,0.24924254417419434
DeepSets,23,test_81,used,0.9998363852500916,0.2567240297794342
DeepSets,23,test_82,used,0.9998363256454468,0.25672388076782227
DeepSets,23,test_83,used,0.9998363852500916,0.2567240297794342
DeepSets,23,test_84,used,0.9998363256454468,0.34972864389419556
DeepSets,23,test_85,used,0.9998090267181396,0.34069931507110596
DeepSets,23,test_86,used,0.9998090267181396,0.34069931507110596
DeepSets,23,test_87,used,0.9998363852500916,0.34972864389419556
DeepSets,23,test_88,used,0.9998090267181396,0.24924252927303314
DeepSets,23,test_89,used,0.9998090267181396,0.34069931507110596
DeepSets,23,test_90,used,0.9998090267181396,0.2492426335811615
DeepSets,23,test_91,used,0.9998090267181396,0.34069931507110596
DeepSets,23,test_92,used,0.9998363852500916,0.34972864389419556
DeepSets,23,test_93,used,0.9998090267181396,0.24924257397651672
DeepSets,23,test_94,used,0.9998090267181396,0.2492426037788391
DeepSets,23,test_95,used,0.9998090267181396,0.34069931507110596
DeepSets,23,test_96,used,0.9998363256454468,0.34972861409187317
DeepSets,23,test_97,used,0.9998363852500916,0.3497285842895508
DeepSets,23,test_98,used,0.9998363852500916,0.2567239999771118
DeepSets,23,test_99,used,0.9998363256454468,0.34972864389419556
DeepSets,23,test_100,used,0.9998363852500916,0.2567239999771118
DeepSets,23,test_101,used,0.9998090267181396,0.34069931507110596
DeepSets,23,test_102,used,0.9998090267181396,0.34069931507110596
DeepSets,23,test_103,used,0.9998090267181396,0.24924252927303314
DeepSets,23,test_104,used,0.9998363256454468,0.25672417879104614
DeepSets,23,test_105,used,0.9998363256454468,0.25672414898872375
DeepSets,23,test_106,used,0.9998090267181396,0.34069931507110596
DeepSets,23,test_107,used,0.9998090267181396,0.24924252927303314
DeepSets,23,test_108,used,0.9998363852500916,0.34972864389419556
DeepSets,23,test_109,used,0.9998090267181396,0.24924251437187195
DeepSets,23,test_110,used,0.9998090267181396,0.34069931507110596
DeepSets,23,test_111,used,0.9998363256454468,0.34972870349884033
DeepSets,23,test_112,used,0.9998090267181396,0.34069931507110596
DeepSets,23,test_113,used,0.9998363852500916,0.34972861409187317
DeepSets,23,test_114,used,0.9998363852500916,0.2567240297794342
DeepSets,23,test_115,used,0.9998090267181396,0.24924257397651672
DeepSets,23,test_116,used,0.9998090267181396,0.2492426335811615
DeepSets,23,test_117,used,0.9998363256454468,0.34972870349884033
DeepSets,23,test_118,used,0.9998090267181396,0.34069931507110596
DeepSets,23,test_119,used,0.9998363256454468,0.25672414898872375
DeepSets,23,test_120,used,0.9998090267181396,0.2492426633834839
DeepSets,23,test_121,used,0.9998363256454468,0.256724089384079
DeepSets,23,test_122,used,0.9998363852500916,0.34972867369651794
DeepSets,23,test_123,used,0.9998363256454468,0.256724089384079
DeepSets,23,test_124,used,0.9998090267181396,0.2492426335811615
DeepSets,23,test_125,used,0.9998363852500916,0.2567239999771118
DeepSets,23,test_126,used,0.9998363852500916,0.34972864389419556
DeepSets,23,test_127,used,0.9998363852500916,0.2567239999771118
DeepSets,23,test_0,unused,0.00011737442400772125,0.00018916919361799955
DeepSets,23,test_1,unused,0.00019292309298180044,0.008806690573692322
DeepSets,23,test_2,unused,0.00019292309298180044,0.008806809782981873
DeepSets,23,test_3,unused,0.000193042287719436,0.008806809782981873
DeepSets,23,test_4,unused,0.000193042287719436,0.008806809782981873
DeepSets,23,test_5,unused,0.00011737448949133977,0.00016951847646851093
DeepSets,23,test_6,unused,0.00011749374971259385,0.00018916925182566047
DeepSets,23,test_7,unused,0.00011749371333280578,0.00016951849102042615
DeepSets,23,test_8,unused,0.00011749374971259385,0.00018916925182566047
DeepSets,23,test_9,unused,0.00011749374971259385,0.00018916925182566047
DeepSets,23,test_10,unused,0.00019280388369224966,0.009101787582039833
DeepSets,23,test_11,unused,0.00011749374971259385,0.00016951847646851093
DeepSets,23,test_12,unused,0.00011737448221538216,0.00016951849102042615
DeepSets,23,test_13,unused,0.00011737448949133977,0.00016951847646851093
DeepSets,23,test_14,unused,0.00019292309298180044,0.008806571364402771
DeepSets,23,test_15,unused,0.00019292309298180044,0.009101906791329384
DeepSets,23,test_16,unused,0.0001176129444502294,0.00016951849102042615
DeepSets,23,test_17,unused,0.00011749374971259385,0.00016951849102042615
DeepSets,23,test_18,unused,0.00011749371333280578,0.00018904998432844877
DeepSets,23,test_19,unused,0.000193042287719436,0.009102026000618935
DeepSets,23,test_20,unused,0.00019292309298180044,0.008806571364402771
DeepSets,23,test_21,unused,0.00019292309298180044,0.009101906791329384
DeepSets,23,test_22,unused,0.00019304231682326645,0.009102026000618935
DeepSets,23,test_23,unused,0.000193042287719436,0.008806809782981873
DeepSets,23,test_24,unused,0.0001176129444502294,0.00018916925182566047
DeepSets,23,test_25,unused,0.00011749371333280578,0.00018916922272183
DeepSets,23,test_26,unused,0.00011749374971259385,0.00016951849102042615
DeepSets,23,test_27,unused,0.00011749374971259385,0.00018916925182566047
DeepSets,23,test_28,unused,0.00019292309298180044,0.009101787582039833
DeepSets,23,test_29,unused,0.00019292309298180044,0.008806571364402771
DeepSets,23,test_30,unused,0.00011749374971259385,0.00016951849102042615
DeepSets,23,test_31,unused,0.00011737448949133977,0.00016951847646851093
DeepSets,23,test_32,unused,0.000193042287719436,0.009102026000618935
DeepSets,23,test_33,unused,0.00011749374971259385,0.00016951849102042615
DeepSets,23,test_34,unused,0.0001176129444502294,0.00018928844656329602
DeepSets,23,test_35,unused,0.00011749374971259385,0.00016951847646851093
DeepSets,23,test_36,unused,0.00019292309298180044,0.008806690573692322
DeepSets,23,test_37,unused,0.00011749374971259385,0.00018916925182566047
DeepSets,23,test_38,unused,0.000193042287719436,0.008806809782981873
DeepSets,23,test_39,unused,0.000193042287719436,0.008806809782981873
DeepSets,23,test_40,unused,0.00011749374971259385,0.00016951847646851093
DeepSets,23,test_41,unused,0.00011749371333280578,0.00016951847646851093
DeepSets,23,test_42,unused,0.00019292309298180044,0.009102026000618935
DeepSets,23,test_43,unused,0.00019292309298180044,0.009101906791329384
DeepSets,23,test_44,unused,0.00011737448949133977,0.00016951847646851093
DeepSets,23,test_45,unused,0.00011749371333280578,0.00018904998432844877
DeepSets,23,test_46,unused,0.00011749374971259385,0.00016951849102042615
DeepSets,23,test_47,unused,0.00011749374971259385,0.00018916925182566047
DeepSets,23,test_48,unused,0.00011737442400772125,0.00018904998432844877
DeepSets,23,test_49,unused,0.00011749374971259385,0.00016951849102042615
DeepSets,23,test_50,unused,0.00011749371333280578,0.00018904998432844877
DeepSets,23,test_51,unused,0.0001176129444502294,0.00018916925182566047
DeepSets,23,test_52,unused,0.000193042287719436,0.009102026000618935
DeepSets,23,test_53,unused,0.00019292309298180044,0.009102026000618935
DeepSets,23,test_54,unused,0.00011749369150493294,0.00018928844656329602
DeepSets,23,test_55,unused,0.00019292309298180044,0.009102026000618935
DeepSets,23,test_56,unused,0.000193042287719436,0.009102026000618935
DeepSets,23,test_57,unused,0.000193042287719436,0.008806809782981873
DeepSets,23,test_58,unused,0.00019292309298180044,0.008806809782981873
DeepSets,23,test_59,unused,0.00019316152611281723,0.009102026000618935
DeepSets,23,test_60,unused,0.00019292309298180044,0.009101906791329384
DeepSets,23,test_61,unused,0.000193161511560902,0.008806690573692322
DeepSets,23,test_62,unused,0.00011749371333280578,0.00018904998432844877
DeepSets,23,test_63,unused,0.00011761297355405986,0.0001695185201242566
DeepSets,23,test_64,unused,0.000193042287719436,0.008806809782981873
DeepSets,23,test_65,unused,0.00011749374971259385,0.00018916925182566047
DeepSets,23,test_66,unused,0.000193042287719436,0.008806809782981873
DeepSets,23,test_67,unused,0.00011737448949133977,0.00018904998432844877
DeepSets,23,test_68,unused,0.00011737448221538216,0.00018916925182566047
DeepSets,23,test_69,unused,0.000193042287719436,0.009102026000618935
DeepSets,23,test_70,unused,0.00011749374971259385,0.00016963774396572262
DeepSets,23,test_71,unused,0.000193042287719436,0.009101906791329384
DeepSets,23,test_72,unused,0.00011749374971259385,0.00016951849102042615
DeepSets,23,test_73,unused,0.00011749374971259385,0.00018916925182566047
DeepSets,23,test_74,unused,0.00019280388369224966,0.008806571364402771
DeepSets,23,test_75,unused,0.000193042287719436,0.008806809782981873
DeepSets,23,test_76,unused,0.00019292309298180044,0.008806571364402771
DeepSets,23,test_77,unused,0.00019280388369224966,0.008806571364402771
DeepSets,23,test_78,unused,0.00019292309298180044,0.009101787582039833
DeepSets,23,test_79,unused,0.00019292309298180044,0.009101906791329384
DeepSets,23,test_80,unused,0.00019292309298180044,0.008806571364402771
DeepSets,23,test_81,unused,0.000193042287719436,0.009101906791329384
DeepSets,23,test_82,unused,0.000193161511560902,0.009102026000618935
DeepSets,23,test_83,unused,0.00019292309298180044,0.009102026000618935
DeepSets,23,test_84,unused,0.00011749374971259385,0.00016951847646851093
DeepSets,23,test_85,unused,0.00011749374971259385,0.00018916925182566047
DeepSets,23,test_86,unused,0.00011749374971259385,0.00018916925182566047
DeepSets,23,test_87,unused,0.00011737448949133977,0.00016951847646851093
DeepSets,23,test_88,unused,0.00019292309298180044,0.008806571364402771
DeepSets,23,test_89,unused,0.00011749374971259385,0.00018916925182566047
DeepSets,23,test_90,unused,0.000193042287719436,0.008806809782981873
DeepSets,23,test_91,unused,0.00011749374971259385,0.00018916925182566047
DeepSets,23,test_92,unused,0.00011749374971259385,0.00016951847646851093
DeepSets,23,test_93,unused,0.00019316152611281723,0.008806809782981873
DeepSets,23,test_94,unused,0.000193042287719436,0.008806690573692322
DeepSets,23,test_95,unused,0.00011749374971259385,0.00018916925182566047
DeepSets,23,test_96,unused,0.00011749374971259385,0.00016951849102042615
DeepSets,23,test_97,unused,0.00011749374971259385,0.00016951849102042615
DeepSets,23,test_98,unused,0.000193042287719436,0.009101906791329384
DeepSets,23,test_99,unused,0.00011749374971259385,0.00016951847646851093
DeepSets,23,test_100,unused,0.00019292309298180044,0.009101906791329384
DeepSets,23,test_101,unused,0.00011749374971259385,0.00018916925182566047
DeepSets,23,test_102,unused,0.00011737448949133977,0.00018904998432844877
DeepSets,23,test_103,unused,0.00019292309298180044,0.008806571364402771
DeepSets,23,test_104,unused,0.00019280388369224966,0.009101787582039833
DeepSets,23,test_105,unused,0.00019280388369224966,0.009101787582039833
DeepSets,23,test_106,unused,0.00011749374971259385,0.00018916925182566047
DeepSets,23,test_107,unused,0.00019292309298180044,0.008806571364402771
DeepSets,23,test_108,unused,0.00011737448949133977,0.00016951847646851093
DeepSets,23,test_109,unused,0.00019292309298180044,0.008806690573692322
DeepSets,23,test_110,unused,0.00011749374971259385,0.00018916925182566047
DeepSets,23,test_111,unused,0.00011749369150493294,0.00016951849102042615
DeepSets,23,test_112,unused,0.00011749374971259385,0.00018916925182566047
DeepSets,23,test_113,unused,0.00011749374971259385,0.00016951849102042615
DeepSets,23,test_114,unused,0.000193042287719436,0.009101906791329384
DeepSets,23,test_115,unused,0.000193042287719436,0.008806809782981873
DeepSets,23,test_116,unused,0.000193042287719436,0.008806690573692322
DeepSets,23,test_117,unused,0.00011749371333280578,0.0001695185201242566
DeepSets,23,test_118,unused,0.00011749374971259385,0.00018916925182566047
DeepSets,23,test_119,unused,0.00019292309298180044,0.009101787582039833
DeepSets,23,test_120,unused,0.00019316152611281723,0.008806809782981873
DeepSets,23,test_121,unused,0.00019280388369224966,0.009101906791329384
DeepSets,23,test_122,unused,0.00011749371333280578,0.0001695185201242566
DeepSets,23,test_123,unused,0.00019292309298180044,0.009101906791329384
DeepSets,23,test_124,unused,0.000193042287719436,0.008806809782981873
DeepSets,23,test_125,unused,0.00019292309298180044,0.009102026000618935
DeepSets,23,test_126,unused,0.00011749374971259385,0.00016951847646851093
DeepSets,23,test_127,unused,0.000193042287719436,0.009102026000618935
DeepSets,23,test_0,relational,0.0,0.0
DeepSets,23,test_1,relational,0.0,0.0
DeepSets,23,test_2,relational,0.0,0.0
DeepSets,23,test_3,relational,0.0,0.0
DeepSets,23,test_4,relational,0.0,0.0
DeepSets,23,test_5,relational,0.0,0.0
DeepSets,23,test_6,relational,0.0,0.0
DeepSets,23,test_7,relational,0.0,0.0
DeepSets,23,test_8,relational,0.0,0.0
DeepSets,23,test_9,relational,0.0,0.0
DeepSets,23,test_10,relational,0.0,0.0
DeepSets,23,test_11,relational,0.0,0.0
DeepSets,23,test_12,relational,0.0,0.0
DeepSets,23,test_13,relational,0.0,0.0
DeepSets,23,test_14,relational,0.0,0.0
DeepSets,23,test_15,relational,0.0,0.0
DeepSets,23,test_16,relational,0.0,0.0
DeepSets,23,test_17,relational,0.0,0.0
DeepSets,23,test_18,relational,0.0,0.0
DeepSets,23,test_19,relational,0.0,0.0
DeepSets,23,test_20,relational,0.0,0.0
DeepSets,23,test_21,relational,0.0,0.0
DeepSets,23,test_22,relational,0.0,0.0
DeepSets,23,test_23,relational,0.0,0.0
DeepSets,23,test_24,relational,0.0,0.0
DeepSets,23,test_25,relational,0.0,0.0
DeepSets,23,test_26,relational,0.0,0.0
DeepSets,23,test_27,relational,0.0,0.0
DeepSets,23,test_28,relational,0.0,0.0
DeepSets,23,test_29,relational,0.0,0.0
DeepSets,23,test_30,relational,0.0,0.0
DeepSets,23,test_31,relational,0.0,0.0
DeepSets,23,test_32,relational,0.0,0.0
DeepSets,23,test_33,relational,0.0,0.0
DeepSets,23,test_34,relational,0.0,0.0
DeepSets,23,test_35,relational,0.0,0.0
DeepSets,23,test_36,relational,0.0,0.0
DeepSets,23,test_37,relational,0.0,0.0
DeepSets,23,test_38,relational,0.0,0.0
DeepSets,23,test_39,relational,0.0,0.0
DeepSets,23,test_40,relational,0.0,0.0
DeepSets,23,test_41,relational,0.0,0.0
DeepSets,23,test_42,relational,0.0,0.0
DeepSets,23,test_43,relational,0.0,0.0
DeepSets,23,test_44,relational,0.0,0.0
DeepSets,23,test_45,relational,0.0,0.0
DeepSets,23,test_46,relational,0.0,0.0
DeepSets,23,test_47,relational,0.0,0.0
DeepSets,23,test_48,relational,0.0,0.0
DeepSets,23,test_49,relational,0.0,0.0
DeepSets,23,test_50,relational,0.0,0.0
DeepSets,23,test_51,relational,0.0,0.0
DeepSets,23,test_52,relational,0.0,0.0
DeepSets,23,test_53,relational,0.0,0.0
DeepSets,23,test_54,relational,0.0,0.0
DeepSets,23,test_55,relational,0.0,0.0
DeepSets,23,test_56,relational,0.0,0.0
DeepSets,23,test_57,relational,0.0,0.0
DeepSets,23,test_58,relational,0.0,0.0
DeepSets,23,test_59,relational,0.0,0.0
DeepSets,23,test_60,relational,0.0,0.0
DeepSets,23,test_61,relational,0.0,0.0
DeepSets,23,test_62,relational,0.0,0.0
DeepSets,23,test_63,relational,0.0,0.0
DeepSets,23,test_64,relational,0.0,0.0
DeepSets,23,test_65,relational,0.0,0.0
DeepSets,23,test_66,relational,0.0,0.0
DeepSets,23,test_67,relational,0.0,0.0
DeepSets,23,test_68,relational,0.0,0.0
DeepSets,23,test_69,relational,0.0,0.0
DeepSets,23,test_70,relational,0.0,0.0
DeepSets,23,test_71,relational,0.0,0.0
DeepSets,23,test_72,relational,0.0,0.0
DeepSets,23,test_73,relational,0.0,0.0
DeepSets,23,test_74,relational,0.0,0.0
DeepSets,23,test_75,relational,0.0,0.0
DeepSets,23,test_76,relational,0.0,0.0
DeepSets,23,test_77,relational,0.0,0.0
DeepSets,23,test_78,relational,0.0,0.0
DeepSets,23,test_79,relational,0.0,0.0
DeepSets,23,test_80,relational,0.0,0.0
DeepSets,23,test_81,relational,0.0,0.0
DeepSets,23,test_82,relational,0.0,0.0
DeepSets,23,test_83,relational,0.0,0.0
DeepSets,23,test_84,relational,0.0,0.0
DeepSets,23,test_85,relational,0.0,0.0
DeepSets,23,test_86,relational,0.0,0.0
DeepSets,23,test_87,relational,0.0,0.0
DeepSets,23,test_88,relational,0.0,0.0
DeepSets,23,test_89,relational,0.0,0.0
DeepSets,23,test_90,relational,0.0,0.0
DeepSets,23,test_91,relational,0.0,0.0
DeepSets,23,test_92,relational,0.0,0.0
DeepSets,23,test_93,relational,0.0,0.0
DeepSets,23,test_94,relational,0.0,0.0
DeepSets,23,test_95,relational,0.0,0.0
DeepSets,23,test_96,relational,0.0,0.0
DeepSets,23,test_97,relational,0.0,0.0
DeepSets,23,test_98,relational,0.0,0.0
DeepSets,23,test_99,relational,0.0,0.0
DeepSets,23,test_100,relational,0.0,0.0
DeepSets,23,test_101,relational,0.0,0.0
DeepSets,23,test_102,relational,0.0,0.0
DeepSets,23,test_103,relational,0.0,0.0
DeepSets,23,test_104,relational,0.0,0.0
DeepSets,23,test_105,relational,0.0,0.0
DeepSets,23,test_106,relational,0.0,0.0
DeepSets,23,test_107,relational,0.0,0.0
DeepSets,23,test_108,relational,0.0,0.0
DeepSets,23,test_109,relational,0.0,0.0
DeepSets,23,test_110,relational,0.0,0.0
DeepSets,23,test_111,relational,0.0,0.0
DeepSets,23,test_112,relational,0.0,0.0
DeepSets,23,test_113,relational,0.0,0.0
DeepSets,23,test_114,relational,0.0,0.0
DeepSets,23,test_115,relational,0.0,0.0
DeepSets,23,test_116,relational,0.0,0.0
DeepSets,23,test_117,relational,0.0,0.0
DeepSets,23,test_118,relational,0.0,0.0
DeepSets,23,test_119,relational,0.0,0.0
DeepSets,23,test_120,relational,0.0,0.0
DeepSets,23,test_121,relational,0.0,0.0
DeepSets,23,test_122,relational,0.0,0.0
DeepSets,23,test_123,relational,0.0,0.0
DeepSets,23,test_124,relational,0.0,0.0
DeepSets,23,test_125,relational,0.0,0.0
DeepSets,23,test_126,relational,0.0,0.0
DeepSets,23,test_127,relational,0.0,0.0
DeepSets,23,test_0,irrelevant,0.0,0.0
DeepSets,23,test_1,irrelevant,0.0,0.0
DeepSets,23,test_2,irrelevant,0.0,0.0
DeepSets,23,test_3,irrelevant,0.0,0.0
DeepSets,23,test_4,irrelevant,0.0,0.0
DeepSets,23,test_5,irrelevant,0.0,0.0
DeepSets,23,test_6,irrelevant,0.0,0.0
DeepSets,23,test_7,irrelevant,0.0,0.0
DeepSets,23,test_8,irrelevant,0.0,0.0
DeepSets,23,test_9,irrelevant,0.0,0.0
DeepSets,23,test_10,irrelevant,0.0,0.0
DeepSets,23,test_11,irrelevant,0.0,0.0
DeepSets,23,test_12,irrelevant,0.0,0.0
DeepSets,23,test_13,irrelevant,0.0,0.0
DeepSets,23,test_14,irrelevant,0.0,0.0
DeepSets,23,test_15,irrelevant,0.0,0.0
DeepSets,23,test_16,irrelevant,0.0,0.0
DeepSets,23,test_17,irrelevant,0.0,0.0
DeepSets,23,test_18,irrelevant,0.0,0.0
DeepSets,23,test_19,irrelevant,0.0,0.0
DeepSets,23,test_20,irrelevant,0.0,0.0
DeepSets,23,test_21,irrelevant,0.0,0.0
DeepSets,23,test_22,irrelevant,0.0,0.0
DeepSets,23,test_23,irrelevant,0.0,0.0
DeepSets,23,test_24,irrelevant,0.0,0.0
DeepSets,23,test_25,irrelevant,0.0,0.0
DeepSets,23,test_26,irrelevant,0.0,0.0
DeepSets,23,test_27,irrelevant,0.0,0.0
DeepSets,23,test_28,irrelevant,0.0,0.0
DeepSets,23,test_29,irrelevant,0.0,0.0
DeepSets,23,test_30,irrelevant,0.0,0.0
DeepSets,23,test_31,irrelevant,0.0,0.0
DeepSets,23,test_32,irrelevant,0.0,0.0
DeepSets,23,test_33,irrelevant,0.0,0.0
DeepSets,23,test_34,irrelevant,0.0,0.0
DeepSets,23,test_35,irrelevant,0.0,0.0
DeepSets,23,test_36,irrelevant,0.0,0.0
DeepSets,23,test_37,irrelevant,0.0,0.0
DeepSets,23,test_38,irrelevant,0.0,0.0
DeepSets,23,test_39,irrelevant,0.0,0.0
DeepSets,23,test_40,irrelevant,0.0,0.0
DeepSets,23,test_41,irrelevant,0.0,0.0
DeepSets,23,test_42,irrelevant,0.0,0.0
DeepSets,23,test_43,irrelevant,0.0,0.0
DeepSets,23,test_44,irrelevant,0.0,0.0
DeepSets,23,test_45,irrelevant,0.0,0.0
DeepSets,23,test_46,irrelevant,0.0,0.0
DeepSets,23,test_47,irrelevant,0.0,0.0
DeepSets,23,test_48,irrelevant,0.0,0.0
DeepSets,23,test_49,irrelevant,0.0,0.0
DeepSets,23,test_50,irrelevant,0.0,0.0
DeepSets,23,test_51,irrelevant,0.0,0.0
DeepSets,23,test_52,irrelevant,0.0,0.0
DeepSets,23,test_53,irrelevant,0.0,0.0
DeepSets,23,test_54,irrelevant,0.0,0.0
DeepSets,23,test_55,irrelevant,0.0,0.0
DeepSets,23,test_56,irrelevant,0.0,0.0
DeepSets,23,test_57,irrelevant,0.0,0.0
DeepSets,23,test_58,irrelevant,0.0,0.0
DeepSets,23,test_59,irrelevant,0.0,0.0
DeepSets,23,test_60,irrelevant,0.0,0.0
DeepSets,23,test_61,irrelevant,0.0,0.0
DeepSets,23,test_62,irrelevant,0.0,0.0
DeepSets,23,test_63,irrelevant,0.0,0.0
DeepSets,23,test_64,irrelevant,0.0,0.0
DeepSets,23,test_65,irrelevant,0.0,0.0
DeepSets,23,test_66,irrelevant,0.0,0.0
DeepSets,23,test_67,irrelevant,0.0,0.0
DeepSets,23,test_68,irrelevant,0.0,0.0
DeepSets,23,test_69,irrelevant,0.0,0.0
DeepSets,23,test_70,irrelevant,0.0,0.0
DeepSets,23,test_71,irrelevant,0.0,0.0
DeepSets,23,test_72,irrelevant,0.0,0.0
DeepSets,23,test_73,irrelevant,0.0,0.0
DeepSets,23,test_74,irrelevant,0.0,0.0
DeepSets,23,test_75,irrelevant,0.0,0.0
DeepSets,23,test_76,irrelevant,0.0,0.0
DeepSets,23,test_77,irrelevant,0.0,0.0
DeepSets,23,test_78,irrelevant,0.0,0.0
DeepSets,23,test_79,irrelevant,0.0,0.0
DeepSets,23,test_80,irrelevant,0.0,0.0
DeepSets,23,test_81,irrelevant,0.0,0.0
DeepSets,23,test_82,irrelevant,0.0,0.0
DeepSets,23,test_83,irrelevant,0.0,0.0
DeepSets,23,test_84,irrelevant,0.0,0.0
DeepSets,23,test_85,irrelevant,0.0,0.0
DeepSets,23,test_86,irrelevant,0.0,0.0
DeepSets,23,test_87,irrelevant,0.0,0.0
DeepSets,23,test_88,irrelevant,0.0,0.0
DeepSets,23,test_89,irrelevant,0.0,0.0
DeepSets,23,test_90,irrelevant,0.0,0.0
DeepSets,23,test_91,irrelevant,0.0,0.0
DeepSets,23,test_92,irrelevant,0.0,0.0
DeepSets,23,test_93,irrelevant,0.0,0.0
DeepSets,23,test_94,irrelevant,0.0,0.0
DeepSets,23,test_95,irrelevant,0.0,0.0
DeepSets,23,test_96,irrelevant,0.0,0.0
DeepSets,23,test_97,irrelevant,0.0,0.0
DeepSets,23,test_98,irrelevant,0.0,0.0
DeepSets,23,test_99,irrelevant,0.0,0.0
DeepSets,23,test_100,irrelevant,0.0,0.0
DeepSets,23,test_101,irrelevant,0.0,0.0
DeepSets,23,test_102,irrelevant,0.0,0.0
DeepSets,23,test_103,irrelevant,0.0,0.0
DeepSets,23,test_104,irrelevant,0.0,0.0
DeepSets,23,test_105,irrelevant,0.0,0.0
DeepSets,23,test_106,irrelevant,0.0,0.0
DeepSets,23,test_107,irrelevant,0.0,0.0
DeepSets,23,test_108,irrelevant,0.0,0.0
DeepSets,23,test_109,irrelevant,0.0,0.0
DeepSets,23,test_110,irrelevant,0.0,0.0
DeepSets,23,test_111,irrelevant,0.0,0.0
DeepSets,23,test_112,irrelevant,0.0,0.0
DeepSets,23,test_113,irrelevant,0.0,0.0
DeepSets,23,test_114,irrelevant,0.0,0.0
DeepSets,23,test_115,irrelevant,0.0,0.0
DeepSets,23,test_116,irrelevant,0.0,0.0
DeepSets,23,test_117,irrelevant,0.0,0.0
DeepSets,23,test_118,irrelevant,0.0,0.0
DeepSets,23,test_119,irrelevant,0.0,0.0
DeepSets,23,test_120,irrelevant,0.0,0.0
DeepSets,23,test_121,irrelevant,0.0,0.0
DeepSets,23,test_122,irrelevant,0.0,0.0
DeepSets,23,test_123,irrelevant,0.0,0.0
DeepSets,23,test_124,irrelevant,0.0,0.0
DeepSets,23,test_125,irrelevant,0.0,0.0
DeepSets,23,test_126,irrelevant,0.0,0.0
DeepSets,23,test_127,irrelevant,0.0,0.0
DeepSets,37,test_0,used,0.9998164176940918,0.10471890866756439
DeepSets,37,test_1,used,0.9998164176940918,0.0005640661111101508
DeepSets,37,test_2,used,0.9998164176940918,0.0005640661111101508
DeepSets,37,test_3,used,0.9998164176940918,0.0005641257157549262
DeepSets,37,test_4,used,0.9998164176940918,0.0005640660529024899
DeepSets,37,test_5,used,0.9994307160377502,0.0950814038515091
DeepSets,37,test_6,used,0.9998164176940918,0.10471886396408081
DeepSets,37,test_7,used,0.9994307160377502,0.09508128464221954
DeepSets,37,test_8,used,0.9998164176940918,0.10471892356872559
DeepSets,37,test_9,used,0.9998164176940918,0.10471886396408081
DeepSets,37,test_10,used,0.9994306564331055,0.0012631062418222427
DeepSets,37,test_11,used,0.9994306564331055,0.09508118033409119
DeepSets,37,test_12,used,0.9994306564331055,0.09508132934570312
DeepSets,37,test_13,used,0.9994306564331055,0.09508118033409119
DeepSets,37,test_14,used,0.9998164176940918,0.0005641256575472653
DeepSets,37,test_15,used,0.9994307160377502,0.0012631057761609554
DeepSets,37,test_16,used,0.9994307160377502,0.0950814038515091
DeepSets,37,test_17,used,0.9994307160377502,0.09508132934570312
DeepSets,37,test_18,used,0.9998164176940918,0.10471892356872559
DeepSets,37,test_19,used,0.9994307160377502,0.0012631062418222427
DeepSets,37,test_20,used,0.9998164176940918,0.0005640661111101508
DeepSets,37,test_21,used,0.9994307160377502,0.0012631057761609554
DeepSets,37,test_22,used,0.9994306564331055,0.0012631063582375646
DeepSets,37,test_23,used,0.9998164176940918,0.0005639469018206
DeepSets,37,test_24,used,0.9998164176940918,0.10471886396408081
DeepSets,37,test_25,used,0.9998164176940918,0.10471892356872559
DeepSets,37,test_26,used,0.9994307160377502,0.09508132934570312
DeepSets,37,test_27,used,0.9998164176940918,0.10471886396408081
DeepSets,37,test_28,used,0.9994307160377502,0.0012631062418222427
DeepSets,37,test_29,used,0.9998164176940918,0.0005639469018206
DeepSets,37,test_30,used,0.9994306564331055,0.0950814038515091
DeepSets,37,test_31,used,0.9994306564331055,0.0950814038515091
DeepSets,37,test_32,used,0.9994306564331055,0.0012631063582375646
DeepSets,37,test_33,used,0.9994306564331055,0.0950814038515091
DeepSets,37,test_34,used,0.9998164176940918,0.10471886396408081
DeepSets,37,test_35,used,0.9994306564331055,0.0950814038515091
DeepSets,37,test_36,used,0.9998164176940918,0.0005638872971758246
DeepSets,37,test_37,used,0.9998164176940918,0.10471892356872559
DeepSets,37,test_38,used,0.9998164176940918,0.0005640661111101508
DeepSets,37,test_39,used,0.9998164176940918,0.0005641257157549262
DeepSets,37,test_40,used,0.9994306564331055,0.0950814038515091
DeepSets,37,test_41,used,0.9994306564331055,0.0950814038515091
DeepSets,37,test_42,used,0.9994306564331055,0.0012631063582375646
DeepSets,37,test_43,used,0.9994307160377502,0.0012631057761609554
DeepSets,37,test_44,used,0.9994306564331055,0.09508121013641357
DeepSets,37,test_45,used,0.9998164176940918,0.10471904277801514
DeepSets,37,test_46,used,0.9994307160377502,0.0950814038515091
DeepSets,37,test_47,used,0.9998164176940918,0.10471904277801514
DeepSets,37,test_48,used,0.9998164176940918,0.10471886396408081
DeepSets,37,test_49,used,0.9994307160377502,0.09508128464221954
DeepSets,37,test_50,used,0.9998164176940918,0.10471892356872559
DeepSets,37,test_51,used,0.9998164176940918,0.10471878945827484
DeepSets,37,test_52,used,0.9994306564331055,0.0012631063582375646
DeepSets,37,test_53,used,0.9994307160377502,0.0012631063582375646
DeepSets,37,test_54,used,0.9998164176940918,0.10471886396408081
DeepSets,37,test_55,used,0.9994307160377502,0.001263106008991599
DeepSets,37,test_56,used,0.9994307160377502,0.0012631063582375646
DeepSets,37,test_57,used,0.9998164176940918,0.0005638872971758246
DeepSets,37,test_58,used,0.9998164176940918,0.0005640065064653754
DeepSets,37,test_59,used,0.9994306564331055,0.0012631063582375646
DeepSets,37,test_60,used,0.9994307160377502,0.0012631057761609554
DeepSets,37,test_61,used,0.9998164176940918,0.0005641257157549262
DeepSets,37,test_62,used,0.9998164176940918,0.10471892356872559
DeepSets,37,test_63,used,0.9994306564331055,0.0950814038515091
DeepSets,37,test_64,used,0.9998164176940918,0.0005640065064653754
DeepSets,37,test_65,used,0.9998164176940918,0.10471892356872559
DeepSets,37,test_66,used,0.9998164176940918,0.0005638872971758246
DeepSets,37,test_67,used,0.9998164176940918,0.10471904277801514
DeepSets,37,test_68,used,0.9998164176940918,0.10471886396408081
DeepSets,37,test_69,used,0.9994307160377502,0.0012631063582375646
DeepSets,37,test_70,used,0.9994307160377502,0.0950814038515091
DeepSets,37,test_71,used,0.9994306564331055,0.0012631062418222427
DeepSets,37,test_72,used,0.9994307160377502,0.0950814038515091
DeepSets,37,test_73,used,0.9998164176940918,0.10471890866756439
DeepSets,37,test_74,used,0.9998164176940918,0.0005640661111101508
DeepSets,37,test_75,used,0.9998164176940918,0.0005640065064653754
DeepSets,37,test_76,used,0.9998164176940918,0.000564065994694829
DeepSets,37,test_77,used,0.9998164176940918,0.0005640660529024899
DeepSets,37,test_78,used,0.9994307160377502,0.0012631062418222427
DeepSets,37,test_79,used,0.9994306564331055,0.0012631063582375646
DeepSets,37,test_80,used,0.9998164176940918,0.0005640661111101508
DeepSets,37,test_81,used,0.9994307160377502,0.0012631062418222427
DeepSets,37,test_82,used,0.9994306564331055,0.0012631063582375646
DeepSets,37,test_83,used,0.9994306564331055,0.0012631063582375646
DeepSets,37,test_84,used,0.9994306564331055,0.0950814038515091
DeepSets,37,test_85,used,0.9998164176940918,0.10471878945827484
DeepSets,37,test_86,used,0.9998164176940918,0.10471892356872559
DeepSets,37,test_87,used,0.9994306564331055,0.09508118033409119
DeepSets,37,test_88,used,0.9998164176940918,0.0005641851457767189
DeepSets,37,test_89,used,0.9998164176940918,0.10471904277801514
DeepSets,37,test_90,used,0.9998164176940918,0.0005641257157549262
DeepSets,37,test_91,used,0.9998164176940918,0.10471892356872559
DeepSets,37,test_92,used,0.9994306564331055,0.0950814038515091
DeepSets,37,test_93,used,0.9998164176940918,0.0005640661111101508
DeepSets,37,test_94,used,0.9998164176940918,0.0005641257157549262
DeepSets,37,test_95,used,0.9998164176940918,0.10471886396408081
DeepSets,37,test_96,used,0.9994306564331055,0.09508132934570312
DeepSets,37,test_97,used,0.9994307160377502,0.09508132934570312
DeepSets,37,test_98,used,0.9994307160377502,0.0012631062418222427
DeepSets,37,test_99,used,0.9994306564331055,0.0950814038515091
DeepSets,37,test_100,used,0.9994306564331055,0.0012631063582375646
DeepSets,37,test_101,used,0.9998164176940918,0.10471886396408081
DeepSets,37,test_102,used,0.9998164176940918,0.10471878945827484
DeepSets,37,test_103,used,0.9998164176940918,0.0005641852621920407
DeepSets,37,test_104,used,0.9994306564331055,0.0012631063582375646
DeepSets,37,test_105,used,0.9994307160377502,0.0012631057761609554
DeepSets,37,test_106,used,0.9998164176940918,0.10471886396408081
DeepSets,37,test_107,used,0.9998164176940918,0.0005641256575472653
DeepSets,37,test_108,used,0.9994306564331055,0.09508118033409119
DeepSets,37,test_109,used,0.9998164176940918,0.0005641257157549262
DeepSets,37,test_110,used,0.9998164176940918,0.10471892356872559
DeepSets,37,test_111,used,0.9994307160377502,0.0950814038515091
DeepSets,37,test_112,used,0.9998164176940918,0.10471878945827484
DeepSets,37,test_113,used,0.9994306564331055,0.09508132934570312
DeepSets,37,test_114,used,0.9994307160377502,0.0012631062418222427
DeepSets,37,test_115,used,0.9998164176940918,0.0005639469018206
DeepSets,37,test_116,used,0.9998164176940918,0.0005641851457767189
DeepSets,37,test_117,used,0.9994306564331055,0.0950814038515091
DeepSets,37,test_118,used,0.9998164176940918,0.10471892356872559
DeepSets,37,test_119,used,0.9994307160377502,0.0012631062418222427
DeepSets,37,test_120,used,0.9998164176940918,0.0005640661111101508
DeepSets,37,test_121,used,0.9994306564331055,0.0012631063582375646
DeepSets,37,test_122,used,0.9994306564331055,0.0950814038515091
DeepSets,37,test_123,used,0.9994307160377502,0.0012631062418222427
DeepSets,37,test_124,used,0.9998164176940918,0.0005639469018206
DeepSets,37,test_125,used,0.9994306564331055,0.0012631063582375646
DeepSets,37,test_126,used,0.9994306564331055,0.09508118033409119
DeepSets,37,test_127,used,0.9994307160377502,0.0012631058925762773
DeepSets,37,test_0,unused,0.000635410426184535,0.0030497650150209665
DeepSets,37,test_1,unused,0.00030943649471737444,0.0010763751342892647
DeepSets,37,test_2,unused,0.00030943649471737444,0.0010763751342892647
DeepSets,37,test_3,unused,0.00030943649471737444,0.00107643473893404
DeepSets,37,test_4,unused,0.00030943649471737444,0.0010763751342892647
DeepSets,37,test_5,unused,0.0006354104843921959,0.003041045041754842
DeepSets,37,test_6,unused,0.0006354104843921959,0.003049526596441865
DeepSets,37,test_7,unused,0.0006354104843921959,0.0030411642510443926
DeepSets,37,test_8,unused,0.0006355296354740858,0.003049526596441865
DeepSets,37,test_9,unused,0.0006355296354740858,0.003049526596441865
DeepSets,37,test_10,unused,0.0003094365238212049,0.001080000540241599
DeepSets,37,test_11,unused,0.000635410426184535,0.0030411642510443926
DeepSets,37,test_12,unused,0.0006355295772664249,0.003041045041754842
DeepSets,37,test_13,unused,0.000635410426184535,0.0030411642510443926
DeepSets,37,test_14,unused,0.0003094365238212049,0.00107643473893404
DeepSets,37,test_15,unused,0.000309436465613544,0.0010798813309520483
DeepSets,37,test_16,unused,0.0006355296354740858,0.003041045041754842
DeepSets,37,test_17,unused,0.0006355295772664249,0.003041045041754842
DeepSets,37,test_18,unused,0.0006355296354740858,0.003049526596441865
DeepSets,37,test_19,unused,0.000309436465613544,0.0010798813309520483
DeepSets,37,test_20,unused,0.0003094365238212049,0.0010763155296444893
DeepSets,37,test_21,unused,0.000309436465613544,0.0010798813309520483
DeepSets,37,test_22,unused,0.0003094365238212049,0.001080000540241599
DeepSets,37,test_23,unused,0.00030943649471737444,0.0010762560414150357
DeepSets,37,test_24,unused,0.000635410426184535,0.003049526596441865
DeepSets,37,test_25,unused,0.0006355296354740858,0.003049526596441865
DeepSets,37,test_26,unused,0.0006355295772664249,0.003041045041754842
DeepSets,37,test_27,unused,0.0006355296354740858,0.003049526596441865
DeepSets,37,test_28,unused,0.000309436465613544,0.0010798813309520483
DeepSets,37,test_29,unused,0.00030943649471737444,0.0010762560414150357
DeepSets,37,test_30,unused,0.0006355296354740858,0.003041045041754842
DeepSets,37,test_31,unused,0.0006355296354740858,0.003041045041754842
DeepSets,37,test_32,unused,0.00030943649471737444,0.001080000540241599
DeepSets,37,test_33,unused,0.0006355295772664249,0.003041045041754842
DeepSets,37,test_34,unused,0.0006355295772664249,0.003049526596441865
DeepSets,37,test_35,unused,0.0006355295772664249,0.003041045041754842
DeepSets,37,test_36,unused,0.000309436465613544,0.0010761964367702603
DeepSets,37,test_37,unused,0.0006355296354740858,0.003049526596441865
DeepSets,37,test_38,unused,0.0003094365238212049,0.0010763155296444893
DeepSets,37,test_39,unused,0.00030943649471737444,0.00107643473893404
DeepSets,37,test_40,unused,0.0006355295772664249,0.003041045041754842
DeepSets,37,test_41,unused,0.0006355296354740858,0.003041045041754842
DeepSets,37,test_42,unused,0.0003094365238212049,0.001080000540241599
DeepSets,37,test_43,unused,0.00030943649471737444,0.0010798813309520483
DeepSets,37,test_44,unused,0.0006354104843921959,0.0030411642510443926
DeepSets,37,test_45,unused,0.0006354104843921959,0.0030496458057314157
DeepSets,37,test_46,unused,0.0006355295772664249,0.0030411642510443926
DeepSets,37,test_47,unused,0.0006352912751026452,0.0030496458057314157
DeepSets,37,test_48,unused,0.0006355296354740858,0.0030496458057314157
DeepSets,37,test_49,unused,0.0006354104843921959,0.0030411642510443926
DeepSets,37,test_50,unused,0.0006355296354740858,0.003049526596441865
DeepSets,37,test_51,unused,0.000635410426184535,0.0030493924859911203
DeepSets,37,test_52,unused,0.00030943649471737444,0.001080000540241599
DeepSets,37,test_53,unused,0.000309436465613544,0.0010798813309520483
DeepSets,37,test_54,unused,0.0006355296354740858,0.0030496458057314157
DeepSets,37,test_55,unused,0.000309436465613544,0.0010798813309520483
DeepSets,37,test_56,unused,0.000309436465613544,0.0010798813309520483
DeepSets,37,test_57,unused,0.000309436465613544,0.0010761964367702603
DeepSets,37,test_58,unused,0.00030943649471737444,0.0010763156460598111
DeepSets,37,test_59,unused,0.0003094365238212049,0.001080000540241599
DeepSets,37,test_60,unused,0.000309436465613544,0.0010798813309520483
DeepSets,37,test_61,unused,0.0003094365238212049,0.00107643473893404
DeepSets,37,test_62,unused,0.0006355296354740858,0.003049526596441865
DeepSets,37,test_63,unused,0.0006355296354740858,0.003041045041754842
DeepSets,37,test_64,unused,0.000309436465613544,0.0010762560414150357
DeepSets,37,test_65,unused,0.0006355296354740858,0.003049526596441865
DeepSets,37,test_66,unused,0.000309436465613544,0.0010761964367702603
DeepSets,37,test_67,unused,0.000635410426184535,0.0030496458057314157
DeepSets,37,test_68,unused,0.0006355295772664249,0.003049526596441865
DeepSets,37,test_69,unused,0.000309436465613544,0.0010798813309520483
DeepSets,37,test_70,unused,0.0006355295772664249,0.003041045041754842
DeepSets,37,test_71,unused,0.0003094365238212049,0.0010799409355968237
DeepSets,37,test_72,unused,0.0006355296354740858,0.003041045041754842
DeepSets,37,test_73,unused,0.0006354103679768741,0.0030497650150209665
DeepSets,37,test_74,unused,0.0003094365238212049,0.0010763751342892647
DeepSets,37,test_75,unused,0.000309436465613544,0.0010762560414150357
DeepSets,37,test_76,unused,0.00030943649471737444,0.0010763751342892647
DeepSets,37,test_77,unused,0.0003094365238212049,0.0010763751342892647
DeepSets,37,test_78,unused,0.000309436465613544,0.0010798813309520483
DeepSets,37,test_79,unused,0.0003094365238212049,0.001080000540241599
DeepSets,37,test_80,unused,0.00030943649471737444,0.0010763155296444893
DeepSets,37,test_81,unused,0.00030943649471737444,0.0010798813309520483
DeepSets,37,test_82,unused,0.0003094365238212049,0.0010799409355968237
DeepSets,37,test_83,unused,0.0003094365238212049,0.001080000540241599
DeepSets,37,test_84,unused,0.0006355296354740858,0.003041045041754842
DeepSets,37,test_85,unused,0.000635410426184535,0.0030493924859911203
DeepSets,37,test_86,unused,0.0006355296354740858,0.003049526596441865
DeepSets,37,test_87,unused,0.000635410426184535,0.0030411642510443926
DeepSets,37,test_88,unused,0.0003094365238212049,0.0010764943435788155
DeepSets,37,test_89,unused,0.0006352912168949842,0.0030496458057314157
DeepSets,37,test_90,unused,0.00030943649471737444,0.00107643473893404
DeepSets,37,test_91,unused,0.0006355296354740858,0.003049526596441865
DeepSets,37,test_92,unused,0.0006355296354740858,0.003041045041754842
DeepSets,37,test_93,unused,0.0003094365238212049,0.0010763751342892647
DeepSets,37,test_94,unused,0.0003094365238212049,0.00107643473893404
DeepSets,37,test_95,unused,0.0006355295772664249,0.0030496458057314157
DeepSets,37,test_96,unused,0.0006355295772664249,0.0030411642510443926
DeepSets,37,test_97,unused,0.0006355296354740858,0.003041045041754842
DeepSets,37,test_98,unused,0.000309436465613544,0.0010798813309520483
DeepSets,37,test_99,unused,0.0006355296354740858,0.003041045041754842
DeepSets,37,test_100,unused,0.0003094365238212049,0.001080000540241599
DeepSets,37,test_101,unused,0.0006354104843921959,0.003049526596441865
DeepSets,37,test_102,unused,0.000635410426184535,0.0030493924859911203
DeepSets,37,test_103,unused,0.0003094365238212049,0.0010764943435788155
DeepSets,37,test_104,unused,0.0003094365238212049,0.001080000540241599
DeepSets,37,test_105,unused,0.000309436465613544,0.0010798813309520483
DeepSets,37,test_106,unused,0.0006354104843921959,0.003049526596441865
DeepSets,37,test_107,unused,0.0003094365238212049,0.00107643473893404
DeepSets,37,test_108,unused,0.0006352912168949842,0.0030411642510443926
DeepSets,37,test_109,unused,0.0003094365238212049,0.00107643473893404
DeepSets,37,test_110,unused,0.0006355296354740858,0.003049526596441865
DeepSets,37,test_111,unused,0.0006355296354740858,0.003041045041754842
DeepSets,37,test_112,unused,0.000635410426184535,0.0030493924859911203
DeepSets,37,test_113,unused,0.0006355295772664249,0.0030411642510443926
DeepSets,37,test_114,unused,0.000309436465613544,0.0010798813309520483
DeepSets,37,test_115,unused,0.00030943649471737444,0.0010762560414150357
DeepSets,37,test_116,unused,0.00030943655292503536,0.0010764943435788155
DeepSets,37,test_117,unused,0.0006355296354740858,0.003041045041754842
DeepSets,37,test_118,unused,0.0006355295772664249,0.0030496458057314157
DeepSets,37,test_119,unused,0.00030943649471737444,0.0010798813309520483
DeepSets,37,test_120,unused,0.00030943649471737444,0.0010763751342892647
DeepSets,37,test_121,unused,0.0003094365238212049,0.001080000540241599
DeepSets,37,test_122,unused,0.0006355296354740858,0.003041045041754842
DeepSets,37,test_123,unused,0.00030943649471737444,0.0010798813309520483
DeepSets,37,test_124,unused,0.00030943649471737444,0.0010762560414150357
DeepSets,37,test_125,unused,0.0003094365238212049,0.001080000540241599
DeepSets,37,test_126,unused,0.000635410426184535,0.0030411642510443926
DeepSets,37,test_127,unused,0.000309436465613544,0.0010798813309520483
DeepSets,37,test_0,relational,0.0,0.0
DeepSets,37,test_1,relational,0.0,0.0
DeepSets,37,test_2,relational,0.0,0.0
DeepSets,37,test_3,relational,0.0,0.0
DeepSets,37,test_4,relational,0.0,0.0
DeepSets,37,test_5,relational,0.0,0.0
DeepSets,37,test_6,relational,0.0,0.0
DeepSets,37,test_7,relational,0.0,0.0
DeepSets,37,test_8,relational,0.0,0.0
DeepSets,37,test_9,relational,0.0,0.0
DeepSets,37,test_10,relational,0.0,0.0
DeepSets,37,test_11,relational,0.0,0.0
DeepSets,37,test_12,relational,0.0,0.0
DeepSets,37,test_13,relational,0.0,0.0
DeepSets,37,test_14,relational,0.0,0.0
DeepSets,37,test_15,relational,0.0,0.0
DeepSets,37,test_16,relational,0.0,0.0
DeepSets,37,test_17,relational,0.0,0.0
DeepSets,37,test_18,relational,0.0,0.0
DeepSets,37,test_19,relational,0.0,0.0
DeepSets,37,test_20,relational,0.0,0.0
DeepSets,37,test_21,relational,0.0,0.0
DeepSets,37,test_22,relational,0.0,0.0
DeepSets,37,test_23,relational,0.0,0.0
DeepSets,37,test_24,relational,0.0,0.0
DeepSets,37,test_25,relational,0.0,0.0
DeepSets,37,test_26,relational,0.0,0.0
DeepSets,37,test_27,relational,0.0,0.0
DeepSets,37,test_28,relational,0.0,0.0
DeepSets,37,test_29,relational,0.0,0.0
DeepSets,37,test_30,relational,0.0,0.0
DeepSets,37,test_31,relational,0.0,0.0
DeepSets,37,test_32,relational,0.0,0.0
DeepSets,37,test_33,relational,0.0,0.0
DeepSets,37,test_34,relational,0.0,0.0
DeepSets,37,test_35,relational,0.0,0.0
DeepSets,37,test_36,relational,0.0,0.0
DeepSets,37,test_37,relational,0.0,0.0
DeepSets,37,test_38,relational,0.0,0.0
DeepSets,37,test_39,relational,0.0,0.0
DeepSets,37,test_40,relational,0.0,0.0
DeepSets,37,test_41,relational,0.0,0.0
DeepSets,37,test_42,relational,0.0,0.0
DeepSets,37,test_43,relational,0.0,0.0
DeepSets,37,test_44,relational,0.0,0.0
DeepSets,37,test_45,relational,0.0,0.0
DeepSets,37,test_46,relational,0.0,0.0
DeepSets,37,test_47,relational,0.0,0.0
DeepSets,37,test_48,relational,0.0,0.0
DeepSets,37,test_49,relational,0.0,0.0
DeepSets,37,test_50,relational,0.0,0.0
DeepSets,37,test_51,relational,0.0,0.0
DeepSets,37,test_52,relational,0.0,0.0
DeepSets,37,test_53,relational,0.0,0.0
DeepSets,37,test_54,relational,0.0,0.0
DeepSets,37,test_55,relational,0.0,0.0
DeepSets,37,test_56,relational,0.0,0.0
DeepSets,37,test_57,relational,0.0,0.0
DeepSets,37,test_58,relational,0.0,0.0
DeepSets,37,test_59,relational,0.0,0.0
DeepSets,37,test_60,relational,0.0,0.0
DeepSets,37,test_61,relational,0.0,0.0
DeepSets,37,test_62,relational,0.0,0.0
DeepSets,37,test_63,relational,0.0,0.0
DeepSets,37,test_64,relational,0.0,0.0
DeepSets,37,test_65,relational,0.0,0.0
DeepSets,37,test_66,relational,0.0,0.0
DeepSets,37,test_67,relational,0.0,0.0
DeepSets,37,test_68,relational,0.0,0.0
DeepSets,37,test_69,relational,0.0,0.0
DeepSets,37,test_70,relational,0.0,0.0
DeepSets,37,test_71,relational,0.0,0.0
DeepSets,37,test_72,relational,0.0,0.0
DeepSets,37,test_73,relational,0.0,0.0
DeepSets,37,test_74,relational,0.0,0.0
DeepSets,37,test_75,relational,0.0,0.0
DeepSets,37,test_76,relational,0.0,0.0
DeepSets,37,test_77,relational,0.0,0.0
DeepSets,37,test_78,relational,0.0,0.0
DeepSets,37,test_79,relational,0.0,0.0
DeepSets,37,test_80,relational,0.0,0.0
DeepSets,37,test_81,relational,0.0,0.0
DeepSets,37,test_82,relational,0.0,0.0
DeepSets,37,test_83,relational,0.0,0.0
DeepSets,37,test_84,relational,0.0,0.0
DeepSets,37,test_85,relational,0.0,0.0
DeepSets,37,test_86,relational,0.0,0.0
DeepSets,37,test_87,relational,0.0,0.0
DeepSets,37,test_88,relational,0.0,0.0
DeepSets,37,test_89,relational,0.0,0.0
DeepSets,37,test_90,relational,0.0,0.0
DeepSets,37,test_91,relational,0.0,0.0
DeepSets,37,test_92,relational,0.0,0.0
DeepSets,37,test_93,relational,0.0,0.0
DeepSets,37,test_94,relational,0.0,0.0
DeepSets,37,test_95,relational,0.0,0.0
DeepSets,37,test_96,relational,0.0,0.0
DeepSets,37,test_97,relational,0.0,0.0
DeepSets,37,test_98,relational,0.0,0.0
DeepSets,37,test_99,relational,0.0,0.0
DeepSets,37,test_100,relational,0.0,0.0
DeepSets,37,test_101,relational,0.0,0.0
DeepSets,37,test_102,relational,0.0,0.0
DeepSets,37,test_103,relational,0.0,0.0
DeepSets,37,test_104,relational,0.0,0.0
DeepSets,37,test_105,relational,0.0,0.0
DeepSets,37,test_106,relational,0.0,0.0
DeepSets,37,test_107,relational,0.0,0.0
DeepSets,37,test_108,relational,0.0,0.0
DeepSets,37,test_109,relational,0.0,0.0
DeepSets,37,test_110,relational,0.0,0.0
DeepSets,37,test_111,relational,0.0,0.0
DeepSets,37,test_112,relational,0.0,0.0
DeepSets,37,test_113,relational,0.0,0.0
DeepSets,37,test_114,relational,0.0,0.0
DeepSets,37,test_115,relational,0.0,0.0
DeepSets,37,test_116,relational,0.0,0.0
DeepSets,37,test_117,relational,0.0,0.0
DeepSets,37,test_118,relational,0.0,0.0
DeepSets,37,test_119,relational,0.0,0.0
DeepSets,37,test_120,relational,0.0,0.0
DeepSets,37,test_121,relational,0.0,0.0
DeepSets,37,test_122,relational,0.0,0.0
DeepSets,37,test_123,relational,0.0,0.0
DeepSets,37,test_124,relational,0.0,0.0
DeepSets,37,test_125,relational,0.0,0.0
DeepSets,37,test_126,relational,0.0,0.0
DeepSets,37,test_127,relational,0.0,0.0
DeepSets,37,test_0,irrelevant,0.0,0.0
DeepSets,37,test_1,irrelevant,0.0,0.0
DeepSets,37,test_2,irrelevant,0.0,0.0
DeepSets,37,test_3,irrelevant,0.0,0.0
DeepSets,37,test_4,irrelevant,0.0,0.0
DeepSets,37,test_5,irrelevant,0.0,0.0
DeepSets,37,test_6,irrelevant,0.0,0.0
DeepSets,37,test_7,irrelevant,0.0,0.0
DeepSets,37,test_8,irrelevant,0.0,0.0
DeepSets,37,test_9,irrelevant,0.0,0.0
DeepSets,37,test_10,irrelevant,0.0,0.0
DeepSets,37,test_11,irrelevant,0.0,0.0
DeepSets,37,test_12,irrelevant,0.0,0.0
DeepSets,37,test_13,irrelevant,0.0,0.0
DeepSets,37,test_14,irrelevant,0.0,0.0
DeepSets,37,test_15,irrelevant,0.0,0.0
DeepSets,37,test_16,irrelevant,0.0,0.0
DeepSets,37,test_17,irrelevant,0.0,0.0
DeepSets,37,test_18,irrelevant,0.0,0.0
DeepSets,37,test_19,irrelevant,0.0,0.0
DeepSets,37,test_20,irrelevant,0.0,0.0
DeepSets,37,test_21,irrelevant,0.0,0.0
DeepSets,37,test_22,irrelevant,0.0,0.0
DeepSets,37,test_23,irrelevant,0.0,0.0
DeepSets,37,test_24,irrelevant,0.0,0.0
DeepSets,37,test_25,irrelevant,0.0,0.0
DeepSets,37,test_26,irrelevant,0.0,0.0
DeepSets,37,test_27,irrelevant,0.0,0.0
DeepSets,37,test_28,irrelevant,0.0,0.0
DeepSets,37,test_29,irrelevant,0.0,0.0
DeepSets,37,test_30,irrelevant,0.0,0.0
DeepSets,37,test_31,irrelevant,0.0,0.0
DeepSets,37,test_32,irrelevant,0.0,0.0
DeepSets,37,test_33,irrelevant,0.0,0.0
DeepSets,37,test_34,irrelevant,0.0,0.0
DeepSets,37,test_35,irrelevant,0.0,0.0
DeepSets,37,test_36,irrelevant,0.0,0.0
DeepSets,37,test_37,irrelevant,0.0,0.0
DeepSets,37,test_38,irrelevant,0.0,0.0
DeepSets,37,test_39,irrelevant,0.0,0.0
DeepSets,37,test_40,irrelevant,0.0,0.0
DeepSets,37,test_41,irrelevant,0.0,0.0
DeepSets,37,test_42,irrelevant,0.0,0.0
DeepSets,37,test_43,irrelevant,0.0,0.0
DeepSets,37,test_44,irrelevant,0.0,0.0
DeepSets,37,test_45,irrelevant,0.0,0.0
DeepSets,37,test_46,irrelevant,0.0,0.0
DeepSets,37,test_47,irrelevant,0.0,0.0
DeepSets,37,test_48,irrelevant,0.0,0.0
DeepSets,37,test_49,irrelevant,0.0,0.0
DeepSets,37,test_50,irrelevant,0.0,0.0
DeepSets,37,test_51,irrelevant,0.0,0.0
DeepSets,37,test_52,irrelevant,0.0,0.0
DeepSets,37,test_53,irrelevant,0.0,0.0
DeepSets,37,test_54,irrelevant,0.0,0.0
DeepSets,37,test_55,irrelevant,0.0,0.0
DeepSets,37,test_56,irrelevant,0.0,0.0
DeepSets,37,test_57,irrelevant,0.0,0.0
DeepSets,37,test_58,irrelevant,0.0,0.0
DeepSets,37,test_59,irrelevant,0.0,0.0
DeepSets,37,test_60,irrelevant,0.0,0.0
DeepSets,37,test_61,irrelevant,0.0,0.0
DeepSets,37,test_62,irrelevant,0.0,0.0
DeepSets,37,test_63,irrelevant,0.0,0.0
DeepSets,37,test_64,irrelevant,0.0,0.0
DeepSets,37,test_65,irrelevant,0.0,0.0
DeepSets,37,test_66,irrelevant,0.0,0.0
DeepSets,37,test_67,irrelevant,0.0,0.0
DeepSets,37,test_68,irrelevant,0.0,0.0
DeepSets,37,test_69,irrelevant,0.0,0.0
DeepSets,37,test_70,irrelevant,0.0,0.0
DeepSets,37,test_71,irrelevant,0.0,0.0
DeepSets,37,test_72,irrelevant,0.0,0.0
DeepSets,37,test_73,irrelevant,0.0,0.0
DeepSets,37,test_74,irrelevant,0.0,0.0
DeepSets,37,test_75,irrelevant,0.0,0.0
DeepSets,37,test_76,irrelevant,0.0,0.0
DeepSets,37,test_77,irrelevant,0.0,0.0
DeepSets,37,test_78,irrelevant,0.0,0.0
DeepSets,37,test_79,irrelevant,0.0,0.0
DeepSets,37,test_80,irrelevant,0.0,0.0
DeepSets,37,test_81,irrelevant,0.0,0.0
DeepSets,37,test_82,irrelevant,0.0,0.0
DeepSets,37,test_83,irrelevant,0.0,0.0
DeepSets,37,test_84,irrelevant,0.0,0.0
DeepSets,37,test_85,irrelevant,0.0,0.0
DeepSets,37,test_86,irrelevant,0.0,0.0
DeepSets,37,test_87,irrelevant,0.0,0.0
DeepSets,37,test_88,irrelevant,0.0,0.0
DeepSets,37,test_89,irrelevant,0.0,0.0
DeepSets,37,test_90,irrelevant,0.0,0.0
DeepSets,37,test_91,irrelevant,0.0,0.0
DeepSets,37,test_92,irrelevant,0.0,0.0
DeepSets,37,test_93,irrelevant,0.0,0.0
DeepSets,37,test_94,irrelevant,0.0,0.0
DeepSets,37,test_95,irrelevant,0.0,0.0
DeepSets,37,test_96,irrelevant,0.0,0.0
DeepSets,37,test_97,irrelevant,0.0,0.0
DeepSets,37,test_98,irrelevant,0.0,0.0
DeepSets,37,test_99,irrelevant,0.0,0.0
DeepSets,37,test_100,irrelevant,0.0,0.0
DeepSets,37,test_101,irrelevant,0.0,0.0
DeepSets,37,test_102,irrelevant,0.0,0.0
DeepSets,37,test_103,irrelevant,0.0,0.0
DeepSets,37,test_104,irrelevant,0.0,0.0
DeepSets,37,test_105,irrelevant,0.0,0.0
DeepSets,37,test_106,irrelevant,0.0,0.0
DeepSets,37,test_107,irrelevant,0.0,0.0
DeepSets,37,test_108,irrelevant,0.0,0.0
DeepSets,37,test_109,irrelevant,0.0,0.0
DeepSets,37,test_110,irrelevant,0.0,0.0
DeepSets,37,test_111,irrelevant,0.0,0.0
DeepSets,37,test_112,irrelevant,0.0,0.0
DeepSets,37,test_113,irrelevant,0.0,0.0
DeepSets,37,test_114,irrelevant,0.0,0.0
DeepSets,37,test_115,irrelevant,0.0,0.0
DeepSets,37,test_116,irrelevant,0.0,0.0
DeepSets,37,test_117,irrelevant,0.0,0.0
DeepSets,37,test_118,irrelevant,0.0,0.0
DeepSets,37,test_119,irrelevant,0.0,0.0
DeepSets,37,test_120,irrelevant,0.0,0.0
DeepSets,37,test_121,irrelevant,0.0,0.0
DeepSets,37,test_122,irrelevant,0.0,0.0
DeepSets,37,test_123,irrelevant,0.0,0.0
DeepSets,37,test_124,irrelevant,0.0,0.0
DeepSets,37,test_125,irrelevant,0.0,0.0
DeepSets,37,test_126,irrelevant,0.0,0.0
DeepSets,37,test_127,irrelevant,0.0,0.0
GCN,11,test_0,used,0.9999657869338989,0.024105271324515343
GCN,11,test_1,used,0.9974235892295837,0.14787554740905762
GCN,11,test_2,used,0.9974235892295837,0.1478755623102188
GCN,11,test_3,used,0.9999657869338989,0.0038131186738610268
GCN,11,test_4,used,0.9999657869338989,0.003813117742538452
GCN,11,test_5,used,0.9999898672103882,0.01754065416753292
GCN,11,test_6,used,0.9974235892295837,0.1286977082490921
GCN,11,test_7,used,0.9986456036567688,0.12299174070358276
GCN,11,test_8,used,0.9999657869338989,0.024105267599225044
GCN,11,test_9,used,0.9974235892295837,0.12869775295257568
GCN,11,test_10,used,0.9999898672103882,0.0013050774578005075
GCN,11,test_11,used,0.9986456036567688,0.12299172580242157
GCN,11,test_12,used,0.9986456036567688,0.12299168109893799
GCN,11,test_13,used,0.9986456036567688,0.12299174070358276
GCN,11,test_14,used,0.9974235892295837,0.14787545800209045
GCN,11,test_15,used,0.9986456036567688,0.12690295279026031
GCN,11,test_16,used,0.9986456036567688,0.12299174070358276
GCN,11,test_17,used,0.9986456036567688,0.12299174070358276
GCN,11,test_18,used,0.9974235892295837,0.1286977231502533
GCN,11,test_19,used,0.9999898672103882,0.0013050774578005075
GCN,11,test_20,used,0.9974235892295837,0.1478755623102188
GCN,11,test_21,used,0.9999898672103882,0.001305077224969864
GCN,11,test_22,used,0.9999898672103882,0.0013050779234617949
GCN,11,test_23,used,0.9999657869338989,0.0038131186738610268
GCN,11,test_24,used,0.9999657869338989,0.024105260148644447
GCN,11,test_25,used,0.9974235892295837,0.12869775295257568
GCN,11,test_26,used,0.9999898672103882,0.017540650442242622
GCN,11,test_27,used,0.9999657869338989,0.024105263873934746
GCN,11,test_28,used,0.9986456036567688,0.12690289318561554
GCN,11,test_29,used,0.9974235892295837,0.1478755623102188
GCN,11,test_30,used,0.9999898672103882,0.01754065416753292
GCN,11,test_31,used,0.9999898672103882,0.01754065789282322
GCN,11,test_32,used,0.9986456036567688,0.12690286338329315
GCN,11,test_33,used,0.9999898672103882,0.01754065416753292
GCN,11,test_34,used,0.9999657869338989,0.024105271324515343
GCN,11,test_35,used,0.9999898672103882,0.01754065230488777
GCN,11,test_36,used,0.9974235892295837,0.14787554740905762
GCN,11,test_37,used,0.9999657869338989,0.024105262011289597
GCN,11,test_38,used,0.9974235892295837,0.14787544310092926
GCN,11,test_39,used,0.9999657869338989,0.0038131186738610268
GCN,11,test_40,used,0.9999898672103882,0.01754065230488777
GCN,11,test_41,used,0.9999898672103882,0.01754065416753292
GCN,11,test_42,used,0.9999898672103882,0.0013050779234617949
GCN,11,test_43,used,0.9999898672103882,0.001305077224969864
GCN,11,test_44,used,0.9986456036567688,0.12299168109893799
GCN,11,test_45,used,0.9999657869338989,0.024105269461870193
GCN,11,test_46,used,0.9999898672103882,0.01754065975546837
GCN,11,test_47,used,0.9974235892295837,0.12869778275489807
GCN,11,test_48,used,0.9974235892295837,0.1286977231502533
GCN,11,test_49,used,0.9999898672103882,0.01754065603017807
GCN,11,test_50,used,0.9974235892295837,0.12869778275489807
GCN,11,test_51,used,0.9999657869338989,0.024105265736579895
GCN,11,test_52,used,0.9999898672103882,0.001305077108554542
GCN,11,test_53,used,0.9999898672103882,0.001305077224969864
GCN,11,test_54,used,0.9999657869338989,0.02410532906651497
GCN,11,test_55,used,0.9986456036567688,0.12690286338329315
GCN,11,test_56,used,0.9999898672103882,0.001305077224969864
GCN,11,test_57,used,0.9999657869338989,0.0038131186738610268
GCN,11,test_58,used,0.9999657869338989,0.0038131182081997395
GCN,11,test_59,used,0.9999898672103882,0.001305077224969864
GCN,11,test_60,used,0.9986456036567688,0.12690289318561554
GCN,11,test_61,used,0.9974235892295837,0.14787557721138
GCN,11,test_62,used,0.9974235892295837,0.12869778275489807
GCN,11,test_63,used,0.9986456036567688,0.12299174070358276
GCN,11,test_64,used,0.9999657869338989,0.003813119139522314
GCN,11,test_65,used,0.9999657869338989,0.024105267599225044
GCN,11,test_66,used,0.9999657869338989,0.0038131193723529577
GCN,11,test_67,used,0.9999657869338989,0.024105260148644447
GCN,11,test_68,used,0.9974235892295837,0.1286977231502533
GCN,11,test_69,used,0.9986456036567688,0.12690289318561554
GCN,11,test_70,used,0.9986456036567688,0.12299183011054993
GCN,11,test_71,used,0.9986456036567688,0.12690286338329315
GCN,11,test_72,used,0.9986456036567688,0.12299174070358276
GCN,11,test_73,used,0.9974235892295837,0.12869775295257568
GCN,11,test_74,used,0.9974235892295837,0.1478755623102188
GCN,11,test_75,used,0.9999657869338989,0.003813119139522314
GCN,11,test_76,used,0.9999657869338989,0.003813117742538452
GCN,11,test_77,used,0.9974235892295837,0.14787542819976807
GCN,11,test_78,used,0.9986456036567688,0.1269029676914215
GCN,11,test_79,used,0.9986456036567688,0.12690280377864838
GCN,11,test_80,used,0.9974235892295837,0.14787554740905762
GCN,11,test_81,used,0.9999898672103882,0.001305077224969864
GCN,11,test_82,used,0.9986456036567688,0.1269029676914215
GCN,11,test_83,used,0.9999898672103882,0.0013050781562924385
GCN,11,test_84,used,0.9999898672103882,0.01754065416753292
GCN,11,test_85,used,0.9974235892295837,0.1286977082490921
GCN,11,test_86,used,0.9974235892295837,0.1286977231502533
GCN,11,test_87,used,0.9999898672103882,0.01754065230488777
GCN,11,test_88,used,0.9974235892295837,0.14787545800209045
GCN,11,test_89,used,0.9999657869338989,0.024105260148644447
GCN,11,test_90,used,0.9999657869338989,0.0038131186738610268
GCN,11,test_91,used,0.9999657869338989,0.024105265736579895
GCN,11,test_92,used,0.9986456036567688,0.12299172580242157
GCN,11,test_93,used,0.9974235892295837,0.14787547290325165
GCN,11,test_94,used,0.9999657869338989,0.003813119838014245
GCN,11,test_95,used,0.9974235892295837,0.12869775295257568
GCN,11,test_96,used,0.9986456036567688,0.12299172580242157
GCN,11,test_97,used,0.9999898672103882,0.01754065230488777
GCN,11,test_98,used,0.9999898672103882,0.001305077108554542
GCN,11,test_99,used,0.9999898672103882,0.01754065416753292
GCN,11,test_100,used,0.9986456036567688,0.12690286338329315
GCN,11,test_101,used,0.9999657869338989,0.024105265736579895
GCN,11,test_102,used,0.9999657869338989,0.024105260148644447
GCN,11,test_103,used,0.9999657869338989,0.003813119139522314
GCN,11,test_104,used,0.9986456036567688,0.12690286338329315
GCN,11,test_105,used,0.9999898672103882,0.0013050768757238984
GCN,11,test_106,used,0.9974235892295837,0.12869775295257568
GCN,11,test_107,used,0.9999657869338989,0.003813119838014245
GCN,11,test_108,used,0.9999898672103882,0.01754065416753292
GCN,11,test_109,used,0.9999657869338989,0.003813119139522314
GCN,11,test_110,used,0.9974235892295837,0.1286977231502533
GCN,11,test_111,used,0.9986456036567688,0.12299172580242157
GCN,11,test_112,used,0.9999657869338989,0.024105260148644447
GCN,11,test_113,used,0.9986456036567688,0.12299183011054993
GCN,11,test_114,used,0.9986456036567688,0.12690289318561554
GCN,11,test_115,used,0.9974235892295837,0.14787544310092926
GCN,11,test_116,used,0.9974235892295837,0.14787554740905762
GCN,11,test_117,used,0.9986456036567688,0.12299174070358276
GCN,11,test_118,used,0.9974235892295837,0.1286977231502533
GCN,11,test_119,used,0.9986456036567688,0.12690289318561554
GCN,11,test_120,used,0.9999657869338989,0.003813117742538452
GCN,11,test_121,used,0.9999898672103882,0.0013050781562924385
GCN,11,test_122,used,0.9986456036567688,0.12299174070358276
GCN,11,test_123,used,0.9986456036567688,0.12690280377864838
GCN,11,test_124,used,0.9974235892295837,0.14787554740905762
GCN,11,test_125,used,0.9999898672103882,0.0013050781562924385
GCN,11,test_126,used,0.9999898672103882,0.01754065230488777
GCN,11,test_127,used,0.9986456036567688,0.12690289318561554
GCN,11,test_0,unused,0.0013492531143128872,3.076020584558137e-05
GCN,11,test_1,unused,0.0008103770087473094,0.0007790756062604487
GCN,11,test_2,unused,0.0008103772415779531,0.0007790751405991614
GCN,11,test_3,unused,0.00015938286378514022,0.0012933091493323445
GCN,11,test_4,unused,0.00015938286378514022,0.0012933091493323445
GCN,11,test_5,unused,0.001349251950159669,1.608574893907644e-05
GCN,11,test_6,unused,0.0018359634559601545,0.00020796892931684852
GCN,11,test_7,unused,0.0018359632231295109,0.0001247410400537774
GCN,11,test_8,unused,0.001349251950159669,3.076160282944329e-05
GCN,11,test_9,unused,0.0018359610112383962,0.00020796898752450943
GCN,11,test_10,unused,0.0001593823981238529,0.0007178703090175986
GCN,11,test_11,unused,0.0018359608948230743,0.0001247412437805906
GCN,11,test_12,unused,0.0018359632231295109,0.0001247410400537774
GCN,11,test_13,unused,0.0018359632231295109,0.0001247408363269642
GCN,11,test_14,unused,0.0008103767177090049,0.0007790756062604487
GCN,11,test_15,unused,0.0008103763684630394,0.0011415674816817045
GCN,11,test_16,unused,0.00183596252463758,0.00012474101094994694
GCN,11,test_17,unused,0.00183596252463758,0.0001247410400537774
GCN,11,test_18,unused,0.00183596252463758,0.00020796764874830842
GCN,11,test_19,unused,0.00015938286378514022,0.0007178709493018687
GCN,11,test_20,unused,0.0008103762520477176,0.0007790753152221441
GCN,11,test_21,unused,0.00015938286378514022,0.0007178703090175986
GCN,11,test_22,unused,0.00015938344586174935,0.0007178713567554951
GCN,11,test_23,unused,0.00015938286378514022,0.0012933091493323445
GCN,11,test_24,unused,0.001349251950159669,3.076160282944329e-05
GCN,11,test_25,unused,0.0018359615933150053,0.00020796788157895207
GCN,11,test_26,unused,0.001349251950159669,1.60860363394022e-05
GCN,11,test_27,unused,0.001349251950159669,3.076160282944329e-05
GCN,11,test_28,unused,0.0008103770087473094,0.0011415667831897736
GCN,11,test_29,unused,0.0008103767177090049,0.0007790747913531959
GCN,11,test_30,unused,0.0013492524158209562,1.6085394236142747e-05
GCN,11,test_31,unused,0.001349251950159669,1.6086039977381006e-05
GCN,11,test_32,unused,0.0008103768341243267,0.0011415687622502446
GCN,11,test_33,unused,0.001349251950159669,1.608574893907644e-05
GCN,11,test_34,unused,0.0013492531143128872,3.076020584558137e-05
GCN,11,test_35,unused,0.001349251950159669,1.608574530109763e-05
GCN,11,test_36,unused,0.0008103779400698841,0.0007790751405991614
GCN,11,test_37,unused,0.001349251950159669,3.076160282944329e-05
GCN,11,test_38,unused,0.0008103765430860221,0.0007790751988068223
GCN,11,test_39,unused,0.00015938286378514022,0.0012933091493323445
GCN,11,test_40,unused,0.001349251950159669,1.608574893907644e-05
GCN,11,test_41,unused,0.0013492526486515999,1.608574893907644e-05
GCN,11,test_42,unused,0.00015938344586174935,0.0007178713567554951
GCN,11,test_43,unused,0.00015938286378514022,0.0007178703090175986
GCN,11,test_44,unused,0.00183596252463758,0.0001247408363269642
GCN,11,test_45,unused,0.001349251950159669,3.076160282944329e-05
GCN,11,test_46,unused,0.0013492524158209562,1.6085394236142747e-05
GCN,11,test_47,unused,0.0018359612440690398,0.0002079684054479003
GCN,11,test_48,unused,0.0018359634559601545,0.00020796904573217034
GCN,11,test_49,unused,0.0013492526486515999,1.60860363394022e-05
GCN,11,test_50,unused,0.0018359610112383962,0.00020796764874830842
GCN,11,test_51,unused,0.0013492529978975654,3.076090433751233e-05
GCN,11,test_52,unused,0.00015938332944642752,0.0007178712403401732
GCN,11,test_53,unused,0.00015938286378514022,0.0007178709493018687
GCN,11,test_54,unused,0.0013492524158209562,3.076090433751233e-05
GCN,11,test_55,unused,0.0008103779400698841,0.001141567132435739
GCN,11,test_56,unused,0.00015938286378514022,0.0007178709493018687
GCN,11,test_57,unused,0.00015938286378514022,0.0012933099642395973
GCN,11,test_58,unused,0.00015938332944642752,0.0012933104299008846
GCN,11,test_59,unused,0.0001593823981238529,0.0007178703090175986
GCN,11,test_60,unused,0.0008103768923319876,0.0011415687622502446
GCN,11,test_61,unused,0.0008103774744085968,0.0007790750823915005
GCN,11,test_62,unused,0.0018359615933150053,0.0002079684636555612
GCN,11,test_63,unused,0.0018359615933150053,0.00012474086543079466
GCN,11,test_64,unused,0.0001593823981238529,0.00129330949857831
GCN,11,test_65,unused,0.001349251950159669,3.076160282944329e-05
GCN,11,test_66,unused,0.00015938286378514022,0.0012933099642395973
GCN,11,test_67,unused,0.001349251950159669,3.076160282944329e-05
GCN,11,test_68,unused,0.0018359622918069363,0.00020796939497813582
GCN,11,test_69,unused,0.0008103779400698841,0.0011415656190365553
GCN,11,test_70,unused,0.0018359629902988672,0.00012474118557292968
GCN,11,test_71,unused,0.0008103782311081886,0.0011415656190365553
GCN,11,test_72,unused,0.0018359612440690398,0.00012474115646909922
GCN,11,test_73,unused,0.001835961127653718,0.00020796811440959573
GCN,11,test_74,unused,0.0008103772415779531,0.0007790754898451269
GCN,11,test_75,unused,0.0001593823981238529,0.00129330949857831
GCN,11,test_76,unused,0.00015938286378514022,0.0012933091493323445
GCN,11,test_77,unused,0.0008103778236545622,0.0007790748495608568
GCN,11,test_78,unused,0.0008103773579932749,0.00114156783092767
GCN,11,test_79,unused,0.0008103776490315795,0.0011415688786655664
GCN,11,test_80,unused,0.0008103768341243267,0.0007790750241838396
GCN,11,test_81,unused,0.00015938286378514022,0.0007178703090175986
GCN,11,test_82,unused,0.0008103770087473094,0.00114156655035913
GCN,11,test_83,unused,0.00015938437718432397,0.0007178713567554951
GCN,11,test_84,unused,0.001349251950159669,1.608574530109763e-05
GCN,11,test_85,unused,0.00183596252463758,0.00020796951139345765
GCN,11,test_86,unused,0.0018359601963311434,0.0002079684054479003
GCN,11,test_87,unused,0.001349251950159669,1.608574893907644e-05
GCN,11,test_88,unused,0.0008103775908239186,0.000779076071921736
GCN,11,test_89,unused,0.001349251950159669,3.076160282944329e-05
GCN,11,test_90,unused,0.00015938286378514022,0.0012933091493323445
GCN,11,test_91,unused,0.001349251950159669,3.076160282944329e-05
GCN,11,test_92,unused,0.0018359622918069363,0.00012474080722313374
GCN,11,test_93,unused,0.0008103778818622231,0.0007790751988068223
GCN,11,test_94,unused,0.00015938391152303666,0.00129330949857831
GCN,11,test_95,unused,0.001835961826145649,0.00020796869648620486
GCN,11,test_96,unused,0.0018359620589762926,0.0001247410982614383
GCN,11,test_97,unused,0.001349251950159669,1.608574530109763e-05
GCN,11,test_98,unused,0.00015938286378514022,0.0007178712403401732
GCN,11,test_99,unused,0.0013492526486515999,1.608574530109763e-05
GCN,11,test_100,unused,0.0008103767177090049,0.0011415660846978426
GCN,11,test_101,unused,0.001349251950159669,3.076160282944329e-05
GCN,11,test_102,unused,0.001349251950159669,3.076160282944329e-05
GCN,11,test_103,unused,0.00015938344586174935,0.0012933086836710572
GCN,11,test_104,unused,0.0008103762520477176,0.0011415652697905898
GCN,11,test_105,unused,0.00015938286378514022,0.0007178703090175986
GCN,11,test_106,unused,0.0018359613604843616,0.0002079671830870211
GCN,11,test_107,unused,0.00015938344586174935,0.00129330949857831
GCN,11,test_108,unused,0.001349251950159669,1.608574893907644e-05
GCN,11,test_109,unused,0.00015938344586174935,0.0012933086836710572
GCN,11,test_110,unused,0.00183596252463758,0.00020796823082491755
GCN,11,test_111,unused,0.0018359610112383962,0.00012474138929974288
GCN,11,test_112,unused,0.001349251950159669,3.076160282944329e-05
GCN,11,test_113,unused,0.0018359608948230743,0.00012474080722313374
GCN,11,test_114,unused,0.0008103767177090049,0.0011415653862059116
GCN,11,test_115,unused,0.0008103775326162577,0.0007790748495608568
GCN,11,test_116,unused,0.000810376601293683,0.0007790747913531959
GCN,11,test_117,unused,0.0018359610112383962,0.0001247414475074038
GCN,11,test_118,unused,0.0018359617097303271,0.00020796817261725664
GCN,11,test_119,unused,0.0008103768341243267,0.001141567132435739
GCN,11,test_120,unused,0.00015938286378514022,0.0012933091493323445
GCN,11,test_121,unused,0.00015938344586174935,0.0007178713567554951
GCN,11,test_122,unused,0.0018359632231295109,0.00012474086543079466
GCN,11,test_123,unused,0.0008103768341243267,0.0011415687622502446
GCN,11,test_124,unused,0.000810376601293683,0.0007790753152221441
GCN,11,test_125,unused,0.00015938437718432397,0.0007178719970397651
GCN,11,test_126,unused,0.001349251950159669,1.608574530109763e-05
GCN,11,test_127,unused,0.0008103767177090049,0.0011415660846978426
GCN,11,test_0,relational,0.9948047995567322,0.01127769984304905
GCN,11,test_1,relational,0.9964016079902649,0.015060309320688248
GCN,11,test_2,relational,0.9964016079902649,0.015060310252010822
GCN,11,test_3,relational,0.9964016079902649,0.025847069919109344
GCN,11,test_4,relational,0.9964016079902649,0.025847069919109344
GCN,11,test_5,relational,0.9975736737251282,0.00628148578107357
GCN,11,test_6,relational,0.9948047995567322,0.00868585892021656
GCN,11,test_7,relational,0.9975736737251282,0.005870174616575241
GCN,11,test_8,relational,0.9948047995567322,0.011277700774371624
GCN,11,test_9,relational,0.9948047995567322,0.008685862645506859
GCN,11,test_10,relational,0.9958730936050415,0.019849389791488647
GCN,11,test_11,relational,0.9975736737251282,0.005870237480849028
GCN,11,test_12,relational,0.9975736737251282,0.00587017647922039
GCN,11,test_13,relational,0.9975736737251282,0.005870237480849028
GCN,11,test_14,relational,0.9964016079902649,0.015060311183333397
GCN,11,test_15,relational,0.9958730936050415,0.029134094715118408
GCN,11,test_16,relational,0.9975736737251282,0.005870176013559103
GCN,11,test_17,relational,0.9975736737251282,0.005870174616575241
GCN,11,test_18,relational,0.9948047995567322,0.008685861714184284
GCN,11,test_19,relational,0.9958730936050415,0.019849389791488647
GCN,11,test_20,relational,0.9964016079902649,0.015060309320688248
GCN,11,test_21,relational,0.9958730936050415,0.019849389791488647
GCN,11,test_22,relational,0.9958730936050415,0.019849389791488647
GCN,11,test_23,relational,0.9964016079902649,0.02584707736968994
GCN,11,test_24,relational,0.9948047995567322,0.011277704499661922
GCN,11,test_25,relational,0.9948047995567322,0.008685859851539135
GCN,11,test_26,relational,0.9975736737251282,0.00628148578107357
GCN,11,test_27,relational,0.9948047995567322,0.011277700774371624
GCN,11,test_28,relational,0.9958730936050415,0.029134096577763557
GCN,11,test_29,relational,0.9964016079902649,0.015060309320688248
GCN,11,test_30,relational,0.9975736737251282,0.006281490903347731
GCN,11,test_31,relational,0.9975736737251282,0.006281489506363869
GCN,11,test_32,relational,0.9958730936050415,0.029134100303053856
GCN,11,test_33,relational,0.9975736737251282,0.0062814876437187195
GCN,11,test_34,relational,0.9948047995567322,0.01127769984304905
GCN,11,test_35,relational,0.9975736737251282,0.0062814876437187195
GCN,11,test_36,relational,0.9964016079902649,0.015060311183333397
GCN,11,test_37,relational,0.9948047995567322,0.011277700774371624
GCN,11,test_38,relational,0.9964016079902649,0.015060313045978546
GCN,11,test_39,relational,0.9964016079902649,0.025847062468528748
GCN,11,test_40,relational,0.9975736737251282,0.00628148578107357
GCN,11,test_41,relational,0.9975736737251282,0.0062814876437187195
GCN,11,test_42,relational,0.9958730936050415,0.019849389791488647
GCN,11,test_43,relational,0.9958730936050415,0.019849389791488647
GCN,11,test_44,relational,0.9975736737251282,0.005870176013559103
GCN,11,test_45,relational,0.9948047995567322,0.011277704499661922
GCN,11,test_46,relational,0.9975736737251282,0.006281490437686443
GCN,11,test_47,relational,0.9948047995567322,0.008685862645506859
GCN,11,test_48,relational,0.9948047995567322,0.008685865439474583
GCN,11,test_49,relational,0.9975736737251282,0.00628148578107357
GCN,11,test_50,relational,0.9948047995567322,0.008685862645506859
GCN,11,test_51,relational,0.9948047995567322,0.011277703568339348
GCN,11,test_52,relational,0.9958730936050415,0.019849393516778946
GCN,11,test_53,relational,0.9958730936050415,0.019849393516778946
GCN,11,test_54,relational,0.9948047995567322,0.011277700774371624
GCN,11,test_55,relational,0.9958730936050415,0.029134100303053856
GCN,11,test_56,relational,0.9958730936050415,0.019849393516778946
GCN,11,test_57,relational,0.9964016079902649,0.02584707736968994
GCN,11,test_58,relational,0.9964016079902649,0.025847071781754494
GCN,11,test_59,relational,0.9958730936050415,0.019849393516778946
GCN,11,test_60,relational,0.9958730936050415,0.029134096577763557
GCN,11,test_61,relational,0.9964016079902649,0.015060309320688248
GCN,11,test_62,relational,0.9948047995567322,0.008685859851539135
GCN,11,test_63,relational,0.9975736737251282,0.005870176013559103
GCN,11,test_64,relational,0.9964016079902649,0.02584707736968994
GCN,11,test_65,relational,0.9948047995567322,0.011277700774371624
GCN,11,test_66,relational,0.9964016079902649,0.02584707736968994
GCN,11,test_67,relational,0.9948047995567322,0.011277704499661922
GCN,11,test_68,relational,0.9948047995567322,0.008685861714184284
GCN,11,test_69,relational,0.9958730936050415,0.029134098440408707
GCN,11,test_70,relational,0.9975736737251282,0.005870174616575241
GCN,11,test_71,relational,0.9958730936050415,0.029134098440408707
GCN,11,test_72,relational,0.9975736737251282,0.005870175082236528
GCN,11,test_73,relational,0.9948047995567322,0.008685862645506859
GCN,11,test_74,relational,0.9964016079902649,0.015060310252010822
GCN,11,test_75,relational,0.9964016079902649,0.02584707736968994
GCN,11,test_76,relational,0.9964016079902649,0.025847069919109344
GCN,11,test_77,relational,0.9964016079902649,0.015060318633913994
GCN,11,test_78,relational,0.9958730936050415,0.02913409285247326
GCN,11,test_79,relational,0.9958730936050415,0.02913416549563408
GCN,11,test_80,relational,0.9964016079902649,0.015060309320688248
GCN,11,test_81,relational,0.9958730936050415,0.019849389791488647
GCN,11,test_82,relational,0.9958730936050415,0.029134096577763557
GCN,11,test_83,relational,0.9958730936050415,0.019849389791488647
GCN,11,test_84,relational,0.9975736737251282,0.0062814876437187195
GCN,11,test_85,relational,0.9948047995567322,0.008685856126248837
GCN,11,test_86,relational,0.9948047995567322,0.008685862645506859
GCN,11,test_87,relational,0.9975736737251282,0.0062814876437187195
GCN,11,test_88,relational,0.9964016079902649,0.015060306526720524
GCN,11,test_89,relational,0.9948047995567322,0.011277704499661922
GCN,11,test_90,relational,0.9964016079902649,0.025847062468528748
GCN,11,test_91,relational,0.9948047995567322,0.011277704499661922
GCN,11,test_92,relational,0.9975736737251282,0.005870237480849028
GCN,11,test_93,relational,0.9964016079902649,0.015060306526720524
GCN,11,test_94,relational,0.9964016079902649,0.025847073644399643
GCN,11,test_95,relational,0.9948047995567322,0.008685866370797157
GCN,11,test_96,relational,0.9975736737251282,0.005870174616575241
GCN,11,test_97,relational,0.9975736737251282,0.006281489506363869
GCN,11,test_98,relational,0.9958730936050415,0.019849389791488647
GCN,11,test_99,relational,0.9975736737251282,0.0062814876437187195
GCN,11,test_100,relational,0.9958730936050415,0.029134096577763557
GCN,11,test_101,relational,0.9948047995567322,0.011277700774371624
GCN,11,test_102,relational,0.9948047995567322,0.011277704499661922
GCN,11,test_103,relational,0.9964016079902649,0.025847066193819046
GCN,11,test_104,relational,0.9958730936050415,0.02913409285247326
GCN,11,test_105,relational,0.9958730936050415,0.019849389791488647
GCN,11,test_106,relational,0.9948047995567322,0.008685862645506859
GCN,11,test_107,relational,0.9964016079902649,0.025847073644399643
GCN,11,test_108,relational,0.9975736737251282,0.0062814876437187195
GCN,11,test_109,relational,0.9964016079902649,0.025847066193819046
GCN,11,test_110,relational,0.9948047995567322,0.008685857057571411
GCN,11,test_111,relational,0.9975736737251282,0.005870237480849028
GCN,11,test_112,relational,0.9948047995567322,0.011277704499661922
GCN,11,test_113,relational,0.9975736737251282,0.005870176013559103
GCN,11,test_114,relational,0.9958730936050415,0.029134096577763557
GCN,11,test_115,relational,0.9964016079902649,0.015060318633913994
GCN,11,test_116,relational,0.9964016079902649,0.015060309320688248
GCN,11,test_117,relational,0.9975736737251282,0.005870238412171602
GCN,11,test_118,relational,0.9948047995567322,0.008685862645506859
GCN,11,test_119,relational,0.9958730936050415,0.02913409285247326
GCN,11,test_120,relational,0.9964016079902649,0.02584707736968994
GCN,11,test_121,relational,0.9958730936050415,0.019849393516778946
GCN,11,test_122,relational,0.9975736737251282,0.005870176013559103
GCN,11,test_123,relational,0.9958730936050415,0.02913409285247326
GCN,11,test_124,relational,0.9964016079902649,0.015060309320688248
GCN,11,test_125,relational,0.9958730936050415,0.019849393516778946
GCN,11,test_126,relational,0.9975736737251282,0.0062814876437187195
GCN,11,test_127,relational,0.9958730936050415,0.029134100303053856
GCN,11,test_0,irrelevant,0.0,0.0
GCN,11,test_1,irrelevant,0.0,0.0
GCN,11,test_2,irrelevant,0.0,0.0
GCN,11,test_3,irrelevant,0.0,0.0
GCN,11,test_4,irrelevant,0.0,0.0
GCN,11,test_5,irrelevant,0.0,0.0
GCN,11,test_6,irrelevant,0.0,0.0
GCN,11,test_7,irrelevant,0.0,0.0
GCN,11,test_8,irrelevant,0.0,0.0
GCN,11,test_9,irrelevant,0.0,0.0
GCN,11,test_10,irrelevant,0.0,0.0
GCN,11,test_11,irrelevant,0.0,0.0
GCN,11,test_12,irrelevant,0.0,0.0
GCN,11,test_13,irrelevant,0.0,0.0
GCN,11,test_14,irrelevant,0.0,0.0
GCN,11,test_15,irrelevant,0.0,0.0
GCN,11,test_16,irrelevant,0.0,0.0
GCN,11,test_17,irrelevant,0.0,0.0
GCN,11,test_18,irrelevant,0.0,0.0
GCN,11,test_19,irrelevant,0.0,0.0
GCN,11,test_20,irrelevant,0.0,0.0
GCN,11,test_21,irrelevant,0.0,0.0
GCN,11,test_22,irrelevant,0.0,0.0
GCN,11,test_23,irrelevant,0.0,0.0
GCN,11,test_24,irrelevant,0.0,0.0
GCN,11,test_25,irrelevant,0.0,0.0
GCN,11,test_26,irrelevant,0.0,0.0
GCN,11,test_27,irrelevant,0.0,0.0
GCN,11,test_28,irrelevant,0.0,0.0
GCN,11,test_29,irrelevant,0.0,0.0
GCN,11,test_30,irrelevant,0.0,0.0
GCN,11,test_31,irrelevant,0.0,0.0
GCN,11,test_32,irrelevant,0.0,0.0
GCN,11,test_33,irrelevant,0.0,0.0
GCN,11,test_34,irrelevant,0.0,0.0
GCN,11,test_35,irrelevant,0.0,0.0
GCN,11,test_36,irrelevant,0.0,0.0
GCN,11,test_37,irrelevant,0.0,0.0
GCN,11,test_38,irrelevant,0.0,0.0
GCN,11,test_39,irrelevant,0.0,0.0
GCN,11,test_40,irrelevant,0.0,0.0
GCN,11,test_41,irrelevant,0.0,0.0
GCN,11,test_42,irrelevant,0.0,0.0
GCN,11,test_43,irrelevant,0.0,0.0
GCN,11,test_44,irrelevant,0.0,0.0
GCN,11,test_45,irrelevant,0.0,0.0
GCN,11,test_46,irrelevant,0.0,0.0
GCN,11,test_47,irrelevant,0.0,0.0
GCN,11,test_48,irrelevant,0.0,0.0
GCN,11,test_49,irrelevant,0.0,0.0
GCN,11,test_50,irrelevant,0.0,0.0
GCN,11,test_51,irrelevant,0.0,0.0
GCN,11,test_52,irrelevant,0.0,0.0
GCN,11,test_53,irrelevant,0.0,0.0
GCN,11,test_54,irrelevant,0.0,0.0
GCN,11,test_55,irrelevant,0.0,0.0
GCN,11,test_56,irrelevant,0.0,0.0
GCN,11,test_57,irrelevant,0.0,0.0
GCN,11,test_58,irrelevant,0.0,0.0
GCN,11,test_59,irrelevant,0.0,0.0
GCN,11,test_60,irrelevant,0.0,0.0
GCN,11,test_61,irrelevant,0.0,0.0
GCN,11,test_62,irrelevant,0.0,0.0
GCN,11,test_63,irrelevant,0.0,0.0
GCN,11,test_64,irrelevant,0.0,0.0
GCN,11,test_65,irrelevant,0.0,0.0
GCN,11,test_66,irrelevant,0.0,0.0
GCN,11,test_67,irrelevant,0.0,0.0
GCN,11,test_68,irrelevant,0.0,0.0
GCN,11,test_69,irrelevant,0.0,0.0
GCN,11,test_70,irrelevant,0.0,0.0
GCN,11,test_71,irrelevant,0.0,0.0
GCN,11,test_72,irrelevant,0.0,0.0
GCN,11,test_73,irrelevant,0.0,0.0
GCN,11,test_74,irrelevant,0.0,0.0
GCN,11,test_75,irrelevant,0.0,0.0
GCN,11,test_76,irrelevant,0.0,0.0
GCN,11,test_77,irrelevant,0.0,0.0
GCN,11,test_78,irrelevant,0.0,0.0
GCN,11,test_79,irrelevant,0.0,0.0
GCN,11,test_80,irrelevant,0.0,0.0
GCN,11,test_81,irrelevant,0.0,0.0
GCN,11,test_82,irrelevant,0.0,0.0
GCN,11,test_83,irrelevant,0.0,0.0
GCN,11,test_84,irrelevant,0.0,0.0
GCN,11,test_85,irrelevant,0.0,0.0
GCN,11,test_86,irrelevant,0.0,0.0
GCN,11,test_87,irrelevant,0.0,0.0
GCN,11,test_88,irrelevant,0.0,0.0
GCN,11,test_89,irrelevant,0.0,0.0
GCN,11,test_90,irrelevant,0.0,0.0
GCN,11,test_91,irrelevant,0.0,0.0
GCN,11,test_92,irrelevant,0.0,0.0
GCN,11,test_93,irrelevant,0.0,0.0
GCN,11,test_94,irrelevant,0.0,0.0
GCN,11,test_95,irrelevant,0.0,0.0
GCN,11,test_96,irrelevant,0.0,0.0
GCN,11,test_97,irrelevant,0.0,0.0
GCN,11,test_98,irrelevant,0.0,0.0
GCN,11,test_99,irrelevant,0.0,0.0
GCN,11,test_100,irrelevant,0.0,0.0
GCN,11,test_101,irrelevant,0.0,0.0
GCN,11,test_102,irrelevant,0.0,0.0
GCN,11,test_103,irrelevant,0.0,0.0
GCN,11,test_104,irrelevant,0.0,0.0
GCN,11,test_105,irrelevant,0.0,0.0
GCN,11,test_106,irrelevant,0.0,0.0
GCN,11,test_107,irrelevant,0.0,0.0
GCN,11,test_108,irrelevant,0.0,0.0
GCN,11,test_109,irrelevant,0.0,0.0
GCN,11,test_110,irrelevant,0.0,0.0
GCN,11,test_111,irrelevant,0.0,0.0
GCN,11,test_112,irrelevant,0.0,0.0
GCN,11,test_113,irrelevant,0.0,0.0
GCN,11,test_114,irrelevant,0.0,0.0
GCN,11,test_115,irrelevant,0.0,0.0
GCN,11,test_116,irrelevant,0.0,0.0
GCN,11,test_117,irrelevant,0.0,0.0
GCN,11,test_118,irrelevant,0.0,0.0
GCN,11,test_119,irrelevant,0.0,0.0
GCN,11,test_120,irrelevant,0.0,0.0
GCN,11,test_121,irrelevant,0.0,0.0
GCN,11,test_122,irrelevant,0.0,0.0
GCN,11,test_123,irrelevant,0.0,0.0
GCN,11,test_124,irrelevant,0.0,0.0
GCN,11,test_125,irrelevant,0.0,0.0
GCN,11,test_126,irrelevant,0.0,0.0
GCN,11,test_127,irrelevant,0.0,0.0
GCN,23,test_0,used,0.9999938011169434,0.6511754393577576
GCN,23,test_1,used,0.9967389106750488,0.21264511346817017
GCN,23,test_2,used,0.9967389106750488,0.21264520287513733
GCN,23,test_3,used,0.9999938011169434,0.7647674083709717
GCN,23,test_4,used,0.9999938011169434,0.7647674083709717
GCN,23,test_5,used,0.9999921321868896,0.6579142212867737
GCN,23,test_6,used,0.9967389106750488,0.22899501025676727
GCN,23,test_7,used,0.9959344863891602,0.2354840785264969
GCN,23,test_8,used,0.9999938011169434,0.651175320148468
GCN,23,test_9,used,0.9967389106750488,0.22899502515792847
GCN,23,test_10,used,0.9999921321868896,0.5721508264541626
GCN,23,test_11,used,0.9959344863891602,0.23548419773578644
GCN,23,test_12,used,0.9959345459938049,0.2354840785264969
GCN,23,test_13,used,0.9959344267845154,0.2354840785264969
GCN,23,test_14,used,0.9967389106750488,0.21264511346817017
GCN,23,test_15,used,0.9959344863891602,0.16389250755310059
GCN,23,test_16,used,0.9959345459938049,0.2354840785264969
GCN,23,test_17,used,0.9959344863891602,0.2354840189218521
GCN,23,test_18,used,0.9967389106750488,0.22899504005908966
GCN,23,test_19,used,0.9999921321868896,0.572150707244873
GCN,23,test_20,used,0.9967389106750488,0.2126450538635254
GCN,23,test_21,used,0.9999921321868896,0.5721508264541626
GCN,23,test_22,used,0.9999921321868896,0.5721509456634521
GCN,23,test_23,used,0.9999938011169434,0.7647674083709717
GCN,23,test_24,used,0.9999938011169434,0.6511754393577576
GCN,23,test_25,used,0.9967389106750488,0.22899504005908966
GCN,23,test_26,used,0.9999921321868896,0.6579142808914185
GCN,23,test_27,used,0.9999938011169434,0.6511753797531128
GCN,23,test_28,used,0.9959345459938049,0.16389262676239014
GCN,23,test_29,used,0.9967389106750488,0.21264511346817017
GCN,23,test_30,used,0.9999921321868896,0.657914400100708
GCN,23,test_31,used,0.9999921321868896,0.6579142212867737
GCN,23,test_32,used,0.9959344863891602,0.16389262676239014
GCN,23,test_33,used,0.9999921321868896,0.6579142212867737
GCN,23,test_34,used,0.9999938011169434,0.6511754393577576
GCN,23,test_35,used,0.9999921321868896,0.6579142808914185
GCN,23,test_36,used,0.9967389106750488,0.21264511346817017
GCN,23,test_37,used,0.9999938011169434,0.6511753797531128
GCN,23,test_38,used,0.9967389106750488,0.2126450538635254
GCN,23,test_39,used,0.9999938011169434,0.7647674679756165
GCN,23,test_40,used,0.9999921321868896,0.6579142212867737
GCN,23,test_41,used,0.9999921321868896,0.6579142212867737
GCN,23,test_42,used,0.9999921321868896,0.5721509456634521
GCN,23,test_43,used,0.9999921321868896,0.5721508264541626
GCN,23,test_44,used,0.9959345459938049,0.23548410832881927
GCN,23,test_45,used,0.9999938011169434,0.651175320148468
GCN,23,test_46,used,0.9999921321868896,0.657914400100708
GCN,23,test_47,used,0.9967389106750488,0.22899501025676727
GCN,23,test_48,used,0.9967389106750488,0.22899502515792847
GCN,23,test_49,used,0.9999921321868896,0.6579142212867737
GCN,23,test_50,used,0.9967389106750488,0.22899502515792847
GCN,23,test_51,used,0.9999938011169434,0.6511753797531128
GCN,23,test_52,used,0.9999921321868896,0.572150707244873
GCN,23,test_53,used,0.9999921321868896,0.572150707244873
GCN,23,test_54,used,0.9999938011169434,0.6511754393577576
GCN,23,test_55,used,0.9959344863891602,0.16389250755310059
GCN,23,test_56,used,0.9999921321868896,0.572150707244873
GCN,23,test_57,used,0.9999938011169434,0.7647674679756165
GCN,23,test_58,used,0.9999938011169434,0.7647675275802612
GCN,23,test_59,used,0.9999921321868896,0.572150707244873
GCN,23,test_60,used,0.9959344863891602,0.16389250755310059
GCN,23,test_61,used,0.9967389106750488,0.21264496445655823
GCN,23,test_62,used,0.9967389106750488,0.22899502515792847
GCN,23,test_63,used,0.9959344863891602,0.2354840785264969
GCN,23,test_64,used,0.9999938011169434,0.7647674679756165
GCN,23,test_65,used,0.9999938011169434,0.651175320148468
GCN,23,test_66,used,0.9999938011169434,0.7647674083709717
GCN,23,test_67,used,0.9999938011169434,0.6511754393577576
GCN,23,test_68,used,0.9967389106750488,0.22899502515792847
GCN,23,test_69,used,0.9959345459938049,0.16389277577400208
GCN,23,test_70,used,0.9959344863891602,0.23548416793346405
GCN,23,test_71,used,0.9959344267845154,0.1638927161693573
GCN,23,test_72,used,0.9959344863891602,0.23548419773578644
GCN,23,test_73,used,0.9967389106750488,0.22899511456489563
GCN,23,test_74,used,0.9967389106750488,0.21264520287513733
GCN,23,test_75,used,0.9999938011169434,0.7647674679756165
GCN,23,test_76,used,0.9999938011169434,0.7647674679756165
GCN,23,test_77,used,0.9967389106750488,0.2126450538635254
GCN,23,test_78,used,0.9959344267845154,0.16389262676239014
GCN,23,test_79,used,0.9959345459938049,0.1638926863670349
GCN,23,test_80,used,0.9967389106750488,0.2126450538635254
GCN,23,test_81,used,0.9999921321868896,0.5721508264541626
GCN,23,test_82,used,0.9959344863891602,0.16389262676239014
GCN,23,test_83,used,0.9999921321868896,0.5721508264541626
GCN,23,test_84,used,0.9999921321868896,0.6579142212867737
GCN,23,test_85,used,0.9967389106750488,0.22899490594863892
GCN,23,test_86,used,0.9967389106750488,0.2289949655532837
GCN,23,test_87,used,0.9999921321868896,0.6579142212867737
GCN,23,test_88,used,0.9967389106750488,0.21264511346817017
GCN,23,test_89,used,0.9999938011169434,0.6511753797531128
GCN,23,test_90,used,0.9999938011169434,0.7647674679756165
GCN,23,test_91,used,0.9999938011169434,0.6511753797531128
GCN,23,test_92,used,0.9959344863891602,0.23548410832881927
GCN,23,test_93,used,0.9967389106750488,0.21264496445655823
GCN,23,test_94,used,0.9999938011169434,0.7647674679756165
GCN,23,test_95,used,0.9967389106750488,0.22899504005908966
GCN,23,test_96,used,0.9959345459938049,0.23548410832881927
GCN,23,test_97,used,0.9999921321868896,0.6579142212867737
GCN,23,test_98,used,0.9999921321868896,0.572150707244873
GCN,23,test_99,used,0.9999921321868896,0.6579142212867737
GCN,23,test_100,used,0.9959345459938049,0.16389256715774536
GCN,23,test_101,used,0.9999938011169434,0.6511753797531128
GCN,23,test_102,used,0.9999938011169434,0.6511754393577576
GCN,23,test_103,used,0.9999938011169434,0.7647674679756165
GCN,23,test_104,used,0.9959344863891602,0.16389256715774536
GCN,23,test_105,used,0.9999921321868896,0.5721508264541626
GCN,23,test_106,used,0.9967389106750488,0.22899511456489563
GCN,23,test_107,used,0.9999938011169434,0.7647674679756165
GCN,23,test_108,used,0.9999921321868896,0.6579142212867737
GCN,23,test_109,used,0.9999938011169434,0.7647674679756165
GCN,23,test_110,used,0.9967389106750488,0.2289949655532837
GCN,23,test_111,used,0.9959345459938049,0.23548419773578644
GCN,23,test_112,used,0.9999938011169434,0.6511753797531128
GCN,23,test_113,used,0.9959345459938049,0.23548416793346405
GCN,23,test_114,used,0.9959345459938049,0.16389262676239014
GCN,23,test_115,used,0.9967389106750488,0.21264511346817017
GCN,23,test_116,used,0.9967389106750488,0.21264511346817017
GCN,23,test_117,used,0.9959344267845154,0.23548410832881927
GCN,23,test_118,used,0.9967389106750488,0.22899511456489563
GCN,23,test_119,used,0.9959344863891602,0.16389256715774536
GCN,23,test_120,used,0.9999938011169434,0.7647674083709717
GCN,23,test_121,used,0.9999921321868896,0.5721508264541626
GCN,23,test_122,used,0.9959345459938049,0.23548416793346405
GCN,23,test_123,used,0.9959344863891602,0.16389262676239014
GCN,23,test_124,used,0.9967389106750488,0.21264496445655823
GCN,23,test_125,used,0.9999921321868896,0.572150707244873
GCN,23,test_126,used,0.9999921321868896,0.6579142212867737
GCN,23,test_127,used,0.9959345459938049,0.16389256715774536
GCN,23,test_0,unused,0.0006131292320787907,1.092829847948451e-06
GCN,23,test_1,unused,0.0006297795916907489,8.32841033115983e-05
GCN,23,test_2,unused,0.0006297814543358982,8.32853838801384e-05
GCN,23,test_3,unused,0.00036367186112329364,9.423260053154081e-05
GCN,23,test_4,unused,0.0003636718902271241,9.423376468475908e-05
GCN,23,test_5,unused,0.0006131292320787907,1.278613581234822e-06
GCN,23,test_6,unused,0.0004939651698805392,5.922900072619086e-06
GCN,23,test_7,unused,0.0004939647042192519,7.464107966370648e-06
GCN,23,test_8,unused,0.0006131292320787907,1.0921313560174895e-06
GCN,23,test_9,unused,0.000493962608743459,5.922667241975432e-06
GCN,23,test_10,unused,0.00036367186112329364,8.447706932201982e-05
GCN,23,test_11,unused,0.0004939634236507118,7.4646900429797824e-06
GCN,23,test_12,unused,0.0004939644713886082,7.4628273978305515e-06
GCN,23,test_13,unused,0.0004939634236507118,7.4646900429797824e-06
GCN,23,test_14,unused,0.0006297209183685482,8.328555850312114e-05
GCN,23,test_15,unused,0.0006297217914834619,5.4051633924245834e-05
GCN,23,test_16,unused,0.0004939631908200681,7.462012490577763e-06
GCN,23,test_17,unused,0.0004939647042192519,7.464107966370648e-06
GCN,23,test_18,unused,0.0004939640057273209,5.922667241975432e-06
GCN,23,test_19,unused,0.0003636693290900439,8.447963045910001e-05
GCN,23,test_20,unused,0.0006297219661064446,8.328544208779931e-05
GCN,23,test_21,unused,0.00036367186112329364,8.447765139862895e-05
GCN,23,test_22,unused,0.00036367139546200633,8.447753498330712e-05
GCN,23,test_23,unused,0.00036367186112329364,9.423306619282812e-05
GCN,23,test_24,unused,0.0006131278350949287,1.0935293630609522e-06
GCN,23,test_25,unused,0.0004939640057273209,5.922550826653605e-06
GCN,23,test_26,unused,0.0006131295813247561,1.2777973097399808e-06
GCN,23,test_27,unused,0.0006131278350949287,1.0935293630609522e-06
GCN,23,test_28,unused,0.0006297812215052545,5.4112402722239494e-05
GCN,23,test_29,unused,0.0006297811632975936,8.328509284183383e-05
GCN,23,test_30,unused,0.0006131309783086181,1.2777986739820335e-06
GCN,23,test_31,unused,0.0006131292320787907,1.278613581234822e-06
GCN,23,test_32,unused,0.0006297207437455654,5.405122647061944e-05
GCN,23,test_33,unused,0.0006131278350949287,1.2795449038094375e-06
GCN,23,test_34,unused,0.0006131292320787907,1.092829847948451e-06
GCN,23,test_35,unused,0.0006131295813247561,1.2777973097399808e-06
GCN,23,test_36,unused,0.0006297806976363063,8.328532567247748e-05
GCN,23,test_37,unused,0.000613127020187676,1.0950427622447023e-06
GCN,23,test_38,unused,0.0006297207437455654,8.328555850312114e-05
GCN,23,test_39,unused,0.00036367139546200633,9.423306619282812e-05
GCN,23,test_40,unused,0.0006131278350949287,1.278613581234822e-06
GCN,23,test_41,unused,0.0006131285335868597,1.278613581234822e-06
GCN,23,test_42,unused,0.00036366828135214746,8.447765139862895e-05
GCN,23,test_43,unused,0.00036367186112329364,8.447765139862895e-05
GCN,23,test_44,unused,0.0004939641221426427,7.4646900429797824e-06
GCN,23,test_45,unused,0.0006131292320787907,1.0921313560174895e-06
GCN,23,test_46,unused,0.0006131278350949287,1.2795449038094375e-06
GCN,23,test_47,unused,0.0004939647042192519,5.9239478105155285e-06
GCN,23,test_48,unused,0.00049396330723539,5.923249318584567e-06
GCN,23,test_49,unused,0.0006131278350949287,1.278613581234822e-06
GCN,23,test_50,unused,0.0004939634236507118,5.923249318584567e-06
GCN,23,test_51,unused,0.0006131278350949287,1.0935293630609522e-06
GCN,23,test_52,unused,0.00036367139546200633,8.447694563074037e-05
GCN,23,test_53,unused,0.00036366991116665304,8.447904838249087e-05
GCN,23,test_54,unused,0.0006131292320787907,1.092829847948451e-06
GCN,23,test_55,unused,0.0006297219078987837,5.405175033956766e-05
GCN,23,test_56,unused,0.00036367197753861547,8.447694563074037e-05
GCN,23,test_57,unused,0.00036367453867569566,9.423306619282812e-05
GCN,23,test_58,unused,0.0003636738401837647,9.423702431377023e-05
GCN,23,test_59,unused,0.00036367186112329364,8.447963045910001e-05
GCN,23,test_60,unused,0.0006297213258221745,5.405204137787223e-05
GCN,23,test_61,unused,0.00062978157075122,8.328526746481657e-05
GCN,23,test_62,unused,0.0004939644713886082,5.922085165366298e-06
GCN,23,test_63,unused,0.00049396330723539,7.4627109825087246e-06
GCN,23,test_64,unused,0.00036366929998621345,9.423620940651745e-05
GCN,23,test_65,unused,0.0006131292320787907,1.0921313560174895e-06
GCN,23,test_66,unused,0.00036366991116665304,9.423562732990831e-05
GCN,23,test_67,unused,0.0006131278350949287,1.0935293630609522e-06
GCN,23,test_68,unused,0.0004939634236507118,5.922085165366298e-06
GCN,23,test_69,unused,0.00062978157075122,5.411152960732579e-05
GCN,23,test_70,unused,0.0004939647042192519,7.463409474439686e-06
GCN,23,test_71,unused,0.0006297209765762091,5.405140109360218e-05
GCN,23,test_72,unused,0.0004939640057273209,7.464107966370648e-06
GCN,23,test_73,unused,0.00049396458780393,5.923831395193702e-06
GCN,23,test_74,unused,0.0006297821528278291,8.328532567247748e-05
GCN,23,test_75,unused,0.00036366929998621345,9.423620940651745e-05
GCN,23,test_76,unused,0.0003636708133853972,9.423260053154081e-05
GCN,23,test_77,unused,0.0006297812215052545,8.328445255756378e-05
GCN,23,test_78,unused,0.0006297217332758009,5.405209958553314e-05
GCN,23,test_79,unused,0.0006297814543358982,5.4111238569021225e-05
GCN,23,test_80,unused,0.0006297213258221745,8.328550029546022e-05
GCN,23,test_81,unused,0.00036367186112329364,8.447765139862895e-05
GCN,23,test_82,unused,0.0006297213258221745,5.405169213190675e-05
GCN,23,test_83,unused,0.00036367139546200633,8.447647996945307e-05
GCN,23,test_84,unused,0.0006131292320787907,1.278613581234822e-06
GCN,23,test_85,unused,0.0004939647042192519,5.923365733906394e-06
GCN,23,test_86,unused,0.00049396330723539,5.9222015806881245e-06
GCN,23,test_87,unused,0.0006131278350949287,1.278613581234822e-06
GCN,23,test_88,unused,0.000629782909527421,8.328590774908662e-05
GCN,23,test_89,unused,0.0006131278350949287,1.0935293630609522e-06
GCN,23,test_90,unused,0.00036367139546200633,9.423306619282812e-05
GCN,23,test_91,unused,0.0006131278350949287,1.0935293630609522e-06
GCN,23,test_92,unused,0.0004939634236507118,7.464107966370648e-06
GCN,23,test_93,unused,0.0006297814543358982,8.328491821885109e-05
GCN,23,test_94,unused,0.00036367186112329364,9.423306619282812e-05
GCN,23,test_95,unused,0.0004939634236507118,5.92313290326274e-06
GCN,23,test_96,unused,0.0004939647042192519,7.464107966370648e-06
GCN,23,test_97,unused,0.0006131278350949287,1.2795449038094375e-06
GCN,23,test_98,unused,0.00036366991116665304,8.447706932201982e-05
GCN,23,test_99,unused,0.0006131278350949287,1.278613581234822e-06
GCN,23,test_100,unused,0.00062978157075122,5.411170423030853e-05
GCN,23,test_101,unused,0.0006131278350949287,1.0935293630609522e-06
GCN,23,test_102,unused,0.0006131278350949287,1.0935293630609522e-06
GCN,23,test_103,unused,0.00036367139546200633,9.423306619282812e-05
GCN,23,test_104,unused,0.0006297217914834619,5.405122647061944e-05
GCN,23,test_105,unused,0.00036367186112329364,8.447765139862895e-05
GCN,23,test_106,unused,0.0004939651698805392,5.923831395193702e-06
GCN,23,test_107,unused,0.00036367186112329364,9.423260053154081e-05
GCN,23,test_108,unused,0.0006131278350949287,1.278613581234822e-06
GCN,23,test_109,unused,0.00036367186112329364,9.423260053154081e-05
GCN,23,test_110,unused,0.0004939640057273209,5.922667241975432e-06
GCN,23,test_111,unused,0.0004939644713886082,7.463525889761513e-06
GCN,23,test_112,unused,0.0006131278350949287,1.0935293630609522e-06
GCN,23,test_113,unused,0.0004939628415741026,7.463991551048821e-06
GCN,23,test_114,unused,0.00062978157075122,5.4112053476274014e-05
GCN,23,test_115,unused,0.0006297208601608872,8.328532567247748e-05
GCN,23,test_116,unused,0.0006297224317677319,8.3284976426512e-05
GCN,23,test_117,unused,0.000493962608743459,7.463293059117859e-06
GCN,23,test_118,unused,0.0004939640057273209,5.922667241975432e-06
GCN,23,test_119,unused,0.0006297213258221745,5.4051633924245834e-05
GCN,23,test_120,unused,0.00036367186112329364,9.423260053154081e-05
GCN,23,test_121,unused,0.00036367186112329364,8.447963045910001e-05
GCN,23,test_122,unused,0.0004939634236507118,7.4646900429797824e-06
GCN,23,test_123,unused,0.0006297216168604791,5.405169213190675e-05
GCN,23,test_124,unused,0.0006297825602814555,8.328474359586835e-05
GCN,23,test_125,unused,0.0003636693290900439,8.447963045910001e-05
GCN,23,test_126,unused,0.0006131278350949287,1.278613581234822e-06
GCN,23,test_127,unused,0.00062978157075122,5.41119952686131e-05
GCN,23,test_0,relational,0.9942998886108398,0.015812743455171585
GCN,23,test_1,relational,0.9952924251556396,0.009791860356926918
GCN,23,test_2,relational,0.9952924251556396,0.00979185663163662
GCN,23,test_3,relational,0.9952924251556396,0.009317358024418354
GCN,23,test_4,relational,0.9952924251556396,0.009317358024418354
GCN,23,test_5,relational,0.9934861063957214,0.01806294359266758
GCN,23,test_6,relational,0.9942998886108398,0.012203113175928593
GCN,23,test_7,relational,0.9934861063957214,0.013649911619722843
GCN,23,test_8,relational,0.9942998886108398,0.015812743455171585
GCN,23,test_9,relational,0.9942998886108398,0.012203115969896317
GCN,23,test_10,relational,0.9962848424911499,0.00971889402717352
GCN,23,test_11,relational,0.9934861063957214,0.013649906031787395
GCN,23,test_12,relational,0.9934861063957214,0.013649918138980865
GCN,23,test_13,relational,0.9934861063957214,0.013649909757077694
GCN,23,test_14,relational,0.9952924251556396,0.00979185476899147
GCN,23,test_15,relational,0.9962848424911499,0.005405609495937824
GCN,23,test_16,relational,0.9934861063957214,0.013649915345013142
GCN,23,test_17,relational,0.9934861063957214,0.013649909757077694
GCN,23,test_18,relational,0.9942998886108398,0.012203115969896317
GCN,23,test_19,relational,0.9962848424911499,0.00971889402717352
GCN,23,test_20,relational,0.9952924251556396,0.009791852906346321
GCN,23,test_21,relational,0.9962848424911499,0.009718896821141243
GCN,23,test_22,relational,0.9962848424911499,0.009718896821141243
GCN,23,test_23,relational,0.9952924251556396,0.00931735523045063
GCN,23,test_24,relational,0.9942998886108398,0.015812743455171585
GCN,23,test_25,relational,0.9942998886108398,0.012203116901218891
GCN,23,test_26,relational,0.9934861063957214,0.01806294173002243
GCN,23,test_27,relational,0.9942998886108398,0.015812743455171585
GCN,23,test_28,relational,0.9962848424911499,0.005405668169260025
GCN,23,test_29,relational,0.9952924251556396,0.00979185663163662
GCN,23,test_30,relational,0.9934861063957214,0.01806294173002243
GCN,23,test_31,relational,0.9934861063957214,0.01806294359266758
GCN,23,test_32,relational,0.9962848424911499,0.005405609495937824
GCN,23,test_33,relational,0.9934861063957214,0.01806294359266758
GCN,23,test_34,relational,0.9942998886108398,0.015812743455171585
GCN,23,test_35,relational,0.9934861063957214,0.01806294173002243
GCN,23,test_36,relational,0.9952924251556396,0.009791857562959194
GCN,23,test_37,relational,0.9942998886108398,0.015812741592526436
GCN,23,test_38,relational,0.9952924251556396,0.009791857562959194
GCN,23,test_39,relational,0.9952924251556396,0.009317358024418354
GCN,23,test_40,relational,0.9934861063957214,0.01806294359266758
GCN,23,test_41,relational,0.9934861063957214,0.01806294359266758
GCN,23,test_42,relational,0.9962848424911499,0.009718898683786392
GCN,23,test_43,relational,0.9962848424911499,0.009718896821141243
GCN,23,test_44,relational,0.9934861063957214,0.013649909757077694
GCN,23,test_45,relational,0.9942998886108398,0.015812743455171585
GCN,23,test_46,relational,0.9934861063957214,0.01806294359266758
GCN,23,test_47,relational,0.9942998886108398,0.012203114107251167
GCN,23,test_48,relational,0.9942998886108398,0.012203115969896317
GCN,23,test_49,relational,0.9934861063957214,0.01806294359266758
GCN,23,test_50,relational,0.9942998886108398,0.012203115969896317
GCN,23,test_51,relational,0.9942998886108398,0.015812743455171585
GCN,23,test_52,relational,0.9962848424911499,0.009718885645270348
GCN,23,test_53,relational,0.9962848424911499,0.009718894958496094
GCN,23,test_54,relational,0.9942998886108398,0.015812743455171585
GCN,23,test_55,relational,0.9962848424911499,0.005405610427260399
GCN,23,test_56,relational,0.9962848424911499,0.009718885645270348
GCN,23,test_57,relational,0.9952924251556396,0.009317358024418354
GCN,23,test_58,relational,0.9952924251556396,0.009317358955740929
GCN,23,test_59,relational,0.9962848424911499,0.00971889402717352
GCN,23,test_60,relational,0.9962848424911499,0.005405609495937824
GCN,23,test_61,relational,0.9952924251556396,0.009791860356926918
GCN,23,test_62,relational,0.9942998886108398,0.012203115969896317
GCN,23,test_63,relational,0.9934861063957214,0.013649912551045418
GCN,23,test_64,relational,0.9952924251556396,0.009317349642515182
GCN,23,test_65,relational,0.9942998886108398,0.015812743455171585
GCN,23,test_66,relational,0.9952924251556396,0.009317349642515182
GCN,23,test_67,relational,0.9942998886108398,0.015812743455171585
GCN,23,test_68,relational,0.9942998886108398,0.012203115969896317
GCN,23,test_69,relational,0.9962848424911499,0.00540566723793745
GCN,23,test_70,relational,0.9934861063957214,0.013649911619722843
GCN,23,test_71,relational,0.9962848424911499,0.005405613221228123
GCN,23,test_72,relational,0.9934861063957214,0.013649910688400269
GCN,23,test_73,relational,0.9942998886108398,0.012203113175928593
GCN,23,test_74,relational,0.9952924251556396,0.009791859425604343
GCN,23,test_75,relational,0.9952924251556396,0.009317349642515182
GCN,23,test_76,relational,0.9952924251556396,0.009317358024418354
GCN,23,test_77,relational,0.9952924251556396,0.00979185663163662
GCN,23,test_78,relational,0.9962848424911499,0.005405610427260399
GCN,23,test_79,relational,0.9962848424911499,0.005405669566243887
GCN,23,test_80,relational,0.9952924251556396,0.00979185663163662
GCN,23,test_81,relational,0.9962848424911499,0.009718896821141243
GCN,23,test_82,relational,0.9962848424911499,0.005405612289905548
GCN,23,test_83,relational,0.9962848424911499,0.009718895889818668
GCN,23,test_84,relational,0.9934861063957214,0.01806294359266758
GCN,23,test_85,relational,0.9942998886108398,0.012203115969896317
GCN,23,test_86,relational,0.9942998886108398,0.012203115969896317
GCN,23,test_87,relational,0.9934861063957214,0.01806294359266758
GCN,23,test_88,relational,0.9952924251556396,0.009791859425604343
GCN,23,test_89,relational,0.9942998886108398,0.015812743455171585
GCN,23,test_90,relational,0.9952924251556396,0.009317358024418354
GCN,23,test_91,relational,0.9942998886108398,0.015812743455171585
GCN,23,test_92,relational,0.9934861063957214,0.013649911619722843
GCN,23,test_93,relational,0.9952924251556396,0.009791857562959194
GCN,23,test_94,relational,0.9952924251556396,0.009317358024418354
GCN,23,test_95,relational,0.9942998886108398,0.012203115969896317
GCN,23,test_96,relational,0.9934861063957214,0.013649909757077694
GCN,23,test_97,relational,0.9934861063957214,0.01806294359266758
GCN,23,test_98,relational,0.9962848424911499,0.009718894958496094
GCN,23,test_99,relational,0.9934861063957214,0.01806294359266758
GCN,23,test_100,relational,0.9962848424911499,0.005405669566243887
GCN,23,test_101,relational,0.9942998886108398,0.015812743455171585
GCN,23,test_102,relational,0.9942998886108398,0.015812743455171585
GCN,23,test_103,relational,0.9952924251556396,0.009317358024418354
GCN,23,test_104,relational,0.9962848424911499,0.005405611824244261
GCN,23,test_105,relational,0.9962848424911499,0.00971889402717352
GCN,23,test_106,relational,0.9942998886108398,0.012203116901218891
GCN,23,test_107,relational,0.9952924251556396,0.009317358024418354
GCN,23,test_108,relational,0.9934861063957214,0.01806294359266758
GCN,23,test_109,relational,0.9952924251556396,0.009317358024418354
GCN,23,test_110,relational,0.9942998886108398,0.012203115969896317
GCN,23,test_111,relational,0.9934861063957214,0.013649914413690567
GCN,23,test_112,relational,0.9942998886108398,0.015812743455171585
GCN,23,test_113,relational,0.9934861063957214,0.013649909757077694
GCN,23,test_114,relational,0.9962848424911499,0.005405672360211611
GCN,23,test_115,relational,0.9952924251556396,0.009791857562959194
GCN,23,test_116,relational,0.9952924251556396,0.009791864082217216
GCN,23,test_117,relational,0.9934861063957214,0.013649912551045418
GCN,23,test_118,relational,0.9942998886108398,0.012203115969896317
GCN,23,test_119,relational,0.9962848424911499,0.005405609495937824
GCN,23,test_120,relational,0.9952924251556396,0.009317358024418354
GCN,23,test_121,relational,0.9962848424911499,0.00971889402717352
GCN,23,test_122,relational,0.9934861063957214,0.013649915345013142
GCN,23,test_123,relational,0.9962848424911499,0.005405612289905548
GCN,23,test_124,relational,0.9952924251556396,0.00979185663163662
GCN,23,test_125,relational,0.9962848424911499,0.00971889402717352
GCN,23,test_126,relational,0.9934861063957214,0.01806294359266758
GCN,23,test_127,relational,0.9962848424911499,0.005405669566243887
GCN,23,test_0,irrelevant,0.0,0.0
GCN,23,test_1,irrelevant,0.0,0.0
GCN,23,test_2,irrelevant,0.0,0.0
GCN,23,test_3,irrelevant,0.0,0.0
GCN,23,test_4,irrelevant,0.0,0.0
GCN,23,test_5,irrelevant,0.0,0.0
GCN,23,test_6,irrelevant,0.0,0.0
GCN,23,test_7,irrelevant,0.0,0.0
GCN,23,test_8,irrelevant,0.0,0.0
GCN,23,test_9,irrelevant,0.0,0.0
GCN,23,test_10,irrelevant,0.0,0.0
GCN,23,test_11,irrelevant,0.0,0.0
GCN,23,test_12,irrelevant,0.0,0.0
GCN,23,test_13,irrelevant,0.0,0.0
GCN,23,test_14,irrelevant,0.0,0.0
GCN,23,test_15,irrelevant,0.0,0.0
GCN,23,test_16,irrelevant,0.0,0.0
GCN,23,test_17,irrelevant,0.0,0.0
GCN,23,test_18,irrelevant,0.0,0.0
GCN,23,test_19,irrelevant,0.0,0.0
GCN,23,test_20,irrelevant,0.0,0.0
GCN,23,test_21,irrelevant,0.0,0.0
GCN,23,test_22,irrelevant,0.0,0.0
GCN,23,test_23,irrelevant,0.0,0.0
GCN,23,test_24,irrelevant,0.0,0.0
GCN,23,test_25,irrelevant,0.0,0.0
GCN,23,test_26,irrelevant,0.0,0.0
GCN,23,test_27,irrelevant,0.0,0.0
GCN,23,test_28,irrelevant,0.0,0.0
GCN,23,test_29,irrelevant,0.0,0.0
GCN,23,test_30,irrelevant,0.0,0.0
GCN,23,test_31,irrelevant,0.0,0.0
GCN,23,test_32,irrelevant,0.0,0.0
GCN,23,test_33,irrelevant,0.0,0.0
GCN,23,test_34,irrelevant,0.0,0.0
GCN,23,test_35,irrelevant,0.0,0.0
GCN,23,test_36,irrelevant,0.0,0.0
GCN,23,test_37,irrelevant,0.0,0.0
GCN,23,test_38,irrelevant,0.0,0.0
GCN,23,test_39,irrelevant,0.0,0.0
GCN,23,test_40,irrelevant,0.0,0.0
GCN,23,test_41,irrelevant,0.0,0.0
GCN,23,test_42,irrelevant,0.0,0.0
GCN,23,test_43,irrelevant,0.0,0.0
GCN,23,test_44,irrelevant,0.0,0.0
GCN,23,test_45,irrelevant,0.0,0.0
GCN,23,test_46,irrelevant,0.0,0.0
GCN,23,test_47,irrelevant,0.0,0.0
GCN,23,test_48,irrelevant,0.0,0.0
GCN,23,test_49,irrelevant,0.0,0.0
GCN,23,test_50,irrelevant,0.0,0.0
GCN,23,test_51,irrelevant,0.0,0.0
GCN,23,test_52,irrelevant,0.0,0.0
GCN,23,test_53,irrelevant,0.0,0.0
GCN,23,test_54,irrelevant,0.0,0.0
GCN,23,test_55,irrelevant,0.0,0.0
GCN,23,test_56,irrelevant,0.0,0.0
GCN,23,test_57,irrelevant,0.0,0.0
GCN,23,test_58,irrelevant,0.0,0.0
GCN,23,test_59,irrelevant,0.0,0.0
GCN,23,test_60,irrelevant,0.0,0.0
GCN,23,test_61,irrelevant,0.0,0.0
GCN,23,test_62,irrelevant,0.0,0.0
GCN,23,test_63,irrelevant,0.0,0.0
GCN,23,test_64,irrelevant,0.0,0.0
GCN,23,test_65,irrelevant,0.0,0.0
GCN,23,test_66,irrelevant,0.0,0.0
GCN,23,test_67,irrelevant,0.0,0.0
GCN,23,test_68,irrelevant,0.0,0.0
GCN,23,test_69,irrelevant,0.0,0.0
GCN,23,test_70,irrelevant,0.0,0.0
GCN,23,test_71,irrelevant,0.0,0.0
GCN,23,test_72,irrelevant,0.0,0.0
GCN,23,test_73,irrelevant,0.0,0.0
GCN,23,test_74,irrelevant,0.0,0.0
GCN,23,test_75,irrelevant,0.0,0.0
GCN,23,test_76,irrelevant,0.0,0.0
GCN,23,test_77,irrelevant,0.0,0.0
GCN,23,test_78,irrelevant,0.0,0.0
GCN,23,test_79,irrelevant,0.0,0.0
GCN,23,test_80,irrelevant,0.0,0.0
GCN,23,test_81,irrelevant,0.0,0.0
GCN,23,test_82,irrelevant,0.0,0.0
GCN,23,test_83,irrelevant,0.0,0.0
GCN,23,test_84,irrelevant,0.0,0.0
GCN,23,test_85,irrelevant,0.0,0.0
GCN,23,test_86,irrelevant,0.0,0.0
GCN,23,test_87,irrelevant,0.0,0.0
GCN,23,test_88,irrelevant,0.0,0.0
GCN,23,test_89,irrelevant,0.0,0.0
GCN,23,test_90,irrelevant,0.0,0.0
GCN,23,test_91,irrelevant,0.0,0.0
GCN,23,test_92,irrelevant,0.0,0.0
GCN,23,test_93,irrelevant,0.0,0.0
GCN,23,test_94,irrelevant,0.0,0.0
GCN,23,test_95,irrelevant,0.0,0.0
GCN,23,test_96,irrelevant,0.0,0.0
GCN,23,test_97,irrelevant,0.0,0.0
GCN,23,test_98,irrelevant,0.0,0.0
GCN,23,test_99,irrelevant,0.0,0.0
GCN,23,test_100,irrelevant,0.0,0.0
GCN,23,test_101,irrelevant,0.0,0.0
GCN,23,test_102,irrelevant,0.0,0.0
GCN,23,test_103,irrelevant,0.0,0.0
GCN,23,test_104,irrelevant,0.0,0.0
GCN,23,test_105,irrelevant,0.0,0.0
GCN,23,test_106,irrelevant,0.0,0.0
GCN,23,test_107,irrelevant,0.0,0.0
GCN,23,test_108,irrelevant,0.0,0.0
GCN,23,test_109,irrelevant,0.0,0.0
GCN,23,test_110,irrelevant,0.0,0.0
GCN,23,test_111,irrelevant,0.0,0.0
GCN,23,test_112,irrelevant,0.0,0.0
GCN,23,test_113,irrelevant,0.0,0.0
GCN,23,test_114,irrelevant,0.0,0.0
GCN,23,test_115,irrelevant,0.0,0.0
GCN,23,test_116,irrelevant,0.0,0.0
GCN,23,test_117,irrelevant,0.0,0.0
GCN,23,test_118,irrelevant,0.0,0.0
GCN,23,test_119,irrelevant,0.0,0.0
GCN,23,test_120,irrelevant,0.0,0.0
GCN,23,test_121,irrelevant,0.0,0.0
GCN,23,test_122,irrelevant,0.0,0.0
GCN,23,test_123,irrelevant,0.0,0.0
GCN,23,test_124,irrelevant,0.0,0.0
GCN,23,test_125,irrelevant,0.0,0.0
GCN,23,test_126,irrelevant,0.0,0.0
GCN,23,test_127,irrelevant,0.0,0.0
GCN,37,test_0,used,0.9999954700469971,0.0017124938312917948
GCN,37,test_1,used,0.9971433877944946,0.0035250592045485973
GCN,37,test_2,used,0.9971433877944946,0.0035250592045485973
GCN,37,test_3,used,0.9999954700469971,0.0028021158650517464
GCN,37,test_4,used,0.9999954700469971,0.0028021163307130337
GCN,37,test_5,used,0.9999969601631165,0.0017027461435645819
GCN,37,test_6,used,0.9971433877944946,0.006461015902459621
GCN,37,test_7,used,0.9974120855331421,0.0048180934973061085
GCN,37,test_8,used,0.9999954700469971,0.0017124938312917948
GCN,37,test_9,used,0.9971433877944946,0.006461015902459621
GCN,37,test_10,used,0.9999969601631165,0.002393382601439953
GCN,37,test_11,used,0.9974120855331421,0.004818092565983534
GCN,37,test_12,used,0.9974120855331421,0.004818092565983534
GCN,37,test_13,used,0.9974120855331421,0.0048180934973061085
GCN,37,test_14,used,0.9971433877944946,0.003525059437379241
GCN,37,test_15,used,0.9974120855331421,0.005058512557297945
GCN,37,test_16,used,0.9974120855331421,0.0048180934973061085
GCN,37,test_17,used,0.9974120855331421,0.004818091634660959
GCN,37,test_18,used,0.9971433877944946,0.006461018230766058
GCN,37,test_19,used,0.9999969601631165,0.0023933835327625275
GCN,37,test_20,used,0.9971433877944946,0.003525059437379241
GCN,37,test_21,used,0.9999969601631165,0.002393382601439953
GCN,37,test_22,used,0.9999969601631165,0.002393382601439953
GCN,37,test_23,used,0.9999954700469971,0.0028021158650517464
GCN,37,test_24,used,0.9999954700469971,0.0017124938312917948
GCN,37,test_25,used,0.9971433877944946,0.006461014971137047
GCN,37,test_26,used,0.9999969601631165,0.0017027461435645819
GCN,37,test_27,used,0.9999954700469971,0.0017124945297837257
GCN,37,test_28,used,0.9974120855331421,0.005058512557297945
GCN,37,test_29,used,0.9971433877944946,0.0035250596702098846
GCN,37,test_30,used,0.9999969601631165,0.0017027473077178001
GCN,37,test_31,used,0.9999969601631165,0.0017027473077178001
GCN,37,test_32,used,0.9974120855331421,0.005058512557297945
GCN,37,test_33,used,0.9999969601631165,0.0017027473077178001
GCN,37,test_34,used,0.9999954700469971,0.0017124938312917948
GCN,37,test_35,used,0.9999969601631165,0.0017027461435645819
GCN,37,test_36,used,0.9971433877944946,0.0035250599030405283
GCN,37,test_37,used,0.9999954700469971,0.0017124938312917948
GCN,37,test_38,used,0.9971433877944946,0.003525059437379241
GCN,37,test_39,used,0.9999954700469971,0.0028021144680678844
GCN,37,test_40,used,0.9999969601631165,0.0017027461435645819
GCN,37,test_41,used,0.9999969601631165,0.0017027461435645819
GCN,37,test_42,used,0.9999969601631165,0.002393384464085102
GCN,37,test_43,used,0.9999969601631165,0.002393382601439953
GCN,37,test_44,used,0.9974120855331421,0.004818092565983534
GCN,37,test_45,used,0.9999954700469971,0.0017124938312917948
GCN,37,test_46,used,0.9999969601631165,0.0017027473077178001
GCN,37,test_47,used,0.9971433877944946,0.006461017765104771
GCN,37,test_48,used,0.9971433877944946,0.006461018696427345
GCN,37,test_49,used,0.9999969601631165,0.0017027461435645819
GCN,37,test_50,used,0.9971433877944946,0.006461017765104771
GCN,37,test_51,used,0.9999954700469971,0.0017124938312917948
GCN,37,test_52,used,0.9999969601631165,0.002393382601439953
GCN,37,test_53,used,0.9999969601631165,0.002393383765593171
GCN,37,test_54,used,0.9999954700469971,0.0017124945297837257
GCN,37,test_55,used,0.9974120855331421,0.005058513022959232
GCN,37,test_56,used,0.9999969601631165,0.002393383765593171
GCN,37,test_57,used,0.9999954700469971,0.0028021137695759535
GCN,37,test_58,used,0.9999954700469971,0.0028021158650517464
GCN,37,test_59,used,0.9999969601631165,0.00239338306710124
GCN,37,test_60,used,0.9974120855331421,0.005058512557297945
GCN,37,test_61,used,0.9971433877944946,0.003525059437379241
GCN,37,test_62,used,0.9971433877944946,0.00646101962774992
GCN,37,test_63,used,0.9974120855331421,0.0048180934973061085
GCN,37,test_64,used,0.9999954700469971,0.0028021158650517464
GCN,37,test_65,used,0.9999954700469971,0.0017124938312917948
GCN,37,test_66,used,0.9999954700469971,0.002802116796374321
GCN,37,test_67,used,0.9999954700469971,0.0017124938312917948
GCN,37,test_68,used,0.9971433877944946,0.006461016833782196
GCN,37,test_69,used,0.9974120855331421,0.005058512557297945
GCN,37,test_70,used,0.9974120855331421,0.0048180934973061085
GCN,37,test_71,used,0.9974120855331421,0.005058513022959232
GCN,37,test_72,used,0.9974120855331421,0.0048180934973061085
GCN,37,test_73,used,0.9971433877944946,0.006461015902459621
GCN,37,test_74,used,0.9971433877944946,0.003525059437379241
GCN,37,test_75,used,0.9999954700469971,0.0028021158650517464
GCN,37,test_76,used,0.9999954700469971,0.0028021158650517464
GCN,37,test_77,used,0.9971433877944946,0.0035250599030405283
GCN,37,test_78,used,0.9974120855331421,0.005058513022959232
GCN,37,test_79,used,0.9974120855331421,0.005058513022959232
GCN,37,test_80,used,0.9971433877944946,0.003525059437379241
GCN,37,test_81,used,0.9999969601631165,0.00239338306710124
GCN,37,test_82,used,0.9974120855331421,0.005058512557297945
GCN,37,test_83,used,0.9999969601631165,0.0023933835327625275
GCN,37,test_84,used,0.9999969601631165,0.0017027473077178001
GCN,37,test_85,used,0.9971433877944946,0.006461015902459621
GCN,37,test_86,used,0.9971433877944946,0.006460955366492271
GCN,37,test_87,used,0.9999969601631165,0.0017027473077178001
GCN,37,test_88,used,0.9971433877944946,0.003525059437379241
GCN,37,test_89,used,0.9999954700469971,0.0017124938312917948
GCN,37,test_90,used,0.9999954700469971,0.0028021137695759535
GCN,37,test_91,used,0.9999954700469971,0.0017124938312917948
GCN,37,test_92,used,0.9974120855331421,0.004818093031644821
GCN,37,test_93,used,0.9971433877944946,0.00352505873888731
GCN,37,test_94,used,0.9999954700469971,0.0028021158650517464
GCN,37,test_95,used,0.9971433877944946,0.006461015902459621
GCN,37,test_96,used,0.9974120855331421,0.004818092565983534
GCN,37,test_97,used,0.9999969601631165,0.0017027461435645819
GCN,37,test_98,used,0.9999969601631165,0.0023933835327625275
GCN,37,test_99,used,0.9999969601631165,0.0017027461435645819
GCN,37,test_100,used,0.9974120855331421,0.005058512557297945
GCN,37,test_101,used,0.9999954700469971,0.0017124938312917948
GCN,37,test_102,used,0.9999954700469971,0.0017124938312917948
GCN,37,test_103,used,0.9999954700469971,0.0028021158650517464
GCN,37,test_104,used,0.9974120855331421,0.005058512557297945
GCN,37,test_105,used,0.9999969601631165,0.002393382601439953
GCN,37,test_106,used,0.9971433877944946,0.006461015902459621
GCN,37,test_107,used,0.9999954700469971,0.0028021158650517464
GCN,37,test_108,used,0.9999969601631165,0.0017027461435645819
GCN,37,test_109,used,0.9999954700469971,0.0028021158650517464
GCN,37,test_110,used,0.9971433877944946,0.00646101962774992
GCN,37,test_111,used,0.9974120855331421,0.0048180934973061085
GCN,37,test_112,used,0.9999954700469971,0.0017124938312917948
GCN,37,test_113,used,0.9974120855331421,0.004818093031644821
GCN,37,test_114,used,0.9974120855331421,0.005058512557297945
GCN,37,test_115,used,0.9971433877944946,0.0035250596702098846
GCN,37,test_116,used,0.9971433877944946,0.003525061998516321
GCN,37,test_117,used,0.9974120855331421,0.0048180934973061085
GCN,37,test_118,used,0.9971433877944946,0.00646101962774992
GCN,37,test_119,used,0.9974120855331421,0.005058512557297945
GCN,37,test_120,used,0.9999954700469971,0.0028021137695759535
GCN,37,test_121,used,0.9999969601631165,0.002393382601439953
GCN,37,test_122,used,0.9974120855331421,0.004818095359951258
GCN,37,test_123,used,0.9974120855331421,0.005058512557297945
GCN,37,test_124,used,0.9971433877944946,0.0035250596702098846
GCN,37,test_125,used,0.9999969601631165,0.002393383765593171
GCN,37,test_126,used,0.9999969601631165,0.001702748704701662
GCN,37,test_127,used,0.9974120855331421,0.005058512557297945
GCN,37,test_0,unused,0.0002015036006923765,4.137587438890478e-06
GCN,37,test_1,unused,0.00042111851507797837,6.119103636592627e-05
GCN,37,test_2,unused,0.00042111906805075705,6.119103636592627e-05
GCN,37,test_3,unused,0.0004072607553098351,4.356449790066108e-05
GCN,37,test_4,unused,0.00040726069710217416,4.35641486546956e-05
GCN,37,test_5,unused,0.0002015036006923765,4.023244855488883e-06
GCN,37,test_6,unused,0.0006898498395457864,1.687989970378112e-05
GCN,37,test_7,unused,0.0006898495485074818,1.4372521036420949e-05
GCN,37,test_8,unused,0.0002015036006923765,4.137587438890478e-06
GCN,37,test_9,unused,0.0006898504798300564,1.6878968381206505e-05
GCN,37,test_10,unused,0.0004072607553098351,3.377379471203312e-05
GCN,37,test_11,unused,0.0006898506544530392,1.4373335943673737e-05
GCN,37,test_12,unused,0.000689850130584091,1.4372579244081862e-05
GCN,37,test_13,unused,0.0006898503052070737,1.437304490536917e-05
GCN,37,test_14,unused,0.00042111892253160477,6.119214231148362e-05
GCN,37,test_15,unused,0.0004211190971545875,4.810625614481978e-05
GCN,37,test_16,unused,0.0006898495485074818,1.4372521036420949e-05
GCN,37,test_17,unused,0.00068984943209216,1.4373277736012824e-05
GCN,37,test_18,unused,0.0006898495485074818,1.6879666873137467e-05
GCN,37,test_19,unused,0.0004072599986102432,3.377414759597741e-05
GCN,37,test_20,unused,0.00042111880611628294,6.119132740423083e-05
GCN,37,test_21,unused,0.0004072607553098351,3.377321263542399e-05
GCN,37,test_22,unused,0.0004072604060638696,3.377379471203312e-05
GCN,37,test_23,unused,0.00040726104634813964,4.356449790066108e-05
GCN,37,test_24,unused,0.0002015036006923765,4.137587438890478e-06
GCN,37,test_25,unused,0.0006898508872836828,1.6878153473953716e-05
GCN,37,test_26,unused,0.00020150290220044553,4.021499535156181e-06
GCN,37,test_27,unused,0.00020150290220044553,4.138285930821439e-06
GCN,37,test_28,unused,0.0004211191553622484,4.8106663598446175e-05
GCN,37,test_29,unused,0.00042111871880479157,6.119103636592627e-05
GCN,37,test_30,unused,0.0002015036006923765,4.020683718408691e-06
GCN,37,test_31,unused,0.0002015036006923765,4.020683718408691e-06
GCN,37,test_32,unused,0.00042111845687031746,4.810759492102079e-05
GCN,37,test_33,unused,0.0002015036006923765,4.020683718408691e-06
GCN,37,test_34,unused,0.0002015036006923765,4.137587438890478e-06
GCN,37,test_35,unused,0.0002015036006923765,4.021499535156181e-06
GCN,37,test_36,unused,0.00042111962102353573,6.119150202721357e-05
GCN,37,test_37,unused,0.0002015036006923765,4.137587438890478e-06
GCN,37,test_38,unused,0.00042111866059713066,6.119190948083997e-05
GCN,37,test_39,unused,0.0004072599986102432,4.3563741201069206e-05
GCN,37,test_40,unused,0.0002015036006923765,4.020683718408691e-06
GCN,37,test_41,unused,0.0002015036006923765,4.021498625661479e-06
GCN,37,test_42,unused,0.0004072604060638696,3.377321263542399e-05
GCN,37,test_43,unused,0.0004072607553098351,3.377321263542399e-05
GCN,37,test_44,unused,0.0006898496649228036,1.4372579244081862e-05
GCN,37,test_45,unused,0.0002015036006923765,4.137587438890478e-06
GCN,37,test_46,unused,0.00020150290220044553,4.020683718408691e-06
GCN,37,test_47,unused,0.0006898521678522229,1.6878153473953716e-05
GCN,37,test_48,unused,0.0006898508872836828,1.687768781266641e-05
GCN,37,test_49,unused,0.0002015036006923765,4.020683718408691e-06
GCN,37,test_50,unused,0.0006898495485074818,1.6878153473953716e-05
GCN,37,test_51,unused,0.0002015018544625491,4.137587438890478e-06
GCN,37,test_52,unused,0.0004072616284247488,3.377443863428198e-05
GCN,37,test_53,unused,0.00040726104634813964,3.377385655767284e-05
GCN,37,test_54,unused,0.00020150290220044553,4.138285930821439e-06
GCN,37,test_55,unused,0.00042111860238946974,4.810814789379947e-05
GCN,37,test_56,unused,0.00040726104634813964,3.377385655767284e-05
GCN,37,test_57,unused,0.00040726104634813964,4.3564905354287475e-05
GCN,37,test_58,unused,0.0004072616284247488,4.356449790066108e-05
GCN,37,test_59,unused,0.00040726104634813964,3.3773503673728555e-05
GCN,37,test_60,unused,0.0004211193881928921,4.810643076780252e-05
GCN,37,test_61,unused,0.00042111892253160477,6.119185127317905e-05
GCN,37,test_62,unused,0.0006898500141687691,1.6878502719919197e-05
GCN,37,test_63,unused,0.0006898482679389417,1.4373335943673737e-05
GCN,37,test_64,unused,0.0004072616284247488,4.356449790066108e-05
GCN,37,test_65,unused,0.0002015036006923765,4.137587438890478e-06
GCN,37,test_66,unused,0.00040726028964854777,4.3563741201069206e-05
GCN,37,test_67,unused,0.0002015036006923765,4.137587438890478e-06
GCN,37,test_68,unused,0.0006898491410538554,1.6880947441677563e-05
GCN,37,test_69,unused,0.0004211190389469266,4.810643076780252e-05
GCN,37,test_70,unused,0.0006898498395457864,1.4372521036420949e-05
GCN,37,test_71,unused,0.00042111871880479157,4.8106663598446175e-05
GCN,37,test_72,unused,0.0006898509454913437,1.4371182260219939e-05
GCN,37,test_73,unused,0.0006898498395457864,1.6880132534424774e-05
GCN,37,test_74,unused,0.00042111871880479157,6.119214231148362e-05
GCN,37,test_75,unused,0.0004072616284247488,4.356449790066108e-05
GCN,37,test_76,unused,0.0004072607553098351,4.3564905354287475e-05
GCN,37,test_77,unused,0.0004211198247503489,6.1191210988909e-05
GCN,37,test_78,unused,0.00042111871880479157,4.810794416698627e-05
GCN,37,test_79,unused,0.0004211193590890616,4.810794416698627e-05
GCN,37,test_80,unused,0.0004211191553622484,6.119185127317905e-05
GCN,37,test_81,unused,0.00040726104634813964,3.3773503673728555e-05
GCN,37,test_82,unused,0.0004211193881928921,4.810750760952942e-05
GCN,37,test_83,unused,0.0004072604060638696,3.3773565519368276e-05
GCN,37,test_84,unused,0.0002015036006923765,4.020683718408691e-06
GCN,37,test_85,unused,0.000689851411152631,1.6879434042493813e-05
GCN,37,test_86,unused,0.000689850130584091,1.6880598195712082e-05
GCN,37,test_87,unused,0.0002015036006923765,4.020683718408691e-06
GCN,37,test_88,unused,0.00042111860238946974,6.119080353528261e-05
GCN,37,test_89,unused,0.0002015036006923765,4.137587438890478e-06
GCN,37,test_90,unused,0.0004072607553098351,4.356449790066108e-05
GCN,37,test_91,unused,0.0002015036006923765,4.137587438890478e-06
GCN,37,test_92,unused,0.0006898491410538554,1.4372288205777295e-05
GCN,37,test_93,unused,0.00042111962102353573,6.119097815826535e-05
GCN,37,test_94,unused,0.00040726104634813964,4.356449790066108e-05
GCN,37,test_95,unused,0.0006898486753925681,1.6880132534424774e-05
GCN,37,test_96,unused,0.0006898498395457864,1.4373626981978305e-05
GCN,37,test_97,unused,0.0002015036006923765,4.020683718408691e-06
GCN,37,test_98,unused,0.0004072599986102432,3.377414759597741e-05
GCN,37,test_99,unused,0.0002015036006923765,4.020683718408691e-06
GCN,37,test_100,unused,0.0004211191553622484,4.810643076780252e-05
GCN,37,test_101,unused,0.0002015036006923765,4.137587438890478e-06
GCN,37,test_102,unused,0.0002015036006923765,4.137587438890478e-06
GCN,37,test_103,unused,0.0004072607553098351,4.356449790066108e-05
GCN,37,test_104,unused,0.00042111927177757025,4.810794416698627e-05
GCN,37,test_105,unused,0.0004072607553098351,3.377321263542399e-05
GCN,37,test_106,unused,0.0006898498395457864,1.6879434042493813e-05
GCN,37,test_107,unused,0.0004072607553098351,4.356449790066108e-05
GCN,37,test_108,unused,0.0002015036006923765,4.020683718408691e-06
GCN,37,test_109,unused,0.0004072607553098351,4.356449790066108e-05
GCN,37,test_110,unused,0.0006898489664308727,1.68772221513791e-05
GCN,37,test_111,unused,0.0006898509454913437,1.4371182260219939e-05
GCN,37,test_112,unused,0.0002015036006923765,4.137587438890478e-06
GCN,37,test_113,unused,0.0006898491410538554,1.4373510566656478e-05
GCN,37,test_114,unused,0.00042111962102353573,4.810643076780252e-05
GCN,37,test_115,unused,0.0004211193881928921,6.119156023487449e-05
GCN,37,test_116,unused,0.0004211188352201134,6.119237514212728e-05
GCN,37,test_117,unused,0.0006898498977534473,1.4371007637237199e-05
GCN,37,test_118,unused,0.0006898491410538554,1.6878968381206505e-05
GCN,37,test_119,unused,0.0004211191553622484,4.810643076780252e-05
GCN,37,test_120,unused,0.00040726104634813964,4.356449790066108e-05
GCN,37,test_121,unused,0.0004072607553098351,3.377321263542399e-05
GCN,37,test_122,unused,0.0006898500141687691,1.4372404621099122e-05
GCN,37,test_123,unused,0.0004211191553622484,4.8106227040989324e-05
GCN,37,test_124,unused,0.0004211190971545875,6.119237514212728e-05
GCN,37,test_125,unused,0.00040726028964854777,3.377385655767284e-05
GCN,37,test_126,unused,0.0002015036006923765,4.020683718408691e-06
GCN,37,test_127,unused,0.0004211191553622484,4.810643076780252e-05
GCN,37,test_0,relational,0.9927913546562195,0.0011274631833657622
GCN,37,test_1,relational,0.997113049030304,0.0007336194976232946
GCN,37,test_2,relational,0.997113049030304,0.0007336190319620073
GCN,37,test_3,relational,0.997113049030304,0.0010206673759967089
GCN,37,test_4,relational,0.997113049030304,0.0010206677252426744
GCN,37,test_5,relational,0.9925084710121155,0.0009233689052052796
GCN,37,test_6,relational,0.9927913546562195,0.0008977351826615632
GCN,37,test_7,relational,0.9925084710121155,0.0010007376549765468
GCN,37,test_8,relational,0.9927913546562195,0.0011274631833657622
GCN,37,test_9,relational,0.9927913546562195,0.0008977361139841378
GCN,37,test_10,relational,0.9979203939437866,0.0006131912232376635
GCN,37,test_11,relational,0.9925084710121155,0.0010007384698837996
GCN,37,test_12,relational,0.9925084710121155,0.0010007364908233285
GCN,37,test_13,relational,0.9925084710121155,0.0010007343953475356
GCN,37,test_14,relational,0.997113049030304,0.00073361920658499
GCN,37,test_15,relational,0.9979203939437866,0.0005399695364758372
GCN,37,test_16,relational,0.9925084710121155,0.0010007376549765468
GCN,37,test_17,relational,0.9925084710121155,0.0010007364908233285
GCN,37,test_18,relational,0.9927913546562195,0.0008977356483228505
GCN,37,test_19,relational,0.9979203939437866,0.0006131908157840371
GCN,37,test_20,relational,0.997113049030304,0.0007336193230003119
GCN,37,test_21,relational,0.9979203939437866,0.0006131908157840371
GCN,37,test_22,relational,0.9979203939437866,0.0006131912232376635
GCN,37,test_23,relational,0.997113049030304,0.001020667958073318
GCN,37,test_24,relational,0.9927913546562195,0.0011274631833657622
GCN,37,test_25,relational,0.9927913546562195,0.000897735997568816
GCN,37,test_26,relational,0.9925084710121155,0.0009233689052052796
GCN,37,test_27,relational,0.9927913546562195,0.0011274638818576932
GCN,37,test_28,relational,0.9979203939437866,0.000539968372322619
GCN,37,test_29,relational,0.997113049030304,0.0007336186245083809
GCN,37,test_30,relational,0.9925084710121155,0.0009233689052052796
GCN,37,test_31,relational,0.9925084710121155,0.0009233689052052796
GCN,37,test_32,relational,0.9979203939437866,0.0005399684887379408
GCN,37,test_33,relational,0.9925084710121155,0.0009233689052052796
GCN,37,test_34,relational,0.9927913546562195,0.0011274631833657622
GCN,37,test_35,relational,0.9925084710121155,0.0009233689052052796
GCN,37,test_36,relational,0.997113049030304,0.0007336186245083809
GCN,37,test_37,relational,0.9927913546562195,0.0011274631833657622
GCN,37,test_38,relational,0.997113049030304,0.00073361920658499
GCN,37,test_39,relational,0.997113049030304,0.0010206680744886398
GCN,37,test_40,relational,0.9925084710121155,0.0009233689052052796
GCN,37,test_41,relational,0.9925084710121155,0.0009233689052052796
GCN,37,test_42,relational,0.9979203939437866,0.0006131912232376635
GCN,37,test_43,relational,0.9979203939437866,0.0006131908157840371
GCN,37,test_44,relational,0.9925084710121155,0.0010007349774241447
GCN,37,test_45,relational,0.9927913546562195,0.0011274631833657622
GCN,37,test_46,relational,0.9925084710121155,0.0009233689052052796
GCN,37,test_47,relational,0.9927913546562195,0.0008977376273833215
GCN,37,test_48,relational,0.9927913546562195,0.0008977371617220342
GCN,37,test_49,relational,0.9925084710121155,0.0009233689052052796
GCN,37,test_50,relational,0.9927913546562195,0.0008977361139841378
GCN,37,test_51,relational,0.9927913546562195,0.0011274631833657622
GCN,37,test_52,relational,0.9979203939437866,0.0006131912232376635
GCN,37,test_53,relational,0.9979203939437866,0.0006131906411610544
GCN,37,test_54,relational,0.9927913546562195,0.0011274638818576932
GCN,37,test_55,relational,0.9979203939437866,0.0005399686051532626
GCN,37,test_56,relational,0.9979203939437866,0.0006131906411610544
GCN,37,test_57,relational,0.997113049030304,0.0010206673759967089
GCN,37,test_58,relational,0.997113049030304,0.001020667958073318
GCN,37,test_59,relational,0.9979203939437866,0.0006131915142759681
GCN,37,test_60,relational,0.9979203939437866,0.0005399687215685844
GCN,37,test_61,relational,0.997113049030304,0.0007336187409237027
GCN,37,test_62,relational,0.9927913546562195,0.0008977340185083449
GCN,37,test_63,relational,0.9925084710121155,0.0010007373057305813
GCN,37,test_64,relational,0.997113049030304,0.0010206673759967089
GCN,37,test_65,relational,0.9927913546562195,0.0011274631833657622
GCN,37,test_66,relational,0.997113049030304,0.0010206680744886398
GCN,37,test_67,relational,0.9927913546562195,0.0011274631833657622
GCN,37,test_68,relational,0.9927913546562195,0.0008977340185083449
GCN,37,test_69,relational,0.9979203939437866,0.0005399690708145499
GCN,37,test_70,relational,0.9925084710121155,0.0010007373057305813
GCN,37,test_71,relational,0.9979203939437866,0.0005399679066613317
GCN,37,test_72,relational,0.9925084710121155,0.0010007350938394666
GCN,37,test_73,relational,0.9927913546562195,0.0008977351826615632
GCN,37,test_74,relational,0.997113049030304,0.00073361920658499
GCN,37,test_75,relational,0.997113049030304,0.0010206673759967089
GCN,37,test_76,relational,0.997113049030304,0.0010206673759967089
GCN,37,test_77,relational,0.997113049030304,0.0007336189737543464
GCN,37,test_78,relational,0.9979203939437866,0.0005399679066613317
GCN,37,test_79,relational,0.9979203939437866,0.0005399679066613317
GCN,37,test_80,relational,0.997113049030304,0.0007336187409237027
GCN,37,test_81,relational,0.9979203939437866,0.0006131911068223417
GCN,37,test_82,relational,0.9979203939437866,0.000539968372322619
GCN,37,test_83,relational,0.9979203939437866,0.0006131908157840371
GCN,37,test_84,relational,0.9925084710121155,0.0009233689052052796
GCN,37,test_85,relational,0.9927913546562195,0.0008977351826615632
GCN,37,test_86,relational,0.9927913546562195,0.0008977335528470576
GCN,37,test_87,relational,0.9925084710121155,0.0009233689052052796
GCN,37,test_88,relational,0.997113049030304,0.0007336188573390245
GCN,37,test_89,relational,0.9927913546562195,0.0011274631833657622
GCN,37,test_90,relational,0.997113049030304,0.0010206673759967089
GCN,37,test_91,relational,0.9927913546562195,0.0011274631833657622
GCN,37,test_92,relational,0.9925084710121155,0.0010007380042225122
GCN,37,test_93,relational,0.997113049030304,0.0007336181588470936
GCN,37,test_94,relational,0.997113049030304,0.001020667958073318
GCN,37,test_95,relational,0.9927913546562195,0.0008977335528470576
GCN,37,test_96,relational,0.9925084710121155,0.0010007373057305813
GCN,37,test_97,relational,0.9925084710121155,0.0009233689052052796
GCN,37,test_98,relational,0.9979203939437866,0.0006131912232376635
GCN,37,test_99,relational,0.9925084710121155,0.0009233689052052796
GCN,37,test_100,relational,0.9979203939437866,0.000539968372322619
GCN,37,test_101,relational,0.9927913546562195,0.0011274631833657622
GCN,37,test_102,relational,0.9927913546562195,0.0011274631833657622
GCN,37,test_103,relational,0.997113049030304,0.0010206673759967089
GCN,37,test_104,relational,0.9979203939437866,0.0005399677902460098
GCN,37,test_105,relational,0.9979203939437866,0.0006131912232376635
GCN,37,test_106,relational,0.9927913546562195,0.0008977361139841378
GCN,37,test_107,relational,0.997113049030304,0.0010206673759967089
GCN,37,test_108,relational,0.9925084710121155,0.0009233689052052796
GCN,37,test_109,relational,0.997113049030304,0.001020667958073318
GCN,37,test_110,relational,0.9927913546562195,0.0008977365796454251
GCN,37,test_111,relational,0.9925084710121155,0.0010007350938394666
GCN,37,test_112,relational,0.9927913546562195,0.0011274631833657622
GCN,37,test_113,relational,0.9925084710121155,0.0010007383534684777
GCN,37,test_114,relational,0.9979203939437866,0.000539968372322619
GCN,37,test_115,relational,0.997113049030304,0.0007336194976232946
GCN,37,test_116,relational,0.997113049030304,0.0007336180424317718
GCN,37,test_117,relational,0.9925084710121155,0.0010007360251620412
GCN,37,test_118,relational,0.9927913546562195,0.0008977351826615632
GCN,37,test_119,relational,0.9979203939437866,0.0005399687215685844
GCN,37,test_120,relational,0.997113049030304,0.0010206673759967089
GCN,37,test_121,relational,0.9979203939437866,0.0006131912232376635
GCN,37,test_122,relational,0.9925084710121155,0.0010007363744080067
GCN,37,test_123,relational,0.9979203939437866,0.0005399690708145499
GCN,37,test_124,relational,0.997113049030304,0.0007336187991313636
GCN,37,test_125,relational,0.9979203939437866,0.0006131906411610544
GCN,37,test_126,relational,0.9925084710121155,0.0009233689052052796
GCN,37,test_127,relational,0.9979203939437866,0.0005399690708145499
GCN,37,test_0,irrelevant,0.0,0.0
GCN,37,test_1,irrelevant,0.0,0.0
GCN,37,test_2,irrelevant,0.0,0.0
GCN,37,test_3,irrelevant,0.0,0.0
GCN,37,test_4,irrelevant,0.0,0.0
GCN,37,test_5,irrelevant,0.0,0.0
GCN,37,test_6,irrelevant,0.0,0.0
GCN,37,test_7,irrelevant,0.0,0.0
GCN,37,test_8,irrelevant,0.0,0.0
GCN,37,test_9,irrelevant,0.0,0.0
GCN,37,test_10,irrelevant,0.0,0.0
GCN,37,test_11,irrelevant,0.0,0.0
GCN,37,test_12,irrelevant,0.0,0.0
GCN,37,test_13,irrelevant,0.0,0.0
GCN,37,test_14,irrelevant,0.0,0.0
GCN,37,test_15,irrelevant,0.0,0.0
GCN,37,test_16,irrelevant,0.0,0.0
GCN,37,test_17,irrelevant,0.0,0.0
GCN,37,test_18,irrelevant,0.0,0.0
GCN,37,test_19,irrelevant,0.0,0.0
GCN,37,test_20,irrelevant,0.0,0.0
GCN,37,test_21,irrelevant,0.0,0.0
GCN,37,test_22,irrelevant,0.0,0.0
GCN,37,test_23,irrelevant,0.0,0.0
GCN,37,test_24,irrelevant,0.0,0.0
GCN,37,test_25,irrelevant,0.0,0.0
GCN,37,test_26,irrelevant,0.0,0.0
GCN,37,test_27,irrelevant,0.0,0.0
GCN,37,test_28,irrelevant,0.0,0.0
GCN,37,test_29,irrelevant,0.0,0.0
GCN,37,test_30,irrelevant,0.0,0.0
GCN,37,test_31,irrelevant,0.0,0.0
GCN,37,test_32,irrelevant,0.0,0.0
GCN,37,test_33,irrelevant,0.0,0.0
GCN,37,test_34,irrelevant,0.0,0.0
GCN,37,test_35,irrelevant,0.0,0.0
GCN,37,test_36,irrelevant,0.0,0.0
GCN,37,test_37,irrelevant,0.0,0.0
GCN,37,test_38,irrelevant,0.0,0.0
GCN,37,test_39,irrelevant,0.0,0.0
GCN,37,test_40,irrelevant,0.0,0.0
GCN,37,test_41,irrelevant,0.0,0.0
GCN,37,test_42,irrelevant,0.0,0.0
GCN,37,test_43,irrelevant,0.0,0.0
GCN,37,test_44,irrelevant,0.0,0.0
GCN,37,test_45,irrelevant,0.0,0.0
GCN,37,test_46,irrelevant,0.0,0.0
GCN,37,test_47,irrelevant,0.0,0.0
GCN,37,test_48,irrelevant,0.0,0.0
GCN,37,test_49,irrelevant,0.0,0.0
GCN,37,test_50,irrelevant,0.0,0.0
GCN,37,test_51,irrelevant,0.0,0.0
GCN,37,test_52,irrelevant,0.0,0.0
GCN,37,test_53,irrelevant,0.0,0.0
GCN,37,test_54,irrelevant,0.0,0.0
GCN,37,test_55,irrelevant,0.0,0.0
GCN,37,test_56,irrelevant,0.0,0.0
GCN,37,test_57,irrelevant,0.0,0.0
GCN,37,test_58,irrelevant,0.0,0.0
GCN,37,test_59,irrelevant,0.0,0.0
GCN,37,test_60,irrelevant,0.0,0.0
GCN,37,test_61,irrelevant,0.0,0.0
GCN,37,test_62,irrelevant,0.0,0.0
GCN,37,test_63,irrelevant,0.0,0.0
GCN,37,test_64,irrelevant,0.0,0.0
GCN,37,test_65,irrelevant,0.0,0.0
GCN,37,test_66,irrelevant,0.0,0.0
GCN,37,test_67,irrelevant,0.0,0.0
GCN,37,test_68,irrelevant,0.0,0.0
GCN,37,test_69,irrelevant,0.0,0.0
GCN,37,test_70,irrelevant,0.0,0.0
GCN,37,test_71,irrelevant,0.0,0.0
GCN,37,test_72,irrelevant,0.0,0.0
GCN,37,test_73,irrelevant,0.0,0.0
GCN,37,test_74,irrelevant,0.0,0.0
GCN,37,test_75,irrelevant,0.0,0.0
GCN,37,test_76,irrelevant,0.0,0.0
GCN,37,test_77,irrelevant,0.0,0.0
GCN,37,test_78,irrelevant,0.0,0.0
GCN,37,test_79,irrelevant,0.0,0.0
GCN,37,test_80,irrelevant,0.0,0.0
GCN,37,test_81,irrelevant,0.0,0.0
GCN,37,test_82,irrelevant,0.0,0.0
GCN,37,test_83,irrelevant,0.0,0.0
GCN,37,test_84,irrelevant,0.0,0.0
GCN,37,test_85,irrelevant,0.0,0.0
GCN,37,test_86,irrelevant,0.0,0.0
GCN,37,test_87,irrelevant,0.0,0.0
GCN,37,test_88,irrelevant,0.0,0.0
GCN,37,test_89,irrelevant,0.0,0.0
GCN,37,test_90,irrelevant,0.0,0.0
GCN,37,test_91,irrelevant,0.0,0.0
GCN,37,test_92,irrelevant,0.0,0.0
GCN,37,test_93,irrelevant,0.0,0.0
GCN,37,test_94,irrelevant,0.0,0.0
GCN,37,test_95,irrelevant,0.0,0.0
GCN,37,test_96,irrelevant,0.0,0.0
GCN,37,test_97,irrelevant,0.0,0.0
GCN,37,test_98,irrelevant,0.0,0.0
GCN,37,test_99,irrelevant,0.0,0.0
GCN,37,test_100,irrelevant,0.0,0.0
GCN,37,test_101,irrelevant,0.0,0.0
GCN,37,test_102,irrelevant,0.0,0.0
GCN,37,test_103,irrelevant,0.0,0.0
GCN,37,test_104,irrelevant,0.0,0.0
GCN,37,test_105,irrelevant,0.0,0.0
GCN,37,test_106,irrelevant,0.0,0.0
GCN,37,test_107,irrelevant,0.0,0.0
GCN,37,test_108,irrelevant,0.0,0.0
GCN,37,test_109,irrelevant,0.0,0.0
GCN,37,test_110,irrelevant,0.0,0.0
GCN,37,test_111,irrelevant,0.0,0.0
GCN,37,test_112,irrelevant,0.0,0.0
GCN,37,test_113,irrelevant,0.0,0.0
GCN,37,test_114,irrelevant,0.0,0.0
GCN,37,test_115,irrelevant,0.0,0.0
GCN,37,test_116,irrelevant,0.0,0.0
GCN,37,test_117,irrelevant,0.0,0.0
GCN,37,test_118,irrelevant,0.0,0.0
GCN,37,test_119,irrelevant,0.0,0.0
GCN,37,test_120,irrelevant,0.0,0.0
GCN,37,test_121,irrelevant,0.0,0.0
GCN,37,test_122,irrelevant,0.0,0.0
GCN,37,test_123,irrelevant,0.0,0.0
GCN,37,test_124,irrelevant,0.0,0.0
GCN,37,test_125,irrelevant,0.0,0.0
GCN,37,test_126,irrelevant,0.0,0.0
GCN,37,test_127,irrelevant,0.0,0.0
GraphSAGE,11,test_0,used,0.9997302889823914,0.1353205144405365
GraphSAGE,11,test_1,used,0.9999133944511414,0.0838463082909584
GraphSAGE,11,test_2,used,0.9999133944511414,0.08384618163108826
GraphSAGE,11,test_3,used,0.9997302889823914,0.19890539348125458
GraphSAGE,11,test_4,used,0.9997302889823914,0.19890546798706055
GraphSAGE,11,test_5,used,0.9998488426208496,0.08230455964803696
GraphSAGE,11,test_6,used,0.9999133944511414,0.009387262165546417
GraphSAGE,11,test_7,used,0.9999471306800842,0.0008710126858204603
GraphSAGE,11,test_8,used,0.9997302889823914,0.13532060384750366
GraphSAGE,11,test_9,used,0.9999133944511414,0.009387331083416939
GraphSAGE,11,test_10,used,0.9998488426208496,0.19908878207206726
GraphSAGE,11,test_11,used,0.9999471306800842,0.0008710126858204603
GraphSAGE,11,test_12,used,0.9999471306800842,0.0008710124529898167
GraphSAGE,11,test_13,used,0.9999471306800842,0.0008710126858204603
GraphSAGE,11,test_14,used,0.9999133944511414,0.08384621143341064
GraphSAGE,11,test_15,used,0.9999471306800842,0.07788314670324326
GraphSAGE,11,test_16,used,0.9999471306800842,0.0008710130932740867
GraphSAGE,11,test_17,used,0.9999471306800842,0.000871012918651104
GraphSAGE,11,test_18,used,0.9999133944511414,0.00938732922077179
GraphSAGE,11,test_19,used,0.9998488426208496,0.19908878207206726
GraphSAGE,11,test_20,used,0.9999133944511414,0.08384619653224945
GraphSAGE,11,test_21,used,0.9998488426208496,0.19908884167671204
GraphSAGE,11,test_22,used,0.9998488426208496,0.1990886926651001
GraphSAGE,11,test_23,used,0.9997302889823914,0.19890539348125458
GraphSAGE,11,test_24,used,0.9997302889823914,0.1353205442428589
GraphSAGE,11,test_25,used,0.9999133944511414,0.009387262165546417
GraphSAGE,11,test_26,used,0.9998488426208496,0.08230455219745636
GraphSAGE,11,test_27,used,0.9997302889823914,0.1353205442428589
GraphSAGE,11,test_28,used,0.9999471306800842,0.07788316160440445
GraphSAGE,11,test_29,used,0.9999133944511414,0.08384621143341064
GraphSAGE,11,test_30,used,0.9998488426208496,0.08230455964803696
GraphSAGE,11,test_31,used,0.9998488426208496,0.08230455964803696
GraphSAGE,11,test_32,used,0.9999471306800842,0.07788322865962982
GraphSAGE,11,test_33,used,0.9998488426208496,0.08230455219745636
GraphSAGE,11,test_34,used,0.9997302889823914,0.13532045483589172
GraphSAGE,11,test_35,used,0.9998488426208496,0.08230455219745636
GraphSAGE,11,test_36,used,0.9999133944511414,0.08384619653224945
GraphSAGE,11,test_37,used,0.9997302889823914,0.1353205144405365
GraphSAGE,11,test_38,used,0.9999133944511414,0.08384619653224945
GraphSAGE,11,test_39,used,0.9997302889823914,0.19890539348125458
GraphSAGE,11,test_40,used,0.9998488426208496,0.08230461925268173
GraphSAGE,11,test_41,used,0.9998488426208496,0.08230463415384293
GraphSAGE,11,test_42,used,0.9998488426208496,0.1990886926651001
GraphSAGE,11,test_43,used,0.9998488426208496,0.19908878207206726
GraphSAGE,11,test_44,used,0.9999471306800842,0.0008710126858204603
GraphSAGE,11,test_45,used,0.9997302889823914,0.13532063364982605
GraphSAGE,11,test_46,used,0.9998488426208496,0.08230453729629517
GraphSAGE,11,test_47,used,0.9999133944511414,0.00938732922077179
GraphSAGE,11,test_48,used,0.9999133944511414,0.009387326426804066
GraphSAGE,11,test_49,used,0.9998488426208496,0.08230455964803696
GraphSAGE,11,test_50,used,0.9999133944511414,0.009387326426804066
GraphSAGE,11,test_51,used,0.9997302889823914,0.1353205144405365
GraphSAGE,11,test_52,used,0.9998488426208496,0.19908884167671204
GraphSAGE,11,test_53,used,0.9998488426208496,0.19908884167671204
GraphSAGE,11,test_54,used,0.9997302889823914,0.1353205144405365
GraphSAGE,11,test_55,used,0.9999471306800842,0.07788316160440445
GraphSAGE,11,test_56,used,0.9998488426208496,0.19908884167671204
GraphSAGE,11,test_57,used,0.9997302889823914,0.19890539348125458
GraphSAGE,11,test_58,used,0.9997302889823914,0.19890522956848145
GraphSAGE,11,test_59,used,0.9998488426208496,0.1990886926651001
GraphSAGE,11,test_60,used,0.9999471306800842,0.07788314670324326
GraphSAGE,11,test_61,used,0.9999133944511414,0.08384619653224945
GraphSAGE,11,test_62,used,0.9999133944511414,0.009387326426804066
GraphSAGE,11,test_63,used,0.9999471306800842,0.0008710130932740867
GraphSAGE,11,test_64,used,0.9997302889823914,0.19890522956848145
GraphSAGE,11,test_65,used,0.9997302889823914,0.1353205442428589
GraphSAGE,11,test_66,used,0.9997302889823914,0.19890539348125458
GraphSAGE,11,test_67,used,0.9997302889823914,0.13532060384750366
GraphSAGE,11,test_68,used,0.9999133944511414,0.009387264959514141
GraphSAGE,11,test_69,used,0.9999471306800842,0.07788322120904922
GraphSAGE,11,test_70,used,0.9999471306800842,0.000871012918651104
GraphSAGE,11,test_71,used,0.9999471306800842,0.07788314670324326
GraphSAGE,11,test_72,used,0.9999471306800842,0.0008710125111974776
GraphSAGE,11,test_73,used,0.9999133944511414,0.009387331083416939
GraphSAGE,11,test_74,used,0.9999133944511414,0.08384619653224945
GraphSAGE,11,test_75,used,0.9997302889823914,0.19890522956848145
GraphSAGE,11,test_76,used,0.9997302889823914,0.19890539348125458
GraphSAGE,11,test_77,used,0.9999133944511414,0.08384619653224945
GraphSAGE,11,test_78,used,0.9999471306800842,0.07788316160440445
GraphSAGE,11,test_79,used,0.9999471306800842,0.07788322120904922
GraphSAGE,11,test_80,used,0.9999133944511414,0.08384618163108826
GraphSAGE,11,test_81,used,0.9998488426208496,0.19908884167671204
GraphSAGE,11,test_82,used,0.9999471306800842,0.07788314670324326
GraphSAGE,11,test_83,used,0.9998488426208496,0.1990886926651001
GraphSAGE,11,test_84,used,0.9998488426208496,0.08230455964803696
GraphSAGE,11,test_85,used,0.9999133944511414,0.009387326426804066
GraphSAGE,11,test_86,used,0.9999133944511414,0.009387326426804066
GraphSAGE,11,test_87,used,0.9998488426208496,0.08230453729629517
GraphSAGE,11,test_88,used,0.9999133944511414,0.08384619653224945
GraphSAGE,11,test_89,used,0.9997302889823914,0.1353205442428589
GraphSAGE,11,test_90,used,0.9997302889823914,0.19890546798706055
GraphSAGE,11,test_91,used,0.9997302889823914,0.13532060384750366
GraphSAGE,11,test_92,used,0.9999471306800842,0.0008710125111974776
GraphSAGE,11,test_93,used,0.9999133944511414,0.0838463082909584
GraphSAGE,11,test_94,used,0.9997302889823914,0.19890539348125458
GraphSAGE,11,test_95,used,0.9999133944511414,0.009387331083416939
GraphSAGE,11,test_96,used,0.9999471306800842,0.0008710125111974776
GraphSAGE,11,test_97,used,0.9998488426208496,0.08230453729629517
GraphSAGE,11,test_98,used,0.9998488426208496,0.1990886926651001
GraphSAGE,11,test_99,used,0.9998488426208496,0.08230463415384293
GraphSAGE,11,test_100,used,0.9999471306800842,0.07788322865962982
GraphSAGE,11,test_101,used,0.9997302889823914,0.13532060384750366
GraphSAGE,11,test_102,used,0.9997302889823914,0.1353205442428589
GraphSAGE,11,test_103,used,0.9997302889823914,0.19890539348125458
GraphSAGE,11,test_104,used,0.9999471306800842,0.07788314670324326
GraphSAGE,11,test_105,used,0.9998488426208496,0.19908878207206726
GraphSAGE,11,test_106,used,0.9999133944511414,0.009387326426804066
GraphSAGE,11,test_107,used,0.9997302889823914,0.19890539348125458
GraphSAGE,11,test_108,used,0.9998488426208496,0.08230463415384293
GraphSAGE,11,test_109,used,0.9997302889823914,0.19890539348125458
GraphSAGE,11,test_110,used,0.9999133944511414,0.009387326426804066
GraphSAGE,11,test_111,used,0.9999471306800842,0.0008710126858204603
GraphSAGE,11,test_112,used,0.9997302889823914,0.1353205442428589
GraphSAGE,11,test_113,used,0.9999471306800842,0.0008710123365744948
GraphSAGE,11,test_114,used,0.9999471306800842,0.07788314670324326
GraphSAGE,11,test_115,used,0.9999133944511414,0.08384621143341064
GraphSAGE,11,test_116,used,0.9999133944511414,0.08384619653224945
GraphSAGE,11,test_117,used,0.9999471306800842,0.0008710126858204603
GraphSAGE,11,test_118,used,0.9999133944511414,0.00938732922077179
GraphSAGE,11,test_119,used,0.9999471306800842,0.07788314670324326
GraphSAGE,11,test_120,used,0.9997302889823914,0.19890546798706055
GraphSAGE,11,test_121,used,0.9998488426208496,0.19908878207206726
GraphSAGE,11,test_122,used,0.9999471306800842,0.0008710130932740867
GraphSAGE,11,test_123,used,0.9999471306800842,0.07788314670324326
GraphSAGE,11,test_124,used,0.9999133944511414,0.08384621143341064
GraphSAGE,11,test_125,used,0.9998488426208496,0.19908878207206726
GraphSAGE,11,test_126,used,0.9998488426208496,0.08230463415384293
GraphSAGE,11,test_127,used,0.9999471306800842,0.07788314670324326
GraphSAGE,11,test_0,unused,0.00022937418543733656,7.095014734659344e-05
GraphSAGE,11,test_1,unused,1.8082546375808306e-05,9.518333172309212e-06
GraphSAGE,11,test_2,unused,1.808253728086129e-05,9.518296792521141e-06
GraphSAGE,11,test_3,unused,7.149149314500391e-05,1.9820145098492503e-05
GraphSAGE,11,test_4,unused,7.149139128159732e-05,1.9819966837530956e-05
GraphSAGE,11,test_5,unused,0.00022937411267776042,9.974526619771495e-06
GraphSAGE,11,test_6,unused,2.444440542603843e-05,9.070465125660121e-07
GraphSAGE,11,test_7,unused,2.444441633997485e-05,8.380719123124436e-07
GraphSAGE,11,test_8,unused,0.00022937417088542134,7.095014734659344e-05
GraphSAGE,11,test_9,unused,2.4444398150080815e-05,9.070465125660121e-07
GraphSAGE,11,test_10,unused,7.149139128159732e-05,2.6179219275945798e-05
GraphSAGE,11,test_11,unused,2.4444387236144394e-05,8.380528697671252e-07
GraphSAGE,11,test_12,unused,2.444440542603843e-05,8.380619078707241e-07
GraphSAGE,11,test_13,unused,2.444441633997485e-05,8.380519602724235e-07
GraphSAGE,11,test_14,unused,1.8082531823893078e-05,9.51833681028802e-06
GraphSAGE,11,test_15,unused,1.808253728086129e-05,7.704518793616444e-06
GraphSAGE,11,test_16,unused,2.444441633997485e-05,8.380619078707241e-07
GraphSAGE,11,test_17,unused,2.444440542603843e-05,8.38061964714143e-07
GraphSAGE,11,test_18,unused,2.444440542603843e-05,9.070537885236263e-07
GraphSAGE,11,test_19,unused,7.149152224883437e-05,2.6179161068284884e-05
GraphSAGE,11,test_20,unused,1.808253728086129e-05,9.518344086245634e-06
GraphSAGE,11,test_21,unused,7.149142038542777e-05,2.6179219275945798e-05
GraphSAGE,11,test_22,unused,7.149139128159732e-05,2.6179219275945798e-05
GraphSAGE,11,test_23,unused,7.149139128159732e-05,1.982004687306471e-05
GraphSAGE,11,test_24,unused,0.00022937411267776042,7.095046748872846e-05
GraphSAGE,11,test_25,unused,2.4444398150080815e-05,9.070465125660121e-07
GraphSAGE,11,test_26,unused,0.00022937431640457362,9.97455936158076e-06
GraphSAGE,11,test_27,unused,0.00022937417088542134,7.095033652149141e-05
GraphSAGE,11,test_28,unused,1.8082546375808306e-05,7.704526069574058e-06
GraphSAGE,11,test_29,unused,1.8082613678416237e-05,9.51837319007609e-06
GraphSAGE,11,test_30,unused,0.00022937418543733656,9.974522072297987e-06
GraphSAGE,11,test_31,unused,0.00022937411267776042,9.974526619771495e-06
GraphSAGE,11,test_32,unused,1.8082562746712938e-05,7.704473318881355e-06
GraphSAGE,11,test_33,unused,0.00022937417088542134,9.97455936158076e-06
GraphSAGE,11,test_34,unused,0.00022937418543733656,7.095014734659344e-05
GraphSAGE,11,test_35,unused,0.00022937417088542134,9.97455936158076e-06
GraphSAGE,11,test_36,unused,1.8082570022670552e-05,9.518329534330405e-06
GraphSAGE,11,test_37,unused,0.00022937417088542134,7.095033652149141e-05
GraphSAGE,11,test_38,unused,1.8082570022670552e-05,9.518329534330405e-06
GraphSAGE,11,test_39,unused,7.149142038542777e-05,1.9820043235085905e-05
GraphSAGE,11,test_40,unused,0.00022937433095648885,9.974522072297987e-06
GraphSAGE,11,test_41,unused,0.00022937427274882793,9.974542990676127e-06
GraphSAGE,11,test_42,unused,7.149139128159732e-05,2.6179219275945798e-05
GraphSAGE,11,test_43,unused,7.149142038542777e-05,2.6179219275945798e-05
GraphSAGE,11,test_44,unused,2.444440542603843e-05,8.380619078707241e-07
GraphSAGE,11,test_45,unused,0.00022937417088542134,7.095033652149141e-05
GraphSAGE,11,test_46,unused,0.00022937417088542134,9.97455936158076e-06
GraphSAGE,11,test_47,unused,2.4444387236144394e-05,9.070465125660121e-07
GraphSAGE,11,test_48,unused,2.4444398150080815e-05,9.070465125660121e-07
GraphSAGE,11,test_49,unused,0.00022937411267776042,9.97451388684567e-06
GraphSAGE,11,test_50,unused,2.4444398150080815e-05,9.070465125660121e-07
GraphSAGE,11,test_51,unused,0.00022937417088542134,7.095014734659344e-05
GraphSAGE,11,test_52,unused,7.149149314500391e-05,2.6179124688496813e-05
GraphSAGE,11,test_53,unused,7.14915368007496e-05,2.6179161068284884e-05
GraphSAGE,11,test_54,unused,0.00022937418543733656,7.095033652149141e-05
GraphSAGE,11,test_55,unused,1.8082531823893078e-05,7.704504241701216e-06
GraphSAGE,11,test_56,unused,7.149156590458006e-05,2.6179161068284884e-05
GraphSAGE,11,test_57,unused,7.149139128159732e-05,1.982004687306471e-05
GraphSAGE,11,test_58,unused,7.149149314500391e-05,1.9820065062958747e-05
GraphSAGE,11,test_59,unused,7.149147859308869e-05,2.6179219275945798e-05
GraphSAGE,11,test_60,unused,1.8082613678416237e-05,7.704529707552865e-06
GraphSAGE,11,test_61,unused,1.808253728086129e-05,9.518296792521141e-06
GraphSAGE,11,test_62,unused,2.4444398150080815e-05,9.070465125660121e-07
GraphSAGE,11,test_63,unused,2.444440542603843e-05,8.380619078707241e-07
GraphSAGE,11,test_64,unused,7.149149314500391e-05,1.9820065062958747e-05
GraphSAGE,11,test_65,unused,0.00022937417088542134,7.095033652149141e-05
GraphSAGE,11,test_66,unused,7.1491434937343e-05,1.9820065062958747e-05
GraphSAGE,11,test_67,unused,0.00022937408357392997,7.095046748872846e-05
GraphSAGE,11,test_68,unused,2.4444398150080815e-05,9.070537885236263e-07
GraphSAGE,11,test_69,unused,1.808253728086129e-05,7.704464223934337e-06
GraphSAGE,11,test_70,unused,2.444440542603843e-05,8.380728786505642e-07
GraphSAGE,11,test_71,unused,1.808253728086129e-05,7.704489689785987e-06
GraphSAGE,11,test_72,unused,2.4444398150080815e-05,8.38041955830704e-07
GraphSAGE,11,test_73,unused,2.4444387236144394e-05,9.070465125660121e-07
GraphSAGE,11,test_74,unused,1.8082570022670552e-05,9.518329534330405e-06
GraphSAGE,11,test_75,unused,7.149149314500391e-05,1.9820065062958747e-05
GraphSAGE,11,test_76,unused,7.149142038542777e-05,1.981996319955215e-05
GraphSAGE,11,test_77,unused,1.808253728086129e-05,9.518329534330405e-06
GraphSAGE,11,test_78,unused,1.8082613678416237e-05,7.704543349973392e-06
GraphSAGE,11,test_79,unused,1.808253728086129e-05,7.704544259468094e-06
GraphSAGE,11,test_80,unused,1.8082570022670552e-05,9.518376828054897e-06
GraphSAGE,11,test_81,unused,7.149142038542777e-05,2.6179219275945798e-05
GraphSAGE,11,test_82,unused,1.8082613678416237e-05,7.704544259468094e-06
GraphSAGE,11,test_83,unused,7.149147859308869e-05,2.61790664808359e-05
GraphSAGE,11,test_84,unused,0.00022937417088542134,9.974526619771495e-06
GraphSAGE,11,test_85,unused,2.444440542603843e-05,9.070465125660121e-07
GraphSAGE,11,test_86,unused,2.4444398150080815e-05,9.070465125660121e-07
GraphSAGE,11,test_87,unused,0.00022937431640457362,9.97455936158076e-06
GraphSAGE,11,test_88,unused,1.808253728086129e-05,9.518296792521141e-06
GraphSAGE,11,test_89,unused,0.00022937412722967565,7.09502783138305e-05
GraphSAGE,11,test_90,unused,7.149142038542777e-05,1.9819941371679306e-05
GraphSAGE,11,test_91,unused,0.00022937412722967565,7.095039472915232e-05
GraphSAGE,11,test_92,unused,2.444441633997485e-05,8.380519034290046e-07
GraphSAGE,11,test_93,unused,1.808256456570234e-05,9.518333172309212e-06
GraphSAGE,11,test_94,unused,7.149149314500391e-05,1.982012327061966e-05
GraphSAGE,11,test_95,unused,2.4444398150080815e-05,9.070610644812405e-07
GraphSAGE,11,test_96,unused,2.444440542603843e-05,8.38061964714143e-07
GraphSAGE,11,test_97,unused,0.00022937418543733656,9.974522072297987e-06
GraphSAGE,11,test_98,unused,7.149150769691914e-05,2.6179161068284884e-05
GraphSAGE,11,test_99,unused,0.00022937417088542134,9.974526619771495e-06
GraphSAGE,11,test_100,unused,1.8082602764479816e-05,7.704489689785987e-06
GraphSAGE,11,test_101,unused,0.00022937418543733656,7.095014734659344e-05
GraphSAGE,11,test_102,unused,0.00022937411267776042,7.095046748872846e-05
GraphSAGE,11,test_103,unused,7.149139128159732e-05,1.982004687306471e-05
GraphSAGE,11,test_104,unused,1.808253728086129e-05,7.704544259468094e-06
GraphSAGE,11,test_105,unused,7.149149314500391e-05,2.6179197448072955e-05
GraphSAGE,11,test_106,unused,2.444440542603843e-05,9.070465125660121e-07
GraphSAGE,11,test_107,unused,7.149139128159732e-05,1.982004687306471e-05
GraphSAGE,11,test_108,unused,0.00022937408357392997,9.97455936158076e-06
GraphSAGE,11,test_109,unused,7.149142038542777e-05,1.9820043235085905e-05
GraphSAGE,11,test_110,unused,2.444440542603843e-05,9.070465125660121e-07
GraphSAGE,11,test_111,unused,2.444442725391127e-05,8.38061964714143e-07
GraphSAGE,11,test_112,unused,0.00022937412722967565,7.09502783138305e-05
GraphSAGE,11,test_113,unused,2.4444398150080815e-05,8.380519602724235e-07
GraphSAGE,11,test_114,unused,1.808256456570234e-05,7.704544259468094e-06
GraphSAGE,11,test_115,unused,1.8082570022670552e-05,9.518340448266827e-06
GraphSAGE,11,test_116,unused,1.808253728086129e-05,9.518296792521141e-06
GraphSAGE,11,test_117,unused,2.4444387236144394e-05,8.38041955830704e-07
GraphSAGE,11,test_118,unused,2.444440542603843e-05,9.070537885236263e-07
GraphSAGE,11,test_119,unused,1.8082570022670552e-05,7.704543349973392e-06
GraphSAGE,11,test_120,unused,7.149139128159732e-05,1.9819966837530956e-05
GraphSAGE,11,test_121,unused,7.149144948925823e-05,2.6179124688496813e-05
GraphSAGE,11,test_122,unused,2.4444398150080815e-05,8.380519602724235e-07
GraphSAGE,11,test_123,unused,1.8082613678416237e-05,7.704544259468094e-06
GraphSAGE,11,test_124,unused,1.8082570022670552e-05,9.518340448266827e-06
GraphSAGE,11,test_125,unused,7.149149314500391e-05,2.61790664808359e-05
GraphSAGE,11,test_126,unused,0.00022937408357392997,9.97455936158076e-06
GraphSAGE,11,test_127,unused,1.808256456570234e-05,7.704544259468094e-06
GraphSAGE,11,test_0,relational,0.9998556971549988,0.03951161727309227
GraphSAGE,11,test_1,relational,0.9997719526290894,0.11501423269510269
GraphSAGE,11,test_2,relational,0.9997719526290894,0.11501423269510269
GraphSAGE,11,test_3,relational,0.9997719526290894,0.229487344622612
GraphSAGE,11,test_4,relational,0.9997719526290894,0.22948727011680603
GraphSAGE,11,test_5,relational,0.999908983707428,0.0697559118270874
GraphSAGE,11,test_6,relational,0.9998556971549988,0.03861863911151886
GraphSAGE,11,test_7,relational,0.999908983707428,0.01325924415141344
GraphSAGE,11,test_8,relational,0.9998556971549988,0.03951161727309227
GraphSAGE,11,test_9,relational,0.9998556971549988,0.03861856460571289
GraphSAGE,11,test_10,relational,0.999837338924408,0.1704668253660202
GraphSAGE,11,test_11,relational,0.999908983707428,0.01325924415141344
GraphSAGE,11,test_12,relational,0.999908983707428,0.013259250670671463
GraphSAGE,11,test_13,relational,0.999908983707428,0.01325924415141344
GraphSAGE,11,test_14,relational,0.9997719526290894,0.11501423269510269
GraphSAGE,11,test_15,relational,0.999837338924408,0.12914885580539703
GraphSAGE,11,test_16,relational,0.999908983707428,0.013259246945381165
GraphSAGE,11,test_17,relational,0.999908983707428,0.01325924415141344
GraphSAGE,11,test_18,relational,0.9998556971549988,0.038618627935647964
GraphSAGE,11,test_19,relational,0.999837338924408,0.17046692967414856
GraphSAGE,11,test_20,relational,0.9997719526290894,0.11501423269510269
GraphSAGE,11,test_21,relational,0.999837338924408,0.1704668253660202
GraphSAGE,11,test_22,relational,0.999837338924408,0.1704668253660202
GraphSAGE,11,test_23,relational,0.9997719526290894,0.229487344622612
GraphSAGE,11,test_24,relational,0.9998556971549988,0.03951161727309227
GraphSAGE,11,test_25,relational,0.9998556971549988,0.03861863911151886
GraphSAGE,11,test_26,relational,0.999908983707428,0.06975582242012024
GraphSAGE,11,test_27,relational,0.9998556971549988,0.03951161727309227
GraphSAGE,11,test_28,relational,0.999837338924408,0.12914884090423584
GraphSAGE,11,test_29,relational,0.9997719526290894,0.11501416563987732
GraphSAGE,11,test_30,relational,0.999908983707428,0.06975588947534561
GraphSAGE,11,test_31,relational,0.999908983707428,0.0697559118270874
GraphSAGE,11,test_32,relational,0.999837338924408,0.1291489154100418
GraphSAGE,11,test_33,relational,0.999908983707428,0.06975588947534561
GraphSAGE,11,test_34,relational,0.9998556971549988,0.039511628448963165
GraphSAGE,11,test_35,relational,0.999908983707428,0.06975588947534561
GraphSAGE,11,test_36,relational,0.9997719526290894,0.11501424014568329
GraphSAGE,11,test_37,relational,0.9998556971549988,0.03951162472367287
GraphSAGE,11,test_38,relational,0.9997719526290894,0.11501423269510269
GraphSAGE,11,test_39,relational,0.9997719526290894,0.229487344622612
GraphSAGE,11,test_40,relational,0.999908983707428,0.0697559118270874
GraphSAGE,11,test_41,relational,0.999908983707428,0.0697559267282486
GraphSAGE,11,test_42,relational,0.999837338924408,0.1704668253660202
GraphSAGE,11,test_43,relational,0.999837338924408,0.1704668253660202
GraphSAGE,11,test_44,relational,0.999908983707428,0.01325924415141344
GraphSAGE,11,test_45,relational,0.9998556971549988,0.03951161727309227
GraphSAGE,11,test_46,relational,0.999908983707428,0.06975582242012024
GraphSAGE,11,test_47,relational,0.9998556971549988,0.03861863911151886
GraphSAGE,11,test_48,relational,0.9998556971549988,0.038618650287389755
GraphSAGE,11,test_49,relational,0.999908983707428,0.0697559118270874
GraphSAGE,11,test_50,relational,0.9998556971549988,0.03861863911151886
GraphSAGE,11,test_51,relational,0.9998556971549988,0.03951162099838257
GraphSAGE,11,test_52,relational,0.999837338924408,0.1704668402671814
GraphSAGE,11,test_53,relational,0.999837338924408,0.17046692967414856
GraphSAGE,11,test_54,relational,0.9998556971549988,0.03951161727309227
GraphSAGE,11,test_55,relational,0.999837338924408,0.12914884090423584
GraphSAGE,11,test_56,relational,0.999837338924408,0.17046687006950378
GraphSAGE,11,test_57,relational,0.9997719526290894,0.229487344622612
GraphSAGE,11,test_58,relational,0.9997719526290894,0.229487344622612
GraphSAGE,11,test_59,relational,0.999837338924408,0.17046692967414856
GraphSAGE,11,test_60,relational,0.999837338924408,0.12914881110191345
GraphSAGE,11,test_61,relational,0.9997719526290894,0.11501423269510269
GraphSAGE,11,test_62,relational,0.9998556971549988,0.038618650287389755
GraphSAGE,11,test_63,relational,0.999908983707428,0.01325924415141344
GraphSAGE,11,test_64,relational,0.9997719526290894,0.229487344622612
GraphSAGE,11,test_65,relational,0.9998556971549988,0.03951161354780197
GraphSAGE,11,test_66,relational,0.9997719526290894,0.229487344622612
GraphSAGE,11,test_67,relational,0.9998556971549988,0.03951161727309227
GraphSAGE,11,test_68,relational,0.9998556971549988,0.03861856460571289
GraphSAGE,11,test_69,relational,0.999837338924408,0.129148930311203
GraphSAGE,11,test_70,relational,0.999908983707428,0.01325924415141344
GraphSAGE,11,test_71,relational,0.999837338924408,0.129148930311203
GraphSAGE,11,test_72,relational,0.999908983707428,0.013259250670671463
GraphSAGE,11,test_73,relational,0.9998556971549988,0.038618627935647964
GraphSAGE,11,test_74,relational,0.9997719526290894,0.11501423269510269
GraphSAGE,11,test_75,relational,0.9997719526290894,0.229487344622612
GraphSAGE,11,test_76,relational,0.9997719526290894,0.22948727011680603
GraphSAGE,11,test_77,relational,0.9997719526290894,0.11501418054103851
GraphSAGE,11,test_78,relational,0.999837338924408,0.12914881110191345
GraphSAGE,11,test_79,relational,0.999837338924408,0.1291489154100418
GraphSAGE,11,test_80,relational,0.9997719526290894,0.1150142177939415
GraphSAGE,11,test_81,relational,0.999837338924408,0.17046676576137543
GraphSAGE,11,test_82,relational,0.999837338924408,0.12914884090423584
GraphSAGE,11,test_83,relational,0.999837338924408,0.17046687006950378
GraphSAGE,11,test_84,relational,0.999908983707428,0.0697559118270874
GraphSAGE,11,test_85,relational,0.9998556971549988,0.038618650287389755
GraphSAGE,11,test_86,relational,0.9998556971549988,0.03861856460571289
GraphSAGE,11,test_87,relational,0.999908983707428,0.06975588947534561
GraphSAGE,11,test_88,relational,0.9997719526290894,0.11501418054103851
GraphSAGE,11,test_89,relational,0.9998556971549988,0.03951162472367287
GraphSAGE,11,test_90,relational,0.9997719526290894,0.22948727011680603
GraphSAGE,11,test_91,relational,0.9998556971549988,0.03951161727309227
GraphSAGE,11,test_92,relational,0.999908983707428,0.013259250670671463
GraphSAGE,11,test_93,relational,0.9997719526290894,0.11501423269510269
GraphSAGE,11,test_94,relational,0.9997719526290894,0.22948727011680603
GraphSAGE,11,test_95,relational,0.9998556971549988,0.038618627935647964
GraphSAGE,11,test_96,relational,0.999908983707428,0.013259250670671463
GraphSAGE,11,test_97,relational,0.999908983707428,0.06975588947534561
GraphSAGE,11,test_98,relational,0.999837338924408,0.17046698927879333
GraphSAGE,11,test_99,relational,0.999908983707428,0.0697559118270874
GraphSAGE,11,test_100,relational,0.999837338924408,0.1291489154100418
GraphSAGE,11,test_101,relational,0.9998556971549988,0.03951161727309227
GraphSAGE,11,test_102,relational,0.9998556971549988,0.03951161727309227
GraphSAGE,11,test_103,relational,0.9997719526290894,0.229487344622612
GraphSAGE,11,test_104,relational,0.999837338924408,0.12914884090423584
GraphSAGE,11,test_105,relational,0.999837338924408,0.17046692967414856
GraphSAGE,11,test_106,relational,0.9998556971549988,0.03861863911151886
GraphSAGE,11,test_107,relational,0.9997719526290894,0.22948741912841797
GraphSAGE,11,test_108,relational,0.999908983707428,0.0697559118270874
GraphSAGE,11,test_109,relational,0.9997719526290894,0.22948727011680603
GraphSAGE,11,test_110,relational,0.9998556971549988,0.038618650287389755
GraphSAGE,11,test_111,relational,0.999908983707428,0.013259246945381165
GraphSAGE,11,test_112,relational,0.9998556971549988,0.03951162472367287
GraphSAGE,11,test_113,relational,0.999908983707428,0.013259257189929485
GraphSAGE,11,test_114,relational,0.999837338924408,0.1291489154100418
GraphSAGE,11,test_115,relational,0.9997719526290894,0.11501418054103851
GraphSAGE,11,test_116,relational,0.9997719526290894,0.11501418054103851
GraphSAGE,11,test_117,relational,0.999908983707428,0.013259246945381165
GraphSAGE,11,test_118,relational,0.9998556971549988,0.038618627935647964
GraphSAGE,11,test_119,relational,0.999837338924408,0.12914884090423584
GraphSAGE,11,test_120,relational,0.9997719526290894,0.22948727011680603
GraphSAGE,11,test_121,relational,0.999837338924408,0.17046692967414856
GraphSAGE,11,test_122,relational,0.999908983707428,0.013259250670671463
GraphSAGE,11,test_123,relational,0.999837338924408,0.1291489154100418
GraphSAGE,11,test_124,relational,0.9997719526290894,0.11501418054103851
GraphSAGE,11,test_125,relational,0.999837338924408,0.17046692967414856
GraphSAGE,11,test_126,relational,0.999908983707428,0.0697559118270874
GraphSAGE,11,test_127,relational,0.999837338924408,0.12914881110191345
GraphSAGE,11,test_0,irrelevant,0.0,0.0
GraphSAGE,11,test_1,irrelevant,0.0,0.0
GraphSAGE,11,test_2,irrelevant,0.0,0.0
GraphSAGE,11,test_3,irrelevant,0.0,0.0
GraphSAGE,11,test_4,irrelevant,0.0,0.0
GraphSAGE,11,test_5,irrelevant,0.0,0.0
GraphSAGE,11,test_6,irrelevant,0.0,0.0
GraphSAGE,11,test_7,irrelevant,0.0,0.0
GraphSAGE,11,test_8,irrelevant,0.0,0.0
GraphSAGE,11,test_9,irrelevant,0.0,0.0
GraphSAGE,11,test_10,irrelevant,0.0,0.0
GraphSAGE,11,test_11,irrelevant,0.0,0.0
GraphSAGE,11,test_12,irrelevant,0.0,0.0
GraphSAGE,11,test_13,irrelevant,0.0,0.0
GraphSAGE,11,test_14,irrelevant,0.0,0.0
GraphSAGE,11,test_15,irrelevant,0.0,0.0
GraphSAGE,11,test_16,irrelevant,0.0,0.0
GraphSAGE,11,test_17,irrelevant,0.0,0.0
GraphSAGE,11,test_18,irrelevant,0.0,0.0
GraphSAGE,11,test_19,irrelevant,0.0,0.0
GraphSAGE,11,test_20,irrelevant,0.0,0.0
GraphSAGE,11,test_21,irrelevant,0.0,0.0
GraphSAGE,11,test_22,irrelevant,0.0,0.0
GraphSAGE,11,test_23,irrelevant,0.0,0.0
GraphSAGE,11,test_24,irrelevant,0.0,0.0
GraphSAGE,11,test_25,irrelevant,0.0,0.0
GraphSAGE,11,test_26,irrelevant,0.0,0.0
GraphSAGE,11,test_27,irrelevant,0.0,0.0
GraphSAGE,11,test_28,irrelevant,0.0,0.0
GraphSAGE,11,test_29,irrelevant,0.0,0.0
GraphSAGE,11,test_30,irrelevant,0.0,0.0
GraphSAGE,11,test_31,irrelevant,0.0,0.0
GraphSAGE,11,test_32,irrelevant,0.0,0.0
GraphSAGE,11,test_33,irrelevant,0.0,0.0
GraphSAGE,11,test_34,irrelevant,0.0,0.0
GraphSAGE,11,test_35,irrelevant,0.0,0.0
GraphSAGE,11,test_36,irrelevant,0.0,0.0
GraphSAGE,11,test_37,irrelevant,0.0,0.0
GraphSAGE,11,test_38,irrelevant,0.0,0.0
GraphSAGE,11,test_39,irrelevant,0.0,0.0
GraphSAGE,11,test_40,irrelevant,0.0,0.0
GraphSAGE,11,test_41,irrelevant,0.0,0.0
GraphSAGE,11,test_42,irrelevant,0.0,0.0
GraphSAGE,11,test_43,irrelevant,0.0,0.0
GraphSAGE,11,test_44,irrelevant,0.0,0.0
GraphSAGE,11,test_45,irrelevant,0.0,0.0
GraphSAGE,11,test_46,irrelevant,0.0,0.0
GraphSAGE,11,test_47,irrelevant,0.0,0.0
GraphSAGE,11,test_48,irrelevant,0.0,0.0
GraphSAGE,11,test_49,irrelevant,0.0,0.0
GraphSAGE,11,test_50,irrelevant,0.0,0.0
GraphSAGE,11,test_51,irrelevant,0.0,0.0
GraphSAGE,11,test_52,irrelevant,0.0,0.0
GraphSAGE,11,test_53,irrelevant,0.0,0.0
GraphSAGE,11,test_54,irrelevant,0.0,0.0
GraphSAGE,11,test_55,irrelevant,0.0,0.0
GraphSAGE,11,test_56,irrelevant,0.0,0.0
GraphSAGE,11,test_57,irrelevant,0.0,0.0
GraphSAGE,11,test_58,irrelevant,0.0,0.0
GraphSAGE,11,test_59,irrelevant,0.0,0.0
GraphSAGE,11,test_60,irrelevant,0.0,0.0
GraphSAGE,11,test_61,irrelevant,0.0,0.0
GraphSAGE,11,test_62,irrelevant,0.0,0.0
GraphSAGE,11,test_63,irrelevant,0.0,0.0
GraphSAGE,11,test_64,irrelevant,0.0,0.0
GraphSAGE,11,test_65,irrelevant,0.0,0.0
GraphSAGE,11,test_66,irrelevant,0.0,0.0
GraphSAGE,11,test_67,irrelevant,0.0,0.0
GraphSAGE,11,test_68,irrelevant,0.0,0.0
GraphSAGE,11,test_69,irrelevant,0.0,0.0
GraphSAGE,11,test_70,irrelevant,0.0,0.0
GraphSAGE,11,test_71,irrelevant,0.0,0.0
GraphSAGE,11,test_72,irrelevant,0.0,0.0
GraphSAGE,11,test_73,irrelevant,0.0,0.0
GraphSAGE,11,test_74,irrelevant,0.0,0.0
GraphSAGE,11,test_75,irrelevant,0.0,0.0
GraphSAGE,11,test_76,irrelevant,0.0,0.0
GraphSAGE,11,test_77,irrelevant,0.0,0.0
GraphSAGE,11,test_78,irrelevant,0.0,0.0
GraphSAGE,11,test_79,irrelevant,0.0,0.0
GraphSAGE,11,test_80,irrelevant,0.0,0.0
GraphSAGE,11,test_81,irrelevant,0.0,0.0
GraphSAGE,11,test_82,irrelevant,0.0,0.0
GraphSAGE,11,test_83,irrelevant,0.0,0.0
GraphSAGE,11,test_84,irrelevant,0.0,0.0
GraphSAGE,11,test_85,irrelevant,0.0,0.0
GraphSAGE,11,test_86,irrelevant,0.0,0.0
GraphSAGE,11,test_87,irrelevant,0.0,0.0
GraphSAGE,11,test_88,irrelevant,0.0,0.0
GraphSAGE,11,test_89,irrelevant,0.0,0.0
GraphSAGE,11,test_90,irrelevant,0.0,0.0
GraphSAGE,11,test_91,irrelevant,0.0,0.0
GraphSAGE,11,test_92,irrelevant,0.0,0.0
GraphSAGE,11,test_93,irrelevant,0.0,0.0
GraphSAGE,11,test_94,irrelevant,0.0,0.0
GraphSAGE,11,test_95,irrelevant,0.0,0.0
GraphSAGE,11,test_96,irrelevant,0.0,0.0
GraphSAGE,11,test_97,irrelevant,0.0,0.0
GraphSAGE,11,test_98,irrelevant,0.0,0.0
GraphSAGE,11,test_99,irrelevant,0.0,0.0
GraphSAGE,11,test_100,irrelevant,0.0,0.0
GraphSAGE,11,test_101,irrelevant,0.0,0.0
GraphSAGE,11,test_102,irrelevant,0.0,0.0
GraphSAGE,11,test_103,irrelevant,0.0,0.0
GraphSAGE,11,test_104,irrelevant,0.0,0.0
GraphSAGE,11,test_105,irrelevant,0.0,0.0
GraphSAGE,11,test_106,irrelevant,0.0,0.0
GraphSAGE,11,test_107,irrelevant,0.0,0.0
GraphSAGE,11,test_108,irrelevant,0.0,0.0
GraphSAGE,11,test_109,irrelevant,0.0,0.0
GraphSAGE,11,test_110,irrelevant,0.0,0.0
GraphSAGE,11,test_111,irrelevant,0.0,0.0
GraphSAGE,11,test_112,irrelevant,0.0,0.0
GraphSAGE,11,test_113,irrelevant,0.0,0.0
GraphSAGE,11,test_114,irrelevant,0.0,0.0
GraphSAGE,11,test_115,irrelevant,0.0,0.0
GraphSAGE,11,test_116,irrelevant,0.0,0.0
GraphSAGE,11,test_117,irrelevant,0.0,0.0
GraphSAGE,11,test_118,irrelevant,0.0,0.0
GraphSAGE,11,test_119,irrelevant,0.0,0.0
GraphSAGE,11,test_120,irrelevant,0.0,0.0
GraphSAGE,11,test_121,irrelevant,0.0,0.0
GraphSAGE,11,test_122,irrelevant,0.0,0.0
GraphSAGE,11,test_123,irrelevant,0.0,0.0
GraphSAGE,11,test_124,irrelevant,0.0,0.0
GraphSAGE,11,test_125,irrelevant,0.0,0.0
GraphSAGE,11,test_126,irrelevant,0.0,0.0
GraphSAGE,11,test_127,irrelevant,0.0,0.0
GraphSAGE,23,test_0,used,0.9999987483024597,0.00016211146430578083
GraphSAGE,23,test_1,used,0.9997113943099976,0.013366996310651302
GraphSAGE,23,test_2,used,0.9997113943099976,0.013366996310651302
GraphSAGE,23,test_3,used,0.9999987483024597,0.0008884065318852663
GraphSAGE,23,test_4,used,0.9999987483024597,0.0008884062990546227
GraphSAGE,23,test_5,used,0.9999968409538269,0.0001981727546080947
GraphSAGE,23,test_6,used,0.9997113943099976,0.010490179993212223
GraphSAGE,23,test_7,used,0.9997717142105103,0.0063044847920536995
GraphSAGE,23,test_8,used,0.9999987483024597,0.00016211143520195037
GraphSAGE,23,test_9,used,0.9997113943099976,0.01049018558114767
GraphSAGE,23,test_10,used,0.9999968409538269,0.0009007403859868646
GraphSAGE,23,test_11,used,0.9997717142105103,0.0063044847920536995
GraphSAGE,23,test_12,used,0.9997717142105103,0.0063044847920536995
GraphSAGE,23,test_13,used,0.9997717142105103,0.0063044847920536995
GraphSAGE,23,test_14,used,0.9997113943099976,0.013366999104619026
GraphSAGE,23,test_15,used,0.9997717142105103,0.0100416773930192
GraphSAGE,23,test_16,used,0.9997717142105103,0.006304481998085976
GraphSAGE,23,test_17,used,0.9997717142105103,0.0063044847920536995
GraphSAGE,23,test_18,used,0.9997113943099976,0.010490179993212223
GraphSAGE,23,test_19,used,0.9999968409538269,0.0009007406188175082
GraphSAGE,23,test_20,used,0.9997113943099976,0.01336698979139328
GraphSAGE,23,test_21,used,0.9999968409538269,0.0009007405024021864
GraphSAGE,23,test_22,used,0.9999968409538269,0.0009007403859868646
GraphSAGE,23,test_23,used,0.9999987483024597,0.0008884065318852663
GraphSAGE,23,test_24,used,0.9999987483024597,0.0001621115516172722
GraphSAGE,23,test_25,used,0.9997113943099976,0.010490180924534798
GraphSAGE,23,test_26,used,0.9999968409538269,0.0001981728564715013
GraphSAGE,23,test_27,used,0.9999987483024597,0.0001621115516172722
GraphSAGE,23,test_28,used,0.9997717142105103,0.0100416773930192
GraphSAGE,23,test_29,used,0.9997113943099976,0.013366996310651302
GraphSAGE,23,test_30,used,0.9999968409538269,0.00019817276916000992
GraphSAGE,23,test_31,used,0.9999968409538269,0.00019817284191958606
GraphSAGE,23,test_32,used,0.9997717142105103,0.010041680186986923
GraphSAGE,23,test_33,used,0.9999968409538269,0.0001981728564715013
GraphSAGE,23,test_34,used,0.9999987483024597,0.00016211143520195037
GraphSAGE,23,test_35,used,0.9999968409538269,0.0001981728564715013
GraphSAGE,23,test_36,used,0.9997113943099976,0.013366993516683578
GraphSAGE,23,test_37,used,0.9999987483024597,0.00016211146430578083
GraphSAGE,23,test_38,used,0.9997113943099976,0.01336698979139328
GraphSAGE,23,test_39,used,0.9999987483024597,0.0008884065318852663
GraphSAGE,23,test_40,used,0.9999968409538269,0.00019817284191958606
GraphSAGE,23,test_41,used,0.9999968409538269,0.00019817278371192515
GraphSAGE,23,test_42,used,0.9999968409538269,0.0009007405024021864
GraphSAGE,23,test_43,used,0.9999968409538269,0.0009007405024021864
GraphSAGE,23,test_44,used,0.9997717142105103,0.0063044847920536995
GraphSAGE,23,test_45,used,0.9999987483024597,0.00016211143520195037
GraphSAGE,23,test_46,used,0.9999968409538269,0.00019817284191958606
GraphSAGE,23,test_47,used,0.9997113943099976,0.010490179993212223
GraphSAGE,23,test_48,used,0.9997113943099976,0.010490179993212223
GraphSAGE,23,test_49,used,0.9999968409538269,0.00019817284191958606
GraphSAGE,23,test_50,used,0.9997113943099976,0.010490183718502522
GraphSAGE,23,test_51,used,0.9999987483024597,0.00016211143520195037
GraphSAGE,23,test_52,used,0.9999968409538269,0.0009007406188175082
GraphSAGE,23,test_53,used,0.9999968409538269,0.0009007406188175082
GraphSAGE,23,test_54,used,0.9999987483024597,0.00016211146430578083
GraphSAGE,23,test_55,used,0.9997717142105103,0.0100416773930192
GraphSAGE,23,test_56,used,0.9999968409538269,0.0009007406188175082
GraphSAGE,23,test_57,used,0.9999987483024597,0.0008884062990546227
GraphSAGE,23,test_58,used,0.9999987483024597,0.0008884064154699445
GraphSAGE,23,test_59,used,0.9999968409538269,0.0009007406188175082
GraphSAGE,23,test_60,used,0.9997717142105103,0.0100416773930192
GraphSAGE,23,test_61,used,0.9997113943099976,0.013366996310651302
GraphSAGE,23,test_62,used,0.9997113943099976,0.010490179993212223
GraphSAGE,23,test_63,used,0.9997717142105103,0.0063044847920536995
GraphSAGE,23,test_64,used,0.9999987483024597,0.0008884064154699445
GraphSAGE,23,test_65,used,0.9999987483024597,0.00016211146430578083
GraphSAGE,23,test_66,used,0.9999987483024597,0.0008884064154699445
GraphSAGE,23,test_67,used,0.9999987483024597,0.00016211143520195037
GraphSAGE,23,test_68,used,0.9997113943099976,0.010490179993212223
GraphSAGE,23,test_69,used,0.9997717142105103,0.010041682980954647
GraphSAGE,23,test_70,used,0.9997717142105103,0.006304483395069838
GraphSAGE,23,test_71,used,0.9997717142105103,0.010041680186986923
GraphSAGE,23,test_72,used,0.9997717142105103,0.0063044847920536995
GraphSAGE,23,test_73,used,0.9997113943099976,0.01049018558114767
GraphSAGE,23,test_74,used,0.9997113943099976,0.013366996310651302
GraphSAGE,23,test_75,used,0.9999987483024597,0.0008884064154699445
GraphSAGE,23,test_76,used,0.9999987483024597,0.0008884058916009963
GraphSAGE,23,test_77,used,0.9997113943099976,0.01336698979139328
GraphSAGE,23,test_78,used,0.9997717142105103,0.0100416773930192
GraphSAGE,23,test_79,used,0.9997717142105103,0.010041680186986923
GraphSAGE,23,test_80,used,0.9997113943099976,0.01336698979139328
GraphSAGE,23,test_81,used,0.9999968409538269,0.0009007406188175082
GraphSAGE,23,test_82,used,0.9997717142105103,0.0100416773930192
GraphSAGE,23,test_83,used,0.9999968409538269,0.0009007406188175082
GraphSAGE,23,test_84,used,0.9999968409538269,0.0001981728564715013
GraphSAGE,23,test_85,used,0.9997113943099976,0.010490179993212223
GraphSAGE,23,test_86,used,0.9997113943099976,0.010490180924534798
GraphSAGE,23,test_87,used,0.9999968409538269,0.00019817284191958606
GraphSAGE,23,test_88,used,0.9997113943099976,0.01336698979139328
GraphSAGE,23,test_89,used,0.9999987483024597,0.00016211140609811991
GraphSAGE,23,test_90,used,0.9999987483024597,0.0008884065900929272
GraphSAGE,23,test_91,used,0.9999987483024597,0.00016211149340961128
GraphSAGE,23,test_92,used,0.9997717142105103,0.006304483395069838
GraphSAGE,23,test_93,used,0.9997113943099976,0.013366996310651302
GraphSAGE,23,test_94,used,0.9999987483024597,0.0008884065318852663
GraphSAGE,23,test_95,used,0.9997113943099976,0.010490179993212223
GraphSAGE,23,test_96,used,0.9997717142105103,0.0063044847920536995
GraphSAGE,23,test_97,used,0.9999968409538269,0.0001981727546080947
GraphSAGE,23,test_98,used,0.9999968409538269,0.0009007406188175082
GraphSAGE,23,test_99,used,0.9999968409538269,0.0001981728564715013
GraphSAGE,23,test_100,used,0.9997717142105103,0.010041680186986923
GraphSAGE,23,test_101,used,0.9999987483024597,0.00016211146430578083
GraphSAGE,23,test_102,used,0.9999987483024597,0.00016211143520195037
GraphSAGE,23,test_103,used,0.9999987483024597,0.000888406066223979
GraphSAGE,23,test_104,used,0.9997717142105103,0.0100416773930192
GraphSAGE,23,test_105,used,0.9999968409538269,0.0009007406188175082
GraphSAGE,23,test_106,used,0.9997113943099976,0.010490179993212223
GraphSAGE,23,test_107,used,0.9999987483024597,0.0008884064154699445
GraphSAGE,23,test_108,used,0.9999968409538269,0.0001981727546080947
GraphSAGE,23,test_109,used,0.9999987483024597,0.0008884058916009963
GraphSAGE,23,test_110,used,0.9997113943099976,0.010490183718502522
GraphSAGE,23,test_111,used,0.9997717142105103,0.006304483395069838
GraphSAGE,23,test_112,used,0.9999987483024597,0.00016211140609811991
GraphSAGE,23,test_113,used,0.9997717142105103,0.006304483395069838
GraphSAGE,23,test_114,used,0.9997717142105103,0.0100416773930192
GraphSAGE,23,test_115,used,0.9997113943099976,0.013366996310651302
GraphSAGE,23,test_116,used,0.9997113943099976,0.013366996310651302
GraphSAGE,23,test_117,used,0.9997717142105103,0.0063044847920536995
GraphSAGE,23,test_118,used,0.9997113943099976,0.01049018558114767
GraphSAGE,23,test_119,used,0.9997717142105103,0.0100416773930192
GraphSAGE,23,test_120,used,0.9999987483024597,0.0008884065318852663
GraphSAGE,23,test_121,used,0.9999968409538269,0.0009007406188175082
GraphSAGE,23,test_122,used,0.9997717142105103,0.006304481998085976
GraphSAGE,23,test_123,used,0.9997717142105103,0.010041680186986923
GraphSAGE,23,test_124,used,0.9997113943099976,0.013366996310651302
GraphSAGE,23,test_125,used,0.9999968409538269,0.0009007406188175082
GraphSAGE,23,test_126,used,0.9999968409538269,0.0001981728564715013
GraphSAGE,23,test_127,used,0.9997717142105103,0.01004167553037405
GraphSAGE,23,test_0,unused,0.00012910559598822147,7.480702151951846e-06
GraphSAGE,23,test_1,unused,1.4079001630307175e-05,6.9456245910259895e-06
GraphSAGE,23,test_2,unused,1.4078877939027734e-05,6.945570021343883e-06
GraphSAGE,23,test_3,unused,0.0001026138779707253,1.3309629594004946e-06
GraphSAGE,23,test_4,unused,0.0001026138779707253,1.3309629594004946e-06
GraphSAGE,23,test_5,unused,0.00012910559598822147,1.6556971331738168e-06
GraphSAGE,23,test_6,unused,0.0001587232982274145,4.237054326949874e-06
GraphSAGE,23,test_7,unused,0.0001587232982274145,2.6981631435774034e-06
GraphSAGE,23,test_8,unused,0.0001291056687477976,7.480629392375704e-06
GraphSAGE,23,test_9,unused,0.00015872341464273632,4.23704705099226e-06
GraphSAGE,23,test_10,unused,0.0001026138779707253,1.0529010978643782e-06
GraphSAGE,23,test_11,unused,0.0001587233564350754,2.6981631435774034e-06
GraphSAGE,23,test_12,unused,0.000158723458298482,2.698093112485367e-06
GraphSAGE,23,test_13,unused,0.0001587233564350754,2.6981376777257537e-06
GraphSAGE,23,test_14,unused,1.4078990716370754e-05,6.945642780920025e-06
GraphSAGE,23,test_15,unused,1.407893250870984e-05,6.531868166348431e-06
GraphSAGE,23,test_16,unused,0.00015872341464273632,2.6981631435774034e-06
GraphSAGE,23,test_17,unused,0.0001587232982274145,2.6981376777257537e-06
GraphSAGE,23,test_18,unused,0.0001587232545716688,4.237112534610787e-06
GraphSAGE,23,test_19,unused,0.00010261399438604712,1.0529010978643782e-06
GraphSAGE,23,test_20,unused,1.407893250870984e-05,6.945570021343883e-06
GraphSAGE,23,test_21,unused,0.0001026138779707253,1.0529010978643782e-06
GraphSAGE,23,test_22,unused,0.0001026138779707253,1.0529010978643782e-06
GraphSAGE,23,test_23,unused,0.0001026138779707253,1.3309629594004946e-06
GraphSAGE,23,test_24,unused,0.0001291056687477976,7.480629392375704e-06
GraphSAGE,23,test_25,unused,0.0001587231963640079,4.237112534610787e-06
GraphSAGE,23,test_26,unused,0.0001291057706112042,1.655678715906106e-06
GraphSAGE,23,test_27,unused,0.00012910568329971284,7.480629392375704e-06
GraphSAGE,23,test_28,unused,1.4078885214985348e-05,6.531853614433203e-06
GraphSAGE,23,test_29,unused,1.4078928870731033e-05,6.945617315068375e-06
GraphSAGE,23,test_30,unused,0.0001291056105401367,1.655678715906106e-06
GraphSAGE,23,test_31,unused,0.00012910559598822147,1.6556972468606546e-06
GraphSAGE,23,test_32,unused,1.407893250870984e-05,6.531886356242467e-06
GraphSAGE,23,test_33,unused,0.00012910568329971284,1.655678715906106e-06
GraphSAGE,23,test_34,unused,0.0001291056687477976,7.480629392375704e-06
GraphSAGE,23,test_35,unused,0.00012910568329971284,1.655678715906106e-06
GraphSAGE,23,test_36,unused,1.4078816093388014e-05,6.945570021343883e-06
GraphSAGE,23,test_37,unused,0.00012910559598822147,7.480702151951846e-06
GraphSAGE,23,test_38,unused,1.4078816093388014e-05,6.945570021343883e-06
GraphSAGE,23,test_39,unused,0.0001026138779707253,1.330846771452343e-06
GraphSAGE,23,test_40,unused,0.0001291056687477976,1.6556969058001414e-06
GraphSAGE,23,test_41,unused,0.0001291056687477976,1.6556971331738168e-06
GraphSAGE,23,test_42,unused,0.0001026138779707253,1.0529010978643782e-06
GraphSAGE,23,test_43,unused,0.0001026138779707253,1.0529010978643782e-06
GraphSAGE,23,test_44,unused,0.00015872322546783835,2.6981631435774034e-06
GraphSAGE,23,test_45,unused,0.0001291056687477976,7.480629392375704e-06
GraphSAGE,23,test_46,unused,0.00012910575605928898,1.6556972468606546e-06
GraphSAGE,23,test_47,unused,0.0001587234000908211,4.237112534610787e-06
GraphSAGE,23,test_48,unused,0.0001587233564350754,4.237112534610787e-06
GraphSAGE,23,test_49,unused,0.0001291056687477976,1.6556783748455928e-06
GraphSAGE,23,test_50,unused,0.00015872341464273632,4.23704705099226e-06
GraphSAGE,23,test_51,unused,0.0001291056687477976,7.480629392375704e-06
GraphSAGE,23,test_52,unused,0.00010261399438604712,1.0529010978643782e-06
GraphSAGE,23,test_53,unused,0.00010261399438604712,1.052968173098634e-06
GraphSAGE,23,test_54,unused,0.00012910559598822147,7.4805348049267195e-06
GraphSAGE,23,test_55,unused,1.4078816093388014e-05,6.531853614433203e-06
GraphSAGE,23,test_56,unused,0.0001026138779707253,1.052968173098634e-06
GraphSAGE,23,test_57,unused,0.0001026138779707253,1.3310800568433478e-06
GraphSAGE,23,test_58,unused,0.00010261399438604712,1.331079602095997e-06
GraphSAGE,23,test_59,unused,0.0001026138779707253,1.0529010978643782e-06
GraphSAGE,23,test_60,unused,1.4078816093388014e-05,6.531853614433203e-06
GraphSAGE,23,test_61,unused,1.4078761523705907e-05,6.9456245910259895e-06
GraphSAGE,23,test_62,unused,0.0001587232982274145,4.236988843331346e-06
GraphSAGE,23,test_63,unused,0.00015872322546783835,2.6981376777257537e-06
GraphSAGE,23,test_64,unused,0.00010261399438604712,1.3310799431565101e-06
GraphSAGE,23,test_65,unused,0.0001291056105401367,7.480702151951846e-06
GraphSAGE,23,test_66,unused,0.00010261406714562327,1.3310799431565101e-06
GraphSAGE,23,test_67,unused,0.0001291056687477976,7.480629392375704e-06
GraphSAGE,23,test_68,unused,0.00015872341464273632,4.23704705099226e-06
GraphSAGE,23,test_69,unused,1.4078867025091313e-05,6.531802682729904e-06
GraphSAGE,23,test_70,unused,0.0001587233564350754,2.6981231258105254e-06
GraphSAGE,23,test_71,unused,1.4079056199989282e-05,6.531817234645132e-06
GraphSAGE,23,test_72,unused,0.000158723458298482,2.698133130252245e-06
GraphSAGE,23,test_73,unused,0.00015872341464273632,4.23704705099226e-06
GraphSAGE,23,test_74,unused,1.4078812455409206e-05,6.9456245910259895e-06
GraphSAGE,23,test_75,unused,0.00010261399438604712,1.3310799431565101e-06
GraphSAGE,23,test_76,unused,0.00010261395073030144,1.3310800568433478e-06
GraphSAGE,23,test_77,unused,1.4079063475946896e-05,6.9455845732591115e-06
GraphSAGE,23,test_78,unused,1.4078812455409206e-05,6.531853614433203e-06
GraphSAGE,23,test_79,unused,1.4078761523705907e-05,6.531780854857061e-06
GraphSAGE,23,test_80,unused,1.4078816093388014e-05,6.945570021343883e-06
GraphSAGE,23,test_81,unused,0.0001026138779707253,1.0529010978643782e-06
GraphSAGE,23,test_82,unused,1.4078928870731033e-05,6.531817234645132e-06
GraphSAGE,23,test_83,unused,0.00010261395073030144,1.052966581482906e-06
GraphSAGE,23,test_84,unused,0.0001291056105401367,1.655678715906106e-06
GraphSAGE,23,test_85,unused,0.00015872341464273632,4.23704705099226e-06
GraphSAGE,23,test_86,unused,0.00015872322546783835,4.237054326949874e-06
GraphSAGE,23,test_87,unused,0.0001291056687477976,1.6556969058001414e-06
GraphSAGE,23,test_88,unused,1.4078877939027734e-05,6.9456245910259895e-06
GraphSAGE,23,test_89,unused,0.0001291056687477976,7.480462045350578e-06
GraphSAGE,23,test_90,unused,0.00010261399438604712,1.3310802842170233e-06
GraphSAGE,23,test_91,unused,0.00012910559598822147,7.48062211641809e-06
GraphSAGE,23,test_92,unused,0.00015872341464273632,2.6981376777257537e-06
GraphSAGE,23,test_93,unused,1.4078877939027734e-05,6.9456245910259895e-06
GraphSAGE,23,test_94,unused,0.0001026138779707253,1.3309629594004946e-06
GraphSAGE,23,test_95,unused,0.0001587232982274145,4.237054326949874e-06
GraphSAGE,23,test_96,unused,0.0001587233564350754,2.6981376777257537e-06
GraphSAGE,23,test_97,unused,0.0001291056687477976,1.6556972468606546e-06
GraphSAGE,23,test_98,unused,0.00010261399438604712,1.0529010978643782e-06
GraphSAGE,23,test_99,unused,0.0001291056105401367,1.655678715906106e-06
GraphSAGE,23,test_100,unused,1.4078816093388014e-05,6.531780854857061e-06
GraphSAGE,23,test_101,unused,0.00012910559598822147,7.480702151951846e-06
GraphSAGE,23,test_102,unused,0.0001291056687477976,7.480629392375704e-06
GraphSAGE,23,test_103,unused,0.0001026138779707253,1.3310800568433478e-06
GraphSAGE,23,test_104,unused,1.4078761523705907e-05,6.531853614433203e-06
GraphSAGE,23,test_105,unused,0.00010261395073030144,1.052966581482906e-06
GraphSAGE,23,test_106,unused,0.00015872341464273632,4.23704705099226e-06
GraphSAGE,23,test_107,unused,0.00010261406714562327,1.3309635278346832e-06
GraphSAGE,23,test_108,unused,0.0001291056687477976,1.6556971331738168e-06
GraphSAGE,23,test_109,unused,0.0001026138779707253,1.3310800568433478e-06
GraphSAGE,23,test_110,unused,0.0001587232982274145,4.237112534610787e-06
GraphSAGE,23,test_111,unused,0.00015872341464273632,2.6981631435774034e-06
GraphSAGE,23,test_112,unused,0.0001291056687477976,7.480462045350578e-06
GraphSAGE,23,test_113,unused,0.0001587233564350754,2.6981631435774034e-06
GraphSAGE,23,test_114,unused,1.407893250870984e-05,6.5317954067722894e-06
GraphSAGE,23,test_115,unused,1.4078939784667455e-05,6.945642780920025e-06
GraphSAGE,23,test_116,unused,1.4078761523705907e-05,6.9456245910259895e-06
GraphSAGE,23,test_117,unused,0.00015872322546783835,2.6981631435774034e-06
GraphSAGE,23,test_118,unused,0.0001587233564350754,4.237112534610787e-06
GraphSAGE,23,test_119,unused,1.4079005268285982e-05,6.531868166348431e-06
GraphSAGE,23,test_120,unused,0.0001026138779707253,1.3310800568433478e-06
GraphSAGE,23,test_121,unused,0.00010261406714562327,1.052966581482906e-06
GraphSAGE,23,test_122,unused,0.00015872341464273632,2.6981376777257537e-06
GraphSAGE,23,test_123,unused,1.407893250870984e-05,6.531868166348431e-06
GraphSAGE,23,test_124,unused,1.4078761523705907e-05,6.9456245910259895e-06
GraphSAGE,23,test_125,unused,0.0001026138779707253,1.052968173098634e-06
GraphSAGE,23,test_126,unused,0.00012910568329971284,1.655678715906106e-06
GraphSAGE,23,test_127,unused,1.4078761523705907e-05,6.531853614433203e-06
GraphSAGE,23,test_0,relational,0.999697208404541,0.0036121574230492115
GraphSAGE,23,test_1,relational,0.9996381998062134,0.09943120181560516
GraphSAGE,23,test_2,relational,0.9996381998062134,0.09943100064992905
GraphSAGE,23,test_3,relational,0.9996381998062134,0.11424234509468079
GraphSAGE,23,test_4,relational,0.9996381998062134,0.1142423152923584
GraphSAGE,23,test_5,relational,0.9999313354492188,0.0020890242885798216
GraphSAGE,23,test_6,relational,0.999697208404541,0.003204370616003871
GraphSAGE,23,test_7,relational,0.9999313354492188,0.0012607445241883397
GraphSAGE,23,test_8,relational,0.999697208404541,0.003612156491726637
GraphSAGE,23,test_9,relational,0.999697208404541,0.0032043729443103075
GraphSAGE,23,test_10,relational,0.9997482299804688,0.1527702808380127
GraphSAGE,23,test_11,relational,0.9999313354492188,0.0012607445241883397
GraphSAGE,23,test_12,relational,0.9999313354492188,0.0012607448734343052
GraphSAGE,23,test_13,relational,0.9999313354492188,0.001260744989849627
GraphSAGE,23,test_14,relational,0.9996381998062134,0.09943109005689621
GraphSAGE,23,test_15,relational,0.9997482299804688,0.08164222538471222
GraphSAGE,23,test_16,relational,0.9999313354492188,0.0012607445241883397
GraphSAGE,23,test_17,relational,0.9999313354492188,0.0012607445241883397
GraphSAGE,23,test_18,relational,0.999697208404541,0.003204371314495802
GraphSAGE,23,test_19,relational,0.9997482299804688,0.15277034044265747
GraphSAGE,23,test_20,relational,0.9996381998062134,0.0994310975074768
GraphSAGE,23,test_21,relational,0.9997482299804688,0.1527702808380127
GraphSAGE,23,test_22,relational,0.9997482299804688,0.1527702808380127
GraphSAGE,23,test_23,relational,0.9996381998062134,0.11424234509468079
GraphSAGE,23,test_24,relational,0.999697208404541,0.0036121592856943607
GraphSAGE,23,test_25,relational,0.999697208404541,0.003204370616003871
GraphSAGE,23,test_26,relational,0.9999313354492188,0.002089023357257247
GraphSAGE,23,test_27,relational,0.999697208404541,0.0036121592856943607
GraphSAGE,23,test_28,relational,0.9997482299804688,0.08164224028587341
GraphSAGE,23,test_29,relational,0.9996381998062134,0.099431112408638
GraphSAGE,23,test_30,relational,0.9999313354492188,0.002089023357257247
GraphSAGE,23,test_31,relational,0.9999313354492188,0.002089023357257247
GraphSAGE,23,test_32,relational,0.9997482299804688,0.08164224028587341
GraphSAGE,23,test_33,relational,0.9999313354492188,0.002089023357257247
GraphSAGE,23,test_34,relational,0.999697208404541,0.0036121592856943607
GraphSAGE,23,test_35,relational,0.9999313354492188,0.002089023357257247
GraphSAGE,23,test_36,relational,0.9996381998062134,0.0994310975074768
GraphSAGE,23,test_37,relational,0.999697208404541,0.0036121574230492115
GraphSAGE,23,test_38,relational,0.9996381998062134,0.0994310975074768
GraphSAGE,23,test_39,relational,0.9996381998062134,0.1142423152923584
GraphSAGE,23,test_40,relational,0.9999313354492188,0.002089023357257247
GraphSAGE,23,test_41,relational,0.9999313354492188,0.00208902545273304
GraphSAGE,23,test_42,relational,0.9997482299804688,0.1527702808380127
GraphSAGE,23,test_43,relational,0.9997482299804688,0.1527702808380127
GraphSAGE,23,test_44,relational,0.9999313354492188,0.0012607445241883397
GraphSAGE,23,test_45,relational,0.999697208404541,0.003612156491726637
GraphSAGE,23,test_46,relational,0.9999313354492188,0.002089023357257247
GraphSAGE,23,test_47,relational,0.999697208404541,0.003204371314495802
GraphSAGE,23,test_48,relational,0.999697208404541,0.003204371314495802
GraphSAGE,23,test_49,relational,0.9999313354492188,0.002089023357257247
GraphSAGE,23,test_50,relational,0.999697208404541,0.003204370616003871
GraphSAGE,23,test_51,relational,0.999697208404541,0.0036121574230492115
GraphSAGE,23,test_52,relational,0.9997482299804688,0.15277034044265747
GraphSAGE,23,test_53,relational,0.9997482299804688,0.1527702808380127
GraphSAGE,23,test_54,relational,0.999697208404541,0.0036121574230492115
GraphSAGE,23,test_55,relational,0.9997482299804688,0.08164224028587341
GraphSAGE,23,test_56,relational,0.9997482299804688,0.1527702808380127
GraphSAGE,23,test_57,relational,0.9996381998062134,0.11424234509468079
GraphSAGE,23,test_58,relational,0.9996381998062134,0.11424236744642258
GraphSAGE,23,test_59,relational,0.9997482299804688,0.15277034044265747
GraphSAGE,23,test_60,relational,0.9997482299804688,0.08164224028587341
GraphSAGE,23,test_61,relational,0.9996381998062134,0.0994311273097992
GraphSAGE,23,test_62,relational,0.999697208404541,0.0032043689861893654
GraphSAGE,23,test_63,relational,0.9999313354492188,0.0012607445241883397
GraphSAGE,23,test_64,relational,0.9996381998062134,0.11424234509468079
GraphSAGE,23,test_65,relational,0.999697208404541,0.0036121574230492115
GraphSAGE,23,test_66,relational,0.9996381998062134,0.11424234509468079
GraphSAGE,23,test_67,relational,0.999697208404541,0.0036121592856943607
GraphSAGE,23,test_68,relational,0.999697208404541,0.003204370616003871
GraphSAGE,23,test_69,relational,0.9997482299804688,0.0816422626376152
GraphSAGE,23,test_70,relational,0.9999313354492188,0.0012607445241883397
GraphSAGE,23,test_71,relational,0.9997482299804688,0.08164223283529282
GraphSAGE,23,test_72,relational,0.9999313354492188,0.0012607448734343052
GraphSAGE,23,test_73,relational,0.999697208404541,0.0032043715473264456
GraphSAGE,23,test_74,relational,0.9996381998062134,0.09943109005689621
GraphSAGE,23,test_75,relational,0.9996381998062134,0.11424234509468079
GraphSAGE,23,test_76,relational,0.9996381998062134,0.1142423152923584
GraphSAGE,23,test_77,relational,0.9996381998062134,0.09943107515573502
GraphSAGE,23,test_78,relational,0.9997482299804688,0.08164224028587341
GraphSAGE,23,test_79,relational,0.9997482299804688,0.08164223283529282
GraphSAGE,23,test_80,relational,0.9996381998062134,0.09943120181560516
GraphSAGE,23,test_81,relational,0.9997482299804688,0.15277034044265747
GraphSAGE,23,test_82,relational,0.9997482299804688,0.08164222538471222
GraphSAGE,23,test_83,relational,0.9997482299804688,0.1527702808380127
GraphSAGE,23,test_84,relational,0.9999313354492188,0.002089023357257247
GraphSAGE,23,test_85,relational,0.999697208404541,0.003204370616003871
GraphSAGE,23,test_86,relational,0.999697208404541,0.00320436991751194
GraphSAGE,23,test_87,relational,0.9999313354492188,0.002089023357257247
GraphSAGE,23,test_88,relational,0.9996381998062134,0.09943121671676636
GraphSAGE,23,test_89,relational,0.999697208404541,0.003612156491726637
GraphSAGE,23,test_90,relational,0.9996381998062134,0.1142423152923584
GraphSAGE,23,test_91,relational,0.999697208404541,0.0036121574230492115
GraphSAGE,23,test_92,relational,0.9999313354492188,0.0012607445241883397
GraphSAGE,23,test_93,relational,0.9996381998062134,0.09943109005689621
GraphSAGE,23,test_94,relational,0.9996381998062134,0.11424234509468079
GraphSAGE,23,test_95,relational,0.999697208404541,0.0032043722458183765
GraphSAGE,23,test_96,relational,0.9999313354492188,0.001260744989849627
GraphSAGE,23,test_97,relational,0.9999313354492188,0.002089023357257247
GraphSAGE,23,test_98,relational,0.9997482299804688,0.15277034044265747
GraphSAGE,23,test_99,relational,0.9999313354492188,0.002089023357257247
GraphSAGE,23,test_100,relational,0.9997482299804688,0.08164224028587341
GraphSAGE,23,test_101,relational,0.999697208404541,0.0036121574230492115
GraphSAGE,23,test_102,relational,0.999697208404541,0.0036121592856943607
GraphSAGE,23,test_103,relational,0.9996381998062134,0.1142423152923584
GraphSAGE,23,test_104,relational,0.9997482299804688,0.08164223283529282
GraphSAGE,23,test_105,relational,0.9997482299804688,0.1527702808380127
GraphSAGE,23,test_106,relational,0.999697208404541,0.003204370616003871
GraphSAGE,23,test_107,relational,0.9996381998062134,0.11424236744642258
GraphSAGE,23,test_108,relational,0.9999313354492188,0.0020890242885798216
GraphSAGE,23,test_109,relational,0.9996381998062134,0.1142423152923584
GraphSAGE,23,test_110,relational,0.999697208404541,0.003204370616003871
GraphSAGE,23,test_111,relational,0.9999313354492188,0.0012607445241883397
GraphSAGE,23,test_112,relational,0.999697208404541,0.003612156491726637
GraphSAGE,23,test_113,relational,0.9999313354492188,0.0012607445241883397
GraphSAGE,23,test_114,relational,0.9997482299804688,0.0816422551870346
GraphSAGE,23,test_115,relational,0.9996381998062134,0.09943109005689621
GraphSAGE,23,test_116,relational,0.9996381998062134,0.099431112408638
GraphSAGE,23,test_117,relational,0.9999313354492188,0.0012607445241883397
GraphSAGE,23,test_118,relational,0.999697208404541,0.003204370616003871
GraphSAGE,23,test_119,relational,0.9997482299804688,0.08164222538471222
GraphSAGE,23,test_120,relational,0.9996381998062134,0.11424234509468079
GraphSAGE,23,test_121,relational,0.9997482299804688,0.1527702808380127
GraphSAGE,23,test_122,relational,0.9999313354492188,0.0012607445241883397
GraphSAGE,23,test_123,relational,0.9997482299804688,0.08164224028587341
GraphSAGE,23,test_124,relational,0.9996381998062134,0.09943107515573502
GraphSAGE,23,test_125,relational,0.9997482299804688,0.1527702808380127
GraphSAGE,23,test_126,relational,0.9999313354492188,0.002089023357257247
GraphSAGE,23,test_127,relational,0.9997482299804688,0.0816422551870346
GraphSAGE,23,test_0,irrelevant,0.0,0.0
GraphSAGE,23,test_1,irrelevant,0.0,0.0
GraphSAGE,23,test_2,irrelevant,0.0,0.0
GraphSAGE,23,test_3,irrelevant,0.0,0.0
GraphSAGE,23,test_4,irrelevant,0.0,0.0
GraphSAGE,23,test_5,irrelevant,0.0,0.0
GraphSAGE,23,test_6,irrelevant,0.0,0.0
GraphSAGE,23,test_7,irrelevant,0.0,0.0
GraphSAGE,23,test_8,irrelevant,0.0,0.0
GraphSAGE,23,test_9,irrelevant,0.0,0.0
GraphSAGE,23,test_10,irrelevant,0.0,0.0
GraphSAGE,23,test_11,irrelevant,0.0,0.0
GraphSAGE,23,test_12,irrelevant,0.0,0.0
GraphSAGE,23,test_13,irrelevant,0.0,0.0
GraphSAGE,23,test_14,irrelevant,0.0,0.0
GraphSAGE,23,test_15,irrelevant,0.0,0.0
GraphSAGE,23,test_16,irrelevant,0.0,0.0
GraphSAGE,23,test_17,irrelevant,0.0,0.0
GraphSAGE,23,test_18,irrelevant,0.0,0.0
GraphSAGE,23,test_19,irrelevant,0.0,0.0
GraphSAGE,23,test_20,irrelevant,0.0,0.0
GraphSAGE,23,test_21,irrelevant,0.0,0.0
GraphSAGE,23,test_22,irrelevant,0.0,0.0
GraphSAGE,23,test_23,irrelevant,0.0,0.0
GraphSAGE,23,test_24,irrelevant,0.0,0.0
GraphSAGE,23,test_25,irrelevant,0.0,0.0
GraphSAGE,23,test_26,irrelevant,0.0,0.0
GraphSAGE,23,test_27,irrelevant,0.0,0.0
GraphSAGE,23,test_28,irrelevant,0.0,0.0
GraphSAGE,23,test_29,irrelevant,0.0,0.0
GraphSAGE,23,test_30,irrelevant,0.0,0.0
GraphSAGE,23,test_31,irrelevant,0.0,0.0
GraphSAGE,23,test_32,irrelevant,0.0,0.0
GraphSAGE,23,test_33,irrelevant,0.0,0.0
GraphSAGE,23,test_34,irrelevant,0.0,0.0
GraphSAGE,23,test_35,irrelevant,0.0,0.0
GraphSAGE,23,test_36,irrelevant,0.0,0.0
GraphSAGE,23,test_37,irrelevant,0.0,0.0
GraphSAGE,23,test_38,irrelevant,0.0,0.0
GraphSAGE,23,test_39,irrelevant,0.0,0.0
GraphSAGE,23,test_40,irrelevant,0.0,0.0
GraphSAGE,23,test_41,irrelevant,0.0,0.0
GraphSAGE,23,test_42,irrelevant,0.0,0.0
GraphSAGE,23,test_43,irrelevant,0.0,0.0
GraphSAGE,23,test_44,irrelevant,0.0,0.0
GraphSAGE,23,test_45,irrelevant,0.0,0.0
GraphSAGE,23,test_46,irrelevant,0.0,0.0
GraphSAGE,23,test_47,irrelevant,0.0,0.0
GraphSAGE,23,test_48,irrelevant,0.0,0.0
GraphSAGE,23,test_49,irrelevant,0.0,0.0
GraphSAGE,23,test_50,irrelevant,0.0,0.0
GraphSAGE,23,test_51,irrelevant,0.0,0.0
GraphSAGE,23,test_52,irrelevant,0.0,0.0
GraphSAGE,23,test_53,irrelevant,0.0,0.0
GraphSAGE,23,test_54,irrelevant,0.0,0.0
GraphSAGE,23,test_55,irrelevant,0.0,0.0
GraphSAGE,23,test_56,irrelevant,0.0,0.0
GraphSAGE,23,test_57,irrelevant,0.0,0.0
GraphSAGE,23,test_58,irrelevant,0.0,0.0
GraphSAGE,23,test_59,irrelevant,0.0,0.0
GraphSAGE,23,test_60,irrelevant,0.0,0.0
GraphSAGE,23,test_61,irrelevant,0.0,0.0
GraphSAGE,23,test_62,irrelevant,0.0,0.0
GraphSAGE,23,test_63,irrelevant,0.0,0.0
GraphSAGE,23,test_64,irrelevant,0.0,0.0
GraphSAGE,23,test_65,irrelevant,0.0,0.0
GraphSAGE,23,test_66,irrelevant,0.0,0.0
GraphSAGE,23,test_67,irrelevant,0.0,0.0
GraphSAGE,23,test_68,irrelevant,0.0,0.0
GraphSAGE,23,test_69,irrelevant,0.0,0.0
GraphSAGE,23,test_70,irrelevant,0.0,0.0
GraphSAGE,23,test_71,irrelevant,0.0,0.0
GraphSAGE,23,test_72,irrelevant,0.0,0.0
GraphSAGE,23,test_73,irrelevant,0.0,0.0
GraphSAGE,23,test_74,irrelevant,0.0,0.0
GraphSAGE,23,test_75,irrelevant,0.0,0.0
GraphSAGE,23,test_76,irrelevant,0.0,0.0
GraphSAGE,23,test_77,irrelevant,0.0,0.0
GraphSAGE,23,test_78,irrelevant,0.0,0.0
GraphSAGE,23,test_79,irrelevant,0.0,0.0
GraphSAGE,23,test_80,irrelevant,0.0,0.0
GraphSAGE,23,test_81,irrelevant,0.0,0.0
GraphSAGE,23,test_82,irrelevant,0.0,0.0
GraphSAGE,23,test_83,irrelevant,0.0,0.0
GraphSAGE,23,test_84,irrelevant,0.0,0.0
GraphSAGE,23,test_85,irrelevant,0.0,0.0
GraphSAGE,23,test_86,irrelevant,0.0,0.0
GraphSAGE,23,test_87,irrelevant,0.0,0.0
GraphSAGE,23,test_88,irrelevant,0.0,0.0
GraphSAGE,23,test_89,irrelevant,0.0,0.0
GraphSAGE,23,test_90,irrelevant,0.0,0.0
GraphSAGE,23,test_91,irrelevant,0.0,0.0
GraphSAGE,23,test_92,irrelevant,0.0,0.0
GraphSAGE,23,test_93,irrelevant,0.0,0.0
GraphSAGE,23,test_94,irrelevant,0.0,0.0
GraphSAGE,23,test_95,irrelevant,0.0,0.0
GraphSAGE,23,test_96,irrelevant,0.0,0.0
GraphSAGE,23,test_97,irrelevant,0.0,0.0
GraphSAGE,23,test_98,irrelevant,0.0,0.0
GraphSAGE,23,test_99,irrelevant,0.0,0.0
GraphSAGE,23,test_100,irrelevant,0.0,0.0
GraphSAGE,23,test_101,irrelevant,0.0,0.0
GraphSAGE,23,test_102,irrelevant,0.0,0.0
GraphSAGE,23,test_103,irrelevant,0.0,0.0
GraphSAGE,23,test_104,irrelevant,0.0,0.0
GraphSAGE,23,test_105,irrelevant,0.0,0.0
GraphSAGE,23,test_106,irrelevant,0.0,0.0
GraphSAGE,23,test_107,irrelevant,0.0,0.0
GraphSAGE,23,test_108,irrelevant,0.0,0.0
GraphSAGE,23,test_109,irrelevant,0.0,0.0
GraphSAGE,23,test_110,irrelevant,0.0,0.0
GraphSAGE,23,test_111,irrelevant,0.0,0.0
GraphSAGE,23,test_112,irrelevant,0.0,0.0
GraphSAGE,23,test_113,irrelevant,0.0,0.0
GraphSAGE,23,test_114,irrelevant,0.0,0.0
GraphSAGE,23,test_115,irrelevant,0.0,0.0
GraphSAGE,23,test_116,irrelevant,0.0,0.0
GraphSAGE,23,test_117,irrelevant,0.0,0.0
GraphSAGE,23,test_118,irrelevant,0.0,0.0
GraphSAGE,23,test_119,irrelevant,0.0,0.0
GraphSAGE,23,test_120,irrelevant,0.0,0.0
GraphSAGE,23,test_121,irrelevant,0.0,0.0
GraphSAGE,23,test_122,irrelevant,0.0,0.0
GraphSAGE,23,test_123,irrelevant,0.0,0.0
GraphSAGE,23,test_124,irrelevant,0.0,0.0
GraphSAGE,23,test_125,irrelevant,0.0,0.0
GraphSAGE,23,test_126,irrelevant,0.0,0.0
GraphSAGE,23,test_127,irrelevant,0.0,0.0
GraphSAGE,37,test_0,used,0.9999154210090637,0.01452672854065895
GraphSAGE,37,test_1,used,0.9999821782112122,0.04537566006183624
GraphSAGE,37,test_2,used,0.9999821782112122,0.04537566378712654
GraphSAGE,37,test_3,used,0.9999154210090637,0.014664730057120323
GraphSAGE,37,test_4,used,0.9999154210090637,0.014664726331830025
GraphSAGE,37,test_5,used,0.9997438192367554,0.020201753824949265
GraphSAGE,37,test_6,used,0.9999821782112122,0.0015321687096729875
GraphSAGE,37,test_7,used,0.9999669194221497,0.0025808545760810375
GraphSAGE,37,test_8,used,0.9999154210090637,0.01452672854065895
GraphSAGE,37,test_9,used,0.9999821782112122,0.0015321689425036311
GraphSAGE,37,test_10,used,0.9997438192367554,0.020105313509702682
GraphSAGE,37,test_11,used,0.9999669194221497,0.002580855041742325
GraphSAGE,37,test_12,used,0.9999669194221497,0.0025808545760810375
GraphSAGE,37,test_13,used,0.9999669194221497,0.0025808564387261868
GraphSAGE,37,test_14,used,0.9999821782112122,0.04537566378712654
GraphSAGE,37,test_15,used,0.9999669194221497,0.05918581038713455
GraphSAGE,37,test_16,used,0.9999669194221497,0.002580855740234256
GraphSAGE,37,test_17,used,0.9999669194221497,0.002580855041742325
GraphSAGE,37,test_18,used,0.9999821782112122,0.0015321687096729875
GraphSAGE,37,test_19,used,0.9997438192367554,0.02010532096028328
GraphSAGE,37,test_20,used,0.9999821782112122,0.04537566006183624
GraphSAGE,37,test_21,used,0.9997438192367554,0.02010532096028328
GraphSAGE,37,test_22,used,0.9997438192367554,0.02010532096028328
GraphSAGE,37,test_23,used,0.9999154210090637,0.014664730057120323
GraphSAGE,37,test_24,used,0.9999154210090637,0.01452672854065895
GraphSAGE,37,test_25,used,0.9999821782112122,0.0015321684768423438
GraphSAGE,37,test_26,used,0.9997438192367554,0.02020176500082016
GraphSAGE,37,test_27,used,0.9999154210090637,0.01452672854065895
GraphSAGE,37,test_28,used,0.9999669194221497,0.05918582156300545
GraphSAGE,37,test_29,used,0.9999821782112122,0.04537564888596535
GraphSAGE,37,test_30,used,0.9997438192367554,0.02020176127552986
GraphSAGE,37,test_31,used,0.9997438192367554,0.02020176500082016
GraphSAGE,37,test_32,used,0.9999669194221497,0.05918581038713455
GraphSAGE,37,test_33,used,0.9997438192367554,0.02020176127552986
GraphSAGE,37,test_34,used,0.9999154210090637,0.01452672854065895
GraphSAGE,37,test_35,used,0.9997438192367554,0.02020176500082016
GraphSAGE,37,test_36,used,0.9999821782112122,0.04537566006183624
GraphSAGE,37,test_37,used,0.9999154210090637,0.01452673226594925
GraphSAGE,37,test_38,used,0.9999821782112122,0.04537564888596535
GraphSAGE,37,test_39,used,0.9999154210090637,0.014664730057120323
GraphSAGE,37,test_40,used,0.9997438192367554,0.020201757550239563
GraphSAGE,37,test_41,used,0.9997438192367554,0.020201753824949265
GraphSAGE,37,test_42,used,0.9997438192367554,0.02010532096028328
GraphSAGE,37,test_43,used,0.9997438192367554,0.02010532096028328
GraphSAGE,37,test_44,used,0.9999669194221497,0.0025808564387261868
GraphSAGE,37,test_45,used,0.9999154210090637,0.014526724815368652
GraphSAGE,37,test_46,used,0.9997438192367554,0.020201757550239563
GraphSAGE,37,test_47,used,0.9999821782112122,0.0015321684768423438
GraphSAGE,37,test_48,used,0.9999821782112122,0.0015321684768423438
GraphSAGE,37,test_49,used,0.9997438192367554,0.02020176127552986
GraphSAGE,37,test_50,used,0.9999821782112122,0.0015321687096729875
GraphSAGE,37,test_51,used,0.9999154210090637,0.01452672854065895
GraphSAGE,37,test_52,used,0.9997438192367554,0.02010532096028328
GraphSAGE,37,test_53,used,0.9997438192367554,0.02010532096028328
GraphSAGE,37,test_54,used,0.9999154210090637,0.01452672854065895
GraphSAGE,37,test_55,used,0.9999669194221497,0.059185732156038284
GraphSAGE,37,test_56,used,0.9997438192367554,0.02010532096028328
GraphSAGE,37,test_57,used,0.9999154210090637,0.014664730057120323
GraphSAGE,37,test_58,used,0.9999154210090637,0.014664723537862301
GraphSAGE,37,test_59,used,0.9997438192367554,0.02010532096028328
GraphSAGE,37,test_60,used,0.9999669194221497,0.05918581038713455
GraphSAGE,37,test_61,used,0.9999821782112122,0.04537566378712654
GraphSAGE,37,test_62,used,0.9999821782112122,0.001532169058918953
GraphSAGE,37,test_63,used,0.9999669194221497,0.0025808545760810375
GraphSAGE,37,test_64,used,0.9999154210090637,0.014664723537862301
GraphSAGE,37,test_65,used,0.9999154210090637,0.01452673226594925
GraphSAGE,37,test_66,used,0.9999154210090637,0.014664730057120323
GraphSAGE,37,test_67,used,0.9999154210090637,0.01452672854065895
GraphSAGE,37,test_68,used,0.9999821782112122,0.0015321684768423438
GraphSAGE,37,test_69,used,0.9999669194221497,0.059185732156038284
GraphSAGE,37,test_70,used,0.9999669194221497,0.002580855740234256
GraphSAGE,37,test_71,used,0.9999669194221497,0.05918582156300545
GraphSAGE,37,test_72,used,0.9999669194221497,0.002580854808911681
GraphSAGE,37,test_73,used,0.9999821782112122,0.0015321684768423438
GraphSAGE,37,test_74,used,0.9999821782112122,0.04537564888596535
GraphSAGE,37,test_75,used,0.9999154210090637,0.014664723537862301
GraphSAGE,37,test_76,used,0.9999154210090637,0.014664726331830025
GraphSAGE,37,test_77,used,0.9999821782112122,0.04537566006183624
GraphSAGE,37,test_78,used,0.9999669194221497,0.059185802936553955
GraphSAGE,37,test_79,used,0.9999669194221497,0.05918572098016739
GraphSAGE,37,test_80,used,0.9999821782112122,0.04537567123770714
GraphSAGE,37,test_81,used,0.9997438192367554,0.020105313509702682
GraphSAGE,37,test_82,used,0.9999669194221497,0.059185728430747986
GraphSAGE,37,test_83,used,0.9997438192367554,0.02010532096028328
GraphSAGE,37,test_84,used,0.9997438192367554,0.02020176127552986
GraphSAGE,37,test_85,used,0.9999821782112122,0.0015321688260883093
GraphSAGE,37,test_86,used,0.9999821782112122,0.0015321687096729875
GraphSAGE,37,test_87,used,0.9997438192367554,0.020201757550239563
GraphSAGE,37,test_88,used,0.9999821782112122,0.04537567123770714
GraphSAGE,37,test_89,used,0.9999154210090637,0.01452672854065895
GraphSAGE,37,test_90,used,0.9999154210090637,0.014664730057120323
GraphSAGE,37,test_91,used,0.9999154210090637,0.01452672854065895
GraphSAGE,37,test_92,used,0.9999669194221497,0.002580854808911681
GraphSAGE,37,test_93,used,0.9999821782112122,0.04537566006183624
GraphSAGE,37,test_94,used,0.9999154210090637,0.014664730057120323
GraphSAGE,37,test_95,used,0.9999821782112122,0.0015321684768423438
GraphSAGE,37,test_96,used,0.9999669194221497,0.002580854808911681
GraphSAGE,37,test_97,used,0.9997438192367554,0.02020176500082016
GraphSAGE,37,test_98,used,0.9997438192367554,0.02010532096028328
GraphSAGE,37,test_99,used,0.9997438192367554,0.02020176500082016
GraphSAGE,37,test_100,used,0.9999669194221497,0.059185829013586044
GraphSAGE,37,test_101,used,0.9999154210090637,0.01452672854065895
GraphSAGE,37,test_102,used,0.9999154210090637,0.01452672854065895
GraphSAGE,37,test_103,used,0.9999154210090637,0.014664730057120323
GraphSAGE,37,test_104,used,0.9999669194221497,0.05918573960661888
GraphSAGE,37,test_105,used,0.9997438192367554,0.02010532096028328
GraphSAGE,37,test_106,used,0.9999821782112122,0.0015321681275963783
GraphSAGE,37,test_107,used,0.9999154210090637,0.014664730057120323
GraphSAGE,37,test_108,used,0.9997438192367554,0.02020176500082016
GraphSAGE,37,test_109,used,0.9999154210090637,0.014664730057120323
GraphSAGE,37,test_110,used,0.9999821782112122,0.0015321687096729875
GraphSAGE,37,test_111,used,0.9999669194221497,0.002580855041742325
GraphSAGE,37,test_112,used,0.9999154210090637,0.01452672854065895
GraphSAGE,37,test_113,used,0.9999669194221497,0.002580854808911681
GraphSAGE,37,test_114,used,0.9999669194221497,0.059185732156038284
GraphSAGE,37,test_115,used,0.9999821782112122,0.04537566006183624
GraphSAGE,37,test_116,used,0.9999821782112122,0.04537566378712654
GraphSAGE,37,test_117,used,0.9999669194221497,0.002580854343250394
GraphSAGE,37,test_118,used,0.9999821782112122,0.0015321684768423438
GraphSAGE,37,test_119,used,0.9999669194221497,0.05918572098016739
GraphSAGE,37,test_120,used,0.9999154210090637,0.014664726331830025
GraphSAGE,37,test_121,used,0.9997438192367554,0.020105313509702682
GraphSAGE,37,test_122,used,0.9999669194221497,0.002580854808911681
GraphSAGE,37,test_123,used,0.9999669194221497,0.05918581038713455
GraphSAGE,37,test_124,used,0.9999821782112122,0.04537566006183624
GraphSAGE,37,test_125,used,0.9997438192367554,0.02010532096028328
GraphSAGE,37,test_126,used,0.9997438192367554,0.02020176500082016
GraphSAGE,37,test_127,used,0.9999669194221497,0.059185802936553955
GraphSAGE,37,test_0,unused,0.00015895314572844654,8.684357453603297e-06
GraphSAGE,37,test_1,unused,3.661340451799333e-05,4.287826413928997e-07
GraphSAGE,37,test_2,unused,3.661340451799333e-05,4.2876092720689485e-07
GraphSAGE,37,test_3,unused,5.105163290863857e-05,4.5353563109529205e-06
GraphSAGE,37,test_4,unused,5.105167656438425e-05,4.5353804125625174e-06
GraphSAGE,37,test_5,unused,0.000158953174832277,3.5337325243745e-05
GraphSAGE,37,test_6,unused,1.2602009519468993e-05,2.771526169453864e-06
GraphSAGE,37,test_7,unused,1.2602009519468993e-05,3.3057365271815797e-06
GraphSAGE,37,test_8,unused,0.0001589532766956836,8.684357453603297e-06
GraphSAGE,37,test_9,unused,1.2602095921465661e-05,2.7715259420801885e-06
GraphSAGE,37,test_10,unused,5.105163290863857e-05,8.5748870333191e-06
GraphSAGE,37,test_11,unused,1.2602008609974291e-05,3.305735617686878e-06
GraphSAGE,37,test_12,unused,1.2602009519468993e-05,3.3057365271815797e-06
GraphSAGE,37,test_13,unused,1.2602009519468993e-05,3.3056410302378936e-06
GraphSAGE,37,test_14,unused,3.6613349948311225e-05,4.2876263250946067e-07
GraphSAGE,37,test_15,unused,3.6613309930544347e-05,7.502870857933885e-07
GraphSAGE,37,test_16,unused,1.2601921298482921e-05,3.3057435757655185e-06
GraphSAGE,37,test_17,unused,1.2601921298482921e-05,3.3057435757655185e-06
GraphSAGE,37,test_18,unused,1.2602009519468993e-05,2.771533445411478e-06
GraphSAGE,37,test_19,unused,5.1051683840341866e-05,8.57501527207205e-06
GraphSAGE,37,test_20,unused,3.661331720650196e-05,4.2876354200416245e-07
GraphSAGE,37,test_21,unused,5.105162563268095e-05,8.574950697948225e-06
GraphSAGE,37,test_22,unused,5.105164018459618e-05,8.575002539146226e-06
GraphSAGE,37,test_23,unused,5.105162563268095e-05,4.535363132163184e-06
GraphSAGE,37,test_24,unused,0.00015895308752078563,8.684344720677473e-06
GraphSAGE,37,test_25,unused,1.2602009519468993e-05,2.771533445411478e-06
GraphSAGE,37,test_26,unused,0.0001589532766956836,3.5337267036084086e-05
GraphSAGE,37,test_27,unused,0.0001589532766956836,8.68438473844435e-06
GraphSAGE,37,test_28,unused,3.661339724203572e-05,7.503343795178807e-07
GraphSAGE,37,test_29,unused,3.661340451799333e-05,4.2874717109953053e-07
GraphSAGE,37,test_30,unused,0.0001589532766956836,3.5337267036084086e-05
GraphSAGE,37,test_31,unused,0.0001589532766956836,3.5337267036084086e-05
GraphSAGE,37,test_32,unused,3.6613375414162874e-05,7.503016377086169e-07
GraphSAGE,37,test_33,unused,0.0001589532766956836,3.5337267036084086e-05
GraphSAGE,37,test_34,unused,0.00015895313117653131,8.684344720677473e-06
GraphSAGE,37,test_35,unused,0.0001589532766956836,3.5337267036084086e-05
GraphSAGE,37,test_36,unused,3.661331720650196e-05,4.287353476684075e-07
GraphSAGE,37,test_37,unused,0.0001589532766956836,8.684397471370175e-06
GraphSAGE,37,test_38,unused,3.661336813820526e-05,4.287689989723731e-07
GraphSAGE,37,test_39,unused,5.105167656438425e-05,4.535356765700271e-06
GraphSAGE,37,test_40,unused,0.00015895313117653131,3.533725248416886e-05
GraphSAGE,37,test_41,unused,0.00015895304386503994,3.533730341587216e-05
GraphSAGE,37,test_42,unused,5.105163290863857e-05,8.575002539146226e-06
GraphSAGE,37,test_43,unused,5.105162563268095e-05,8.574950697948225e-06
GraphSAGE,37,test_44,unused,1.2602009519468993e-05,3.305735617686878e-06
GraphSAGE,37,test_45,unused,0.00015895321848802269,8.684357453603297e-06
GraphSAGE,37,test_46,unused,0.0001589532766956836,3.5337267036084086e-05
GraphSAGE,37,test_47,unused,1.2602009519468993e-05,2.771533445411478e-06
GraphSAGE,37,test_48,unused,1.2602010428963695e-05,2.771533445411478e-06
GraphSAGE,37,test_49,unused,0.0001589532766956836,3.5337267036084086e-05
GraphSAGE,37,test_50,unused,1.2602009519468993e-05,2.771533445411478e-06
GraphSAGE,37,test_51,unused,0.00015895313117653131,8.684362910571508e-06
GraphSAGE,37,test_52,unused,5.105163290863857e-05,8.574941603001207e-06
GraphSAGE,37,test_53,unused,5.1051683840341866e-05,8.574950697948225e-06
GraphSAGE,37,test_54,unused,0.00015895314572844654,8.684357453603297e-06
GraphSAGE,37,test_55,unused,3.661340451799333e-05,7.503198276026524e-07
GraphSAGE,37,test_56,unused,5.105167656438425e-05,8.574950697948225e-06
GraphSAGE,37,test_57,unused,5.1051621994702145e-05,4.5353563109529205e-06
GraphSAGE,37,test_58,unused,5.1051621994702145e-05,4.5353563109529205e-06
GraphSAGE,37,test_59,unused,5.105163290863857e-05,8.574950697948225e-06
GraphSAGE,37,test_60,unused,3.661336813820526e-05,7.502870857933885e-07
GraphSAGE,37,test_61,unused,3.661338269012049e-05,4.2877081796177663e-07
GraphSAGE,37,test_62,unused,1.2602010428963695e-05,2.7715336727851536e-06
GraphSAGE,37,test_63,unused,1.2601921298482921e-05,3.3057435757655185e-06
GraphSAGE,37,test_64,unused,5.105165473651141e-05,4.535322204901604e-06
GraphSAGE,37,test_65,unused,0.0001589532766956836,8.684397471370175e-06
GraphSAGE,37,test_66,unused,5.1051621994702145e-05,4.535324478638358e-06
GraphSAGE,37,test_67,unused,0.00015895321848802269,8.68438473844435e-06
GraphSAGE,37,test_68,unused,1.2601819435076322e-05,2.7714386305888183e-06
GraphSAGE,37,test_69,unused,3.661336813820526e-05,7.503016377086169e-07
GraphSAGE,37,test_70,unused,1.2602009519468993e-05,3.3057365271815797e-06
GraphSAGE,37,test_71,unused,3.661340815597214e-05,7.503016377086169e-07
GraphSAGE,37,test_72,unused,1.2602097740455065e-05,3.3057365271815797e-06
GraphSAGE,37,test_73,unused,1.2602010428963695e-05,2.7714386305888183e-06
GraphSAGE,37,test_74,unused,3.661339724203572e-05,4.2879597117462254e-07
GraphSAGE,37,test_75,unused,5.105165473651141e-05,4.535322204901604e-06
GraphSAGE,37,test_76,unused,5.105161471874453e-05,4.53538677902543e-06
GraphSAGE,37,test_77,unused,3.6613309930544347e-05,4.287826413928997e-07
GraphSAGE,37,test_78,unused,3.6613324482459575e-05,7.503198276026524e-07
GraphSAGE,37,test_79,unused,3.66133390343748e-05,7.50305275687424e-07
GraphSAGE,37,test_80,unused,3.66133899660781e-05,4.2876263250946067e-07
GraphSAGE,37,test_81,unused,5.105162563268095e-05,8.574950697948225e-06
GraphSAGE,37,test_82,unused,3.66133899660781e-05,7.503343795178807e-07
GraphSAGE,37,test_83,unused,5.105169111629948e-05,8.574890671297908e-06
GraphSAGE,37,test_84,unused,0.0001589532766956836,3.5337267036084086e-05
GraphSAGE,37,test_85,unused,1.260219232790405e-05,2.771715571725508e-06
GraphSAGE,37,test_86,unused,1.2602009519468993e-05,2.7715332180378027e-06
GraphSAGE,37,test_87,unused,0.00015895314572844654,3.533725248416886e-05
GraphSAGE,37,test_88,unused,3.661336813820526e-05,4.2876081352005713e-07
GraphSAGE,37,test_89,unused,0.0001589532766956836,8.684402928338386e-06
GraphSAGE,37,test_90,unused,5.105162563268095e-05,4.53538677902543e-06
GraphSAGE,37,test_91,unused,0.00015895321848802269,8.684357453603297e-06
GraphSAGE,37,test_92,unused,1.2602009519468993e-05,3.3058317967515904e-06
GraphSAGE,37,test_93,unused,3.661336813820526e-05,4.287689989723731e-07
GraphSAGE,37,test_94,unused,5.105163290863857e-05,4.5353563109529205e-06
GraphSAGE,37,test_95,unused,1.2601921298482921e-05,2.771533445411478e-06
GraphSAGE,37,test_96,unused,1.2602009519468993e-05,3.3058317967515904e-06
GraphSAGE,37,test_97,unused,0.0001589532766956836,3.5337267036084086e-05
GraphSAGE,37,test_98,unused,5.1051683840341866e-05,8.574941603001207e-06
GraphSAGE,37,test_99,unused,0.00015895313117653131,3.533725248416886e-05
GraphSAGE,37,test_100,unused,3.661336813820526e-05,7.503341521442053e-07
GraphSAGE,37,test_101,unused,0.0001589532766956836,8.684357453603297e-06
GraphSAGE,37,test_102,unused,0.00015895310207270086,8.684357453603297e-06
GraphSAGE,37,test_103,unused,5.105163290863857e-05,4.535324478638358e-06
GraphSAGE,37,test_104,unused,3.661336813820526e-05,7.503016377086169e-07
GraphSAGE,37,test_105,unused,5.105163290863857e-05,8.574950697948225e-06
GraphSAGE,37,test_106,unused,1.2602009519468993e-05,2.7715336727851536e-06
GraphSAGE,37,test_107,unused,5.105164018459618e-05,4.535324478638358e-06
GraphSAGE,37,test_108,unused,0.0001589532766956836,3.5337267036084086e-05
GraphSAGE,37,test_109,unused,5.1051683840341866e-05,4.535324478638358e-06
GraphSAGE,37,test_110,unused,1.2601819435076322e-05,2.7716284876078134e-06
GraphSAGE,37,test_111,unused,1.260219232790405e-05,3.3057365271815797e-06
GraphSAGE,37,test_112,unused,0.0001589532766956836,8.684344720677473e-06
GraphSAGE,37,test_113,unused,1.2602009519468993e-05,3.3058317967515904e-06
GraphSAGE,37,test_114,unused,3.661327718873508e-05,7.503016377086169e-07
GraphSAGE,37,test_115,unused,3.66133390343748e-05,4.287826413928997e-07
GraphSAGE,37,test_116,unused,3.661335722426884e-05,4.2876263250946067e-07
GraphSAGE,37,test_117,unused,1.2602010428963695e-05,3.3057365271815797e-06
GraphSAGE,37,test_118,unused,1.2601819435076322e-05,2.7714386305888183e-06
GraphSAGE,37,test_119,unused,3.661336813820526e-05,7.503016377086169e-07
GraphSAGE,37,test_120,unused,5.105163290863857e-05,4.5353799578151666e-06
GraphSAGE,37,test_121,unused,5.105163290863857e-05,8.5748870333191e-06
GraphSAGE,37,test_122,unused,1.2602010428963695e-05,3.3057365271815797e-06
GraphSAGE,37,test_123,unused,3.661335358629003e-05,7.50333867927111e-07
GraphSAGE,37,test_124,unused,3.661336813820526e-05,4.287968806693243e-07
GraphSAGE,37,test_125,unused,5.105163290863857e-05,8.575002539146226e-06
GraphSAGE,37,test_126,unused,0.0001589532766956836,3.5337267036084086e-05
GraphSAGE,37,test_127,unused,3.661336813820526e-05,7.503016377086169e-07
GraphSAGE,37,test_0,relational,0.9997248649597168,0.025679633021354675
GraphSAGE,37,test_1,relational,0.9999405741691589,0.0018509782385081053
GraphSAGE,37,test_2,relational,0.9999405741691589,0.0018509787041693926
GraphSAGE,37,test_3,relational,0.9999405741691589,0.0005663790507242084
GraphSAGE,37,test_4,relational,0.9999405741691589,0.0005663790507242084
GraphSAGE,37,test_5,relational,0.9996802806854248,0.019611595198512077
GraphSAGE,37,test_6,relational,0.9997248649597168,0.03247619792819023
GraphSAGE,37,test_7,relational,0.9996802806854248,0.04558003321290016
GraphSAGE,37,test_8,relational,0.9997248649597168,0.025679567828774452
GraphSAGE,37,test_9,relational,0.9997248649597168,0.03247619792819023
GraphSAGE,37,test_10,relational,0.9999125003814697,0.000689099368173629
GraphSAGE,37,test_11,relational,0.9996802806854248,0.04558003321290016
GraphSAGE,37,test_12,relational,0.9996802806854248,0.04558003321290016
GraphSAGE,37,test_13,relational,0.9996802806854248,0.04558011144399643
GraphSAGE,37,test_14,relational,0.9999405741691589,0.0018509787041693926
GraphSAGE,37,test_15,relational,0.9999125003814697,0.0027247825637459755
GraphSAGE,37,test_16,relational,0.9996802806854248,0.04558003321290016
GraphSAGE,37,test_17,relational,0.9996802806854248,0.045580022037029266
GraphSAGE,37,test_18,relational,0.9997248649597168,0.03247619792819023
GraphSAGE,37,test_19,relational,0.9999125003814697,0.0006890396471135318
GraphSAGE,37,test_20,relational,0.9999405741691589,0.0018509787041693926
GraphSAGE,37,test_21,relational,0.9999125003814697,0.0006890996592119336
GraphSAGE,37,test_22,relational,0.9999125003814697,0.0006890996592119336
GraphSAGE,37,test_23,relational,0.9999405741691589,0.0005663790507242084
GraphSAGE,37,test_24,relational,0.9997248649597168,0.025679567828774452
GraphSAGE,37,test_25,relational,0.9997248649597168,0.03247613459825516
GraphSAGE,37,test_26,relational,0.9996802806854248,0.019611598923802376
GraphSAGE,37,test_27,relational,0.9997248649597168,0.025679633021354675
GraphSAGE,37,test_28,relational,0.9999125003814697,0.002724782098084688
GraphSAGE,37,test_29,relational,0.9999405741691589,0.0018509782385081053
GraphSAGE,37,test_30,relational,0.9996802806854248,0.019611595198512077
GraphSAGE,37,test_31,relational,0.9996802806854248,0.019611598923802376
GraphSAGE,37,test_32,relational,0.9999125003814697,0.002724782098084688
GraphSAGE,37,test_33,relational,0.9996802806854248,0.019611598923802376
GraphSAGE,37,test_34,relational,0.9997248649597168,0.025679633021354675
GraphSAGE,37,test_35,relational,0.9996802806854248,0.019611598923802376
GraphSAGE,37,test_36,relational,0.9999405741691589,0.0018509787041693926
GraphSAGE,37,test_37,relational,0.9997248649597168,0.025679567828774452
GraphSAGE,37,test_38,relational,0.9999405741691589,0.0018509787041693926
GraphSAGE,37,test_39,relational,0.9999405741691589,0.0005663790507242084
GraphSAGE,37,test_40,relational,0.9996802806854248,0.01961159147322178
GraphSAGE,37,test_41,relational,0.9996802806854248,0.019611597061157227
GraphSAGE,37,test_42,relational,0.9999125003814697,0.0006890996592119336
GraphSAGE,37,test_43,relational,0.9999125003814697,0.0006890996592119336
GraphSAGE,37,test_44,relational,0.9996802806854248,0.04558004438877106
GraphSAGE,37,test_45,relational,0.9997248649597168,0.025679567828774452
GraphSAGE,37,test_46,relational,0.9996802806854248,0.01961159147322178
GraphSAGE,37,test_47,relational,0.9997248649597168,0.03247619792819023
GraphSAGE,37,test_48,relational,0.9997248649597168,0.03247620537877083
GraphSAGE,37,test_49,relational,0.9996802806854248,0.019611595198512077
GraphSAGE,37,test_50,relational,0.9997248649597168,0.03247619792819023
GraphSAGE,37,test_51,relational,0.9997248649597168,0.025679567828774452
GraphSAGE,37,test_52,relational,0.9999125003814697,0.0006890394724905491
GraphSAGE,37,test_53,relational,0.9999125003814697,0.0006890396471135318
GraphSAGE,37,test_54,relational,0.9997248649597168,0.025679633021354675
GraphSAGE,37,test_55,relational,0.9999125003814697,0.0027247832622379065
GraphSAGE,37,test_56,relational,0.9999125003814697,0.00068909942638129
GraphSAGE,37,test_57,relational,0.9999405741691589,0.0005663788761012256
GraphSAGE,37,test_58,relational,0.9999405741691589,0.0005663788178935647
GraphSAGE,37,test_59,relational,0.9999125003814697,0.0006890996592119336
GraphSAGE,37,test_60,relational,0.9999125003814697,0.002724782098084688
GraphSAGE,37,test_61,relational,0.9999405741691589,0.0018509787041693926
GraphSAGE,37,test_62,relational,0.9997248649597168,0.03247619792819023
GraphSAGE,37,test_63,relational,0.9996802806854248,0.04558003321290016
GraphSAGE,37,test_64,relational,0.9999405741691589,0.0005663790507242084
GraphSAGE,37,test_65,relational,0.9997248649597168,0.025679567828774452
GraphSAGE,37,test_66,relational,0.9999405741691589,0.0005663790507242084
GraphSAGE,37,test_67,relational,0.9997248649597168,0.025679567828774452
GraphSAGE,37,test_68,relational,0.9997248649597168,0.03247619792819023
GraphSAGE,37,test_69,relational,0.9999125003814697,0.002724782098084688
GraphSAGE,37,test_70,relational,0.9996802806854248,0.04558004438877106
GraphSAGE,37,test_71,relational,0.9999125003814697,0.002724782098084688
GraphSAGE,37,test_72,relational,0.9996802806854248,0.04558001458644867
GraphSAGE,37,test_73,relational,0.9997248649597168,0.03247619792819023
GraphSAGE,37,test_74,relational,0.9999405741691589,0.0018509773071855307
GraphSAGE,37,test_75,relational,0.9999405741691589,0.0005663790507242084
GraphSAGE,37,test_76,relational,0.9999405741691589,0.0005663790507242084
GraphSAGE,37,test_77,relational,0.9999405741691589,0.0018509787041693926
GraphSAGE,37,test_78,relational,0.9999125003814697,0.002724782098084688
GraphSAGE,37,test_79,relational,0.9999125003814697,0.002724782098084688
GraphSAGE,37,test_80,relational,0.9999405741691589,0.0018509787041693926
GraphSAGE,37,test_81,relational,0.9999125003814697,0.000689099368173629
GraphSAGE,37,test_82,relational,0.9999125003814697,0.0027247818652540445
GraphSAGE,37,test_83,relational,0.9999125003814697,0.0006890995427966118
GraphSAGE,37,test_84,relational,0.9996802806854248,0.01961159147322178
GraphSAGE,37,test_85,relational,0.9997248649597168,0.03247619792819023
GraphSAGE,37,test_86,relational,0.9997248649597168,0.03247619792819023
GraphSAGE,37,test_87,relational,0.9996802806854248,0.01961159147322178
GraphSAGE,37,test_88,relational,0.9999405741691589,0.0018509787041693926
GraphSAGE,37,test_89,relational,0.9997248649597168,0.025679633021354675
GraphSAGE,37,test_90,relational,0.9999405741691589,0.0005663790507242084
GraphSAGE,37,test_91,relational,0.9997248649597168,0.025679633021354675
GraphSAGE,37,test_92,relational,0.9996802806854248,0.04558003321290016
GraphSAGE,37,test_93,relational,0.9999405741691589,0.0018509787041693926
GraphSAGE,37,test_94,relational,0.9999405741691589,0.0005663788761012256
GraphSAGE,37,test_95,relational,0.9997248649597168,0.03247619792819023
GraphSAGE,37,test_96,relational,0.9996802806854248,0.04558001458644867
GraphSAGE,37,test_97,relational,0.9996802806854248,0.019611598923802376
GraphSAGE,37,test_98,relational,0.9999125003814697,0.0006890996010042727
GraphSAGE,37,test_99,relational,0.9996802806854248,0.019611593335866928
GraphSAGE,37,test_100,relational,0.9999125003814697,0.002724782098084688
GraphSAGE,37,test_101,relational,0.9997248649597168,0.025679567828774452
GraphSAGE,37,test_102,relational,0.9997248649597168,0.025679567828774452
GraphSAGE,37,test_103,relational,0.9999405741691589,0.0005663790507242084
GraphSAGE,37,test_104,relational,0.9999125003814697,0.002724782098084688
GraphSAGE,37,test_105,relational,0.9999125003814697,0.0006890996592119336
GraphSAGE,37,test_106,relational,0.9997248649597168,0.03247619792819023
GraphSAGE,37,test_107,relational,0.9999405741691589,0.0005663790507242084
GraphSAGE,37,test_108,relational,0.9996802806854248,0.019611598923802376
GraphSAGE,37,test_109,relational,0.9999405741691589,0.0005663790507242084
GraphSAGE,37,test_110,relational,0.9997248649597168,0.03247619792819023
GraphSAGE,37,test_111,relational,0.9996802806854248,0.04558003321290016
GraphSAGE,37,test_112,relational,0.9997248649597168,0.025679567828774452
GraphSAGE,37,test_113,relational,0.9996802806854248,0.045580022037029266
GraphSAGE,37,test_114,relational,0.9999125003814697,0.0027247807011008263
GraphSAGE,37,test_115,relational,0.9999405741691589,0.0018509787041693926
GraphSAGE,37,test_116,relational,0.9999405741691589,0.0018509787041693926
GraphSAGE,37,test_117,relational,0.9996802806854248,0.04558003321290016
GraphSAGE,37,test_118,relational,0.9997248649597168,0.03247619792819023
GraphSAGE,37,test_119,relational,0.9999125003814697,0.0027247825637459755
GraphSAGE,37,test_120,relational,0.9999405741691589,0.0005663790507242084
GraphSAGE,37,test_121,relational,0.9999125003814697,0.000689099368173629
GraphSAGE,37,test_122,relational,0.9996802806854248,0.04558011144399643
GraphSAGE,37,test_123,relational,0.9999125003814697,0.002724782098084688
GraphSAGE,37,test_124,relational,0.9999405741691589,0.0018509787041693926
GraphSAGE,37,test_125,relational,0.9999125003814697,0.0006890995427966118
GraphSAGE,37,test_126,relational,0.9996802806854248,0.019611598923802376
GraphSAGE,37,test_127,relational,0.9999125003814697,0.002724782098084688
GraphSAGE,37,test_0,irrelevant,0.0,0.0
GraphSAGE,37,test_1,irrelevant,0.0,0.0
GraphSAGE,37,test_2,irrelevant,0.0,0.0
GraphSAGE,37,test_3,irrelevant,0.0,0.0
GraphSAGE,37,test_4,irrelevant,0.0,0.0
GraphSAGE,37,test_5,irrelevant,0.0,0.0
GraphSAGE,37,test_6,irrelevant,0.0,0.0
GraphSAGE,37,test_7,irrelevant,0.0,0.0
GraphSAGE,37,test_8,irrelevant,0.0,0.0
GraphSAGE,37,test_9,irrelevant,0.0,0.0
GraphSAGE,37,test_10,irrelevant,0.0,0.0
GraphSAGE,37,test_11,irrelevant,0.0,0.0
GraphSAGE,37,test_12,irrelevant,0.0,0.0
GraphSAGE,37,test_13,irrelevant,0.0,0.0
GraphSAGE,37,test_14,irrelevant,0.0,0.0
GraphSAGE,37,test_15,irrelevant,0.0,0.0
GraphSAGE,37,test_16,irrelevant,0.0,0.0
GraphSAGE,37,test_17,irrelevant,0.0,0.0
GraphSAGE,37,test_18,irrelevant,0.0,0.0
GraphSAGE,37,test_19,irrelevant,0.0,0.0
GraphSAGE,37,test_20,irrelevant,0.0,0.0
GraphSAGE,37,test_21,irrelevant,0.0,0.0
GraphSAGE,37,test_22,irrelevant,0.0,0.0
GraphSAGE,37,test_23,irrelevant,0.0,0.0
GraphSAGE,37,test_24,irrelevant,0.0,0.0
GraphSAGE,37,test_25,irrelevant,0.0,0.0
GraphSAGE,37,test_26,irrelevant,0.0,0.0
GraphSAGE,37,test_27,irrelevant,0.0,0.0
GraphSAGE,37,test_28,irrelevant,0.0,0.0
GraphSAGE,37,test_29,irrelevant,0.0,0.0
GraphSAGE,37,test_30,irrelevant,0.0,0.0
GraphSAGE,37,test_31,irrelevant,0.0,0.0
GraphSAGE,37,test_32,irrelevant,0.0,0.0
GraphSAGE,37,test_33,irrelevant,0.0,0.0
GraphSAGE,37,test_34,irrelevant,0.0,0.0
GraphSAGE,37,test_35,irrelevant,0.0,0.0
GraphSAGE,37,test_36,irrelevant,0.0,0.0
GraphSAGE,37,test_37,irrelevant,0.0,0.0
GraphSAGE,37,test_38,irrelevant,0.0,0.0
GraphSAGE,37,test_39,irrelevant,0.0,0.0
GraphSAGE,37,test_40,irrelevant,0.0,0.0
GraphSAGE,37,test_41,irrelevant,0.0,0.0
GraphSAGE,37,test_42,irrelevant,0.0,0.0
GraphSAGE,37,test_43,irrelevant,0.0,0.0
GraphSAGE,37,test_44,irrelevant,0.0,0.0
GraphSAGE,37,test_45,irrelevant,0.0,0.0
GraphSAGE,37,test_46,irrelevant,0.0,0.0
GraphSAGE,37,test_47,irrelevant,0.0,0.0
GraphSAGE,37,test_48,irrelevant,0.0,0.0
GraphSAGE,37,test_49,irrelevant,0.0,0.0
GraphSAGE,37,test_50,irrelevant,0.0,0.0
GraphSAGE,37,test_51,irrelevant,0.0,0.0
GraphSAGE,37,test_52,irrelevant,0.0,0.0
GraphSAGE,37,test_53,irrelevant,0.0,0.0
GraphSAGE,37,test_54,irrelevant,0.0,0.0
GraphSAGE,37,test_55,irrelevant,0.0,0.0
GraphSAGE,37,test_56,irrelevant,0.0,0.0
GraphSAGE,37,test_57,irrelevant,0.0,0.0
GraphSAGE,37,test_58,irrelevant,0.0,0.0
GraphSAGE,37,test_59,irrelevant,0.0,0.0
GraphSAGE,37,test_60,irrelevant,0.0,0.0
GraphSAGE,37,test_61,irrelevant,0.0,0.0
GraphSAGE,37,test_62,irrelevant,0.0,0.0
GraphSAGE,37,test_63,irrelevant,0.0,0.0
GraphSAGE,37,test_64,irrelevant,0.0,0.0
GraphSAGE,37,test_65,irrelevant,0.0,0.0
GraphSAGE,37,test_66,irrelevant,0.0,0.0
GraphSAGE,37,test_67,irrelevant,0.0,0.0
GraphSAGE,37,test_68,irrelevant,0.0,0.0
GraphSAGE,37,test_69,irrelevant,0.0,0.0
GraphSAGE,37,test_70,irrelevant,0.0,0.0
GraphSAGE,37,test_71,irrelevant,0.0,0.0
GraphSAGE,37,test_72,irrelevant,0.0,0.0
GraphSAGE,37,test_73,irrelevant,0.0,0.0
GraphSAGE,37,test_74,irrelevant,0.0,0.0
GraphSAGE,37,test_75,irrelevant,0.0,0.0
GraphSAGE,37,test_76,irrelevant,0.0,0.0
GraphSAGE,37,test_77,irrelevant,0.0,0.0
GraphSAGE,37,test_78,irrelevant,0.0,0.0
GraphSAGE,37,test_79,irrelevant,0.0,0.0
GraphSAGE,37,test_80,irrelevant,0.0,0.0
GraphSAGE,37,test_81,irrelevant,0.0,0.0
GraphSAGE,37,test_82,irrelevant,0.0,0.0
GraphSAGE,37,test_83,irrelevant,0.0,0.0
GraphSAGE,37,test_84,irrelevant,0.0,0.0
GraphSAGE,37,test_85,irrelevant,0.0,0.0
GraphSAGE,37,test_86,irrelevant,0.0,0.0
GraphSAGE,37,test_87,irrelevant,0.0,0.0
GraphSAGE,37,test_88,irrelevant,0.0,0.0
GraphSAGE,37,test_89,irrelevant,0.0,0.0
GraphSAGE,37,test_90,irrelevant,0.0,0.0
GraphSAGE,37,test_91,irrelevant,0.0,0.0
GraphSAGE,37,test_92,irrelevant,0.0,0.0
GraphSAGE,37,test_93,irrelevant,0.0,0.0
GraphSAGE,37,test_94,irrelevant,0.0,0.0
GraphSAGE,37,test_95,irrelevant,0.0,0.0
GraphSAGE,37,test_96,irrelevant,0.0,0.0
GraphSAGE,37,test_97,irrelevant,0.0,0.0
GraphSAGE,37,test_98,irrelevant,0.0,0.0
GraphSAGE,37,test_99,irrelevant,0.0,0.0
GraphSAGE,37,test_100,irrelevant,0.0,0.0
GraphSAGE,37,test_101,irrelevant,0.0,0.0
GraphSAGE,37,test_102,irrelevant,0.0,0.0
GraphSAGE,37,test_103,irrelevant,0.0,0.0
GraphSAGE,37,test_104,irrelevant,0.0,0.0
GraphSAGE,37,test_105,irrelevant,0.0,0.0
GraphSAGE,37,test_106,irrelevant,0.0,0.0
GraphSAGE,37,test_107,irrelevant,0.0,0.0
GraphSAGE,37,test_108,irrelevant,0.0,0.0
GraphSAGE,37,test_109,irrelevant,0.0,0.0
GraphSAGE,37,test_110,irrelevant,0.0,0.0
GraphSAGE,37,test_111,irrelevant,0.0,0.0
GraphSAGE,37,test_112,irrelevant,0.0,0.0
GraphSAGE,37,test_113,irrelevant,0.0,0.0
GraphSAGE,37,test_114,irrelevant,0.0,0.0
GraphSAGE,37,test_115,irrelevant,0.0,0.0
GraphSAGE,37,test_116,irrelevant,0.0,0.0
GraphSAGE,37,test_117,irrelevant,0.0,0.0
GraphSAGE,37,test_118,irrelevant,0.0,0.0
GraphSAGE,37,test_119,irrelevant,0.0,0.0
GraphSAGE,37,test_120,irrelevant,0.0,0.0
GraphSAGE,37,test_121,irrelevant,0.0,0.0
GraphSAGE,37,test_122,irrelevant,0.0,0.0
GraphSAGE,37,test_123,irrelevant,0.0,0.0
GraphSAGE,37,test_124,irrelevant,0.0,0.0
GraphSAGE,37,test_125,irrelevant,0.0,0.0
GraphSAGE,37,test_126,irrelevant,0.0,0.0
GraphSAGE,37,test_127,irrelevant,0.0,0.0
GATv2,11,test_0,used,0.9999629855155945,2.5522378564346582e-05
GATv2,11,test_1,used,0.9995613694190979,0.00022508049733005464
GATv2,11,test_2,used,0.9995613694190979,0.00022508049733005464
GATv2,11,test_3,used,0.9999629855155945,1.3433274943963625e-05
GATv2,11,test_4,used,0.9999629855155945,1.3433274943963625e-05
GATv2,11,test_5,used,0.9999747276306152,1.939739377121441e-05
GATv2,11,test_6,used,0.9995613694190979,0.00014667744108010083
GATv2,11,test_7,used,0.9995861649513245,0.00011358313349774107
GATv2,11,test_8,used,0.9999629855155945,2.5522287614876404e-05
GATv2,11,test_9,used,0.9995613694190979,0.00014667709183413535
GATv2,11,test_10,used,0.9999747276306152,1.746812995406799e-05
GATv2,11,test_11,used,0.9995861649513245,0.00011358305346220732
GATv2,11,test_12,used,0.9995861649513245,0.00011358308256603777
GATv2,11,test_13,used,0.9995861649513245,0.00011358305346220732
GATv2,11,test_14,used,0.9995613694190979,0.0002250804827781394
GATv2,11,test_15,used,0.9995861649513245,0.00024569861125200987
GATv2,11,test_16,used,0.9995861649513245,0.00011358316987752914
GATv2,11,test_17,used,0.9995861649513245,0.00011358298797858879
GATv2,11,test_18,used,0.9995613694190979,0.0001466772664571181
GATv2,11,test_19,used,0.9999747276306152,1.7468126316089183e-05
GATv2,11,test_20,used,0.9995613694190979,0.00022508045367430896
GATv2,11,test_21,used,0.9999747276306152,1.7468126316089183e-05
GATv2,11,test_22,used,0.9999747276306152,1.7468126316089183e-05
GATv2,11,test_23,used,0.9999629855155945,1.3433274943963625e-05
GATv2,11,test_24,used,0.9999629855155945,2.552230580477044e-05
GATv2,11,test_25,used,0.9995613694190979,0.0001466772664571181
GATv2,11,test_26,used,0.9999747276306152,1.9397384676267393e-05
GATv2,11,test_27,used,0.9999629855155945,2.5522349460516125e-05
GATv2,11,test_28,used,0.9995861649513245,0.00024569861125200987
GATv2,11,test_29,used,0.9995613694190979,0.00022508023539558053
GATv2,11,test_30,used,0.9999747276306152,1.9397384676267393e-05
GATv2,11,test_31,used,0.9999747276306152,1.9397379219299182e-05
GATv2,11,test_32,used,0.9995861649513245,0.0002456987276673317
GATv2,11,test_33,used,0.9999747276306152,1.9397384676267393e-05
GATv2,11,test_34,used,0.9999629855155945,2.5522360374452546e-05
GATv2,11,test_35,used,0.9999747276306152,1.9397384676267393e-05
GATv2,11,test_36,used,0.9995613694190979,0.00022508038091473281
GATv2,11,test_37,used,0.9999629855155945,2.5522287614876404e-05
GATv2,11,test_38,used,0.9995613694190979,0.0002250804827781394
GATv2,11,test_39,used,0.9999629855155945,1.3433274943963625e-05
GATv2,11,test_40,used,0.9999747276306152,1.9397411961108446e-05
GATv2,11,test_41,used,0.9999747276306152,1.939740286616143e-05
GATv2,11,test_42,used,0.9999747276306152,1.7468126316089183e-05
GATv2,11,test_43,used,0.9999747276306152,1.7468126316089183e-05
GATv2,11,test_44,used,0.9995861649513245,0.00011358312622178346
GATv2,11,test_45,used,0.9999629855155945,2.5522289433865808e-05
GATv2,11,test_46,used,0.9999747276306152,1.9397384676267393e-05
GATv2,11,test_47,used,0.9995613694190979,0.00014667729556094855
GATv2,11,test_48,used,0.9995613694190979,0.00014667709183413535
GATv2,11,test_49,used,0.9999747276306152,1.939733192557469e-05
GATv2,11,test_50,used,0.9995613694190979,0.0001466772664571181
GATv2,11,test_51,used,0.9999629855155945,2.552230580477044e-05
GATv2,11,test_52,used,0.9999747276306152,1.7468126316089183e-05
GATv2,11,test_53,used,0.9999747276306152,1.7467995348852128e-05
GATv2,11,test_54,used,0.9999629855155945,2.5522267605992965e-05
GATv2,11,test_55,used,0.9995861649513245,0.0002456987276673317
GATv2,11,test_56,used,0.9999747276306152,1.7467993529862724e-05
GATv2,11,test_57,used,0.9999629855155945,1.3433171261567622e-05
GATv2,11,test_58,used,0.9999629855155945,1.3433069398161024e-05
GATv2,11,test_59,used,0.9999747276306152,1.7467993529862724e-05
GATv2,11,test_60,used,0.9995861649513245,0.00024569861125200987
GATv2,11,test_61,used,0.9995613694190979,0.0002250804827781394
GATv2,11,test_62,used,0.9995613694190979,0.0001466772664571181
GATv2,11,test_63,used,0.9995861649513245,0.000113583097117953
GATv2,11,test_64,used,0.9999629855155945,1.3433171261567622e-05
GATv2,11,test_65,used,0.9999629855155945,2.5522378564346582e-05
GATv2,11,test_66,used,0.9999629855155945,1.3433171261567622e-05
GATv2,11,test_67,used,0.9999629855155945,2.552230580477044e-05
GATv2,11,test_68,used,0.9995613694190979,0.00014667729556094855
GATv2,11,test_69,used,0.9995861649513245,0.00024569861125200987
GATv2,11,test_70,used,0.9995861649513245,0.00011358308256603777
GATv2,11,test_71,used,0.9995861649513245,0.0002456987276673317
GATv2,11,test_72,used,0.9995861649513245,0.00011358308256603777
GATv2,11,test_73,used,0.9995613694190979,0.0001466772664571181
GATv2,11,test_74,used,0.9995613694190979,0.0002250804827781394
GATv2,11,test_75,used,0.9999629855155945,1.3433171261567622e-05
GATv2,11,test_76,used,0.9999629855155945,1.3433274943963625e-05
GATv2,11,test_77,used,0.9995613694190979,0.00022508035181090236
GATv2,11,test_78,used,0.9995861649513245,0.0002456987276673317
GATv2,11,test_79,used,0.9995861649513245,0.00024569861125200987
GATv2,11,test_80,used,0.9995613694190979,0.0002250801189802587
GATv2,11,test_81,used,0.9999747276306152,1.7468126316089183e-05
GATv2,11,test_82,used,0.9995861649513245,0.00024569861125200987
GATv2,11,test_83,used,0.9999747276306152,1.7467993529862724e-05
GATv2,11,test_84,used,0.9999747276306152,1.9397379219299182e-05
GATv2,11,test_85,used,0.9995613694190979,0.000146677324664779
GATv2,11,test_86,used,0.9995613694190979,0.0001466772664571181
GATv2,11,test_87,used,0.9999747276306152,1.9397384676267393e-05
GATv2,11,test_88,used,0.9995613694190979,0.00022508045367430896
GATv2,11,test_89,used,0.9999629855155945,2.5522349460516125e-05
GATv2,11,test_90,used,0.9999629855155945,1.3433274943963625e-05
GATv2,11,test_91,used,0.9999629855155945,2.5522378564346582e-05
GATv2,11,test_92,used,0.9995861649513245,0.00011358313349774107
GATv2,11,test_93,used,0.9995613694190979,0.00022508035181090236
GATv2,11,test_94,used,0.9999629855155945,1.3433273124974221e-05
GATv2,11,test_95,used,0.9995613694190979,0.00014667723735328764
GATv2,11,test_96,used,0.9995861649513245,0.00011358308256603777
GATv2,11,test_97,used,0.9999747276306152,1.9397384676267393e-05
GATv2,11,test_98,used,0.9999747276306152,1.7467993529862724e-05
GATv2,11,test_99,used,0.9999747276306152,1.9397379219299182e-05
GATv2,11,test_100,used,0.9995861649513245,0.0002456987276673317
GATv2,11,test_101,used,0.9999629855155945,2.5522349460516125e-05
GATv2,11,test_102,used,0.9999629855155945,2.552221849327907e-05
GATv2,11,test_103,used,0.9999629855155945,1.3433274943963625e-05
GATv2,11,test_104,used,0.9995861649513245,0.0002456987276673317
GATv2,11,test_105,used,0.9999747276306152,1.7468126316089183e-05
GATv2,11,test_106,used,0.9995613694190979,0.0001466772664571181
GATv2,11,test_107,used,0.9999629855155945,1.3433273124974221e-05
GATv2,11,test_108,used,0.9999747276306152,1.9397379219299182e-05
GATv2,11,test_109,used,0.9999629855155945,1.3433273124974221e-05
GATv2,11,test_110,used,0.9995613694190979,0.00014667744108010083
GATv2,11,test_111,used,0.9995861649513245,0.00011358303891029209
GATv2,11,test_112,used,0.9999629855155945,2.5522267605992965e-05
GATv2,11,test_113,used,0.9995861649513245,0.00011358308256603777
GATv2,11,test_114,used,0.9995861649513245,0.00024569861125200987
GATv2,11,test_115,used,0.9995613694190979,0.000225080264499411
GATv2,11,test_116,used,0.9995613694190979,0.0002250804827781394
GATv2,11,test_117,used,0.9995861649513245,0.00011358308256603777
GATv2,11,test_118,used,0.9995613694190979,0.00014667729556094855
GATv2,11,test_119,used,0.9995861649513245,0.00024569861125200987
GATv2,11,test_120,used,0.9999629855155945,1.3433274943963625e-05
GATv2,11,test_121,used,0.9999747276306152,1.7467995348852128e-05
GATv2,11,test_122,used,0.9995861649513245,0.00011358313349774107
GATv2,11,test_123,used,0.9995861649513245,0.00024569861125200987
GATv2,11,test_124,used,0.9995613694190979,0.00022508035181090236
GATv2,11,test_125,used,0.9999747276306152,1.7467993529862724e-05
GATv2,11,test_126,used,0.9999747276306152,1.9397379219299182e-05
GATv2,11,test_127,used,0.9995861649513245,0.00024569861125200987
GATv2,11,test_0,unused,3.297588773421012e-05,1.4995624724178924e-06
GATv2,11,test_1,unused,6.859219138277695e-05,1.2017995913993218e-06
GATv2,11,test_2,unused,6.859255518065766e-05,1.2016686241622665e-06
GATv2,11,test_3,unused,6.460222357418388e-05,2.3290014894428168e-07
GATv2,11,test_4,unused,6.460222357418388e-05,2.3290014894428168e-07
GATv2,11,test_5,unused,3.297589864814654e-05,1.7291329186264193e-06
GATv2,11,test_6,unused,5.4909625760046765e-05,4.236134373059031e-06
GATv2,11,test_7,unused,5.4909651225898415e-05,2.9820325835316908e-06
GATv2,11,test_8,unused,3.2975840440485626e-05,1.4994730008766055e-06
GATv2,11,test_9,unused,5.4909574828343466e-05,4.23615983891068e-06
GATv2,11,test_10,unused,6.460222357418388e-05,1.549023807001504e-07
GATv2,11,test_11,unused,5.490971670951694e-05,2.9820726012985688e-06
GATv2,11,test_12,unused,5.4909574828343466e-05,2.9819852898071986e-06
GATv2,11,test_13,unused,5.490971670951694e-05,2.9819852898071986e-06
GATv2,11,test_14,unused,6.859255518065766e-05,1.2017997050861595e-06
GATv2,11,test_15,unused,6.859255518065766e-05,8.2092464026573e-07
GATv2,11,test_16,unused,5.490959665621631e-05,2.981999841722427e-06
GATv2,11,test_17,unused,5.490965486387722e-05,2.98208351523499e-06
GATv2,11,test_18,unused,5.4909662139834836e-05,4.23615983891068e-06
GATv2,11,test_19,unused,6.460212171077728e-05,1.5490226701331267e-07
GATv2,11,test_20,unused,6.8592322350014e-05,1.2017995913993218e-06
GATv2,11,test_21,unused,6.460222357418388e-05,1.5490226701331267e-07
GATv2,11,test_22,unused,6.460222357418388e-05,1.5490226701331267e-07
GATv2,11,test_23,unused,6.460222357418388e-05,2.3290014894428168e-07
GATv2,11,test_24,unused,3.297581497463398e-05,1.4995515584814711e-06
GATv2,11,test_25,unused,5.4909625760046765e-05,4.23615983891068e-06
GATv2,11,test_26,unused,3.297579678473994e-05,1.7291429230681388e-06
GATv2,11,test_27,unused,3.297588773421012e-05,1.4995624724178924e-06
GATv2,11,test_28,unused,6.8592322350014e-05,8.209246971091488e-07
GATv2,11,test_29,unused,6.859229324618354e-05,1.2016686241622665e-06
GATv2,11,test_30,unused,3.297588773421012e-05,1.7291429230681388e-06
GATv2,11,test_31,unused,3.29758258885704e-05,1.7291329186264193e-06
GATv2,11,test_32,unused,6.859240966150537e-05,8.211866315832594e-07
GATv2,11,test_33,unused,3.297588773421012e-05,1.7291429230681388e-06
GATv2,11,test_34,unused,3.297590228612535e-05,1.4995461015132605e-06
GATv2,11,test_35,unused,3.297588773421012e-05,1.7291429230681388e-06
GATv2,11,test_36,unused,6.859240966150537e-05,1.2016686241622665e-06
GATv2,11,test_37,unused,3.2975840440485626e-05,1.4994730008766055e-06
GATv2,11,test_38,unused,6.859240966150537e-05,1.2017995913993218e-06
GATv2,11,test_39,unused,6.460222357418388e-05,2.3290014894428168e-07
GATv2,11,test_40,unused,3.29758258885704e-05,1.7291329186264193e-06
GATv2,11,test_41,unused,3.2975829526549205e-05,1.7291329186264193e-06
GATv2,11,test_42,unused,6.460222357418388e-05,1.5490226701331267e-07
GATv2,11,test_43,unused,6.460222357418388e-05,1.5490226701331267e-07
GATv2,11,test_44,unused,5.4909574828343466e-05,2.982036221510498e-06
GATv2,11,test_45,unused,3.2975840440485626e-05,1.4994730008766055e-06
GATv2,11,test_46,unused,3.297581497463398e-05,1.7291429230681388e-06
GATv2,11,test_47,unused,5.4909600294195116e-05,4.236263521306682e-06
GATv2,11,test_48,unused,5.490961120813154e-05,4.23615983891068e-06
GATv2,11,test_49,unused,3.2975978683680296e-05,1.7291954463871662e-06
GATv2,11,test_50,unused,5.490961120813154e-05,4.236239874444436e-06
GATv2,11,test_51,unused,3.297581497463398e-05,1.4995515584814711e-06
GATv2,11,test_52,unused,6.460212171077728e-05,1.5490226701331267e-07
GATv2,11,test_53,unused,6.460212171077728e-05,1.549023807001504e-07
GATv2,11,test_54,unused,3.297581497463398e-05,1.4995694073149934e-06
GATv2,11,test_55,unused,6.859240966150537e-05,8.211866315832594e-07
GATv2,11,test_56,unused,6.460212171077728e-05,1.5490226701331267e-07
GATv2,11,test_57,unused,6.460212171077728e-05,2.327992092432396e-07
GATv2,11,test_58,unused,6.460212171077728e-05,2.3279922345409432e-07
GATv2,11,test_59,unused,6.460222357418388e-05,1.5490226701331267e-07
GATv2,11,test_60,unused,6.85924242134206e-05,8.2092464026573e-07
GATv2,11,test_61,unused,6.859255518065766e-05,1.2016977279927232e-06
GATv2,11,test_62,unused,5.490961120813154e-05,4.236265340296086e-06
GATv2,11,test_63,unused,5.490969124366529e-05,2.9820726012985688e-06
GATv2,11,test_64,unused,6.460212171077728e-05,2.3279875449588872e-07
GATv2,11,test_65,unused,3.2975978683680296e-05,1.4995621313573793e-06
GATv2,11,test_66,unused,6.460212171077728e-05,2.3290061790248728e-07
GATv2,11,test_67,unused,3.29758258885704e-05,1.4995515584814711e-06
GATv2,11,test_68,unused,5.4909600294195116e-05,4.236183485772926e-06
GATv2,11,test_69,unused,6.85924242134206e-05,8.209246971091488e-07
GATv2,11,test_70,unused,5.4909574828343466e-05,2.98208351523499e-06
GATv2,11,test_71,unused,6.859240966150537e-05,8.211865747398406e-07
GATv2,11,test_72,unused,5.4909574828343466e-05,2.98208351523499e-06
GATv2,11,test_73,unused,5.490961120813154e-05,4.23615983891068e-06
GATv2,11,test_74,unused,6.859229324618354e-05,1.2016977279927232e-06
GATv2,11,test_75,unused,6.460212171077728e-05,2.3279875449588872e-07
GATv2,11,test_76,unused,6.460222357418388e-05,2.3290060369163257e-07
GATv2,11,test_77,unused,6.859230779809877e-05,1.2017997050861595e-06
GATv2,11,test_78,unused,6.859240966150537e-05,8.211865747398406e-07
GATv2,11,test_79,unused,6.8592322350014e-05,8.210411124309758e-07
GATv2,11,test_80,unused,6.859227869426832e-05,1.2016977279927232e-06
GATv2,11,test_81,unused,6.460212171077728e-05,1.5490226701331267e-07
GATv2,11,test_82,unused,6.8592322350014e-05,8.210411124309758e-07
GATv2,11,test_83,unused,6.460212171077728e-05,1.5490226701331267e-07
GATv2,11,test_84,unused,3.297589864814654e-05,1.7291329186264193e-06
GATv2,11,test_85,unused,5.490965486387722e-05,4.236079803376924e-06
GATv2,11,test_86,unused,5.4909574828343466e-05,4.236214408592787e-06
GATv2,11,test_87,unused,3.297572766314261e-05,1.7291429230681388e-06
GATv2,11,test_88,unused,6.8592322350014e-05,1.2019306723232148e-06
GATv2,11,test_89,unused,3.2975978683680296e-05,1.4995621313573793e-06
GATv2,11,test_90,unused,6.460222357418388e-05,2.3290014894428168e-07
GATv2,11,test_91,unused,3.297589864814654e-05,1.4995621313573793e-06
GATv2,11,test_92,unused,5.4909625760046765e-05,2.9820325835316908e-06
GATv2,11,test_93,unused,6.859245331725106e-05,1.2016686241622665e-06
GATv2,11,test_94,unused,6.460222357418388e-05,2.3300201235088025e-07
GATv2,11,test_95,unused,5.4909574828343466e-05,4.236134373059031e-06
GATv2,11,test_96,unused,5.4909574828343466e-05,2.98208351523499e-06
GATv2,11,test_97,unused,3.297579678473994e-05,1.7291429230681388e-06
GATv2,11,test_98,unused,6.460212171077728e-05,1.5490226701331267e-07
GATv2,11,test_99,unused,3.297589864814654e-05,1.7291329186264193e-06
GATv2,11,test_100,unused,6.859240966150537e-05,8.211866315832594e-07
GATv2,11,test_101,unused,3.2975978683680296e-05,1.4995624724178924e-06
GATv2,11,test_102,unused,3.297572766314261e-05,1.4995370065662428e-06
GATv2,11,test_103,unused,6.460222357418388e-05,2.3290014894428168e-07
GATv2,11,test_104,unused,6.859240966150537e-05,8.211866315832594e-07
GATv2,11,test_105,unused,6.460222357418388e-05,1.5490226701331267e-07
GATv2,11,test_106,unused,5.4909625760046765e-05,4.236134373059031e-06
GATv2,11,test_107,unused,6.460222357418388e-05,2.3300246709823114e-07
GATv2,11,test_108,unused,3.29758258885704e-05,1.7291329186264193e-06
GATv2,11,test_109,unused,6.460222357418388e-05,2.3290014894428168e-07
GATv2,11,test_110,unused,5.4909574828343466e-05,4.23615983891068e-06
GATv2,11,test_111,unused,5.490959665621631e-05,2.9819852898071986e-06
GATv2,11,test_112,unused,3.2975905924104154e-05,1.4994893717812374e-06
GATv2,11,test_113,unused,5.4909527534618974e-05,2.982036221510498e-06
GATv2,11,test_114,unused,6.859206041553989e-05,8.211866315832594e-07
GATv2,11,test_115,unused,6.859227869426832e-05,1.2017997050861595e-06
GATv2,11,test_116,unused,6.859255518065766e-05,1.2017995913993218e-06
GATv2,11,test_117,unused,5.4909574828343466e-05,2.982036221510498e-06
GATv2,11,test_118,unused,5.490961120813154e-05,4.23615983891068e-06
GATv2,11,test_119,unused,6.8592322350014e-05,8.210411124309758e-07
GATv2,11,test_120,unused,6.460222357418388e-05,2.3290014894428168e-07
GATv2,11,test_121,unused,6.460222357418388e-05,1.549023807001504e-07
GATv2,11,test_122,unused,5.490970579558052e-05,2.9820325835316908e-06
GATv2,11,test_123,unused,6.859240966150537e-05,8.211865747398406e-07
GATv2,11,test_124,unused,6.85924242134206e-05,1.2017997050861595e-06
GATv2,11,test_125,unused,6.460212171077728e-05,1.5490226701331267e-07
GATv2,11,test_126,unused,3.29758258885704e-05,1.7291329186264193e-06
GATv2,11,test_127,unused,6.8592322350014e-05,8.2092464026573e-07
GATv2,11,test_0,relational,0.9997809529304504,0.00026434517349116504
GATv2,11,test_1,relational,0.9995862245559692,0.00043435790576040745
GATv2,11,test_2,relational,0.9995862245559692,0.0004343579930718988
GATv2,11,test_3,relational,0.9995862245559692,0.00034346047323197126
GATv2,11,test_4,relational,0.9995862245559692,0.0003434607351664454
GATv2,11,test_5,relational,0.9997791647911072,0.00021026810281910002
GATv2,11,test_6,relational,0.9997809529304504,8.351580618182197e-05
GATv2,11,test_7,relational,0.9997791647911072,0.00012168395187472925
GATv2,11,test_8,relational,0.9997809529304504,0.0002643453481141478
GATv2,11,test_9,relational,0.9997809529304504,8.351580618182197e-05
GATv2,11,test_10,relational,0.9994854927062988,0.0004442448553163558
GATv2,11,test_11,relational,0.9997791647911072,0.00012168399553047493
GATv2,11,test_12,relational,0.9997791647911072,0.00012168397370260209
GATv2,11,test_13,relational,0.9997791647911072,0.000121684031910263
GATv2,11,test_14,relational,0.9995862245559692,0.0004343577311374247
GATv2,11,test_15,relational,0.9994854927062988,0.0004935326869599521
GATv2,11,test_16,relational,0.9997791647911072,0.00012168399553047493
GATv2,11,test_17,relational,0.9997791647911072,0.00012168406101409346
GATv2,11,test_18,relational,0.9997809529304504,8.35157698020339e-05
GATv2,11,test_19,relational,0.9994854927062988,0.0004442448553163558
GATv2,11,test_20,relational,0.9995862245559692,0.0004343576147221029
GATv2,11,test_21,relational,0.9994854927062988,0.0004442448553163558
GATv2,11,test_22,relational,0.9994854927062988,0.0004442448553163558
GATv2,11,test_23,relational,0.9995862245559692,0.00034346047323197126
GATv2,11,test_24,relational,0.9997809529304504,0.00026434523169882596
GATv2,11,test_25,relational,0.9997809529304504,8.35158716654405e-05
GATv2,11,test_26,relational,0.9997791647911072,0.0002102679427480325
GATv2,11,test_27,relational,0.9997809529304504,0.00026434517349116504
GATv2,11,test_28,relational,0.9994854927062988,0.0004935322212986648
GATv2,11,test_29,relational,0.9995862245559692,0.00043435796396806836
GATv2,11,test_30,relational,0.9997791647911072,0.00021026803005952388
GATv2,11,test_31,relational,0.9997791647911072,0.0002102680446114391
GATv2,11,test_32,relational,0.9994854927062988,0.0004935328615829349
GATv2,11,test_33,relational,0.9997791647911072,0.0002102679427480325
GATv2,11,test_34,relational,0.9997809529304504,0.00026434517349116504
GATv2,11,test_35,relational,0.9997791647911072,0.0002102679427480325
GATv2,11,test_36,relational,0.9995862245559692,0.00043435796396806836
GATv2,11,test_37,relational,0.9997809529304504,0.0002643453481141478
GATv2,11,test_38,relational,0.9995862245559692,0.00043435796396806836
GATv2,11,test_39,relational,0.9995862245559692,0.0003434607351664454
GATv2,11,test_40,relational,0.9997791647911072,0.00021026810281910002
GATv2,11,test_41,relational,0.9997791647911072,0.00021026811737101525
GATv2,11,test_42,relational,0.9994854927062988,0.0004442448553163558
GATv2,11,test_43,relational,0.9994854927062988,0.0004442448553163558
GATv2,11,test_44,relational,0.9997791647911072,0.00012168406101409346
GATv2,11,test_45,relational,0.9997809529304504,0.0002643453481141478
GATv2,11,test_46,relational,0.9997791647911072,0.00021026792819611728
GATv2,11,test_47,relational,0.9997809529304504,8.351577707799152e-05
GATv2,11,test_48,relational,0.9997809529304504,8.351574069820344e-05
GATv2,11,test_49,relational,0.9997791647911072,0.00021026801550760865
GATv2,11,test_50,relational,0.9997809529304504,8.351575525011867e-05
GATv2,11,test_51,relational,0.9997809529304504,0.00026434523169882596
GATv2,11,test_52,relational,0.9994854927062988,0.0004442448553163558
GATv2,11,test_53,relational,0.9994854927062988,0.0004442448553163558
GATv2,11,test_54,relational,0.9997809529304504,0.00026434543542563915
GATv2,11,test_55,relational,0.9994854927062988,0.0004935329779982567
GATv2,11,test_56,relational,0.9994854927062988,0.0004442448553163558
GATv2,11,test_57,relational,0.9995862245559692,0.000343460647854954
GATv2,11,test_58,relational,0.9995862245559692,0.000343460647854954
GATv2,11,test_59,relational,0.9994854927062988,0.0004442448553163558
GATv2,11,test_60,relational,0.9994854927062988,0.0004935326869599521
GATv2,11,test_61,relational,0.9995862245559692,0.000434357876656577
GATv2,11,test_62,relational,0.9997809529304504,8.35157698020339e-05
GATv2,11,test_63,relational,0.9997791647911072,0.00012168409739388153
GATv2,11,test_64,relational,0.9995862245559692,0.000343460647854954
GATv2,11,test_65,relational,0.9997809529304504,0.00026434517349116504
GATv2,11,test_66,relational,0.9995862245559692,0.000343460647854954
GATv2,11,test_67,relational,0.9997809529304504,0.00026434523169882596
GATv2,11,test_68,relational,0.9997809529304504,8.351584256161004e-05
GATv2,11,test_69,relational,0.9994854927062988,0.0004935325705446303
GATv2,11,test_70,relational,0.9997791647911072,0.00012168397370260209
GATv2,11,test_71,relational,0.9994854927062988,0.0004935326287522912
GATv2,11,test_72,relational,0.9997791647911072,0.00012168397370260209
GATv2,11,test_73,relational,0.9997809529304504,8.35158207337372e-05
GATv2,11,test_74,relational,0.9995862245559692,0.00043435796396806836
GATv2,11,test_75,relational,0.9995862245559692,0.000343460647854954
GATv2,11,test_76,relational,0.9995862245559692,0.00034346047323197126
GATv2,11,test_77,relational,0.9995862245559692,0.00043435790576040745
GATv2,11,test_78,relational,0.9994854927062988,0.0004935328615829349
GATv2,11,test_79,relational,0.9994854927062988,0.000493532745167613
GATv2,11,test_80,relational,0.9995862245559692,0.0004343578184489161
GATv2,11,test_81,relational,0.9994854927062988,0.0004442448553163558
GATv2,11,test_82,relational,0.9994854927062988,0.0004935322795063257
GATv2,11,test_83,relational,0.9994854927062988,0.0004442448553163558
GATv2,11,test_84,relational,0.9997791647911072,0.0002102680446114391
GATv2,11,test_85,relational,0.9997809529304504,8.351590076927096e-05
GATv2,11,test_86,relational,0.9997809529304504,8.35158207337372e-05
GATv2,11,test_87,relational,0.9997791647911072,0.00021026803005952388
GATv2,11,test_88,relational,0.9995862245559692,0.0004343577311374247
GATv2,11,test_89,relational,0.9997809529304504,0.00026434517349116504
GATv2,11,test_90,relational,0.9995862245559692,0.0003434607351664454
GATv2,11,test_91,relational,0.9997809529304504,0.00026434517349116504
GATv2,11,test_92,relational,0.9997791647911072,0.00012168392277089879
GATv2,11,test_93,relational,0.9995862245559692,0.00043435790576040745
GATv2,11,test_94,relational,0.9995862245559692,0.0003434608515817672
GATv2,11,test_95,relational,0.9997809529304504,8.351575525011867e-05
GATv2,11,test_96,relational,0.9997791647911072,0.00012168397370260209
GATv2,11,test_97,relational,0.9997791647911072,0.0002102679427480325
GATv2,11,test_98,relational,0.9994854927062988,0.0004442448553163558
GATv2,11,test_99,relational,0.9997791647911072,0.0002102680446114391
GATv2,11,test_100,relational,0.9994854927062988,0.0004935328615829349
GATv2,11,test_101,relational,0.9997809529304504,0.00026434517349116504
GATv2,11,test_102,relational,0.9997809529304504,0.0002643453190103173
GATv2,11,test_103,relational,0.9995862245559692,0.0003434607351664454
GATv2,11,test_104,relational,0.9994854927062988,0.0004935328033752739
GATv2,11,test_105,relational,0.9994854927062988,0.0004442448553163558
GATv2,11,test_106,relational,0.9997809529304504,8.351575525011867e-05
GATv2,11,test_107,relational,0.9995862245559692,0.00034346047323197126
GATv2,11,test_108,relational,0.9997791647911072,0.0002102680446114391
GATv2,11,test_109,relational,0.9995862245559692,0.0003434607351664454
GATv2,11,test_110,relational,0.9997809529304504,8.35158207337372e-05
GATv2,11,test_111,relational,0.9997791647911072,0.00012168395915068686
GATv2,11,test_112,relational,0.9997809529304504,0.00026434523169882596
GATv2,11,test_113,relational,0.9997791647911072,0.00012168393732281402
GATv2,11,test_114,relational,0.9994854927062988,0.000493532745167613
GATv2,11,test_115,relational,0.9995862245559692,0.00043435776024125516
GATv2,11,test_116,relational,0.9995862245559692,0.00043435796396806836
GATv2,11,test_117,relational,0.9997791647911072,0.00012168397370260209
GATv2,11,test_118,relational,0.9997809529304504,8.35158207337372e-05
GATv2,11,test_119,relational,0.9994854927062988,0.0004935325705446303
GATv2,11,test_120,relational,0.9995862245559692,0.00034346047323197126
GATv2,11,test_121,relational,0.9994854927062988,0.0004442448553163558
GATv2,11,test_122,relational,0.9997791647911072,0.00012168401008239016
GATv2,11,test_123,relational,0.9994854927062988,0.0004935326287522912
GATv2,11,test_124,relational,0.9995862245559692,0.00043435790576040745
GATv2,11,test_125,relational,0.9994854927062988,0.0004442448553163558
GATv2,11,test_126,relational,0.9997791647911072,0.0002102680446114391
GATv2,11,test_127,relational,0.9994854927062988,0.0004935325705446303
GATv2,11,test_0,irrelevant,0.0,0.0
GATv2,11,test_1,irrelevant,0.0,0.0
GATv2,11,test_2,irrelevant,0.0,0.0
GATv2,11,test_3,irrelevant,0.0,0.0
GATv2,11,test_4,irrelevant,0.0,0.0
GATv2,11,test_5,irrelevant,0.0,0.0
GATv2,11,test_6,irrelevant,0.0,0.0
GATv2,11,test_7,irrelevant,0.0,0.0
GATv2,11,test_8,irrelevant,0.0,0.0
GATv2,11,test_9,irrelevant,0.0,0.0
GATv2,11,test_10,irrelevant,0.0,0.0
GATv2,11,test_11,irrelevant,0.0,0.0
GATv2,11,test_12,irrelevant,0.0,0.0
GATv2,11,test_13,irrelevant,0.0,0.0
GATv2,11,test_14,irrelevant,0.0,0.0
GATv2,11,test_15,irrelevant,0.0,0.0
GATv2,11,test_16,irrelevant,0.0,0.0
GATv2,11,test_17,irrelevant,0.0,0.0
GATv2,11,test_18,irrelevant,0.0,0.0
GATv2,11,test_19,irrelevant,0.0,0.0
GATv2,11,test_20,irrelevant,0.0,0.0
GATv2,11,test_21,irrelevant,0.0,0.0
GATv2,11,test_22,irrelevant,0.0,0.0
GATv2,11,test_23,irrelevant,0.0,0.0
GATv2,11,test_24,irrelevant,0.0,0.0
GATv2,11,test_25,irrelevant,0.0,0.0
GATv2,11,test_26,irrelevant,0.0,0.0
GATv2,11,test_27,irrelevant,0.0,0.0
GATv2,11,test_28,irrelevant,0.0,0.0
GATv2,11,test_29,irrelevant,0.0,0.0
GATv2,11,test_30,irrelevant,0.0,0.0
GATv2,11,test_31,irrelevant,0.0,0.0
GATv2,11,test_32,irrelevant,0.0,0.0
GATv2,11,test_33,irrelevant,0.0,0.0
GATv2,11,test_34,irrelevant,0.0,0.0
GATv2,11,test_35,irrelevant,0.0,0.0
GATv2,11,test_36,irrelevant,0.0,0.0
GATv2,11,test_37,irrelevant,0.0,0.0
GATv2,11,test_38,irrelevant,0.0,0.0
GATv2,11,test_39,irrelevant,0.0,0.0
GATv2,11,test_40,irrelevant,0.0,0.0
GATv2,11,test_41,irrelevant,0.0,0.0
GATv2,11,test_42,irrelevant,0.0,0.0
GATv2,11,test_43,irrelevant,0.0,0.0
GATv2,11,test_44,irrelevant,0.0,0.0
GATv2,11,test_45,irrelevant,0.0,0.0
GATv2,11,test_46,irrelevant,0.0,0.0
GATv2,11,test_47,irrelevant,0.0,0.0
GATv2,11,test_48,irrelevant,0.0,0.0
GATv2,11,test_49,irrelevant,0.0,0.0
GATv2,11,test_50,irrelevant,0.0,0.0
GATv2,11,test_51,irrelevant,0.0,0.0
GATv2,11,test_52,irrelevant,0.0,0.0
GATv2,11,test_53,irrelevant,0.0,0.0
GATv2,11,test_54,irrelevant,0.0,0.0
GATv2,11,test_55,irrelevant,0.0,0.0
GATv2,11,test_56,irrelevant,0.0,0.0
GATv2,11,test_57,irrelevant,0.0,0.0
GATv2,11,test_58,irrelevant,0.0,0.0
GATv2,11,test_59,irrelevant,0.0,0.0
GATv2,11,test_60,irrelevant,0.0,0.0
GATv2,11,test_61,irrelevant,0.0,0.0
GATv2,11,test_62,irrelevant,0.0,0.0
GATv2,11,test_63,irrelevant,0.0,0.0
GATv2,11,test_64,irrelevant,0.0,0.0
GATv2,11,test_65,irrelevant,0.0,0.0
GATv2,11,test_66,irrelevant,0.0,0.0
GATv2,11,test_67,irrelevant,0.0,0.0
GATv2,11,test_68,irrelevant,0.0,0.0
GATv2,11,test_69,irrelevant,0.0,0.0
GATv2,11,test_70,irrelevant,0.0,0.0
GATv2,11,test_71,irrelevant,0.0,0.0
GATv2,11,test_72,irrelevant,0.0,0.0
GATv2,11,test_73,irrelevant,0.0,0.0
GATv2,11,test_74,irrelevant,0.0,0.0
GATv2,11,test_75,irrelevant,0.0,0.0
GATv2,11,test_76,irrelevant,0.0,0.0
GATv2,11,test_77,irrelevant,0.0,0.0
GATv2,11,test_78,irrelevant,0.0,0.0
GATv2,11,test_79,irrelevant,0.0,0.0
GATv2,11,test_80,irrelevant,0.0,0.0
GATv2,11,test_81,irrelevant,0.0,0.0
GATv2,11,test_82,irrelevant,0.0,0.0
GATv2,11,test_83,irrelevant,0.0,0.0
GATv2,11,test_84,irrelevant,0.0,0.0
GATv2,11,test_85,irrelevant,0.0,0.0
GATv2,11,test_86,irrelevant,0.0,0.0
GATv2,11,test_87,irrelevant,0.0,0.0
GATv2,11,test_88,irrelevant,0.0,0.0
GATv2,11,test_89,irrelevant,0.0,0.0
GATv2,11,test_90,irrelevant,0.0,0.0
GATv2,11,test_91,irrelevant,0.0,0.0
GATv2,11,test_92,irrelevant,0.0,0.0
GATv2,11,test_93,irrelevant,0.0,0.0
GATv2,11,test_94,irrelevant,0.0,0.0
GATv2,11,test_95,irrelevant,0.0,0.0
GATv2,11,test_96,irrelevant,0.0,0.0
GATv2,11,test_97,irrelevant,0.0,0.0
GATv2,11,test_98,irrelevant,0.0,0.0
GATv2,11,test_99,irrelevant,0.0,0.0
GATv2,11,test_100,irrelevant,0.0,0.0
GATv2,11,test_101,irrelevant,0.0,0.0
GATv2,11,test_102,irrelevant,0.0,0.0
GATv2,11,test_103,irrelevant,0.0,0.0
GATv2,11,test_104,irrelevant,0.0,0.0
GATv2,11,test_105,irrelevant,0.0,0.0
GATv2,11,test_106,irrelevant,0.0,0.0
GATv2,11,test_107,irrelevant,0.0,0.0
GATv2,11,test_108,irrelevant,0.0,0.0
GATv2,11,test_109,irrelevant,0.0,0.0
GATv2,11,test_110,irrelevant,0.0,0.0
GATv2,11,test_111,irrelevant,0.0,0.0
GATv2,11,test_112,irrelevant,0.0,0.0
GATv2,11,test_113,irrelevant,0.0,0.0
GATv2,11,test_114,irrelevant,0.0,0.0
GATv2,11,test_115,irrelevant,0.0,0.0
GATv2,11,test_116,irrelevant,0.0,0.0
GATv2,11,test_117,irrelevant,0.0,0.0
GATv2,11,test_118,irrelevant,0.0,0.0
GATv2,11,test_119,irrelevant,0.0,0.0
GATv2,11,test_120,irrelevant,0.0,0.0
GATv2,11,test_121,irrelevant,0.0,0.0
GATv2,11,test_122,irrelevant,0.0,0.0
GATv2,11,test_123,irrelevant,0.0,0.0
GATv2,11,test_124,irrelevant,0.0,0.0
GATv2,11,test_125,irrelevant,0.0,0.0
GATv2,11,test_126,irrelevant,0.0,0.0
GATv2,11,test_127,irrelevant,0.0,0.0
GATv2,23,test_0,used,0.9998494386672974,2.582514935056679e-05
GATv2,23,test_1,used,0.999320924282074,0.04332360997796059
GATv2,23,test_2,used,0.999320924282074,0.04332362115383148
GATv2,23,test_3,used,0.9998494386672974,0.283882200717926
GATv2,23,test_4,used,0.9998494386672974,0.2838823199272156
GATv2,23,test_5,used,0.9998226165771484,2.7540218070498668e-05
GATv2,23,test_6,used,0.999320924282074,0.02212556265294552
GATv2,23,test_7,used,0.9991491436958313,0.022871343418955803
GATv2,23,test_8,used,0.9998494386672974,2.5825424017966725e-05
GATv2,23,test_9,used,0.999320924282074,0.02212556079030037
GATv2,23,test_10,used,0.9998226165771484,0.2847471237182617
GATv2,23,test_11,used,0.9991491436958313,0.0228713508695364
GATv2,23,test_12,used,0.9991491436958313,0.0228713545948267
GATv2,23,test_13,used,0.9991491436958313,0.0228713508695364
GATv2,23,test_14,used,0.999320924282074,0.04332360997796059
GATv2,23,test_15,used,0.9991491436958313,0.045402079820632935
GATv2,23,test_16,used,0.9991491436958313,0.022871343418955803
GATv2,23,test_17,used,0.9991491436958313,0.0228713471442461
GATv2,23,test_18,used,0.999320924282074,0.02212556265294552
GATv2,23,test_19,used,0.9998226165771484,0.2847471237182617
GATv2,23,test_20,used,0.999320924282074,0.04332360997796059
GATv2,23,test_21,used,0.9998226165771484,0.2847471237182617
GATv2,23,test_22,used,0.9998226165771484,0.2847471833229065
GATv2,23,test_23,used,0.9998494386672974,0.2838822603225708
GATv2,23,test_24,used,0.9998494386672974,2.5825132979662158e-05
GATv2,23,test_25,used,0.999320924282074,0.02212556265294552
GATv2,23,test_26,used,0.9998226165771484,2.7540057999431156e-05
GATv2,23,test_27,used,0.9998494386672974,2.5825132979662158e-05
GATv2,23,test_28,used,0.9991491436958313,0.04540206119418144
GATv2,23,test_29,used,0.999320924282074,0.04332363232970238
GATv2,23,test_30,used,0.9998226165771484,2.7540057999431156e-05
GATv2,23,test_31,used,0.9998226165771484,2.7540218070498668e-05
GATv2,23,test_32,used,0.9991491436958313,0.04540206864476204
GATv2,23,test_33,used,0.9998226165771484,2.7540057999431156e-05
GATv2,23,test_34,used,0.9998494386672974,2.582514935056679e-05
GATv2,23,test_35,used,0.9998226165771484,2.7540057999431156e-05
GATv2,23,test_36,used,0.999320924282074,0.04332362115383148
GATv2,23,test_37,used,0.9998494386672974,2.582527849881444e-05
GATv2,23,test_38,used,0.999320924282074,0.04332360997796059
GATv2,23,test_39,used,0.9998494386672974,0.28388237953186035
GATv2,23,test_40,used,0.9998226165771484,2.7540218070498668e-05
GATv2,23,test_41,used,0.9998226165771484,2.7540145310922526e-05
GATv2,23,test_42,used,0.9998226165771484,0.2847471833229065
GATv2,23,test_43,used,0.9998226165771484,0.2847471237182617
GATv2,23,test_44,used,0.9991491436958313,0.0228713508695364
GATv2,23,test_45,used,0.9998494386672974,2.5825294869719073e-05
GATv2,23,test_46,used,0.9998226165771484,2.754020351858344e-05
GATv2,23,test_47,used,0.999320924282074,0.02212556265294552
GATv2,23,test_48,used,0.999320924282074,0.02212556079030037
GATv2,23,test_49,used,0.9998226165771484,2.7540057999431156e-05
GATv2,23,test_50,used,0.999320924282074,0.02212555520236492
GATv2,23,test_51,used,0.9998494386672974,2.5825132979662158e-05
GATv2,23,test_52,used,0.9998226165771484,0.28474724292755127
GATv2,23,test_53,used,0.9998226165771484,0.2847471833229065
GATv2,23,test_54,used,0.9998494386672974,2.582514935056679e-05
GATv2,23,test_55,used,0.9991491436958313,0.04540206119418144
GATv2,23,test_56,used,0.9998226165771484,0.2847471833229065
GATv2,23,test_57,used,0.9998494386672974,0.2838823199272156
GATv2,23,test_58,used,0.9998494386672974,0.283882200717926
GATv2,23,test_59,used,0.9998226165771484,0.2847471237182617
GATv2,23,test_60,used,0.9991491436958313,0.04540206864476204
GATv2,23,test_61,used,0.999320924282074,0.043323542922735214
GATv2,23,test_62,used,0.999320924282074,0.02212555706501007
GATv2,23,test_63,used,0.9991491436958313,0.0228713508695364
GATv2,23,test_64,used,0.9998494386672974,0.283882200717926
GATv2,23,test_65,used,0.9998494386672974,2.582527849881444e-05
GATv2,23,test_66,used,0.9998494386672974,0.2838822603225708
GATv2,23,test_67,used,0.9998494386672974,2.5825424017966725e-05
GATv2,23,test_68,used,0.999320924282074,0.02212556079030037
GATv2,23,test_69,used,0.9991491436958313,0.04540206119418144
GATv2,23,test_70,used,0.9991491436958313,0.0228713545948267
GATv2,23,test_71,used,0.9991491436958313,0.04540204629302025
GATv2,23,test_72,used,0.9991491436958313,0.022871343418955803
GATv2,23,test_73,used,0.999320924282074,0.02212556079030037
GATv2,23,test_74,used,0.999320924282074,0.04332362115383148
GATv2,23,test_75,used,0.9998494386672974,0.283882200717926
GATv2,23,test_76,used,0.9998494386672974,0.28388237953186035
GATv2,23,test_77,used,0.999320924282074,0.04332362115383148
GATv2,23,test_78,used,0.9991491436958313,0.04540206119418144
GATv2,23,test_79,used,0.9991491436958313,0.04540206119418144
GATv2,23,test_80,used,0.999320924282074,0.04332363232970238
GATv2,23,test_81,used,0.9998226165771484,0.2847471237182617
GATv2,23,test_82,used,0.9991491436958313,0.04540206864476204
GATv2,23,test_83,used,0.9998226165771484,0.28474706411361694
GATv2,23,test_84,used,0.9998226165771484,2.7540218070498668e-05
GATv2,23,test_85,used,0.999320924282074,0.02212556079030037
GATv2,23,test_86,used,0.999320924282074,0.02212556079030037
GATv2,23,test_87,used,0.9998226165771484,2.7540057999431156e-05
GATv2,23,test_88,used,0.999320924282074,0.04332362115383148
GATv2,23,test_89,used,0.9998494386672974,2.582514935056679e-05
GATv2,23,test_90,used,0.9998494386672974,0.28388237953186035
GATv2,23,test_91,used,0.9998494386672974,2.5825424017966725e-05
GATv2,23,test_92,used,0.9991491436958313,0.0228713545948267
GATv2,23,test_93,used,0.999320924282074,0.04332362115383148
GATv2,23,test_94,used,0.9998494386672974,0.2838822603225708
GATv2,23,test_95,used,0.999320924282074,0.022125564515590668
GATv2,23,test_96,used,0.9991491436958313,0.022871343418955803
GATv2,23,test_97,used,0.9998226165771484,2.7540057999431156e-05
GATv2,23,test_98,used,0.9998226165771484,0.28474706411361694
GATv2,23,test_99,used,0.9998226165771484,2.7540218070498668e-05
GATv2,23,test_100,used,0.9991491436958313,0.04540206864476204
GATv2,23,test_101,used,0.9998494386672974,2.5825294869719073e-05
GATv2,23,test_102,used,0.9998494386672974,2.5825424017966725e-05
GATv2,23,test_103,used,0.9998494386672974,0.2838823199272156
GATv2,23,test_104,used,0.9991491436958313,0.04540206119418144
GATv2,23,test_105,used,0.9998226165771484,0.28474706411361694
GATv2,23,test_106,used,0.999320924282074,0.02212556079030037
GATv2,23,test_107,used,0.9998494386672974,0.2838823199272156
GATv2,23,test_108,used,0.9998226165771484,2.7540218070498668e-05
GATv2,23,test_109,used,0.9998494386672974,0.2838823199272156
GATv2,23,test_110,used,0.999320924282074,0.02212556079030037
GATv2,23,test_111,used,0.9991491436958313,0.0228713508695364
GATv2,23,test_112,used,0.9998494386672974,2.5825003831414506e-05
GATv2,23,test_113,used,0.9991491436958313,0.0228713471442461
GATv2,23,test_114,used,0.9991491436958313,0.04540203884243965
GATv2,23,test_115,used,0.999320924282074,0.043323639780282974
GATv2,23,test_116,used,0.999320924282074,0.04332362115383148
GATv2,23,test_117,used,0.9991491436958313,0.0228713508695364
GATv2,23,test_118,used,0.999320924282074,0.02212556079030037
GATv2,23,test_119,used,0.9991491436958313,0.04540206119418144
GATv2,23,test_120,used,0.9998494386672974,0.2838823199272156
GATv2,23,test_121,used,0.9998226165771484,0.28474706411361694
GATv2,23,test_122,used,0.9991491436958313,0.0228713508695364
GATv2,23,test_123,used,0.9991491436958313,0.04540204629302025
GATv2,23,test_124,used,0.999320924282074,0.04332363232970238
GATv2,23,test_125,used,0.9998226165771484,0.28474706411361694
GATv2,23,test_126,used,0.9998226165771484,2.7540057999431156e-05
GATv2,23,test_127,used,0.9991491436958313,0.04540206119418144
GATv2,23,test_0,unused,4.1724430047906935e-05,1.1657209142867941e-05
GATv2,23,test_1,unused,0.0001006574384518899,1.0927160474238917e-05
GATv2,23,test_2,unused,0.0001006576421787031,1.092704405891709e-05
GATv2,23,test_3,unused,0.00010340168955735862,1.5935642295517027e-05
GATv2,23,test_4,unused,0.00010340173321310431,1.5935554984025657e-05
GATv2,23,test_5,unused,4.172428452875465e-05,1.6416215657955036e-05
GATv2,23,test_6,unused,0.0002712542482186109,9.204673915519379e-06
GATv2,23,test_7,unused,0.00027125439373776317,1.910066021082457e-05
GATv2,23,test_8,unused,4.172428452875465e-05,1.1657354662020225e-05
GATv2,23,test_9,unused,0.0002712541026994586,9.204513844451867e-06
GATv2,23,test_10,unused,0.00010340179142076522,1.643881478230469e-05
GATv2,23,test_11,unused,0.0002712541026994586,1.910066021082457e-05
GATv2,23,test_12,unused,0.00027125419001094997,1.910076207423117e-05
GATv2,23,test_13,unused,0.0002712541026994586,1.910066021082457e-05
GATv2,23,test_14,unused,0.00010065735114039853,1.0927029507001862e-05
GATv2,23,test_15,unused,0.00010065745300380513,8.336137398146093e-06
GATv2,23,test_16,unused,0.0002712542191147804,1.910066021082457e-05
GATv2,23,test_17,unused,0.00027125419001094997,1.910076207423117e-05
GATv2,23,test_18,unused,0.00027125439373776317,9.204673915519379e-06
GATv2,23,test_19,unused,0.00010340173321310431,1.64390257850755e-05
GATv2,23,test_20,unused,0.0001006574384518899,1.0927014955086634e-05
GATv2,23,test_21,unused,0.00010340168955735862,1.643881478230469e-05
GATv2,23,test_22,unused,0.00010340179142076522,1.6439033061033115e-05
GATv2,23,test_23,unused,0.00010340179142076522,1.5935744158923626e-05
GATv2,23,test_24,unused,4.172441549599171e-05,1.1657340110104997e-05
GATv2,23,test_25,unused,0.00027125439373776317,9.204455636790954e-06
GATv2,23,test_26,unused,4.172426997683942e-05,1.6416375729022548e-05
GATv2,23,test_27,unused,4.172441549599171e-05,1.1657340110104997e-05
GATv2,23,test_28,unused,0.00010065762762678787,8.33625381346792e-06
GATv2,23,test_29,unused,0.00010065740934805945,1.0927204129984602e-05
GATv2,23,test_30,unused,4.172426997683942e-05,1.6416288417531177e-05
GATv2,23,test_31,unused,4.1724430047906935e-05,1.6416215657955036e-05
GATv2,23,test_32,unused,0.0001006576421787031,8.336137398146093e-06
GATv2,23,test_33,unused,4.172441549599171e-05,1.6416288417531177e-05
GATv2,23,test_34,unused,4.1724430047906935e-05,1.165748562925728e-05
GATv2,23,test_35,unused,4.172426997683942e-05,1.6416201106039807e-05
GATv2,23,test_36,unused,0.00010065746755572036,1.092713137040846e-05
GATv2,23,test_37,unused,4.172426997683942e-05,1.1657209142867941e-05
GATv2,23,test_38,unused,0.00010065742389997467,1.0926942195510492e-05
GATv2,23,test_39,unused,0.00010340168955735862,1.5935554984025657e-05
GATv2,23,test_40,unused,4.172457556705922e-05,1.6416215657955036e-05
GATv2,23,test_41,unused,4.172421176917851e-05,1.6416288417531177e-05
GATv2,23,test_42,unused,0.00010340179142076522,1.6439033061033115e-05
GATv2,23,test_43,unused,0.00010340168955735862,1.643881478230469e-05
GATv2,23,test_44,unused,0.0002712541026994586,1.910066021082457e-05
GATv2,23,test_45,unused,4.172428452875465e-05,1.1657354662020225e-05
GATv2,23,test_46,unused,4.172412445768714e-05,1.6416375729022548e-05
GATv2,23,test_47,unused,0.00027125439373776317,9.204673915519379e-06
GATv2,23,test_48,unused,0.0002712542191147804,9.204513844451867e-06
GATv2,23,test_49,unused,4.172412445768714e-05,1.6416375729022548e-05
GATv2,23,test_50,unused,0.00027125439373776317,9.204455636790954e-06
GATv2,23,test_51,unused,4.172441549599171e-05,1.1657340110104997e-05
GATv2,23,test_52,unused,0.00010340173321310431,1.64390257850755e-05
GATv2,23,test_53,unused,0.00010340173321310431,1.64390257850755e-05
GATv2,23,test_54,unused,4.1724430047906935e-05,1.1657209142867941e-05
GATv2,23,test_55,unused,0.00010065735114039853,8.33634112495929e-06
GATv2,23,test_56,unused,0.00010340173321310431,1.6439244063803926e-05
GATv2,23,test_57,unused,0.00010340173321310431,1.5935642295517027e-05
GATv2,23,test_58,unused,0.00010340173321310431,1.5935729607008398e-05
GATv2,23,test_59,unused,0.00010340179142076522,1.6439033061033115e-05
GATv2,23,test_60,unused,0.0001006572347250767,8.336137398146093e-06
GATv2,23,test_61,unused,0.00010065758397104219,1.092704405891709e-05
GATv2,23,test_62,unused,0.00027125419001094997,9.204295565723442e-06
GATv2,23,test_63,unused,0.000271254510153085,1.910076207423117e-05
GATv2,23,test_64,unused,0.00010340173321310431,1.5935642295517027e-05
GATv2,23,test_65,unused,4.172426997683942e-05,1.1657209142867941e-05
GATv2,23,test_66,unused,0.00010340168955735862,1.5935729607008398e-05
GATv2,23,test_67,unused,4.172428452875465e-05,1.1657631148409564e-05
GATv2,23,test_68,unused,0.00027125433553010225,9.204513844451867e-06
GATv2,23,test_69,unused,0.0001006575403152965,8.33634112495929e-06
GATv2,23,test_70,unused,0.00027125427732244134,1.910076207423117e-05
GATv2,23,test_71,unused,0.00010065732203656808,8.336355676874518e-06
GATv2,23,test_72,unused,0.0002712542191147804,1.910066021082457e-05
GATv2,23,test_73,unused,0.0002712542191147804,9.204295565723442e-06
GATv2,23,test_74,unused,0.0001006577440421097,1.0926898539764807e-05
GATv2,23,test_75,unused,0.00010340173321310431,1.5935642295517027e-05
GATv2,23,test_76,unused,0.00010340168955735862,1.5935554984025657e-05
GATv2,23,test_77,unused,0.00010065735114039853,1.092713137040846e-05
GATv2,23,test_78,unused,0.0001006575403152965,8.33634112495929e-06
GATv2,23,test_79,unused,0.00010065746755572036,8.336224709637463e-06
GATv2,23,test_80,unused,0.00010065732203656808,1.0926942195510492e-05
GATv2,23,test_81,unused,0.00010340173321310431,1.64390257850755e-05
GATv2,23,test_82,unused,0.00010065729293273762,8.336355676874518e-06
GATv2,23,test_83,unused,0.00010340179142076522,1.6439033061033115e-05
GATv2,23,test_84,unused,4.1724430047906935e-05,1.6416215657955036e-05
GATv2,23,test_85,unused,0.0002712541026994586,9.204513844451867e-06
GATv2,23,test_86,unused,0.0002712541026994586,9.204513844451867e-06
GATv2,23,test_87,unused,4.172426997683942e-05,1.6416375729022548e-05
GATv2,23,test_88,unused,0.00010065746755572036,1.0927145922323689e-05
GATv2,23,test_89,unused,4.1724430047906935e-05,1.165748562925728e-05
GATv2,23,test_90,unused,0.00010340168955735862,1.593531487742439e-05
GATv2,23,test_91,unused,4.172421176917851e-05,1.1657354662020225e-05
GATv2,23,test_92,unused,0.0002712541026994586,1.910066021082457e-05
GATv2,23,test_93,unused,0.00010065752576338127,1.0926913091680035e-05
GATv2,23,test_94,unused,0.00010340179142076522,1.5935504052322358e-05
GATv2,23,test_95,unused,0.0002712542191147804,9.204513844451867e-06
GATv2,23,test_96,unused,0.0002712541609071195,1.910066021082457e-05
GATv2,23,test_97,unused,4.172426997683942e-05,1.6416375729022548e-05
GATv2,23,test_98,unused,0.00010340173321310431,1.64390257850755e-05
GATv2,23,test_99,unused,4.172428452875465e-05,1.6416215657955036e-05
GATv2,23,test_100,unused,0.00010065746755572036,8.336224709637463e-06
GATv2,23,test_101,unused,4.172403714619577e-05,1.1657354662020225e-05
GATv2,23,test_102,unused,4.172412445768714e-05,1.1657631148409564e-05
GATv2,23,test_103,unused,0.00010340179142076522,1.5935656847432256e-05
GATv2,23,test_104,unused,0.00010065746755572036,8.336224709637463e-06
GATv2,23,test_105,unused,0.00010340168955735862,1.643881478230469e-05
GATv2,23,test_106,unused,0.00027125433553010225,9.204513844451867e-06
GATv2,23,test_107,unused,0.00010340179142076522,1.5935656847432256e-05
GATv2,23,test_108,unused,4.1724430047906935e-05,1.6416215657955036e-05
GATv2,23,test_109,unused,0.00010340179142076522,1.5935656847432256e-05
GATv2,23,test_110,unused,0.0002712542482186109,9.204673915519379e-06
GATv2,23,test_111,unused,0.000271254510153085,1.9100907593383454e-05
GATv2,23,test_112,unused,4.172457556705922e-05,1.1657340110104997e-05
GATv2,23,test_113,unused,0.0002712542191147804,1.9100805729976855e-05
GATv2,23,test_114,unused,0.0001006575403152965,8.336239261552691e-06
GATv2,23,test_115,unused,0.00010065745300380513,1.0927058610832319e-05
GATv2,23,test_116,unused,0.00010065720562124625,1.092713137040846e-05
GATv2,23,test_117,unused,0.00027125439373776317,1.910066021082457e-05
GATv2,23,test_118,unused,0.0002712542191147804,9.204513844451867e-06
GATv2,23,test_119,unused,0.00010065735114039853,8.33634112495929e-06
GATv2,23,test_120,unused,0.00010340168955735862,1.5935554984025657e-05
GATv2,23,test_121,unused,0.00010340173321310431,1.64390257850755e-05
GATv2,23,test_122,unused,0.0002712542482186109,1.9100514691672288e-05
GATv2,23,test_123,unused,0.00010065720562124625,8.33634112495929e-06
GATv2,23,test_124,unused,0.00010065746755572036,1.092713137040846e-05
GATv2,23,test_125,unused,0.00010340168955735862,1.6439033061033115e-05
GATv2,23,test_126,unused,4.172441549599171e-05,1.6416375729022548e-05
GATv2,23,test_127,unused,0.00010065745300380513,8.336355676874518e-06
GATv2,23,test_0,relational,0.9995902180671692,0.0027368771843612194
GATv2,23,test_1,relational,0.9991575479507446,0.014343192800879478
GATv2,23,test_2,relational,0.9991575479507446,0.014343200251460075
GATv2,23,test_3,relational,0.9991575479507446,0.016891803592443466
GATv2,23,test_4,relational,0.9991575479507446,0.016891803592443466
GATv2,23,test_5,relational,0.9993484020233154,0.004014876205474138
GATv2,23,test_6,relational,0.9995902180671692,0.001060222857631743
GATv2,23,test_7,relational,0.9993484020233154,0.002568267285823822
GATv2,23,test_8,relational,0.9995902180671692,0.002736876253038645
GATv2,23,test_9,relational,0.9995902180671692,0.0010602226248010993
GATv2,23,test_10,relational,0.9993335604667664,0.021884866058826447
GATv2,23,test_11,relational,0.9993484020233154,0.002568268682807684
GATv2,23,test_12,relational,0.9993484020233154,0.002568267984315753
GATv2,23,test_13,relational,0.9993484020233154,0.002568267285823822
GATv2,23,test_14,relational,0.9991575479507446,0.014343196526169777
GATv2,23,test_15,relational,0.9993335604667664,0.01087262388318777
GATv2,23,test_16,relational,0.9993484020233154,0.002568267285823822
GATv2,23,test_17,relational,0.9993484020233154,0.002568267285823822
GATv2,23,test_18,relational,0.9995902180671692,0.001060222857631743
GATv2,23,test_19,relational,0.9993335604667664,0.021884866058826447
GATv2,23,test_20,relational,0.9991575479507446,0.014343192800879478
GATv2,23,test_21,relational,0.9993335604667664,0.021884869784116745
GATv2,23,test_22,relational,0.9993335604667664,0.021884867921471596
GATv2,23,test_23,relational,0.9991575479507446,0.016891803592443466
GATv2,23,test_24,relational,0.9995902180671692,0.0027368750888854265
GATv2,23,test_25,relational,0.9995902180671692,0.0010602227412164211
GATv2,23,test_26,relational,0.9993484020233154,0.004014873411506414
GATv2,23,test_27,relational,0.9995902180671692,0.0027368750888854265
GATv2,23,test_28,relational,0.9993335604667664,0.010872621089220047
GATv2,23,test_29,relational,0.9991575479507446,0.014343200251460075
GATv2,23,test_30,relational,0.9993484020233154,0.004014873877167702
GATv2,23,test_31,relational,0.9993484020233154,0.004014873411506414
GATv2,23,test_32,relational,0.9993335604667664,0.010872619226574898
GATv2,23,test_33,relational,0.9993484020233154,0.004014873411506414
GATv2,23,test_34,relational,0.9995902180671692,0.002736874856054783
GATv2,23,test_35,relational,0.9993484020233154,0.004014873411506414
GATv2,23,test_36,relational,0.9991575479507446,0.014343200251460075
GATv2,23,test_37,relational,0.9995902180671692,0.0027368764858692884
GATv2,23,test_38,relational,0.9991575479507446,0.014343196526169777
GATv2,23,test_39,relational,0.9991575479507446,0.016891807317733765
GATv2,23,test_40,relational,0.9993484020233154,0.004014873411506414
GATv2,23,test_41,relational,0.9993484020233154,0.004014873411506414
GATv2,23,test_42,relational,0.9993335604667664,0.021884867921471596
GATv2,23,test_43,relational,0.9993335604667664,0.021884869784116745
GATv2,23,test_44,relational,0.9993484020233154,0.0025682668201625347
GATv2,23,test_45,relational,0.9995902180671692,0.002736876253038645
GATv2,23,test_46,relational,0.9993484020233154,0.004014873411506414
GATv2,23,test_47,relational,0.9995902180671692,0.001060222857631743
GATv2,23,test_48,relational,0.9995902180671692,0.0010602226248010993
GATv2,23,test_49,relational,0.9993484020233154,0.00401487248018384
GATv2,23,test_50,relational,0.9995902180671692,0.001060222857631743
GATv2,23,test_51,relational,0.9995902180671692,0.0027368750888854265
GATv2,23,test_52,relational,0.9993335604667664,0.021884867921471596
GATv2,23,test_53,relational,0.9993335604667664,0.021884866058826447
GATv2,23,test_54,relational,0.9995902180671692,0.0027368764858692884
GATv2,23,test_55,relational,0.9993335604667664,0.010872621089220047
GATv2,23,test_56,relational,0.9993335604667664,0.021884867921471596
GATv2,23,test_57,relational,0.9991575479507446,0.016891803592443466
GATv2,23,test_58,relational,0.9991575479507446,0.016891803592443466
GATv2,23,test_59,relational,0.9993335604667664,0.021884867921471596
GATv2,23,test_60,relational,0.9993335604667664,0.01087262388318777
GATv2,23,test_61,relational,0.9991575479507446,0.014343200251460075
GATv2,23,test_62,relational,0.9995902180671692,0.001060222159139812
GATv2,23,test_63,relational,0.9993484020233154,0.002568268682807684
GATv2,23,test_64,relational,0.9991575479507446,0.016891803592443466
GATv2,23,test_65,relational,0.9995902180671692,0.0027368764858692884
GATv2,23,test_66,relational,0.9991575479507446,0.016891803592443466
GATv2,23,test_67,relational,0.9995902180671692,0.002736876253038645
GATv2,23,test_68,relational,0.9995902180671692,0.0010602227412164211
GATv2,23,test_69,relational,0.9993335604667664,0.010872621089220047
GATv2,23,test_70,relational,0.9993484020233154,0.002568267984315753
GATv2,23,test_71,relational,0.9993335604667664,0.01087262388318777
GATv2,23,test_72,relational,0.9993484020233154,0.0025682677514851093
GATv2,23,test_73,relational,0.9995902180671692,0.0010602227412164211
GATv2,23,test_74,relational,0.9991575479507446,0.014343196526169777
GATv2,23,test_75,relational,0.9991575479507446,0.016891803592443466
GATv2,23,test_76,relational,0.9991575479507446,0.016891803592443466
GATv2,23,test_77,relational,0.9991575479507446,0.014343200251460075
GATv2,23,test_78,relational,0.9993335604667664,0.01087262388318777
GATv2,23,test_79,relational,0.9993335604667664,0.010872619226574898
GATv2,23,test_80,relational,0.9991575479507446,0.0143432030454278
GATv2,23,test_81,relational,0.9993335604667664,0.021884871646761894
GATv2,23,test_82,relational,0.9993335604667664,0.01087262388318777
GATv2,23,test_83,relational,0.9993335604667664,0.021884862333536148
GATv2,23,test_84,relational,0.9993484020233154,0.004014873411506414
GATv2,23,test_85,relational,0.9995902180671692,0.0010602226248010993
GATv2,23,test_86,relational,0.9995902180671692,0.0010602226248010993
GATv2,23,test_87,relational,0.9993484020233154,0.004014873411506414
GATv2,23,test_88,relational,0.9991575479507446,0.014343192800879478
GATv2,23,test_89,relational,0.9995902180671692,0.0027368764858692884
GATv2,23,test_90,relational,0.9991575479507446,0.016891803592443466
GATv2,23,test_91,relational,0.9995902180671692,0.0027368776500225067
GATv2,23,test_92,relational,0.9993484020233154,0.002568267285823822
GATv2,23,test_93,relational,0.9991575479507446,0.014343196526169777
GATv2,23,test_94,relational,0.9991575479507446,0.016891803592443466
GATv2,23,test_95,relational,0.9995902180671692,0.0010602223919704556
GATv2,23,test_96,relational,0.9993484020233154,0.002568267285823822
GATv2,23,test_97,relational,0.9993484020233154,0.004014873411506414
GATv2,23,test_98,relational,0.9993335604667664,0.021884867921471596
GATv2,23,test_99,relational,0.9993484020233154,0.004014873411506414
GATv2,23,test_100,relational,0.9993335604667664,0.01087262388318777
GATv2,23,test_101,relational,0.9995902180671692,0.002736876253038645
GATv2,23,test_102,relational,0.9995902180671692,0.002736876253038645
GATv2,23,test_103,relational,0.9991575479507446,0.016891803592443466
GATv2,23,test_104,relational,0.9993335604667664,0.01087262388318777
GATv2,23,test_105,relational,0.9993335604667664,0.021884866058826447
GATv2,23,test_106,relational,0.9995902180671692,0.0010602226248010993
GATv2,23,test_107,relational,0.9991575479507446,0.016891803592443466
GATv2,23,test_108,relational,0.9993484020233154,0.004014873411506414
GATv2,23,test_109,relational,0.9991575479507446,0.016891803592443466
GATv2,23,test_110,relational,0.9995902180671692,0.001060222857631743
GATv2,23,test_111,relational,0.9993484020233154,0.002568267285823822
GATv2,23,test_112,relational,0.9995902180671692,0.0027368750888854265
GATv2,23,test_113,relational,0.9993484020233154,0.0025682677514851093
GATv2,23,test_114,relational,0.9993335604667664,0.010872619226574898
GATv2,23,test_115,relational,0.9991575479507446,0.014343203976750374
GATv2,23,test_116,relational,0.9991575479507446,0.014343203976750374
GATv2,23,test_117,relational,0.9993484020233154,0.0025682684499770403
GATv2,23,test_118,relational,0.9995902180671692,0.0010602226248010993
GATv2,23,test_119,relational,0.9993335604667664,0.01087262388318777
GATv2,23,test_120,relational,0.9991575479507446,0.016891803592443466
GATv2,23,test_121,relational,0.9993335604667664,0.021884866058826447
GATv2,23,test_122,relational,0.9993484020233154,0.002568268682807684
GATv2,23,test_123,relational,0.9993335604667664,0.010872626677155495
GATv2,23,test_124,relational,0.9991575479507446,0.014343200251460075
GATv2,23,test_125,relational,0.9993335604667664,0.021884867921471596
GATv2,23,test_126,relational,0.9993484020233154,0.004014873411506414
GATv2,23,test_127,relational,0.9993335604667664,0.01087262388318777
GATv2,23,test_0,irrelevant,0.0,0.0
GATv2,23,test_1,irrelevant,0.0,0.0
GATv2,23,test_2,irrelevant,0.0,0.0
GATv2,23,test_3,irrelevant,0.0,0.0
GATv2,23,test_4,irrelevant,0.0,0.0
GATv2,23,test_5,irrelevant,0.0,0.0
GATv2,23,test_6,irrelevant,0.0,0.0
GATv2,23,test_7,irrelevant,0.0,0.0
GATv2,23,test_8,irrelevant,0.0,0.0
GATv2,23,test_9,irrelevant,0.0,0.0
GATv2,23,test_10,irrelevant,0.0,0.0
GATv2,23,test_11,irrelevant,0.0,0.0
GATv2,23,test_12,irrelevant,0.0,0.0
GATv2,23,test_13,irrelevant,0.0,0.0
GATv2,23,test_14,irrelevant,0.0,0.0
GATv2,23,test_15,irrelevant,0.0,0.0
GATv2,23,test_16,irrelevant,0.0,0.0
GATv2,23,test_17,irrelevant,0.0,0.0
GATv2,23,test_18,irrelevant,0.0,0.0
GATv2,23,test_19,irrelevant,0.0,0.0
GATv2,23,test_20,irrelevant,0.0,0.0
GATv2,23,test_21,irrelevant,0.0,0.0
GATv2,23,test_22,irrelevant,0.0,0.0
GATv2,23,test_23,irrelevant,0.0,0.0
GATv2,23,test_24,irrelevant,0.0,0.0
GATv2,23,test_25,irrelevant,0.0,0.0
GATv2,23,test_26,irrelevant,0.0,0.0
GATv2,23,test_27,irrelevant,0.0,0.0
GATv2,23,test_28,irrelevant,0.0,0.0
GATv2,23,test_29,irrelevant,0.0,0.0
GATv2,23,test_30,irrelevant,0.0,0.0
GATv2,23,test_31,irrelevant,0.0,0.0
GATv2,23,test_32,irrelevant,0.0,0.0
GATv2,23,test_33,irrelevant,0.0,0.0
GATv2,23,test_34,irrelevant,0.0,0.0
GATv2,23,test_35,irrelevant,0.0,0.0
GATv2,23,test_36,irrelevant,0.0,0.0
GATv2,23,test_37,irrelevant,0.0,0.0
GATv2,23,test_38,irrelevant,0.0,0.0
GATv2,23,test_39,irrelevant,0.0,0.0
GATv2,23,test_40,irrelevant,0.0,0.0
GATv2,23,test_41,irrelevant,0.0,0.0
GATv2,23,test_42,irrelevant,0.0,0.0
GATv2,23,test_43,irrelevant,0.0,0.0
GATv2,23,test_44,irrelevant,0.0,0.0
GATv2,23,test_45,irrelevant,0.0,0.0
GATv2,23,test_46,irrelevant,0.0,0.0
GATv2,23,test_47,irrelevant,0.0,0.0
GATv2,23,test_48,irrelevant,0.0,0.0
GATv2,23,test_49,irrelevant,0.0,0.0
GATv2,23,test_50,irrelevant,0.0,0.0
GATv2,23,test_51,irrelevant,0.0,0.0
GATv2,23,test_52,irrelevant,0.0,0.0
GATv2,23,test_53,irrelevant,0.0,0.0
GATv2,23,test_54,irrelevant,0.0,0.0
GATv2,23,test_55,irrelevant,0.0,0.0
GATv2,23,test_56,irrelevant,0.0,0.0
GATv2,23,test_57,irrelevant,0.0,0.0
GATv2,23,test_58,irrelevant,0.0,0.0
GATv2,23,test_59,irrelevant,0.0,0.0
GATv2,23,test_60,irrelevant,0.0,0.0
GATv2,23,test_61,irrelevant,0.0,0.0
GATv2,23,test_62,irrelevant,0.0,0.0
GATv2,23,test_63,irrelevant,0.0,0.0
GATv2,23,test_64,irrelevant,0.0,0.0
GATv2,23,test_65,irrelevant,0.0,0.0
GATv2,23,test_66,irrelevant,0.0,0.0
GATv2,23,test_67,irrelevant,0.0,0.0
GATv2,23,test_68,irrelevant,0.0,0.0
GATv2,23,test_69,irrelevant,0.0,0.0
GATv2,23,test_70,irrelevant,0.0,0.0
GATv2,23,test_71,irrelevant,0.0,0.0
GATv2,23,test_72,irrelevant,0.0,0.0
GATv2,23,test_73,irrelevant,0.0,0.0
GATv2,23,test_74,irrelevant,0.0,0.0
GATv2,23,test_75,irrelevant,0.0,0.0
GATv2,23,test_76,irrelevant,0.0,0.0
GATv2,23,test_77,irrelevant,0.0,0.0
GATv2,23,test_78,irrelevant,0.0,0.0
GATv2,23,test_79,irrelevant,0.0,0.0
GATv2,23,test_80,irrelevant,0.0,0.0
GATv2,23,test_81,irrelevant,0.0,0.0
GATv2,23,test_82,irrelevant,0.0,0.0
GATv2,23,test_83,irrelevant,0.0,0.0
GATv2,23,test_84,irrelevant,0.0,0.0
GATv2,23,test_85,irrelevant,0.0,0.0
GATv2,23,test_86,irrelevant,0.0,0.0
GATv2,23,test_87,irrelevant,0.0,0.0
GATv2,23,test_88,irrelevant,0.0,0.0
GATv2,23,test_89,irrelevant,0.0,0.0
GATv2,23,test_90,irrelevant,0.0,0.0
GATv2,23,test_91,irrelevant,0.0,0.0
GATv2,23,test_92,irrelevant,0.0,0.0
GATv2,23,test_93,irrelevant,0.0,0.0
GATv2,23,test_94,irrelevant,0.0,0.0
GATv2,23,test_95,irrelevant,0.0,0.0
GATv2,23,test_96,irrelevant,0.0,0.0
GATv2,23,test_97,irrelevant,0.0,0.0
GATv2,23,test_98,irrelevant,0.0,0.0
GATv2,23,test_99,irrelevant,0.0,0.0
GATv2,23,test_100,irrelevant,0.0,0.0
GATv2,23,test_101,irrelevant,0.0,0.0
GATv2,23,test_102,irrelevant,0.0,0.0
GATv2,23,test_103,irrelevant,0.0,0.0
GATv2,23,test_104,irrelevant,0.0,0.0
GATv2,23,test_105,irrelevant,0.0,0.0
GATv2,23,test_106,irrelevant,0.0,0.0
GATv2,23,test_107,irrelevant,0.0,0.0
GATv2,23,test_108,irrelevant,0.0,0.0
GATv2,23,test_109,irrelevant,0.0,0.0
GATv2,23,test_110,irrelevant,0.0,0.0
GATv2,23,test_111,irrelevant,0.0,0.0
GATv2,23,test_112,irrelevant,0.0,0.0
GATv2,23,test_113,irrelevant,0.0,0.0
GATv2,23,test_114,irrelevant,0.0,0.0
GATv2,23,test_115,irrelevant,0.0,0.0
GATv2,23,test_116,irrelevant,0.0,0.0
GATv2,23,test_117,irrelevant,0.0,0.0
GATv2,23,test_118,irrelevant,0.0,0.0
GATv2,23,test_119,irrelevant,0.0,0.0
GATv2,23,test_120,irrelevant,0.0,0.0
GATv2,23,test_121,irrelevant,0.0,0.0
GATv2,23,test_122,irrelevant,0.0,0.0
GATv2,23,test_123,irrelevant,0.0,0.0
GATv2,23,test_124,irrelevant,0.0,0.0
GATv2,23,test_125,irrelevant,0.0,0.0
GATv2,23,test_126,irrelevant,0.0,0.0
GATv2,23,test_127,irrelevant,0.0,0.0
GATv2,37,test_0,used,0.9998980164527893,0.0025406861677765846
GATv2,37,test_1,used,0.9994650483131409,0.036011308431625366
GATv2,37,test_2,used,0.9994650483131409,0.03601130098104477
GATv2,37,test_3,used,0.9998980164527893,0.14829204976558685
GATv2,37,test_4,used,0.9998980164527893,0.14829204976558685
GATv2,37,test_5,used,0.9999243021011353,0.0035185532178729773
GATv2,37,test_6,used,0.9994650483131409,0.042571116238832474
GATv2,37,test_7,used,0.9992525577545166,0.04111761599779129
GATv2,37,test_8,used,0.9998980164527893,0.0025406861677765846
GATv2,37,test_9,used,0.9994650483131409,0.04257109388709068
GATv2,37,test_10,used,0.9999243021011353,0.12797632813453674
GATv2,37,test_11,used,0.9992525577545166,0.0411175899207592
GATv2,37,test_12,used,0.9992525577545166,0.04111761599779129
GATv2,37,test_13,used,0.9992525577545166,0.041117604821920395
GATv2,37,test_14,used,0.9994650483131409,0.03601130098104477
GATv2,37,test_15,used,0.9992525577545166,0.050901152193546295
GATv2,37,test_16,used,0.9992525577545166,0.04111761599779129
GATv2,37,test_17,used,0.9992525577545166,0.041117604821920395
GATv2,37,test_18,used,0.9994650483131409,0.04257103428244591
GATv2,37,test_19,used,0.9999243021011353,0.12797634303569794
GATv2,37,test_20,used,0.9994650483131409,0.03601130098104477
GATv2,37,test_21,used,0.9999243021011353,0.12797634303569794
GATv2,37,test_22,used,0.9999243021011353,0.12797632813453674
GATv2,37,test_23,used,0.9998980164527893,0.14829204976558685
GATv2,37,test_24,used,0.9998980164527893,0.0025406861677765846
GATv2,37,test_25,used,0.9994650483131409,0.04257109388709068
GATv2,37,test_26,used,0.9999243021011353,0.003518554149195552
GATv2,37,test_27,used,0.9998980164527893,0.0025406861677765846
GATv2,37,test_28,used,0.9992525577545166,0.050901152193546295
GATv2,37,test_29,used,0.9994650483131409,0.03601131588220596
GATv2,37,test_30,used,0.9999243021011353,0.003518554149195552
GATv2,37,test_31,used,0.9999243021011353,0.0035185532178729773
GATv2,37,test_32,used,0.9992525577545166,0.05090116336941719
GATv2,37,test_33,used,0.9999243021011353,0.003518554149195552
GATv2,37,test_34,used,0.9998980164527893,0.0025406861677765846
GATv2,37,test_35,used,0.9999243021011353,0.003518554149195552
GATv2,37,test_36,used,0.9994650483131409,0.03601131588220596
GATv2,37,test_37,used,0.9998980164527893,0.0025406861677765846
GATv2,37,test_38,used,0.9994650483131409,0.03601131588220596
GATv2,37,test_39,used,0.9998980164527893,0.14829204976558685
GATv2,37,test_40,used,0.9999243021011353,0.0035185515880584717
GATv2,37,test_41,used,0.9999243021011353,0.0035185532178729773
GATv2,37,test_42,used,0.9999243021011353,0.12797632813453674
GATv2,37,test_43,used,0.9999243021011353,0.12797634303569794
GATv2,37,test_44,used,0.9992525577545166,0.04111761599779129
GATv2,37,test_45,used,0.9998980164527893,0.0025406861677765846
GATv2,37,test_46,used,0.9999243021011353,0.0035185543820261955
GATv2,37,test_47,used,0.9994650483131409,0.04257110878825188
GATv2,37,test_48,used,0.9994650483131409,0.04257112368941307
GATv2,37,test_49,used,0.9999243021011353,0.003518553450703621
GATv2,37,test_50,used,0.9994650483131409,0.04257103428244591
GATv2,37,test_51,used,0.9998980164527893,0.0025406861677765846
GATv2,37,test_52,used,0.9999243021011353,0.12797632813453674
GATv2,37,test_53,used,0.9999243021011353,0.12797634303569794
GATv2,37,test_54,used,0.9998980164527893,0.0025406861677765846
GATv2,37,test_55,used,0.9992525577545166,0.05090107023715973
GATv2,37,test_56,used,0.9999243021011353,0.12797634303569794
GATv2,37,test_57,used,0.9998980164527893,0.14829204976558685
GATv2,37,test_58,used,0.9998980164527893,0.14829206466674805
GATv2,37,test_59,used,0.9999243021011353,0.12797632813453674
GATv2,37,test_60,used,0.9992525577545166,0.05090107023715973
GATv2,37,test_61,used,0.9994650483131409,0.03601131588220596
GATv2,37,test_62,used,0.9994650483131409,0.042571116238832474
GATv2,37,test_63,used,0.9992525577545166,0.041117582470178604
GATv2,37,test_64,used,0.9998980164527893,0.14829204976558685
GATv2,37,test_65,used,0.9998980164527893,0.0025406861677765846
GATv2,37,test_66,used,0.9998980164527893,0.14829204976558685
GATv2,37,test_67,used,0.9998980164527893,0.0025406861677765846
GATv2,37,test_68,used,0.9994650483131409,0.04257110506296158
GATv2,37,test_69,used,0.9992525577545166,0.05090116709470749
GATv2,37,test_70,used,0.9992525577545166,0.041117601096630096
GATv2,37,test_71,used,0.9992525577545166,0.05090107023715973
GATv2,37,test_72,used,0.9992525577545166,0.04111761599779129
GATv2,37,test_73,used,0.9994650483131409,0.04257113113999367
GATv2,37,test_74,used,0.9994650483131409,0.03601131588220596
GATv2,37,test_75,used,0.9998980164527893,0.14829204976558685
GATv2,37,test_76,used,0.9998980164527893,0.14829204976558685
GATv2,37,test_77,used,0.9994650483131409,0.03601131588220596
GATv2,37,test_78,used,0.9992525577545166,0.05090118572115898
GATv2,37,test_79,used,0.9992525577545166,0.050901174545288086
GATv2,37,test_80,used,0.9994650483131409,0.036011289805173874
GATv2,37,test_81,used,0.9999243021011353,0.12797634303569794
GATv2,37,test_82,used,0.9992525577545166,0.050901081413030624
GATv2,37,test_83,used,0.9999243021011353,0.12797632813453674
GATv2,37,test_84,used,0.9999243021011353,0.003518553450703621
GATv2,37,test_85,used,0.9994650483131409,0.04257112741470337
GATv2,37,test_86,used,0.9994650483131409,0.04257110506296158
GATv2,37,test_87,used,0.9999243021011353,0.003518553450703621
GATv2,37,test_88,used,0.9994650483131409,0.03601130098104477
GATv2,37,test_89,used,0.9998980164527893,0.0025406861677765846
GATv2,37,test_90,used,0.9998980164527893,0.14829204976558685
GATv2,37,test_91,used,0.9998980164527893,0.0025406861677765846
GATv2,37,test_92,used,0.9992525577545166,0.041117601096630096
GATv2,37,test_93,used,0.9994650483131409,0.03601132333278656
GATv2,37,test_94,used,0.9998980164527893,0.14829204976558685
GATv2,37,test_95,used,0.9994650483131409,0.04257110133767128
GATv2,37,test_96,used,0.9992525577545166,0.041117601096630096
GATv2,37,test_97,used,0.9999243021011353,0.0035185543820261955
GATv2,37,test_98,used,0.9999243021011353,0.12797634303569794
GATv2,37,test_99,used,0.9999243021011353,0.003518553450703621
GATv2,37,test_100,used,0.9992525577545166,0.050901081413030624
GATv2,37,test_101,used,0.9998980164527893,0.0025406861677765846
GATv2,37,test_102,used,0.9998980164527893,0.0025406861677765846
GATv2,37,test_103,used,0.9998980164527893,0.14829204976558685
GATv2,37,test_104,used,0.9992525577545166,0.050901081413030624
GATv2,37,test_105,used,0.9999243021011353,0.12797632813453674
GATv2,37,test_106,used,0.9994650483131409,0.04257110878825188
GATv2,37,test_107,used,0.9998980164527893,0.14829203486442566
GATv2,37,test_108,used,0.9999243021011353,0.0035185515880584717
GATv2,37,test_109,used,0.9998980164527893,0.14829204976558685
GATv2,37,test_110,used,0.9994650483131409,0.04257110506296158
GATv2,37,test_111,used,0.9992525577545166,0.0411175936460495
GATv2,37,test_112,used,0.9998980164527893,0.0025406861677765846
GATv2,37,test_113,used,0.9992525577545166,0.0411175936460495
GATv2,37,test_114,used,0.9992525577545166,0.05090116336941719
GATv2,37,test_115,used,0.9994650483131409,0.03601130098104477
GATv2,37,test_116,used,0.9994650483131409,0.03601131588220596
GATv2,37,test_117,used,0.9992525577545166,0.04111761599779129
GATv2,37,test_118,used,0.9994650483131409,0.04257110133767128
GATv2,37,test_119,used,0.9992525577545166,0.05090116336941719
GATv2,37,test_120,used,0.9998980164527893,0.14829204976558685
GATv2,37,test_121,used,0.9999243021011353,0.12797632813453674
GATv2,37,test_122,used,0.9992525577545166,0.04111761599779129
GATv2,37,test_123,used,0.9992525577545166,0.05090116336941719
GATv2,37,test_124,used,0.9994650483131409,0.03601139038801193
GATv2,37,test_125,used,0.9999243021011353,0.12797632813453674
GATv2,37,test_126,used,0.9999243021011353,0.0035185543820261955
GATv2,37,test_127,used,0.9992525577545166,0.050901152193546295
GATv2,37,test_0,unused,7.349908992182463e-05,7.864065082685556e-06
GATv2,37,test_1,unused,0.00020086299628019333,1.630256520002149e-05
GATv2,37,test_2,unused,0.00020086299628019333,1.630256520002149e-05
GATv2,37,test_3,unused,5.315611633704975e-05,4.8721631173975766e-06
GATv2,37,test_4,unused,5.315624730428681e-05,4.9317186494590715e-06
GATv2,37,test_5,unused,7.349922088906169e-05,9.780724212760106e-06
GATv2,37,test_6,unused,0.00017662292520981282,3.582012141123414e-05
GATv2,37,test_7,unused,0.00017662275058683008,5.022500772611238e-05
GATv2,37,test_8,unused,7.349922088906169e-05,7.864065082685556e-06
GATv2,37,test_9,unused,0.00017662275058683008,3.582037243177183e-05
GATv2,37,test_10,unused,5.315624730428681e-05,7.035256203380413e-06
GATv2,37,test_11,unused,0.0001766228670021519,5.0225004088133574e-05
GATv2,37,test_12,unused,0.00017662259051576257,5.022499681217596e-05
GATv2,37,test_13,unused,0.00017662293976172805,5.0224989536218345e-05
GATv2,37,test_14,unused,0.00020086290896870196,1.6302434232784435e-05
GATv2,37,test_15,unused,0.0002008628216572106,2.4267581466119736e-05
GATv2,37,test_16,unused,0.0001766227069310844,5.0224989536218345e-05
GATv2,37,test_17,unused,0.00017662282334640622,5.022477125748992e-05
GATv2,37,test_18,unused,0.00017662285245023668,3.5820205084746704e-05
GATv2,37,test_19,unused,5.3156200010562316e-05,7.035161615931429e-06
GATv2,37,test_20,unused,0.00020086290896870196,1.6302470612572506e-05
GATv2,37,test_21,unused,5.315631642588414e-05,7.035230737528764e-06
GATv2,37,test_22,unused,5.315628368407488e-05,7.035134331090376e-06
GATv2,37,test_23,unused,5.315624730428681e-05,4.8721631173975766e-06
GATv2,37,test_24,unused,7.349908992182463e-05,7.864065082685556e-06
GATv2,37,test_25,unused,0.00017662288155406713,3.582053614081815e-05
GATv2,37,test_26,unused,7.349908992182463e-05,9.780724212760106e-06
GATv2,37,test_27,unused,7.349908992182463e-05,7.864166946092155e-06
GATv2,37,test_28,unused,0.00020086299628019333,2.426767605356872e-05
GATv2,37,test_29,unused,0.00020086311269551516,1.6302346921293065e-05
GATv2,37,test_30,unused,7.349894440267235e-05,9.780448635865469e-06
GATv2,37,test_31,unused,7.349922088906169e-05,9.780724212760106e-06
GATv2,37,test_32,unused,0.00020086290896870196,2.4267581466119736e-05
GATv2,37,test_33,unused,7.349908992182463e-05,9.780724212760106e-06
GATv2,37,test_34,unused,7.349908992182463e-05,7.864065082685556e-06
GATv2,37,test_35,unused,7.349908992182463e-05,9.780724212760106e-06
GATv2,37,test_36,unused,0.00020086290896870196,1.6302470612572506e-05
GATv2,37,test_37,unused,7.349922088906169e-05,7.864268809498753e-06
GATv2,37,test_38,unused,0.00020086299628019333,1.630256520002149e-05
GATv2,37,test_39,unused,5.315624730428681e-05,4.9317186494590715e-06
GATv2,37,test_40,unused,7.349908992182463e-05,9.780594155017752e-06
GATv2,37,test_41,unused,7.349922088906169e-05,9.780724212760106e-06
GATv2,37,test_42,unused,5.315625458024442e-05,7.035161615931429e-06
GATv2,37,test_43,unused,5.315631642588414e-05,7.035132512100972e-06
GATv2,37,test_44,unused,0.0001766227651387453,5.022499681217596e-05
GATv2,37,test_45,unused,7.349908992182463e-05,7.864065082685556e-06
GATv2,37,test_46,unused,7.349908992182463e-05,9.780594155017752e-06
GATv2,37,test_47,unused,0.00017662279424257576,3.582037606975064e-05
GATv2,37,test_48,unused,0.00017662292520981282,3.582053614081815e-05
GATv2,37,test_49,unused,7.349908992182463e-05,9.780594155017752e-06
GATv2,37,test_50,unused,0.00017662288155406713,3.582029603421688e-05
GATv2,37,test_51,unused,7.349908992182463e-05,7.864065082685556e-06
GATv2,37,test_52,unused,5.315621092449874e-05,7.035132512100972e-06
GATv2,37,test_53,unused,5.315624730428681e-05,7.035161615931429e-06
GATv2,37,test_54,unused,7.349908992182463e-05,7.864268809498753e-06
GATv2,37,test_55,unused,0.00020086290896870196,2.426790160825476e-05
GATv2,37,test_56,unused,5.315624730428681e-05,7.035161615931429e-06
GATv2,37,test_57,unused,5.315614544088021e-05,4.8721631173975766e-06
GATv2,37,test_58,unused,5.315613452694379e-05,4.9317304728901945e-06
GATv2,37,test_59,unused,5.315624730428681e-05,7.035230737528764e-06
GATv2,37,test_60,unused,0.00020086290896870196,2.4267807020805776e-05
GATv2,37,test_61,unused,0.00020086303993593901,1.630260521778837e-05
GATv2,37,test_62,unused,0.00017662279424257576,3.58204597432632e-05
GATv2,37,test_63,unused,0.00017662285245023668,5.022510595154017e-05
GATv2,37,test_64,unused,5.315610906109214e-05,4.931755029247142e-06
GATv2,37,test_65,unused,7.349908992182463e-05,7.864268809498753e-06
GATv2,37,test_66,unused,5.315606904332526e-05,4.931766852678265e-06
GATv2,37,test_67,unused,7.349908992182463e-05,7.864166946092155e-06
GATv2,37,test_68,unused,0.00017662272148299962,3.5820452467305586e-05
GATv2,37,test_69,unused,0.00020086279255338013,2.4267581466119736e-05
GATv2,37,test_70,unused,0.00017662277969066054,5.022512414143421e-05
GATv2,37,test_71,unused,0.00020086299628019333,2.4267792468890548e-05
GATv2,37,test_72,unused,0.00017662279424257576,5.0224989536218345e-05
GATv2,37,test_73,unused,0.00017662267782725394,3.582021963666193e-05
GATv2,37,test_74,unused,0.00020086290896870196,1.6302434232784435e-05
GATv2,37,test_75,unused,5.315610906109214e-05,4.931755029247142e-06
GATv2,37,test_76,unused,5.315625458024442e-05,4.8721631173975766e-06
GATv2,37,test_77,unused,0.00020086290896870196,1.6302434232784435e-05
GATv2,37,test_78,unused,0.00020086311269551516,2.4267908884212375e-05
GATv2,37,test_79,unused,0.00020086299628019333,2.4267770641017705e-05
GATv2,37,test_80,unused,0.00020086299628019333,1.6302434232784435e-05
GATv2,37,test_81,unused,5.315624730428681e-05,7.035161615931429e-06
GATv2,37,test_82,unused,0.0002008628216572106,2.4267486878670752e-05
GATv2,37,test_83,unused,5.3156200010562316e-05,7.035168891889043e-06
GATv2,37,test_84,unused,7.349908992182463e-05,9.780594155017752e-06
GATv2,37,test_85,unused,0.00017662267782725394,3.582037606975064e-05
GATv2,37,test_86,unused,0.00017662282334640622,3.582012141123414e-05
GATv2,37,test_87,unused,7.349908992182463e-05,9.780594155017752e-06
GATv2,37,test_88,unused,0.00020086299628019333,1.6302470612572506e-05
GATv2,37,test_89,unused,7.349908992182463e-05,7.864166946092155e-06
GATv2,37,test_90,unused,5.315624730428681e-05,4.8721631173975766e-06
GATv2,37,test_91,unused,7.349908992182463e-05,7.864065082685556e-06
GATv2,37,test_92,unused,0.00017662275058683008,5.02251205034554e-05
GATv2,37,test_93,unused,0.0002008627780014649,1.6302346921293065e-05
GATv2,37,test_94,unused,5.315624730428681e-05,4.8721631173975766e-06
GATv2,37,test_95,unused,0.00017662279424257576,3.582038334570825e-05
GATv2,37,test_96,unused,0.00017662275058683008,5.02251205034554e-05
GATv2,37,test_97,unused,7.349908992182463e-05,9.780594155017752e-06
GATv2,37,test_98,unused,5.315624730428681e-05,7.035161615931429e-06
GATv2,37,test_99,unused,7.349908992182463e-05,9.780594155017752e-06
GATv2,37,test_100,unused,0.00020086290896870196,2.4267581466119736e-05
GATv2,37,test_101,unused,7.349908992182463e-05,7.864268809498753e-06
GATv2,37,test_102,unused,7.349908992182463e-05,7.864065082685556e-06
GATv2,37,test_103,unused,5.315624730428681e-05,4.8721631173975766e-06
GATv2,37,test_104,unused,0.00020086290896870196,2.4267581466119736e-05
GATv2,37,test_105,unused,5.315611633704975e-05,7.0352634793380275e-06
GATv2,37,test_106,unused,0.00017662298341747373,3.5820292396238074e-05
GATv2,37,test_107,unused,5.315625458024442e-05,4.8721631173975766e-06
GATv2,37,test_108,unused,7.349908992182463e-05,9.780594155017752e-06
GATv2,37,test_109,unused,5.315624730428681e-05,4.8721631173975766e-06
GATv2,37,test_110,unused,0.00017662264872342348,3.5820292396238074e-05
GATv2,37,test_111,unused,0.00017662267782725394,5.0224989536218345e-05
GATv2,37,test_112,unused,7.349908992182463e-05,7.864166946092155e-06
GATv2,37,test_113,unused,0.00017662277969066054,5.0225004088133574e-05
GATv2,37,test_114,unused,0.00020086290896870196,2.4267581466119736e-05
GATv2,37,test_115,unused,0.00020086279255338013,1.630260521778837e-05
GATv2,37,test_116,unused,0.00020086299628019333,1.630260521778837e-05
GATv2,37,test_117,unused,0.00017662288155406713,5.0224989536218345e-05
GATv2,37,test_118,unused,0.00017662282334640622,3.5820539778796956e-05
GATv2,37,test_119,unused,0.00020086290896870196,2.4267792468890548e-05
GATv2,37,test_120,unused,5.315624730428681e-05,4.8721631173975766e-06
GATv2,37,test_121,unused,5.315624730428681e-05,7.035125236143358e-06
GATv2,37,test_122,unused,0.00017662305617704988,5.022499681217596e-05
GATv2,37,test_123,unused,0.00020086299628019333,2.426767605356872e-05
GATv2,37,test_124,unused,0.0002008628216572106,1.630256520002149e-05
GATv2,37,test_125,unused,5.315624730428681e-05,7.035168891889043e-06
GATv2,37,test_126,unused,7.349908992182463e-05,9.780594155017752e-06
GATv2,37,test_127,unused,0.0002008628216572106,2.4267486878670752e-05
GATv2,37,test_0,relational,0.9996181726455688,0.0532020628452301
GATv2,37,test_1,relational,0.9996041059494019,0.024502575397491455
GATv2,37,test_2,relational,0.9996041059494019,0.024502599611878395
GATv2,37,test_3,relational,0.9996041059494019,0.04343405365943909
GATv2,37,test_4,relational,0.9996041059494019,0.04343404620885849
GATv2,37,test_5,relational,0.999500036239624,0.10272108763456345
GATv2,37,test_6,relational,0.9996181726455688,0.02187286876142025
GATv2,37,test_7,relational,0.999500036239624,0.019469205290079117
GATv2,37,test_8,relational,0.9996181726455688,0.0532020628452301
GATv2,37,test_9,relational,0.9996181726455688,0.02187286503612995
GATv2,37,test_10,relational,0.9994497895240784,0.04145899787545204
GATv2,37,test_11,relational,0.999500036239624,0.019469205290079117
GATv2,37,test_12,relational,0.999500036239624,0.019469207152724266
GATv2,37,test_13,relational,0.999500036239624,0.019469207152724266
GATv2,37,test_14,relational,0.9996041059494019,0.024502582848072052
GATv2,37,test_15,relational,0.9994497895240784,0.0423286072909832
GATv2,37,test_16,relational,0.999500036239624,0.019469210878014565
GATv2,37,test_17,relational,0.999500036239624,0.019469207152724266
GATv2,37,test_18,relational,0.9996181726455688,0.02187286503612995
GATv2,37,test_19,relational,0.9994497895240784,0.041458986699581146
GATv2,37,test_20,relational,0.9996041059494019,0.024502594023942947
GATv2,37,test_21,relational,0.9994497895240784,0.041458986699581146
GATv2,37,test_22,relational,0.9994497895240784,0.041458986699581146
GATv2,37,test_23,relational,0.9996041059494019,0.04343404620885849
GATv2,37,test_24,relational,0.9996181726455688,0.0532020628452301
GATv2,37,test_25,relational,0.9996181726455688,0.02187286503612995
GATv2,37,test_26,relational,0.999500036239624,0.10272103548049927
GATv2,37,test_27,relational,0.9996181726455688,0.0532020628452301
GATv2,37,test_28,relational,0.9994497895240784,0.0423286072909832
GATv2,37,test_29,relational,0.9996041059494019,0.024502599611878395
GATv2,37,test_30,relational,0.999500036239624,0.10272103548049927
GATv2,37,test_31,relational,0.999500036239624,0.10272108763456345
GATv2,37,test_32,relational,0.9994497895240784,0.0423286072909832
GATv2,37,test_33,relational,0.999500036239624,0.10272103548049927
GATv2,37,test_34,relational,0.9996181726455688,0.0532020628452301
GATv2,37,test_35,relational,0.999500036239624,0.10272103548049927
GATv2,37,test_36,relational,0.9996041059494019,0.024502594023942947
GATv2,37,test_37,relational,0.9996181726455688,0.0532020628452301
GATv2,37,test_38,relational,0.9996041059494019,0.024502594023942947
GATv2,37,test_39,relational,0.9996041059494019,0.04343404620885849
GATv2,37,test_40,relational,0.999500036239624,0.10272103548049927
GATv2,37,test_41,relational,0.999500036239624,0.10272108763456345
GATv2,37,test_42,relational,0.9994497895240784,0.041458986699581146
GATv2,37,test_43,relational,0.9994497895240784,0.041458986699581146
GATv2,37,test_44,relational,0.999500036239624,0.019469207152724266
GATv2,37,test_45,relational,0.9996181726455688,0.0532020628452301
GATv2,37,test_46,relational,0.999500036239624,0.10272108763456345
GATv2,37,test_47,relational,0.9996181726455688,0.02187286503612995
GATv2,37,test_48,relational,0.9996181726455688,0.02187286503612995
GATv2,37,test_49,relational,0.999500036239624,0.10272103548049927
GATv2,37,test_50,relational,0.9996181726455688,0.02187286876142025
GATv2,37,test_51,relational,0.9996181726455688,0.0532020628452301
GATv2,37,test_52,relational,0.9994497895240784,0.041458986699581146
GATv2,37,test_53,relational,0.9994497895240784,0.041458986699581146
GATv2,37,test_54,relational,0.9996181726455688,0.0532020628452301
GATv2,37,test_55,relational,0.9994497895240784,0.042328596115112305
GATv2,37,test_56,relational,0.9994497895240784,0.041458986699581146
GATv2,37,test_57,relational,0.9996041059494019,0.04343404620885849
GATv2,37,test_58,relational,0.9996041059494019,0.04343405365943909
GATv2,37,test_59,relational,0.9994497895240784,0.041458986699581146
GATv2,37,test_60,relational,0.9994497895240784,0.0423286072909832
GATv2,37,test_61,relational,0.9996041059494019,0.024502599611878395
GATv2,37,test_62,relational,0.9996181726455688,0.02187286503612995
GATv2,37,test_63,relational,0.999500036239624,0.019469207152724266
GATv2,37,test_64,relational,0.9996041059494019,0.04343404993414879
GATv2,37,test_65,relational,0.9996181726455688,0.0532020628452301
GATv2,37,test_66,relational,0.9996041059494019,0.043434061110019684
GATv2,37,test_67,relational,0.9996181726455688,0.0532020628452301
GATv2,37,test_68,relational,0.9996181726455688,0.021872861310839653
GATv2,37,test_69,relational,0.9994497895240784,0.0423286072909832
GATv2,37,test_70,relational,0.999500036239624,0.019469210878014565
GATv2,37,test_71,relational,0.9994497895240784,0.0423286072909832
GATv2,37,test_72,relational,0.999500036239624,0.019469207152724266
GATv2,37,test_73,relational,0.9996181726455688,0.02187286503612995
GATv2,37,test_74,relational,0.9996041059494019,0.024502582848072052
GATv2,37,test_75,relational,0.9996041059494019,0.04343404993414879
GATv2,37,test_76,relational,0.9996041059494019,0.04343404620885849
GATv2,37,test_77,relational,0.9996041059494019,0.024502582848072052
GATv2,37,test_78,relational,0.9994497895240784,0.0423286072909832
GATv2,37,test_79,relational,0.9994497895240784,0.0423286072909832
GATv2,37,test_80,relational,0.9996041059494019,0.024502599611878395
GATv2,37,test_81,relational,0.9994497895240784,0.041458986699581146
GATv2,37,test_82,relational,0.9994497895240784,0.04232862591743469
GATv2,37,test_83,relational,0.9994497895240784,0.041458986699581146
GATv2,37,test_84,relational,0.999500036239624,0.10272103548049927
GATv2,37,test_85,relational,0.9996181726455688,0.02187286503612995
GATv2,37,test_86,relational,0.9996181726455688,0.02187287248671055
GATv2,37,test_87,relational,0.999500036239624,0.10272103548049927
GATv2,37,test_88,relational,0.9996041059494019,0.024502599611878395
GATv2,37,test_89,relational,0.9996181726455688,0.0532020628452301
GATv2,37,test_90,relational,0.9996041059494019,0.04343404620885849
GATv2,37,test_91,relational,0.9996181726455688,0.0532020628452301
GATv2,37,test_92,relational,0.999500036239624,0.019469207152724266
GATv2,37,test_93,relational,0.9996041059494019,0.024502582848072052
GATv2,37,test_94,relational,0.9996041059494019,0.04343404620885849
GATv2,37,test_95,relational,0.9996181726455688,0.02187286503612995
GATv2,37,test_96,relational,0.999500036239624,0.019469207152724266
GATv2,37,test_97,relational,0.999500036239624,0.10272103548049927
GATv2,37,test_98,relational,0.9994497895240784,0.041458986699581146
GATv2,37,test_99,relational,0.999500036239624,0.10272103548049927
GATv2,37,test_100,relational,0.9994497895240784,0.04232852905988693
GATv2,37,test_101,relational,0.9996181726455688,0.0532020628452301
GATv2,37,test_102,relational,0.9996181726455688,0.0532020628452301
GATv2,37,test_103,relational,0.9996041059494019,0.04343404620885849
GATv2,37,test_104,relational,0.9994497895240784,0.042328618466854095
GATv2,37,test_105,relational,0.9994497895240784,0.041458986699581146
GATv2,37,test_106,relational,0.9996181726455688,0.02187286503612995
GATv2,37,test_107,relational,0.9996041059494019,0.04343405365943909
GATv2,37,test_108,relational,0.999500036239624,0.10272103548049927
GATv2,37,test_109,relational,0.9996041059494019,0.04343404620885849
GATv2,37,test_110,relational,0.9996181726455688,0.02187286503612995
GATv2,37,test_111,relational,0.999500036239624,0.019469207152724266
GATv2,37,test_112,relational,0.9996181726455688,0.0532020628452301
GATv2,37,test_113,relational,0.999500036239624,0.019469203427433968
GATv2,37,test_114,relational,0.9994497895240784,0.042328618466854095
GATv2,37,test_115,relational,0.9996041059494019,0.024502605199813843
GATv2,37,test_116,relational,0.9996041059494019,0.02450258657336235
GATv2,37,test_117,relational,0.999500036239624,0.019469205290079117
GATv2,37,test_118,relational,0.9996181726455688,0.02187286503612995
GATv2,37,test_119,relational,0.9994497895240784,0.042328596115112305
GATv2,37,test_120,relational,0.9996041059494019,0.04343405365943909
GATv2,37,test_121,relational,0.9994497895240784,0.041458986699581146
GATv2,37,test_122,relational,0.999500036239624,0.019469210878014565
GATv2,37,test_123,relational,0.9994497895240784,0.042328596115112305
GATv2,37,test_124,relational,0.9996041059494019,0.024502594023942947
GATv2,37,test_125,relational,0.9994497895240784,0.041458986699581146
GATv2,37,test_126,relational,0.999500036239624,0.10272103548049927
GATv2,37,test_127,relational,0.9994497895240784,0.042328618466854095
GATv2,37,test_0,irrelevant,0.0,0.0
GATv2,37,test_1,irrelevant,0.0,0.0
GATv2,37,test_2,irrelevant,0.0,0.0
GATv2,37,test_3,irrelevant,0.0,0.0
GATv2,37,test_4,irrelevant,0.0,0.0
GATv2,37,test_5,irrelevant,0.0,0.0
GATv2,37,test_6,irrelevant,0.0,0.0
GATv2,37,test_7,irrelevant,0.0,0.0
GATv2,37,test_8,irrelevant,0.0,0.0
GATv2,37,test_9,irrelevant,0.0,0.0
GATv2,37,test_10,irrelevant,0.0,0.0
GATv2,37,test_11,irrelevant,0.0,0.0
GATv2,37,test_12,irrelevant,0.0,0.0
GATv2,37,test_13,irrelevant,0.0,0.0
GATv2,37,test_14,irrelevant,0.0,0.0
GATv2,37,test_15,irrelevant,0.0,0.0
GATv2,37,test_16,irrelevant,0.0,0.0
GATv2,37,test_17,irrelevant,0.0,0.0
GATv2,37,test_18,irrelevant,0.0,0.0
GATv2,37,test_19,irrelevant,0.0,0.0
GATv2,37,test_20,irrelevant,0.0,0.0
GATv2,37,test_21,irrelevant,0.0,0.0
GATv2,37,test_22,irrelevant,0.0,0.0
GATv2,37,test_23,irrelevant,0.0,0.0
GATv2,37,test_24,irrelevant,0.0,0.0
GATv2,37,test_25,irrelevant,0.0,0.0
GATv2,37,test_26,irrelevant,0.0,0.0
GATv2,37,test_27,irrelevant,0.0,0.0
GATv2,37,test_28,irrelevant,0.0,0.0
GATv2,37,test_29,irrelevant,0.0,0.0
GATv2,37,test_30,irrelevant,0.0,0.0
GATv2,37,test_31,irrelevant,0.0,0.0
GATv2,37,test_32,irrelevant,0.0,0.0
GATv2,37,test_33,irrelevant,0.0,0.0
GATv2,37,test_34,irrelevant,0.0,0.0
GATv2,37,test_35,irrelevant,0.0,0.0
GATv2,37,test_36,irrelevant,0.0,0.0
GATv2,37,test_37,irrelevant,0.0,0.0
GATv2,37,test_38,irrelevant,0.0,0.0
GATv2,37,test_39,irrelevant,0.0,0.0
GATv2,37,test_40,irrelevant,0.0,0.0
GATv2,37,test_41,irrelevant,0.0,0.0
GATv2,37,test_42,irrelevant,0.0,0.0
GATv2,37,test_43,irrelevant,0.0,0.0
GATv2,37,test_44,irrelevant,0.0,0.0
GATv2,37,test_45,irrelevant,0.0,0.0
GATv2,37,test_46,irrelevant,0.0,0.0
GATv2,37,test_47,irrelevant,0.0,0.0
GATv2,37,test_48,irrelevant,0.0,0.0
GATv2,37,test_49,irrelevant,0.0,0.0
GATv2,37,test_50,irrelevant,0.0,0.0
GATv2,37,test_51,irrelevant,0.0,0.0
GATv2,37,test_52,irrelevant,0.0,0.0
GATv2,37,test_53,irrelevant,0.0,0.0
GATv2,37,test_54,irrelevant,0.0,0.0
GATv2,37,test_55,irrelevant,0.0,0.0
GATv2,37,test_56,irrelevant,0.0,0.0
GATv2,37,test_57,irrelevant,0.0,0.0
GATv2,37,test_58,irrelevant,0.0,0.0
GATv2,37,test_59,irrelevant,0.0,0.0
GATv2,37,test_60,irrelevant,0.0,0.0
GATv2,37,test_61,irrelevant,0.0,0.0
GATv2,37,test_62,irrelevant,0.0,0.0
GATv2,37,test_63,irrelevant,0.0,0.0
GATv2,37,test_64,irrelevant,0.0,0.0
GATv2,37,test_65,irrelevant,0.0,0.0
GATv2,37,test_66,irrelevant,0.0,0.0
GATv2,37,test_67,irrelevant,0.0,0.0
GATv2,37,test_68,irrelevant,0.0,0.0
GATv2,37,test_69,irrelevant,0.0,0.0
GATv2,37,test_70,irrelevant,0.0,0.0
GATv2,37,test_71,irrelevant,0.0,0.0
GATv2,37,test_72,irrelevant,0.0,0.0
GATv2,37,test_73,irrelevant,0.0,0.0
GATv2,37,test_74,irrelevant,0.0,0.0
GATv2,37,test_75,irrelevant,0.0,0.0
GATv2,37,test_76,irrelevant,0.0,0.0
GATv2,37,test_77,irrelevant,0.0,0.0
GATv2,37,test_78,irrelevant,0.0,0.0
GATv2,37,test_79,irrelevant,0.0,0.0
GATv2,37,test_80,irrelevant,0.0,0.0
GATv2,37,test_81,irrelevant,0.0,0.0
GATv2,37,test_82,irrelevant,0.0,0.0
GATv2,37,test_83,irrelevant,0.0,0.0
GATv2,37,test_84,irrelevant,0.0,0.0
GATv2,37,test_85,irrelevant,0.0,0.0
GATv2,37,test_86,irrelevant,0.0,0.0
GATv2,37,test_87,irrelevant,0.0,0.0
GATv2,37,test_88,irrelevant,0.0,0.0
GATv2,37,test_89,irrelevant,0.0,0.0
GATv2,37,test_90,irrelevant,0.0,0.0
GATv2,37,test_91,irrelevant,0.0,0.0
GATv2,37,test_92,irrelevant,0.0,0.0
GATv2,37,test_93,irrelevant,0.0,0.0
GATv2,37,test_94,irrelevant,0.0,0.0
GATv2,37,test_95,irrelevant,0.0,0.0
GATv2,37,test_96,irrelevant,0.0,0.0
GATv2,37,test_97,irrelevant,0.0,0.0
GATv2,37,test_98,irrelevant,0.0,0.0
GATv2,37,test_99,irrelevant,0.0,0.0
GATv2,37,test_100,irrelevant,0.0,0.0
GATv2,37,test_101,irrelevant,0.0,0.0
GATv2,37,test_102,irrelevant,0.0,0.0
GATv2,37,test_103,irrelevant,0.0,0.0
GATv2,37,test_104,irrelevant,0.0,0.0
GATv2,37,test_105,irrelevant,0.0,0.0
GATv2,37,test_106,irrelevant,0.0,0.0
GATv2,37,test_107,irrelevant,0.0,0.0
GATv2,37,test_108,irrelevant,0.0,0.0
GATv2,37,test_109,irrelevant,0.0,0.0
GATv2,37,test_110,irrelevant,0.0,0.0
GATv2,37,test_111,irrelevant,0.0,0.0
GATv2,37,test_112,irrelevant,0.0,0.0
GATv2,37,test_113,irrelevant,0.0,0.0
GATv2,37,test_114,irrelevant,0.0,0.0
GATv2,37,test_115,irrelevant,0.0,0.0
GATv2,37,test_116,irrelevant,0.0,0.0
GATv2,37,test_117,irrelevant,0.0,0.0
GATv2,37,test_118,irrelevant,0.0,0.0
GATv2,37,test_119,irrelevant,0.0,0.0
GATv2,37,test_120,irrelevant,0.0,0.0
GATv2,37,test_121,irrelevant,0.0,0.0
GATv2,37,test_122,irrelevant,0.0,0.0
GATv2,37,test_123,irrelevant,0.0,0.0
GATv2,37,test_124,irrelevant,0.0,0.0
GATv2,37,test_125,irrelevant,0.0,0.0
GATv2,37,test_126,irrelevant,0.0,0.0
GATv2,37,test_127,irrelevant,0.0,0.0
