patient,split,seed,fraction,count,method,control,signed_change,absolute_change
TCGA-A1-A0SK,development,11,0.05,4,gnnexplainer,-1,-0.004552900791168213,0.004552900791168213
TCGA-A1-A0SK,development,11,0.05,4,random,0,-0.01377415657043457,0.01377415657043457
TCGA-A1-A0SK,development,11,0.05,4,random,1,0.01712074875831604,0.01712074875831604
TCGA-A1-A0SK,development,11,0.05,4,random,2,0.04182097315788269,0.04182097315788269
TCGA-A1-A0SK,development,11,0.05,4,random,3,-0.01716497540473938,0.01716497540473938
TCGA-A1-A0SK,development,11,0.05,4,random,4,-0.022176623344421387,0.022176623344421387
TCGA-A1-A0SK,development,11,0.05,4,random,5,-0.02181282639503479,0.02181282639503479
TCGA-A1-A0SK,development,11,0.05,4,random,6,-0.0012638568878173828,0.0012638568878173828
TCGA-A1-A0SK,development,11,0.05,4,random,7,-0.008481532335281372,0.008481532335281372
TCGA-A1-A0SK,development,11,0.05,4,random,8,0.014562875032424927,0.014562875032424927
TCGA-A1-A0SK,development,11,0.05,4,random,9,-0.0050508975982666016,0.0050508975982666016
TCGA-A1-A0SK,development,11,0.05,4,random,10,0.01855960488319397,0.01855960488319397
TCGA-A1-A0SK,development,11,0.05,4,random,11,-0.007900446653366089,0.007900446653366089
TCGA-A1-A0SK,development,11,0.05,4,random,12,-0.022706210613250732,0.022706210613250732
TCGA-A1-A0SK,development,11,0.05,4,random,13,-0.0124281644821167,0.0124281644821167
TCGA-A1-A0SK,development,11,0.05,4,random,14,-0.0026646554470062256,0.0026646554470062256
TCGA-A1-A0SK,development,11,0.05,4,random,15,0.0018391311168670654,0.0018391311168670654
TCGA-A1-A0SK,development,11,0.05,4,random,16,0.039871007204055786,0.039871007204055786
TCGA-A1-A0SK,development,11,0.05,4,random,17,0.03481563925743103,0.03481563925743103
TCGA-A1-A0SK,development,11,0.05,4,random,18,-0.004321187734603882,0.004321187734603882
TCGA-A1-A0SK,development,11,0.05,4,random,19,-0.014565080404281616,0.014565080404281616
TCGA-A1-A0SK,development,11,0.1,7,gnnexplainer,-1,-0.018003076314926147,0.018003076314926147
TCGA-A1-A0SK,development,11,0.1,7,random,0,-0.005356937646865845,0.005356937646865845
TCGA-A1-A0SK,development,11,0.1,7,random,1,0.01734304428100586,0.01734304428100586
TCGA-A1-A0SK,development,11,0.1,7,random,2,-0.006898999214172363,0.006898999214172363
TCGA-A1-A0SK,development,11,0.1,7,random,3,0.04425188899040222,0.04425188899040222
TCGA-A1-A0SK,development,11,0.1,7,random,4,-0.018375486135482788,0.018375486135482788
TCGA-A1-A0SK,development,11,0.1,7,random,5,0.006348788738250732,0.006348788738250732
TCGA-A1-A0SK,development,11,0.1,7,random,6,0.0022439658641815186,0.0022439658641815186
TCGA-A1-A0SK,development,11,0.1,7,random,7,0.005850017070770264,0.005850017070770264
TCGA-A1-A0SK,development,11,0.1,7,random,8,0.030851095914840698,0.030851095914840698
TCGA-A1-A0SK,development,11,0.1,7,random,9,0.00046324729919433594,0.00046324729919433594
TCGA-A1-A0SK,development,11,0.1,7,random,10,-0.022293001413345337,0.022293001413345337
TCGA-A1-A0SK,development,11,0.1,7,random,11,-0.020918279886245728,0.020918279886245728
TCGA-A1-A0SK,development,11,0.1,7,random,12,-0.008487820625305176,0.008487820625305176
TCGA-A1-A0SK,development,11,0.1,7,random,13,-0.006263256072998047,0.006263256072998047
TCGA-A1-A0SK,development,11,0.1,7,random,14,0.004921257495880127,0.004921257495880127
TCGA-A1-A0SK,development,11,0.1,7,random,15,0.01656857132911682,0.01656857132911682
TCGA-A1-A0SK,development,11,0.1,7,random,16,0.009227991104125977,0.009227991104125977
TCGA-A1-A0SK,development,11,0.1,7,random,17,0.04396197199821472,0.04396197199821472
TCGA-A1-A0SK,development,11,0.1,7,random,18,0.056531280279159546,0.056531280279159546
TCGA-A1-A0SK,development,11,0.1,7,random,19,0.028027623891830444,0.028027623891830444
TCGA-A1-A0SK,development,11,0.2,14,gnnexplainer,-1,-0.055958449840545654,0.055958449840545654
TCGA-A1-A0SK,development,11,0.2,14,random,0,-0.05607402324676514,0.05607402324676514
TCGA-A1-A0SK,development,11,0.2,14,random,1,-0.007624238729476929,0.007624238729476929
TCGA-A1-A0SK,development,11,0.2,14,random,2,0.016206592321395874,0.016206592321395874
TCGA-A1-A0SK,development,11,0.2,14,random,3,0.003936082124710083,0.003936082124710083
TCGA-A1-A0SK,development,11,0.2,14,random,4,-0.010852932929992676,0.010852932929992676
TCGA-A1-A0SK,development,11,0.2,14,random,5,-0.0010935664176940918,0.0010935664176940918
TCGA-A1-A0SK,development,11,0.2,14,random,6,0.01577085256576538,0.01577085256576538
TCGA-A1-A0SK,development,11,0.2,14,random,7,-0.013758152723312378,0.013758152723312378
TCGA-A1-A0SK,development,11,0.2,14,random,8,-0.06759843230247498,0.06759843230247498
TCGA-A1-A0SK,development,11,0.2,14,random,9,0.029388517141342163,0.029388517141342163
TCGA-A1-A0SK,development,11,0.2,14,random,10,0.053251445293426514,0.053251445293426514
TCGA-A1-A0SK,development,11,0.2,14,random,11,-0.05739545822143555,0.05739545822143555
TCGA-A1-A0SK,development,11,0.2,14,random,12,0.0008886754512786865,0.0008886754512786865
TCGA-A1-A0SK,development,11,0.2,14,random,13,0.0662437379360199,0.0662437379360199
TCGA-A1-A0SK,development,11,0.2,14,random,14,0.0053601861000061035,0.0053601861000061035
TCGA-A1-A0SK,development,11,0.2,14,random,15,0.010701537132263184,0.010701537132263184
TCGA-A1-A0SK,development,11,0.2,14,random,16,-0.025313496589660645,0.025313496589660645
TCGA-A1-A0SK,development,11,0.2,14,random,17,-0.005496412515640259,0.005496412515640259
TCGA-A1-A0SK,development,11,0.2,14,random,18,-0.015203356742858887,0.015203356742858887
TCGA-A1-A0SK,development,11,0.2,14,random,19,0.022415220737457275,0.022415220737457275
TCGA-A1-A0SK,development,23,0.05,4,gnnexplainer,-1,-0.009731113910675049,0.009731113910675049
TCGA-A1-A0SK,development,23,0.05,4,random,0,-0.026590287685394287,0.026590287685394287
TCGA-A1-A0SK,development,23,0.05,4,random,1,-0.00647282600402832,0.00647282600402832
TCGA-A1-A0SK,development,23,0.05,4,random,2,-0.022817254066467285,0.022817254066467285
TCGA-A1-A0SK,development,23,0.05,4,random,3,-0.00837552547454834,0.00837552547454834
TCGA-A1-A0SK,development,23,0.05,4,random,4,0.0197446346282959,0.0197446346282959
TCGA-A1-A0SK,development,23,0.05,4,random,5,0.0014070868492126465,0.0014070868492126465
TCGA-A1-A0SK,development,23,0.05,4,random,6,0.00048416852951049805,0.00048416852951049805
TCGA-A1-A0SK,development,23,0.05,4,random,7,0.018173158168792725,0.018173158168792725
TCGA-A1-A0SK,development,23,0.05,4,random,8,0.022265970706939697,0.022265970706939697
TCGA-A1-A0SK,development,23,0.05,4,random,9,-0.0009503364562988281,0.0009503364562988281
TCGA-A1-A0SK,development,23,0.05,4,random,10,0.021029293537139893,0.021029293537139893
TCGA-A1-A0SK,development,23,0.05,4,random,11,0.0022076964378356934,0.0022076964378356934
TCGA-A1-A0SK,development,23,0.05,4,random,12,-0.002893209457397461,0.002893209457397461
TCGA-A1-A0SK,development,23,0.05,4,random,13,-0.013125002384185791,0.013125002384185791
TCGA-A1-A0SK,development,23,0.05,4,random,14,0.012289285659790039,0.012289285659790039
TCGA-A1-A0SK,development,23,0.05,4,random,15,-0.01039808988571167,0.01039808988571167
TCGA-A1-A0SK,development,23,0.05,4,random,16,-0.007824540138244629,0.007824540138244629
TCGA-A1-A0SK,development,23,0.05,4,random,17,-0.007098257541656494,0.007098257541656494
TCGA-A1-A0SK,development,23,0.05,4,random,18,-0.030024826526641846,0.030024826526641846
TCGA-A1-A0SK,development,23,0.05,4,random,19,-0.016948699951171875,0.016948699951171875
TCGA-A1-A0SK,development,23,0.1,7,gnnexplainer,-1,-0.011813700199127197,0.011813700199127197
TCGA-A1-A0SK,development,23,0.1,7,random,0,0.007872521877288818,0.007872521877288818
TCGA-A1-A0SK,development,23,0.1,7,random,1,-0.027420401573181152,0.027420401573181152
TCGA-A1-A0SK,development,23,0.1,7,random,2,-0.0068604350090026855,0.0068604350090026855
TCGA-A1-A0SK,development,23,0.1,7,random,3,-0.01007908582687378,0.01007908582687378
TCGA-A1-A0SK,development,23,0.1,7,random,4,0.00022655725479125977,0.00022655725479125977
TCGA-A1-A0SK,development,23,0.1,7,random,5,-0.0009186267852783203,0.0009186267852783203
TCGA-A1-A0SK,development,23,0.1,7,random,6,-0.00011867284774780273,0.00011867284774780273
TCGA-A1-A0SK,development,23,0.1,7,random,7,-0.03539443016052246,0.03539443016052246
TCGA-A1-A0SK,development,23,0.1,7,random,8,-0.013175249099731445,0.013175249099731445
TCGA-A1-A0SK,development,23,0.1,7,random,9,-0.031219422817230225,0.031219422817230225
TCGA-A1-A0SK,development,23,0.1,7,random,10,0.002094745635986328,0.002094745635986328
TCGA-A1-A0SK,development,23,0.1,7,random,11,0.015972375869750977,0.015972375869750977
TCGA-A1-A0SK,development,23,0.1,7,random,12,-0.008259236812591553,0.008259236812591553
TCGA-A1-A0SK,development,23,0.1,7,random,13,-0.016236066818237305,0.016236066818237305
TCGA-A1-A0SK,development,23,0.1,7,random,14,-0.016889631748199463,0.016889631748199463
TCGA-A1-A0SK,development,23,0.1,7,random,15,-0.025450825691223145,0.025450825691223145
TCGA-A1-A0SK,development,23,0.1,7,random,16,-0.021759986877441406,0.021759986877441406
TCGA-A1-A0SK,development,23,0.1,7,random,17,0.002868354320526123,0.002868354320526123
TCGA-A1-A0SK,development,23,0.1,7,random,18,0.018436551094055176,0.018436551094055176
TCGA-A1-A0SK,development,23,0.1,7,random,19,-0.011114716529846191,0.011114716529846191
TCGA-A1-A0SK,development,23,0.2,14,gnnexplainer,-1,0.0006327033042907715,0.0006327033042907715
TCGA-A1-A0SK,development,23,0.2,14,random,0,0.0067903995513916016,0.0067903995513916016
TCGA-A1-A0SK,development,23,0.2,14,random,1,-0.0025930404663085938,0.0025930404663085938
TCGA-A1-A0SK,development,23,0.2,14,random,2,-0.005635678768157959,0.005635678768157959
TCGA-A1-A0SK,development,23,0.2,14,random,3,-0.007515609264373779,0.007515609264373779
TCGA-A1-A0SK,development,23,0.2,14,random,4,-0.0265466570854187,0.0265466570854187
TCGA-A1-A0SK,development,23,0.2,14,random,5,-0.03254568576812744,0.03254568576812744
TCGA-A1-A0SK,development,23,0.2,14,random,6,-0.0045545101165771484,0.0045545101165771484
TCGA-A1-A0SK,development,23,0.2,14,random,7,-0.027532339096069336,0.027532339096069336
TCGA-A1-A0SK,development,23,0.2,14,random,8,0.008934855461120605,0.008934855461120605
TCGA-A1-A0SK,development,23,0.2,14,random,9,-0.042955100536346436,0.042955100536346436
TCGA-A1-A0SK,development,23,0.2,14,random,10,-0.016138792037963867,0.016138792037963867
TCGA-A1-A0SK,development,23,0.2,14,random,11,-0.05124247074127197,0.05124247074127197
TCGA-A1-A0SK,development,23,0.2,14,random,12,-0.01852273941040039,0.01852273941040039
TCGA-A1-A0SK,development,23,0.2,14,random,13,-0.014007329940795898,0.014007329940795898
TCGA-A1-A0SK,development,23,0.2,14,random,14,-0.026902079582214355,0.026902079582214355
TCGA-A1-A0SK,development,23,0.2,14,random,15,-0.0563204288482666,0.0563204288482666
TCGA-A1-A0SK,development,23,0.2,14,random,16,-0.0033425092697143555,0.0033425092697143555
TCGA-A1-A0SK,development,23,0.2,14,random,17,-0.001637279987335205,0.001637279987335205
TCGA-A1-A0SK,development,23,0.2,14,random,18,0.04352360963821411,0.04352360963821411
TCGA-A1-A0SK,development,23,0.2,14,random,19,-0.025678157806396484,0.025678157806396484
TCGA-A1-A0SK,development,37,0.05,4,gnnexplainer,-1,-0.004154324531555176,0.004154324531555176
TCGA-A1-A0SK,development,37,0.05,4,random,0,0.014383852481842041,0.014383852481842041
TCGA-A1-A0SK,development,37,0.05,4,random,1,-0.005955755710601807,0.005955755710601807
TCGA-A1-A0SK,development,37,0.05,4,random,2,0.01176673173904419,0.01176673173904419
TCGA-A1-A0SK,development,37,0.05,4,random,3,-0.024705111980438232,0.024705111980438232
TCGA-A1-A0SK,development,37,0.05,4,random,4,-0.002382814884185791,0.002382814884185791
TCGA-A1-A0SK,development,37,0.05,4,random,5,0.006083011627197266,0.006083011627197266
TCGA-A1-A0SK,development,37,0.05,4,random,6,0.006383121013641357,0.006383121013641357
TCGA-A1-A0SK,development,37,0.05,4,random,7,0.00940924882888794,0.00940924882888794
TCGA-A1-A0SK,development,37,0.05,4,random,8,0.00886237621307373,0.00886237621307373
TCGA-A1-A0SK,development,37,0.05,4,random,9,-0.0021292567253112793,0.0021292567253112793
TCGA-A1-A0SK,development,37,0.05,4,random,10,0.002299964427947998,0.002299964427947998
TCGA-A1-A0SK,development,37,0.05,4,random,11,0.0015618205070495605,0.0015618205070495605
TCGA-A1-A0SK,development,37,0.05,4,random,12,0.01963597536087036,0.01963597536087036
TCGA-A1-A0SK,development,37,0.05,4,random,13,-0.011094868183135986,0.011094868183135986
TCGA-A1-A0SK,development,37,0.05,4,random,14,0.04470556974411011,0.04470556974411011
TCGA-A1-A0SK,development,37,0.05,4,random,15,0.012781143188476562,0.012781143188476562
TCGA-A1-A0SK,development,37,0.05,4,random,16,-0.011270344257354736,0.011270344257354736
TCGA-A1-A0SK,development,37,0.05,4,random,17,0.037341177463531494,0.037341177463531494
TCGA-A1-A0SK,development,37,0.05,4,random,18,-0.02015209197998047,0.02015209197998047
TCGA-A1-A0SK,development,37,0.05,4,random,19,0.015309929847717285,0.015309929847717285
TCGA-A1-A0SK,development,37,0.1,7,gnnexplainer,-1,-0.02937978506088257,0.02937978506088257
TCGA-A1-A0SK,development,37,0.1,7,random,0,0.002198636531829834,0.002198636531829834
TCGA-A1-A0SK,development,37,0.1,7,random,1,0.03747493028640747,0.03747493028640747
TCGA-A1-A0SK,development,37,0.1,7,random,2,0.020284533500671387,0.020284533500671387
TCGA-A1-A0SK,development,37,0.1,7,random,3,-0.012858748435974121,0.012858748435974121
TCGA-A1-A0SK,development,37,0.1,7,random,4,-0.00017261505126953125,0.00017261505126953125
TCGA-A1-A0SK,development,37,0.1,7,random,5,0.025222718715667725,0.025222718715667725
TCGA-A1-A0SK,development,37,0.1,7,random,6,0.008828938007354736,0.008828938007354736
TCGA-A1-A0SK,development,37,0.1,7,random,7,0.001011490821838379,0.001011490821838379
TCGA-A1-A0SK,development,37,0.1,7,random,8,-0.015379607677459717,0.015379607677459717
TCGA-A1-A0SK,development,37,0.1,7,random,9,-0.022830188274383545,0.022830188274383545
TCGA-A1-A0SK,development,37,0.1,7,random,10,0.007850944995880127,0.007850944995880127
TCGA-A1-A0SK,development,37,0.1,7,random,11,-0.022542834281921387,0.022542834281921387
TCGA-A1-A0SK,development,37,0.1,7,random,12,-0.02071547508239746,0.02071547508239746
TCGA-A1-A0SK,development,37,0.1,7,random,13,0.02579188346862793,0.02579188346862793
TCGA-A1-A0SK,development,37,0.1,7,random,14,-0.022854387760162354,0.022854387760162354
TCGA-A1-A0SK,development,37,0.1,7,random,15,0.040527403354644775,0.040527403354644775
TCGA-A1-A0SK,development,37,0.1,7,random,16,-0.0037240982055664062,0.0037240982055664062
TCGA-A1-A0SK,development,37,0.1,7,random,17,0.01557302474975586,0.01557302474975586
TCGA-A1-A0SK,development,37,0.1,7,random,18,-0.010645151138305664,0.010645151138305664
TCGA-A1-A0SK,development,37,0.1,7,random,19,0.009915173053741455,0.009915173053741455
TCGA-A1-A0SK,development,37,0.2,14,gnnexplainer,-1,-0.04452049732208252,0.04452049732208252
TCGA-A1-A0SK,development,37,0.2,14,random,0,-0.04773074388504028,0.04773074388504028
TCGA-A1-A0SK,development,37,0.2,14,random,1,-0.020437121391296387,0.020437121391296387
TCGA-A1-A0SK,development,37,0.2,14,random,2,0.012754678726196289,0.012754678726196289
TCGA-A1-A0SK,development,37,0.2,14,random,3,0.014219403266906738,0.014219403266906738
TCGA-A1-A0SK,development,37,0.2,14,random,4,0.031297504901885986,0.031297504901885986
TCGA-A1-A0SK,development,37,0.2,14,random,5,0.009308099746704102,0.009308099746704102
TCGA-A1-A0SK,development,37,0.2,14,random,6,-0.02302151918411255,0.02302151918411255
TCGA-A1-A0SK,development,37,0.2,14,random,7,0.019344449043273926,0.019344449043273926
TCGA-A1-A0SK,development,37,0.2,14,random,8,0.027090489864349365,0.027090489864349365
TCGA-A1-A0SK,development,37,0.2,14,random,9,0.0023602843284606934,0.0023602843284606934
TCGA-A1-A0SK,development,37,0.2,14,random,10,-0.044486939907073975,0.044486939907073975
TCGA-A1-A0SK,development,37,0.2,14,random,11,-0.022176265716552734,0.022176265716552734
TCGA-A1-A0SK,development,37,0.2,14,random,12,-0.019556522369384766,0.019556522369384766
TCGA-A1-A0SK,development,37,0.2,14,random,13,-0.024190247058868408,0.024190247058868408
TCGA-A1-A0SK,development,37,0.2,14,random,14,0.02959573268890381,0.02959573268890381
TCGA-A1-A0SK,development,37,0.2,14,random,15,0.02675837278366089,0.02675837278366089
TCGA-A1-A0SK,development,37,0.2,14,random,16,0.026148438453674316,0.026148438453674316
TCGA-A1-A0SK,development,37,0.2,14,random,17,0.015074491500854492,0.015074491500854492
TCGA-A1-A0SK,development,37,0.2,14,random,18,0.011479616165161133,0.011479616165161133
TCGA-A1-A0SK,development,37,0.2,14,random,19,-0.03677225112915039,0.03677225112915039
TCGA-A1-A0SP,development,11,0.05,8,gnnexplainer,-1,0.0060134828090667725,0.0060134828090667725
TCGA-A1-A0SP,development,11,0.05,8,random,0,0.024890780448913574,0.024890780448913574
TCGA-A1-A0SP,development,11,0.05,8,random,1,-0.009338825941085815,0.009338825941085815
TCGA-A1-A0SP,development,11,0.05,8,random,2,-0.00907289981842041,0.00907289981842041
TCGA-A1-A0SP,development,11,0.05,8,random,3,-0.001967012882232666,0.001967012882232666
TCGA-A1-A0SP,development,11,0.05,8,random,4,0.0012352466583251953,0.0012352466583251953
TCGA-A1-A0SP,development,11,0.05,8,random,5,-0.015254735946655273,0.015254735946655273
TCGA-A1-A0SP,development,11,0.05,8,random,6,0.01194089651107788,0.01194089651107788
TCGA-A1-A0SP,development,11,0.05,8,random,7,0.018550008535385132,0.018550008535385132
TCGA-A1-A0SP,development,11,0.05,8,random,8,0.007861703634262085,0.007861703634262085
TCGA-A1-A0SP,development,11,0.05,8,random,9,0.007864892482757568,0.007864892482757568
TCGA-A1-A0SP,development,11,0.05,8,random,10,0.014842480421066284,0.014842480421066284
TCGA-A1-A0SP,development,11,0.05,8,random,11,0.00861707329750061,0.00861707329750061
TCGA-A1-A0SP,development,11,0.05,8,random,12,-0.008120715618133545,0.008120715618133545
TCGA-A1-A0SP,development,11,0.05,8,random,13,-0.008316963911056519,0.008316963911056519
TCGA-A1-A0SP,development,11,0.05,8,random,14,-0.010616093873977661,0.010616093873977661
TCGA-A1-A0SP,development,11,0.05,8,random,15,0.019137471914291382,0.019137471914291382
TCGA-A1-A0SP,development,11,0.05,8,random,16,0.0013000071048736572,0.0013000071048736572
TCGA-A1-A0SP,development,11,0.05,8,random,17,0.005646556615829468,0.005646556615829468
TCGA-A1-A0SP,development,11,0.05,8,random,18,0.006778150796890259,0.006778150796890259
TCGA-A1-A0SP,development,11,0.05,8,random,19,0.013244330883026123,0.013244330883026123
TCGA-A1-A0SP,development,11,0.1,15,gnnexplainer,-1,0.014313280582427979,0.014313280582427979
TCGA-A1-A0SP,development,11,0.1,15,random,0,-0.0235612690448761,0.0235612690448761
TCGA-A1-A0SP,development,11,0.1,15,random,1,-0.004297465085983276,0.004297465085983276
TCGA-A1-A0SP,development,11,0.1,15,random,2,-0.008196651935577393,0.008196651935577393
TCGA-A1-A0SP,development,11,0.1,15,random,3,0.0006592869758605957,0.0006592869758605957
TCGA-A1-A0SP,development,11,0.1,15,random,4,-0.019596636295318604,0.019596636295318604
TCGA-A1-A0SP,development,11,0.1,15,random,5,0.005131274461746216,0.005131274461746216
TCGA-A1-A0SP,development,11,0.1,15,random,6,2.9653310775756836e-05,2.9653310775756836e-05
TCGA-A1-A0SP,development,11,0.1,15,random,7,-0.010894149541854858,0.010894149541854858
TCGA-A1-A0SP,development,11,0.1,15,random,8,-0.01069188117980957,0.01069188117980957
TCGA-A1-A0SP,development,11,0.1,15,random,9,-0.004686683416366577,0.004686683416366577
TCGA-A1-A0SP,development,11,0.1,15,random,10,-0.006559014320373535,0.006559014320373535
TCGA-A1-A0SP,development,11,0.1,15,random,11,0.010850906372070312,0.010850906372070312
TCGA-A1-A0SP,development,11,0.1,15,random,12,-0.02735072374343872,0.02735072374343872
TCGA-A1-A0SP,development,11,0.1,15,random,13,-0.0037574470043182373,0.0037574470043182373
TCGA-A1-A0SP,development,11,0.1,15,random,14,0.00697597861289978,0.00697597861289978
TCGA-A1-A0SP,development,11,0.1,15,random,15,0.00627562403678894,0.00627562403678894
TCGA-A1-A0SP,development,11,0.1,15,random,16,0.0037758052349090576,0.0037758052349090576
TCGA-A1-A0SP,development,11,0.1,15,random,17,-0.008470803499221802,0.008470803499221802
TCGA-A1-A0SP,development,11,0.1,15,random,18,0.010216325521469116,0.010216325521469116
TCGA-A1-A0SP,development,11,0.1,15,random,19,0.004759371280670166,0.004759371280670166
TCGA-A1-A0SP,development,11,0.2,30,gnnexplainer,-1,0.024139761924743652,0.024139761924743652
TCGA-A1-A0SP,development,11,0.2,30,random,0,0.06104961037635803,0.06104961037635803
TCGA-A1-A0SP,development,11,0.2,30,random,1,0.0005154311656951904,0.0005154311656951904
TCGA-A1-A0SP,development,11,0.2,30,random,2,-0.007278770208358765,0.007278770208358765
TCGA-A1-A0SP,development,11,0.2,30,random,3,-0.0023161470890045166,0.0023161470890045166
TCGA-A1-A0SP,development,11,0.2,30,random,4,0.01728677749633789,0.01728677749633789
TCGA-A1-A0SP,development,11,0.2,30,random,5,-0.011640727519989014,0.011640727519989014
TCGA-A1-A0SP,development,11,0.2,30,random,6,0.011100351810455322,0.011100351810455322
TCGA-A1-A0SP,development,11,0.2,30,random,7,0.028339534997940063,0.028339534997940063
TCGA-A1-A0SP,development,11,0.2,30,random,8,0.004980981349945068,0.004980981349945068
TCGA-A1-A0SP,development,11,0.2,30,random,9,0.014961600303649902,0.014961600303649902
TCGA-A1-A0SP,development,11,0.2,30,random,10,0.007862508296966553,0.007862508296966553
TCGA-A1-A0SP,development,11,0.2,30,random,11,0.008962571620941162,0.008962571620941162
TCGA-A1-A0SP,development,11,0.2,30,random,12,0.02686581015586853,0.02686581015586853
TCGA-A1-A0SP,development,11,0.2,30,random,13,0.03057694435119629,0.03057694435119629
TCGA-A1-A0SP,development,11,0.2,30,random,14,0.0016257762908935547,0.0016257762908935547
TCGA-A1-A0SP,development,11,0.2,30,random,15,0.0023690760135650635,0.0023690760135650635
TCGA-A1-A0SP,development,11,0.2,30,random,16,0.013598352670669556,0.013598352670669556
TCGA-A1-A0SP,development,11,0.2,30,random,17,-0.017934590578079224,0.017934590578079224
TCGA-A1-A0SP,development,11,0.2,30,random,18,-0.027928829193115234,0.027928829193115234
TCGA-A1-A0SP,development,11,0.2,30,random,19,0.005687206983566284,0.005687206983566284
TCGA-A1-A0SP,development,23,0.05,8,gnnexplainer,-1,0.002863973379135132,0.002863973379135132
TCGA-A1-A0SP,development,23,0.05,8,random,0,0.016148030757904053,0.016148030757904053
TCGA-A1-A0SP,development,23,0.05,8,random,1,0.00023734569549560547,0.00023734569549560547
TCGA-A1-A0SP,development,23,0.05,8,random,2,0.01474463939666748,0.01474463939666748
TCGA-A1-A0SP,development,23,0.05,8,random,3,-0.0022904574871063232,0.0022904574871063232
TCGA-A1-A0SP,development,23,0.05,8,random,4,-0.00010034441947937012,0.00010034441947937012
TCGA-A1-A0SP,development,23,0.05,8,random,5,0.002470463514328003,0.002470463514328003
TCGA-A1-A0SP,development,23,0.05,8,random,6,-0.001699209213256836,0.001699209213256836
TCGA-A1-A0SP,development,23,0.05,8,random,7,0.010403096675872803,0.010403096675872803
TCGA-A1-A0SP,development,23,0.05,8,random,8,-0.007334470748901367,0.007334470748901367
TCGA-A1-A0SP,development,23,0.05,8,random,9,0.0022129714488983154,0.0022129714488983154
TCGA-A1-A0SP,development,23,0.05,8,random,10,-0.0046167075634002686,0.0046167075634002686
TCGA-A1-A0SP,development,23,0.05,8,random,11,0.010399878025054932,0.010399878025054932
TCGA-A1-A0SP,development,23,0.05,8,random,12,0.013236135244369507,0.013236135244369507
TCGA-A1-A0SP,development,23,0.05,8,random,13,0.013113856315612793,0.013113856315612793
TCGA-A1-A0SP,development,23,0.05,8,random,14,-5.7756900787353516e-05,5.7756900787353516e-05
TCGA-A1-A0SP,development,23,0.05,8,random,15,0.01146465539932251,0.01146465539932251
TCGA-A1-A0SP,development,23,0.05,8,random,16,-0.003463655710220337,0.003463655710220337
TCGA-A1-A0SP,development,23,0.05,8,random,17,-0.005925685167312622,0.005925685167312622
TCGA-A1-A0SP,development,23,0.05,8,random,18,0.0076354146003723145,0.0076354146003723145
TCGA-A1-A0SP,development,23,0.05,8,random,19,0.008300036191940308,0.008300036191940308
TCGA-A1-A0SP,development,23,0.1,15,gnnexplainer,-1,0.005717277526855469,0.005717277526855469
TCGA-A1-A0SP,development,23,0.1,15,random,0,-0.007542788982391357,0.007542788982391357
TCGA-A1-A0SP,development,23,0.1,15,random,1,0.0188351571559906,0.0188351571559906
TCGA-A1-A0SP,development,23,0.1,15,random,2,-0.0010367333889007568,0.0010367333889007568
TCGA-A1-A0SP,development,23,0.1,15,random,3,0.006568998098373413,0.006568998098373413
TCGA-A1-A0SP,development,23,0.1,15,random,4,-0.006515145301818848,0.006515145301818848
TCGA-A1-A0SP,development,23,0.1,15,random,5,0.01997661590576172,0.01997661590576172
TCGA-A1-A0SP,development,23,0.1,15,random,6,0.0032526254653930664,0.0032526254653930664
TCGA-A1-A0SP,development,23,0.1,15,random,7,0.012259125709533691,0.012259125709533691
TCGA-A1-A0SP,development,23,0.1,15,random,8,0.003397524356842041,0.003397524356842041
TCGA-A1-A0SP,development,23,0.1,15,random,9,0.0031074583530426025,0.0031074583530426025
TCGA-A1-A0SP,development,23,0.1,15,random,10,0.011636972427368164,0.011636972427368164
TCGA-A1-A0SP,development,23,0.1,15,random,11,-0.003124833106994629,0.003124833106994629
TCGA-A1-A0SP,development,23,0.1,15,random,12,0.003220111131668091,0.003220111131668091
TCGA-A1-A0SP,development,23,0.1,15,random,13,0.0002847015857696533,0.0002847015857696533
TCGA-A1-A0SP,development,23,0.1,15,random,14,0.002061307430267334,0.002061307430267334
TCGA-A1-A0SP,development,23,0.1,15,random,15,0.00369146466255188,0.00369146466255188
TCGA-A1-A0SP,development,23,0.1,15,random,16,0.03418800234794617,0.03418800234794617
TCGA-A1-A0SP,development,23,0.1,15,random,17,0.005105942487716675,0.005105942487716675
TCGA-A1-A0SP,development,23,0.1,15,random,18,0.012861698865890503,0.012861698865890503
TCGA-A1-A0SP,development,23,0.1,15,random,19,-0.019010275602340698,0.019010275602340698
TCGA-A1-A0SP,development,23,0.2,30,gnnexplainer,-1,0.025370776653289795,0.025370776653289795
TCGA-A1-A0SP,development,23,0.2,30,random,0,0.007458865642547607,0.007458865642547607
TCGA-A1-A0SP,development,23,0.2,30,random,1,-0.011621147394180298,0.011621147394180298
TCGA-A1-A0SP,development,23,0.2,30,random,2,0.00846812129020691,0.00846812129020691
TCGA-A1-A0SP,development,23,0.2,30,random,3,0.01004818081855774,0.01004818081855774
TCGA-A1-A0SP,development,23,0.2,30,random,4,0.008975684642791748,0.008975684642791748
TCGA-A1-A0SP,development,23,0.2,30,random,5,0.0041634440422058105,0.0041634440422058105
TCGA-A1-A0SP,development,23,0.2,30,random,6,0.01500806212425232,0.01500806212425232
TCGA-A1-A0SP,development,23,0.2,30,random,7,-0.009465277194976807,0.009465277194976807
TCGA-A1-A0SP,development,23,0.2,30,random,8,0.016555696725845337,0.016555696725845337
TCGA-A1-A0SP,development,23,0.2,30,random,9,-0.002917677164077759,0.002917677164077759
TCGA-A1-A0SP,development,23,0.2,30,random,10,0.0054759979248046875,0.0054759979248046875
TCGA-A1-A0SP,development,23,0.2,30,random,11,0.017412930727005005,0.017412930727005005
TCGA-A1-A0SP,development,23,0.2,30,random,12,-0.010804176330566406,0.010804176330566406
TCGA-A1-A0SP,development,23,0.2,30,random,13,0.025227725505828857,0.025227725505828857
TCGA-A1-A0SP,development,23,0.2,30,random,14,0.009133696556091309,0.009133696556091309
TCGA-A1-A0SP,development,23,0.2,30,random,15,0.029188543558120728,0.029188543558120728
TCGA-A1-A0SP,development,23,0.2,30,random,16,0.041651904582977295,0.041651904582977295
TCGA-A1-A0SP,development,23,0.2,30,random,17,0.037224024534225464,0.037224024534225464
TCGA-A1-A0SP,development,23,0.2,30,random,18,0.025634467601776123,0.025634467601776123
TCGA-A1-A0SP,development,23,0.2,30,random,19,0.01806214451789856,0.01806214451789856
TCGA-A1-A0SP,development,37,0.05,8,gnnexplainer,-1,0.008976757526397705,0.008976757526397705
TCGA-A1-A0SP,development,37,0.05,8,random,0,0.011520743370056152,0.011520743370056152
TCGA-A1-A0SP,development,37,0.05,8,random,1,0.001661926507949829,0.001661926507949829
TCGA-A1-A0SP,development,37,0.05,8,random,2,-0.006535440683364868,0.006535440683364868
TCGA-A1-A0SP,development,37,0.05,8,random,3,-0.01155400276184082,0.01155400276184082
TCGA-A1-A0SP,development,37,0.05,8,random,4,-0.0055825114250183105,0.0055825114250183105
TCGA-A1-A0SP,development,37,0.05,8,random,5,0.011994510889053345,0.011994510889053345
TCGA-A1-A0SP,development,37,0.05,8,random,6,-0.01097378134727478,0.01097378134727478
TCGA-A1-A0SP,development,37,0.05,8,random,7,-0.0015672147274017334,0.0015672147274017334
TCGA-A1-A0SP,development,37,0.05,8,random,8,0.0032982826232910156,0.0032982826232910156
TCGA-A1-A0SP,development,37,0.05,8,random,9,-0.014474034309387207,0.014474034309387207
TCGA-A1-A0SP,development,37,0.05,8,random,10,-0.030839592218399048,0.030839592218399048
TCGA-A1-A0SP,development,37,0.05,8,random,11,-0.001032322645187378,0.001032322645187378
TCGA-A1-A0SP,development,37,0.05,8,random,12,-0.0027461647987365723,0.0027461647987365723
TCGA-A1-A0SP,development,37,0.05,8,random,13,-0.008905261754989624,0.008905261754989624
TCGA-A1-A0SP,development,37,0.05,8,random,14,-0.013088345527648926,0.013088345527648926
TCGA-A1-A0SP,development,37,0.05,8,random,15,-0.010391205549240112,0.010391205549240112
TCGA-A1-A0SP,development,37,0.05,8,random,16,-0.004764348268508911,0.004764348268508911
TCGA-A1-A0SP,development,37,0.05,8,random,17,-0.0032883882522583008,0.0032883882522583008
TCGA-A1-A0SP,development,37,0.05,8,random,18,-0.016833066940307617,0.016833066940307617
TCGA-A1-A0SP,development,37,0.05,8,random,19,0.014169543981552124,0.014169543981552124
TCGA-A1-A0SP,development,37,0.1,15,gnnexplainer,-1,0.01818522810935974,0.01818522810935974
TCGA-A1-A0SP,development,37,0.1,15,random,0,-0.00485566258430481,0.00485566258430481
TCGA-A1-A0SP,development,37,0.1,15,random,1,0.021035850048065186,0.021035850048065186
TCGA-A1-A0SP,development,37,0.1,15,random,2,-0.006103157997131348,0.006103157997131348
TCGA-A1-A0SP,development,37,0.1,15,random,3,-0.010299593210220337,0.010299593210220337
TCGA-A1-A0SP,development,37,0.1,15,random,4,-0.010133504867553711,0.010133504867553711
TCGA-A1-A0SP,development,37,0.1,15,random,5,0.006709963083267212,0.006709963083267212
TCGA-A1-A0SP,development,37,0.1,15,random,6,-0.014776736497879028,0.014776736497879028
TCGA-A1-A0SP,development,37,0.1,15,random,7,0.012387335300445557,0.012387335300445557
TCGA-A1-A0SP,development,37,0.1,15,random,8,-0.0011447370052337646,0.0011447370052337646
TCGA-A1-A0SP,development,37,0.1,15,random,9,-0.019566893577575684,0.019566893577575684
TCGA-A1-A0SP,development,37,0.1,15,random,10,0.012980729341506958,0.012980729341506958
TCGA-A1-A0SP,development,37,0.1,15,random,11,0.015339523553848267,0.015339523553848267
TCGA-A1-A0SP,development,37,0.1,15,random,12,-0.007841050624847412,0.007841050624847412
TCGA-A1-A0SP,development,37,0.1,15,random,13,0.013139933347702026,0.013139933347702026
TCGA-A1-A0SP,development,37,0.1,15,random,14,-0.0208013653755188,0.0208013653755188
TCGA-A1-A0SP,development,37,0.1,15,random,15,0.0051670074462890625,0.0051670074462890625
TCGA-A1-A0SP,development,37,0.1,15,random,16,0.001974165439605713,0.001974165439605713
TCGA-A1-A0SP,development,37,0.1,15,random,17,-0.009106636047363281,0.009106636047363281
TCGA-A1-A0SP,development,37,0.1,15,random,18,0.004420369863510132,0.004420369863510132
TCGA-A1-A0SP,development,37,0.1,15,random,19,0.0004163384437561035,0.0004163384437561035
TCGA-A1-A0SP,development,37,0.2,30,gnnexplainer,-1,0.02693629264831543,0.02693629264831543
TCGA-A1-A0SP,development,37,0.2,30,random,0,-0.03212881088256836,0.03212881088256836
TCGA-A1-A0SP,development,37,0.2,30,random,1,-0.041770875453948975,0.041770875453948975
TCGA-A1-A0SP,development,37,0.2,30,random,2,0.0032469630241394043,0.0032469630241394043
TCGA-A1-A0SP,development,37,0.2,30,random,3,0.00041982531547546387,0.00041982531547546387
TCGA-A1-A0SP,development,37,0.2,30,random,4,0.015601277351379395,0.015601277351379395
TCGA-A1-A0SP,development,37,0.2,30,random,5,0.011303901672363281,0.011303901672363281
TCGA-A1-A0SP,development,37,0.2,30,random,6,0.016357779502868652,0.016357779502868652
TCGA-A1-A0SP,development,37,0.2,30,random,7,0.04234027862548828,0.04234027862548828
TCGA-A1-A0SP,development,37,0.2,30,random,8,0.012498527765274048,0.012498527765274048
TCGA-A1-A0SP,development,37,0.2,30,random,9,0.0013023316860198975,0.0013023316860198975
TCGA-A1-A0SP,development,37,0.2,30,random,10,-0.030065178871154785,0.030065178871154785
TCGA-A1-A0SP,development,37,0.2,30,random,11,0.034128040075302124,0.034128040075302124
TCGA-A1-A0SP,development,37,0.2,30,random,12,0.0031727254390716553,0.0031727254390716553
TCGA-A1-A0SP,development,37,0.2,30,random,13,0.007638484239578247,0.007638484239578247
TCGA-A1-A0SP,development,37,0.2,30,random,14,-0.017035871744155884,0.017035871744155884
TCGA-A1-A0SP,development,37,0.2,30,random,15,0.0018691420555114746,0.0018691420555114746
TCGA-A1-A0SP,development,37,0.2,30,random,16,0.007186323404312134,0.007186323404312134
TCGA-A1-A0SP,development,37,0.2,30,random,17,-0.023284196853637695,0.023284196853637695
TCGA-A1-A0SP,development,37,0.2,30,random,18,-0.005128622055053711,0.005128622055053711
TCGA-A1-A0SP,development,37,0.2,30,random,19,0.03453180193901062,0.03453180193901062
TCGA-A2-A04P,development,11,0.05,5,gnnexplainer,-1,0.0020600855350494385,0.0020600855350494385
TCGA-A2-A04P,development,11,0.05,5,random,0,0.0035974979400634766,0.0035974979400634766
TCGA-A2-A04P,development,11,0.05,5,random,1,-0.02023237943649292,0.02023237943649292
TCGA-A2-A04P,development,11,0.05,5,random,2,0.014443278312683105,0.014443278312683105
TCGA-A2-A04P,development,11,0.05,5,random,3,-0.02781444787979126,0.02781444787979126
TCGA-A2-A04P,development,11,0.05,5,random,4,-0.023492902517318726,0.023492902517318726
TCGA-A2-A04P,development,11,0.05,5,random,5,0.022232890129089355,0.022232890129089355
TCGA-A2-A04P,development,11,0.05,5,random,6,0.04509323835372925,0.04509323835372925
TCGA-A2-A04P,development,11,0.05,5,random,7,0.023993611335754395,0.023993611335754395
TCGA-A2-A04P,development,11,0.05,5,random,8,-0.0056382715702056885,0.0056382715702056885
TCGA-A2-A04P,development,11,0.05,5,random,9,-0.023699283599853516,0.023699283599853516
TCGA-A2-A04P,development,11,0.05,5,random,10,0.028859496116638184,0.028859496116638184
TCGA-A2-A04P,development,11,0.05,5,random,11,-0.003563493490219116,0.003563493490219116
TCGA-A2-A04P,development,11,0.05,5,random,12,-0.013637691736221313,0.013637691736221313
TCGA-A2-A04P,development,11,0.05,5,random,13,-0.005272716283798218,0.005272716283798218
TCGA-A2-A04P,development,11,0.05,5,random,14,0.012283802032470703,0.012283802032470703
TCGA-A2-A04P,development,11,0.05,5,random,15,0.01200944185256958,0.01200944185256958
TCGA-A2-A04P,development,11,0.05,5,random,16,-0.02137887477874756,0.02137887477874756
TCGA-A2-A04P,development,11,0.05,5,random,17,-0.0015310049057006836,0.0015310049057006836
TCGA-A2-A04P,development,11,0.05,5,random,18,0.004293352365493774,0.004293352365493774
TCGA-A2-A04P,development,11,0.05,5,random,19,-0.010417193174362183,0.010417193174362183
TCGA-A2-A04P,development,11,0.1,10,gnnexplainer,-1,-0.023659437894821167,0.023659437894821167
TCGA-A2-A04P,development,11,0.1,10,random,0,0.016626060009002686,0.016626060009002686
TCGA-A2-A04P,development,11,0.1,10,random,1,0.003968566656112671,0.003968566656112671
TCGA-A2-A04P,development,11,0.1,10,random,2,-0.008279502391815186,0.008279502391815186
TCGA-A2-A04P,development,11,0.1,10,random,3,-0.015248894691467285,0.015248894691467285
TCGA-A2-A04P,development,11,0.1,10,random,4,0.0026581883430480957,0.0026581883430480957
TCGA-A2-A04P,development,11,0.1,10,random,5,-0.001533806324005127,0.001533806324005127
TCGA-A2-A04P,development,11,0.1,10,random,6,-0.01506960391998291,0.01506960391998291
TCGA-A2-A04P,development,11,0.1,10,random,7,0.018869459629058838,0.018869459629058838
TCGA-A2-A04P,development,11,0.1,10,random,8,0.012139290571212769,0.012139290571212769
TCGA-A2-A04P,development,11,0.1,10,random,9,-0.03023788332939148,0.03023788332939148
TCGA-A2-A04P,development,11,0.1,10,random,10,-0.0019262433052062988,0.0019262433052062988
TCGA-A2-A04P,development,11,0.1,10,random,11,0.029892772436141968,0.029892772436141968
TCGA-A2-A04P,development,11,0.1,10,random,12,0.034094274044036865,0.034094274044036865
TCGA-A2-A04P,development,11,0.1,10,random,13,-0.005477994680404663,0.005477994680404663
TCGA-A2-A04P,development,11,0.1,10,random,14,-0.053303271532058716,0.053303271532058716
TCGA-A2-A04P,development,11,0.1,10,random,15,0.011425971984863281,0.011425971984863281
TCGA-A2-A04P,development,11,0.1,10,random,16,-0.009701192378997803,0.009701192378997803
TCGA-A2-A04P,development,11,0.1,10,random,17,0.022760063409805298,0.022760063409805298
TCGA-A2-A04P,development,11,0.1,10,random,18,0.01442033052444458,0.01442033052444458
TCGA-A2-A04P,development,11,0.1,10,random,19,-0.013688981533050537,0.013688981533050537
TCGA-A2-A04P,development,11,0.2,20,gnnexplainer,-1,-0.011837810277938843,0.011837810277938843
TCGA-A2-A04P,development,11,0.2,20,random,0,0.014292716979980469,0.014292716979980469
TCGA-A2-A04P,development,11,0.2,20,random,1,-0.03784775733947754,0.03784775733947754
TCGA-A2-A04P,development,11,0.2,20,random,2,-0.015205740928649902,0.015205740928649902
TCGA-A2-A04P,development,11,0.2,20,random,3,-0.008541256189346313,0.008541256189346313
TCGA-A2-A04P,development,11,0.2,20,random,4,0.00940859317779541,0.00940859317779541
TCGA-A2-A04P,development,11,0.2,20,random,5,0.019222110509872437,0.019222110509872437
TCGA-A2-A04P,development,11,0.2,20,random,6,-0.034725844860076904,0.034725844860076904
TCGA-A2-A04P,development,11,0.2,20,random,7,0.009163081645965576,0.009163081645965576
TCGA-A2-A04P,development,11,0.2,20,random,8,0.062168776988983154,0.062168776988983154
TCGA-A2-A04P,development,11,0.2,20,random,9,-0.06048792600631714,0.06048792600631714
TCGA-A2-A04P,development,11,0.2,20,random,10,0.04326680302619934,0.04326680302619934
TCGA-A2-A04P,development,11,0.2,20,random,11,-0.014280498027801514,0.014280498027801514
TCGA-A2-A04P,development,11,0.2,20,random,12,-0.02193179726600647,0.02193179726600647
TCGA-A2-A04P,development,11,0.2,20,random,13,0.04176327586174011,0.04176327586174011
TCGA-A2-A04P,development,11,0.2,20,random,14,-0.031060844659805298,0.031060844659805298
TCGA-A2-A04P,development,11,0.2,20,random,15,-0.00148734450340271,0.00148734450340271
TCGA-A2-A04P,development,11,0.2,20,random,16,0.05609297752380371,0.05609297752380371
TCGA-A2-A04P,development,11,0.2,20,random,17,-0.008144140243530273,0.008144140243530273
TCGA-A2-A04P,development,11,0.2,20,random,18,0.031873732805252075,0.031873732805252075
TCGA-A2-A04P,development,11,0.2,20,random,19,0.045196533203125,0.045196533203125
TCGA-A2-A04P,development,23,0.05,5,gnnexplainer,-1,-0.008639484643936157,0.008639484643936157
TCGA-A2-A04P,development,23,0.05,5,random,0,-0.013604432344436646,0.013604432344436646
TCGA-A2-A04P,development,23,0.05,5,random,1,-0.006361067295074463,0.006361067295074463
TCGA-A2-A04P,development,23,0.05,5,random,2,0.016680240631103516,0.016680240631103516
TCGA-A2-A04P,development,23,0.05,5,random,3,-0.011399924755096436,0.011399924755096436
TCGA-A2-A04P,development,23,0.05,5,random,4,0.011534273624420166,0.011534273624420166
TCGA-A2-A04P,development,23,0.05,5,random,5,-0.005643904209136963,0.005643904209136963
TCGA-A2-A04P,development,23,0.05,5,random,6,0.007182389497756958,0.007182389497756958
TCGA-A2-A04P,development,23,0.05,5,random,7,-0.0254041850566864,0.0254041850566864
TCGA-A2-A04P,development,23,0.05,5,random,8,-0.020084619522094727,0.020084619522094727
TCGA-A2-A04P,development,23,0.05,5,random,9,-0.01615104079246521,0.01615104079246521
TCGA-A2-A04P,development,23,0.05,5,random,10,-0.03606131672859192,0.03606131672859192
TCGA-A2-A04P,development,23,0.05,5,random,11,0.009987115859985352,0.009987115859985352
TCGA-A2-A04P,development,23,0.05,5,random,12,-0.008591502904891968,0.008591502904891968
TCGA-A2-A04P,development,23,0.05,5,random,13,-0.013223201036453247,0.013223201036453247
TCGA-A2-A04P,development,23,0.05,5,random,14,0.004410207271575928,0.004410207271575928
TCGA-A2-A04P,development,23,0.05,5,random,15,-0.0051812827587127686,0.0051812827587127686
TCGA-A2-A04P,development,23,0.05,5,random,16,-0.008868902921676636,0.008868902921676636
TCGA-A2-A04P,development,23,0.05,5,random,17,-0.04326122999191284,0.04326122999191284
TCGA-A2-A04P,development,23,0.05,5,random,18,-0.0007167458534240723,0.0007167458534240723
TCGA-A2-A04P,development,23,0.05,5,random,19,-0.008953630924224854,0.008953630924224854
TCGA-A2-A04P,development,23,0.1,10,gnnexplainer,-1,0.000958561897277832,0.000958561897277832
TCGA-A2-A04P,development,23,0.1,10,random,0,-0.004550963640213013,0.004550963640213013
TCGA-A2-A04P,development,23,0.1,10,random,1,-0.068518728017807,0.068518728017807
TCGA-A2-A04P,development,23,0.1,10,random,2,0.03295755386352539,0.03295755386352539
TCGA-A2-A04P,development,23,0.1,10,random,3,0.020703256130218506,0.020703256130218506
TCGA-A2-A04P,development,23,0.1,10,random,4,0.020766139030456543,0.020766139030456543
TCGA-A2-A04P,development,23,0.1,10,random,5,0.007640838623046875,0.007640838623046875
TCGA-A2-A04P,development,23,0.1,10,random,6,0.005605608224868774,0.005605608224868774
TCGA-A2-A04P,development,23,0.1,10,random,7,-0.03280094265937805,0.03280094265937805
TCGA-A2-A04P,development,23,0.1,10,random,8,0.0452483594417572,0.0452483594417572
TCGA-A2-A04P,development,23,0.1,10,random,9,-0.05533456802368164,0.05533456802368164
TCGA-A2-A04P,development,23,0.1,10,random,10,-0.06052634119987488,0.06052634119987488
TCGA-A2-A04P,development,23,0.1,10,random,11,0.04459097981452942,0.04459097981452942
TCGA-A2-A04P,development,23,0.1,10,random,12,-0.015395104885101318,0.015395104885101318
TCGA-A2-A04P,development,23,0.1,10,random,13,-0.016308069229125977,0.016308069229125977
TCGA-A2-A04P,development,23,0.1,10,random,14,0.00237959623336792,0.00237959623336792
TCGA-A2-A04P,development,23,0.1,10,random,15,0.0026438236236572266,0.0026438236236572266
TCGA-A2-A04P,development,23,0.1,10,random,16,0.005220681428909302,0.005220681428909302
TCGA-A2-A04P,development,23,0.1,10,random,17,-0.020792990922927856,0.020792990922927856
TCGA-A2-A04P,development,23,0.1,10,random,18,0.0001843571662902832,0.0001843571662902832
TCGA-A2-A04P,development,23,0.1,10,random,19,-0.023304492235183716,0.023304492235183716
TCGA-A2-A04P,development,23,0.2,20,gnnexplainer,-1,-0.013862371444702148,0.013862371444702148
TCGA-A2-A04P,development,23,0.2,20,random,0,-0.02303674817085266,0.02303674817085266
TCGA-A2-A04P,development,23,0.2,20,random,1,0.0007990598678588867,0.0007990598678588867
TCGA-A2-A04P,development,23,0.2,20,random,2,-0.08630505204200745,0.08630505204200745
TCGA-A2-A04P,development,23,0.2,20,random,3,-0.021197021007537842,0.021197021007537842
TCGA-A2-A04P,development,23,0.2,20,random,4,0.01863691210746765,0.01863691210746765
TCGA-A2-A04P,development,23,0.2,20,random,5,0.050960004329681396,0.050960004329681396
TCGA-A2-A04P,development,23,0.2,20,random,6,-0.01421821117401123,0.01421821117401123
TCGA-A2-A04P,development,23,0.2,20,random,7,-0.045595794916152954,0.045595794916152954
TCGA-A2-A04P,development,23,0.2,20,random,8,0.02778702974319458,0.02778702974319458
TCGA-A2-A04P,development,23,0.2,20,random,9,-0.010348200798034668,0.010348200798034668
TCGA-A2-A04P,development,23,0.2,20,random,10,0.0026170313358306885,0.0026170313358306885
TCGA-A2-A04P,development,23,0.2,20,random,11,0.018690139055252075,0.018690139055252075
TCGA-A2-A04P,development,23,0.2,20,random,12,0.00938791036605835,0.00938791036605835
TCGA-A2-A04P,development,23,0.2,20,random,13,0.048856884241104126,0.048856884241104126
TCGA-A2-A04P,development,23,0.2,20,random,14,-0.0032491087913513184,0.0032491087913513184
TCGA-A2-A04P,development,23,0.2,20,random,15,-0.047025859355926514,0.047025859355926514
TCGA-A2-A04P,development,23,0.2,20,random,16,0.016735941171646118,0.016735941171646118
TCGA-A2-A04P,development,23,0.2,20,random,17,0.02398774027824402,0.02398774027824402
TCGA-A2-A04P,development,23,0.2,20,random,18,0.0070029497146606445,0.0070029497146606445
TCGA-A2-A04P,development,23,0.2,20,random,19,0.009364217519760132,0.009364217519760132
TCGA-A2-A04P,development,37,0.05,5,gnnexplainer,-1,0.005127012729644775,0.005127012729644775
TCGA-A2-A04P,development,37,0.05,5,random,0,-0.0018387138843536377,0.0018387138843536377
TCGA-A2-A04P,development,37,0.05,5,random,1,0.010654032230377197,0.010654032230377197
TCGA-A2-A04P,development,37,0.05,5,random,2,-0.032001227140426636,0.032001227140426636
TCGA-A2-A04P,development,37,0.05,5,random,3,-0.013526052236557007,0.013526052236557007
TCGA-A2-A04P,development,37,0.05,5,random,4,0.017937421798706055,0.017937421798706055
TCGA-A2-A04P,development,37,0.05,5,random,5,0.0055300891399383545,0.0055300891399383545
TCGA-A2-A04P,development,37,0.05,5,random,6,-0.013413310050964355,0.013413310050964355
TCGA-A2-A04P,development,37,0.05,5,random,7,0.0046031177043914795,0.0046031177043914795
TCGA-A2-A04P,development,37,0.05,5,random,8,0.01447153091430664,0.01447153091430664
TCGA-A2-A04P,development,37,0.05,5,random,9,-0.022881358861923218,0.022881358861923218
TCGA-A2-A04P,development,37,0.05,5,random,10,0.006279319524765015,0.006279319524765015
TCGA-A2-A04P,development,37,0.05,5,random,11,-0.018458813428878784,0.018458813428878784
TCGA-A2-A04P,development,37,0.05,5,random,12,0.012717753648757935,0.012717753648757935
TCGA-A2-A04P,development,37,0.05,5,random,13,0.014947652816772461,0.014947652816772461
TCGA-A2-A04P,development,37,0.05,5,random,14,-0.004218637943267822,0.004218637943267822
TCGA-A2-A04P,development,37,0.05,5,random,15,0.012533605098724365,0.012533605098724365
TCGA-A2-A04P,development,37,0.05,5,random,16,0.014045178890228271,0.014045178890228271
TCGA-A2-A04P,development,37,0.05,5,random,17,0.008213788270950317,0.008213788270950317
TCGA-A2-A04P,development,37,0.05,5,random,18,0.01654493808746338,0.01654493808746338
TCGA-A2-A04P,development,37,0.05,5,random,19,0.007567793130874634,0.007567793130874634
TCGA-A2-A04P,development,37,0.1,10,gnnexplainer,-1,0.0075647830963134766,0.0075647830963134766
TCGA-A2-A04P,development,37,0.1,10,random,0,0.0046160221099853516,0.0046160221099853516
TCGA-A2-A04P,development,37,0.1,10,random,1,0.01486179232597351,0.01486179232597351
TCGA-A2-A04P,development,37,0.1,10,random,2,0.031066834926605225,0.031066834926605225
TCGA-A2-A04P,development,37,0.1,10,random,3,0.003996223211288452,0.003996223211288452
TCGA-A2-A04P,development,37,0.1,10,random,4,0.006174176931381226,0.006174176931381226
TCGA-A2-A04P,development,37,0.1,10,random,5,0.01567980647087097,0.01567980647087097
TCGA-A2-A04P,development,37,0.1,10,random,6,-0.02697405219078064,0.02697405219078064
TCGA-A2-A04P,development,37,0.1,10,random,7,0.012487053871154785,0.012487053871154785
TCGA-A2-A04P,development,37,0.1,10,random,8,-0.017148315906524658,0.017148315906524658
TCGA-A2-A04P,development,37,0.1,10,random,9,-0.03582015633583069,0.03582015633583069
TCGA-A2-A04P,development,37,0.1,10,random,10,0.012513279914855957,0.012513279914855957
TCGA-A2-A04P,development,37,0.1,10,random,11,-0.0171586275100708,0.0171586275100708
TCGA-A2-A04P,development,37,0.1,10,random,12,0.027797430753707886,0.027797430753707886
TCGA-A2-A04P,development,37,0.1,10,random,13,0.006103724241256714,0.006103724241256714
TCGA-A2-A04P,development,37,0.1,10,random,14,0.004158288240432739,0.004158288240432739
TCGA-A2-A04P,development,37,0.1,10,random,15,-0.005113333463668823,0.005113333463668823
TCGA-A2-A04P,development,37,0.1,10,random,16,-0.00866776704788208,0.00866776704788208
TCGA-A2-A04P,development,37,0.1,10,random,17,-0.055078089237213135,0.055078089237213135
TCGA-A2-A04P,development,37,0.1,10,random,18,0.00969994068145752,0.00969994068145752
TCGA-A2-A04P,development,37,0.1,10,random,19,-0.0028342604637145996,0.0028342604637145996
TCGA-A2-A04P,development,37,0.2,20,gnnexplainer,-1,0.023184001445770264,0.023184001445770264
TCGA-A2-A04P,development,37,0.2,20,random,0,0.03630101680755615,0.03630101680755615
TCGA-A2-A04P,development,37,0.2,20,random,1,-0.02760252356529236,0.02760252356529236
TCGA-A2-A04P,development,37,0.2,20,random,2,-0.001973271369934082,0.001973271369934082
TCGA-A2-A04P,development,37,0.2,20,random,3,0.022332489490509033,0.022332489490509033
TCGA-A2-A04P,development,37,0.2,20,random,4,-0.00854310393333435,0.00854310393333435
TCGA-A2-A04P,development,37,0.2,20,random,5,-0.039987266063690186,0.039987266063690186
TCGA-A2-A04P,development,37,0.2,20,random,6,0.008314192295074463,0.008314192295074463
TCGA-A2-A04P,development,37,0.2,20,random,7,0.056208789348602295,0.056208789348602295
TCGA-A2-A04P,development,37,0.2,20,random,8,0.021553099155426025,0.021553099155426025
TCGA-A2-A04P,development,37,0.2,20,random,9,-0.004042208194732666,0.004042208194732666
TCGA-A2-A04P,development,37,0.2,20,random,10,0.0113297700881958,0.0113297700881958
TCGA-A2-A04P,development,37,0.2,20,random,11,-0.02463775873184204,0.02463775873184204
TCGA-A2-A04P,development,37,0.2,20,random,12,-0.021647274494171143,0.021647274494171143
TCGA-A2-A04P,development,37,0.2,20,random,13,0.0008150935173034668,0.0008150935173034668
TCGA-A2-A04P,development,37,0.2,20,random,14,0.009171992540359497,0.009171992540359497
TCGA-A2-A04P,development,37,0.2,20,random,15,0.03923824429512024,0.03923824429512024
TCGA-A2-A04P,development,37,0.2,20,random,16,-0.016541481018066406,0.016541481018066406
TCGA-A2-A04P,development,37,0.2,20,random,17,0.0018978416919708252,0.0018978416919708252
TCGA-A2-A04P,development,37,0.2,20,random,18,-0.010505706071853638,0.010505706071853638
TCGA-A2-A04P,development,37,0.2,20,random,19,-0.01394498348236084,0.01394498348236084
TCGA-A2-A04Q,development,11,0.05,2,gnnexplainer,-1,0.015215307474136353,0.015215307474136353
TCGA-A2-A04Q,development,11,0.05,2,random,0,0.029693931341171265,0.029693931341171265
TCGA-A2-A04Q,development,11,0.05,2,random,1,-0.07061320543289185,0.07061320543289185
TCGA-A2-A04Q,development,11,0.05,2,random,2,-0.026870429515838623,0.026870429515838623
TCGA-A2-A04Q,development,11,0.05,2,random,3,0.03499671816825867,0.03499671816825867
TCGA-A2-A04Q,development,11,0.05,2,random,4,0.03263971209526062,0.03263971209526062
TCGA-A2-A04Q,development,11,0.05,2,random,5,-0.003017038106918335,0.003017038106918335
TCGA-A2-A04Q,development,11,0.05,2,random,6,-0.05777674913406372,0.05777674913406372
TCGA-A2-A04Q,development,11,0.05,2,random,7,0.055114299058914185,0.055114299058914185
TCGA-A2-A04Q,development,11,0.05,2,random,8,-0.04864665865898132,0.04864665865898132
TCGA-A2-A04Q,development,11,0.05,2,random,9,0.043063968420028687,0.043063968420028687
TCGA-A2-A04Q,development,11,0.05,2,random,10,0.025850564241409302,0.025850564241409302
TCGA-A2-A04Q,development,11,0.05,2,random,11,-0.13405713438987732,0.13405713438987732
TCGA-A2-A04Q,development,11,0.05,2,random,12,0.01294812560081482,0.01294812560081482
TCGA-A2-A04Q,development,11,0.05,2,random,13,0.009728461503982544,0.009728461503982544
TCGA-A2-A04Q,development,11,0.05,2,random,14,0.018566519021987915,0.018566519021987915
TCGA-A2-A04Q,development,11,0.05,2,random,15,0.015577048063278198,0.015577048063278198
TCGA-A2-A04Q,development,11,0.05,2,random,16,0.006420403718948364,0.006420403718948364
TCGA-A2-A04Q,development,11,0.05,2,random,17,-0.032731831073760986,0.032731831073760986
TCGA-A2-A04Q,development,11,0.05,2,random,18,-0.007968395948410034,0.007968395948410034
TCGA-A2-A04Q,development,11,0.05,2,random,19,0.006874203681945801,0.006874203681945801
TCGA-A2-A04Q,development,11,0.1,3,gnnexplainer,-1,0.021666735410690308,0.021666735410690308
TCGA-A2-A04Q,development,11,0.1,3,random,0,-0.10376137495040894,0.10376137495040894
TCGA-A2-A04Q,development,11,0.1,3,random,1,0.007366836071014404,0.007366836071014404
TCGA-A2-A04Q,development,11,0.1,3,random,2,0.03776535391807556,0.03776535391807556
TCGA-A2-A04Q,development,11,0.1,3,random,3,0.036204129457473755,0.036204129457473755
TCGA-A2-A04Q,development,11,0.1,3,random,4,0.011966794729232788,0.011966794729232788
TCGA-A2-A04Q,development,11,0.1,3,random,5,-0.0875886082649231,0.0875886082649231
TCGA-A2-A04Q,development,11,0.1,3,random,6,-0.09352409839630127,0.09352409839630127
TCGA-A2-A04Q,development,11,0.1,3,random,7,0.06650081276893616,0.06650081276893616
TCGA-A2-A04Q,development,11,0.1,3,random,8,-0.048910945653915405,0.048910945653915405
TCGA-A2-A04Q,development,11,0.1,3,random,9,-0.030678212642669678,0.030678212642669678
TCGA-A2-A04Q,development,11,0.1,3,random,10,0.024561971426010132,0.024561971426010132
TCGA-A2-A04Q,development,11,0.1,3,random,11,0.01838669180870056,0.01838669180870056
TCGA-A2-A04Q,development,11,0.1,3,random,12,-0.04465991258621216,0.04465991258621216
TCGA-A2-A04Q,development,11,0.1,3,random,13,0.017274826765060425,0.017274826765060425
TCGA-A2-A04Q,development,11,0.1,3,random,14,-0.0031829476356506348,0.0031829476356506348
TCGA-A2-A04Q,development,11,0.1,3,random,15,0.027999132871627808,0.027999132871627808
TCGA-A2-A04Q,development,11,0.1,3,random,16,0.027636080980300903,0.027636080980300903
TCGA-A2-A04Q,development,11,0.1,3,random,17,-0.03319382667541504,0.03319382667541504
TCGA-A2-A04Q,development,11,0.1,3,random,18,-0.06798157095909119,0.06798157095909119
TCGA-A2-A04Q,development,11,0.1,3,random,19,0.009387940168380737,0.009387940168380737
TCGA-A2-A04Q,development,11,0.2,5,gnnexplainer,-1,-0.01573583483695984,0.01573583483695984
TCGA-A2-A04Q,development,11,0.2,5,random,0,0.008147656917572021,0.008147656917572021
TCGA-A2-A04Q,development,11,0.2,5,random,1,-0.05754312872886658,0.05754312872886658
TCGA-A2-A04Q,development,11,0.2,5,random,2,-0.02257654070854187,0.02257654070854187
TCGA-A2-A04Q,development,11,0.2,5,random,3,-0.10048514604568481,0.10048514604568481
TCGA-A2-A04Q,development,11,0.2,5,random,4,0.0027419328689575195,0.0027419328689575195
TCGA-A2-A04Q,development,11,0.2,5,random,5,-0.14701038599014282,0.14701038599014282
TCGA-A2-A04Q,development,11,0.2,5,random,6,0.02706184983253479,0.02706184983253479
TCGA-A2-A04Q,development,11,0.2,5,random,7,-0.03231355547904968,0.03231355547904968
TCGA-A2-A04Q,development,11,0.2,5,random,8,-0.022235602140426636,0.022235602140426636
TCGA-A2-A04Q,development,11,0.2,5,random,9,0.03333941102027893,0.03333941102027893
TCGA-A2-A04Q,development,11,0.2,5,random,10,0.07178309559822083,0.07178309559822083
TCGA-A2-A04Q,development,11,0.2,5,random,11,0.056893736124038696,0.056893736124038696
TCGA-A2-A04Q,development,11,0.2,5,random,12,0.0028901398181915283,0.0028901398181915283
TCGA-A2-A04Q,development,11,0.2,5,random,13,-0.14185917377471924,0.14185917377471924
TCGA-A2-A04Q,development,11,0.2,5,random,14,-0.01956459879875183,0.01956459879875183
TCGA-A2-A04Q,development,11,0.2,5,random,15,0.03754428029060364,0.03754428029060364
TCGA-A2-A04Q,development,11,0.2,5,random,16,0.03896650671958923,0.03896650671958923
TCGA-A2-A04Q,development,11,0.2,5,random,17,-0.004995793104171753,0.004995793104171753
TCGA-A2-A04Q,development,11,0.2,5,random,18,-0.023791193962097168,0.023791193962097168
TCGA-A2-A04Q,development,11,0.2,5,random,19,0.03533086180686951,0.03533086180686951
TCGA-A2-A04Q,development,23,0.05,2,gnnexplainer,-1,-0.0006189048290252686,0.0006189048290252686
TCGA-A2-A04Q,development,23,0.05,2,random,0,-0.015766113996505737,0.015766113996505737
TCGA-A2-A04Q,development,23,0.05,2,random,1,-0.016149520874023438,0.016149520874023438
TCGA-A2-A04Q,development,23,0.05,2,random,2,0.01424667239189148,0.01424667239189148
TCGA-A2-A04Q,development,23,0.05,2,random,3,-0.14859673380851746,0.14859673380851746
TCGA-A2-A04Q,development,23,0.05,2,random,4,-0.014522522687911987,0.014522522687911987
TCGA-A2-A04Q,development,23,0.05,2,random,5,0.01586797833442688,0.01586797833442688
TCGA-A2-A04Q,development,23,0.05,2,random,6,-0.08903276920318604,0.08903276920318604
TCGA-A2-A04Q,development,23,0.05,2,random,7,-0.012857764959335327,0.012857764959335327
TCGA-A2-A04Q,development,23,0.05,2,random,8,-0.05179354548454285,0.05179354548454285
TCGA-A2-A04Q,development,23,0.05,2,random,9,-0.0005605220794677734,0.0005605220794677734
TCGA-A2-A04Q,development,23,0.05,2,random,10,0.03140544891357422,0.03140544891357422
TCGA-A2-A04Q,development,23,0.05,2,random,11,0.013408094644546509,0.013408094644546509
TCGA-A2-A04Q,development,23,0.05,2,random,12,-0.026012063026428223,0.026012063026428223
TCGA-A2-A04Q,development,23,0.05,2,random,13,-0.022629141807556152,0.022629141807556152
TCGA-A2-A04Q,development,23,0.05,2,random,14,-0.04596889019012451,0.04596889019012451
TCGA-A2-A04Q,development,23,0.05,2,random,15,0.01039007306098938,0.01039007306098938
TCGA-A2-A04Q,development,23,0.05,2,random,16,0.006470441818237305,0.006470441818237305
TCGA-A2-A04Q,development,23,0.05,2,random,17,0.02205359935760498,0.02205359935760498
TCGA-A2-A04Q,development,23,0.05,2,random,18,-0.0032268762588500977,0.0032268762588500977
TCGA-A2-A04Q,development,23,0.05,2,random,19,-0.06692191958427429,0.06692191958427429
TCGA-A2-A04Q,development,23,0.1,3,gnnexplainer,-1,-0.022561192512512207,0.022561192512512207
TCGA-A2-A04Q,development,23,0.1,3,random,0,0.01638615131378174,0.01638615131378174
TCGA-A2-A04Q,development,23,0.1,3,random,1,0.03190869092941284,0.03190869092941284
TCGA-A2-A04Q,development,23,0.1,3,random,2,0.019339650869369507,0.019339650869369507
TCGA-A2-A04Q,development,23,0.1,3,random,3,-0.06538796424865723,0.06538796424865723
TCGA-A2-A04Q,development,23,0.1,3,random,4,-0.03582417964935303,0.03582417964935303
TCGA-A2-A04Q,development,23,0.1,3,random,5,-0.10254696011543274,0.10254696011543274
TCGA-A2-A04Q,development,23,0.1,3,random,6,0.0025468170642852783,0.0025468170642852783
TCGA-A2-A04Q,development,23,0.1,3,random,7,0.014482349157333374,0.014482349157333374
TCGA-A2-A04Q,development,23,0.1,3,random,8,0.0407254695892334,0.0407254695892334
TCGA-A2-A04Q,development,23,0.1,3,random,9,0.028430163860321045,0.028430163860321045
TCGA-A2-A04Q,development,23,0.1,3,random,10,-0.01457563042640686,0.01457563042640686
TCGA-A2-A04Q,development,23,0.1,3,random,11,0.050582826137542725,0.050582826137542725
TCGA-A2-A04Q,development,23,0.1,3,random,12,-0.007669359445571899,0.007669359445571899
TCGA-A2-A04Q,development,23,0.1,3,random,13,-0.07192805409431458,0.07192805409431458
TCGA-A2-A04Q,development,23,0.1,3,random,14,0.0376090407371521,0.0376090407371521
TCGA-A2-A04Q,development,23,0.1,3,random,15,-0.16218379139900208,0.16218379139900208
TCGA-A2-A04Q,development,23,0.1,3,random,16,-0.0652020275592804,0.0652020275592804
TCGA-A2-A04Q,development,23,0.1,3,random,17,0.013632267713546753,0.013632267713546753
TCGA-A2-A04Q,development,23,0.1,3,random,18,0.01124727725982666,0.01124727725982666
TCGA-A2-A04Q,development,23,0.1,3,random,19,-0.07823669910430908,0.07823669910430908
TCGA-A2-A04Q,development,23,0.2,5,gnnexplainer,-1,-0.021548748016357422,0.021548748016357422
TCGA-A2-A04Q,development,23,0.2,5,random,0,-0.0051115453243255615,0.0051115453243255615
TCGA-A2-A04Q,development,23,0.2,5,random,1,-0.07620212435722351,0.07620212435722351
TCGA-A2-A04Q,development,23,0.2,5,random,2,-0.03893038630485535,0.03893038630485535
TCGA-A2-A04Q,development,23,0.2,5,random,3,-0.002360314130783081,0.002360314130783081
TCGA-A2-A04Q,development,23,0.2,5,random,4,-0.036770373582839966,0.036770373582839966
TCGA-A2-A04Q,development,23,0.2,5,random,5,0.034364402294158936,0.034364402294158936
TCGA-A2-A04Q,development,23,0.2,5,random,6,-0.024086445569992065,0.024086445569992065
TCGA-A2-A04Q,development,23,0.2,5,random,7,0.03950279951095581,0.03950279951095581
TCGA-A2-A04Q,development,23,0.2,5,random,8,-0.06501522660255432,0.06501522660255432
TCGA-A2-A04Q,development,23,0.2,5,random,9,-0.003430962562561035,0.003430962562561035
TCGA-A2-A04Q,development,23,0.2,5,random,10,-0.05875471234321594,0.05875471234321594
TCGA-A2-A04Q,development,23,0.2,5,random,11,0.056813180446624756,0.056813180446624756
TCGA-A2-A04Q,development,23,0.2,5,random,12,0.015102237462997437,0.015102237462997437
TCGA-A2-A04Q,development,23,0.2,5,random,13,-0.1306408941745758,0.1306408941745758
TCGA-A2-A04Q,development,23,0.2,5,random,14,-0.03078591823577881,0.03078591823577881
TCGA-A2-A04Q,development,23,0.2,5,random,15,0.030438780784606934,0.030438780784606934
TCGA-A2-A04Q,development,23,0.2,5,random,16,0.02576306462287903,0.02576306462287903
TCGA-A2-A04Q,development,23,0.2,5,random,17,-0.006998807191848755,0.006998807191848755
TCGA-A2-A04Q,development,23,0.2,5,random,18,0.0019882917404174805,0.0019882917404174805
TCGA-A2-A04Q,development,23,0.2,5,random,19,0.0017413198947906494,0.0017413198947906494
TCGA-A2-A04Q,development,37,0.05,2,gnnexplainer,-1,0.008970648050308228,0.008970648050308228
TCGA-A2-A04Q,development,37,0.05,2,random,0,-0.02143910527229309,0.02143910527229309
TCGA-A2-A04Q,development,37,0.05,2,random,1,-0.010908275842666626,0.010908275842666626
TCGA-A2-A04Q,development,37,0.05,2,random,2,-0.034432798624038696,0.034432798624038696
TCGA-A2-A04Q,development,37,0.05,2,random,3,0.009045690298080444,0.009045690298080444
TCGA-A2-A04Q,development,37,0.05,2,random,4,-0.0035359859466552734,0.0035359859466552734
TCGA-A2-A04Q,development,37,0.05,2,random,5,0.038739293813705444,0.038739293813705444
TCGA-A2-A04Q,development,37,0.05,2,random,6,0.022426843643188477,0.022426843643188477
TCGA-A2-A04Q,development,37,0.05,2,random,7,-0.045931339263916016,0.045931339263916016
TCGA-A2-A04Q,development,37,0.05,2,random,8,0.016069084405899048,0.016069084405899048
TCGA-A2-A04Q,development,37,0.05,2,random,9,-0.02143910527229309,0.02143910527229309
TCGA-A2-A04Q,development,37,0.05,2,random,10,0.03292691707611084,0.03292691707611084
TCGA-A2-A04Q,development,37,0.05,2,random,11,0.03969001770019531,0.03969001770019531
TCGA-A2-A04Q,development,37,0.05,2,random,12,0.029431134462356567,0.029431134462356567
TCGA-A2-A04Q,development,37,0.05,2,random,13,0.03969001770019531,0.03969001770019531
TCGA-A2-A04Q,development,37,0.05,2,random,14,-0.02058282494544983,0.02058282494544983
TCGA-A2-A04Q,development,37,0.05,2,random,15,0.02924761176109314,0.02924761176109314
TCGA-A2-A04Q,development,37,0.05,2,random,16,0.013763278722763062,0.013763278722763062
TCGA-A2-A04Q,development,37,0.05,2,random,17,-0.006432682275772095,0.006432682275772095
TCGA-A2-A04Q,development,37,0.05,2,random,18,0.02761712670326233,0.02761712670326233
TCGA-A2-A04Q,development,37,0.05,2,random,19,-0.000361710786819458,0.000361710786819458
TCGA-A2-A04Q,development,37,0.1,3,gnnexplainer,-1,0.01873791217803955,0.01873791217803955
TCGA-A2-A04Q,development,37,0.1,3,random,0,-0.06911996006965637,0.06911996006965637
TCGA-A2-A04Q,development,37,0.1,3,random,1,-0.024455785751342773,0.024455785751342773
TCGA-A2-A04Q,development,37,0.1,3,random,2,-0.001307368278503418,0.001307368278503418
TCGA-A2-A04Q,development,37,0.1,3,random,3,-0.020148247480392456,0.020148247480392456
TCGA-A2-A04Q,development,37,0.1,3,random,4,-0.020014196634292603,0.020014196634292603
TCGA-A2-A04Q,development,37,0.1,3,random,5,-0.015672773122787476,0.015672773122787476
TCGA-A2-A04Q,development,37,0.1,3,random,6,0.04875969886779785,0.04875969886779785
TCGA-A2-A04Q,development,37,0.1,3,random,7,0.042951345443725586,0.042951345443725586
TCGA-A2-A04Q,development,37,0.1,3,random,8,-0.04427251219749451,0.04427251219749451
TCGA-A2-A04Q,development,37,0.1,3,random,9,0.04401177167892456,0.04401177167892456
TCGA-A2-A04Q,development,37,0.1,3,random,10,-0.04070356488227844,0.04070356488227844
TCGA-A2-A04Q,development,37,0.1,3,random,11,0.0481719970703125,0.0481719970703125
TCGA-A2-A04Q,development,37,0.1,3,random,12,0.021309375762939453,0.021309375762939453
TCGA-A2-A04Q,development,37,0.1,3,random,13,-0.016993284225463867,0.016993284225463867
TCGA-A2-A04Q,development,37,0.1,3,random,14,0.01640796661376953,0.01640796661376953
TCGA-A2-A04Q,development,37,0.1,3,random,15,0.021395087242126465,0.021395087242126465
TCGA-A2-A04Q,development,37,0.1,3,random,16,0.050933897495269775,0.050933897495269775
TCGA-A2-A04Q,development,37,0.1,3,random,17,0.0445631742477417,0.0445631742477417
TCGA-A2-A04Q,development,37,0.1,3,random,18,-0.0036154091358184814,0.0036154091358184814
TCGA-A2-A04Q,development,37,0.1,3,random,19,0.03788769245147705,0.03788769245147705
TCGA-A2-A04Q,development,37,0.2,5,gnnexplainer,-1,0.010450601577758789,0.010450601577758789
TCGA-A2-A04Q,development,37,0.2,5,random,0,-0.06647682189941406,0.06647682189941406
TCGA-A2-A04Q,development,37,0.2,5,random,1,-0.04367688298225403,0.04367688298225403
TCGA-A2-A04Q,development,37,0.2,5,random,2,0.022768616676330566,0.022768616676330566
TCGA-A2-A04Q,development,37,0.2,5,random,3,-0.013679355382919312,0.013679355382919312
TCGA-A2-A04Q,development,37,0.2,5,random,4,-0.09812545776367188,0.09812545776367188
TCGA-A2-A04Q,development,37,0.2,5,random,5,0.02946588397026062,0.02946588397026062
TCGA-A2-A04Q,development,37,0.2,5,random,6,0.09832733869552612,0.09832733869552612
TCGA-A2-A04Q,development,37,0.2,5,random,7,0.0018884837627410889,0.0018884837627410889
TCGA-A2-A04Q,development,37,0.2,5,random,8,-0.029706627130508423,0.029706627130508423
TCGA-A2-A04Q,development,37,0.2,5,random,9,0.0433463454246521,0.0433463454246521
TCGA-A2-A04Q,development,37,0.2,5,random,10,-0.1134728491306305,0.1134728491306305
TCGA-A2-A04Q,development,37,0.2,5,random,11,-0.041931718587875366,0.041931718587875366
TCGA-A2-A04Q,development,37,0.2,5,random,12,-0.03591632843017578,0.03591632843017578
TCGA-A2-A04Q,development,37,0.2,5,random,13,0.08605378866195679,0.08605378866195679
TCGA-A2-A04Q,development,37,0.2,5,random,14,0.004914760589599609,0.004914760589599609
TCGA-A2-A04Q,development,37,0.2,5,random,15,0.06803673505783081,0.06803673505783081
TCGA-A2-A04Q,development,37,0.2,5,random,16,-0.0804159939289093,0.0804159939289093
TCGA-A2-A04Q,development,37,0.2,5,random,17,-0.012525051832199097,0.012525051832199097
TCGA-A2-A04Q,development,37,0.2,5,random,18,-0.0058390796184539795,0.0058390796184539795
TCGA-A2-A04Q,development,37,0.2,5,random,19,0.007175445556640625,0.007175445556640625
TCGA-A2-A04T,development,11,0.05,9,gnnexplainer,-1,-0.010181605815887451,0.010181605815887451
TCGA-A2-A04T,development,11,0.05,9,random,0,-0.00827646255493164,0.00827646255493164
TCGA-A2-A04T,development,11,0.05,9,random,1,-0.004731357097625732,0.004731357097625732
TCGA-A2-A04T,development,11,0.05,9,random,2,-0.013828396797180176,0.013828396797180176
TCGA-A2-A04T,development,11,0.05,9,random,3,-0.0027565360069274902,0.0027565360069274902
TCGA-A2-A04T,development,11,0.05,9,random,4,-0.001774430274963379,0.001774430274963379
TCGA-A2-A04T,development,11,0.05,9,random,5,-0.014282405376434326,0.014282405376434326
TCGA-A2-A04T,development,11,0.05,9,random,6,-0.015295803546905518,0.015295803546905518
TCGA-A2-A04T,development,11,0.05,9,random,7,-0.013963818550109863,0.013963818550109863
TCGA-A2-A04T,development,11,0.05,9,random,8,-0.01516646146774292,0.01516646146774292
TCGA-A2-A04T,development,11,0.05,9,random,9,-0.005372822284698486,0.005372822284698486
TCGA-A2-A04T,development,11,0.05,9,random,10,-0.017738640308380127,0.017738640308380127
TCGA-A2-A04T,development,11,0.05,9,random,11,-0.011274576187133789,0.011274576187133789
TCGA-A2-A04T,development,11,0.05,9,random,12,0.005534708499908447,0.005534708499908447
TCGA-A2-A04T,development,11,0.05,9,random,13,-0.02155989408493042,0.02155989408493042
TCGA-A2-A04T,development,11,0.05,9,random,14,-0.020342707633972168,0.020342707633972168
TCGA-A2-A04T,development,11,0.05,9,random,15,-0.017994821071624756,0.017994821071624756
TCGA-A2-A04T,development,11,0.05,9,random,16,-0.019020497798919678,0.019020497798919678
TCGA-A2-A04T,development,11,0.05,9,random,17,-0.010750114917755127,0.010750114917755127
TCGA-A2-A04T,development,11,0.05,9,random,18,0.0036524534225463867,0.0036524534225463867
TCGA-A2-A04T,development,11,0.05,9,random,19,-0.007300138473510742,0.007300138473510742
TCGA-A2-A04T,development,11,0.1,18,gnnexplainer,-1,-0.02117234468460083,0.02117234468460083
TCGA-A2-A04T,development,11,0.1,18,random,0,-0.019841134548187256,0.019841134548187256
TCGA-A2-A04T,development,11,0.1,18,random,1,-0.010369598865509033,0.010369598865509033
TCGA-A2-A04T,development,11,0.1,18,random,2,-0.010827124118804932,0.010827124118804932
TCGA-A2-A04T,development,11,0.1,18,random,3,-0.022148191928863525,0.022148191928863525
TCGA-A2-A04T,development,11,0.1,18,random,4,-0.008466124534606934,0.008466124534606934
TCGA-A2-A04T,development,11,0.1,18,random,5,-0.0270574688911438,0.0270574688911438
TCGA-A2-A04T,development,11,0.1,18,random,6,-0.012446999549865723,0.012446999549865723
TCGA-A2-A04T,development,11,0.1,18,random,7,-0.03494691848754883,0.03494691848754883
TCGA-A2-A04T,development,11,0.1,18,random,8,-0.032943546772003174,0.032943546772003174
TCGA-A2-A04T,development,11,0.1,18,random,9,-0.01907968521118164,0.01907968521118164
TCGA-A2-A04T,development,11,0.1,18,random,10,-0.024192631244659424,0.024192631244659424
TCGA-A2-A04T,development,11,0.1,18,random,11,-0.037136971950531006,0.037136971950531006
TCGA-A2-A04T,development,11,0.1,18,random,12,-0.030683040618896484,0.030683040618896484
TCGA-A2-A04T,development,11,0.1,18,random,13,-0.025065600872039795,0.025065600872039795
TCGA-A2-A04T,development,11,0.1,18,random,14,-0.024357736110687256,0.024357736110687256
TCGA-A2-A04T,development,11,0.1,18,random,15,-0.014918208122253418,0.014918208122253418
TCGA-A2-A04T,development,11,0.1,18,random,16,-0.005430459976196289,0.005430459976196289
TCGA-A2-A04T,development,11,0.1,18,random,17,-0.028601527214050293,0.028601527214050293
TCGA-A2-A04T,development,11,0.1,18,random,18,-0.029653489589691162,0.029653489589691162
TCGA-A2-A04T,development,11,0.1,18,random,19,-0.026177644729614258,0.026177644729614258
TCGA-A2-A04T,development,11,0.2,35,gnnexplainer,-1,-0.04736125469207764,0.04736125469207764
TCGA-A2-A04T,development,11,0.2,35,random,0,-0.054175376892089844,0.054175376892089844
TCGA-A2-A04T,development,11,0.2,35,random,1,-0.025387883186340332,0.025387883186340332
TCGA-A2-A04T,development,11,0.2,35,random,2,-0.06777644157409668,0.06777644157409668
TCGA-A2-A04T,development,11,0.2,35,random,3,-0.031696438789367676,0.031696438789367676
TCGA-A2-A04T,development,11,0.2,35,random,4,-0.012854516506195068,0.012854516506195068
TCGA-A2-A04T,development,11,0.2,35,random,5,-0.05539584159851074,0.05539584159851074
TCGA-A2-A04T,development,11,0.2,35,random,6,-0.03209483623504639,0.03209483623504639
TCGA-A2-A04T,development,11,0.2,35,random,7,-0.039331018924713135,0.039331018924713135
TCGA-A2-A04T,development,11,0.2,35,random,8,-0.034771621227264404,0.034771621227264404
TCGA-A2-A04T,development,11,0.2,35,random,9,-0.07902735471725464,0.07902735471725464
TCGA-A2-A04T,development,11,0.2,35,random,10,-0.0456165075302124,0.0456165075302124
TCGA-A2-A04T,development,11,0.2,35,random,11,-0.06152397394180298,0.06152397394180298
TCGA-A2-A04T,development,11,0.2,35,random,12,-0.04119151830673218,0.04119151830673218
TCGA-A2-A04T,development,11,0.2,35,random,13,-0.04790520668029785,0.04790520668029785
TCGA-A2-A04T,development,11,0.2,35,random,14,-0.02935492992401123,0.02935492992401123
TCGA-A2-A04T,development,11,0.2,35,random,15,-0.06335008144378662,0.06335008144378662
TCGA-A2-A04T,development,11,0.2,35,random,16,-0.05662131309509277,0.05662131309509277
TCGA-A2-A04T,development,11,0.2,35,random,17,-0.04449892044067383,0.04449892044067383
TCGA-A2-A04T,development,11,0.2,35,random,18,-0.06371128559112549,0.06371128559112549
TCGA-A2-A04T,development,11,0.2,35,random,19,-0.058573126792907715,0.058573126792907715
TCGA-A2-A04T,development,23,0.05,9,gnnexplainer,-1,-0.008163630962371826,0.008163630962371826
TCGA-A2-A04T,development,23,0.05,9,random,0,-0.013107061386108398,0.013107061386108398
TCGA-A2-A04T,development,23,0.05,9,random,1,-0.013033807277679443,0.013033807277679443
TCGA-A2-A04T,development,23,0.05,9,random,2,-0.010875582695007324,0.010875582695007324
TCGA-A2-A04T,development,23,0.05,9,random,3,0.0008475184440612793,0.0008475184440612793
TCGA-A2-A04T,development,23,0.05,9,random,4,0.008698999881744385,0.008698999881744385
TCGA-A2-A04T,development,23,0.05,9,random,5,-0.01042097806930542,0.01042097806930542
TCGA-A2-A04T,development,23,0.05,9,random,6,-0.005326807498931885,0.005326807498931885
TCGA-A2-A04T,development,23,0.05,9,random,7,-0.0012444853782653809,0.0012444853782653809
TCGA-A2-A04T,development,23,0.05,9,random,8,0.001301884651184082,0.001301884651184082
TCGA-A2-A04T,development,23,0.05,9,random,9,0.0008382797241210938,0.0008382797241210938
TCGA-A2-A04T,development,23,0.05,9,random,10,-0.005263030529022217,0.005263030529022217
TCGA-A2-A04T,development,23,0.05,9,random,11,-0.003962516784667969,0.003962516784667969
TCGA-A2-A04T,development,23,0.05,9,random,12,-0.006501555442810059,0.006501555442810059
TCGA-A2-A04T,development,23,0.05,9,random,13,-0.01244121789932251,0.01244121789932251
TCGA-A2-A04T,development,23,0.05,9,random,14,-0.009731769561767578,0.009731769561767578
TCGA-A2-A04T,development,23,0.05,9,random,15,-0.00716400146484375,0.00716400146484375
TCGA-A2-A04T,development,23,0.05,9,random,16,0.003540515899658203,0.003540515899658203
TCGA-A2-A04T,development,23,0.05,9,random,17,-0.011534571647644043,0.011534571647644043
TCGA-A2-A04T,development,23,0.05,9,random,18,0.006223857402801514,0.006223857402801514
TCGA-A2-A04T,development,23,0.05,9,random,19,-0.013374567031860352,0.013374567031860352
TCGA-A2-A04T,development,23,0.1,18,gnnexplainer,-1,-0.012317240238189697,0.012317240238189697
TCGA-A2-A04T,development,23,0.1,18,random,0,-0.004336357116699219,0.004336357116699219
TCGA-A2-A04T,development,23,0.1,18,random,1,-0.02380692958831787,0.02380692958831787
TCGA-A2-A04T,development,23,0.1,18,random,2,-0.021601080894470215,0.021601080894470215
TCGA-A2-A04T,development,23,0.1,18,random,3,-0.0017580389976501465,0.0017580389976501465
TCGA-A2-A04T,development,23,0.1,18,random,4,-0.010944187641143799,0.010944187641143799
TCGA-A2-A04T,development,23,0.1,18,random,5,-0.011709809303283691,0.011709809303283691
TCGA-A2-A04T,development,23,0.1,18,random,6,-0.03118950128555298,0.03118950128555298
TCGA-A2-A04T,development,23,0.1,18,random,7,-0.015143394470214844,0.015143394470214844
TCGA-A2-A04T,development,23,0.1,18,random,8,-0.0206606388092041,0.0206606388092041
TCGA-A2-A04T,development,23,0.1,18,random,9,-0.03138911724090576,0.03138911724090576
TCGA-A2-A04T,development,23,0.1,18,random,10,-0.009194374084472656,0.009194374084472656
TCGA-A2-A04T,development,23,0.1,18,random,11,-0.020903825759887695,0.020903825759887695
TCGA-A2-A04T,development,23,0.1,18,random,12,-0.014707565307617188,0.014707565307617188
TCGA-A2-A04T,development,23,0.1,18,random,13,-0.012118816375732422,0.012118816375732422
TCGA-A2-A04T,development,23,0.1,18,random,14,-0.030156195163726807,0.030156195163726807
TCGA-A2-A04T,development,23,0.1,18,random,15,-0.0038264989852905273,0.0038264989852905273
TCGA-A2-A04T,development,23,0.1,18,random,16,-0.02121114730834961,0.02121114730834961
TCGA-A2-A04T,development,23,0.1,18,random,17,-0.02527076005935669,0.02527076005935669
TCGA-A2-A04T,development,23,0.1,18,random,18,-0.003083467483520508,0.003083467483520508
TCGA-A2-A04T,development,23,0.1,18,random,19,-0.0029695630073547363,0.0029695630073547363
TCGA-A2-A04T,development,23,0.2,35,gnnexplainer,-1,-0.05923241376876831,0.05923241376876831
TCGA-A2-A04T,development,23,0.2,35,random,0,0.0027805566787719727,0.0027805566787719727
TCGA-A2-A04T,development,23,0.2,35,random,1,-0.05395328998565674,0.05395328998565674
TCGA-A2-A04T,development,23,0.2,35,random,2,-0.014944076538085938,0.014944076538085938
TCGA-A2-A04T,development,23,0.2,35,random,3,-0.0495985746383667,0.0495985746383667
TCGA-A2-A04T,development,23,0.2,35,random,4,-0.033549964427948,0.033549964427948
TCGA-A2-A04T,development,23,0.2,35,random,5,-0.04365682601928711,0.04365682601928711
TCGA-A2-A04T,development,23,0.2,35,random,6,-0.05950284004211426,0.05950284004211426
TCGA-A2-A04T,development,23,0.2,35,random,7,-0.045841217041015625,0.045841217041015625
TCGA-A2-A04T,development,23,0.2,35,random,8,-0.04733109474182129,0.04733109474182129
TCGA-A2-A04T,development,23,0.2,35,random,9,-0.07213175296783447,0.07213175296783447
TCGA-A2-A04T,development,23,0.2,35,random,10,-0.04468262195587158,0.04468262195587158
TCGA-A2-A04T,development,23,0.2,35,random,11,-0.0449976921081543,0.0449976921081543
TCGA-A2-A04T,development,23,0.2,35,random,12,-0.032586634159088135,0.032586634159088135
TCGA-A2-A04T,development,23,0.2,35,random,13,-0.04902994632720947,0.04902994632720947
TCGA-A2-A04T,development,23,0.2,35,random,14,-0.03768819570541382,0.03768819570541382
TCGA-A2-A04T,development,23,0.2,35,random,15,-0.059127867221832275,0.059127867221832275
TCGA-A2-A04T,development,23,0.2,35,random,16,-0.03163713216781616,0.03163713216781616
TCGA-A2-A04T,development,23,0.2,35,random,17,-0.040496826171875,0.040496826171875
TCGA-A2-A04T,development,23,0.2,35,random,18,-0.04986715316772461,0.04986715316772461
TCGA-A2-A04T,development,23,0.2,35,random,19,-0.029036343097686768,0.029036343097686768
TCGA-A2-A04T,development,37,0.05,9,gnnexplainer,-1,0.004207491874694824,0.004207491874694824
TCGA-A2-A04T,development,37,0.05,9,random,0,-0.0091438889503479,0.0091438889503479
TCGA-A2-A04T,development,37,0.05,9,random,1,-0.0026555657386779785,0.0026555657386779785
TCGA-A2-A04T,development,37,0.05,9,random,2,-0.017200231552124023,0.017200231552124023
TCGA-A2-A04T,development,37,0.05,9,random,3,-0.012190937995910645,0.012190937995910645
TCGA-A2-A04T,development,37,0.05,9,random,4,-0.008051633834838867,0.008051633834838867
TCGA-A2-A04T,development,37,0.05,9,random,5,-0.010553121566772461,0.010553121566772461
TCGA-A2-A04T,development,37,0.05,9,random,6,0.008882641792297363,0.008882641792297363
TCGA-A2-A04T,development,37,0.05,9,random,7,-0.00464022159576416,0.00464022159576416
TCGA-A2-A04T,development,37,0.05,9,random,8,-0.003366231918334961,0.003366231918334961
TCGA-A2-A04T,development,37,0.05,9,random,9,-0.00124359130859375,0.00124359130859375
TCGA-A2-A04T,development,37,0.05,9,random,10,-0.01489102840423584,0.01489102840423584
TCGA-A2-A04T,development,37,0.05,9,random,11,-0.02438044548034668,0.02438044548034668
TCGA-A2-A04T,development,37,0.05,9,random,12,-0.004185378551483154,0.004185378551483154
TCGA-A2-A04T,development,37,0.05,9,random,13,0.004232347011566162,0.004232347011566162
TCGA-A2-A04T,development,37,0.05,9,random,14,0.010310709476470947,0.010310709476470947
TCGA-A2-A04T,development,37,0.05,9,random,15,-0.012467443943023682,0.012467443943023682
TCGA-A2-A04T,development,37,0.05,9,random,16,0.013896167278289795,0.013896167278289795
TCGA-A2-A04T,development,37,0.05,9,random,17,-0.00142592191696167,0.00142592191696167
TCGA-A2-A04T,development,37,0.05,9,random,18,-0.006824135780334473,0.006824135780334473
TCGA-A2-A04T,development,37,0.05,9,random,19,0.00817793607711792,0.00817793607711792
TCGA-A2-A04T,development,37,0.1,18,gnnexplainer,-1,-0.01798349618911743,0.01798349618911743
TCGA-A2-A04T,development,37,0.1,18,random,0,-0.008311033248901367,0.008311033248901367
TCGA-A2-A04T,development,37,0.1,18,random,1,-0.006492555141448975,0.006492555141448975
TCGA-A2-A04T,development,37,0.1,18,random,2,-0.016574203968048096,0.016574203968048096
TCGA-A2-A04T,development,37,0.1,18,random,3,-0.002986729145050049,0.002986729145050049
TCGA-A2-A04T,development,37,0.1,18,random,4,-0.005984604358673096,0.005984604358673096
TCGA-A2-A04T,development,37,0.1,18,random,5,-0.012180566787719727,0.012180566787719727
TCGA-A2-A04T,development,37,0.1,18,random,6,-0.013922154903411865,0.013922154903411865
TCGA-A2-A04T,development,37,0.1,18,random,7,-0.019170820713043213,0.019170820713043213
TCGA-A2-A04T,development,37,0.1,18,random,8,-0.011688649654388428,0.011688649654388428
TCGA-A2-A04T,development,37,0.1,18,random,9,5.0008296966552734e-05,5.0008296966552734e-05
TCGA-A2-A04T,development,37,0.1,18,random,10,-0.021176040172576904,0.021176040172576904
TCGA-A2-A04T,development,37,0.1,18,random,11,-0.023382723331451416,0.023382723331451416
TCGA-A2-A04T,development,37,0.1,18,random,12,-0.021007120609283447,0.021007120609283447
TCGA-A2-A04T,development,37,0.1,18,random,13,-0.005951642990112305,0.005951642990112305
TCGA-A2-A04T,development,37,0.1,18,random,14,-0.017896413803100586,0.017896413803100586
TCGA-A2-A04T,development,37,0.1,18,random,15,-0.03154057264328003,0.03154057264328003
TCGA-A2-A04T,development,37,0.1,18,random,16,-0.0024643540382385254,0.0024643540382385254
TCGA-A2-A04T,development,37,0.1,18,random,17,0.006922125816345215,0.006922125816345215
TCGA-A2-A04T,development,37,0.1,18,random,18,-0.014939308166503906,0.014939308166503906
TCGA-A2-A04T,development,37,0.1,18,random,19,-0.0004886388778686523,0.0004886388778686523
TCGA-A2-A04T,development,37,0.2,35,gnnexplainer,-1,-0.03887331485748291,0.03887331485748291
TCGA-A2-A04T,development,37,0.2,35,random,0,-0.03499549627304077,0.03499549627304077
TCGA-A2-A04T,development,37,0.2,35,random,1,-0.021101176738739014,0.021101176738739014
TCGA-A2-A04T,development,37,0.2,35,random,2,-0.057082533836364746,0.057082533836364746
TCGA-A2-A04T,development,37,0.2,35,random,3,0.005343437194824219,0.005343437194824219
TCGA-A2-A04T,development,37,0.2,35,random,4,-0.006116151809692383,0.006116151809692383
TCGA-A2-A04T,development,37,0.2,35,random,5,-0.04686254262924194,0.04686254262924194
TCGA-A2-A04T,development,37,0.2,35,random,6,-0.017403483390808105,0.017403483390808105
TCGA-A2-A04T,development,37,0.2,35,random,7,-0.04729938507080078,0.04729938507080078
TCGA-A2-A04T,development,37,0.2,35,random,8,-0.012997686862945557,0.012997686862945557
TCGA-A2-A04T,development,37,0.2,35,random,9,-0.02177649736404419,0.02177649736404419
TCGA-A2-A04T,development,37,0.2,35,random,10,-0.01355832815170288,0.01355832815170288
TCGA-A2-A04T,development,37,0.2,35,random,11,-0.033722519874572754,0.033722519874572754
TCGA-A2-A04T,development,37,0.2,35,random,12,-0.040372610092163086,0.040372610092163086
TCGA-A2-A04T,development,37,0.2,35,random,13,-0.06077742576599121,0.06077742576599121
TCGA-A2-A04T,development,37,0.2,35,random,14,-0.013955235481262207,0.013955235481262207
TCGA-A2-A04T,development,37,0.2,35,random,15,-0.04987972974777222,0.04987972974777222
TCGA-A2-A04T,development,37,0.2,35,random,16,0.00018167495727539062,0.00018167495727539062
TCGA-A2-A04T,development,37,0.2,35,random,17,-0.013660550117492676,0.013660550117492676
TCGA-A2-A04T,development,37,0.2,35,random,18,-0.02288985252380371,0.02288985252380371
TCGA-A2-A04T,development,37,0.2,35,random,19,-0.017034590244293213,0.017034590244293213
TCGA-A2-A0CM,development,11,0.05,7,gnnexplainer,-1,0.02697480469942093,0.02697480469942093
TCGA-A2-A0CM,development,11,0.05,7,random,0,0.01645345240831375,0.01645345240831375
TCGA-A2-A0CM,development,11,0.05,7,random,1,0.04143049567937851,0.04143049567937851
TCGA-A2-A0CM,development,11,0.05,7,random,2,-0.0023671239614486694,0.0023671239614486694
TCGA-A2-A0CM,development,11,0.05,7,random,3,0.0230419859290123,0.0230419859290123
TCGA-A2-A0CM,development,11,0.05,7,random,4,0.013839013874530792,0.013839013874530792
TCGA-A2-A0CM,development,11,0.05,7,random,5,0.027674876153469086,0.027674876153469086
TCGA-A2-A0CM,development,11,0.05,7,random,6,0.007380485534667969,0.007380485534667969
TCGA-A2-A0CM,development,11,0.05,7,random,7,-0.00021902471780776978,0.00021902471780776978
TCGA-A2-A0CM,development,11,0.05,7,random,8,-0.04134819656610489,0.04134819656610489
TCGA-A2-A0CM,development,11,0.05,7,random,9,-0.021458357572555542,0.021458357572555542
TCGA-A2-A0CM,development,11,0.05,7,random,10,0.016228429973125458,0.016228429973125458
TCGA-A2-A0CM,development,11,0.05,7,random,11,0.008412197232246399,0.008412197232246399
TCGA-A2-A0CM,development,11,0.05,7,random,12,-0.018971741199493408,0.018971741199493408
TCGA-A2-A0CM,development,11,0.05,7,random,13,0.030487678945064545,0.030487678945064545
TCGA-A2-A0CM,development,11,0.05,7,random,14,0.002939082682132721,0.002939082682132721
TCGA-A2-A0CM,development,11,0.05,7,random,15,0.00569424033164978,0.00569424033164978
TCGA-A2-A0CM,development,11,0.05,7,random,16,-0.007469549775123596,0.007469549775123596
TCGA-A2-A0CM,development,11,0.05,7,random,17,-0.03276204317808151,0.03276204317808151
TCGA-A2-A0CM,development,11,0.05,7,random,18,-0.008020967245101929,0.008020967245101929
TCGA-A2-A0CM,development,11,0.05,7,random,19,0.005645684897899628,0.005645684897899628
TCGA-A2-A0CM,development,11,0.1,13,gnnexplainer,-1,0.04268307238817215,0.04268307238817215
TCGA-A2-A0CM,development,11,0.1,13,random,0,0.011924445629119873,0.011924445629119873
TCGA-A2-A0CM,development,11,0.1,13,random,1,0.03730406612157822,0.03730406612157822
TCGA-A2-A0CM,development,11,0.1,13,random,2,0.025526277720928192,0.025526277720928192
TCGA-A2-A0CM,development,11,0.1,13,random,3,0.014413200318813324,0.014413200318813324
TCGA-A2-A0CM,development,11,0.1,13,random,4,0.01183977723121643,0.01183977723121643
TCGA-A2-A0CM,development,11,0.1,13,random,5,0.0010082647204399109,0.0010082647204399109
TCGA-A2-A0CM,development,11,0.1,13,random,6,0.006543204188346863,0.006543204188346863
TCGA-A2-A0CM,development,11,0.1,13,random,7,0.02558312565088272,0.02558312565088272
TCGA-A2-A0CM,development,11,0.1,13,random,8,0.002360418438911438,0.002360418438911438
TCGA-A2-A0CM,development,11,0.1,13,random,9,0.022839777171611786,0.022839777171611786
TCGA-A2-A0CM,development,11,0.1,13,random,10,-0.021134264767169952,0.021134264767169952
TCGA-A2-A0CM,development,11,0.1,13,random,11,0.020564012229442596,0.020564012229442596
TCGA-A2-A0CM,development,11,0.1,13,random,12,0.009350642561912537,0.009350642561912537
TCGA-A2-A0CM,development,11,0.1,13,random,13,-0.07835159823298454,0.07835159823298454
TCGA-A2-A0CM,development,11,0.1,13,random,14,0.034713052213191986,0.034713052213191986
TCGA-A2-A0CM,development,11,0.1,13,random,15,0.027267836034297943,0.027267836034297943
TCGA-A2-A0CM,development,11,0.1,13,random,16,0.031422220170497894,0.031422220170497894
TCGA-A2-A0CM,development,11,0.1,13,random,17,-0.037453681230545044,0.037453681230545044
TCGA-A2-A0CM,development,11,0.1,13,random,18,0.021432913839817047,0.021432913839817047
TCGA-A2-A0CM,development,11,0.1,13,random,19,-0.02208859473466873,0.02208859473466873
TCGA-A2-A0CM,development,11,0.2,26,gnnexplainer,-1,0.07053598016500473,0.07053598016500473
TCGA-A2-A0CM,development,11,0.2,26,random,0,0.0459912046790123,0.0459912046790123
TCGA-A2-A0CM,development,11,0.2,26,random,1,-0.0014429613947868347,0.0014429613947868347
TCGA-A2-A0CM,development,11,0.2,26,random,2,0.016566194593906403,0.016566194593906403
TCGA-A2-A0CM,development,11,0.2,26,random,3,0.04418981820344925,0.04418981820344925
TCGA-A2-A0CM,development,11,0.2,26,random,4,0.04127302020788193,0.04127302020788193
TCGA-A2-A0CM,development,11,0.2,26,random,5,0.06323134154081345,0.06323134154081345
TCGA-A2-A0CM,development,11,0.2,26,random,6,-0.023078911006450653,0.023078911006450653
TCGA-A2-A0CM,development,11,0.2,26,random,7,-0.014252886176109314,0.014252886176109314
TCGA-A2-A0CM,development,11,0.2,26,random,8,0.0013234242796897888,0.0013234242796897888
TCGA-A2-A0CM,development,11,0.2,26,random,9,0.07526073604822159,0.07526073604822159
TCGA-A2-A0CM,development,11,0.2,26,random,10,-0.011496752500534058,0.011496752500534058
TCGA-A2-A0CM,development,11,0.2,26,random,11,0.04763544350862503,0.04763544350862503
TCGA-A2-A0CM,development,11,0.2,26,random,12,0.009450837969779968,0.009450837969779968
TCGA-A2-A0CM,development,11,0.2,26,random,13,0.012418173253536224,0.012418173253536224
TCGA-A2-A0CM,development,11,0.2,26,random,14,0.01189354807138443,0.01189354807138443
TCGA-A2-A0CM,development,11,0.2,26,random,15,0.011204086244106293,0.011204086244106293
TCGA-A2-A0CM,development,11,0.2,26,random,16,0.04343505948781967,0.04343505948781967
TCGA-A2-A0CM,development,11,0.2,26,random,17,0.01879911869764328,0.01879911869764328
TCGA-A2-A0CM,development,11,0.2,26,random,18,-0.00322820246219635,0.00322820246219635
TCGA-A2-A0CM,development,11,0.2,26,random,19,0.09131557494401932,0.09131557494401932
TCGA-A2-A0CM,development,23,0.05,7,gnnexplainer,-1,0.008599359542131424,0.008599359542131424
TCGA-A2-A0CM,development,23,0.05,7,random,0,-0.0030099675059318542,0.0030099675059318542
TCGA-A2-A0CM,development,23,0.05,7,random,1,-0.003946356475353241,0.003946356475353241
TCGA-A2-A0CM,development,23,0.05,7,random,2,0.004066716879606247,0.004066716879606247
TCGA-A2-A0CM,development,23,0.05,7,random,3,0.017264537513256073,0.017264537513256073
TCGA-A2-A0CM,development,23,0.05,7,random,4,0.0014521144330501556,0.0014521144330501556
TCGA-A2-A0CM,development,23,0.05,7,random,5,0.011692404747009277,0.011692404747009277
TCGA-A2-A0CM,development,23,0.05,7,random,6,-0.001119811087846756,0.001119811087846756
TCGA-A2-A0CM,development,23,0.05,7,random,7,0.003767460584640503,0.003767460584640503
TCGA-A2-A0CM,development,23,0.05,7,random,8,0.014567289501428604,0.014567289501428604
TCGA-A2-A0CM,development,23,0.05,7,random,9,-0.00045865029096603394,0.00045865029096603394
TCGA-A2-A0CM,development,23,0.05,7,random,10,0.004236314445734024,0.004236314445734024
TCGA-A2-A0CM,development,23,0.05,7,random,11,0.011791571974754333,0.011791571974754333
TCGA-A2-A0CM,development,23,0.05,7,random,12,0.004732709378004074,0.004732709378004074
TCGA-A2-A0CM,development,23,0.05,7,random,13,-0.01790156401693821,0.01790156401693821
TCGA-A2-A0CM,development,23,0.05,7,random,14,0.0036256760358810425,0.0036256760358810425
TCGA-A2-A0CM,development,23,0.05,7,random,15,-0.0008339732885360718,0.0008339732885360718
TCGA-A2-A0CM,development,23,0.05,7,random,16,-0.002066284418106079,0.002066284418106079
TCGA-A2-A0CM,development,23,0.05,7,random,17,-0.004676654934883118,0.004676654934883118
TCGA-A2-A0CM,development,23,0.05,7,random,18,0.01001669466495514,0.01001669466495514
TCGA-A2-A0CM,development,23,0.05,7,random,19,0.006198622286319733,0.006198622286319733
TCGA-A2-A0CM,development,23,0.1,13,gnnexplainer,-1,0.021903496235609055,0.021903496235609055
TCGA-A2-A0CM,development,23,0.1,13,random,0,-0.0068457163870334625,0.0068457163870334625
TCGA-A2-A0CM,development,23,0.1,13,random,1,0.01670398935675621,0.01670398935675621
TCGA-A2-A0CM,development,23,0.1,13,random,2,0.0011922121047973633,0.0011922121047973633
TCGA-A2-A0CM,development,23,0.1,13,random,3,0.03445494547486305,0.03445494547486305
TCGA-A2-A0CM,development,23,0.1,13,random,4,0.029893886297941208,0.029893886297941208
TCGA-A2-A0CM,development,23,0.1,13,random,5,0.027706120163202286,0.027706120163202286
TCGA-A2-A0CM,development,23,0.1,13,random,6,0.012500211596488953,0.012500211596488953
TCGA-A2-A0CM,development,23,0.1,13,random,7,0.0009392872452735901,0.0009392872452735901
TCGA-A2-A0CM,development,23,0.1,13,random,8,-0.010079942643642426,0.010079942643642426
TCGA-A2-A0CM,development,23,0.1,13,random,9,0.008599046617746353,0.008599046617746353
TCGA-A2-A0CM,development,23,0.1,13,random,10,0.0005405396223068237,0.0005405396223068237
TCGA-A2-A0CM,development,23,0.1,13,random,11,0.009095568209886551,0.009095568209886551
TCGA-A2-A0CM,development,23,0.1,13,random,12,0.031041312962770462,0.031041312962770462
TCGA-A2-A0CM,development,23,0.1,13,random,13,0.0060481056571006775,0.0060481056571006775
TCGA-A2-A0CM,development,23,0.1,13,random,14,0.005990616977214813,0.005990616977214813
TCGA-A2-A0CM,development,23,0.1,13,random,15,-0.0024539418518543243,0.0024539418518543243
TCGA-A2-A0CM,development,23,0.1,13,random,16,0.0004250183701515198,0.0004250183701515198
TCGA-A2-A0CM,development,23,0.1,13,random,17,-0.0096810944378376,0.0096810944378376
TCGA-A2-A0CM,development,23,0.1,13,random,18,-0.0015988349914550781,0.0015988349914550781
TCGA-A2-A0CM,development,23,0.1,13,random,19,0.004744336009025574,0.004744336009025574
TCGA-A2-A0CM,development,23,0.2,26,gnnexplainer,-1,0.03632241114974022,0.03632241114974022
TCGA-A2-A0CM,development,23,0.2,26,random,0,0.028243619948625565,0.028243619948625565
TCGA-A2-A0CM,development,23,0.2,26,random,1,0.06541785225272179,0.06541785225272179
TCGA-A2-A0CM,development,23,0.2,26,random,2,-0.014361537992954254,0.014361537992954254
TCGA-A2-A0CM,development,23,0.2,26,random,3,0.04245656356215477,0.04245656356215477
TCGA-A2-A0CM,development,23,0.2,26,random,4,0.008571654558181763,0.008571654558181763
TCGA-A2-A0CM,development,23,0.2,26,random,5,0.04842136427760124,0.04842136427760124
TCGA-A2-A0CM,development,23,0.2,26,random,6,-0.011724349111318588,0.011724349111318588
TCGA-A2-A0CM,development,23,0.2,26,random,7,-0.006072085350751877,0.006072085350751877
TCGA-A2-A0CM,development,23,0.2,26,random,8,0.03074178472161293,0.03074178472161293
TCGA-A2-A0CM,development,23,0.2,26,random,9,0.03352190926671028,0.03352190926671028
TCGA-A2-A0CM,development,23,0.2,26,random,10,0.018627632409334183,0.018627632409334183
TCGA-A2-A0CM,development,23,0.2,26,random,11,0.05303899571299553,0.05303899571299553
TCGA-A2-A0CM,development,23,0.2,26,random,12,0.05720022693276405,0.05720022693276405
TCGA-A2-A0CM,development,23,0.2,26,random,13,0.015019558370113373,0.015019558370113373
TCGA-A2-A0CM,development,23,0.2,26,random,14,0.020826391875743866,0.020826391875743866
TCGA-A2-A0CM,development,23,0.2,26,random,15,0.0021536312997341156,0.0021536312997341156
TCGA-A2-A0CM,development,23,0.2,26,random,16,-0.0013464316725730896,0.0013464316725730896
TCGA-A2-A0CM,development,23,0.2,26,random,17,0.06821702048182487,0.06821702048182487
TCGA-A2-A0CM,development,23,0.2,26,random,18,-0.014785908162593842,0.014785908162593842
TCGA-A2-A0CM,development,23,0.2,26,random,19,0.000905551016330719,0.000905551016330719
TCGA-A2-A0CM,development,37,0.05,7,gnnexplainer,-1,0.031421154737472534,0.031421154737472534
TCGA-A2-A0CM,development,37,0.05,7,random,0,0.005555979907512665,0.005555979907512665
TCGA-A2-A0CM,development,37,0.05,7,random,1,0.0400347039103508,0.0400347039103508
TCGA-A2-A0CM,development,37,0.05,7,random,2,0.006955914199352264,0.006955914199352264
TCGA-A2-A0CM,development,37,0.05,7,random,3,0.0024609342217445374,0.0024609342217445374
TCGA-A2-A0CM,development,37,0.05,7,random,4,-0.006835389882326126,0.006835389882326126
TCGA-A2-A0CM,development,37,0.05,7,random,5,-0.00413382425904274,0.00413382425904274
TCGA-A2-A0CM,development,37,0.05,7,random,6,0.01426772028207779,0.01426772028207779
TCGA-A2-A0CM,development,37,0.05,7,random,7,0.01591935008764267,0.01591935008764267
TCGA-A2-A0CM,development,37,0.05,7,random,8,0.010621681809425354,0.010621681809425354
TCGA-A2-A0CM,development,37,0.05,7,random,9,-0.018156882375478745,0.018156882375478745
TCGA-A2-A0CM,development,37,0.05,7,random,10,-0.009918555617332458,0.009918555617332458
TCGA-A2-A0CM,development,37,0.05,7,random,11,0.001266486942768097,0.001266486942768097
TCGA-A2-A0CM,development,37,0.05,7,random,12,0.006959736347198486,0.006959736347198486
TCGA-A2-A0CM,development,37,0.05,7,random,13,-0.0074514709413051605,0.0074514709413051605
TCGA-A2-A0CM,development,37,0.05,7,random,14,0.05361185967922211,0.05361185967922211
TCGA-A2-A0CM,development,37,0.05,7,random,15,0.01735100895166397,0.01735100895166397
TCGA-A2-A0CM,development,37,0.05,7,random,16,0.019834473729133606,0.019834473729133606
TCGA-A2-A0CM,development,37,0.05,7,random,17,-0.013528954237699509,0.013528954237699509
TCGA-A2-A0CM,development,37,0.05,7,random,18,0.01564868539571762,0.01564868539571762
TCGA-A2-A0CM,development,37,0.05,7,random,19,-0.022200610488653183,0.022200610488653183
TCGA-A2-A0CM,development,37,0.1,13,gnnexplainer,-1,0.034047648310661316,0.034047648310661316
TCGA-A2-A0CM,development,37,0.1,13,random,0,-0.015819747000932693,0.015819747000932693
TCGA-A2-A0CM,development,37,0.1,13,random,1,-0.015584785491228104,0.015584785491228104
TCGA-A2-A0CM,development,37,0.1,13,random,2,0.020926780998706818,0.020926780998706818
TCGA-A2-A0CM,development,37,0.1,13,random,3,0.010007180273532867,0.010007180273532867
TCGA-A2-A0CM,development,37,0.1,13,random,4,0.039065904915332794,0.039065904915332794
TCGA-A2-A0CM,development,37,0.1,13,random,5,0.019988715648651123,0.019988715648651123
TCGA-A2-A0CM,development,37,0.1,13,random,6,-0.007691331207752228,0.007691331207752228
TCGA-A2-A0CM,development,37,0.1,13,random,7,0.022742360830307007,0.022742360830307007
TCGA-A2-A0CM,development,37,0.1,13,random,8,0.0015740394592285156,0.0015740394592285156
TCGA-A2-A0CM,development,37,0.1,13,random,9,0.00946170836687088,0.00946170836687088
TCGA-A2-A0CM,development,37,0.1,13,random,10,-0.0015319772064685822,0.0015319772064685822
TCGA-A2-A0CM,development,37,0.1,13,random,11,0.04132452607154846,0.04132452607154846
TCGA-A2-A0CM,development,37,0.1,13,random,12,0.01970776915550232,0.01970776915550232
TCGA-A2-A0CM,development,37,0.1,13,random,13,0.008158907294273376,0.008158907294273376
TCGA-A2-A0CM,development,37,0.1,13,random,14,0.023408114910125732,0.023408114910125732
TCGA-A2-A0CM,development,37,0.1,13,random,15,0.021459251642227173,0.021459251642227173
TCGA-A2-A0CM,development,37,0.1,13,random,16,0.01953626424074173,0.01953626424074173
TCGA-A2-A0CM,development,37,0.1,13,random,17,0.014707840979099274,0.014707840979099274
TCGA-A2-A0CM,development,37,0.1,13,random,18,0.03536267578601837,0.03536267578601837
TCGA-A2-A0CM,development,37,0.1,13,random,19,0.01465287059545517,0.01465287059545517
TCGA-A2-A0CM,development,37,0.2,26,gnnexplainer,-1,0.07138332724571228,0.07138332724571228
TCGA-A2-A0CM,development,37,0.2,26,random,0,-0.0059808604419231415,0.0059808604419231415
TCGA-A2-A0CM,development,37,0.2,26,random,1,0.02007913589477539,0.02007913589477539
TCGA-A2-A0CM,development,37,0.2,26,random,2,0.012603946030139923,0.012603946030139923
TCGA-A2-A0CM,development,37,0.2,26,random,3,-0.01089475303888321,0.01089475303888321
TCGA-A2-A0CM,development,37,0.2,26,random,4,-0.009535785764455795,0.009535785764455795
TCGA-A2-A0CM,development,37,0.2,26,random,5,0.0081944540143013,0.0081944540143013
TCGA-A2-A0CM,development,37,0.2,26,random,6,0.012304596602916718,0.012304596602916718
TCGA-A2-A0CM,development,37,0.2,26,random,7,0.02136053889989853,0.02136053889989853
TCGA-A2-A0CM,development,37,0.2,26,random,8,0.05832313746213913,0.05832313746213913
TCGA-A2-A0CM,development,37,0.2,26,random,9,0.0023745596408843994,0.0023745596408843994
TCGA-A2-A0CM,development,37,0.2,26,random,10,0.038192324340343475,0.038192324340343475
TCGA-A2-A0CM,development,37,0.2,26,random,11,0.022227466106414795,0.022227466106414795
TCGA-A2-A0CM,development,37,0.2,26,random,12,0.08335231244564056,0.08335231244564056
TCGA-A2-A0CM,development,37,0.2,26,random,13,0.04783450812101364,0.04783450812101364
TCGA-A2-A0CM,development,37,0.2,26,random,14,0.017489783465862274,0.017489783465862274
TCGA-A2-A0CM,development,37,0.2,26,random,15,0.03615419566631317,0.03615419566631317
TCGA-A2-A0CM,development,37,0.2,26,random,16,0.01390952616930008,0.01390952616930008
TCGA-A2-A0CM,development,37,0.2,26,random,17,0.06229744851589203,0.06229744851589203
TCGA-A2-A0CM,development,37,0.2,26,random,18,0.03167177736759186,0.03167177736759186
TCGA-A2-A0CM,development,37,0.2,26,random,19,0.03910677134990692,0.03910677134990692
TCGA-A2-A0D0,previously_examined_holdout,11,0.05,25,gnnexplainer,-1,0.0019389092922210693,0.0019389092922210693
TCGA-A2-A0D0,previously_examined_holdout,11,0.05,25,random,0,0.0033960044384002686,0.0033960044384002686
TCGA-A2-A0D0,previously_examined_holdout,11,0.05,25,random,1,-0.002131730318069458,0.002131730318069458
TCGA-A2-A0D0,previously_examined_holdout,11,0.05,25,random,2,0.005844146013259888,0.005844146013259888
TCGA-A2-A0D0,previously_examined_holdout,11,0.05,25,random,3,0.01201370358467102,0.01201370358467102
TCGA-A2-A0D0,previously_examined_holdout,11,0.05,25,random,4,0.0006189048290252686,0.0006189048290252686
TCGA-A2-A0D0,previously_examined_holdout,11,0.05,25,random,5,0.007605016231536865,0.007605016231536865
TCGA-A2-A0D0,previously_examined_holdout,11,0.05,25,random,6,0.0018978714942932129,0.0018978714942932129
TCGA-A2-A0D0,previously_examined_holdout,11,0.05,25,random,7,-0.001582503318786621,0.001582503318786621
TCGA-A2-A0D0,previously_examined_holdout,11,0.05,25,random,8,-0.0007751584053039551,0.0007751584053039551
TCGA-A2-A0D0,previously_examined_holdout,11,0.05,25,random,9,-0.002024412155151367,0.002024412155151367
TCGA-A2-A0D0,previously_examined_holdout,11,0.05,25,random,10,-0.00022804737091064453,0.00022804737091064453
TCGA-A2-A0D0,previously_examined_holdout,11,0.05,25,random,11,0.006011784076690674,0.006011784076690674
TCGA-A2-A0D0,previously_examined_holdout,11,0.05,25,random,12,0.001955360174179077,0.001955360174179077
TCGA-A2-A0D0,previously_examined_holdout,11,0.05,25,random,13,0.00856819748878479,0.00856819748878479
TCGA-A2-A0D0,previously_examined_holdout,11,0.05,25,random,14,-0.0021318793296813965,0.0021318793296813965
TCGA-A2-A0D0,previously_examined_holdout,11,0.05,25,random,15,-8.696317672729492e-05,8.696317672729492e-05
TCGA-A2-A0D0,previously_examined_holdout,11,0.05,25,random,16,-0.0010872483253479004,0.0010872483253479004
TCGA-A2-A0D0,previously_examined_holdout,11,0.05,25,random,17,0.005363583564758301,0.005363583564758301
TCGA-A2-A0D0,previously_examined_holdout,11,0.05,25,random,18,0.0011091530323028564,0.0011091530323028564
TCGA-A2-A0D0,previously_examined_holdout,11,0.05,25,random,19,0.0015301704406738281,0.0015301704406738281
TCGA-A2-A0D0,previously_examined_holdout,11,0.1,49,gnnexplainer,-1,0.003041774034500122,0.003041774034500122
TCGA-A2-A0D0,previously_examined_holdout,11,0.1,49,random,0,-0.00960800051689148,0.00960800051689148
TCGA-A2-A0D0,previously_examined_holdout,11,0.1,49,random,1,0.012681156396865845,0.012681156396865845
TCGA-A2-A0D0,previously_examined_holdout,11,0.1,49,random,2,0.007275104522705078,0.007275104522705078
TCGA-A2-A0D0,previously_examined_holdout,11,0.1,49,random,3,0.009556889533996582,0.009556889533996582
TCGA-A2-A0D0,previously_examined_holdout,11,0.1,49,random,4,0.007088840007781982,0.007088840007781982
TCGA-A2-A0D0,previously_examined_holdout,11,0.1,49,random,5,-0.0024056434631347656,0.0024056434631347656
TCGA-A2-A0D0,previously_examined_holdout,11,0.1,49,random,6,0.0006380975246429443,0.0006380975246429443
TCGA-A2-A0D0,previously_examined_holdout,11,0.1,49,random,7,0.003099888563156128,0.003099888563156128
TCGA-A2-A0D0,previously_examined_holdout,11,0.1,49,random,8,0.008386373519897461,0.008386373519897461
TCGA-A2-A0D0,previously_examined_holdout,11,0.1,49,random,9,0.0005634725093841553,0.0005634725093841553
TCGA-A2-A0D0,previously_examined_holdout,11,0.1,49,random,10,-0.004856109619140625,0.004856109619140625
TCGA-A2-A0D0,previously_examined_holdout,11,0.1,49,random,11,0.0034617185592651367,0.0034617185592651367
TCGA-A2-A0D0,previously_examined_holdout,11,0.1,49,random,12,-0.0009371936321258545,0.0009371936321258545
TCGA-A2-A0D0,previously_examined_holdout,11,0.1,49,random,13,0.00022369623184204102,0.00022369623184204102
TCGA-A2-A0D0,previously_examined_holdout,11,0.1,49,random,14,-0.0019561946392059326,0.0019561946392059326
TCGA-A2-A0D0,previously_examined_holdout,11,0.1,49,random,15,-0.0069113075733184814,0.0069113075733184814
TCGA-A2-A0D0,previously_examined_holdout,11,0.1,49,random,16,0.00616532564163208,0.00616532564163208
TCGA-A2-A0D0,previously_examined_holdout,11,0.1,49,random,17,0.006494969129562378,0.006494969129562378
TCGA-A2-A0D0,previously_examined_holdout,11,0.1,49,random,18,0.008711248636245728,0.008711248636245728
TCGA-A2-A0D0,previously_examined_holdout,11,0.1,49,random,19,0.004169195890426636,0.004169195890426636
TCGA-A2-A0D0,previously_examined_holdout,11,0.2,97,gnnexplainer,-1,0.005066782236099243,0.005066782236099243
TCGA-A2-A0D0,previously_examined_holdout,11,0.2,97,random,0,-0.0004191100597381592,0.0004191100597381592
TCGA-A2-A0D0,previously_examined_holdout,11,0.2,97,random,1,0.0065531134605407715,0.0065531134605407715
TCGA-A2-A0D0,previously_examined_holdout,11,0.2,97,random,2,0.014896512031555176,0.014896512031555176
TCGA-A2-A0D0,previously_examined_holdout,11,0.2,97,random,3,0.0067678093910217285,0.0067678093910217285
TCGA-A2-A0D0,previously_examined_holdout,11,0.2,97,random,4,-0.004378408193588257,0.004378408193588257
TCGA-A2-A0D0,previously_examined_holdout,11,0.2,97,random,5,0.0060821473598480225,0.0060821473598480225
TCGA-A2-A0D0,previously_examined_holdout,11,0.2,97,random,6,0.003335893154144287,0.003335893154144287
TCGA-A2-A0D0,previously_examined_holdout,11,0.2,97,random,7,0.0007165968418121338,0.0007165968418121338
TCGA-A2-A0D0,previously_examined_holdout,11,0.2,97,random,8,-0.006285965442657471,0.006285965442657471
TCGA-A2-A0D0,previously_examined_holdout,11,0.2,97,random,9,-0.003694772720336914,0.003694772720336914
TCGA-A2-A0D0,previously_examined_holdout,11,0.2,97,random,10,0.0013283193111419678,0.0013283193111419678
TCGA-A2-A0D0,previously_examined_holdout,11,0.2,97,random,11,-0.0017998814582824707,0.0017998814582824707
TCGA-A2-A0D0,previously_examined_holdout,11,0.2,97,random,12,0.005685031414031982,0.005685031414031982
TCGA-A2-A0D0,previously_examined_holdout,11,0.2,97,random,13,0.013445913791656494,0.013445913791656494
TCGA-A2-A0D0,previously_examined_holdout,11,0.2,97,random,14,0.0023668408393859863,0.0023668408393859863
TCGA-A2-A0D0,previously_examined_holdout,11,0.2,97,random,15,-0.0065087974071502686,0.0065087974071502686
TCGA-A2-A0D0,previously_examined_holdout,11,0.2,97,random,16,0.0034500956535339355,0.0034500956535339355
TCGA-A2-A0D0,previously_examined_holdout,11,0.2,97,random,17,-0.00373077392578125,0.00373077392578125
TCGA-A2-A0D0,previously_examined_holdout,11,0.2,97,random,18,0.01197659969329834,0.01197659969329834
TCGA-A2-A0D0,previously_examined_holdout,11,0.2,97,random,19,0.008166193962097168,0.008166193962097168
TCGA-A2-A0D0,previously_examined_holdout,23,0.05,25,gnnexplainer,-1,0.0059583187103271484,0.0059583187103271484
TCGA-A2-A0D0,previously_examined_holdout,23,0.05,25,random,0,0.009626448154449463,0.009626448154449463
TCGA-A2-A0D0,previously_examined_holdout,23,0.05,25,random,1,-0.002876460552215576,0.002876460552215576
TCGA-A2-A0D0,previously_examined_holdout,23,0.05,25,random,2,0.0023579001426696777,0.0023579001426696777
TCGA-A2-A0D0,previously_examined_holdout,23,0.05,25,random,3,0.002777010202407837,0.002777010202407837
TCGA-A2-A0D0,previously_examined_holdout,23,0.05,25,random,4,0.013645976781845093,0.013645976781845093
TCGA-A2-A0D0,previously_examined_holdout,23,0.05,25,random,5,0.005447298288345337,0.005447298288345337
TCGA-A2-A0D0,previously_examined_holdout,23,0.05,25,random,6,3.910064697265625e-05,3.910064697265625e-05
TCGA-A2-A0D0,previously_examined_holdout,23,0.05,25,random,7,0.0019186437129974365,0.0019186437129974365
TCGA-A2-A0D0,previously_examined_holdout,23,0.05,25,random,8,0.0040708184242248535,0.0040708184242248535
TCGA-A2-A0D0,previously_examined_holdout,23,0.05,25,random,9,0.0001430213451385498,0.0001430213451385498
TCGA-A2-A0D0,previously_examined_holdout,23,0.05,25,random,10,-0.00031620264053344727,0.00031620264053344727
TCGA-A2-A0D0,previously_examined_holdout,23,0.05,25,random,11,0.004445582628250122,0.004445582628250122
TCGA-A2-A0D0,previously_examined_holdout,23,0.05,25,random,12,0.00820133090019226,0.00820133090019226
TCGA-A2-A0D0,previously_examined_holdout,23,0.05,25,random,13,0.0008275806903839111,0.0008275806903839111
TCGA-A2-A0D0,previously_examined_holdout,23,0.05,25,random,14,-9.125471115112305e-05,9.125471115112305e-05
TCGA-A2-A0D0,previously_examined_holdout,23,0.05,25,random,15,-0.009041249752044678,0.009041249752044678
TCGA-A2-A0D0,previously_examined_holdout,23,0.05,25,random,16,0.002952396869659424,0.002952396869659424
TCGA-A2-A0D0,previously_examined_holdout,23,0.05,25,random,17,-0.002961188554763794,0.002961188554763794
TCGA-A2-A0D0,previously_examined_holdout,23,0.05,25,random,18,0.003155142068862915,0.003155142068862915
TCGA-A2-A0D0,previously_examined_holdout,23,0.05,25,random,19,-0.0023330748081207275,0.0023330748081207275
TCGA-A2-A0D0,previously_examined_holdout,23,0.1,49,gnnexplainer,-1,0.009819269180297852,0.009819269180297852
TCGA-A2-A0D0,previously_examined_holdout,23,0.1,49,random,0,0.005684465169906616,0.005684465169906616
TCGA-A2-A0D0,previously_examined_holdout,23,0.1,49,random,1,-0.0027535855770111084,0.0027535855770111084
TCGA-A2-A0D0,previously_examined_holdout,23,0.1,49,random,2,0.0007261037826538086,0.0007261037826538086
TCGA-A2-A0D0,previously_examined_holdout,23,0.1,49,random,3,0.0016550421714782715,0.0016550421714782715
TCGA-A2-A0D0,previously_examined_holdout,23,0.1,49,random,4,-0.005904167890548706,0.005904167890548706
TCGA-A2-A0D0,previously_examined_holdout,23,0.1,49,random,5,0.008082836866378784,0.008082836866378784
TCGA-A2-A0D0,previously_examined_holdout,23,0.1,49,random,6,0.008556991815567017,0.008556991815567017
TCGA-A2-A0D0,previously_examined_holdout,23,0.1,49,random,7,0.009947359561920166,0.009947359561920166
TCGA-A2-A0D0,previously_examined_holdout,23,0.1,49,random,8,-0.00358504056930542,0.00358504056930542
TCGA-A2-A0D0,previously_examined_holdout,23,0.1,49,random,9,0.004942417144775391,0.004942417144775391
TCGA-A2-A0D0,previously_examined_holdout,23,0.1,49,random,10,-0.005310177803039551,0.005310177803039551
TCGA-A2-A0D0,previously_examined_holdout,23,0.1,49,random,11,-0.005591452121734619,0.005591452121734619
TCGA-A2-A0D0,previously_examined_holdout,23,0.1,49,random,12,0.007390648126602173,0.007390648126602173
TCGA-A2-A0D0,previously_examined_holdout,23,0.1,49,random,13,0.004600614309310913,0.004600614309310913
TCGA-A2-A0D0,previously_examined_holdout,23,0.1,49,random,14,-0.005675643682479858,0.005675643682479858
TCGA-A2-A0D0,previously_examined_holdout,23,0.1,49,random,15,-0.0037781596183776855,0.0037781596183776855
TCGA-A2-A0D0,previously_examined_holdout,23,0.1,49,random,16,0.010093092918395996,0.010093092918395996
TCGA-A2-A0D0,previously_examined_holdout,23,0.1,49,random,17,1.8537044525146484e-05,1.8537044525146484e-05
TCGA-A2-A0D0,previously_examined_holdout,23,0.1,49,random,18,-0.009218066930770874,0.009218066930770874
TCGA-A2-A0D0,previously_examined_holdout,23,0.1,49,random,19,-0.0030132830142974854,0.0030132830142974854
TCGA-A2-A0D0,previously_examined_holdout,23,0.2,97,gnnexplainer,-1,0.008307725191116333,0.008307725191116333
TCGA-A2-A0D0,previously_examined_holdout,23,0.2,97,random,0,0.0043198466300964355,0.0043198466300964355
TCGA-A2-A0D0,previously_examined_holdout,23,0.2,97,random,1,-0.0037182867527008057,0.0037182867527008057
TCGA-A2-A0D0,previously_examined_holdout,23,0.2,97,random,2,0.002036154270172119,0.002036154270172119
TCGA-A2-A0D0,previously_examined_holdout,23,0.2,97,random,3,0.018899649381637573,0.018899649381637573
TCGA-A2-A0D0,previously_examined_holdout,23,0.2,97,random,4,-0.015650540590286255,0.015650540590286255
TCGA-A2-A0D0,previously_examined_holdout,23,0.2,97,random,5,-0.0029450058937072754,0.0029450058937072754
TCGA-A2-A0D0,previously_examined_holdout,23,0.2,97,random,6,0.0028890669345855713,0.0028890669345855713
TCGA-A2-A0D0,previously_examined_holdout,23,0.2,97,random,7,0.011216819286346436,0.011216819286346436
TCGA-A2-A0D0,previously_examined_holdout,23,0.2,97,random,8,-0.02156093716621399,0.02156093716621399
TCGA-A2-A0D0,previously_examined_holdout,23,0.2,97,random,9,-0.0016562342643737793,0.0016562342643737793
TCGA-A2-A0D0,previously_examined_holdout,23,0.2,97,random,10,0.0067321062088012695,0.0067321062088012695
TCGA-A2-A0D0,previously_examined_holdout,23,0.2,97,random,11,0.004562288522720337,0.004562288522720337
TCGA-A2-A0D0,previously_examined_holdout,23,0.2,97,random,12,0.01144099235534668,0.01144099235534668
TCGA-A2-A0D0,previously_examined_holdout,23,0.2,97,random,13,0.021526485681533813,0.021526485681533813
TCGA-A2-A0D0,previously_examined_holdout,23,0.2,97,random,14,0.004713863134384155,0.004713863134384155
TCGA-A2-A0D0,previously_examined_holdout,23,0.2,97,random,15,-0.005472093820571899,0.005472093820571899
TCGA-A2-A0D0,previously_examined_holdout,23,0.2,97,random,16,8.940696716308594e-05,8.940696716308594e-05
TCGA-A2-A0D0,previously_examined_holdout,23,0.2,97,random,17,-0.003184288740158081,0.003184288740158081
TCGA-A2-A0D0,previously_examined_holdout,23,0.2,97,random,18,-0.012071192264556885,0.012071192264556885
TCGA-A2-A0D0,previously_examined_holdout,23,0.2,97,random,19,-6.842613220214844e-05,6.842613220214844e-05
TCGA-A2-A0D0,previously_examined_holdout,37,0.05,25,gnnexplainer,-1,0.00361517071723938,0.00361517071723938
TCGA-A2-A0D0,previously_examined_holdout,37,0.05,25,random,0,-0.006635546684265137,0.006635546684265137
TCGA-A2-A0D0,previously_examined_holdout,37,0.05,25,random,1,-0.0004208087921142578,0.0004208087921142578
TCGA-A2-A0D0,previously_examined_holdout,37,0.05,25,random,2,-0.0013708770275115967,0.0013708770275115967
TCGA-A2-A0D0,previously_examined_holdout,37,0.05,25,random,3,-0.003264784812927246,0.003264784812927246
TCGA-A2-A0D0,previously_examined_holdout,37,0.05,25,random,4,0.0008375048637390137,0.0008375048637390137
TCGA-A2-A0D0,previously_examined_holdout,37,0.05,25,random,5,-0.001224130392074585,0.001224130392074585
TCGA-A2-A0D0,previously_examined_holdout,37,0.05,25,random,6,-0.0011138617992401123,0.0011138617992401123
TCGA-A2-A0D0,previously_examined_holdout,37,0.05,25,random,7,8.270144462585449e-05,8.270144462585449e-05
TCGA-A2-A0D0,previously_examined_holdout,37,0.05,25,random,8,-0.0009169876575469971,0.0009169876575469971
TCGA-A2-A0D0,previously_examined_holdout,37,0.05,25,random,9,-0.0006330907344818115,0.0006330907344818115
TCGA-A2-A0D0,previously_examined_holdout,37,0.05,25,random,10,-0.0031243860721588135,0.0031243860721588135
TCGA-A2-A0D0,previously_examined_holdout,37,0.05,25,random,11,0.00027251243591308594,0.00027251243591308594
TCGA-A2-A0D0,previously_examined_holdout,37,0.05,25,random,12,-0.003921300172805786,0.003921300172805786
TCGA-A2-A0D0,previously_examined_holdout,37,0.05,25,random,13,-0.003323167562484741,0.003323167562484741
TCGA-A2-A0D0,previously_examined_holdout,37,0.05,25,random,14,-0.0031842291355133057,0.0031842291355133057
TCGA-A2-A0D0,previously_examined_holdout,37,0.05,25,random,15,-0.008344799280166626,0.008344799280166626
TCGA-A2-A0D0,previously_examined_holdout,37,0.05,25,random,16,0.0016010105609893799,0.0016010105609893799
TCGA-A2-A0D0,previously_examined_holdout,37,0.05,25,random,17,0.002842128276824951,0.002842128276824951
TCGA-A2-A0D0,previously_examined_holdout,37,0.05,25,random,18,0.0017180144786834717,0.0017180144786834717
TCGA-A2-A0D0,previously_examined_holdout,37,0.05,25,random,19,-0.007638692855834961,0.007638692855834961
TCGA-A2-A0D0,previously_examined_holdout,37,0.1,49,gnnexplainer,-1,0.012193500995635986,0.012193500995635986
TCGA-A2-A0D0,previously_examined_holdout,37,0.1,49,random,0,0.0009185373783111572,0.0009185373783111572
TCGA-A2-A0D0,previously_examined_holdout,37,0.1,49,random,1,-6.318092346191406e-05,6.318092346191406e-05
TCGA-A2-A0D0,previously_examined_holdout,37,0.1,49,random,2,0.0026256144046783447,0.0026256144046783447
TCGA-A2-A0D0,previously_examined_holdout,37,0.1,49,random,3,-0.007081061601638794,0.007081061601638794
TCGA-A2-A0D0,previously_examined_holdout,37,0.1,49,random,4,0.004259705543518066,0.004259705543518066
TCGA-A2-A0D0,previously_examined_holdout,37,0.1,49,random,5,-0.0003274381160736084,0.0003274381160736084
TCGA-A2-A0D0,previously_examined_holdout,37,0.1,49,random,6,0.00020676851272583008,0.00020676851272583008
TCGA-A2-A0D0,previously_examined_holdout,37,0.1,49,random,7,-0.006371349096298218,0.006371349096298218
TCGA-A2-A0D0,previously_examined_holdout,37,0.1,49,random,8,0.00047656893730163574,0.00047656893730163574
TCGA-A2-A0D0,previously_examined_holdout,37,0.1,49,random,9,-0.0025284886360168457,0.0025284886360168457
TCGA-A2-A0D0,previously_examined_holdout,37,0.1,49,random,10,0.0012816190719604492,0.0012816190719604492
TCGA-A2-A0D0,previously_examined_holdout,37,0.1,49,random,11,0.001497715711593628,0.001497715711593628
TCGA-A2-A0D0,previously_examined_holdout,37,0.1,49,random,12,-0.0008898377418518066,0.0008898377418518066
TCGA-A2-A0D0,previously_examined_holdout,37,0.1,49,random,13,0.00025773048400878906,0.00025773048400878906
TCGA-A2-A0D0,previously_examined_holdout,37,0.1,49,random,14,-0.0007467269897460938,0.0007467269897460938
TCGA-A2-A0D0,previously_examined_holdout,37,0.1,49,random,15,0.008081793785095215,0.008081793785095215
TCGA-A2-A0D0,previously_examined_holdout,37,0.1,49,random,16,-0.0005296468734741211,0.0005296468734741211
TCGA-A2-A0D0,previously_examined_holdout,37,0.1,49,random,17,0.00533372163772583,0.00533372163772583
TCGA-A2-A0D0,previously_examined_holdout,37,0.1,49,random,18,-0.004270195960998535,0.004270195960998535
TCGA-A2-A0D0,previously_examined_holdout,37,0.1,49,random,19,0.0034669041633605957,0.0034669041633605957
TCGA-A2-A0D0,previously_examined_holdout,37,0.2,97,gnnexplainer,-1,0.015728414058685303,0.015728414058685303
TCGA-A2-A0D0,previously_examined_holdout,37,0.2,97,random,0,0.001322925090789795,0.001322925090789795
TCGA-A2-A0D0,previously_examined_holdout,37,0.2,97,random,1,0.01546180248260498,0.01546180248260498
TCGA-A2-A0D0,previously_examined_holdout,37,0.2,97,random,2,0.005263239145278931,0.005263239145278931
TCGA-A2-A0D0,previously_examined_holdout,37,0.2,97,random,3,-0.011063963174819946,0.011063963174819946
TCGA-A2-A0D0,previously_examined_holdout,37,0.2,97,random,4,-0.006165832281112671,0.006165832281112671
TCGA-A2-A0D0,previously_examined_holdout,37,0.2,97,random,5,0.0005829930305480957,0.0005829930305480957
TCGA-A2-A0D0,previously_examined_holdout,37,0.2,97,random,6,0.004089415073394775,0.004089415073394775
TCGA-A2-A0D0,previously_examined_holdout,37,0.2,97,random,7,-0.0068624913692474365,0.0068624913692474365
TCGA-A2-A0D0,previously_examined_holdout,37,0.2,97,random,8,-0.010306954383850098,0.010306954383850098
TCGA-A2-A0D0,previously_examined_holdout,37,0.2,97,random,9,-0.009855091571807861,0.009855091571807861
TCGA-A2-A0D0,previously_examined_holdout,37,0.2,97,random,10,0.003380507230758667,0.003380507230758667
TCGA-A2-A0D0,previously_examined_holdout,37,0.2,97,random,11,0.00924527645111084,0.00924527645111084
TCGA-A2-A0D0,previously_examined_holdout,37,0.2,97,random,12,0.002505958080291748,0.002505958080291748
TCGA-A2-A0D0,previously_examined_holdout,37,0.2,97,random,13,-0.020042330026626587,0.020042330026626587
TCGA-A2-A0D0,previously_examined_holdout,37,0.2,97,random,14,0.0032745301723480225,0.0032745301723480225
TCGA-A2-A0D0,previously_examined_holdout,37,0.2,97,random,15,0.00601610541343689,0.00601610541343689
TCGA-A2-A0D0,previously_examined_holdout,37,0.2,97,random,16,0.0022653043270111084,0.0022653043270111084
TCGA-A2-A0D0,previously_examined_holdout,37,0.2,97,random,17,-0.0002803504467010498,0.0002803504467010498
TCGA-A2-A0D0,previously_examined_holdout,37,0.2,97,random,18,0.0019553303718566895,0.0019553303718566895
TCGA-A2-A0D0,previously_examined_holdout,37,0.2,97,random,19,3.0547380447387695e-05,3.0547380447387695e-05
TCGA-A2-A0D2,previously_examined_holdout,11,0.05,4,gnnexplainer,-1,-0.017651796340942383,0.017651796340942383
TCGA-A2-A0D2,previously_examined_holdout,11,0.05,4,random,0,0.007756471633911133,0.007756471633911133
TCGA-A2-A0D2,previously_examined_holdout,11,0.05,4,random,1,-0.013128221035003662,0.013128221035003662
TCGA-A2-A0D2,previously_examined_holdout,11,0.05,4,random,2,-0.014276564121246338,0.014276564121246338
TCGA-A2-A0D2,previously_examined_holdout,11,0.05,4,random,3,0.00816279649734497,0.00816279649734497
TCGA-A2-A0D2,previously_examined_holdout,11,0.05,4,random,4,0.003463268280029297,0.003463268280029297
TCGA-A2-A0D2,previously_examined_holdout,11,0.05,4,random,5,0.00241929292678833,0.00241929292678833
TCGA-A2-A0D2,previously_examined_holdout,11,0.05,4,random,6,-0.021277546882629395,0.021277546882629395
TCGA-A2-A0D2,previously_examined_holdout,11,0.05,4,random,7,-0.0012611150741577148,0.0012611150741577148
TCGA-A2-A0D2,previously_examined_holdout,11,0.05,4,random,8,-0.008708000183105469,0.008708000183105469
TCGA-A2-A0D2,previously_examined_holdout,11,0.05,4,random,9,-0.01862436532974243,0.01862436532974243
TCGA-A2-A0D2,previously_examined_holdout,11,0.05,4,random,10,-0.04769843816757202,0.04769843816757202
TCGA-A2-A0D2,previously_examined_holdout,11,0.05,4,random,11,-0.00020205974578857422,0.00020205974578857422
TCGA-A2-A0D2,previously_examined_holdout,11,0.05,4,random,12,0.008258700370788574,0.008258700370788574
TCGA-A2-A0D2,previously_examined_holdout,11,0.05,4,random,13,-0.012013554573059082,0.012013554573059082
TCGA-A2-A0D2,previously_examined_holdout,11,0.05,4,random,14,-0.017530202865600586,0.017530202865600586
TCGA-A2-A0D2,previously_examined_holdout,11,0.05,4,random,15,-0.03948420286178589,0.03948420286178589
TCGA-A2-A0D2,previously_examined_holdout,11,0.05,4,random,16,0.0012621879577636719,0.0012621879577636719
TCGA-A2-A0D2,previously_examined_holdout,11,0.05,4,random,17,-0.033993303775787354,0.033993303775787354
TCGA-A2-A0D2,previously_examined_holdout,11,0.05,4,random,18,-0.010247945785522461,0.010247945785522461
TCGA-A2-A0D2,previously_examined_holdout,11,0.05,4,random,19,0.03867316246032715,0.03867316246032715
TCGA-A2-A0D2,previously_examined_holdout,11,0.1,7,gnnexplainer,-1,-0.03129345178604126,0.03129345178604126
TCGA-A2-A0D2,previously_examined_holdout,11,0.1,7,random,0,-0.013288319110870361,0.013288319110870361
TCGA-A2-A0D2,previously_examined_holdout,11,0.1,7,random,1,-0.012894153594970703,0.012894153594970703
TCGA-A2-A0D2,previously_examined_holdout,11,0.1,7,random,2,-0.02190220355987549,0.02190220355987549
TCGA-A2-A0D2,previously_examined_holdout,11,0.1,7,random,3,-0.01256263256072998,0.01256263256072998
TCGA-A2-A0D2,previously_examined_holdout,11,0.1,7,random,4,-0.031043410301208496,0.031043410301208496
TCGA-A2-A0D2,previously_examined_holdout,11,0.1,7,random,5,-0.10258400440216064,0.10258400440216064
TCGA-A2-A0D2,previously_examined_holdout,11,0.1,7,random,6,-0.03963404893875122,0.03963404893875122
TCGA-A2-A0D2,previously_examined_holdout,11,0.1,7,random,7,-0.047279953956604004,0.047279953956604004
TCGA-A2-A0D2,previously_examined_holdout,11,0.1,7,random,8,-0.05123138427734375,0.05123138427734375
TCGA-A2-A0D2,previously_examined_holdout,11,0.1,7,random,9,-0.054407358169555664,0.054407358169555664
TCGA-A2-A0D2,previously_examined_holdout,11,0.1,7,random,10,-0.005770266056060791,0.005770266056060791
TCGA-A2-A0D2,previously_examined_holdout,11,0.1,7,random,11,0.0008416175842285156,0.0008416175842285156
TCGA-A2-A0D2,previously_examined_holdout,11,0.1,7,random,12,-0.020499706268310547,0.020499706268310547
TCGA-A2-A0D2,previously_examined_holdout,11,0.1,7,random,13,-0.0010612010955810547,0.0010612010955810547
TCGA-A2-A0D2,previously_examined_holdout,11,0.1,7,random,14,-0.0027239322662353516,0.0027239322662353516
TCGA-A2-A0D2,previously_examined_holdout,11,0.1,7,random,15,0.004101097583770752,0.004101097583770752
TCGA-A2-A0D2,previously_examined_holdout,11,0.1,7,random,16,-0.035849034786224365,0.035849034786224365
TCGA-A2-A0D2,previously_examined_holdout,11,0.1,7,random,17,-0.028004705905914307,0.028004705905914307
TCGA-A2-A0D2,previously_examined_holdout,11,0.1,7,random,18,-0.05606049299240112,0.05606049299240112
TCGA-A2-A0D2,previously_examined_holdout,11,0.1,7,random,19,-0.049151062965393066,0.049151062965393066
TCGA-A2-A0D2,previously_examined_holdout,11,0.2,14,gnnexplainer,-1,-0.026971280574798584,0.026971280574798584
TCGA-A2-A0D2,previously_examined_holdout,11,0.2,14,random,0,-0.006634950637817383,0.006634950637817383
TCGA-A2-A0D2,previously_examined_holdout,11,0.2,14,random,1,-0.04041790962219238,0.04041790962219238
TCGA-A2-A0D2,previously_examined_holdout,11,0.2,14,random,2,-0.021775126457214355,0.021775126457214355
TCGA-A2-A0D2,previously_examined_holdout,11,0.2,14,random,3,0.013174235820770264,0.013174235820770264
TCGA-A2-A0D2,previously_examined_holdout,11,0.2,14,random,4,-0.03790009021759033,0.03790009021759033
TCGA-A2-A0D2,previously_examined_holdout,11,0.2,14,random,5,-0.01836264133453369,0.01836264133453369
TCGA-A2-A0D2,previously_examined_holdout,11,0.2,14,random,6,0.026440441608428955,0.026440441608428955
TCGA-A2-A0D2,previously_examined_holdout,11,0.2,14,random,7,0.0025638341903686523,0.0025638341903686523
TCGA-A2-A0D2,previously_examined_holdout,11,0.2,14,random,8,0.0023633837699890137,0.0023633837699890137
TCGA-A2-A0D2,previously_examined_holdout,11,0.2,14,random,9,-0.04922062158584595,0.04922062158584595
TCGA-A2-A0D2,previously_examined_holdout,11,0.2,14,random,10,-0.1008601188659668,0.1008601188659668
TCGA-A2-A0D2,previously_examined_holdout,11,0.2,14,random,11,-0.0757940411567688,0.0757940411567688
TCGA-A2-A0D2,previously_examined_holdout,11,0.2,14,random,12,-0.06930094957351685,0.06930094957351685
TCGA-A2-A0D2,previously_examined_holdout,11,0.2,14,random,13,-0.03256046772003174,0.03256046772003174
TCGA-A2-A0D2,previously_examined_holdout,11,0.2,14,random,14,0.01278764009475708,0.01278764009475708
TCGA-A2-A0D2,previously_examined_holdout,11,0.2,14,random,15,-0.018967032432556152,0.018967032432556152
TCGA-A2-A0D2,previously_examined_holdout,11,0.2,14,random,16,0.04457104206085205,0.04457104206085205
TCGA-A2-A0D2,previously_examined_holdout,11,0.2,14,random,17,-0.02729588747024536,0.02729588747024536
TCGA-A2-A0D2,previously_examined_holdout,11,0.2,14,random,18,-0.00992518663406372,0.00992518663406372
TCGA-A2-A0D2,previously_examined_holdout,11,0.2,14,random,19,-0.009450793266296387,0.009450793266296387
TCGA-A2-A0D2,previously_examined_holdout,23,0.05,4,gnnexplainer,-1,0.017180144786834717,0.017180144786834717
TCGA-A2-A0D2,previously_examined_holdout,23,0.05,4,random,0,0.0139085054397583,0.0139085054397583
TCGA-A2-A0D2,previously_examined_holdout,23,0.05,4,random,1,-0.010079503059387207,0.010079503059387207
TCGA-A2-A0D2,previously_examined_holdout,23,0.05,4,random,2,-0.027922987937927246,0.027922987937927246
TCGA-A2-A0D2,previously_examined_holdout,23,0.05,4,random,3,-0.005026340484619141,0.005026340484619141
TCGA-A2-A0D2,previously_examined_holdout,23,0.05,4,random,4,-0.001611948013305664,0.001611948013305664
TCGA-A2-A0D2,previously_examined_holdout,23,0.05,4,random,5,0.015175104141235352,0.015175104141235352
TCGA-A2-A0D2,previously_examined_holdout,23,0.05,4,random,6,-0.006876051425933838,0.006876051425933838
TCGA-A2-A0D2,previously_examined_holdout,23,0.05,4,random,7,-0.00534588098526001,0.00534588098526001
TCGA-A2-A0D2,previously_examined_holdout,23,0.05,4,random,8,-0.04194152355194092,0.04194152355194092
TCGA-A2-A0D2,previously_examined_holdout,23,0.05,4,random,9,0.014995694160461426,0.014995694160461426
TCGA-A2-A0D2,previously_examined_holdout,23,0.05,4,random,10,-0.017923712730407715,0.017923712730407715
TCGA-A2-A0D2,previously_examined_holdout,23,0.05,4,random,11,-0.006443321704864502,0.006443321704864502
TCGA-A2-A0D2,previously_examined_holdout,23,0.05,4,random,12,0.0026947855949401855,0.0026947855949401855
TCGA-A2-A0D2,previously_examined_holdout,23,0.05,4,random,13,-0.003668487071990967,0.003668487071990967
TCGA-A2-A0D2,previously_examined_holdout,23,0.05,4,random,14,0.012140095233917236,0.012140095233917236
TCGA-A2-A0D2,previously_examined_holdout,23,0.05,4,random,15,0.011451303958892822,0.011451303958892822
TCGA-A2-A0D2,previously_examined_holdout,23,0.05,4,random,16,-0.004666924476623535,0.004666924476623535
TCGA-A2-A0D2,previously_examined_holdout,23,0.05,4,random,17,-0.015908002853393555,0.015908002853393555
TCGA-A2-A0D2,previously_examined_holdout,23,0.05,4,random,18,0.012461185455322266,0.012461185455322266
TCGA-A2-A0D2,previously_examined_holdout,23,0.05,4,random,19,0.010212242603302002,0.010212242603302002
TCGA-A2-A0D2,previously_examined_holdout,23,0.1,7,gnnexplainer,-1,0.007795214653015137,0.007795214653015137
TCGA-A2-A0D2,previously_examined_holdout,23,0.1,7,random,0,0.014145076274871826,0.014145076274871826
TCGA-A2-A0D2,previously_examined_holdout,23,0.1,7,random,1,0.028150320053100586,0.028150320053100586
TCGA-A2-A0D2,previously_examined_holdout,23,0.1,7,random,2,0.008510947227478027,0.008510947227478027
TCGA-A2-A0D2,previously_examined_holdout,23,0.1,7,random,3,-0.007266402244567871,0.007266402244567871
TCGA-A2-A0D2,previously_examined_holdout,23,0.1,7,random,4,0.019802093505859375,0.019802093505859375
TCGA-A2-A0D2,previously_examined_holdout,23,0.1,7,random,5,-0.007517039775848389,0.007517039775848389
TCGA-A2-A0D2,previously_examined_holdout,23,0.1,7,random,6,-0.029481887817382812,0.029481887817382812
TCGA-A2-A0D2,previously_examined_holdout,23,0.1,7,random,7,0.00870513916015625,0.00870513916015625
TCGA-A2-A0D2,previously_examined_holdout,23,0.1,7,random,8,0.048783183097839355,0.048783183097839355
TCGA-A2-A0D2,previously_examined_holdout,23,0.1,7,random,9,-0.030407488346099854,0.030407488346099854
TCGA-A2-A0D2,previously_examined_holdout,23,0.1,7,random,10,-0.004811406135559082,0.004811406135559082
TCGA-A2-A0D2,previously_examined_holdout,23,0.1,7,random,11,0.03030073642730713,0.03030073642730713
TCGA-A2-A0D2,previously_examined_holdout,23,0.1,7,random,12,-0.0014943480491638184,0.0014943480491638184
TCGA-A2-A0D2,previously_examined_holdout,23,0.1,7,random,13,-0.03800088167190552,0.03800088167190552
TCGA-A2-A0D2,previously_examined_holdout,23,0.1,7,random,14,-0.008729875087738037,0.008729875087738037
TCGA-A2-A0D2,previously_examined_holdout,23,0.1,7,random,15,-0.01477193832397461,0.01477193832397461
TCGA-A2-A0D2,previously_examined_holdout,23,0.1,7,random,16,-0.023128509521484375,0.023128509521484375
TCGA-A2-A0D2,previously_examined_holdout,23,0.1,7,random,17,0.015315890312194824,0.015315890312194824
TCGA-A2-A0D2,previously_examined_holdout,23,0.1,7,random,18,0.012317001819610596,0.012317001819610596
TCGA-A2-A0D2,previously_examined_holdout,23,0.1,7,random,19,0.008445680141448975,0.008445680141448975
TCGA-A2-A0D2,previously_examined_holdout,23,0.2,14,gnnexplainer,-1,0.045083582401275635,0.045083582401275635
TCGA-A2-A0D2,previously_examined_holdout,23,0.2,14,random,0,-0.002209007740020752,0.002209007740020752
TCGA-A2-A0D2,previously_examined_holdout,23,0.2,14,random,1,-0.022249698638916016,0.022249698638916016
TCGA-A2-A0D2,previously_examined_holdout,23,0.2,14,random,2,0.002000153064727783,0.002000153064727783
TCGA-A2-A0D2,previously_examined_holdout,23,0.2,14,random,3,-0.05767315626144409,0.05767315626144409
TCGA-A2-A0D2,previously_examined_holdout,23,0.2,14,random,4,-0.029173731803894043,0.029173731803894043
TCGA-A2-A0D2,previously_examined_holdout,23,0.2,14,random,5,0.03826802968978882,0.03826802968978882
TCGA-A2-A0D2,previously_examined_holdout,23,0.2,14,random,6,-0.036114275455474854,0.036114275455474854
TCGA-A2-A0D2,previously_examined_holdout,23,0.2,14,random,7,-0.05348849296569824,0.05348849296569824
TCGA-A2-A0D2,previously_examined_holdout,23,0.2,14,random,8,-0.0361596941947937,0.0361596941947937
TCGA-A2-A0D2,previously_examined_holdout,23,0.2,14,random,9,0.0390743613243103,0.0390743613243103
TCGA-A2-A0D2,previously_examined_holdout,23,0.2,14,random,10,-0.02012854814529419,0.02012854814529419
TCGA-A2-A0D2,previously_examined_holdout,23,0.2,14,random,11,0.014894664287567139,0.014894664287567139
TCGA-A2-A0D2,previously_examined_holdout,23,0.2,14,random,12,-0.04716026782989502,0.04716026782989502
TCGA-A2-A0D2,previously_examined_holdout,23,0.2,14,random,13,-0.0021809935569763184,0.0021809935569763184
TCGA-A2-A0D2,previously_examined_holdout,23,0.2,14,random,14,0.00460052490234375,0.00460052490234375
TCGA-A2-A0D2,previously_examined_holdout,23,0.2,14,random,15,0.02563709020614624,0.02563709020614624
TCGA-A2-A0D2,previously_examined_holdout,23,0.2,14,random,16,-0.005073726177215576,0.005073726177215576
TCGA-A2-A0D2,previously_examined_holdout,23,0.2,14,random,17,-0.056537508964538574,0.056537508964538574
TCGA-A2-A0D2,previously_examined_holdout,23,0.2,14,random,18,-0.03550070524215698,0.03550070524215698
TCGA-A2-A0D2,previously_examined_holdout,23,0.2,14,random,19,0.02096080780029297,0.02096080780029297
TCGA-A2-A0D2,previously_examined_holdout,37,0.05,4,gnnexplainer,-1,-0.007974684238433838,0.007974684238433838
TCGA-A2-A0D2,previously_examined_holdout,37,0.05,4,random,0,-0.007797598838806152,0.007797598838806152
TCGA-A2-A0D2,previously_examined_holdout,37,0.05,4,random,1,-0.002470850944519043,0.002470850944519043
TCGA-A2-A0D2,previously_examined_holdout,37,0.05,4,random,2,0.0049103498458862305,0.0049103498458862305
TCGA-A2-A0D2,previously_examined_holdout,37,0.05,4,random,3,0.0007771849632263184,0.0007771849632263184
TCGA-A2-A0D2,previously_examined_holdout,37,0.05,4,random,4,-0.021178007125854492,0.021178007125854492
TCGA-A2-A0D2,previously_examined_holdout,37,0.05,4,random,5,-0.013593912124633789,0.013593912124633789
TCGA-A2-A0D2,previously_examined_holdout,37,0.05,4,random,6,-0.014078795909881592,0.014078795909881592
TCGA-A2-A0D2,previously_examined_holdout,37,0.05,4,random,7,-0.01545572280883789,0.01545572280883789
TCGA-A2-A0D2,previously_examined_holdout,37,0.05,4,random,8,-0.02353072166442871,0.02353072166442871
TCGA-A2-A0D2,previously_examined_holdout,37,0.05,4,random,9,-0.021753370761871338,0.021753370761871338
TCGA-A2-A0D2,previously_examined_holdout,37,0.05,4,random,10,0.015612363815307617,0.015612363815307617
TCGA-A2-A0D2,previously_examined_holdout,37,0.05,4,random,11,0.017270803451538086,0.017270803451538086
TCGA-A2-A0D2,previously_examined_holdout,37,0.05,4,random,12,-0.015652775764465332,0.015652775764465332
TCGA-A2-A0D2,previously_examined_holdout,37,0.05,4,random,13,0.023486614227294922,0.023486614227294922
TCGA-A2-A0D2,previously_examined_holdout,37,0.05,4,random,14,-0.0028527379035949707,0.0028527379035949707
TCGA-A2-A0D2,previously_examined_holdout,37,0.05,4,random,15,0.002736508846282959,0.002736508846282959
TCGA-A2-A0D2,previously_examined_holdout,37,0.05,4,random,16,-0.013684570789337158,0.013684570789337158
TCGA-A2-A0D2,previously_examined_holdout,37,0.05,4,random,17,-0.0020307302474975586,0.0020307302474975586
TCGA-A2-A0D2,previously_examined_holdout,37,0.05,4,random,18,-0.020974397659301758,0.020974397659301758
TCGA-A2-A0D2,previously_examined_holdout,37,0.05,4,random,19,0.016346514225006104,0.016346514225006104
TCGA-A2-A0D2,previously_examined_holdout,37,0.1,7,gnnexplainer,-1,-0.010391533374786377,0.010391533374786377
TCGA-A2-A0D2,previously_examined_holdout,37,0.1,7,random,0,0.0027582645416259766,0.0027582645416259766
TCGA-A2-A0D2,previously_examined_holdout,37,0.1,7,random,1,-0.03304922580718994,0.03304922580718994
TCGA-A2-A0D2,previously_examined_holdout,37,0.1,7,random,2,-0.01107776165008545,0.01107776165008545
TCGA-A2-A0D2,previously_examined_holdout,37,0.1,7,random,3,-0.056160032749176025,0.056160032749176025
TCGA-A2-A0D2,previously_examined_holdout,37,0.1,7,random,4,0.05683642625808716,0.05683642625808716
TCGA-A2-A0D2,previously_examined_holdout,37,0.1,7,random,5,0.009418964385986328,0.009418964385986328
TCGA-A2-A0D2,previously_examined_holdout,37,0.1,7,random,6,0.017556607723236084,0.017556607723236084
TCGA-A2-A0D2,previously_examined_holdout,37,0.1,7,random,7,-0.01540464162826538,0.01540464162826538
TCGA-A2-A0D2,previously_examined_holdout,37,0.1,7,random,8,0.01967841386795044,0.01967841386795044
TCGA-A2-A0D2,previously_examined_holdout,37,0.1,7,random,9,-0.0029411911964416504,0.0029411911964416504
TCGA-A2-A0D2,previously_examined_holdout,37,0.1,7,random,10,-0.03287816047668457,0.03287816047668457
TCGA-A2-A0D2,previously_examined_holdout,37,0.1,7,random,11,-0.02007812261581421,0.02007812261581421
TCGA-A2-A0D2,previously_examined_holdout,37,0.1,7,random,12,-0.01245492696762085,0.01245492696762085
TCGA-A2-A0D2,previously_examined_holdout,37,0.1,7,random,13,0.0061980485916137695,0.0061980485916137695
TCGA-A2-A0D2,previously_examined_holdout,37,0.1,7,random,14,0.03143876791000366,0.03143876791000366
TCGA-A2-A0D2,previously_examined_holdout,37,0.1,7,random,15,-0.01937580108642578,0.01937580108642578
TCGA-A2-A0D2,previously_examined_holdout,37,0.1,7,random,16,-0.026681363582611084,0.026681363582611084
TCGA-A2-A0D2,previously_examined_holdout,37,0.1,7,random,17,-0.002686917781829834,0.002686917781829834
TCGA-A2-A0D2,previously_examined_holdout,37,0.1,7,random,18,-0.010098576545715332,0.010098576545715332
TCGA-A2-A0D2,previously_examined_holdout,37,0.1,7,random,19,0.015702486038208008,0.015702486038208008
TCGA-A2-A0D2,previously_examined_holdout,37,0.2,14,gnnexplainer,-1,-0.02512955665588379,0.02512955665588379
TCGA-A2-A0D2,previously_examined_holdout,37,0.2,14,random,0,-0.04594689607620239,0.04594689607620239
TCGA-A2-A0D2,previously_examined_holdout,37,0.2,14,random,1,0.02675729990005493,0.02675729990005493
TCGA-A2-A0D2,previously_examined_holdout,37,0.2,14,random,2,0.0035300254821777344,0.0035300254821777344
TCGA-A2-A0D2,previously_examined_holdout,37,0.2,14,random,3,0.0015174150466918945,0.0015174150466918945
TCGA-A2-A0D2,previously_examined_holdout,37,0.2,14,random,4,-0.02891409397125244,0.02891409397125244
TCGA-A2-A0D2,previously_examined_holdout,37,0.2,14,random,5,-0.002469182014465332,0.002469182014465332
TCGA-A2-A0D2,previously_examined_holdout,37,0.2,14,random,6,-0.005046367645263672,0.005046367645263672
TCGA-A2-A0D2,previously_examined_holdout,37,0.2,14,random,7,-0.07004493474960327,0.07004493474960327
TCGA-A2-A0D2,previously_examined_holdout,37,0.2,14,random,8,0.026384174823760986,0.026384174823760986
TCGA-A2-A0D2,previously_examined_holdout,37,0.2,14,random,9,-0.021521389484405518,0.021521389484405518
TCGA-A2-A0D2,previously_examined_holdout,37,0.2,14,random,10,-0.025740444660186768,0.025740444660186768
TCGA-A2-A0D2,previously_examined_holdout,37,0.2,14,random,11,-0.0200653076171875,0.0200653076171875
TCGA-A2-A0D2,previously_examined_holdout,37,0.2,14,random,12,-0.025260329246520996,0.025260329246520996
TCGA-A2-A0D2,previously_examined_holdout,37,0.2,14,random,13,-0.046742260456085205,0.046742260456085205
TCGA-A2-A0D2,previously_examined_holdout,37,0.2,14,random,14,-0.03499865531921387,0.03499865531921387
TCGA-A2-A0D2,previously_examined_holdout,37,0.2,14,random,15,0.03451961278915405,0.03451961278915405
TCGA-A2-A0D2,previously_examined_holdout,37,0.2,14,random,16,0.01770395040512085,0.01770395040512085
TCGA-A2-A0D2,previously_examined_holdout,37,0.2,14,random,17,-0.03531336784362793,0.03531336784362793
TCGA-A2-A0D2,previously_examined_holdout,37,0.2,14,random,18,-0.011720657348632812,0.011720657348632812
TCGA-A2-A0D2,previously_examined_holdout,37,0.2,14,random,19,0.03191554546356201,0.03191554546356201
