architecture,patient,factor,repeat,probability_IC_change
GCN,101,0.95,0,-0.0014792680740356445
GCN,101,0.95,1,0.0004947483539581299
GCN,101,0.95,2,-0.0002550482749938965
GCN,101,0.95,3,0.0067389607429504395
GCN,101,0.95,4,0.004266530275344849
GCN,101,0.95,5,0.0008428692817687988
GCN,101,0.95,6,-0.006013929843902588
GCN,101,0.95,7,-0.004762500524520874
GCN,101,0.95,8,0.0029606521129608154
GCN,101,0.95,9,-0.004695922136306763
GCN,101,0.95,10,-0.0019095838069915771
GCN,101,0.95,11,-0.003974854946136475
GCN,101,0.95,12,0.0021353065967559814
GCN,101,0.95,13,0.006443798542022705
GCN,101,0.95,14,0.004235297441482544
GCN,101,0.95,15,0.0013343989849090576
GCN,101,0.95,16,0.003368765115737915
GCN,101,0.95,17,-0.004489272832870483
GCN,101,0.95,18,0.0015836060047149658
GCN,101,0.95,19,0.0021528303623199463
GCN,101,1.05,0,0.009753376245498657
GCN,101,1.05,1,-0.0019842982292175293
GCN,101,1.05,2,-0.0028728842735290527
GCN,101,1.05,3,-0.003595888614654541
GCN,101,1.05,4,0.003971308469772339
GCN,101,1.05,5,0.004181593656539917
GCN,101,1.05,6,0.006636559963226318
GCN,101,1.05,7,0.007369130849838257
GCN,101,1.05,8,-0.0014691352844238281
GCN,101,1.05,9,0.0019566714763641357
GCN,101,1.05,10,0.0066117942333221436
GCN,101,1.05,11,-1.1533498764038086e-05
GCN,101,1.05,12,0.006452769041061401
GCN,101,1.05,13,0.00270649790763855
GCN,101,1.05,14,-0.00024583935737609863
GCN,101,1.05,15,-0.0015858709812164307
GCN,101,1.05,16,0.0035656988620758057
GCN,101,1.05,17,-0.003551393747329712
GCN,101,1.05,18,-0.006668031215667725
GCN,101,1.05,19,-0.00177001953125
GCN,102,0.95,0,0.014948368072509766
GCN,102,0.95,1,-0.0021424293518066406
GCN,102,0.95,2,-0.0007733702659606934
GCN,102,0.95,3,0.0013878941535949707
GCN,102,0.95,4,0.017772257328033447
GCN,102,0.95,5,-0.0028621554374694824
GCN,102,0.95,6,0.016493916511535645
GCN,102,0.95,7,-0.0036965012550354004
GCN,102,0.95,8,0.021193861961364746
GCN,102,0.95,9,0.013159692287445068
GCN,102,0.95,10,-0.016975820064544678
GCN,102,0.95,11,0.001892387866973877
GCN,102,0.95,12,-0.016853630542755127
GCN,102,0.95,13,5.960464477539062e-07
GCN,102,0.95,14,0.011139392852783203
GCN,102,0.95,15,-0.00937587022781372
GCN,102,0.95,16,-0.013331353664398193
GCN,102,0.95,17,0.012054741382598877
GCN,102,0.95,18,-0.024981796741485596
GCN,102,0.95,19,-0.0126456618309021
GCN,102,1.05,0,-0.030555307865142822
GCN,102,1.05,1,0.0023342370986938477
GCN,102,1.05,2,0.014208078384399414
GCN,102,1.05,3,0.0219651460647583
GCN,102,1.05,4,-0.00830918550491333
GCN,102,1.05,5,0.010210871696472168
GCN,102,1.05,6,-0.015688300132751465
GCN,102,1.05,7,-0.011961162090301514
GCN,102,1.05,8,0.00026738643646240234
GCN,102,1.05,9,0.020265281200408936
GCN,102,1.05,10,0.001384437084197998
GCN,102,1.05,11,-0.0021269917488098145
GCN,102,1.05,12,0.03003484010696411
GCN,102,1.05,13,0.010414063930511475
GCN,102,1.05,14,-0.006374061107635498
GCN,102,1.05,15,-0.014074325561523438
GCN,102,1.05,16,0.007680237293243408
GCN,102,1.05,17,-0.01016920804977417
GCN,102,1.05,18,0.01868206262588501
GCN,102,1.05,19,-0.03248542547225952
GCN,106,0.95,0,-0.015604496002197266
GCN,106,0.95,1,-0.007546901702880859
GCN,106,0.95,2,0.007777988910675049
GCN,106,0.95,3,-0.00021791458129882812
GCN,106,0.95,4,0.029149353504180908
GCN,106,0.95,5,0.0019683837890625
GCN,106,0.95,6,0.020772457122802734
GCN,106,0.95,7,-0.01644986867904663
GCN,106,0.95,8,0.02351224422454834
GCN,106,0.95,9,0.019125938415527344
GCN,106,0.95,10,-0.0024595260620117188
GCN,106,0.95,11,-0.0038982629776000977
GCN,106,0.95,12,-0.0014295578002929688
GCN,106,0.95,13,0.024982929229736328
GCN,106,0.95,14,-0.0005301237106323242
GCN,106,0.95,15,-0.002912163734436035
GCN,106,0.95,16,0.0031719207763671875
GCN,106,0.95,17,-0.01235508918762207
GCN,106,0.95,18,-0.0021332502365112305
GCN,106,0.95,19,-0.009122729301452637
GCN,106,1.05,0,-0.022423863410949707
GCN,106,1.05,1,0.005827784538269043
GCN,106,1.05,2,0.002829134464263916
GCN,106,1.05,3,-0.010395228862762451
GCN,106,1.05,4,0.007083892822265625
GCN,106,1.05,5,-0.003635108470916748
GCN,106,1.05,6,-0.015282750129699707
GCN,106,1.05,7,0.0028911828994750977
GCN,106,1.05,8,-0.01332080364227295
GCN,106,1.05,9,0.00701296329498291
GCN,106,1.05,10,-0.023488879203796387
GCN,106,1.05,11,-0.00618356466293335
GCN,106,1.05,12,-0.0038456320762634277
GCN,106,1.05,13,-0.0235443115234375
GCN,106,1.05,14,-0.00970304012298584
GCN,106,1.05,15,-0.0089186429977417
GCN,106,1.05,16,0.007474780082702637
GCN,106,1.05,17,0.021044373512268066
GCN,106,1.05,18,0.00162583589553833
GCN,106,1.05,19,-0.016680419445037842
GCN,118,0.95,0,-0.01962488889694214
GCN,118,0.95,1,-0.00198519229888916
GCN,118,0.95,2,0.0015232563018798828
GCN,118,0.95,3,0.003491342067718506
GCN,118,0.95,4,-0.0011152029037475586
GCN,118,0.95,5,-0.002057015895843506
GCN,118,0.95,6,-0.003091156482696533
GCN,118,0.95,7,0.008574187755584717
GCN,118,0.95,8,0.013644099235534668
GCN,118,0.95,9,-0.02620244026184082
GCN,118,0.95,10,-0.011886060237884521
GCN,118,0.95,11,0.009010374546051025
GCN,118,0.95,12,0.004713594913482666
GCN,118,0.95,13,-0.001001894474029541
GCN,118,0.95,14,0.019083380699157715
GCN,118,0.95,15,-0.006808936595916748
GCN,118,0.95,16,0.01983565092086792
GCN,118,0.95,17,-0.0174596905708313
GCN,118,0.95,18,-0.00800466537475586
GCN,118,0.95,19,-0.0019776225090026855
GCN,118,1.05,0,0.010040581226348877
GCN,118,1.05,1,0.007553577423095703
GCN,118,1.05,2,-0.009370744228363037
GCN,118,1.05,3,-0.0031308531761169434
GCN,118,1.05,4,0.0027048587799072266
GCN,118,1.05,5,-0.009627044200897217
GCN,118,1.05,6,0.011211812496185303
GCN,118,1.05,7,-0.007968544960021973
GCN,118,1.05,8,-0.00780254602432251
GCN,118,1.05,9,0.0153847336769104
GCN,118,1.05,10,0.009083271026611328
GCN,118,1.05,11,0.002421140670776367
GCN,118,1.05,12,-0.01570582389831543
GCN,118,1.05,13,0.002254009246826172
GCN,118,1.05,14,0.007956266403198242
GCN,118,1.05,15,0.005072057247161865
GCN,118,1.05,16,0.0071909427642822266
GCN,118,1.05,17,-0.012957334518432617
GCN,118,1.05,18,-0.006737947463989258
GCN,118,1.05,19,0.010596811771392822
GCN,120,0.95,0,-0.013017058372497559
GCN,120,0.95,1,0.017002344131469727
GCN,120,0.95,2,-0.0069280266761779785
GCN,120,0.95,3,0.010852038860321045
GCN,120,0.95,4,-0.0060339272022247314
GCN,120,0.95,5,-0.012823015451431274
GCN,120,0.95,6,0.016579747200012207
GCN,120,0.95,7,0.018017619848251343
GCN,120,0.95,8,0.0029706954956054688
GCN,120,0.95,9,-0.021098405122756958
GCN,120,0.95,10,0.0012377500534057617
GCN,120,0.95,11,-0.0036876797676086426
GCN,120,0.95,12,-0.007960081100463867
GCN,120,0.95,13,-0.016436278820037842
GCN,120,0.95,14,-0.010830312967300415
GCN,120,0.95,15,-0.02272668480873108
GCN,120,0.95,16,-0.0022769570350646973
GCN,120,0.95,17,0.028858304023742676
GCN,120,0.95,18,0.0028433501720428467
GCN,120,0.95,19,-0.020446449518203735
GCN,120,1.05,0,-0.001001894474029541
GCN,120,1.05,1,-0.021275460720062256
GCN,120,1.05,2,-0.011334717273712158
GCN,120,1.05,3,0.005639970302581787
GCN,120,1.05,4,0.008816659450531006
GCN,120,1.05,5,-0.008193492889404297
GCN,120,1.05,6,-0.005488038063049316
GCN,120,1.05,7,0.010965943336486816
GCN,120,1.05,8,0.009737938642501831
GCN,120,1.05,9,0.007568478584289551
GCN,120,1.05,10,0.001354813575744629
GCN,120,1.05,11,-0.023904740810394287
GCN,120,1.05,12,0.0005990266799926758
GCN,120,1.05,13,0.013051241636276245
GCN,120,1.05,14,-0.009004741907119751
GCN,120,1.05,15,-0.006298691034317017
GCN,120,1.05,16,0.011458396911621094
GCN,120,1.05,17,0.01695394515991211
GCN,120,1.05,18,0.001890629529953003
GCN,120,1.05,19,0.003953307867050171
GCN,124,0.95,0,-0.019528687000274658
GCN,124,0.95,1,-0.01242685317993164
GCN,124,0.95,2,0.0025849342346191406
GCN,124,0.95,3,-0.023389816284179688
GCN,124,0.95,4,-0.01852172613143921
GCN,124,0.95,5,-0.00750422477722168
GCN,124,0.95,6,0.007630884647369385
GCN,124,0.95,7,-0.026253938674926758
GCN,124,0.95,8,0.006400942802429199
GCN,124,0.95,9,-0.016592323780059814
GCN,124,0.95,10,0.0044078826904296875
GCN,124,0.95,11,0.017872929573059082
GCN,124,0.95,12,-0.026351332664489746
GCN,124,0.95,13,0.014869511127471924
GCN,124,0.95,14,0.010204732418060303
GCN,124,0.95,15,-0.007252514362335205
GCN,124,0.95,16,-0.028443515300750732
GCN,124,0.95,17,0.0056084394454956055
GCN,124,0.95,18,0.007924318313598633
GCN,124,0.95,19,-0.0002726912498474121
GCN,124,1.05,0,-0.0007489323616027832
GCN,124,1.05,1,0.003972470760345459
GCN,124,1.05,2,0.00013405084609985352
GCN,124,1.05,3,-0.008867263793945312
GCN,124,1.05,4,-0.018359482288360596
GCN,124,1.05,5,-0.010545670986175537
GCN,124,1.05,6,0.0003107786178588867
GCN,124,1.05,7,0.011130034923553467
GCN,124,1.05,8,0.009084045886993408
GCN,124,1.05,9,0.008501946926116943
GCN,124,1.05,10,0.003818690776824951
GCN,124,1.05,11,-0.01344221830368042
GCN,124,1.05,12,0.014097273349761963
GCN,124,1.05,13,-0.014473140239715576
GCN,124,1.05,14,0.006523072719573975
GCN,124,1.05,15,-0.01516348123550415
GCN,124,1.05,16,-0.011914968490600586
GCN,124,1.05,17,-0.022721052169799805
GCN,124,1.05,18,-0.00017547607421875
GCN,124,1.05,19,0.010906636714935303
GCN,132,0.95,0,-0.00429147481918335
GCN,132,0.95,1,0.00015091896057128906
GCN,132,0.95,2,0.00870087742805481
GCN,132,0.95,3,-0.008958995342254639
GCN,132,0.95,4,-0.008100450038909912
GCN,132,0.95,5,0.012909561395645142
GCN,132,0.95,6,0.0052894651889801025
GCN,132,0.95,7,0.0009402036666870117
GCN,132,0.95,8,-0.009500086307525635
GCN,132,0.95,9,0.002582371234893799
GCN,132,0.95,10,0.00028133392333984375
GCN,132,0.95,11,-0.01006239652633667
GCN,132,0.95,12,-0.0036388635635375977
GCN,132,0.95,13,-0.0026555657386779785
GCN,132,0.95,14,-0.004841029644012451
GCN,132,0.95,15,0.0016700327396392822
GCN,132,0.95,16,0.004741847515106201
GCN,132,0.95,17,-0.004198402166366577
GCN,132,0.95,18,0.0015974044799804688
GCN,132,0.95,19,-0.004419416189193726
GCN,132,1.05,0,-0.0019294023513793945
GCN,132,1.05,1,0.0052298903465271
GCN,132,1.05,2,-0.011243879795074463
GCN,132,1.05,3,0.00859600305557251
GCN,132,1.05,4,-0.0074217915534973145
GCN,132,1.05,5,0.0045958757400512695
GCN,132,1.05,6,0.0035310983657836914
GCN,132,1.05,7,-0.00366365909576416
GCN,132,1.05,8,-0.0005193650722503662
GCN,132,1.05,9,-0.005574852228164673
GCN,132,1.05,10,0.0029610395431518555
GCN,132,1.05,11,0.010540425777435303
GCN,132,1.05,12,-0.015194922685623169
GCN,132,1.05,13,0.007936626672744751
GCN,132,1.05,14,-0.011091053485870361
GCN,132,1.05,15,-0.0024081170558929443
GCN,132,1.05,16,0.004625439643859863
GCN,132,1.05,17,-0.0031194090843200684
GCN,132,1.05,18,0.001093834638595581
GCN,132,1.05,19,-0.0009585320949554443
GCN,144,0.95,0,0.004624128341674805
GCN,144,0.95,1,-0.004407107830047607
GCN,144,0.95,2,2.4139881134033203e-05
GCN,144,0.95,3,0.0006223320960998535
GCN,144,0.95,4,-0.0021790266036987305
GCN,144,0.95,5,0.0022623538970947266
GCN,144,0.95,6,-0.0014702081680297852
GCN,144,0.95,7,0.002315819263458252
GCN,144,0.95,8,0.005978882312774658
GCN,144,0.95,9,0.0022183656692504883
GCN,144,0.95,10,0.003238201141357422
GCN,144,0.95,11,-0.0003731250762939453
GCN,144,0.95,12,-0.007186174392700195
GCN,144,0.95,13,0.0006504654884338379
GCN,144,0.95,14,-0.005449771881103516
GCN,144,0.95,15,-0.007063508033752441
GCN,144,0.95,16,0.0014759302139282227
GCN,144,0.95,17,-0.0011786222457885742
GCN,144,0.95,18,-0.0013442039489746094
GCN,144,0.95,19,0.0007722973823547363
GCN,144,1.05,0,-0.0035008788108825684
GCN,144,1.05,1,-0.0027960538864135742
GCN,144,1.05,2,-0.005378425121307373
GCN,144,1.05,3,0.00341033935546875
GCN,144,1.05,4,0.002010345458984375
GCN,144,1.05,5,0.004948616027832031
GCN,144,1.05,6,0.0014412999153137207
GCN,144,1.05,7,0.004774570465087891
GCN,144,1.05,8,0.0007749795913696289
GCN,144,1.05,9,-0.002204298973083496
GCN,144,1.05,10,-0.004345297813415527
GCN,144,1.05,11,-0.004746675491333008
GCN,144,1.05,12,-0.0037590861320495605
GCN,144,1.05,13,0.003290712833404541
GCN,144,1.05,14,0.0022755861282348633
GCN,144,1.05,15,0.004559338092803955
GCN,144,1.05,16,0.0017230510711669922
GCN,144,1.05,17,-0.002323150634765625
GCN,144,1.05,18,0.005238652229309082
GCN,144,1.05,19,-0.0023883581161499023
GCN,151,0.95,0,0.009196102619171143
GCN,151,0.95,1,-0.008452355861663818
GCN,151,0.95,2,-0.0079994797706604
GCN,151,0.95,3,-0.009386181831359863
GCN,151,0.95,4,-0.00015562772750854492
GCN,151,0.95,5,0.008530676364898682
GCN,151,0.95,6,-0.01689249277114868
GCN,151,0.95,7,-0.0019859671592712402
GCN,151,0.95,8,-0.015271961688995361
GCN,151,0.95,9,0.017185628414154053
GCN,151,0.95,10,0.008923828601837158
GCN,151,0.95,11,0.009472250938415527
GCN,151,0.95,12,0.01907867193222046
GCN,151,0.95,13,-0.02033686637878418
GCN,151,0.95,14,0.007285892963409424
GCN,151,0.95,15,0.010738551616668701
GCN,151,0.95,16,0.005783200263977051
GCN,151,0.95,17,0.0007001757621765137
GCN,151,0.95,18,0.005839169025421143
GCN,151,0.95,19,0.021400272846221924
GCN,151,1.05,0,-0.02017742395401001
GCN,151,1.05,1,0.008335530757904053
GCN,151,1.05,2,-0.01313471794128418
GCN,151,1.05,3,-0.008296787738800049
GCN,151,1.05,4,-0.004867434501647949
GCN,151,1.05,5,0.00573354959487915
GCN,151,1.05,6,0.007044196128845215
GCN,151,1.05,7,0.025622904300689697
GCN,151,1.05,8,0.019427001476287842
GCN,151,1.05,9,-0.00789487361907959
GCN,151,1.05,10,-0.016708314418792725
GCN,151,1.05,11,0.004118859767913818
GCN,151,1.05,12,-0.0018718838691711426
GCN,151,1.05,13,-0.00985497236251831
GCN,151,1.05,14,0.005411088466644287
GCN,151,1.05,15,0.005110442638397217
GCN,151,1.05,16,0.029885709285736084
GCN,151,1.05,17,0.010366380214691162
GCN,151,1.05,18,0.010797858238220215
GCN,151,1.05,19,0.0037497878074645996
GCN,156,0.95,0,-0.016194581985473633
GCN,156,0.95,1,-0.001983165740966797
GCN,156,0.95,2,-0.012348651885986328
GCN,156,0.95,3,-0.004916548728942871
GCN,156,0.95,4,-0.023355960845947266
GCN,156,0.95,5,0.00760728120803833
GCN,156,0.95,6,-0.0005251765251159668
GCN,156,0.95,7,-0.010954618453979492
GCN,156,0.95,8,-0.0019000768661499023
GCN,156,0.95,9,0.01579439640045166
GCN,156,0.95,10,0.010133147239685059
GCN,156,0.95,11,0.015952587127685547
GCN,156,0.95,12,-0.0036665797233581543
GCN,156,0.95,13,-0.0006038546562194824
GCN,156,0.95,14,-0.012117505073547363
GCN,156,0.95,15,0.005354762077331543
GCN,156,0.95,16,-0.015938162803649902
GCN,156,0.95,17,-0.016707301139831543
GCN,156,0.95,18,0.0012589097023010254
GCN,156,0.95,19,0.005784273147583008
GCN,156,1.05,0,0.0077435970306396484
GCN,156,1.05,1,-0.002441883087158203
GCN,156,1.05,2,-0.011343955993652344
GCN,156,1.05,3,0.01034623384475708
GCN,156,1.05,4,-0.015793561935424805
GCN,156,1.05,5,0.003034830093383789
GCN,156,1.05,6,-0.002160012722015381
GCN,156,1.05,7,0.015406906604766846
GCN,156,1.05,8,0.0019865036010742188
GCN,156,1.05,9,-0.001744985580444336
GCN,156,1.05,10,0.01483088731765747
GCN,156,1.05,11,0.0007696747779846191
GCN,156,1.05,12,-0.009682178497314453
GCN,156,1.05,13,-0.01028299331665039
GCN,156,1.05,14,0.010104179382324219
GCN,156,1.05,15,0.016097664833068848
GCN,156,1.05,16,0.0007216930389404297
GCN,156,1.05,17,-0.0018432140350341797
GCN,156,1.05,18,-0.010322034358978271
GCN,156,1.05,19,0.006002902984619141
GCN,162,0.95,0,0.019136369228363037
GCN,162,0.95,1,0.0052866339683532715
GCN,162,0.95,2,-0.011248528957366943
GCN,162,0.95,3,-0.00639420747756958
GCN,162,0.95,4,0.015963613986968994
GCN,162,0.95,5,0.012144148349761963
GCN,162,0.95,6,0.00015789270401000977
GCN,162,0.95,7,0.0027999281883239746
GCN,162,0.95,8,0.000728905200958252
GCN,162,0.95,9,0.0019955039024353027
GCN,162,0.95,10,0.0033999085426330566
GCN,162,0.95,11,0.015130281448364258
GCN,162,0.95,12,-0.03034597635269165
GCN,162,0.95,13,-0.023319542407989502
GCN,162,0.95,14,0.005018055438995361
GCN,162,0.95,15,0.005717456340789795
GCN,162,0.95,16,-0.007881879806518555
GCN,162,0.95,17,-0.006665229797363281
GCN,162,0.95,18,-0.013263225555419922
GCN,162,0.95,19,-0.01749110221862793
GCN,162,1.05,0,0.016519546508789062
GCN,162,1.05,1,0.022666215896606445
GCN,162,1.05,2,-0.001499474048614502
GCN,162,1.05,3,0.005397617816925049
GCN,162,1.05,4,-0.020150601863861084
GCN,162,1.05,5,-0.00796431303024292
GCN,162,1.05,6,-0.0050844550132751465
GCN,162,1.05,7,-0.006902635097503662
GCN,162,1.05,8,0.0037181973457336426
GCN,162,1.05,9,-0.01300281286239624
GCN,162,1.05,10,0.013390839099884033
GCN,162,1.05,11,3.147125244140625e-05
GCN,162,1.05,12,0.02288609743118286
GCN,162,1.05,13,-0.01974087953567505
GCN,162,1.05,14,0.012939214706420898
GCN,162,1.05,15,0.014487683773040771
GCN,162,1.05,16,0.007704794406890869
GCN,162,1.05,17,0.002536296844482422
GCN,162,1.05,18,-0.028000295162200928
GCN,162,1.05,19,-0.008989274501800537
GCN,178,0.95,0,-0.010899335145950317
GCN,178,0.95,1,0.010021954774856567
GCN,178,0.95,2,-0.0007500648498535156
GCN,178,0.95,3,-0.007562950253486633
GCN,178,0.95,4,-0.0008550286293029785
GCN,178,0.95,5,0.007566094398498535
GCN,178,0.95,6,0.0022440552711486816
GCN,178,0.95,7,0.00594666600227356
GCN,178,0.95,8,-0.0009846687316894531
GCN,178,0.95,9,-0.0076401084661483765
GCN,178,0.95,10,-0.00027742981910705566
GCN,178,0.95,11,0.004514724016189575
GCN,178,0.95,12,0.002799510955810547
GCN,178,0.95,13,-0.011319130659103394
GCN,178,0.95,14,-0.002614647150039673
GCN,178,0.95,15,-0.0014876127243041992
GCN,178,0.95,16,0.008627653121948242
GCN,178,0.95,17,-0.0026134252548217773
GCN,178,0.95,18,-0.00039267539978027344
GCN,178,0.95,19,0.0012549161911010742
GCN,178,1.05,0,0.005291789770126343
GCN,178,1.05,1,0.0009723305702209473
GCN,178,1.05,2,0.0045964717864990234
GCN,178,1.05,3,0.002008497714996338
GCN,178,1.05,4,-0.003018796443939209
GCN,178,1.05,5,0.0001995563507080078
GCN,178,1.05,6,0.006626695394515991
GCN,178,1.05,7,-0.006893441081047058
GCN,178,1.05,8,-0.006376698613166809
GCN,178,1.05,9,-0.0161532461643219
GCN,178,1.05,10,-0.005022123456001282
GCN,178,1.05,11,0.015192598104476929
GCN,178,1.05,12,-0.0010558366775512695
GCN,178,1.05,13,0.009303092956542969
GCN,178,1.05,14,0.01627179980278015
GCN,178,1.05,15,-0.0015634596347808838
GCN,178,1.05,16,-0.0023726820945739746
GCN,178,1.05,17,0.0040513575077056885
GCN,178,1.05,18,0.0054559409618377686
GCN,178,1.05,19,0.006206601858139038
GCN,179,0.95,0,0.0037929415702819824
GCN,179,0.95,1,0.011148571968078613
GCN,179,0.95,2,-0.00029546022415161133
GCN,179,0.95,3,0.010859668254852295
GCN,179,0.95,4,-0.000512540340423584
GCN,179,0.95,5,0.010245025157928467
GCN,179,0.95,6,-0.002753615379333496
GCN,179,0.95,7,-0.004297792911529541
GCN,179,0.95,8,0.01493847370147705
GCN,179,0.95,9,-0.002880871295928955
GCN,179,0.95,10,-0.01017904281616211
GCN,179,0.95,11,0.008869767189025879
GCN,179,0.95,12,0.014203250408172607
GCN,179,0.95,13,0.009401500225067139
GCN,179,0.95,14,0.012829899787902832
GCN,179,0.95,15,-0.011989414691925049
GCN,179,0.95,16,0.00276106595993042
GCN,179,0.95,17,0.0147627592086792
GCN,179,0.95,18,-0.0031331777572631836
GCN,179,0.95,19,0.014591991901397705
GCN,179,1.05,0,-0.01946854591369629
GCN,179,1.05,1,-0.0003088712692260742
GCN,179,1.05,2,0.013272762298583984
GCN,179,1.05,3,-5.8770179748535156e-05
GCN,179,1.05,4,0.008749186992645264
GCN,179,1.05,5,0.02265608310699463
GCN,179,1.05,6,-0.002690434455871582
GCN,179,1.05,7,0.0015361309051513672
GCN,179,1.05,8,0.013363242149353027
GCN,179,1.05,9,0.023133933544158936
GCN,179,1.05,10,0.001672208309173584
GCN,179,1.05,11,0.008730173110961914
GCN,179,1.05,12,0.00732111930847168
GCN,179,1.05,13,0.003954529762268066
GCN,179,1.05,14,-0.0006269216537475586
GCN,179,1.05,15,-0.015636563301086426
GCN,179,1.05,16,0.01967453956604004
GCN,179,1.05,17,-0.01891881227493286
GCN,179,1.05,18,-0.001713395118713379
GCN,179,1.05,19,-0.00469362735748291
GCN,22,0.95,0,0.011297851800918579
GCN,22,0.95,1,-0.018278121948242188
GCN,22,0.95,2,0.007817745208740234
GCN,22,0.95,3,0.00905686616897583
GCN,22,0.95,4,0.01755550503730774
GCN,22,0.95,5,-0.020126789808273315
GCN,22,0.95,6,-0.015966147184371948
GCN,22,0.95,7,0.014222323894500732
GCN,22,0.95,8,-7.784366607666016e-05
GCN,22,0.95,9,-0.012952059507369995
GCN,22,0.95,10,0.026552826166152954
GCN,22,0.95,11,0.006356775760650635
GCN,22,0.95,12,0.03260675072669983
GCN,22,0.95,13,0.01755884289741516
GCN,22,0.95,14,0.006783664226531982
GCN,22,0.95,15,-0.015611052513122559
GCN,22,0.95,16,-0.01315838098526001
GCN,22,0.95,17,0.012335538864135742
GCN,22,0.95,18,0.02016448974609375
GCN,22,0.95,19,-0.005317896604537964
GCN,22,1.05,0,0.01319211721420288
GCN,22,1.05,1,0.01579582691192627
GCN,22,1.05,2,-0.01794534921646118
GCN,22,1.05,3,-0.019469022750854492
GCN,22,1.05,4,-0.01648104190826416
GCN,22,1.05,5,-0.012275993824005127
GCN,22,1.05,6,-0.005404293537139893
GCN,22,1.05,7,0.018720388412475586
GCN,22,1.05,8,-0.0016154050827026367
GCN,22,1.05,9,0.004912436008453369
GCN,22,1.05,10,-0.00891384482383728
GCN,22,1.05,11,-0.0025950074195861816
GCN,22,1.05,12,0.006904184818267822
GCN,22,1.05,13,-0.018237173557281494
GCN,22,1.05,14,0.006533563137054443
GCN,22,1.05,15,0.009447813034057617
GCN,22,1.05,16,0.027437478303909302
GCN,22,1.05,17,-0.016429901123046875
GCN,22,1.05,18,-0.008522331714630127
GCN,22,1.05,19,0.0023863613605499268
GCN,33,0.95,0,-0.01020878553390503
GCN,33,0.95,1,0.001153111457824707
GCN,33,0.95,2,0.006343424320220947
GCN,33,0.95,3,0.001026242971420288
GCN,33,0.95,4,-0.005450040102005005
GCN,33,0.95,5,-0.003237992525100708
GCN,33,0.95,6,-0.0022371411323547363
GCN,33,0.95,7,0.02376115322113037
GCN,33,0.95,8,-0.00657227635383606
GCN,33,0.95,9,0.004244178533554077
GCN,33,0.95,10,-0.006382644176483154
GCN,33,0.95,11,0.006311386823654175
GCN,33,0.95,12,0.0037369728088378906
GCN,33,0.95,13,-0.011642277240753174
GCN,33,0.95,14,-0.0014896988868713379
GCN,33,0.95,15,-0.01131349802017212
GCN,33,0.95,16,-0.007047533988952637
GCN,33,0.95,17,0.010904669761657715
GCN,33,0.95,18,0.01624429225921631
GCN,33,0.95,19,-0.007114768028259277
GCN,33,1.05,0,0.004896223545074463
GCN,33,1.05,1,-0.017061620950698853
GCN,33,1.05,2,0.008209913969039917
GCN,33,1.05,3,-0.0009287595748901367
GCN,33,1.05,4,0.007341116666793823
GCN,33,1.05,5,-0.007803618907928467
GCN,33,1.05,6,-0.004349648952484131
GCN,33,1.05,7,0.01344919204711914
GCN,33,1.05,8,-0.006397038698196411
GCN,33,1.05,9,-0.005343586206436157
GCN,33,1.05,10,0.0010834336280822754
GCN,33,1.05,11,-0.010887384414672852
GCN,33,1.05,12,-0.013754427433013916
GCN,33,1.05,13,0.002605259418487549
GCN,33,1.05,14,0.01627427339553833
GCN,33,1.05,15,0.005550354719161987
GCN,33,1.05,16,0.010130047798156738
GCN,33,1.05,17,-0.0022255778312683105
GCN,33,1.05,18,0.008924335241317749
GCN,33,1.05,19,-0.0003154575824737549
GCN,54,0.95,0,0.012248963117599487
GCN,54,0.95,1,0.009946882724761963
GCN,54,0.95,2,0.0028007030487060547
GCN,54,0.95,3,-0.002946525812149048
GCN,54,0.95,4,0.004446953535079956
GCN,54,0.95,5,0.009097784757614136
GCN,54,0.95,6,-0.007849007844924927
GCN,54,0.95,7,0.017569273710250854
GCN,54,0.95,8,0.018044590950012207
GCN,54,0.95,9,-0.012934386730194092
GCN,54,0.95,10,0.021635472774505615
GCN,54,0.95,11,-0.007513821125030518
GCN,54,0.95,12,0.005397200584411621
GCN,54,0.95,13,-0.0003643333911895752
GCN,54,0.95,14,-0.018808960914611816
GCN,54,0.95,15,0.010591089725494385
GCN,54,0.95,16,0.024303674697875977
GCN,54,0.95,17,0.014760375022888184
GCN,54,0.95,18,0.018607109785079956
GCN,54,0.95,19,0.021121740341186523
GCN,54,1.05,0,0.018623769283294678
GCN,54,1.05,1,4.738569259643555e-05
GCN,54,1.05,2,0.002975761890411377
GCN,54,1.05,3,0.01464146375656128
GCN,54,1.05,4,0.012046217918395996
GCN,54,1.05,5,-0.013682425022125244
GCN,54,1.05,6,0.007617950439453125
GCN,54,1.05,7,-0.019466549158096313
GCN,54,1.05,8,0.00012442469596862793
GCN,54,1.05,9,0.0023315846920013428
GCN,54,1.05,10,0.013077229261398315
GCN,54,1.05,11,0.007306337356567383
GCN,54,1.05,12,-0.015417337417602539
GCN,54,1.05,13,0.014004439115524292
GCN,54,1.05,14,-0.012772917747497559
GCN,54,1.05,15,-0.015162944793701172
GCN,54,1.05,16,-0.0068382322788238525
GCN,54,1.05,17,-0.019638776779174805
GCN,54,1.05,18,0.0014497637748718262
GCN,54,1.05,19,-0.0033231377601623535
GCN,56,0.95,0,-0.003928184509277344
GCN,56,0.95,1,0.010942354798316956
GCN,56,0.95,2,0.008651748299598694
GCN,56,0.95,3,-0.0028035342693328857
GCN,56,0.95,4,0.003260493278503418
GCN,56,0.95,5,0.005076795816421509
GCN,56,0.95,6,0.0037570595741271973
GCN,56,0.95,7,0.003495529294013977
GCN,56,0.95,8,-0.003669917583465576
GCN,56,0.95,9,-0.00749516487121582
GCN,56,0.95,10,0.00031998753547668457
GCN,56,0.95,11,-0.011340826749801636
GCN,56,0.95,12,-0.006587564945220947
GCN,56,0.95,13,-0.000810474157333374
GCN,56,0.95,14,-0.0026870667934417725
GCN,56,0.95,15,-0.0044731199741363525
GCN,56,0.95,16,-0.00876113772392273
GCN,56,0.95,17,0.003344118595123291
GCN,56,0.95,18,0.010931149125099182
GCN,56,0.95,19,0.0027465373277664185
GCN,56,1.05,0,0.0013091564178466797
GCN,56,1.05,1,0.0008958578109741211
GCN,56,1.05,2,-0.0035794973373413086
GCN,56,1.05,3,-0.00703100860118866
GCN,56,1.05,4,0.006756633520126343
GCN,56,1.05,5,0.0031504034996032715
GCN,56,1.05,6,-0.0009796619415283203
GCN,56,1.05,7,0.0015654265880584717
GCN,56,1.05,8,-0.002211332321166992
GCN,56,1.05,9,0.006087362766265869
GCN,56,1.05,10,0.0024694502353668213
GCN,56,1.05,11,-0.0023588985204696655
GCN,56,1.05,12,-0.00045709311962127686
GCN,56,1.05,13,0.012052923440933228
GCN,56,1.05,14,0.00932765007019043
GCN,56,1.05,15,-0.006526455283164978
GCN,56,1.05,16,0.00512540340423584
GCN,56,1.05,17,0.002348974347114563
GCN,56,1.05,18,-0.009027719497680664
GCN,56,1.05,19,-0.006406471133232117
GCN,58,0.95,0,-0.012165963649749756
GCN,58,0.95,1,-0.008183807134628296
GCN,58,0.95,2,0.0040288567543029785
GCN,58,0.95,3,0.008169680833816528
GCN,58,0.95,4,0.0019230842590332031
GCN,58,0.95,5,0.006888896226882935
GCN,58,0.95,6,-0.00982588529586792
GCN,58,0.95,7,-0.00972089171409607
GCN,58,0.95,8,0.011437058448791504
GCN,58,0.95,9,-0.002248823642730713
GCN,58,0.95,10,0.010410010814666748
GCN,58,0.95,11,0.012718021869659424
GCN,58,0.95,12,0.0008016228675842285
GCN,58,0.95,13,0.0033541321754455566
GCN,58,0.95,14,-0.002627849578857422
GCN,58,0.95,15,-0.008350461721420288
GCN,58,0.95,16,-0.014999598264694214
GCN,58,0.95,17,0.003103911876678467
GCN,58,0.95,18,-0.004693925380706787
GCN,58,0.95,19,0.007126331329345703
GCN,58,1.05,0,-0.0005712509155273438
GCN,58,1.05,1,0.0033285915851593018
GCN,58,1.05,2,-0.006713807582855225
GCN,58,1.05,3,0.004588276147842407
GCN,58,1.05,4,0.0015806257724761963
GCN,58,1.05,5,-0.006388038396835327
GCN,58,1.05,6,0.0006876587867736816
GCN,58,1.05,7,-0.004923105239868164
GCN,58,1.05,8,0.0008849203586578369
GCN,58,1.05,9,-0.017071783542633057
GCN,58,1.05,10,-0.007417023181915283
GCN,58,1.05,11,0.009089261293411255
GCN,58,1.05,12,0.002272367477416992
GCN,58,1.05,13,0.018872082233428955
GCN,58,1.05,14,0.009863436222076416
GCN,58,1.05,15,-0.00906062126159668
GCN,58,1.05,16,-0.0012669265270233154
GCN,58,1.05,17,-0.014649927616119385
GCN,58,1.05,18,-0.006852239370346069
GCN,58,1.05,19,0.00022852420806884766
GCN,59,0.95,0,-0.01373434066772461
GCN,59,0.95,1,0.010336160659790039
GCN,59,0.95,2,0.010498762130737305
GCN,59,0.95,3,0.01581287384033203
GCN,59,0.95,4,-0.0020906925201416016
GCN,59,0.95,5,0.015488266944885254
GCN,59,0.95,6,-0.008934319019317627
GCN,59,0.95,7,0.000538945198059082
GCN,59,0.95,8,0.004990994930267334
GCN,59,0.95,9,-0.0020328164100646973
GCN,59,0.95,10,-0.006817460060119629
GCN,59,0.95,11,0.010194063186645508
GCN,59,0.95,12,-0.0028273463249206543
GCN,59,0.95,13,-0.009397149085998535
GCN,59,0.95,14,-0.00746569037437439
GCN,59,0.95,15,-0.006233572959899902
GCN,59,0.95,16,-0.008185923099517822
GCN,59,0.95,17,0.012173891067504883
GCN,59,0.95,18,-0.009911954402923584
GCN,59,0.95,19,0.003203749656677246
GCN,59,1.05,0,0.0008165836334228516
GCN,59,1.05,1,0.0010833740234375
GCN,59,1.05,2,0.0015371441841125488
GCN,59,1.05,3,0.002339780330657959
GCN,59,1.05,4,0.011842966079711914
GCN,59,1.05,5,-0.011976122856140137
GCN,59,1.05,6,0.009649336338043213
GCN,59,1.05,7,-0.0018908381462097168
GCN,59,1.05,8,-0.013655513525009155
GCN,59,1.05,9,0.00015658140182495117
GCN,59,1.05,10,0.0044387876987457275
GCN,59,1.05,11,0.0020551681518554688
GCN,59,1.05,12,0.00746840238571167
GCN,59,1.05,13,-0.004070162773132324
GCN,59,1.05,14,-0.01114499568939209
GCN,59,1.05,15,-0.011125326156616211
GCN,59,1.05,16,0.0036541223526000977
GCN,59,1.05,17,-0.0027998387813568115
GCN,59,1.05,18,0.003975778818130493
GCN,59,1.05,19,0.004327118396759033
GCN,7,0.95,0,-0.00690913200378418
GCN,7,0.95,1,-0.004949003458023071
GCN,7,0.95,2,-0.0029793083667755127
GCN,7,0.95,3,-0.0012413263320922852
GCN,7,0.95,4,0.000821530818939209
GCN,7,0.95,5,-0.00035184621810913086
GCN,7,0.95,6,-0.005279332399368286
GCN,7,0.95,7,-0.008612751960754395
GCN,7,0.95,8,0.0025246143341064453
GCN,7,0.95,9,-0.0010354816913604736
GCN,7,0.95,10,-0.012287884950637817
GCN,7,0.95,11,-0.004031956195831299
GCN,7,0.95,12,-0.002627432346343994
GCN,7,0.95,13,-0.0032400190830230713
GCN,7,0.95,14,0.0053209662437438965
GCN,7,0.95,15,0.005797713994979858
GCN,7,0.95,16,-0.0046163201332092285
GCN,7,0.95,17,-0.003545224666595459
GCN,7,0.95,18,-0.0006164610385894775
GCN,7,0.95,19,-0.0032664835453033447
GCN,7,1.05,0,-0.0067865848541259766
GCN,7,1.05,1,-0.00456547737121582
GCN,7,1.05,2,-0.007022172212600708
GCN,7,1.05,3,-0.011064678430557251
GCN,7,1.05,4,0.012103885412216187
GCN,7,1.05,5,-0.0037986338138580322
GCN,7,1.05,6,0.006269395351409912
GCN,7,1.05,7,0.012556731700897217
GCN,7,1.05,8,-0.003551006317138672
GCN,7,1.05,9,-0.005654573440551758
GCN,7,1.05,10,0.005064666271209717
GCN,7,1.05,11,0.0005296170711517334
GCN,7,1.05,12,0.006264686584472656
GCN,7,1.05,13,-0.0023581087589263916
GCN,7,1.05,14,-0.01166921854019165
GCN,7,1.05,15,0.0014768242835998535
GCN,7,1.05,16,0.005823075771331787
GCN,7,1.05,17,0.0075279176235198975
GCN,7,1.05,18,0.012085050344467163
GCN,7,1.05,19,0.010153621435165405
GCN,87,0.95,0,0.00026997923851013184
GCN,87,0.95,1,-0.004286676645278931
GCN,87,0.95,2,0.00447767972946167
GCN,87,0.95,3,0.003140658140182495
GCN,87,0.95,4,0.012036889791488647
GCN,87,0.95,5,0.013727962970733643
GCN,87,0.95,6,-0.010622024536132812
GCN,87,0.95,7,-0.0019499361515045166
GCN,87,0.95,8,0.013600647449493408
GCN,87,0.95,9,-0.005528360605239868
GCN,87,0.95,10,0.0017224550247192383
GCN,87,0.95,11,-0.00014609098434448242
GCN,87,0.95,12,-0.0018930435180664062
GCN,87,0.95,13,-0.005088388919830322
GCN,87,0.95,14,-0.000835716724395752
GCN,87,0.95,15,-0.005958735942840576
GCN,87,0.95,16,0.00860750675201416
GCN,87,0.95,17,-0.0027434229850769043
GCN,87,0.95,18,-0.011591970920562744
GCN,87,0.95,19,-0.0005311071872711182
GCN,87,1.05,0,0.0012216269969940186
GCN,87,1.05,1,0.005548238754272461
GCN,87,1.05,2,0.00011476874351501465
GCN,87,1.05,3,0.0012653768062591553
GCN,87,1.05,4,-0.0033809244632720947
GCN,87,1.05,5,-0.0017856359481811523
GCN,87,1.05,6,0.0024213790893554688
GCN,87,1.05,7,0.0026485323905944824
GCN,87,1.05,8,0.0009728372097015381
GCN,87,1.05,9,-0.008413702249526978
GCN,87,1.05,10,0.012564599514007568
GCN,87,1.05,11,0.006910175085067749
GCN,87,1.05,12,0.007436156272888184
GCN,87,1.05,13,-0.006132990121841431
GCN,87,1.05,14,0.0031961798667907715
GCN,87,1.05,15,0.015049159526824951
GCN,87,1.05,16,0.002552330493927002
GCN,87,1.05,17,0.003166794776916504
GCN,87,1.05,18,-0.00892341136932373
GCN,87,1.05,19,0.0045427680015563965
GCN,9,0.95,0,-0.03209608793258667
GCN,9,0.95,1,-0.02894449234008789
GCN,9,0.95,2,0.0011251568794250488
GCN,9,0.95,3,0.029213011264801025
GCN,9,0.95,4,0.010776638984680176
GCN,9,0.95,5,-0.023339569568634033
GCN,9,0.95,6,-0.03162151575088501
GCN,9,0.95,7,-0.022578418254852295
GCN,9,0.95,8,-0.023783206939697266
GCN,9,0.95,9,0.02055126428604126
GCN,9,0.95,10,0.0035280585289001465
GCN,9,0.95,11,-0.010811388492584229
GCN,9,0.95,12,0.02505028247833252
GCN,9,0.95,13,-0.011612355709075928
GCN,9,0.95,14,-0.009597063064575195
GCN,9,0.95,15,0.002011418342590332
GCN,9,0.95,16,-0.013284385204315186
GCN,9,0.95,17,-0.0030484795570373535
GCN,9,0.95,18,-0.0030696988105773926
GCN,9,0.95,19,-0.012087762355804443
GCN,9,1.05,0,-0.008261024951934814
GCN,9,1.05,1,-0.0021837949752807617
GCN,9,1.05,2,0.004888772964477539
GCN,9,1.05,3,-0.020693957805633545
GCN,9,1.05,4,-0.007191777229309082
GCN,9,1.05,5,0.003567993640899658
GCN,9,1.05,6,-0.008939206600189209
GCN,9,1.05,7,0.018421947956085205
GCN,9,1.05,8,0.010205447673797607
GCN,9,1.05,9,0.023363769054412842
GCN,9,1.05,10,-0.009924650192260742
GCN,9,1.05,11,-0.002971172332763672
GCN,9,1.05,12,-0.017349064350128174
GCN,9,1.05,13,0.004519164562225342
GCN,9,1.05,14,0.018351376056671143
GCN,9,1.05,15,-0.007021963596343994
GCN,9,1.05,16,0.01805490255355835
GCN,9,1.05,17,0.012963056564331055
GCN,9,1.05,18,-0.00029861927032470703
GCN,9,1.05,19,0.008528590202331543
GraphSAGE,101,0.95,0,0.0020602047443389893
GraphSAGE,101,0.95,1,0.013792306184768677
GraphSAGE,101,0.95,2,0.00439608097076416
GraphSAGE,101,0.95,3,0.0014449357986450195
GraphSAGE,101,0.95,4,-0.00214231014251709
GraphSAGE,101,0.95,5,0.0010497868061065674
GraphSAGE,101,0.95,6,0.004066526889801025
GraphSAGE,101,0.95,7,-0.00897333025932312
GraphSAGE,101,0.95,8,0.00197640061378479
GraphSAGE,101,0.95,9,0.01334121823310852
GraphSAGE,101,0.95,10,0.011730343103408813
GraphSAGE,101,0.95,11,0.004461914300918579
GraphSAGE,101,0.95,12,-0.0011088252067565918
GraphSAGE,101,0.95,13,-0.010333389043807983
GraphSAGE,101,0.95,14,0.0004980862140655518
GraphSAGE,101,0.95,15,0.0042991042137146
GraphSAGE,101,0.95,16,0.016517311334609985
GraphSAGE,101,0.95,17,0.00235593318939209
GraphSAGE,101,0.95,18,0.01077568531036377
GraphSAGE,101,0.95,19,0.006489396095275879
GraphSAGE,101,1.05,0,0.011978060007095337
GraphSAGE,101,1.05,1,0.0058616697788238525
GraphSAGE,101,1.05,2,-0.0003916919231414795
GraphSAGE,101,1.05,3,0.005850255489349365
GraphSAGE,101,1.05,4,-0.00021702051162719727
GraphSAGE,101,1.05,5,0.007234841585159302
GraphSAGE,101,1.05,6,-0.010848164558410645
GraphSAGE,101,1.05,7,-0.009055554866790771
GraphSAGE,101,1.05,8,0.005664139986038208
GraphSAGE,101,1.05,9,-0.0011211633682250977
GraphSAGE,101,1.05,10,0.004103928804397583
GraphSAGE,101,1.05,11,-0.003926128149032593
GraphSAGE,101,1.05,12,0.009437382221221924
GraphSAGE,101,1.05,13,-0.012866854667663574
GraphSAGE,101,1.05,14,-0.004375666379928589
GraphSAGE,101,1.05,15,-0.01795777678489685
GraphSAGE,101,1.05,16,0.009033232927322388
GraphSAGE,101,1.05,17,-0.009115219116210938
GraphSAGE,101,1.05,18,0.0028224289417266846
GraphSAGE,101,1.05,19,0.006018936634063721
GraphSAGE,102,0.95,0,-6.74128532409668e-05
GraphSAGE,102,0.95,1,0.006041467189788818
GraphSAGE,102,0.95,2,-0.0018767714500427246
GraphSAGE,102,0.95,3,-0.0041800737380981445
GraphSAGE,102,0.95,4,0.00029844045639038086
GraphSAGE,102,0.95,5,-0.017061829566955566
GraphSAGE,102,0.95,6,-0.011723041534423828
GraphSAGE,102,0.95,7,1.5914440155029297e-05
GraphSAGE,102,0.95,8,-0.006864726543426514
GraphSAGE,102,0.95,9,-0.00013566017150878906
GraphSAGE,102,0.95,10,-0.0064067840576171875
GraphSAGE,102,0.95,11,0.0065288543701171875
GraphSAGE,102,0.95,12,0.0142594575881958
GraphSAGE,102,0.95,13,0.02123737335205078
GraphSAGE,102,0.95,14,-0.0006055831909179688
GraphSAGE,102,0.95,15,0.00886005163192749
GraphSAGE,102,0.95,16,-0.015037298202514648
GraphSAGE,102,0.95,17,-0.008270621299743652
GraphSAGE,102,0.95,18,-0.003995656967163086
GraphSAGE,102,0.95,19,0.020137488842010498
GraphSAGE,102,1.05,0,0.009338140487670898
GraphSAGE,102,1.05,1,-0.0167047381401062
GraphSAGE,102,1.05,2,0.019846200942993164
GraphSAGE,102,1.05,3,0.009407520294189453
GraphSAGE,102,1.05,4,0.01094907522201538
GraphSAGE,102,1.05,5,-0.004657268524169922
GraphSAGE,102,1.05,6,0.016719400882720947
GraphSAGE,102,1.05,7,-0.019348502159118652
GraphSAGE,102,1.05,8,-0.02073889970779419
GraphSAGE,102,1.05,9,-0.013360977172851562
GraphSAGE,102,1.05,10,0.0012774467468261719
GraphSAGE,102,1.05,11,-0.006772041320800781
GraphSAGE,102,1.05,12,0.016599416732788086
GraphSAGE,102,1.05,13,0.0045656561851501465
GraphSAGE,102,1.05,14,-0.009276628494262695
GraphSAGE,102,1.05,15,0.01499795913696289
GraphSAGE,102,1.05,16,-0.0059716105461120605
GraphSAGE,102,1.05,17,0.005151569843292236
GraphSAGE,102,1.05,18,-0.01129370927810669
GraphSAGE,102,1.05,19,-0.018507182598114014
GraphSAGE,106,0.95,0,0.010858237743377686
GraphSAGE,106,0.95,1,-0.007725954055786133
GraphSAGE,106,0.95,2,0.021869242191314697
GraphSAGE,106,0.95,3,0.005912303924560547
GraphSAGE,106,0.95,4,0.001453101634979248
GraphSAGE,106,0.95,5,-0.02677065134048462
GraphSAGE,106,0.95,6,-0.00040012598037719727
GraphSAGE,106,0.95,7,-0.018361985683441162
GraphSAGE,106,0.95,8,0.010747432708740234
GraphSAGE,106,0.95,9,0.016143321990966797
GraphSAGE,106,0.95,10,-0.02260226011276245
GraphSAGE,106,0.95,11,0.013578712940216064
GraphSAGE,106,0.95,12,-0.011273086071014404
GraphSAGE,106,0.95,13,-0.011065065860748291
GraphSAGE,106,0.95,14,0.00978630781173706
GraphSAGE,106,0.95,15,0.0025110840797424316
GraphSAGE,106,0.95,16,0.018110036849975586
GraphSAGE,106,0.95,17,0.014889061450958252
GraphSAGE,106,0.95,18,-0.005533993244171143
GraphSAGE,106,0.95,19,-0.003969967365264893
GraphSAGE,106,1.05,0,0.003929436206817627
GraphSAGE,106,1.05,1,-0.017634093761444092
GraphSAGE,106,1.05,2,0.009690582752227783
GraphSAGE,106,1.05,3,-0.013498365879058838
GraphSAGE,106,1.05,4,-0.010840892791748047
GraphSAGE,106,1.05,5,0.0025641322135925293
GraphSAGE,106,1.05,6,-0.015208959579467773
GraphSAGE,106,1.05,7,0.00458979606628418
GraphSAGE,106,1.05,8,-0.0052054524421691895
GraphSAGE,106,1.05,9,-0.0040076375007629395
GraphSAGE,106,1.05,10,0.0024692416191101074
GraphSAGE,106,1.05,11,0.002180755138397217
GraphSAGE,106,1.05,12,0.002958059310913086
GraphSAGE,106,1.05,13,-0.00018864870071411133
GraphSAGE,106,1.05,14,-0.013604938983917236
GraphSAGE,106,1.05,15,-0.021269559860229492
GraphSAGE,106,1.05,16,-0.0166739821434021
GraphSAGE,106,1.05,17,0.006237030029296875
GraphSAGE,106,1.05,18,0.007357299327850342
GraphSAGE,106,1.05,19,-0.021769464015960693
GraphSAGE,118,0.95,0,0.007170259952545166
GraphSAGE,118,0.95,1,0.009762585163116455
GraphSAGE,118,0.95,2,0.008333265781402588
GraphSAGE,118,0.95,3,0.00015538930892944336
GraphSAGE,118,0.95,4,-0.026878774166107178
GraphSAGE,118,0.95,5,-0.003247559070587158
GraphSAGE,118,0.95,6,-0.008789241313934326
GraphSAGE,118,0.95,7,0.005543410778045654
GraphSAGE,118,0.95,8,0.014406263828277588
GraphSAGE,118,0.95,9,-0.017938613891601562
GraphSAGE,118,0.95,10,-0.011131882667541504
GraphSAGE,118,0.95,11,-0.011647224426269531
GraphSAGE,118,0.95,12,0.011042118072509766
GraphSAGE,118,0.95,13,-0.02604621648788452
GraphSAGE,118,0.95,14,0.01948028802871704
GraphSAGE,118,0.95,15,0.011103332042694092
GraphSAGE,118,0.95,16,-0.017146170139312744
GraphSAGE,118,0.95,17,-0.02069234848022461
GraphSAGE,118,0.95,18,0.006260991096496582
GraphSAGE,118,0.95,19,0.014013946056365967
GraphSAGE,118,1.05,0,-0.011409997940063477
GraphSAGE,118,1.05,1,0.004635214805603027
GraphSAGE,118,1.05,2,-0.009796202182769775
GraphSAGE,118,1.05,3,0.0068299174308776855
GraphSAGE,118,1.05,4,-0.0005815625190734863
GraphSAGE,118,1.05,5,0.0015708208084106445
GraphSAGE,118,1.05,6,0.01623302698135376
GraphSAGE,118,1.05,7,0.009763240814208984
GraphSAGE,118,1.05,8,-0.0037068724632263184
GraphSAGE,118,1.05,9,0.00992429256439209
GraphSAGE,118,1.05,10,0.00972670316696167
GraphSAGE,118,1.05,11,-0.01622551679611206
GraphSAGE,118,1.05,12,-0.0009688735008239746
GraphSAGE,118,1.05,13,-0.011182606220245361
GraphSAGE,118,1.05,14,-0.011910498142242432
GraphSAGE,118,1.05,15,0.010540664196014404
GraphSAGE,118,1.05,16,0.002540290355682373
GraphSAGE,118,1.05,17,0.006514132022857666
GraphSAGE,118,1.05,18,-0.006436824798583984
GraphSAGE,118,1.05,19,0.013810575008392334
GraphSAGE,120,0.95,0,-0.023943334817886353
GraphSAGE,120,0.95,1,-0.0026090145111083984
GraphSAGE,120,0.95,2,-0.015848666429519653
GraphSAGE,120,0.95,3,0.005570203065872192
GraphSAGE,120,0.95,4,-0.013635843992233276
GraphSAGE,120,0.95,5,0.011836260557174683
GraphSAGE,120,0.95,6,0.004242658615112305
GraphSAGE,120,0.95,7,0.018253087997436523
GraphSAGE,120,0.95,8,0.002968817949295044
GraphSAGE,120,0.95,9,0.012044340372085571
GraphSAGE,120,0.95,10,0.022622227668762207
GraphSAGE,120,0.95,11,-0.018168896436691284
GraphSAGE,120,0.95,12,0.01201629638671875
GraphSAGE,120,0.95,13,-0.024314075708389282
GraphSAGE,120,0.95,14,-0.028369992971420288
GraphSAGE,120,0.95,15,-0.02736690640449524
GraphSAGE,120,0.95,16,0.015631824731826782
GraphSAGE,120,0.95,17,0.0024117231369018555
GraphSAGE,120,0.95,18,-0.0082797110080719
GraphSAGE,120,0.95,19,0.035532146692276
GraphSAGE,120,1.05,0,0.028684765100479126
GraphSAGE,120,1.05,1,0.017680317163467407
GraphSAGE,120,1.05,2,0.00590631365776062
GraphSAGE,120,1.05,3,0.0327296257019043
GraphSAGE,120,1.05,4,-0.011812776327133179
GraphSAGE,120,1.05,5,-0.02204832434654236
GraphSAGE,120,1.05,6,0.022951245307922363
GraphSAGE,120,1.05,7,-0.007827013731002808
GraphSAGE,120,1.05,8,0.0058525800704956055
GraphSAGE,120,1.05,9,-0.0006959736347198486
GraphSAGE,120,1.05,10,0.01237514615058899
GraphSAGE,120,1.05,11,0.02110004425048828
GraphSAGE,120,1.05,12,0.014094263315200806
GraphSAGE,120,1.05,13,-0.016049891710281372
GraphSAGE,120,1.05,14,0.010211855173110962
GraphSAGE,120,1.05,15,-0.003429412841796875
GraphSAGE,120,1.05,16,0.009411543607711792
GraphSAGE,120,1.05,17,0.019345641136169434
GraphSAGE,120,1.05,18,-0.016397863626480103
GraphSAGE,120,1.05,19,-0.00654110312461853
GraphSAGE,124,0.95,0,0.00891578197479248
GraphSAGE,124,0.95,1,0.008704006671905518
GraphSAGE,124,0.95,2,0.0008810162544250488
GraphSAGE,124,0.95,3,0.0025432705879211426
GraphSAGE,124,0.95,4,0.008671820163726807
GraphSAGE,124,0.95,5,0.003161787986755371
GraphSAGE,124,0.95,6,-0.018820643424987793
GraphSAGE,124,0.95,7,0.01054006814956665
GraphSAGE,124,0.95,8,0.01219785213470459
GraphSAGE,124,0.95,9,-0.01894533634185791
GraphSAGE,124,0.95,10,0.013742148876190186
GraphSAGE,124,0.95,11,0.008622527122497559
GraphSAGE,124,0.95,12,-0.026566803455352783
GraphSAGE,124,0.95,13,-0.017683088779449463
GraphSAGE,124,0.95,14,0.0008706450462341309
GraphSAGE,124,0.95,15,-0.020643532276153564
GraphSAGE,124,0.95,16,-0.018977224826812744
GraphSAGE,124,0.95,17,-0.008559346199035645
GraphSAGE,124,0.95,18,-0.005203068256378174
GraphSAGE,124,0.95,19,-0.004858851432800293
GraphSAGE,124,1.05,0,-0.0026777982711791992
GraphSAGE,124,1.05,1,-0.006997883319854736
GraphSAGE,124,1.05,2,0.008148252964019775
GraphSAGE,124,1.05,3,0.020523428916931152
GraphSAGE,124,1.05,4,0.004697978496551514
GraphSAGE,124,1.05,5,0.005584418773651123
GraphSAGE,124,1.05,6,0.009913742542266846
GraphSAGE,124,1.05,7,-0.013717949390411377
GraphSAGE,124,1.05,8,-0.004206538200378418
GraphSAGE,124,1.05,9,0.024121582508087158
GraphSAGE,124,1.05,10,0.018923521041870117
GraphSAGE,124,1.05,11,-0.0008888840675354004
GraphSAGE,124,1.05,12,-0.014668107032775879
GraphSAGE,124,1.05,13,0.007838606834411621
GraphSAGE,124,1.05,14,0.0027170777320861816
GraphSAGE,124,1.05,15,-0.012400507926940918
GraphSAGE,124,1.05,16,0.009083807468414307
GraphSAGE,124,1.05,17,-0.0009894967079162598
GraphSAGE,124,1.05,18,0.0007412433624267578
GraphSAGE,124,1.05,19,-0.009320318698883057
GraphSAGE,132,0.95,0,-0.013746574521064758
GraphSAGE,132,0.95,1,-0.011834189295768738
GraphSAGE,132,0.95,2,-0.009349942207336426
GraphSAGE,132,0.95,3,0.009179875254631042
GraphSAGE,132,0.95,4,-0.007126286625862122
GraphSAGE,132,0.95,5,0.01234138011932373
GraphSAGE,132,0.95,6,0.0020714551210403442
GraphSAGE,132,0.95,7,-0.0015109330415725708
GraphSAGE,132,0.95,8,-0.0220157653093338
GraphSAGE,132,0.95,9,-0.015085101127624512
GraphSAGE,132,0.95,10,0.0011532902717590332
GraphSAGE,132,0.95,11,-0.009013906121253967
GraphSAGE,132,0.95,12,-0.011037752032279968
GraphSAGE,132,0.95,13,0.00814145803451538
GraphSAGE,132,0.95,14,0.0040567368268966675
GraphSAGE,132,0.95,15,-0.008379504084587097
GraphSAGE,132,0.95,16,0.012175843119621277
GraphSAGE,132,0.95,17,-0.0144730806350708
GraphSAGE,132,0.95,18,-0.0027545541524887085
GraphSAGE,132,0.95,19,-0.017967522144317627
GraphSAGE,132,1.05,0,-0.003266170620918274
GraphSAGE,132,1.05,1,-0.01020185649394989
GraphSAGE,132,1.05,2,-0.017009451985359192
GraphSAGE,132,1.05,3,0.006111130118370056
GraphSAGE,132,1.05,4,0.0027402639389038086
GraphSAGE,132,1.05,5,0.020514726638793945
GraphSAGE,132,1.05,6,-0.022012948989868164
GraphSAGE,132,1.05,7,0.0067822933197021484
GraphSAGE,132,1.05,8,-0.017780080437660217
GraphSAGE,132,1.05,9,0.004663050174713135
GraphSAGE,132,1.05,10,-0.0028767138719558716
GraphSAGE,132,1.05,11,0.010906830430030823
GraphSAGE,132,1.05,12,-0.003974989056587219
GraphSAGE,132,1.05,13,-0.003957077860832214
GraphSAGE,132,1.05,14,0.0003868192434310913
GraphSAGE,132,1.05,15,0.004256650805473328
GraphSAGE,132,1.05,16,0.0030640512704849243
GraphSAGE,132,1.05,17,0.015768766403198242
GraphSAGE,132,1.05,18,-0.004435822367668152
GraphSAGE,132,1.05,19,-0.021586298942565918
GraphSAGE,144,0.95,0,0.0024765729904174805
GraphSAGE,144,0.95,1,-0.0037325024604797363
GraphSAGE,144,0.95,2,-0.0004458427429199219
GraphSAGE,144,0.95,3,-0.0015249252319335938
GraphSAGE,144,0.95,4,-0.001240074634552002
GraphSAGE,144,0.95,5,0.0021278858184814453
GraphSAGE,144,0.95,6,0.002033412456512451
GraphSAGE,144,0.95,7,-0.004778861999511719
GraphSAGE,144,0.95,8,-0.0026689767837524414
GraphSAGE,144,0.95,9,-0.001230001449584961
GraphSAGE,144,0.95,10,-0.0008667707443237305
GraphSAGE,144,0.95,11,-0.0019341111183166504
GraphSAGE,144,0.95,12,0.00034606456756591797
GraphSAGE,144,0.95,13,0.0013087987899780273
GraphSAGE,144,0.95,14,0.002028346061706543
GraphSAGE,144,0.95,15,0.0002288818359375
GraphSAGE,144,0.95,16,0.002433955669403076
GraphSAGE,144,0.95,17,-0.0038505196571350098
GraphSAGE,144,0.95,18,-0.0013599395751953125
GraphSAGE,144,0.95,19,-0.002917051315307617
GraphSAGE,144,1.05,0,0.0020003318786621094
GraphSAGE,144,1.05,1,-0.0029107332229614258
GraphSAGE,144,1.05,2,0.0018090009689331055
GraphSAGE,144,1.05,3,-2.199411392211914e-05
GraphSAGE,144,1.05,4,0.0009660720825195312
GraphSAGE,144,1.05,5,0.0022749900817871094
GraphSAGE,144,1.05,6,0.0002791285514831543
GraphSAGE,144,1.05,7,-0.00035202503204345703
GraphSAGE,144,1.05,8,0.0034232139587402344
GraphSAGE,144,1.05,9,0.0013053417205810547
GraphSAGE,144,1.05,10,-0.0013533830642700195
GraphSAGE,144,1.05,11,0.00010192394256591797
GraphSAGE,144,1.05,12,-0.003946781158447266
GraphSAGE,144,1.05,13,0.002356410026550293
GraphSAGE,144,1.05,14,-0.004831433296203613
GraphSAGE,144,1.05,15,-0.004239380359649658
GraphSAGE,144,1.05,16,0.0022438764572143555
GraphSAGE,144,1.05,17,-1.5795230865478516e-05
GraphSAGE,144,1.05,18,-0.003681182861328125
GraphSAGE,144,1.05,19,-0.0007203221321105957
GraphSAGE,151,0.95,0,0.009906113147735596
GraphSAGE,151,0.95,1,0.005207657814025879
GraphSAGE,151,0.95,2,-0.0014804601669311523
GraphSAGE,151,0.95,3,-0.0036829710006713867
GraphSAGE,151,0.95,4,0.0009762048721313477
GraphSAGE,151,0.95,5,0.009651541709899902
GraphSAGE,151,0.95,6,-0.02406257390975952
GraphSAGE,151,0.95,7,0.012176036834716797
GraphSAGE,151,0.95,8,-0.0017754435539245605
GraphSAGE,151,0.95,9,-0.002761363983154297
GraphSAGE,151,0.95,10,-0.012623786926269531
GraphSAGE,151,0.95,11,-0.012525320053100586
GraphSAGE,151,0.95,12,0.006814002990722656
GraphSAGE,151,0.95,13,0.01119840145111084
GraphSAGE,151,0.95,14,-0.020366311073303223
GraphSAGE,151,0.95,15,0.000307619571685791
GraphSAGE,151,0.95,16,-0.02109891176223755
GraphSAGE,151,0.95,17,0.02066779136657715
GraphSAGE,151,0.95,18,0.0138627290725708
GraphSAGE,151,0.95,19,0.006247282028198242
GraphSAGE,151,1.05,0,0.020197033882141113
GraphSAGE,151,1.05,1,0.017006278038024902
GraphSAGE,151,1.05,2,0.023434996604919434
GraphSAGE,151,1.05,3,0.011238157749176025
GraphSAGE,151,1.05,4,-0.009148776531219482
GraphSAGE,151,1.05,5,-0.00928032398223877
GraphSAGE,151,1.05,6,-0.006027698516845703
GraphSAGE,151,1.05,7,0.021530985832214355
GraphSAGE,151,1.05,8,-0.012959182262420654
GraphSAGE,151,1.05,9,0.008269429206848145
GraphSAGE,151,1.05,10,-0.0067909955978393555
GraphSAGE,151,1.05,11,-0.006237506866455078
GraphSAGE,151,1.05,12,-0.009289145469665527
GraphSAGE,151,1.05,13,-0.018315911293029785
GraphSAGE,151,1.05,14,-0.015665531158447266
GraphSAGE,151,1.05,15,-0.005699336528778076
GraphSAGE,151,1.05,16,0.007334291934967041
GraphSAGE,151,1.05,17,0.02265721559524536
GraphSAGE,151,1.05,18,0.011343061923980713
GraphSAGE,151,1.05,19,-0.010075509548187256
GraphSAGE,156,0.95,0,0.007095158100128174
GraphSAGE,156,0.95,1,0.00814276933670044
GraphSAGE,156,0.95,2,-0.010073840618133545
GraphSAGE,156,0.95,3,0.005017876625061035
GraphSAGE,156,0.95,4,-0.010500609874725342
GraphSAGE,156,0.95,5,-0.009496569633483887
GraphSAGE,156,0.95,6,-0.012244224548339844
GraphSAGE,156,0.95,7,-0.00708925724029541
GraphSAGE,156,0.95,8,0.009270668029785156
GraphSAGE,156,0.95,9,0.011512279510498047
GraphSAGE,156,0.95,10,0.013701260089874268
GraphSAGE,156,0.95,11,-0.01676344871520996
GraphSAGE,156,0.95,12,-0.011816680431365967
GraphSAGE,156,0.95,13,0.01050269603729248
GraphSAGE,156,0.95,14,-0.0032422542572021484
GraphSAGE,156,0.95,15,-0.02167034149169922
GraphSAGE,156,0.95,16,0.00907355546951294
GraphSAGE,156,0.95,17,-0.009833812713623047
GraphSAGE,156,0.95,18,-0.0004462003707885742
GraphSAGE,156,0.95,19,-0.017383694648742676
GraphSAGE,156,1.05,0,-0.021060824394226074
GraphSAGE,156,1.05,1,0.0030584335327148438
GraphSAGE,156,1.05,2,-0.005976080894470215
GraphSAGE,156,1.05,3,-0.007290482521057129
GraphSAGE,156,1.05,4,-0.013061702251434326
GraphSAGE,156,1.05,5,-0.0008189082145690918
GraphSAGE,156,1.05,6,-0.014957129955291748
GraphSAGE,156,1.05,7,0.016201317310333252
GraphSAGE,156,1.05,8,0.005926609039306641
GraphSAGE,156,1.05,9,0.01725327968597412
GraphSAGE,156,1.05,10,0.014329910278320312
GraphSAGE,156,1.05,11,-0.009522438049316406
GraphSAGE,156,1.05,12,-0.006211459636688232
GraphSAGE,156,1.05,13,-0.007121264934539795
GraphSAGE,156,1.05,14,-0.002136826515197754
GraphSAGE,156,1.05,15,-0.010528802871704102
GraphSAGE,156,1.05,16,0.015694618225097656
GraphSAGE,156,1.05,17,-0.0031005144119262695
GraphSAGE,156,1.05,18,-0.004758715629577637
GraphSAGE,156,1.05,19,0.00922924280166626
GraphSAGE,162,0.95,0,0.009851217269897461
GraphSAGE,162,0.95,1,-0.024074792861938477
GraphSAGE,162,0.95,2,-0.006770133972167969
GraphSAGE,162,0.95,3,0.012811720371246338
GraphSAGE,162,0.95,4,-0.0021649599075317383
GraphSAGE,162,0.95,5,0.012890100479125977
GraphSAGE,162,0.95,6,0.010625481605529785
GraphSAGE,162,0.95,7,0.005804657936096191
GraphSAGE,162,0.95,8,0.019948303699493408
GraphSAGE,162,0.95,9,-0.005973756313323975
GraphSAGE,162,0.95,10,-0.007349848747253418
GraphSAGE,162,0.95,11,0.005885660648345947
GraphSAGE,162,0.95,12,-0.005234718322753906
GraphSAGE,162,0.95,13,-0.007140398025512695
GraphSAGE,162,0.95,14,0.005314826965332031
GraphSAGE,162,0.95,15,-0.005746722221374512
GraphSAGE,162,0.95,16,0.01642662286758423
GraphSAGE,162,0.95,17,-0.0032999515533447266
GraphSAGE,162,0.95,18,0.015217423439025879
GraphSAGE,162,0.95,19,-0.025667846202850342
GraphSAGE,162,1.05,0,0.02014237642288208
GraphSAGE,162,1.05,1,0.025732100009918213
GraphSAGE,162,1.05,2,0.009054780006408691
GraphSAGE,162,1.05,3,-0.014507472515106201
GraphSAGE,162,1.05,4,-0.015783190727233887
GraphSAGE,162,1.05,5,0.022639095783233643
GraphSAGE,162,1.05,6,0.012584507465362549
GraphSAGE,162,1.05,7,-0.016242682933807373
GraphSAGE,162,1.05,8,-0.003578364849090576
GraphSAGE,162,1.05,9,-0.031086444854736328
GraphSAGE,162,1.05,10,-0.016481399536132812
GraphSAGE,162,1.05,11,-0.0029376745223999023
GraphSAGE,162,1.05,12,-0.012602686882019043
GraphSAGE,162,1.05,13,0.007521271705627441
GraphSAGE,162,1.05,14,0.022666454315185547
GraphSAGE,162,1.05,15,-0.006046712398529053
GraphSAGE,162,1.05,16,-0.01358485221862793
GraphSAGE,162,1.05,17,-0.009792327880859375
GraphSAGE,162,1.05,18,0.01976233720779419
GraphSAGE,162,1.05,19,0.015262842178344727
GraphSAGE,178,0.95,0,0.00912734866142273
GraphSAGE,178,0.95,1,0.01495140790939331
GraphSAGE,178,0.95,2,-0.0007281005382537842
GraphSAGE,178,0.95,3,0.013157904148101807
GraphSAGE,178,0.95,4,-0.0030467957258224487
GraphSAGE,178,0.95,5,-0.004969388246536255
GraphSAGE,178,0.95,6,0.0065000057220458984
GraphSAGE,178,0.95,7,-0.010527998208999634
GraphSAGE,178,0.95,8,-0.012997299432754517
GraphSAGE,178,0.95,9,0.0018248260021209717
GraphSAGE,178,0.95,10,0.009451210498809814
GraphSAGE,178,0.95,11,0.004273906350135803
GraphSAGE,178,0.95,12,-0.000376969575881958
GraphSAGE,178,0.95,13,0.006327882409095764
GraphSAGE,178,0.95,14,-0.010810405015945435
GraphSAGE,178,0.95,15,-0.00417974591255188
GraphSAGE,178,0.95,16,-0.0026863068342208862
GraphSAGE,178,0.95,17,0.0037826895713806152
GraphSAGE,178,0.95,18,0.009678244590759277
GraphSAGE,178,0.95,19,-0.015178114175796509
GraphSAGE,178,1.05,0,0.0030634552240371704
GraphSAGE,178,1.05,1,-0.009902387857437134
GraphSAGE,178,1.05,2,-0.009078547358512878
GraphSAGE,178,1.05,3,0.00017002224922180176
GraphSAGE,178,1.05,4,-0.011796355247497559
GraphSAGE,178,1.05,5,0.0007151961326599121
GraphSAGE,178,1.05,6,0.004318907856941223
GraphSAGE,178,1.05,7,0.013615071773529053
GraphSAGE,178,1.05,8,0.01152774691581726
GraphSAGE,178,1.05,9,0.009768098592758179
GraphSAGE,178,1.05,10,-0.009197205305099487
GraphSAGE,178,1.05,11,0.0010124146938323975
GraphSAGE,178,1.05,12,-0.0034017860889434814
GraphSAGE,178,1.05,13,-0.0031953901052474976
GraphSAGE,178,1.05,14,0.012256413698196411
GraphSAGE,178,1.05,15,-0.0003062784671783447
GraphSAGE,178,1.05,16,-0.011275053024291992
GraphSAGE,178,1.05,17,0.009250596165657043
GraphSAGE,178,1.05,18,0.0002632737159729004
GraphSAGE,178,1.05,19,0.0013138949871063232
GraphSAGE,179,0.95,0,0.011564493179321289
GraphSAGE,179,0.95,1,-0.006175577640533447
GraphSAGE,179,0.95,2,0.008394479751586914
GraphSAGE,179,0.95,3,0.0028708577156066895
GraphSAGE,179,0.95,4,-0.004498422145843506
GraphSAGE,179,0.95,5,-0.012174665927886963
GraphSAGE,179,0.95,6,0.01255863904953003
GraphSAGE,179,0.95,7,-0.00471574068069458
GraphSAGE,179,0.95,8,-0.018998324871063232
GraphSAGE,179,0.95,9,-0.013037502765655518
GraphSAGE,179,0.95,10,0.012457191944122314
GraphSAGE,179,0.95,11,-0.0034427642822265625
GraphSAGE,179,0.95,12,0.0013167858123779297
GraphSAGE,179,0.95,13,0.012150585651397705
GraphSAGE,179,0.95,14,-0.007259726524353027
GraphSAGE,179,0.95,15,-0.0015042424201965332
GraphSAGE,179,0.95,16,-0.002933800220489502
GraphSAGE,179,0.95,17,-0.008184313774108887
GraphSAGE,179,0.95,18,-0.018012583255767822
GraphSAGE,179,0.95,19,-0.0042746663093566895
GraphSAGE,179,1.05,0,0.002171337604522705
GraphSAGE,179,1.05,1,0.011103570461273193
GraphSAGE,179,1.05,2,-0.0020557045936584473
GraphSAGE,179,1.05,3,0.003392457962036133
GraphSAGE,179,1.05,4,0.004899799823760986
GraphSAGE,179,1.05,5,0.009024858474731445
GraphSAGE,179,1.05,6,-0.012712955474853516
GraphSAGE,179,1.05,7,-0.0009208321571350098
GraphSAGE,179,1.05,8,-0.006754517555236816
GraphSAGE,179,1.05,9,0.0010687708854675293
GraphSAGE,179,1.05,10,0.008008420467376709
GraphSAGE,179,1.05,11,0.009875357151031494
GraphSAGE,179,1.05,12,0.004051029682159424
GraphSAGE,179,1.05,13,0.003992259502410889
GraphSAGE,179,1.05,14,-0.00849616527557373
GraphSAGE,179,1.05,15,-0.01836949586868286
GraphSAGE,179,1.05,16,-0.006697177886962891
GraphSAGE,179,1.05,17,-0.005327045917510986
GraphSAGE,179,1.05,18,-0.0021834969520568848
GraphSAGE,179,1.05,19,0.010636508464813232
GraphSAGE,22,0.95,0,-0.010714590549468994
GraphSAGE,22,0.95,1,-0.025254786014556885
GraphSAGE,22,0.95,2,0.023632466793060303
GraphSAGE,22,0.95,3,-0.029647648334503174
GraphSAGE,22,0.95,4,-0.0007534325122833252
GraphSAGE,22,0.95,5,-0.0023590922355651855
GraphSAGE,22,0.95,6,-0.018509328365325928
GraphSAGE,22,0.95,7,0.011016607284545898
GraphSAGE,22,0.95,8,-0.004194319248199463
GraphSAGE,22,0.95,9,0.013637185096740723
GraphSAGE,22,0.95,10,0.011925429105758667
GraphSAGE,22,0.95,11,-0.02408987283706665
GraphSAGE,22,0.95,12,-0.0068021416664123535
GraphSAGE,22,0.95,13,0.00769004225730896
GraphSAGE,22,0.95,14,0.019453495740890503
GraphSAGE,22,0.95,15,-0.01604074239730835
GraphSAGE,22,0.95,16,0.010627120733261108
GraphSAGE,22,0.95,17,0.0028041303157806396
GraphSAGE,22,0.95,18,-0.005662381649017334
GraphSAGE,22,0.95,19,0.020862698554992676
GraphSAGE,22,1.05,0,0.0011605024337768555
GraphSAGE,22,1.05,1,0.01870638132095337
GraphSAGE,22,1.05,2,-0.0011324286460876465
GraphSAGE,22,1.05,3,-0.01456335186958313
GraphSAGE,22,1.05,4,0.029977023601531982
GraphSAGE,22,1.05,5,0.013882279396057129
GraphSAGE,22,1.05,6,0.002409905195236206
GraphSAGE,22,1.05,7,-0.004335552453994751
GraphSAGE,22,1.05,8,0.003031611442565918
GraphSAGE,22,1.05,9,-0.015875041484832764
GraphSAGE,22,1.05,10,0.009573161602020264
GraphSAGE,22,1.05,11,-0.0030497312545776367
GraphSAGE,22,1.05,12,-0.011469125747680664
GraphSAGE,22,1.05,13,-0.0023450851440429688
GraphSAGE,22,1.05,14,-0.022512495517730713
GraphSAGE,22,1.05,15,-0.007744014263153076
GraphSAGE,22,1.05,16,-0.012548476457595825
GraphSAGE,22,1.05,17,0.00852745771408081
GraphSAGE,22,1.05,18,0.001638650894165039
GraphSAGE,22,1.05,19,-0.007491022348403931
GraphSAGE,33,0.95,0,-0.001993894577026367
GraphSAGE,33,0.95,1,0.011553734540939331
GraphSAGE,33,0.95,2,-0.0012524127960205078
GraphSAGE,33,0.95,3,0.0015262961387634277
GraphSAGE,33,0.95,4,0.02575060725212097
GraphSAGE,33,0.95,5,-0.008665144443511963
GraphSAGE,33,0.95,6,0.011758387088775635
GraphSAGE,33,0.95,7,0.008990764617919922
GraphSAGE,33,0.95,8,0.007742583751678467
GraphSAGE,33,0.95,9,0.028550684452056885
GraphSAGE,33,0.95,10,0.01739346981048584
GraphSAGE,33,0.95,11,-0.015878915786743164
GraphSAGE,33,0.95,12,-0.02067062258720398
GraphSAGE,33,0.95,13,-0.010274887084960938
GraphSAGE,33,0.95,14,-0.0005668401718139648
GraphSAGE,33,0.95,15,0.002897202968597412
GraphSAGE,33,0.95,16,0.018372267484664917
GraphSAGE,33,0.95,17,-0.012183457612991333
GraphSAGE,33,0.95,18,0.010243624448776245
GraphSAGE,33,0.95,19,0.012947142124176025
GraphSAGE,33,1.05,0,-0.00759926438331604
GraphSAGE,33,1.05,1,0.024004876613616943
GraphSAGE,33,1.05,2,-0.005601823329925537
GraphSAGE,33,1.05,3,0.012031495571136475
GraphSAGE,33,1.05,4,-0.0032273530960083008
GraphSAGE,33,1.05,5,0.0063665807247161865
GraphSAGE,33,1.05,6,-0.011235147714614868
GraphSAGE,33,1.05,7,-0.007057696580886841
GraphSAGE,33,1.05,8,-0.005310684442520142
GraphSAGE,33,1.05,9,-0.0054094791412353516
GraphSAGE,33,1.05,10,-0.013935267925262451
GraphSAGE,33,1.05,11,0.019505023956298828
GraphSAGE,33,1.05,12,-0.0015774369239807129
GraphSAGE,33,1.05,13,-0.014219731092453003
GraphSAGE,33,1.05,14,0.008850276470184326
GraphSAGE,33,1.05,15,-0.01821315288543701
GraphSAGE,33,1.05,16,0.015417933464050293
GraphSAGE,33,1.05,17,-0.004850894212722778
GraphSAGE,33,1.05,18,0.011458247900009155
GraphSAGE,33,1.05,19,-0.010455936193466187
GraphSAGE,54,0.95,0,-0.02307906746864319
GraphSAGE,54,0.95,1,-0.027673333883285522
GraphSAGE,54,0.95,2,0.03164619207382202
GraphSAGE,54,0.95,3,-0.02882888913154602
GraphSAGE,54,0.95,4,-0.01675829291343689
GraphSAGE,54,0.95,5,-0.00930902361869812
GraphSAGE,54,0.95,6,1.4901161193847656e-06
GraphSAGE,54,0.95,7,0.00263407826423645
GraphSAGE,54,0.95,8,0.02685844898223877
GraphSAGE,54,0.95,9,0.014164358377456665
GraphSAGE,54,0.95,10,0.012432843446731567
GraphSAGE,54,0.95,11,0.005622416734695435
GraphSAGE,54,0.95,12,-0.016822993755340576
GraphSAGE,54,0.95,13,-0.008531957864761353
GraphSAGE,54,0.95,14,0.014491498470306396
GraphSAGE,54,0.95,15,0.01580396294593811
GraphSAGE,54,0.95,16,-0.002385050058364868
GraphSAGE,54,0.95,17,0.0029858946800231934
GraphSAGE,54,0.95,18,0.0355701744556427
GraphSAGE,54,0.95,19,-0.009237110614776611
GraphSAGE,54,1.05,0,0.016909688711166382
GraphSAGE,54,1.05,1,0.028903990983963013
GraphSAGE,54,1.05,2,0.01441851258277893
GraphSAGE,54,1.05,3,0.006724685430526733
GraphSAGE,54,1.05,4,0.008810371160507202
GraphSAGE,54,1.05,5,0.005058258771896362
GraphSAGE,54,1.05,6,0.007516294717788696
GraphSAGE,54,1.05,7,-0.015311092138290405
GraphSAGE,54,1.05,8,-0.0009152889251708984
GraphSAGE,54,1.05,9,-0.013231784105300903
GraphSAGE,54,1.05,10,-2.5659799575805664e-05
GraphSAGE,54,1.05,11,0.01981779932975769
GraphSAGE,54,1.05,12,-0.003974705934524536
GraphSAGE,54,1.05,13,-0.006888657808303833
GraphSAGE,54,1.05,14,0.01814448833465576
GraphSAGE,54,1.05,15,0.020043224096298218
GraphSAGE,54,1.05,16,0.004631549119949341
GraphSAGE,54,1.05,17,-0.017803817987442017
GraphSAGE,54,1.05,18,-0.02177932858467102
GraphSAGE,54,1.05,19,-0.026169508695602417
GraphSAGE,56,0.95,0,0.002511553466320038
GraphSAGE,56,0.95,1,0.0005110651254653931
GraphSAGE,56,0.95,2,-0.005840107798576355
GraphSAGE,56,0.95,3,0.006015017628669739
GraphSAGE,56,0.95,4,-0.0036259591579437256
GraphSAGE,56,0.95,5,0.007097683846950531
GraphSAGE,56,0.95,6,-0.006560921669006348
GraphSAGE,56,0.95,7,0.004295907914638519
GraphSAGE,56,0.95,8,-0.003149069845676422
GraphSAGE,56,0.95,9,-0.010049737989902496
GraphSAGE,56,0.95,10,0.007750473916530609
GraphSAGE,56,0.95,11,0.004239283502101898
GraphSAGE,56,0.95,12,-0.01301562786102295
GraphSAGE,56,0.95,13,-0.000548139214515686
GraphSAGE,56,0.95,14,-0.002859868109226227
GraphSAGE,56,0.95,15,-0.0011456608772277832
GraphSAGE,56,0.95,16,-0.0023252665996551514
GraphSAGE,56,0.95,17,-0.004740811884403229
GraphSAGE,56,0.95,18,-0.0002266615629196167
GraphSAGE,56,0.95,19,-0.008175075054168701
GraphSAGE,56,1.05,0,-0.0022170841693878174
GraphSAGE,56,1.05,1,0.001599535346031189
GraphSAGE,56,1.05,2,-0.007541544735431671
GraphSAGE,56,1.05,3,-0.005272537469863892
GraphSAGE,56,1.05,4,0.003131859004497528
GraphSAGE,56,1.05,5,-0.006434038281440735
GraphSAGE,56,1.05,6,-0.005811460316181183
GraphSAGE,56,1.05,7,-0.006031610071659088
GraphSAGE,56,1.05,8,-0.004440382122993469
GraphSAGE,56,1.05,9,-0.0059450045228004456
GraphSAGE,56,1.05,10,-0.005851641297340393
GraphSAGE,56,1.05,11,-0.0006207078695297241
GraphSAGE,56,1.05,12,-0.0003840699791908264
GraphSAGE,56,1.05,13,0.006228499114513397
GraphSAGE,56,1.05,14,-0.0012985244393348694
GraphSAGE,56,1.05,15,0.007381856441497803
GraphSAGE,56,1.05,16,-0.000822409987449646
GraphSAGE,56,1.05,17,0.006636165082454681
GraphSAGE,56,1.05,18,-0.0044094473123550415
GraphSAGE,56,1.05,19,0.012098453938961029
GraphSAGE,58,0.95,0,0.0017279386520385742
GraphSAGE,58,0.95,1,-0.016956359148025513
GraphSAGE,58,0.95,2,-0.01100972294807434
GraphSAGE,58,0.95,3,-0.0022224783897399902
GraphSAGE,58,0.95,4,0.00944221019744873
GraphSAGE,58,0.95,5,-0.004322171211242676
GraphSAGE,58,0.95,6,0.012821733951568604
GraphSAGE,58,0.95,7,-0.013293206691741943
GraphSAGE,58,0.95,8,-0.010622859001159668
GraphSAGE,58,0.95,9,0.01428326964378357
GraphSAGE,58,0.95,10,0.001129448413848877
GraphSAGE,58,0.95,11,-0.00017398595809936523
GraphSAGE,58,0.95,12,-0.006128251552581787
GraphSAGE,58,0.95,13,0.011932909488677979
GraphSAGE,58,0.95,14,0.021370381116867065
GraphSAGE,58,0.95,15,0.004727184772491455
GraphSAGE,58,0.95,16,0.012595653533935547
GraphSAGE,58,0.95,17,-0.005195647478103638
GraphSAGE,58,0.95,18,-0.00959041714668274
GraphSAGE,58,0.95,19,0.007611393928527832
GraphSAGE,58,1.05,0,0.004622995853424072
GraphSAGE,58,1.05,1,0.007485806941986084
GraphSAGE,58,1.05,2,0.0031366944313049316
GraphSAGE,58,1.05,3,-0.01441347599029541
GraphSAGE,58,1.05,4,0.005155771970748901
GraphSAGE,58,1.05,5,0.002936065196990967
GraphSAGE,58,1.05,6,-0.010660529136657715
GraphSAGE,58,1.05,7,-0.001033186912536621
GraphSAGE,58,1.05,8,0.0025346875190734863
GraphSAGE,58,1.05,9,0.02331024408340454
GraphSAGE,58,1.05,10,-0.003628373146057129
GraphSAGE,58,1.05,11,-0.009957104921340942
GraphSAGE,58,1.05,12,0.013360917568206787
GraphSAGE,58,1.05,13,0.0013927221298217773
GraphSAGE,58,1.05,14,0.019043326377868652
GraphSAGE,58,1.05,15,0.0025354623794555664
GraphSAGE,58,1.05,16,0.003893345594406128
GraphSAGE,58,1.05,17,0.010302364826202393
GraphSAGE,58,1.05,18,-0.007795512676239014
GraphSAGE,58,1.05,19,-0.010310947895050049
GraphSAGE,59,0.95,0,-0.01015499234199524
GraphSAGE,59,0.95,1,-0.00021600723266601562
GraphSAGE,59,0.95,2,0.01288384199142456
GraphSAGE,59,0.95,3,0.005324453115463257
GraphSAGE,59,0.95,4,-0.00533062219619751
GraphSAGE,59,0.95,5,0.019433706998825073
GraphSAGE,59,0.95,6,-0.0003371238708496094
GraphSAGE,59,0.95,7,-0.008883029222488403
GraphSAGE,59,0.95,8,0.0036084353923797607
GraphSAGE,59,0.95,9,0.00904989242553711
GraphSAGE,59,0.95,10,0.0016044080257415771
GraphSAGE,59,0.95,11,0.010428845882415771
GraphSAGE,59,0.95,12,-0.0006409287452697754
GraphSAGE,59,0.95,13,0.0032025277614593506
GraphSAGE,59,0.95,14,0.01409989595413208
GraphSAGE,59,0.95,15,-0.011190354824066162
GraphSAGE,59,0.95,16,0.008424460887908936
GraphSAGE,59,0.95,17,0.00949019193649292
GraphSAGE,59,0.95,18,0.003064483404159546
GraphSAGE,59,0.95,19,-0.00914907455444336
GraphSAGE,59,1.05,0,-0.005149126052856445
GraphSAGE,59,1.05,1,0.006391853094100952
GraphSAGE,59,1.05,2,-0.0008875429630279541
GraphSAGE,59,1.05,3,0.004056990146636963
GraphSAGE,59,1.05,4,-0.007059961557388306
GraphSAGE,59,1.05,5,-0.007296830415725708
GraphSAGE,59,1.05,6,-0.0021634697914123535
GraphSAGE,59,1.05,7,-0.0003822445869445801
GraphSAGE,59,1.05,8,-0.009896069765090942
GraphSAGE,59,1.05,9,0.01717531681060791
GraphSAGE,59,1.05,10,0.0038073062896728516
GraphSAGE,59,1.05,11,-0.00593256950378418
GraphSAGE,59,1.05,12,0.0006732940673828125
GraphSAGE,59,1.05,13,-0.006466984748840332
GraphSAGE,59,1.05,14,0.009233951568603516
GraphSAGE,59,1.05,15,-0.003430396318435669
GraphSAGE,59,1.05,16,-0.00543445348739624
GraphSAGE,59,1.05,17,-0.008488297462463379
GraphSAGE,59,1.05,18,0.0008159875869750977
GraphSAGE,59,1.05,19,0.010140657424926758
GraphSAGE,7,0.95,0,-0.0017051398754119873
GraphSAGE,7,0.95,1,-0.005056947469711304
GraphSAGE,7,0.95,2,-0.0015137195587158203
GraphSAGE,7,0.95,3,-0.0017764568328857422
GraphSAGE,7,0.95,4,-0.006509840488433838
GraphSAGE,7,0.95,5,-0.0025715231895446777
GraphSAGE,7,0.95,6,-0.001035153865814209
GraphSAGE,7,0.95,7,0.0016339421272277832
GraphSAGE,7,0.95,8,0.006046950817108154
GraphSAGE,7,0.95,9,0.0025538504123687744
GraphSAGE,7,0.95,10,-0.0052863359451293945
GraphSAGE,7,0.95,11,0.0035969316959381104
GraphSAGE,7,0.95,12,0.004488170146942139
GraphSAGE,7,0.95,13,-0.004532516002655029
GraphSAGE,7,0.95,14,-0.004429757595062256
GraphSAGE,7,0.95,15,0.003485739231109619
GraphSAGE,7,0.95,16,-0.00033360719680786133
GraphSAGE,7,0.95,17,-0.0038458704948425293
GraphSAGE,7,0.95,18,0.002676069736480713
GraphSAGE,7,0.95,19,-0.002725660800933838
GraphSAGE,7,1.05,0,-0.00026154518127441406
GraphSAGE,7,1.05,1,-0.0058772265911102295
GraphSAGE,7,1.05,2,-0.0037502646446228027
GraphSAGE,7,1.05,3,0.0005177557468414307
GraphSAGE,7,1.05,4,0.00012123584747314453
GraphSAGE,7,1.05,5,0.0038916468620300293
GraphSAGE,7,1.05,6,0.0029135048389434814
GraphSAGE,7,1.05,7,-0.00028392672538757324
GraphSAGE,7,1.05,8,0.006014734506607056
GraphSAGE,7,1.05,9,-0.0018467605113983154
GraphSAGE,7,1.05,10,0.0010901987552642822
GraphSAGE,7,1.05,11,0.005006968975067139
GraphSAGE,7,1.05,12,0.001892000436782837
GraphSAGE,7,1.05,13,-0.005032062530517578
GraphSAGE,7,1.05,14,-0.00010737776756286621
GraphSAGE,7,1.05,15,0.0026611685752868652
GraphSAGE,7,1.05,16,-0.003124058246612549
GraphSAGE,7,1.05,17,-0.00044482946395874023
GraphSAGE,7,1.05,18,-0.0001989305019378662
GraphSAGE,7,1.05,19,-0.0061911046504974365
GraphSAGE,87,0.95,0,0.008271217346191406
GraphSAGE,87,0.95,1,0.011202514171600342
GraphSAGE,87,0.95,2,0.004692256450653076
GraphSAGE,87,0.95,3,-0.009744912385940552
GraphSAGE,87,0.95,4,0.008540868759155273
GraphSAGE,87,0.95,5,-0.00042691826820373535
GraphSAGE,87,0.95,6,-0.004119306802749634
GraphSAGE,87,0.95,7,-0.004883080720901489
GraphSAGE,87,0.95,8,0.004923582077026367
GraphSAGE,87,0.95,9,0.0003275275230407715
GraphSAGE,87,0.95,10,-0.0007258057594299316
GraphSAGE,87,0.95,11,0.0032015442848205566
GraphSAGE,87,0.95,12,-0.000731050968170166
GraphSAGE,87,0.95,13,0.0028566718101501465
GraphSAGE,87,0.95,14,-0.002270042896270752
GraphSAGE,87,0.95,15,0.003960549831390381
GraphSAGE,87,0.95,16,-0.00350835919380188
GraphSAGE,87,0.95,17,-0.012425661087036133
GraphSAGE,87,0.95,18,-0.0015613138675689697
GraphSAGE,87,0.95,19,0.003269404172897339
GraphSAGE,87,1.05,0,-0.014991700649261475
GraphSAGE,87,1.05,1,0.0007425546646118164
GraphSAGE,87,1.05,2,-0.009023010730743408
GraphSAGE,87,1.05,3,-0.0045500993728637695
GraphSAGE,87,1.05,4,-0.0027637779712677
GraphSAGE,87,1.05,5,0.013639867305755615
GraphSAGE,87,1.05,6,0.01728898286819458
GraphSAGE,87,1.05,7,-0.00024956464767456055
GraphSAGE,87,1.05,8,-0.004468709230422974
GraphSAGE,87,1.05,9,0.006197154521942139
GraphSAGE,87,1.05,10,-0.002629309892654419
GraphSAGE,87,1.05,11,-0.004816204309463501
GraphSAGE,87,1.05,12,-0.002731621265411377
GraphSAGE,87,1.05,13,0.00039833784103393555
GraphSAGE,87,1.05,14,-0.005363047122955322
GraphSAGE,87,1.05,15,-1.0162591934204102e-05
GraphSAGE,87,1.05,16,-0.0005863308906555176
GraphSAGE,87,1.05,17,-0.003415048122406006
GraphSAGE,87,1.05,18,0.0010664165019989014
GraphSAGE,87,1.05,19,-0.014841318130493164
GraphSAGE,9,0.95,0,0.014186382293701172
GraphSAGE,9,0.95,1,-0.00954824686050415
GraphSAGE,9,0.95,2,0.017593562602996826
GraphSAGE,9,0.95,3,-0.006270885467529297
GraphSAGE,9,0.95,4,0.009062230587005615
GraphSAGE,9,0.95,5,0.009657621383666992
GraphSAGE,9,0.95,6,-0.0030081868171691895
GraphSAGE,9,0.95,7,0.006064414978027344
GraphSAGE,9,0.95,8,-0.008581876754760742
GraphSAGE,9,0.95,9,0.019053637981414795
GraphSAGE,9,0.95,10,-0.018063127994537354
GraphSAGE,9,0.95,11,-0.016728758811950684
GraphSAGE,9,0.95,12,0.007379293441772461
GraphSAGE,9,0.95,13,0.031672775745391846
GraphSAGE,9,0.95,14,0.00832664966583252
GraphSAGE,9,0.95,15,-0.015022218227386475
GraphSAGE,9,0.95,16,-0.004544556140899658
GraphSAGE,9,0.95,17,-0.01006460189819336
GraphSAGE,9,0.95,18,-0.009704828262329102
GraphSAGE,9,0.95,19,0.02027839422225952
GraphSAGE,9,1.05,0,0.007085859775543213
GraphSAGE,9,1.05,1,0.010832011699676514
GraphSAGE,9,1.05,2,-0.010937154293060303
GraphSAGE,9,1.05,3,-0.017809152603149414
GraphSAGE,9,1.05,4,0.006917476654052734
GraphSAGE,9,1.05,5,0.03297799825668335
GraphSAGE,9,1.05,6,-0.030290603637695312
GraphSAGE,9,1.05,7,0.004549741744995117
GraphSAGE,9,1.05,8,0.018256664276123047
GraphSAGE,9,1.05,9,-0.003944754600524902
GraphSAGE,9,1.05,10,0.009292542934417725
GraphSAGE,9,1.05,11,-0.0115433931350708
GraphSAGE,9,1.05,12,-0.023227274417877197
GraphSAGE,9,1.05,13,0.00432276725769043
GraphSAGE,9,1.05,14,-0.03923606872558594
GraphSAGE,9,1.05,15,0.035706162452697754
GraphSAGE,9,1.05,16,0.009036064147949219
GraphSAGE,9,1.05,17,0.01304173469543457
GraphSAGE,9,1.05,18,-0.008466839790344238
GraphSAGE,9,1.05,19,0.008294522762298584
GATv2,101,0.95,0,0.0012059509754180908
GATv2,101,0.95,1,-0.009047716856002808
GATv2,101,0.95,2,0.0015944242477416992
GATv2,101,0.95,3,-0.008113622665405273
GATv2,101,0.95,4,-0.0030965209007263184
GATv2,101,0.95,5,0.01051795482635498
GATv2,101,0.95,6,0.010736823081970215
GATv2,101,0.95,7,-0.0042945146560668945
GATv2,101,0.95,8,0.00945591926574707
GATv2,101,0.95,9,-0.01977655291557312
GATv2,101,0.95,10,-0.009835779666900635
GATv2,101,0.95,11,0.004975080490112305
GATv2,101,0.95,12,-0.007413685321807861
GATv2,101,0.95,13,-0.006776541471481323
GATv2,101,0.95,14,0.004920154809951782
GATv2,101,0.95,15,-0.003682255744934082
GATv2,101,0.95,16,-0.016226142644882202
GATv2,101,0.95,17,0.0059570372104644775
GATv2,101,0.95,18,-0.011659711599349976
GATv2,101,0.95,19,0.019256174564361572
GATv2,101,1.05,0,0.006533265113830566
GATv2,101,1.05,1,-0.0035527944564819336
GATv2,101,1.05,2,0.006644517183303833
GATv2,101,1.05,3,-0.004402726888656616
GATv2,101,1.05,4,0.002485215663909912
GATv2,101,1.05,5,0.0019151568412780762
GATv2,101,1.05,6,-0.0007491707801818848
GATv2,101,1.05,7,-0.010022759437561035
GATv2,101,1.05,8,0.010268360376358032
GATv2,101,1.05,9,-0.013329744338989258
GATv2,101,1.05,10,-0.002930581569671631
GATv2,101,1.05,11,-0.004250943660736084
GATv2,101,1.05,12,-0.013256043195724487
GATv2,101,1.05,13,-0.002955496311187744
GATv2,101,1.05,14,-0.020155012607574463
GATv2,101,1.05,15,-0.006475538015365601
GATv2,101,1.05,16,0.008589684963226318
GATv2,101,1.05,17,-0.008847445249557495
GATv2,101,1.05,18,0.012692928314208984
GATv2,101,1.05,19,-0.01234346628189087
GATv2,102,0.95,0,-0.008013725280761719
GATv2,102,0.95,1,-0.0003682374954223633
GATv2,102,0.95,2,-0.011999428272247314
GATv2,102,0.95,3,-0.015294849872589111
GATv2,102,0.95,4,-0.01935720443725586
GATv2,102,0.95,5,-0.0006402730941772461
GATv2,102,0.95,6,0.014731228351593018
GATv2,102,0.95,7,-0.016591548919677734
GATv2,102,0.95,8,-0.003663003444671631
GATv2,102,0.95,9,-0.01377415657043457
GATv2,102,0.95,10,0.016413867473602295
GATv2,102,0.95,11,-0.0018277168273925781
GATv2,102,0.95,12,0.005805671215057373
GATv2,102,0.95,13,0.005535483360290527
GATv2,102,0.95,14,-0.0010644197463989258
GATv2,102,0.95,15,0.0023168325424194336
GATv2,102,0.95,16,0.0034621357917785645
GATv2,102,0.95,17,0.01645350456237793
GATv2,102,0.95,18,-0.011921525001525879
GATv2,102,0.95,19,-0.006466269493103027
GATv2,102,1.05,0,0.009820699691772461
GATv2,102,1.05,1,-0.01445305347442627
GATv2,102,1.05,2,-0.002131521701812744
GATv2,102,1.05,3,-0.012349426746368408
GATv2,102,1.05,4,0.004728496074676514
GATv2,102,1.05,5,0.0034024715423583984
GATv2,102,1.05,6,-0.009847879409790039
GATv2,102,1.05,7,0.0012673139572143555
GATv2,102,1.05,8,0.01177448034286499
GATv2,102,1.05,9,0.005238652229309082
GATv2,102,1.05,10,-0.00816035270690918
GATv2,102,1.05,11,-0.010141134262084961
GATv2,102,1.05,12,-0.009176790714263916
GATv2,102,1.05,13,-0.0034819841384887695
GATv2,102,1.05,14,0.01548224687576294
GATv2,102,1.05,15,0.01499021053314209
GATv2,102,1.05,16,-0.0016818046569824219
GATv2,102,1.05,17,0.003708958625793457
GATv2,102,1.05,18,0.004490971565246582
GATv2,102,1.05,19,0.007070720195770264
GATv2,106,0.95,0,-0.013611555099487305
GATv2,106,0.95,1,-0.007392406463623047
GATv2,106,0.95,2,-0.002792060375213623
GATv2,106,0.95,3,0.01567816734313965
GATv2,106,0.95,4,-0.013594627380371094
GATv2,106,0.95,5,0.013271212577819824
GATv2,106,0.95,6,-0.012846946716308594
GATv2,106,0.95,7,-0.004978597164154053
GATv2,106,0.95,8,-0.010238409042358398
GATv2,106,0.95,9,0.012424349784851074
GATv2,106,0.95,10,-5.8531761169433594e-05
GATv2,106,0.95,11,-0.0069928765296936035
GATv2,106,0.95,12,-0.010221600532531738
GATv2,106,0.95,13,0.015844404697418213
GATv2,106,0.95,14,0.002145528793334961
GATv2,106,0.95,15,0.0009329319000244141
GATv2,106,0.95,16,0.006636202335357666
GATv2,106,0.95,17,-0.0011730790138244629
GATv2,106,0.95,18,-0.009277105331420898
GATv2,106,0.95,19,0.0123671293258667
GATv2,106,1.05,0,0.0014046430587768555
GATv2,106,1.05,1,-0.020533978939056396
GATv2,106,1.05,2,-0.0027687549591064453
GATv2,106,1.05,3,0.002219557762145996
GATv2,106,1.05,4,-0.004630029201507568
GATv2,106,1.05,5,-1.1920928955078125e-07
GATv2,106,1.05,6,0.0017822980880737305
GATv2,106,1.05,7,-0.003990530967712402
GATv2,106,1.05,8,-0.007606029510498047
GATv2,106,1.05,9,0.00999140739440918
GATv2,106,1.05,10,0.002831757068634033
GATv2,106,1.05,11,-0.013874173164367676
GATv2,106,1.05,12,0.007323801517486572
GATv2,106,1.05,13,-0.01388925313949585
GATv2,106,1.05,14,-0.011667072772979736
GATv2,106,1.05,15,-0.0043184757232666016
GATv2,106,1.05,16,-0.0040934085845947266
GATv2,106,1.05,17,0.0012766718864440918
GATv2,106,1.05,18,-0.007134437561035156
GATv2,106,1.05,19,0.011876106262207031
GATv2,118,0.95,0,0.005075037479400635
GATv2,118,0.95,1,-0.00805598497390747
GATv2,118,0.95,2,-0.005504131317138672
GATv2,118,0.95,3,0.006476759910583496
GATv2,118,0.95,4,-0.00587993860244751
GATv2,118,0.95,5,-0.005568563938140869
GATv2,118,0.95,6,-0.004046797752380371
GATv2,118,0.95,7,-0.012538433074951172
GATv2,118,0.95,8,0.009131073951721191
GATv2,118,0.95,9,0.007873296737670898
GATv2,118,0.95,10,-0.00387728214263916
GATv2,118,0.95,11,-0.00025844573974609375
GATv2,118,0.95,12,-0.004429936408996582
GATv2,118,0.95,13,0.011169791221618652
GATv2,118,0.95,14,0.014327287673950195
GATv2,118,0.95,15,0.01249915361404419
GATv2,118,0.95,16,0.0024734139442443848
GATv2,118,0.95,17,-0.0046689510345458984
GATv2,118,0.95,18,-0.00865781307220459
GATv2,118,0.95,19,0.0003872513771057129
GATv2,118,1.05,0,0.008693337440490723
GATv2,118,1.05,1,-0.00885087251663208
GATv2,118,1.05,2,-0.0017071366310119629
GATv2,118,1.05,3,-0.0034848451614379883
GATv2,118,1.05,4,0.012432694435119629
GATv2,118,1.05,5,0.003598153591156006
GATv2,118,1.05,6,-0.005613446235656738
GATv2,118,1.05,7,-0.011397600173950195
GATv2,118,1.05,8,0.004382610321044922
GATv2,118,1.05,9,-0.0055397748947143555
GATv2,118,1.05,10,0.005825936794281006
GATv2,118,1.05,11,-0.00039201974868774414
GATv2,118,1.05,12,0.0013841986656188965
GATv2,118,1.05,13,0.0059577226638793945
GATv2,118,1.05,14,-0.009490132331848145
GATv2,118,1.05,15,0.008122742176055908
GATv2,118,1.05,16,0.010862171649932861
GATv2,118,1.05,17,0.006498992443084717
GATv2,118,1.05,18,0.008672535419464111
GATv2,118,1.05,19,-0.010064423084259033
GATv2,120,0.95,0,0.015831321477890015
GATv2,120,0.95,1,-0.00284653902053833
GATv2,120,0.95,2,-0.015554666519165039
GATv2,120,0.95,3,-0.00019419193267822266
GATv2,120,0.95,4,0.018612384796142578
GATv2,120,0.95,5,0.004015982151031494
GATv2,120,0.95,6,0.011830061674118042
GATv2,120,0.95,7,-0.006886780261993408
GATv2,120,0.95,8,0.005592048168182373
GATv2,120,0.95,9,0.005046069622039795
GATv2,120,0.95,10,-0.020804792642593384
GATv2,120,0.95,11,-0.005239129066467285
GATv2,120,0.95,12,0.005113571882247925
GATv2,120,0.95,13,-0.00837281346321106
GATv2,120,0.95,14,0.010054826736450195
GATv2,120,0.95,15,0.012489259243011475
GATv2,120,0.95,16,-0.01768815517425537
GATv2,120,0.95,17,0.0017807483673095703
GATv2,120,0.95,18,-0.011254101991653442
GATv2,120,0.95,19,0.002389758825302124
GATv2,120,1.05,0,-0.025718599557876587
GATv2,120,1.05,1,-0.01886811852455139
GATv2,120,1.05,2,0.0034332275390625
GATv2,120,1.05,3,-0.00933295488357544
GATv2,120,1.05,4,0.005678415298461914
GATv2,120,1.05,5,0.004887282848358154
GATv2,120,1.05,6,0.014040827751159668
GATv2,120,1.05,7,-0.007194101810455322
GATv2,120,1.05,8,-0.0035281479358673096
GATv2,120,1.05,9,-0.011429131031036377
GATv2,120,1.05,10,-0.0010454952716827393
GATv2,120,1.05,11,-0.0193178653717041
GATv2,120,1.05,12,0.0033530592918395996
GATv2,120,1.05,13,-0.0027382969856262207
GATv2,120,1.05,14,0.009388923645019531
GATv2,120,1.05,15,0.008246839046478271
GATv2,120,1.05,16,0.00409698486328125
GATv2,120,1.05,17,-0.0023446083068847656
GATv2,120,1.05,18,-0.007818520069122314
GATv2,120,1.05,19,0.014913320541381836
GATv2,124,0.95,0,0.0018681883811950684
GATv2,124,0.95,1,-0.0057981014251708984
GATv2,124,0.95,2,0.005178987979888916
GATv2,124,0.95,3,0.009538352489471436
GATv2,124,0.95,4,0.008675754070281982
GATv2,124,0.95,5,-0.003072023391723633
GATv2,124,0.95,6,0.003609776496887207
GATv2,124,0.95,7,-0.0038900375366210938
GATv2,124,0.95,8,-0.0010399818420410156
GATv2,124,0.95,9,-0.00837618112564087
GATv2,124,0.95,10,-0.0034532546997070312
GATv2,124,0.95,11,0.011323153972625732
GATv2,124,0.95,12,0.005453824996948242
GATv2,124,0.95,13,-0.0039196014404296875
GATv2,124,0.95,14,0.011459589004516602
GATv2,124,0.95,15,0.007830560207366943
GATv2,124,0.95,16,0.0025855302810668945
GATv2,124,0.95,17,-0.0023838281631469727
GATv2,124,0.95,18,0.001718759536743164
GATv2,124,0.95,19,-0.002309143543243408
GATv2,124,1.05,0,-0.011898934841156006
GATv2,124,1.05,1,-0.0065495967864990234
GATv2,124,1.05,2,0.001990973949432373
GATv2,124,1.05,3,0.002068161964416504
GATv2,124,1.05,4,0.009463071823120117
GATv2,124,1.05,5,0.000417172908782959
GATv2,124,1.05,6,0.002731919288635254
GATv2,124,1.05,7,-0.0031297802925109863
GATv2,124,1.05,8,0.016689717769622803
GATv2,124,1.05,9,-0.003947079181671143
GATv2,124,1.05,10,-0.0030738115310668945
GATv2,124,1.05,11,-0.012427687644958496
GATv2,124,1.05,12,-0.006534695625305176
GATv2,124,1.05,13,0.0016890764236450195
GATv2,124,1.05,14,-0.0009046196937561035
GATv2,124,1.05,15,0.0005666017532348633
GATv2,124,1.05,16,0.007620334625244141
GATv2,124,1.05,17,-0.012155890464782715
GATv2,124,1.05,18,0.009042203426361084
GATv2,124,1.05,19,-0.011955738067626953
GATv2,132,0.95,0,0.0019346773624420166
GATv2,132,0.95,1,-0.004956841468811035
GATv2,132,0.95,2,-0.01800006628036499
GATv2,132,0.95,3,-0.011879026889801025
GATv2,132,0.95,4,-0.016384392976760864
GATv2,132,0.95,5,0.006085902452468872
GATv2,132,0.95,6,0.018451064825057983
GATv2,132,0.95,7,0.0028175413608551025
GATv2,132,0.95,8,0.019052445888519287
GATv2,132,0.95,9,-0.011309027671813965
GATv2,132,0.95,10,0.011586666107177734
GATv2,132,0.95,11,0.005444377660751343
GATv2,132,0.95,12,0.00400996208190918
GATv2,132,0.95,13,-0.005428105592727661
GATv2,132,0.95,14,0.012240767478942871
GATv2,132,0.95,15,0.012076020240783691
GATv2,132,0.95,16,0.0025193393230438232
GATv2,132,0.95,17,-0.005605220794677734
GATv2,132,0.95,18,0.010694384574890137
GATv2,132,0.95,19,-0.006003886461257935
GATv2,132,1.05,0,0.0027733147144317627
GATv2,132,1.05,1,0.01321437954902649
GATv2,132,1.05,2,0.009392350912094116
GATv2,132,1.05,3,0.00015050172805786133
GATv2,132,1.05,4,0.008926630020141602
GATv2,132,1.05,5,0.0025319457054138184
GATv2,132,1.05,6,0.0023846030235290527
GATv2,132,1.05,7,-0.012576937675476074
GATv2,132,1.05,8,0.006807416677474976
GATv2,132,1.05,9,0.01704496145248413
GATv2,132,1.05,10,0.0034129321575164795
GATv2,132,1.05,11,-0.004305243492126465
GATv2,132,1.05,12,-0.011444807052612305
GATv2,132,1.05,13,0.004744768142700195
GATv2,132,1.05,14,0.0018444657325744629
GATv2,132,1.05,15,0.018001198768615723
GATv2,132,1.05,16,0.0065593719482421875
GATv2,132,1.05,17,0.0016041994094848633
GATv2,132,1.05,18,0.009628713130950928
GATv2,132,1.05,19,-0.009918808937072754
GATv2,144,0.95,0,-0.0025983452796936035
GATv2,144,0.95,1,0.0008718371391296387
GATv2,144,0.95,2,0.0007333159446716309
GATv2,144,0.95,3,-0.0004220008850097656
GATv2,144,0.95,4,-0.005044698715209961
GATv2,144,0.95,5,-0.003996670246124268
GATv2,144,0.95,6,-0.0032396316528320312
GATv2,144,0.95,7,0.0014114975929260254
GATv2,144,0.95,8,0.006032049655914307
GATv2,144,0.95,9,0.0037994384765625
GATv2,144,0.95,10,-0.009916722774505615
GATv2,144,0.95,11,-0.0009412765502929688
GATv2,144,0.95,12,-0.002899467945098877
GATv2,144,0.95,13,0.0003345012664794922
GATv2,144,0.95,14,-0.006039440631866455
GATv2,144,0.95,15,-0.005857706069946289
GATv2,144,0.95,16,-0.004288017749786377
GATv2,144,0.95,17,-0.00394827127456665
GATv2,144,0.95,18,-0.009288311004638672
GATv2,144,0.95,19,-0.0053598880767822266
GATv2,144,1.05,0,-0.004205644130706787
GATv2,144,1.05,1,0.0033385157585144043
GATv2,144,1.05,2,0.0006094574928283691
GATv2,144,1.05,3,0.004532039165496826
GATv2,144,1.05,4,0.004712879657745361
GATv2,144,1.05,5,0.0031755566596984863
GATv2,144,1.05,6,0.0043906569480896
GATv2,144,1.05,7,-0.0011048316955566406
GATv2,144,1.05,8,-0.005898654460906982
GATv2,144,1.05,9,-0.007646739482879639
GATv2,144,1.05,10,-0.0007254481315612793
GATv2,144,1.05,11,-0.011611640453338623
GATv2,144,1.05,12,0.0015473365783691406
GATv2,144,1.05,13,0.008223533630371094
GATv2,144,1.05,14,-0.002062857151031494
GATv2,144,1.05,15,-0.0001461505889892578
GATv2,144,1.05,16,-0.0005168914794921875
GATv2,144,1.05,17,0.00449681282043457
GATv2,144,1.05,18,0.008567750453948975
GATv2,144,1.05,19,-0.001552283763885498
GATv2,151,0.95,0,-0.011660099029541016
GATv2,151,0.95,1,0.00873100757598877
GATv2,151,0.95,2,0.00739055871963501
GATv2,151,0.95,3,0.007199347019195557
GATv2,151,0.95,4,0.010114073753356934
GATv2,151,0.95,5,0.0004023313522338867
GATv2,151,0.95,6,-0.0011620521545410156
GATv2,151,0.95,7,0.0012350678443908691
GATv2,151,0.95,8,0.014982998371124268
GATv2,151,0.95,9,0.016171932220458984
GATv2,151,0.95,10,-0.016325175762176514
GATv2,151,0.95,11,0.00014722347259521484
GATv2,151,0.95,12,-0.00628662109375
GATv2,151,0.95,13,0.0052266716957092285
GATv2,151,0.95,14,-0.0022693872451782227
GATv2,151,0.95,15,0.0015021562576293945
GATv2,151,0.95,16,-0.006249666213989258
GATv2,151,0.95,17,-0.008597612380981445
GATv2,151,0.95,18,-0.016933321952819824
GATv2,151,0.95,19,-0.001199483871459961
GATv2,151,1.05,0,-0.006345510482788086
GATv2,151,1.05,1,0.0001112222671508789
GATv2,151,1.05,2,-8.571147918701172e-05
GATv2,151,1.05,3,-0.0043201446533203125
GATv2,151,1.05,4,-0.008067011833190918
GATv2,151,1.05,5,-0.00619816780090332
GATv2,151,1.05,6,0.004315733909606934
GATv2,151,1.05,7,-0.009423255920410156
GATv2,151,1.05,8,-0.004396915435791016
GATv2,151,1.05,9,-0.010986328125
GATv2,151,1.05,10,-0.004588961601257324
GATv2,151,1.05,11,-0.012095451354980469
GATv2,151,1.05,12,0.003379344940185547
GATv2,151,1.05,13,0.003972887992858887
GATv2,151,1.05,14,0.008048832416534424
GATv2,151,1.05,15,-0.013866603374481201
GATv2,151,1.05,16,-0.0036635398864746094
GATv2,151,1.05,17,0.01199948787689209
GATv2,151,1.05,18,0.00214231014251709
GATv2,151,1.05,19,-0.009361743927001953
GATv2,156,0.95,0,0.01653367280960083
GATv2,156,0.95,1,0.0037755966186523438
GATv2,156,0.95,2,0.0011237263679504395
GATv2,156,0.95,3,-0.007839798927307129
GATv2,156,0.95,4,-0.0033996105194091797
GATv2,156,0.95,5,0.009144783020019531
GATv2,156,0.95,6,-0.0006701350212097168
GATv2,156,0.95,7,-0.002497076988220215
GATv2,156,0.95,8,0.008056461811065674
GATv2,156,0.95,9,0.003143787384033203
GATv2,156,0.95,10,-0.0062198638916015625
GATv2,156,0.95,11,-0.0021302103996276855
GATv2,156,0.95,12,-0.019213616847991943
GATv2,156,0.95,13,-0.008980631828308105
GATv2,156,0.95,14,0.009606719017028809
GATv2,156,0.95,15,0.014180302619934082
GATv2,156,0.95,16,-0.007623791694641113
GATv2,156,0.95,17,0.0004636049270629883
GATv2,156,0.95,18,0.006875336170196533
GATv2,156,0.95,19,-0.004640758037567139
GATv2,156,1.05,0,0.012856006622314453
GATv2,156,1.05,1,0.005390942096710205
GATv2,156,1.05,2,0.002286553382873535
GATv2,156,1.05,3,0.0059812068939208984
GATv2,156,1.05,4,0.015848517417907715
GATv2,156,1.05,5,-0.00938504934310913
GATv2,156,1.05,6,0.006726622581481934
GATv2,156,1.05,7,-0.009788215160369873
GATv2,156,1.05,8,0.004553079605102539
GATv2,156,1.05,9,-0.003588080406188965
GATv2,156,1.05,10,-0.0038412809371948242
GATv2,156,1.05,11,0.0031948089599609375
GATv2,156,1.05,12,-0.020069122314453125
GATv2,156,1.05,13,-0.008475780487060547
GATv2,156,1.05,14,-0.011973023414611816
GATv2,156,1.05,15,-0.002032160758972168
GATv2,156,1.05,16,-0.004156053066253662
GATv2,156,1.05,17,0.0012543797492980957
GATv2,156,1.05,18,0.0097426176071167
GATv2,156,1.05,19,0.0020432472229003906
GATv2,162,0.95,0,-0.006417691707611084
GATv2,162,0.95,1,-0.015176832675933838
GATv2,162,0.95,2,-0.01805776357650757
GATv2,162,0.95,3,-0.0050081610679626465
GATv2,162,0.95,4,-0.007709681987762451
GATv2,162,0.95,5,-0.028535902500152588
GATv2,162,0.95,6,-0.009519517421722412
GATv2,162,0.95,7,0.002887248992919922
GATv2,162,0.95,8,-0.020497500896453857
GATv2,162,0.95,9,-0.002832472324371338
GATv2,162,0.95,10,-0.01779317855834961
GATv2,162,0.95,11,-0.009668886661529541
GATv2,162,0.95,12,0.02411442995071411
GATv2,162,0.95,13,0.00905299186706543
GATv2,162,0.95,14,-0.010633409023284912
GATv2,162,0.95,15,-0.018770456314086914
GATv2,162,0.95,16,-0.00919198989868164
GATv2,162,0.95,17,0.0029633641242980957
GATv2,162,0.95,18,0.009990215301513672
GATv2,162,0.95,19,0.014178335666656494
GATv2,162,1.05,0,-0.004045307636260986
GATv2,162,1.05,1,0.020214498043060303
GATv2,162,1.05,2,-0.00785595178604126
GATv2,162,1.05,3,-0.010357081890106201
GATv2,162,1.05,4,0.015852272510528564
GATv2,162,1.05,5,-0.0017709136009216309
GATv2,162,1.05,6,0.010319650173187256
GATv2,162,1.05,7,9.006261825561523e-05
GATv2,162,1.05,8,-0.013279497623443604
GATv2,162,1.05,9,0.009834110736846924
GATv2,162,1.05,10,0.005765199661254883
GATv2,162,1.05,11,0.0023736953735351562
GATv2,162,1.05,12,-0.01024317741394043
GATv2,162,1.05,13,0.014687597751617432
GATv2,162,1.05,14,-0.0035161972045898438
GATv2,162,1.05,15,-0.008013308048248291
GATv2,162,1.05,16,-0.005588829517364502
GATv2,162,1.05,17,-0.007730007171630859
GATv2,162,1.05,18,-0.01775836944580078
GATv2,162,1.05,19,-0.01701730489730835
GATv2,178,0.95,0,-0.005685135722160339
GATv2,178,0.95,1,-0.0021716952323913574
GATv2,178,0.95,2,-0.006701603531837463
GATv2,178,0.95,3,-0.007096007466316223
GATv2,178,0.95,4,0.00989001989364624
GATv2,178,0.95,5,-0.0038094818592071533
GATv2,178,0.95,6,-0.0023314058780670166
GATv2,178,0.95,7,-0.007166340947151184
GATv2,178,0.95,8,0.003249436616897583
GATv2,178,0.95,9,0.00463065505027771
GATv2,178,0.95,10,-0.0003044009208679199
GATv2,178,0.95,11,-0.0008824467658996582
GATv2,178,0.95,12,-0.0038376152515411377
GATv2,178,0.95,13,-0.008616194128990173
GATv2,178,0.95,14,-0.005912169814109802
GATv2,178,0.95,15,-0.004813387989997864
GATv2,178,0.95,16,-0.001021653413772583
GATv2,178,0.95,17,0.016949087381362915
GATv2,178,0.95,18,-0.002222508192062378
GATv2,178,0.95,19,0.0009412467479705811
GATv2,178,1.05,0,0.006955862045288086
GATv2,178,1.05,1,0.014415919780731201
GATv2,178,1.05,2,0.0006025135517120361
GATv2,178,1.05,3,0.02015787363052368
GATv2,178,1.05,4,0.0012894868850708008
GATv2,178,1.05,5,0.0006912350654602051
GATv2,178,1.05,6,-0.002614259719848633
GATv2,178,1.05,7,0.004576921463012695
GATv2,178,1.05,8,-0.0015559792518615723
GATv2,178,1.05,9,0.0064186155796051025
GATv2,178,1.05,10,0.004878878593444824
GATv2,178,1.05,11,0.0013087689876556396
GATv2,178,1.05,12,-0.00039204955101013184
GATv2,178,1.05,13,0.01698058843612671
GATv2,178,1.05,14,-0.016984090209007263
GATv2,178,1.05,15,0.008579730987548828
GATv2,178,1.05,16,-0.0038099586963653564
GATv2,178,1.05,17,-0.011351138353347778
GATv2,178,1.05,18,0.01077491044998169
GATv2,178,1.05,19,-0.008380129933357239
GATv2,179,0.95,0,-5.054473876953125e-05
GATv2,179,0.95,1,-0.000405728816986084
GATv2,179,0.95,2,0.0009055137634277344
GATv2,179,0.95,3,-0.0017603635787963867
GATv2,179,0.95,4,-0.005036711692810059
GATv2,179,0.95,5,0.008764564990997314
GATv2,179,0.95,6,-0.012133121490478516
GATv2,179,0.95,7,-0.007508754730224609
GATv2,179,0.95,8,-0.004805564880371094
GATv2,179,0.95,9,-0.0006811022758483887
GATv2,179,0.95,10,0.006340622901916504
GATv2,179,0.95,11,-0.004741549491882324
GATv2,179,0.95,12,-0.003410935401916504
GATv2,179,0.95,13,-0.0030385255813598633
GATv2,179,0.95,14,-0.004762709140777588
GATv2,179,0.95,15,0.0009496212005615234
GATv2,179,0.95,16,0.008044719696044922
GATv2,179,0.95,17,0.007597208023071289
GATv2,179,0.95,18,0.0047776103019714355
GATv2,179,0.95,19,0.0016938447952270508
GATv2,179,1.05,0,-0.007753133773803711
GATv2,179,1.05,1,0.00041043758392333984
GATv2,179,1.05,2,0.0019026398658752441
GATv2,179,1.05,3,0.003555893898010254
GATv2,179,1.05,4,0.0045201778411865234
GATv2,179,1.05,5,0.00108414888381958
GATv2,179,1.05,6,0.006485342979431152
GATv2,179,1.05,7,0.004096508026123047
GATv2,179,1.05,8,-0.0009639263153076172
GATv2,179,1.05,9,0.0015336275100708008
GATv2,179,1.05,10,-0.004171907901763916
GATv2,179,1.05,11,0.004134714603424072
GATv2,179,1.05,12,-0.004030823707580566
GATv2,179,1.05,13,0.00014662742614746094
GATv2,179,1.05,14,-0.0038515329360961914
GATv2,179,1.05,15,0.001348733901977539
GATv2,179,1.05,16,0.0025280117988586426
GATv2,179,1.05,17,0.008837580680847168
GATv2,179,1.05,18,-0.004138529300689697
GATv2,179,1.05,19,0.005235552787780762
GATv2,22,0.95,0,-0.0023291409015655518
GATv2,22,0.95,1,0.0066072046756744385
GATv2,22,0.95,2,0.00452086329460144
GATv2,22,0.95,3,-6.225705146789551e-05
GATv2,22,0.95,4,-0.008369892835617065
GATv2,22,0.95,5,0.0004920065402984619
GATv2,22,0.95,6,0.011565804481506348
GATv2,22,0.95,7,0.011497527360916138
GATv2,22,0.95,8,-0.020384520292282104
GATv2,22,0.95,9,0.01328471302986145
GATv2,22,0.95,10,0.007729768753051758
GATv2,22,0.95,11,-0.011277168989181519
GATv2,22,0.95,12,-0.00038745999336242676
GATv2,22,0.95,13,0.0079118013381958
GATv2,22,0.95,14,-0.008063524961471558
GATv2,22,0.95,15,-0.0049659013748168945
GATv2,22,0.95,16,0.006965667009353638
GATv2,22,0.95,17,-0.009599089622497559
GATv2,22,0.95,18,0.02470359206199646
GATv2,22,0.95,19,0.009670287370681763
GATv2,22,1.05,0,0.004410356283187866
GATv2,22,1.05,1,-0.015156149864196777
GATv2,22,1.05,2,0.00860258936882019
GATv2,22,1.05,3,0.010019093751907349
GATv2,22,1.05,4,0.00446203351020813
GATv2,22,1.05,5,0.00840914249420166
GATv2,22,1.05,6,0.004979163408279419
GATv2,22,1.05,7,-0.014838725328445435
GATv2,22,1.05,8,0.0113450288772583
GATv2,22,1.05,9,0.0005354583263397217
GATv2,22,1.05,10,-0.025459975004196167
GATv2,22,1.05,11,0.007763862609863281
GATv2,22,1.05,12,0.016712546348571777
GATv2,22,1.05,13,-0.005611777305603027
GATv2,22,1.05,14,0.0028317272663116455
GATv2,22,1.05,15,0.009274214506149292
GATv2,22,1.05,16,0.0031931400299072266
GATv2,22,1.05,17,0.013435393571853638
GATv2,22,1.05,18,-0.003980278968811035
GATv2,22,1.05,19,-0.0059461891651153564
GATv2,33,0.95,0,0.009125620126724243
GATv2,33,0.95,1,-0.017149627208709717
GATv2,33,0.95,2,0.009331107139587402
GATv2,33,0.95,3,-0.002142608165740967
GATv2,33,0.95,4,-0.02182483673095703
GATv2,33,0.95,5,-0.002000749111175537
GATv2,33,0.95,6,0.0014295578002929688
GATv2,33,0.95,7,0.0025137662887573242
GATv2,33,0.95,8,0.015835583209991455
GATv2,33,0.95,9,0.007151544094085693
GATv2,33,0.95,10,0.003992855548858643
GATv2,33,0.95,11,0.007928639650344849
GATv2,33,0.95,12,-0.002605259418487549
GATv2,33,0.95,13,-0.01369255781173706
GATv2,33,0.95,14,-0.01827070116996765
GATv2,33,0.95,15,-0.00012192130088806152
GATv2,33,0.95,16,-0.009216099977493286
GATv2,33,0.95,17,0.0018129348754882812
GATv2,33,0.95,18,0.0008191466331481934
GATv2,33,0.95,19,0.015228867530822754
GATv2,33,1.05,0,0.018453121185302734
GATv2,33,1.05,1,0.008863449096679688
GATv2,33,1.05,2,-0.011130094528198242
GATv2,33,1.05,3,-0.008366435766220093
GATv2,33,1.05,4,0.013382017612457275
GATv2,33,1.05,5,0.008250117301940918
GATv2,33,1.05,6,0.006379127502441406
GATv2,33,1.05,7,0.004073888063430786
GATv2,33,1.05,8,0.012711554765701294
GATv2,33,1.05,9,0.001150965690612793
GATv2,33,1.05,10,-0.009082496166229248
GATv2,33,1.05,11,-0.008641958236694336
GATv2,33,1.05,12,0.002042114734649658
GATv2,33,1.05,13,-0.0036296546459198
GATv2,33,1.05,14,0.006882578134536743
GATv2,33,1.05,15,0.005273997783660889
GATv2,33,1.05,16,-0.005975902080535889
GATv2,33,1.05,17,-0.009297370910644531
GATv2,33,1.05,18,0.011752992868423462
GATv2,33,1.05,19,-0.008458495140075684
GATv2,54,0.95,0,0.009419500827789307
GATv2,54,0.95,1,-0.002138972282409668
GATv2,54,0.95,2,-0.010271608829498291
GATv2,54,0.95,3,0.01211521029472351
GATv2,54,0.95,4,0.006908893585205078
GATv2,54,0.95,5,-0.008549034595489502
GATv2,54,0.95,6,0.018758267164230347
GATv2,54,0.95,7,0.005095124244689941
GATv2,54,0.95,8,-0.0032202601432800293
GATv2,54,0.95,9,0.009123504161834717
GATv2,54,0.95,10,-0.01103055477142334
GATv2,54,0.95,11,0.015851348638534546
GATv2,54,0.95,12,0.01749974489212036
GATv2,54,0.95,13,-0.007104545831680298
GATv2,54,0.95,14,0.006954848766326904
GATv2,54,0.95,15,0.0016651153564453125
GATv2,54,0.95,16,0.008440494537353516
GATv2,54,0.95,17,-0.018172889947891235
GATv2,54,0.95,18,0.022362351417541504
GATv2,54,0.95,19,0.01987779140472412
GATv2,54,1.05,0,0.009714663028717041
GATv2,54,1.05,1,0.00016677379608154297
GATv2,54,1.05,2,-0.00031760334968566895
GATv2,54,1.05,3,0.003720015287399292
GATv2,54,1.05,4,0.0062569379806518555
GATv2,54,1.05,5,0.008218616247177124
GATv2,54,1.05,6,-0.0037522315979003906
GATv2,54,1.05,7,0.014179080724716187
GATv2,54,1.05,8,0.009469836950302124
GATv2,54,1.05,9,0.013432443141937256
GATv2,54,1.05,10,0.010565310716629028
GATv2,54,1.05,11,0.0127602219581604
GATv2,54,1.05,12,0.015553683042526245
GATv2,54,1.05,13,-0.0010398626327514648
GATv2,54,1.05,14,0.024043262004852295
GATv2,54,1.05,15,0.0018114149570465088
GATv2,54,1.05,16,-0.0011716187000274658
GATv2,54,1.05,17,-0.0033289194107055664
GATv2,54,1.05,18,-0.015635788440704346
GATv2,54,1.05,19,-0.0045206546783447266
GATv2,56,0.95,0,-0.010415509343147278
GATv2,56,0.95,1,0.0009761303663253784
GATv2,56,0.95,2,0.005899757146835327
GATv2,56,0.95,3,0.0007154196500778198
GATv2,56,0.95,4,-0.00933125615119934
GATv2,56,0.95,5,-0.006405949592590332
GATv2,56,0.95,6,0.010131299495697021
GATv2,56,0.95,7,-0.008637621998786926
GATv2,56,0.95,8,0.0004642605781555176
GATv2,56,0.95,9,-0.0020480751991271973
GATv2,56,0.95,10,-0.0036441385746002197
GATv2,56,0.95,11,-0.002438977360725403
GATv2,56,0.95,12,-0.009272366762161255
GATv2,56,0.95,13,-0.0016323328018188477
GATv2,56,0.95,14,-0.0035009384155273438
GATv2,56,0.95,15,-0.0060651302337646484
GATv2,56,0.95,16,0.00368461012840271
GATv2,56,0.95,17,-0.0026822835206985474
GATv2,56,0.95,18,-0.002266913652420044
GATv2,56,0.95,19,0.00483296811580658
GATv2,56,1.05,0,-0.008651509881019592
GATv2,56,1.05,1,-0.003402113914489746
GATv2,56,1.05,2,0.0027751177549362183
GATv2,56,1.05,3,0.001147150993347168
GATv2,56,1.05,4,0.005110248923301697
GATv2,56,1.05,5,-0.0003840625286102295
GATv2,56,1.05,6,-0.0001542121171951294
GATv2,56,1.05,7,-0.005035176873207092
GATv2,56,1.05,8,-0.007060065865516663
GATv2,56,1.05,9,0.0002652108669281006
GATv2,56,1.05,10,0.0055730342864990234
GATv2,56,1.05,11,0.0035151690244674683
GATv2,56,1.05,12,0.0009447336196899414
GATv2,56,1.05,13,-0.008557647466659546
GATv2,56,1.05,14,0.0037123560905456543
GATv2,56,1.05,15,-0.004624485969543457
GATv2,56,1.05,16,0.008686602115631104
GATv2,56,1.05,17,0.005669921636581421
GATv2,56,1.05,18,-0.005324065685272217
GATv2,56,1.05,19,0.005542725324630737
GATv2,58,0.95,0,0.0037087202072143555
GATv2,58,0.95,1,-0.0013000965118408203
GATv2,58,0.95,2,-0.004435718059539795
GATv2,58,0.95,3,0.01160883903503418
GATv2,58,0.95,4,0.003103017807006836
GATv2,58,0.95,5,-0.00828629732131958
GATv2,58,0.95,6,0.006599128246307373
GATv2,58,0.95,7,-0.009387224912643433
GATv2,58,0.95,8,0.00089302659034729
GATv2,58,0.95,9,0.006246358156204224
GATv2,58,0.95,10,-0.003294050693511963
GATv2,58,0.95,11,0.017901301383972168
GATv2,58,0.95,12,0.0035382509231567383
GATv2,58,0.95,13,-0.00465509295463562
GATv2,58,0.95,14,0.010436683893203735
GATv2,58,0.95,15,-0.014068543910980225
GATv2,58,0.95,16,0.012722194194793701
GATv2,58,0.95,17,-0.00941997766494751
GATv2,58,0.95,18,0.003720700740814209
GATv2,58,0.95,19,-0.00448763370513916
GATv2,58,1.05,0,0.01634863018989563
GATv2,58,1.05,1,0.0016754865646362305
GATv2,58,1.05,2,0.001744985580444336
GATv2,58,1.05,3,-0.0048746466636657715
GATv2,58,1.05,4,-0.009710550308227539
GATv2,58,1.05,5,-0.005277723073959351
GATv2,58,1.05,6,0.00890389084815979
GATv2,58,1.05,7,-0.003881782293319702
GATv2,58,1.05,8,0.0036478638648986816
GATv2,58,1.05,9,-0.013684242963790894
GATv2,58,1.05,10,-0.014726370573043823
GATv2,58,1.05,11,0.007377296686172485
GATv2,58,1.05,12,-0.0017476081848144531
GATv2,58,1.05,13,0.008789479732513428
GATv2,58,1.05,14,0.006595015525817871
GATv2,58,1.05,15,-0.0022378861904144287
GATv2,58,1.05,16,-0.002190887928009033
GATv2,58,1.05,17,-0.00269278883934021
GATv2,58,1.05,18,0.0037180185317993164
GATv2,58,1.05,19,0.006132543087005615
GATv2,59,0.95,0,0.010257095098495483
GATv2,59,0.95,1,-0.010927736759185791
GATv2,59,0.95,2,-0.0022949278354644775
GATv2,59,0.95,3,-0.007978260517120361
GATv2,59,0.95,4,0.003492414951324463
GATv2,59,0.95,5,-0.01169443130493164
GATv2,59,0.95,6,0.0004457235336303711
GATv2,59,0.95,7,-0.012418031692504883
GATv2,59,0.95,8,-0.0014243125915527344
GATv2,59,0.95,9,0.0034582316875457764
GATv2,59,0.95,10,-0.008198410272598267
GATv2,59,0.95,11,-0.0012027621269226074
GATv2,59,0.95,12,0.012253016233444214
GATv2,59,0.95,13,-0.006950795650482178
GATv2,59,0.95,14,-0.012196481227874756
GATv2,59,0.95,15,-0.0042562782764434814
GATv2,59,0.95,16,-0.004947572946548462
GATv2,59,0.95,17,0.017942994832992554
GATv2,59,0.95,18,-0.012690365314483643
GATv2,59,0.95,19,0.00039643049240112305
GATv2,59,1.05,0,0.007502317428588867
GATv2,59,1.05,1,-0.0025162696838378906
GATv2,59,1.05,2,-0.00954580307006836
GATv2,59,1.05,3,0.00156325101852417
GATv2,59,1.05,4,-0.0001226663589477539
GATv2,59,1.05,5,0.010768026113510132
GATv2,59,1.05,6,0.0005894899368286133
GATv2,59,1.05,7,0.005722463130950928
GATv2,59,1.05,8,0.004308432340621948
GATv2,59,1.05,9,0.0010357499122619629
GATv2,59,1.05,10,0.00697171688079834
GATv2,59,1.05,11,-0.009737789630889893
GATv2,59,1.05,12,-0.0031950771808624268
GATv2,59,1.05,13,0.01535654067993164
GATv2,59,1.05,14,-0.0019791126251220703
GATv2,59,1.05,15,0.0037311017513275146
GATv2,59,1.05,16,-0.008442461490631104
GATv2,59,1.05,17,-0.007920175790786743
GATv2,59,1.05,18,0.00133591890335083
GATv2,59,1.05,19,0.01077646017074585
GATv2,7,0.95,0,0.0067136287689208984
GATv2,7,0.95,1,0.004401028156280518
GATv2,7,0.95,2,0.005492568016052246
GATv2,7,0.95,3,-0.0010590553283691406
GATv2,7,0.95,4,-0.004025459289550781
GATv2,7,0.95,5,-0.00011599063873291016
GATv2,7,0.95,6,0.0022257566452026367
GATv2,7,0.95,7,-0.0005273222923278809
GATv2,7,0.95,8,-0.0027219653129577637
GATv2,7,0.95,9,0.004301130771636963
GATv2,7,0.95,10,-0.003093123435974121
GATv2,7,0.95,11,0.0016887784004211426
GATv2,7,0.95,12,-0.001633286476135254
GATv2,7,0.95,13,0.0048506855964660645
GATv2,7,0.95,14,-0.0027886629104614258
GATv2,7,0.95,15,-0.008049309253692627
GATv2,7,0.95,16,-0.0019088983535766602
GATv2,7,0.95,17,0.0006031990051269531
GATv2,7,0.95,18,0.0001691579818725586
GATv2,7,0.95,19,0.0004603862762451172
GATv2,7,1.05,0,-0.0019690990447998047
GATv2,7,1.05,1,0.005966782569885254
GATv2,7,1.05,2,0.00840216875076294
GATv2,7,1.05,3,-0.004161417484283447
GATv2,7,1.05,4,-0.0005394220352172852
GATv2,7,1.05,5,0.0026857852935791016
GATv2,7,1.05,6,0.0066315531730651855
GATv2,7,1.05,7,0.0017638802528381348
GATv2,7,1.05,8,-0.004012703895568848
GATv2,7,1.05,9,0.0021551847457885742
GATv2,7,1.05,10,0.005707502365112305
GATv2,7,1.05,11,-0.0038529634475708008
GATv2,7,1.05,12,-0.0038213729858398438
GATv2,7,1.05,13,-0.0035556554794311523
GATv2,7,1.05,14,-0.0031398534774780273
GATv2,7,1.05,15,-0.005580544471740723
GATv2,7,1.05,16,0.003616154193878174
GATv2,7,1.05,17,0.0012712478637695312
GATv2,7,1.05,18,0.0017498135566711426
GATv2,7,1.05,19,0.0009011030197143555
GATv2,87,0.95,0,-0.004147231578826904
GATv2,87,0.95,1,-0.0065937340259552
GATv2,87,0.95,2,-0.0031016170978546143
GATv2,87,0.95,3,0.007696866989135742
GATv2,87,0.95,4,0.0023344755172729492
GATv2,87,0.95,5,-0.010935485363006592
GATv2,87,0.95,6,-0.002130448818206787
GATv2,87,0.95,7,0.010307371616363525
GATv2,87,0.95,8,0.005676329135894775
GATv2,87,0.95,9,0.001272439956665039
GATv2,87,0.95,10,-0.004749327898025513
GATv2,87,0.95,11,0.012012302875518799
GATv2,87,0.95,12,0.009881377220153809
GATv2,87,0.95,13,0.012680888175964355
GATv2,87,0.95,14,0.00102996826171875
GATv2,87,0.95,15,-0.007072180509567261
GATv2,87,0.95,16,-0.008815586566925049
GATv2,87,0.95,17,-0.003019273281097412
GATv2,87,0.95,18,-0.0019839107990264893
GATv2,87,0.95,19,0.00250321626663208
GATv2,87,1.05,0,0.007951140403747559
GATv2,87,1.05,1,-0.005098402500152588
GATv2,87,1.05,2,0.00017845630645751953
GATv2,87,1.05,3,-3.0994415283203125e-06
GATv2,87,1.05,4,0.00469517707824707
GATv2,87,1.05,5,0.007510721683502197
GATv2,87,1.05,6,0.002181410789489746
GATv2,87,1.05,7,0.013419687747955322
GATv2,87,1.05,8,0.015485823154449463
GATv2,87,1.05,9,0.009271621704101562
GATv2,87,1.05,10,0.0017409324645996094
GATv2,87,1.05,11,-0.005623430013656616
GATv2,87,1.05,12,0.008855819702148438
GATv2,87,1.05,13,-0.003386080265045166
GATv2,87,1.05,14,0.007130861282348633
GATv2,87,1.05,15,0.011551439762115479
GATv2,87,1.05,16,0.009680509567260742
GATv2,87,1.05,17,0.0116347074508667
GATv2,87,1.05,18,0.0021125078201293945
GATv2,87,1.05,19,-0.005982846021652222
GATv2,9,0.95,0,-0.007346391677856445
GATv2,9,0.95,1,0.014658868312835693
GATv2,9,0.95,2,0.0050154924392700195
GATv2,9,0.95,3,0.008035421371459961
GATv2,9,0.95,4,0.0119551420211792
GATv2,9,0.95,5,0.00885629653930664
GATv2,9,0.95,6,-0.01160132884979248
GATv2,9,0.95,7,-0.0025745034217834473
GATv2,9,0.95,8,-0.020956456661224365
GATv2,9,0.95,9,0.0060288310050964355
GATv2,9,0.95,10,0.010791003704071045
GATv2,9,0.95,11,-0.009133756160736084
GATv2,9,0.95,12,-0.009782671928405762
GATv2,9,0.95,13,-0.020030736923217773
GATv2,9,0.95,14,0.004663348197937012
GATv2,9,0.95,15,0.018600523471832275
GATv2,9,0.95,16,-0.019213974475860596
GATv2,9,0.95,17,0.016675591468811035
GATv2,9,0.95,18,-0.013599514961242676
GATv2,9,0.95,19,0.016048848628997803
GATv2,9,1.05,0,-0.025374948978424072
GATv2,9,1.05,1,0.01472252607345581
GATv2,9,1.05,2,0.014863014221191406
GATv2,9,1.05,3,-0.005367875099182129
GATv2,9,1.05,4,0.0006469488143920898
GATv2,9,1.05,5,-0.013995647430419922
GATv2,9,1.05,6,0.009059429168701172
GATv2,9,1.05,7,-0.018728315830230713
GATv2,9,1.05,8,-0.009301900863647461
GATv2,9,1.05,9,0.017860829830169678
GATv2,9,1.05,10,-0.007601261138916016
GATv2,9,1.05,11,0.019855201244354248
GATv2,9,1.05,12,0.008286714553833008
GATv2,9,1.05,13,0.00974881649017334
GATv2,9,1.05,14,-0.011849045753479004
GATv2,9,1.05,15,0.0029126405715942383
GATv2,9,1.05,16,0.01640218496322632
GATv2,9,1.05,17,0.013091087341308594
GATv2,9,1.05,18,0.018346965312957764
GATv2,9,1.05,19,0.009174585342407227
