architecture,patient,seed,fraction,method,repeat,predicted_class_probability_drop
GCN,101,11,0.05,gnnexplainer,-1,-0.001638174057006836
GCN,101,11,0.05,random,0,0.003782302141189575
GCN,101,11,0.05,random,1,-0.0063957273960113525
GCN,101,11,0.05,random,2,0.009376853704452515
GCN,101,11,0.05,random,3,0.005777269601821899
GCN,101,11,0.05,random,4,-0.003178894519805908
GCN,101,11,0.05,random,5,0.005646765232086182
GCN,101,11,0.05,random,6,-0.001638174057006836
GCN,101,11,0.05,random,7,-0.003178894519805908
GCN,101,11,0.05,random,8,0.005777269601821899
GCN,101,11,0.05,random,9,-0.003178894519805908
GCN,101,11,0.05,random,10,0.003782302141189575
GCN,101,11,0.05,random,11,0.004178225994110107
GCN,101,11,0.05,random,12,0.006087005138397217
GCN,101,11,0.05,random,13,0.004904717206954956
GCN,101,11,0.05,random,14,0.006087005138397217
GCN,101,11,0.05,random,15,-0.0063957273960113525
GCN,101,11,0.05,random,16,0.003782302141189575
GCN,101,11,0.05,random,17,0.005777269601821899
GCN,101,11,0.05,random,18,-0.001638174057006836
GCN,101,11,0.05,random,19,0.0021154582500457764
GCN,101,11,0.1,gnnexplainer,-1,0.00451543927192688
GCN,101,11,0.1,random,0,-0.005189359188079834
GCN,101,11,0.1,random,1,0.006002157926559448
GCN,101,11,0.1,random,2,0.00931742787361145
GCN,101,11,0.1,random,3,0.011888176202774048
GCN,101,11,0.1,random,4,0.009732991456985474
GCN,101,11,0.1,random,5,-0.004181593656539917
GCN,101,11,0.1,random,6,0.004831850528717041
GCN,101,11,0.1,random,7,0.0037465691566467285
GCN,101,11,0.1,random,8,0.01852777600288391
GCN,101,11,0.1,random,9,0.013403475284576416
GCN,101,11,0.1,random,10,0.0017694532871246338
GCN,101,11,0.1,random,11,-0.0008527934551239014
GCN,101,11,0.1,random,12,0.005806028842926025
GCN,101,11,0.1,random,13,0.003285825252532959
GCN,101,11,0.1,random,14,0.00650373101234436
GCN,101,11,0.1,random,15,0.011138349771499634
GCN,101,11,0.1,random,16,-0.010220319032669067
GCN,101,11,0.1,random,17,0.009972721338272095
GCN,101,11,0.1,random,18,0.008130490779876709
GCN,101,11,0.1,random,19,0.01322886347770691
GCN,101,11,0.2,gnnexplainer,-1,0.013645708560943604
GCN,101,11,0.2,random,0,0.006732523441314697
GCN,101,11,0.2,random,1,0.017410725355148315
GCN,101,11,0.2,random,2,0.010679543018341064
GCN,101,11,0.2,random,3,0.0040474534034729
GCN,101,11,0.2,random,4,0.011064231395721436
GCN,101,11,0.2,random,5,0.007123053073883057
GCN,101,11,0.2,random,6,0.020727843046188354
GCN,101,11,0.2,random,7,0.010842055082321167
GCN,101,11,0.2,random,8,0.011737912893295288
GCN,101,11,0.2,random,9,0.003571063280105591
GCN,101,11,0.2,random,10,0.003236144781112671
GCN,101,11,0.2,random,11,0.013881891965866089
GCN,101,11,0.2,random,12,0.014603465795516968
GCN,101,11,0.2,random,13,0.009830266237258911
GCN,101,11,0.2,random,14,0.01159486174583435
GCN,101,11,0.2,random,15,0.027266323566436768
GCN,101,11,0.2,random,16,0.015052944421768188
GCN,101,11,0.2,random,17,0.0028245151042938232
GCN,101,11,0.2,random,18,0.009870082139968872
GCN,101,11,0.2,random,19,0.014454513788223267
GCN,101,23,0.05,gnnexplainer,-1,0.005646765232086182
GCN,101,23,0.05,random,0,0.0021154582500457764
GCN,101,23,0.05,random,1,0.004904717206954956
GCN,101,23,0.05,random,2,-0.0063957273960113525
GCN,101,23,0.05,random,3,-0.0063957273960113525
GCN,101,23,0.05,random,4,0.012073695659637451
GCN,101,23,0.05,random,5,0.0011411309242248535
GCN,101,23,0.05,random,6,0.012073695659637451
GCN,101,23,0.05,random,7,0.004178225994110107
GCN,101,23,0.05,random,8,0.004417240619659424
GCN,101,23,0.05,random,9,0.005777269601821899
GCN,101,23,0.05,random,10,-0.001638174057006836
GCN,101,23,0.05,random,11,0.005777269601821899
GCN,101,23,0.05,random,12,-0.001638174057006836
GCN,101,23,0.05,random,13,0.004417240619659424
GCN,101,23,0.05,random,14,0.004178225994110107
GCN,101,23,0.05,random,15,0.004904717206954956
GCN,101,23,0.05,random,16,0.0011411309242248535
GCN,101,23,0.05,random,17,0.012073695659637451
GCN,101,23,0.05,random,18,0.004178225994110107
GCN,101,23,0.05,random,19,0.004417240619659424
GCN,101,23,0.1,gnnexplainer,-1,0.010251909494400024
GCN,101,23,0.1,random,0,0.009384721517562866
GCN,101,23,0.1,random,1,0.00260201096534729
GCN,101,23,0.1,random,2,0.0015738308429718018
GCN,101,23,0.1,random,3,0.0027913153171539307
GCN,101,23,0.1,random,4,0.01852777600288391
GCN,101,23,0.1,random,5,0.0010512173175811768
GCN,101,23,0.1,random,6,0.007046610116958618
GCN,101,23,0.1,random,7,0.006874382495880127
GCN,101,23,0.1,random,8,0.010251909494400024
GCN,101,23,0.1,random,9,0.0037465691566467285
GCN,101,23,0.1,random,10,0.01194790005683899
GCN,101,23,0.1,random,11,0.003483593463897705
GCN,101,23,0.1,random,12,0.009347736835479736
GCN,101,23,0.1,random,13,0.006959825754165649
GCN,101,23,0.1,random,14,0.00650373101234436
GCN,101,23,0.1,random,15,0.006397277116775513
GCN,101,23,0.1,random,16,0.006002157926559448
GCN,101,23,0.1,random,17,0.0015738308429718018
GCN,101,23,0.1,random,18,0.006002157926559448
GCN,101,23,0.1,random,19,0.0004852414131164551
GCN,101,23,0.2,gnnexplainer,-1,0.014433711767196655
GCN,101,23,0.2,random,0,0.00041422247886657715
GCN,101,23,0.2,random,1,0.01670852303504944
GCN,101,23,0.2,random,2,0.008494317531585693
GCN,101,23,0.2,random,3,0.005853027105331421
GCN,101,23,0.2,random,4,0.011933714151382446
GCN,101,23,0.2,random,5,0.0026439130306243896
GCN,101,23,0.2,random,6,0.02930125594139099
GCN,101,23,0.2,random,7,0.004810303449630737
GCN,101,23,0.2,random,8,0.010417759418487549
GCN,101,23,0.2,random,9,0.019225865602493286
GCN,101,23,0.2,random,10,0.016741544008255005
GCN,101,23,0.2,random,11,-0.012632757425308228
GCN,101,23,0.2,random,12,0.013883411884307861
GCN,101,23,0.2,random,13,0.02160853147506714
GCN,101,23,0.2,random,14,0.01892644166946411
GCN,101,23,0.2,random,15,0.011949121952056885
GCN,101,23,0.2,random,16,-0.0029455721378326416
GCN,101,23,0.2,random,17,0.01298898458480835
GCN,101,23,0.2,random,18,0.008943498134613037
GCN,101,23,0.2,random,19,-0.0002951323986053467
GCN,101,37,0.05,gnnexplainer,-1,0.003658384084701538
GCN,101,37,0.05,random,0,0.005646765232086182
GCN,101,37,0.05,random,1,0.006087005138397217
GCN,101,37,0.05,random,2,-0.0063957273960113525
GCN,101,37,0.05,random,3,0.006087005138397217
GCN,101,37,0.05,random,4,0.012073695659637451
GCN,101,37,0.05,random,5,0.003782302141189575
GCN,101,37,0.05,random,6,-0.0063957273960113525
GCN,101,37,0.05,random,7,0.0011411309242248535
GCN,101,37,0.05,random,8,0.006087005138397217
GCN,101,37,0.05,random,9,0.0021154582500457764
GCN,101,37,0.05,random,10,0.003782302141189575
GCN,101,37,0.05,random,11,0.005777269601821899
GCN,101,37,0.05,random,12,0.005646765232086182
GCN,101,37,0.05,random,13,0.004178225994110107
GCN,101,37,0.05,random,14,0.006087005138397217
GCN,101,37,0.05,random,15,-0.001638174057006836
GCN,101,37,0.05,random,16,0.012073695659637451
GCN,101,37,0.05,random,17,0.005777269601821899
GCN,101,37,0.05,random,18,0.003658384084701538
GCN,101,37,0.05,random,19,0.0021154582500457764
GCN,101,37,0.1,gnnexplainer,-1,0.0015738308429718018
GCN,101,37,0.1,random,0,-0.0008527934551239014
GCN,101,37,0.1,random,1,0.015684902667999268
GCN,101,37,0.1,random,2,0.009849101305007935
GCN,101,37,0.1,random,3,0.013881474733352661
GCN,101,37,0.1,random,4,0.0017694532871246338
GCN,101,37,0.1,random,5,-0.0026144683361053467
GCN,101,37,0.1,random,6,0.0017694532871246338
GCN,101,37,0.1,random,7,0.0055280327796936035
GCN,101,37,0.1,random,8,0.023327738046646118
GCN,101,37,0.1,random,9,0.00980609655380249
GCN,101,37,0.1,random,10,0.010940700769424438
GCN,101,37,0.1,random,11,0.0015738308429718018
GCN,101,37,0.1,random,12,0.00873151421546936
GCN,101,37,0.1,random,13,0.006002157926559448
GCN,101,37,0.1,random,14,0.0165804922580719
GCN,101,37,0.1,random,15,0.018249332904815674
GCN,101,37,0.1,random,16,0.015467077493667603
GCN,101,37,0.1,random,17,0.009347736835479736
GCN,101,37,0.1,random,18,0.0017694532871246338
GCN,101,37,0.1,random,19,0.00931742787361145
GCN,101,37,0.2,gnnexplainer,-1,0.003571063280105591
GCN,101,37,0.2,random,0,-0.0009008049964904785
GCN,101,37,0.2,random,1,0.017359793186187744
GCN,101,37,0.2,random,2,0.005325138568878174
GCN,101,37,0.2,random,3,0.002884805202484131
GCN,101,37,0.2,random,4,0.01519399881362915
GCN,101,37,0.2,random,5,0.01705077290534973
GCN,101,37,0.2,random,6,0.006503552198410034
GCN,101,37,0.2,random,7,0.006458938121795654
GCN,101,37,0.2,random,8,0.020364224910736084
GCN,101,37,0.2,random,9,0.023234903812408447
GCN,101,37,0.2,random,10,0.009558826684951782
GCN,101,37,0.2,random,11,0.01170244812965393
GCN,101,37,0.2,random,12,0.01900884509086609
GCN,101,37,0.2,random,13,0.012589603662490845
GCN,101,37,0.2,random,14,0.01831880211830139
GCN,101,37,0.2,random,15,0.008002221584320068
GCN,101,37,0.2,random,16,0.018263667821884155
GCN,101,37,0.2,random,17,0.004844754934310913
GCN,101,37,0.2,random,18,0.002378612756729126
GCN,101,37,0.2,random,19,0.018263667821884155
GCN,102,11,0.05,gnnexplainer,-1,0.06324291229248047
GCN,102,11,0.05,random,0,0.008327901363372803
GCN,102,11,0.05,random,1,0.023682773113250732
GCN,102,11,0.05,random,2,0.018178164958953857
GCN,102,11,0.05,random,3,-0.005895733833312988
GCN,102,11,0.05,random,4,-0.0003394484519958496
GCN,102,11,0.05,random,5,0.022787630558013916
GCN,102,11,0.05,random,6,0.016249358654022217
GCN,102,11,0.05,random,7,0.014778971672058105
GCN,102,11,0.05,random,8,0.013384222984313965
GCN,102,11,0.05,random,9,-0.0032358765602111816
GCN,102,11,0.05,random,10,0.021762847900390625
GCN,102,11,0.05,random,11,-0.00900202989578247
GCN,102,11,0.05,random,12,-0.003583967685699463
GCN,102,11,0.05,random,13,0.05575627088546753
GCN,102,11,0.05,random,14,0.02949202060699463
GCN,102,11,0.05,random,15,-0.0006487369537353516
GCN,102,11,0.05,random,16,-0.0015881657600402832
GCN,102,11,0.05,random,17,0.048051655292510986
GCN,102,11,0.05,random,18,-0.0005416274070739746
GCN,102,11,0.05,random,19,0.01026308536529541
GCN,102,11,0.1,gnnexplainer,-1,0.09104382991790771
GCN,102,11,0.1,random,0,0.01280444860458374
GCN,102,11,0.1,random,1,0.048574745655059814
GCN,102,11,0.1,random,2,0.003960907459259033
GCN,102,11,0.1,random,3,-0.005790531635284424
GCN,102,11,0.1,random,4,0.01198875904083252
GCN,102,11,0.1,random,5,0.03205597400665283
GCN,102,11,0.1,random,6,0.02090221643447876
GCN,102,11,0.1,random,7,0.023855388164520264
GCN,102,11,0.1,random,8,0.024134576320648193
GCN,102,11,0.1,random,9,0.05893188714981079
GCN,102,11,0.1,random,10,0.008453905582427979
GCN,102,11,0.1,random,11,-0.0026189684867858887
GCN,102,11,0.1,random,12,0.0032423734664916992
GCN,102,11,0.1,random,13,0.02269953489303589
GCN,102,11,0.1,random,14,-0.004492759704589844
GCN,102,11,0.1,random,15,0.05135065317153931
GCN,102,11,0.1,random,16,0.022109568119049072
GCN,102,11,0.1,random,17,-0.007871627807617188
GCN,102,11,0.1,random,18,0.050287842750549316
GCN,102,11,0.1,random,19,0.06448405981063843
GCN,102,11,0.2,gnnexplainer,-1,0.12871605157852173
GCN,102,11,0.2,random,0,0.06170433759689331
GCN,102,11,0.2,random,1,0.04670751094818115
GCN,102,11,0.2,random,2,0.06164520978927612
GCN,102,11,0.2,random,3,0.04988914728164673
GCN,102,11,0.2,random,4,0.044103264808654785
GCN,102,11,0.2,random,5,0.0016110539436340332
GCN,102,11,0.2,random,6,0.008849561214447021
GCN,102,11,0.2,random,7,0.10034877061843872
GCN,102,11,0.2,random,8,0.0421866774559021
GCN,102,11,0.2,random,9,0.10152179002761841
GCN,102,11,0.2,random,10,0.040431439876556396
GCN,102,11,0.2,random,11,0.026659131050109863
GCN,102,11,0.2,random,12,0.011578738689422607
GCN,102,11,0.2,random,13,0.028320014476776123
GCN,102,11,0.2,random,14,0.019173800945281982
GCN,102,11,0.2,random,15,0.07055562734603882
GCN,102,11,0.2,random,16,0.014854848384857178
GCN,102,11,0.2,random,17,0.01297062635421753
GCN,102,11,0.2,random,18,0.02802407741546631
GCN,102,11,0.2,random,19,0.029276549816131592
GCN,102,23,0.05,gnnexplainer,-1,0.06194812059402466
GCN,102,23,0.05,random,0,0.005756795406341553
GCN,102,23,0.05,random,1,-0.019975244998931885
GCN,102,23,0.05,random,2,0.012940585613250732
GCN,102,23,0.05,random,3,0.016776442527770996
GCN,102,23,0.05,random,4,0.022374749183654785
GCN,102,23,0.05,random,5,0.007195889949798584
GCN,102,23,0.05,random,6,0.030720293521881104
GCN,102,23,0.05,random,7,0.03848057985305786
GCN,102,23,0.05,random,8,-0.0016651153564453125
GCN,102,23,0.05,random,9,-0.011926412582397461
GCN,102,23,0.05,random,10,-0.01026308536529541
GCN,102,23,0.05,random,11,0.011672139167785645
GCN,102,23,0.05,random,12,0.013483047485351562
GCN,102,23,0.05,random,13,0.000498652458190918
GCN,102,23,0.05,random,14,0.012459635734558105
GCN,102,23,0.05,random,15,0.04347139596939087
GCN,102,23,0.05,random,16,0.00530010461807251
GCN,102,23,0.05,random,17,-0.00900202989578247
GCN,102,23,0.05,random,18,0.02222001552581787
GCN,102,23,0.05,random,19,0.01346677541732788
GCN,102,23,0.1,gnnexplainer,-1,0.09244781732559204
GCN,102,23,0.1,random,0,0.059461772441864014
GCN,102,23,0.1,random,1,0.0163155198097229
GCN,102,23,0.1,random,2,0.04571741819381714
GCN,102,23,0.1,random,3,0.0020236968994140625
GCN,102,23,0.1,random,4,0.0471571683883667
GCN,102,23,0.1,random,5,0.0067525506019592285
GCN,102,23,0.1,random,6,0.03156203031539917
GCN,102,23,0.1,random,7,0.02485281229019165
GCN,102,23,0.1,random,8,0.018335163593292236
GCN,102,23,0.1,random,9,-0.0024262070655822754
GCN,102,23,0.1,random,10,0.01510775089263916
GCN,102,23,0.1,random,11,-0.005129456520080566
GCN,102,23,0.1,random,12,0.021677613258361816
GCN,102,23,0.1,random,13,0.06598466634750366
GCN,102,23,0.1,random,14,0.003068387508392334
GCN,102,23,0.1,random,15,0.0024005770683288574
GCN,102,23,0.1,random,16,0.004252731800079346
GCN,102,23,0.1,random,17,0.02007979154586792
GCN,102,23,0.1,random,18,0.023858845233917236
GCN,102,23,0.1,random,19,0.02485281229019165
GCN,102,23,0.2,gnnexplainer,-1,0.13690215349197388
GCN,102,23,0.2,random,0,-0.01553964614868164
GCN,102,23,0.2,random,1,0.018251359462738037
GCN,102,23,0.2,random,2,0.0011913180351257324
GCN,102,23,0.2,random,3,0.02421504259109497
GCN,102,23,0.2,random,4,0.016739368438720703
GCN,102,23,0.2,random,5,0.0356329083442688
GCN,102,23,0.2,random,6,0.0634993314743042
GCN,102,23,0.2,random,7,0.05582493543624878
GCN,102,23,0.2,random,8,0.09492391347885132
GCN,102,23,0.2,random,9,0.01210850477218628
GCN,102,23,0.2,random,10,0.03331238031387329
GCN,102,23,0.2,random,11,0.02301090955734253
GCN,102,23,0.2,random,12,0.047046005725860596
GCN,102,23,0.2,random,13,0.041799068450927734
GCN,102,23,0.2,random,14,0.06545144319534302
GCN,102,23,0.2,random,15,0.032198429107666016
GCN,102,23,0.2,random,16,0.05412697792053223
GCN,102,23,0.2,random,17,0.058545053005218506
GCN,102,23,0.2,random,18,0.05335575342178345
GCN,102,23,0.2,random,19,-0.017868638038635254
GCN,102,37,0.05,gnnexplainer,-1,0.06324291229248047
GCN,102,37,0.05,random,0,-0.001964747905731201
GCN,102,37,0.05,random,1,-0.006208360195159912
GCN,102,37,0.05,random,2,0.03866153955459595
GCN,102,37,0.05,random,3,0.02198803424835205
GCN,102,37,0.05,random,4,0.0008245706558227539
GCN,102,37,0.05,random,5,-0.016405999660491943
GCN,102,37,0.05,random,6,0.013483047485351562
GCN,102,37,0.05,random,7,-0.00900202989578247
GCN,102,37,0.05,random,8,0.03715616464614868
GCN,102,37,0.05,random,9,0.0219079852104187
GCN,102,37,0.05,random,10,-0.0039476752281188965
GCN,102,37,0.05,random,11,0.01353079080581665
GCN,102,37,0.05,random,12,0.029930710792541504
GCN,102,37,0.05,random,13,0.014229178428649902
GCN,102,37,0.05,random,14,0.013145744800567627
GCN,102,37,0.05,random,15,0.015925109386444092
GCN,102,37,0.05,random,16,-0.011626064777374268
GCN,102,37,0.05,random,17,0.011115670204162598
GCN,102,37,0.05,random,18,0.018558382987976074
GCN,102,37,0.05,random,19,0.035880982875823975
GCN,102,37,0.1,gnnexplainer,-1,0.09375965595245361
GCN,102,37,0.1,random,0,-0.006466269493103027
GCN,102,37,0.1,random,1,0.027550339698791504
GCN,102,37,0.1,random,2,0.02146381139755249
GCN,102,37,0.1,random,3,0.020833075046539307
GCN,102,37,0.1,random,4,0.032179057598114014
GCN,102,37,0.1,random,5,0.01197803020477295
GCN,102,37,0.1,random,6,0.022952914237976074
GCN,102,37,0.1,random,7,-0.008015811443328857
GCN,102,37,0.1,random,8,0.005482852458953857
GCN,102,37,0.1,random,9,0.012678205966949463
GCN,102,37,0.1,random,10,0.013995110988616943
GCN,102,37,0.1,random,11,0.024164199829101562
GCN,102,37,0.1,random,12,0.034469544887542725
GCN,102,37,0.1,random,13,0.041117846965789795
GCN,102,37,0.1,random,14,0.04590046405792236
GCN,102,37,0.1,random,15,-0.0049782395362854
GCN,102,37,0.1,random,16,0.02488917112350464
GCN,102,37,0.1,random,17,0.03762120008468628
GCN,102,37,0.1,random,18,0.0071524977684021
GCN,102,37,0.1,random,19,0.03476494550704956
GCN,102,37,0.2,gnnexplainer,-1,0.14216414093971252
GCN,102,37,0.2,random,0,0.004772841930389404
GCN,102,37,0.2,random,1,0.10297620296478271
GCN,102,37,0.2,random,2,0.009288251399993896
GCN,102,37,0.2,random,3,0.03848522901535034
GCN,102,37,0.2,random,4,0.08667314052581787
GCN,102,37,0.2,random,5,0.042106568813323975
GCN,102,37,0.2,random,6,0.017463862895965576
GCN,102,37,0.2,random,7,0.04061782360076904
GCN,102,37,0.2,random,8,0.07979661226272583
GCN,102,37,0.2,random,9,-0.005498290061950684
GCN,102,37,0.2,random,10,0.05160176753997803
GCN,102,37,0.2,random,11,0.012568354606628418
GCN,102,37,0.2,random,12,0.02476733922958374
GCN,102,37,0.2,random,13,0.0560031533241272
GCN,102,37,0.2,random,14,0.08329194784164429
GCN,102,37,0.2,random,15,0.011935055255889893
GCN,102,37,0.2,random,16,0.04640817642211914
GCN,102,37,0.2,random,17,0.029953300952911377
GCN,102,37,0.2,random,18,0.05036097764968872
GCN,102,37,0.2,random,19,0.028174936771392822
GCN,106,11,0.05,gnnexplainer,-1,0.0485190749168396
GCN,106,11,0.05,random,0,0.01361989974975586
GCN,106,11,0.05,random,1,0.009280920028686523
GCN,106,11,0.05,random,2,0.004842042922973633
GCN,106,11,0.05,random,3,0.015457987785339355
GCN,106,11,0.05,random,4,0.018998026847839355
GCN,106,11,0.05,random,5,0.006807088851928711
GCN,106,11,0.05,random,6,0.027344107627868652
GCN,106,11,0.05,random,7,0.012637495994567871
GCN,106,11,0.05,random,8,0.021553874015808105
GCN,106,11,0.05,random,9,0.015616416931152344
GCN,106,11,0.05,random,10,0.0127028226852417
GCN,106,11,0.05,random,11,0.011523723602294922
GCN,106,11,0.05,random,12,0.012818217277526855
GCN,106,11,0.05,random,13,0.028456568717956543
GCN,106,11,0.05,random,14,0.023963451385498047
GCN,106,11,0.05,random,15,0.013887524604797363
GCN,106,11,0.05,random,16,0.01658838987350464
GCN,106,11,0.05,random,17,0.01583564281463623
GCN,106,11,0.05,random,18,0.013121068477630615
GCN,106,11,0.05,random,19,0.013039946556091309
GCN,106,11,0.1,gnnexplainer,-1,0.07983195781707764
GCN,106,11,0.1,random,0,0.01889270544052124
GCN,106,11,0.1,random,1,0.016963481903076172
GCN,106,11,0.1,random,2,0.037681758403778076
GCN,106,11,0.1,random,3,0.017969846725463867
GCN,106,11,0.1,random,4,0.012444674968719482
GCN,106,11,0.1,random,5,0.03581058979034424
GCN,106,11,0.1,random,6,0.038581669330596924
GCN,106,11,0.1,random,7,0.014484763145446777
GCN,106,11,0.1,random,8,0.035399794578552246
GCN,106,11,0.1,random,9,0.03463262319564819
GCN,106,11,0.1,random,10,0.027080655097961426
GCN,106,11,0.1,random,11,0.043570876121520996
GCN,106,11,0.1,random,12,0.023461103439331055
GCN,106,11,0.1,random,13,0.02244722843170166
GCN,106,11,0.1,random,14,0.026175975799560547
GCN,106,11,0.1,random,15,0.015795409679412842
GCN,106,11,0.1,random,16,0.012995719909667969
GCN,106,11,0.1,random,17,0.0346451997756958
GCN,106,11,0.1,random,18,0.0186423659324646
GCN,106,11,0.1,random,19,0.03248262405395508
GCN,106,11,0.2,gnnexplainer,-1,0.11301392316818237
GCN,106,11,0.2,random,0,0.05642092227935791
GCN,106,11,0.2,random,1,0.041338205337524414
GCN,106,11,0.2,random,2,0.07097393274307251
GCN,106,11,0.2,random,3,0.06319713592529297
GCN,106,11,0.2,random,4,0.04055303335189819
GCN,106,11,0.2,random,5,0.0652310848236084
GCN,106,11,0.2,random,6,0.061467528343200684
GCN,106,11,0.2,random,7,0.057335495948791504
GCN,106,11,0.2,random,8,0.06421613693237305
GCN,106,11,0.2,random,9,0.051928043365478516
GCN,106,11,0.2,random,10,0.04673194885253906
GCN,106,11,0.2,random,11,0.04651963710784912
GCN,106,11,0.2,random,12,0.05494207143783569
GCN,106,11,0.2,random,13,0.05438512563705444
GCN,106,11,0.2,random,14,0.05369853973388672
GCN,106,11,0.2,random,15,0.04148375988006592
GCN,106,11,0.2,random,16,0.0649271011352539
GCN,106,11,0.2,random,17,0.0451887845993042
GCN,106,11,0.2,random,18,0.03974628448486328
GCN,106,11,0.2,random,19,0.04464370012283325
GCN,106,23,0.05,gnnexplainer,-1,0.04763627052307129
GCN,106,23,0.05,random,0,0.007828831672668457
GCN,106,23,0.05,random,1,0.014197289943695068
GCN,106,23,0.05,random,2,-0.004365503787994385
GCN,106,23,0.05,random,3,0.01226872205734253
GCN,106,23,0.05,random,4,0.014033734798431396
GCN,106,23,0.05,random,5,0.006182849407196045
GCN,106,23,0.05,random,6,0.01850306987762451
GCN,106,23,0.05,random,7,0.008470892906188965
GCN,106,23,0.05,random,8,0.013586878776550293
GCN,106,23,0.05,random,9,0.011303126811981201
GCN,106,23,0.05,random,10,0.008899688720703125
GCN,106,23,0.05,random,11,0.011364459991455078
GCN,106,23,0.05,random,12,0.006460070610046387
GCN,106,23,0.05,random,13,0.007374405860900879
GCN,106,23,0.05,random,14,0.013485610485076904
GCN,106,23,0.05,random,15,0.011381149291992188
GCN,106,23,0.05,random,16,0.01128453016281128
GCN,106,23,0.05,random,17,0.023253440856933594
GCN,106,23,0.05,random,18,0.014654397964477539
GCN,106,23,0.05,random,19,0.014133572578430176
GCN,106,23,0.1,gnnexplainer,-1,0.07732248306274414
GCN,106,23,0.1,random,0,0.031282663345336914
GCN,106,23,0.1,random,1,0.01913928985595703
GCN,106,23,0.1,random,2,0.018907666206359863
GCN,106,23,0.1,random,3,0.03560131788253784
GCN,106,23,0.1,random,4,0.03615289926528931
GCN,106,23,0.1,random,5,0.03663527965545654
GCN,106,23,0.1,random,6,0.026742875576019287
GCN,106,23,0.1,random,7,0.02380692958831787
GCN,106,23,0.1,random,8,0.021375060081481934
GCN,106,23,0.1,random,9,0.02203124761581421
GCN,106,23,0.1,random,10,0.03893482685089111
GCN,106,23,0.1,random,11,0.030836820602416992
GCN,106,23,0.1,random,12,0.027151107788085938
GCN,106,23,0.1,random,13,0.031364381313323975
GCN,106,23,0.1,random,14,0.02877628803253174
GCN,106,23,0.1,random,15,0.044571876525878906
GCN,106,23,0.1,random,16,0.035888671875
GCN,106,23,0.1,random,17,0.031089186668395996
GCN,106,23,0.1,random,18,0.013429641723632812
GCN,106,23,0.1,random,19,0.022180378437042236
GCN,106,23,0.2,gnnexplainer,-1,0.10694563388824463
GCN,106,23,0.2,random,0,0.0711907148361206
GCN,106,23,0.2,random,1,0.06509101390838623
GCN,106,23,0.2,random,2,0.052331626415252686
GCN,106,23,0.2,random,3,0.07626962661743164
GCN,106,23,0.2,random,4,0.04393291473388672
GCN,106,23,0.2,random,5,0.04665637016296387
GCN,106,23,0.2,random,6,0.06942367553710938
GCN,106,23,0.2,random,7,0.050179243087768555
GCN,106,23,0.2,random,8,0.062034547328948975
GCN,106,23,0.2,random,9,0.05626332759857178
GCN,106,23,0.2,random,10,0.060690343379974365
GCN,106,23,0.2,random,11,0.03425472974777222
GCN,106,23,0.2,random,12,0.03932201862335205
GCN,106,23,0.2,random,13,0.05633944272994995
GCN,106,23,0.2,random,14,0.0470808744430542
GCN,106,23,0.2,random,15,0.05450618267059326
GCN,106,23,0.2,random,16,0.04313528537750244
GCN,106,23,0.2,random,17,0.04586368799209595
GCN,106,23,0.2,random,18,0.06680703163146973
GCN,106,23,0.2,random,19,0.05046975612640381
GCN,106,37,0.05,gnnexplainer,-1,0.04825878143310547
GCN,106,37,0.05,random,0,0.019620537757873535
GCN,106,37,0.05,random,1,0.009617269039154053
GCN,106,37,0.05,random,2,0.023335397243499756
GCN,106,37,0.05,random,3,0.028740406036376953
GCN,106,37,0.05,random,4,0.012946546077728271
GCN,106,37,0.05,random,5,0.03046882152557373
GCN,106,37,0.05,random,6,0.007809042930603027
GCN,106,37,0.05,random,7,0.019632816314697266
GCN,106,37,0.05,random,8,0.014393448829650879
GCN,106,37,0.05,random,9,0.0011954307556152344
GCN,106,37,0.05,random,10,0.01972174644470215
GCN,106,37,0.05,random,11,0.013198375701904297
GCN,106,37,0.05,random,12,0.013854742050170898
GCN,106,37,0.05,random,13,0.02189081907272339
GCN,106,37,0.05,random,14,0.022870898246765137
GCN,106,37,0.05,random,15,0.006723880767822266
GCN,106,37,0.05,random,16,0.0073479413986206055
GCN,106,37,0.05,random,17,0.00715482234954834
GCN,106,37,0.05,random,18,0.014971435070037842
GCN,106,37,0.05,random,19,0.01742684841156006
GCN,106,37,0.1,gnnexplainer,-1,0.08080196380615234
GCN,106,37,0.1,random,0,0.036265671253204346
GCN,106,37,0.1,random,1,0.02032029628753662
GCN,106,37,0.1,random,2,0.03175389766693115
GCN,106,37,0.1,random,3,0.020704686641693115
GCN,106,37,0.1,random,4,0.04048764705657959
GCN,106,37,0.1,random,5,0.020287692546844482
GCN,106,37,0.1,random,6,0.02776491641998291
GCN,106,37,0.1,random,7,0.0231478214263916
GCN,106,37,0.1,random,8,0.02534472942352295
GCN,106,37,0.1,random,9,0.015700995922088623
GCN,106,37,0.1,random,10,0.02318805456161499
GCN,106,37,0.1,random,11,0.019423604011535645
GCN,106,37,0.1,random,12,0.01733797788619995
GCN,106,37,0.1,random,13,0.030474185943603516
GCN,106,37,0.1,random,14,0.030491769313812256
GCN,106,37,0.1,random,15,0.02257513999938965
GCN,106,37,0.1,random,16,0.028436779975891113
GCN,106,37,0.1,random,17,0.02574920654296875
GCN,106,37,0.1,random,18,0.019697129726409912
GCN,106,37,0.1,random,19,0.026777327060699463
GCN,106,37,0.2,gnnexplainer,-1,0.10723209381103516
GCN,106,37,0.2,random,0,0.04172170162200928
GCN,106,37,0.2,random,1,0.04310959577560425
GCN,106,37,0.2,random,2,0.05651497840881348
GCN,106,37,0.2,random,3,0.042601823806762695
GCN,106,37,0.2,random,4,0.04497712850570679
GCN,106,37,0.2,random,5,0.07937979698181152
GCN,106,37,0.2,random,6,0.05077594518661499
GCN,106,37,0.2,random,7,0.06504762172698975
GCN,106,37,0.2,random,8,0.04465740919113159
GCN,106,37,0.2,random,9,0.03078615665435791
GCN,106,37,0.2,random,10,0.06963181495666504
GCN,106,37,0.2,random,11,0.02758634090423584
GCN,106,37,0.2,random,12,0.03451061248779297
GCN,106,37,0.2,random,13,0.05832862854003906
GCN,106,37,0.2,random,14,0.060962975025177
GCN,106,37,0.2,random,15,0.05390524864196777
GCN,106,37,0.2,random,16,0.04379165172576904
GCN,106,37,0.2,random,17,0.04707145690917969
GCN,106,37,0.2,random,18,0.0818338394165039
GCN,106,37,0.2,random,19,0.043115079402923584
GCN,118,11,0.05,gnnexplainer,-1,0.059169232845306396
GCN,118,11,0.05,random,0,0.013305842876434326
GCN,118,11,0.05,random,1,0.028142154216766357
GCN,118,11,0.05,random,2,-0.005749642848968506
GCN,118,11,0.05,random,3,0.007772684097290039
GCN,118,11,0.05,random,4,0.01339942216873169
GCN,118,11,0.05,random,5,0.034897804260253906
GCN,118,11,0.05,random,6,0.01837259531021118
GCN,118,11,0.05,random,7,0.0029645562171936035
GCN,118,11,0.05,random,8,0.04336649179458618
GCN,118,11,0.05,random,9,-1.5795230865478516e-05
GCN,118,11,0.05,random,10,-0.008762538433074951
GCN,118,11,0.05,random,11,0.0027722716331481934
GCN,118,11,0.05,random,12,0.02929377555847168
GCN,118,11,0.05,random,13,-0.0007958412170410156
GCN,118,11,0.05,random,14,0.010151565074920654
GCN,118,11,0.05,random,15,0.017795324325561523
GCN,118,11,0.05,random,16,0.032417118549346924
GCN,118,11,0.05,random,17,-0.002754509449005127
GCN,118,11,0.05,random,18,0.00419992208480835
GCN,118,11,0.05,random,19,0.0067389607429504395
GCN,118,11,0.1,gnnexplainer,-1,0.09286797046661377
GCN,118,11,0.1,random,0,0.0449637770652771
GCN,118,11,0.1,random,1,0.054368019104003906
GCN,118,11,0.1,random,2,0.044367849826812744
GCN,118,11,0.1,random,3,0.004376828670501709
GCN,118,11,0.1,random,4,0.02726036310195923
GCN,118,11,0.1,random,5,0.03767597675323486
GCN,118,11,0.1,random,6,-0.003849506378173828
GCN,118,11,0.1,random,7,0.01663726568222046
GCN,118,11,0.1,random,8,0.05356365442276001
GCN,118,11,0.1,random,9,-0.0030701160430908203
GCN,118,11,0.1,random,10,0.0071471333503723145
GCN,118,11,0.1,random,11,0.020852088928222656
GCN,118,11,0.1,random,12,0.013593196868896484
GCN,118,11,0.1,random,13,0.026394546031951904
GCN,118,11,0.1,random,14,0.018455564975738525
GCN,118,11,0.1,random,15,0.03809255361557007
GCN,118,11,0.1,random,16,0.021868228912353516
GCN,118,11,0.1,random,17,0.020573556423187256
GCN,118,11,0.1,random,18,0.013721585273742676
GCN,118,11,0.1,random,19,0.002431333065032959
GCN,118,11,0.2,gnnexplainer,-1,0.1599038541316986
GCN,118,11,0.2,random,0,0.04149913787841797
GCN,118,11,0.2,random,1,-0.015144824981689453
GCN,118,11,0.2,random,2,0.022620737552642822
GCN,118,11,0.2,random,3,-0.0011661648750305176
GCN,118,11,0.2,random,4,0.03478288650512695
GCN,118,11,0.2,random,5,0.009579956531524658
GCN,118,11,0.2,random,6,0.03185385465621948
GCN,118,11,0.2,random,7,0.06829935312271118
GCN,118,11,0.2,random,8,0.0328487753868103
GCN,118,11,0.2,random,9,0.040672898292541504
GCN,118,11,0.2,random,10,0.08255648612976074
GCN,118,11,0.2,random,11,0.05580711364746094
GCN,118,11,0.2,random,12,0.08969861268997192
GCN,118,11,0.2,random,13,0.0062583088874816895
GCN,118,11,0.2,random,14,0.08051055669784546
GCN,118,11,0.2,random,15,0.06471073627471924
GCN,118,11,0.2,random,16,0.09651371836662292
GCN,118,11,0.2,random,17,0.010076701641082764
GCN,118,11,0.2,random,18,0.04063302278518677
GCN,118,11,0.2,random,19,0.06216120719909668
GCN,118,23,0.05,gnnexplainer,-1,0.059169232845306396
GCN,118,23,0.05,random,0,0.011075317859649658
GCN,118,23,0.05,random,1,-0.008268892765045166
GCN,118,23,0.05,random,2,-0.002062857151031494
GCN,118,23,0.05,random,3,-0.00557398796081543
GCN,118,23,0.05,random,4,-0.009934842586517334
GCN,118,23,0.05,random,5,0.02324599027633667
GCN,118,23,0.05,random,6,0.015081346035003662
GCN,118,23,0.05,random,7,-0.0013599991798400879
GCN,118,23,0.05,random,8,0.005474269390106201
GCN,118,23,0.05,random,9,0.014810144901275635
GCN,118,23,0.05,random,10,0.02512413263320923
GCN,118,23,0.05,random,11,0.020321965217590332
GCN,118,23,0.05,random,12,0.006563961505889893
GCN,118,23,0.05,random,13,0.012523472309112549
GCN,118,23,0.05,random,14,0.009203851222991943
GCN,118,23,0.05,random,15,-0.0120963454246521
GCN,118,23,0.05,random,16,0.0005477070808410645
GCN,118,23,0.05,random,17,0.0014081597328186035
GCN,118,23,0.05,random,18,-0.008581697940826416
GCN,118,23,0.05,random,19,0.03291994333267212
GCN,118,23,0.1,gnnexplainer,-1,0.09286797046661377
GCN,118,23,0.1,random,0,0.018223047256469727
GCN,118,23,0.1,random,1,-0.01425868272781372
GCN,118,23,0.1,random,2,0.015689194202423096
GCN,118,23,0.1,random,3,-0.0072591304779052734
GCN,118,23,0.1,random,4,0.01713484525680542
GCN,118,23,0.1,random,5,0.03384757041931152
GCN,118,23,0.1,random,6,0.058477580547332764
GCN,118,23,0.1,random,7,0.03717660903930664
GCN,118,23,0.1,random,8,0.0364530086517334
GCN,118,23,0.1,random,9,0.004502236843109131
GCN,118,23,0.1,random,10,0.017997264862060547
GCN,118,23,0.1,random,11,0.006060659885406494
GCN,118,23,0.1,random,12,0.0019078850746154785
GCN,118,23,0.1,random,13,0.005859673023223877
GCN,118,23,0.1,random,14,0.029135525226593018
GCN,118,23,0.1,random,15,0.04695945978164673
GCN,118,23,0.1,random,16,0.020633041858673096
GCN,118,23,0.1,random,17,0.0030131936073303223
GCN,118,23,0.1,random,18,-0.003836393356323242
GCN,118,23,0.1,random,19,0.018989741802215576
GCN,118,23,0.2,gnnexplainer,-1,0.14580607414245605
GCN,118,23,0.2,random,0,0.04558032751083374
GCN,118,23,0.2,random,1,0.036616623401641846
GCN,118,23,0.2,random,2,0.022460997104644775
GCN,118,23,0.2,random,3,0.05008667707443237
GCN,118,23,0.2,random,4,-0.0023267269134521484
GCN,118,23,0.2,random,5,0.01203984022140503
GCN,118,23,0.2,random,6,0.06353205442428589
GCN,118,23,0.2,random,7,0.010941624641418457
GCN,118,23,0.2,random,8,0.029893696308135986
GCN,118,23,0.2,random,9,0.03585714101791382
GCN,118,23,0.2,random,10,0.04510527849197388
GCN,118,23,0.2,random,11,0.006368696689605713
GCN,118,23,0.2,random,12,0.05941206216812134
GCN,118,23,0.2,random,13,0.014420688152313232
GCN,118,23,0.2,random,14,0.007693052291870117
GCN,118,23,0.2,random,15,0.07375901937484741
GCN,118,23,0.2,random,16,0.0251198410987854
GCN,118,23,0.2,random,17,0.07798582315444946
GCN,118,23,0.2,random,18,0.03255128860473633
GCN,118,23,0.2,random,19,0.06899076700210571
GCN,118,37,0.05,gnnexplainer,-1,0.05061537027359009
GCN,118,37,0.05,random,0,0.014799773693084717
GCN,118,37,0.05,random,1,-0.00041800737380981445
GCN,118,37,0.05,random,2,0.010876476764678955
GCN,118,37,0.05,random,3,-0.00545269250869751
GCN,118,37,0.05,random,4,-0.0012968182563781738
GCN,118,37,0.05,random,5,0.009814798831939697
GCN,118,37,0.05,random,6,-0.003042280673980713
GCN,118,37,0.05,random,7,0.01251894235610962
GCN,118,37,0.05,random,8,0.010977625846862793
GCN,118,37,0.05,random,9,0.032417118549346924
GCN,118,37,0.05,random,10,-0.0076406002044677734
GCN,118,37,0.05,random,11,0.004038989543914795
GCN,118,37,0.05,random,12,-0.0006158947944641113
GCN,118,37,0.05,random,13,0.035369932651519775
GCN,118,37,0.05,random,14,0.01910853385925293
GCN,118,37,0.05,random,15,-0.001605689525604248
GCN,118,37,0.05,random,16,0.018684566020965576
GCN,118,37,0.05,random,17,-0.008163750171661377
GCN,118,37,0.05,random,18,0.0035595297813415527
GCN,118,37,0.05,random,19,0.029362499713897705
GCN,118,37,0.1,gnnexplainer,-1,0.09868431091308594
GCN,118,37,0.1,random,0,-0.0016002058982849121
GCN,118,37,0.1,random,1,0.021555542945861816
GCN,118,37,0.1,random,2,0.031247615814208984
GCN,118,37,0.1,random,3,-0.001107633113861084
GCN,118,37,0.1,random,4,-0.0031728744506835938
GCN,118,37,0.1,random,5,0.017847120761871338
GCN,118,37,0.1,random,6,0.0073874592781066895
GCN,118,37,0.1,random,7,-0.0009033679962158203
GCN,118,37,0.1,random,8,0.014482498168945312
GCN,118,37,0.1,random,9,0.021292388439178467
GCN,118,37,0.1,random,10,0.021680057048797607
GCN,118,37,0.1,random,11,-0.005326032638549805
GCN,118,37,0.1,random,12,0.021619558334350586
GCN,118,37,0.1,random,13,-0.01854461431503296
GCN,118,37,0.1,random,14,0.01981830596923828
GCN,118,37,0.1,random,15,0.04503852128982544
GCN,118,37,0.1,random,16,0.02697521448135376
GCN,118,37,0.1,random,17,0.022767722606658936
GCN,118,37,0.1,random,18,0.003789663314819336
GCN,118,37,0.1,random,19,0.04501473903656006
GCN,118,37,0.2,gnnexplainer,-1,0.1268807351589203
GCN,118,37,0.2,random,0,0.0407404899597168
GCN,118,37,0.2,random,1,0.06307703256607056
GCN,118,37,0.2,random,2,0.059901535511016846
GCN,118,37,0.2,random,3,0.052807629108428955
GCN,118,37,0.2,random,4,-0.014470100402832031
GCN,118,37,0.2,random,5,0.02048325538635254
GCN,118,37,0.2,random,6,0.05122530460357666
GCN,118,37,0.2,random,7,0.048315346240997314
GCN,118,37,0.2,random,8,0.025721430778503418
GCN,118,37,0.2,random,9,0.03508424758911133
GCN,118,37,0.2,random,10,0.014905750751495361
GCN,118,37,0.2,random,11,0.043542563915252686
GCN,118,37,0.2,random,12,0.05852872133255005
GCN,118,37,0.2,random,13,0.07440334558486938
GCN,118,37,0.2,random,14,0.027615725994110107
GCN,118,37,0.2,random,15,0.06370562314987183
GCN,118,37,0.2,random,16,0.042863428592681885
GCN,118,37,0.2,random,17,0.09085345268249512
GCN,118,37,0.2,random,18,0.046639859676361084
GCN,118,37,0.2,random,19,0.06313157081604004
GCN,120,11,0.05,gnnexplainer,-1,0.0007234513759613037
GCN,120,11,0.05,random,0,-0.002371370792388916
GCN,120,11,0.05,random,1,-0.0045018792152404785
GCN,120,11,0.05,random,2,-0.00471186637878418
GCN,120,11,0.05,random,3,0.0034155547618865967
GCN,120,11,0.05,random,4,0.00030040740966796875
GCN,120,11,0.05,random,5,0.004786193370819092
GCN,120,11,0.05,random,6,0.0018416643142700195
GCN,120,11,0.05,random,7,-0.004759371280670166
GCN,120,11,0.05,random,8,-0.005214005708694458
GCN,120,11,0.05,random,9,0.012294739484786987
GCN,120,11,0.05,random,10,-0.0018967688083648682
GCN,120,11,0.05,random,11,-0.00047206878662109375
GCN,120,11,0.05,random,12,2.473592758178711e-05
GCN,120,11,0.05,random,13,0.00043591856956481934
GCN,120,11,0.05,random,14,0.0006556510925292969
GCN,120,11,0.05,random,15,0.013722121715545654
GCN,120,11,0.05,random,16,-0.005009829998016357
GCN,120,11,0.05,random,17,0.0029417872428894043
GCN,120,11,0.05,random,18,-0.006264358758926392
GCN,120,11,0.05,random,19,-0.010667115449905396
GCN,120,11,0.1,gnnexplainer,-1,0.006968319416046143
GCN,120,11,0.1,random,0,0.012373805046081543
GCN,120,11,0.1,random,1,-0.004458099603652954
GCN,120,11,0.1,random,2,-0.004817873239517212
GCN,120,11,0.1,random,3,-0.017880797386169434
GCN,120,11,0.1,random,4,-0.024726063013076782
GCN,120,11,0.1,random,5,-0.014212280511856079
GCN,120,11,0.1,random,6,0.004742473363876343
GCN,120,11,0.1,random,7,0.011610984802246094
GCN,120,11,0.1,random,8,0.01513218879699707
GCN,120,11,0.1,random,9,-0.015392333269119263
GCN,120,11,0.1,random,10,-0.002184540033340454
GCN,120,11,0.1,random,11,0.00046706199645996094
GCN,120,11,0.1,random,12,0.006885260343551636
GCN,120,11,0.1,random,13,0.008327484130859375
GCN,120,11,0.1,random,14,-0.0039199888706207275
GCN,120,11,0.1,random,15,-0.016321808099746704
GCN,120,11,0.1,random,16,-0.02244335412979126
GCN,120,11,0.1,random,17,-0.017984539270401
GCN,120,11,0.1,random,18,-0.0025800764560699463
GCN,120,11,0.1,random,19,0.004595965147018433
GCN,120,11,0.2,gnnexplainer,-1,-0.002987682819366455
GCN,120,11,0.2,random,0,-0.037222445011138916
GCN,120,11,0.2,random,1,-0.005713403224945068
GCN,120,11,0.2,random,2,0.014284223318099976
GCN,120,11,0.2,random,3,-0.006242185831069946
GCN,120,11,0.2,random,4,-0.003622114658355713
GCN,120,11,0.2,random,5,-0.005446106195449829
GCN,120,11,0.2,random,6,0.011549413204193115
GCN,120,11,0.2,random,7,-0.02117180824279785
GCN,120,11,0.2,random,8,-0.014015436172485352
GCN,120,11,0.2,random,9,-0.016210466623306274
GCN,120,11,0.2,random,10,-0.022895514965057373
GCN,120,11,0.2,random,11,0.024833261966705322
GCN,120,11,0.2,random,12,-0.01843324303627014
GCN,120,11,0.2,random,13,-0.011618196964263916
GCN,120,11,0.2,random,14,-0.011308491230010986
GCN,120,11,0.2,random,15,-0.007778644561767578
GCN,120,11,0.2,random,16,-0.016179561614990234
GCN,120,11,0.2,random,17,-0.003572404384613037
GCN,120,11,0.2,random,18,0.010194659233093262
GCN,120,11,0.2,random,19,0.013317584991455078
GCN,120,23,0.05,gnnexplainer,-1,-0.005540043115615845
GCN,120,23,0.05,random,0,0.01119852066040039
GCN,120,23,0.05,random,1,-0.008373677730560303
GCN,120,23,0.05,random,2,0.007657527923583984
GCN,120,23,0.05,random,3,-0.006524205207824707
GCN,120,23,0.05,random,4,0.006248682737350464
GCN,120,23,0.05,random,5,0.003996461629867554
GCN,120,23,0.05,random,6,-0.006488204002380371
GCN,120,23,0.05,random,7,-0.007984757423400879
GCN,120,23,0.05,random,8,-0.006210267543792725
GCN,120,23,0.05,random,9,-0.003421097993850708
GCN,120,23,0.05,random,10,0.008056581020355225
GCN,120,23,0.05,random,11,-0.008785068988800049
GCN,120,23,0.05,random,12,0.008070796728134155
GCN,120,23,0.05,random,13,-0.010570347309112549
GCN,120,23,0.05,random,14,-0.005414366722106934
GCN,120,23,0.05,random,15,0.0013591945171356201
GCN,120,23,0.05,random,16,-0.008036494255065918
GCN,120,23,0.05,random,17,-0.01975896954536438
GCN,120,23,0.05,random,18,0.006468832492828369
GCN,120,23,0.05,random,19,0.005314677953720093
GCN,120,23,0.1,gnnexplainer,-1,-0.007608950138092041
GCN,120,23,0.1,random,0,-0.008215218782424927
GCN,120,23,0.1,random,1,0.013982385396957397
GCN,120,23,0.1,random,2,0.0035023093223571777
GCN,120,23,0.1,random,3,0.00540471076965332
GCN,120,23,0.1,random,4,-0.012200534343719482
GCN,120,23,0.1,random,5,0.0016004443168640137
GCN,120,23,0.1,random,6,-0.0011597871780395508
GCN,120,23,0.1,random,7,-0.009264737367630005
GCN,120,23,0.1,random,8,-0.009442150592803955
GCN,120,23,0.1,random,9,0.011732995510101318
GCN,120,23,0.1,random,10,0.0031323134899139404
GCN,120,23,0.1,random,11,-0.00036790966987609863
GCN,120,23,0.1,random,12,0.002591937780380249
GCN,120,23,0.1,random,13,-0.03335773944854736
GCN,120,23,0.1,random,14,-0.0044446587562561035
GCN,120,23,0.1,random,15,0.005665957927703857
GCN,120,23,0.1,random,16,-0.01342812180519104
GCN,120,23,0.1,random,17,-0.0024372637271881104
GCN,120,23,0.1,random,18,-0.011612653732299805
GCN,120,23,0.1,random,19,-0.005516529083251953
GCN,120,23,0.2,gnnexplainer,-1,-0.008843541145324707
GCN,120,23,0.2,random,0,0.0004697740077972412
GCN,120,23,0.2,random,1,0.01173478364944458
GCN,120,23,0.2,random,2,0.004540622234344482
GCN,120,23,0.2,random,3,-0.00989571213722229
GCN,120,23,0.2,random,4,0.00018581748008728027
GCN,120,23,0.2,random,5,0.018986552953720093
GCN,120,23,0.2,random,6,-0.005134165287017822
GCN,120,23,0.2,random,7,0.00043326616287231445
GCN,120,23,0.2,random,8,-0.01899045705795288
GCN,120,23,0.2,random,9,-0.01066318154335022
GCN,120,23,0.2,random,10,0.015895098447799683
GCN,120,23,0.2,random,11,0.00021982192993164062
GCN,120,23,0.2,random,12,0.010764002799987793
GCN,120,23,0.2,random,13,0.0014616847038269043
GCN,120,23,0.2,random,14,-0.029670268297195435
GCN,120,23,0.2,random,15,-0.010894775390625
GCN,120,23,0.2,random,16,-0.018805980682373047
GCN,120,23,0.2,random,17,0.0037221312522888184
GCN,120,23,0.2,random,18,-0.01021912693977356
GCN,120,23,0.2,random,19,-0.004667520523071289
GCN,120,37,0.05,gnnexplainer,-1,0.0077370405197143555
GCN,120,37,0.05,random,0,-0.008448660373687744
GCN,120,37,0.05,random,1,-0.007464170455932617
GCN,120,37,0.05,random,2,-0.003452688455581665
GCN,120,37,0.05,random,3,-0.0013135969638824463
GCN,120,37,0.05,random,4,0.0002071857452392578
GCN,120,37,0.05,random,5,0.008136361837387085
GCN,120,37,0.05,random,6,-0.004565030336380005
GCN,120,37,0.05,random,7,0.0014029741287231445
GCN,120,37,0.05,random,8,0.0024035871028900146
GCN,120,37,0.05,random,9,-0.0010505318641662598
GCN,120,37,0.05,random,10,-0.0071904659271240234
GCN,120,37,0.05,random,11,0.004954516887664795
GCN,120,37,0.05,random,12,-0.0028887391090393066
GCN,120,37,0.05,random,13,0.00937730073928833
GCN,120,37,0.05,random,14,0.004871666431427002
GCN,120,37,0.05,random,15,-0.009164988994598389
GCN,120,37,0.05,random,16,-0.004467397928237915
GCN,120,37,0.05,random,17,0.0005346238613128662
GCN,120,37,0.05,random,18,0.003434121608734131
GCN,120,37,0.05,random,19,0.007820308208465576
GCN,120,37,0.1,gnnexplainer,-1,0.0022629499435424805
GCN,120,37,0.1,random,0,0.016072213649749756
GCN,120,37,0.1,random,1,-0.01282578706741333
GCN,120,37,0.1,random,2,-0.005372196435928345
GCN,120,37,0.1,random,3,-0.007041811943054199
GCN,120,37,0.1,random,4,-0.019020557403564453
GCN,120,37,0.1,random,5,0.0039306581020355225
GCN,120,37,0.1,random,6,0.0003776252269744873
GCN,120,37,0.1,random,7,0.008470028638839722
GCN,120,37,0.1,random,8,0.011263251304626465
GCN,120,37,0.1,random,9,0.00650140643119812
GCN,120,37,0.1,random,10,-0.007818102836608887
GCN,120,37,0.1,random,11,-0.0005648434162139893
GCN,120,37,0.1,random,12,-0.0028731226921081543
GCN,120,37,0.1,random,13,0.009366601705551147
GCN,120,37,0.1,random,14,0.01663193106651306
GCN,120,37,0.1,random,15,-0.01269841194152832
GCN,120,37,0.1,random,16,0.007227510213851929
GCN,120,37,0.1,random,17,0.0004444718360900879
GCN,120,37,0.1,random,18,-0.018007099628448486
GCN,120,37,0.1,random,19,-0.00020185112953186035
GCN,120,37,0.2,gnnexplainer,-1,-0.0022419989109039307
GCN,120,37,0.2,random,0,0.030181586742401123
GCN,120,37,0.2,random,1,-0.007563173770904541
GCN,120,37,0.2,random,2,-0.00335732102394104
GCN,120,37,0.2,random,3,-0.014979511499404907
GCN,120,37,0.2,random,4,0.001837611198425293
GCN,120,37,0.2,random,5,-0.011524200439453125
GCN,120,37,0.2,random,6,0.006021469831466675
GCN,120,37,0.2,random,7,-0.01586061716079712
GCN,120,37,0.2,random,8,0.009813278913497925
GCN,120,37,0.2,random,9,-0.0136643648147583
GCN,120,37,0.2,random,10,-0.014740169048309326
GCN,120,37,0.2,random,11,-0.007788419723510742
GCN,120,37,0.2,random,12,-0.028963208198547363
GCN,120,37,0.2,random,13,-0.004646122455596924
GCN,120,37,0.2,random,14,0.0027111172676086426
GCN,120,37,0.2,random,15,-0.009876847267150879
GCN,120,37,0.2,random,16,-0.01927107572555542
GCN,120,37,0.2,random,17,-0.012112438678741455
GCN,120,37,0.2,random,18,-0.00618976354598999
GCN,120,37,0.2,random,19,-0.0015036165714263916
GCN,124,11,0.05,gnnexplainer,-1,0.028750896453857422
GCN,124,11,0.05,random,0,0.017185330390930176
GCN,124,11,0.05,random,1,0.011604845523834229
GCN,124,11,0.05,random,2,0.008294343948364258
GCN,124,11,0.05,random,3,0.008002519607543945
GCN,124,11,0.05,random,4,0.001927793025970459
GCN,124,11,0.05,random,5,0.011449038982391357
GCN,124,11,0.05,random,6,0.00870901346206665
GCN,124,11,0.05,random,7,0.0067716240882873535
GCN,124,11,0.05,random,8,0.01282268762588501
GCN,124,11,0.05,random,9,0.007280170917510986
GCN,124,11,0.05,random,10,0.007790863513946533
GCN,124,11,0.05,random,11,0.010581910610198975
GCN,124,11,0.05,random,12,0.011026978492736816
GCN,124,11,0.05,random,13,0.011451780796051025
GCN,124,11,0.05,random,14,0.004072129726409912
GCN,124,11,0.05,random,15,0.020368635654449463
GCN,124,11,0.05,random,16,0.013244390487670898
GCN,124,11,0.05,random,17,0.008563041687011719
GCN,124,11,0.05,random,18,0.01078575849533081
GCN,124,11,0.05,random,19,0.014376282691955566
GCN,124,11,0.1,gnnexplainer,-1,0.04269939661026001
GCN,124,11,0.1,random,0,0.021134495735168457
GCN,124,11,0.1,random,1,0.02165120840072632
GCN,124,11,0.1,random,2,0.02647477388381958
GCN,124,11,0.1,random,3,0.025881052017211914
GCN,124,11,0.1,random,4,0.014906764030456543
GCN,124,11,0.1,random,5,0.022794008255004883
GCN,124,11,0.1,random,6,0.02732640504837036
GCN,124,11,0.1,random,7,0.019561946392059326
GCN,124,11,0.1,random,8,0.019254028797149658
GCN,124,11,0.1,random,9,0.01840108633041382
GCN,124,11,0.1,random,10,0.013229966163635254
GCN,124,11,0.1,random,11,0.02529245615005493
GCN,124,11,0.1,random,12,0.01622551679611206
GCN,124,11,0.1,random,13,0.013754069805145264
GCN,124,11,0.1,random,14,0.029269099235534668
GCN,124,11,0.1,random,15,0.019502639770507812
GCN,124,11,0.1,random,16,0.025789976119995117
GCN,124,11,0.1,random,17,0.025081872940063477
GCN,124,11,0.1,random,18,0.021924912929534912
GCN,124,11,0.1,random,19,0.0232965350151062
GCN,124,11,0.2,gnnexplainer,-1,0.06565773487091064
GCN,124,11,0.2,random,0,0.04201763868331909
GCN,124,11,0.2,random,1,0.04942268133163452
GCN,124,11,0.2,random,2,0.0438694953918457
GCN,124,11,0.2,random,3,0.032634198665618896
GCN,124,11,0.2,random,4,0.0342249870300293
GCN,124,11,0.2,random,5,0.03733682632446289
GCN,124,11,0.2,random,6,0.043186962604522705
GCN,124,11,0.2,random,7,0.032294273376464844
GCN,124,11,0.2,random,8,0.041274309158325195
GCN,124,11,0.2,random,9,0.03356146812438965
GCN,124,11,0.2,random,10,0.040316760540008545
GCN,124,11,0.2,random,11,0.032916247844696045
GCN,124,11,0.2,random,12,0.046073198318481445
GCN,124,11,0.2,random,13,0.04293638467788696
GCN,124,11,0.2,random,14,0.02605360746383667
GCN,124,11,0.2,random,15,0.046930134296417236
GCN,124,11,0.2,random,16,0.0389518141746521
GCN,124,11,0.2,random,17,0.04702705144882202
GCN,124,11,0.2,random,18,0.041154325008392334
GCN,124,11,0.2,random,19,0.040474116802215576
GCN,124,23,0.05,gnnexplainer,-1,0.029287755489349365
GCN,124,23,0.05,random,0,0.01426321268081665
GCN,124,23,0.05,random,1,0.009675920009613037
GCN,124,23,0.05,random,2,0.011223375797271729
GCN,124,23,0.05,random,3,0.019953131675720215
GCN,124,23,0.05,random,4,0.010500848293304443
GCN,124,23,0.05,random,5,0.00711292028427124
GCN,124,23,0.05,random,6,0.010539352893829346
GCN,124,23,0.05,random,7,0.011114418506622314
GCN,124,23,0.05,random,8,0.005915701389312744
GCN,124,23,0.05,random,9,0.007649600505828857
GCN,124,23,0.05,random,10,0.0015010833740234375
GCN,124,23,0.05,random,11,0.013834476470947266
GCN,124,23,0.05,random,12,0.013012588024139404
GCN,124,23,0.05,random,13,0.016861319541931152
GCN,124,23,0.05,random,14,0.015208244323730469
GCN,124,23,0.05,random,15,0.008254766464233398
GCN,124,23,0.05,random,16,0.014955580234527588
GCN,124,23,0.05,random,17,0.006841719150543213
GCN,124,23,0.05,random,18,0.008166313171386719
GCN,124,23,0.05,random,19,0.010210692882537842
GCN,124,23,0.1,gnnexplainer,-1,0.04316306114196777
GCN,124,23,0.1,random,0,0.0243491530418396
GCN,124,23,0.1,random,1,0.011292576789855957
GCN,124,23,0.1,random,2,0.015925824642181396
GCN,124,23,0.1,random,3,0.017991721630096436
GCN,124,23,0.1,random,4,0.02348184585571289
GCN,124,23,0.1,random,5,0.0105934739112854
GCN,124,23,0.1,random,6,0.024770915508270264
GCN,124,23,0.1,random,7,0.013989686965942383
GCN,124,23,0.1,random,8,0.01683521270751953
GCN,124,23,0.1,random,9,0.01273578405380249
GCN,124,23,0.1,random,10,0.013123750686645508
GCN,124,23,0.1,random,11,0.015846967697143555
GCN,124,23,0.1,random,12,0.01812911033630371
GCN,124,23,0.1,random,13,0.016520559787750244
GCN,124,23,0.1,random,14,0.027421951293945312
GCN,124,23,0.1,random,15,0.013663649559020996
GCN,124,23,0.1,random,16,0.021823406219482422
GCN,124,23,0.1,random,17,0.024561703205108643
GCN,124,23,0.1,random,18,0.019082367420196533
GCN,124,23,0.1,random,19,0.01784425973892212
GCN,124,23,0.2,gnnexplainer,-1,0.06341290473937988
GCN,124,23,0.2,random,0,0.04256957769393921
GCN,124,23,0.2,random,1,0.041773200035095215
GCN,124,23,0.2,random,2,0.03594064712524414
GCN,124,23,0.2,random,3,0.04946655035018921
GCN,124,23,0.2,random,4,0.039192378520965576
GCN,124,23,0.2,random,5,0.03637903928756714
GCN,124,23,0.2,random,6,0.038247525691986084
GCN,124,23,0.2,random,7,0.026654183864593506
GCN,124,23,0.2,random,8,0.040592193603515625
GCN,124,23,0.2,random,9,0.04248124361038208
GCN,124,23,0.2,random,10,0.03253573179244995
GCN,124,23,0.2,random,11,0.0325431227684021
GCN,124,23,0.2,random,12,0.040914833545684814
GCN,124,23,0.2,random,13,0.04379194974899292
GCN,124,23,0.2,random,14,0.03661525249481201
GCN,124,23,0.2,random,15,0.03302264213562012
GCN,124,23,0.2,random,16,0.035392701625823975
GCN,124,23,0.2,random,17,0.04016178846359253
GCN,124,23,0.2,random,18,0.03750967979431152
GCN,124,23,0.2,random,19,0.03944748640060425
GCN,124,37,0.05,gnnexplainer,-1,0.03034919500350952
GCN,124,37,0.05,random,0,0.01726168394088745
GCN,124,37,0.05,random,1,0.016336441040039062
GCN,124,37,0.05,random,2,0.006975650787353516
GCN,124,37,0.05,random,3,0.011535584926605225
GCN,124,37,0.05,random,4,0.01542443037033081
GCN,124,37,0.05,random,5,0.015202820301055908
GCN,124,37,0.05,random,6,0.007414400577545166
GCN,124,37,0.05,random,7,0.010396480560302734
GCN,124,37,0.05,random,8,0.019588768482208252
GCN,124,37,0.05,random,9,0.008160412311553955
GCN,124,37,0.05,random,10,0.008644640445709229
GCN,124,37,0.05,random,11,0.010977327823638916
GCN,124,37,0.05,random,12,0.005121111869812012
GCN,124,37,0.05,random,13,0.00643765926361084
GCN,124,37,0.05,random,14,0.010385990142822266
GCN,124,37,0.05,random,15,0.012301623821258545
GCN,124,37,0.05,random,16,0.00969773530960083
GCN,124,37,0.05,random,17,0.01007157564163208
GCN,124,37,0.05,random,18,0.01154249906539917
GCN,124,37,0.05,random,19,0.011906683444976807
GCN,124,37,0.1,gnnexplainer,-1,0.05150514841079712
GCN,124,37,0.1,random,0,0.019490182399749756
GCN,124,37,0.1,random,1,0.015661954879760742
GCN,124,37,0.1,random,2,0.011810660362243652
GCN,124,37,0.1,random,3,0.027536869049072266
GCN,124,37,0.1,random,4,0.024687588214874268
GCN,124,37,0.1,random,5,0.024858951568603516
GCN,124,37,0.1,random,6,0.01449441909790039
GCN,124,37,0.1,random,7,0.025021374225616455
GCN,124,37,0.1,random,8,0.012492179870605469
GCN,124,37,0.1,random,9,0.022293567657470703
GCN,124,37,0.1,random,10,0.032792508602142334
GCN,124,37,0.1,random,11,0.007943391799926758
GCN,124,37,0.1,random,12,0.031840980052948
GCN,124,37,0.1,random,13,0.013213872909545898
GCN,124,37,0.1,random,14,0.027877628803253174
GCN,124,37,0.1,random,15,0.026016712188720703
GCN,124,37,0.1,random,16,0.029476046562194824
GCN,124,37,0.1,random,17,0.025564372539520264
GCN,124,37,0.1,random,18,0.021134614944458008
GCN,124,37,0.1,random,19,0.017636597156524658
GCN,124,37,0.2,gnnexplainer,-1,0.06897610425949097
GCN,124,37,0.2,random,0,0.04027819633483887
GCN,124,37,0.2,random,1,0.042763590812683105
GCN,124,37,0.2,random,2,0.04401803016662598
GCN,124,37,0.2,random,3,0.03382188081741333
GCN,124,37,0.2,random,4,0.02674102783203125
GCN,124,37,0.2,random,5,0.029942095279693604
GCN,124,37,0.2,random,6,0.049398958683013916
GCN,124,37,0.2,random,7,0.052466630935668945
GCN,124,37,0.2,random,8,0.04672306776046753
GCN,124,37,0.2,random,9,0.04481273889541626
GCN,124,37,0.2,random,10,0.04874616861343384
GCN,124,37,0.2,random,11,0.03387826681137085
GCN,124,37,0.2,random,12,0.03977769613265991
GCN,124,37,0.2,random,13,0.04960036277770996
GCN,124,37,0.2,random,14,0.04357820749282837
GCN,124,37,0.2,random,15,0.05029672384262085
GCN,124,37,0.2,random,16,0.032684266567230225
GCN,124,37,0.2,random,17,0.036398887634277344
GCN,124,37,0.2,random,18,0.032650530338287354
GCN,124,37,0.2,random,19,0.03545999526977539
GCN,132,11,0.05,gnnexplainer,-1,0.0038475096225738525
GCN,132,11,0.05,random,0,0.018968969583511353
GCN,132,11,0.05,random,1,-0.020146727561950684
GCN,132,11,0.05,random,2,-0.009212255477905273
GCN,132,11,0.05,random,3,0.015273511409759521
GCN,132,11,0.05,random,4,0.015810608863830566
GCN,132,11,0.05,random,5,0.00921669602394104
GCN,132,11,0.05,random,6,-0.0005835592746734619
GCN,132,11,0.05,random,7,0.013860702514648438
GCN,132,11,0.05,random,8,0.0054922401905059814
GCN,132,11,0.05,random,9,0.003341108560562134
GCN,132,11,0.05,random,10,0.010150820016860962
GCN,132,11,0.05,random,11,0.007958412170410156
GCN,132,11,0.05,random,12,0.0005736351013183594
GCN,132,11,0.05,random,13,0.0008279383182525635
GCN,132,11,0.05,random,14,0.008352965116500854
GCN,132,11,0.05,random,15,0.0025869905948638916
GCN,132,11,0.05,random,16,0.014812171459197998
GCN,132,11,0.05,random,17,0.01900961995124817
GCN,132,11,0.05,random,18,0.011395126581192017
GCN,132,11,0.05,random,19,0.026615172624588013
GCN,132,11,0.1,gnnexplainer,-1,0.012748479843139648
GCN,132,11,0.1,random,0,-0.007915705442428589
GCN,132,11,0.1,random,1,-0.006236433982849121
GCN,132,11,0.1,random,2,0.0026342272758483887
GCN,132,11,0.1,random,3,0.015900075435638428
GCN,132,11,0.1,random,4,0.021365821361541748
GCN,132,11,0.1,random,5,-0.0026852786540985107
GCN,132,11,0.1,random,6,0.02463012933731079
GCN,132,11,0.1,random,7,0.022212475538253784
GCN,132,11,0.1,random,8,0.00037556886672973633
GCN,132,11,0.1,random,9,0.01328924298286438
GCN,132,11,0.1,random,10,0.03488042950630188
GCN,132,11,0.1,random,11,0.028016269207000732
GCN,132,11,0.1,random,12,0.005533039569854736
GCN,132,11,0.1,random,13,0.015034079551696777
GCN,132,11,0.1,random,14,0.02729165554046631
GCN,132,11,0.1,random,15,-0.0010344386100769043
GCN,132,11,0.1,random,16,0.01971268653869629
GCN,132,11,0.1,random,17,0.01564735174179077
GCN,132,11,0.1,random,18,0.008478909730911255
GCN,132,11,0.1,random,19,0.01588001847267151
GCN,132,11,0.2,gnnexplainer,-1,0.03143501281738281
GCN,132,11,0.2,random,0,0.03012746572494507
GCN,132,11,0.2,random,1,0.030325323343276978
GCN,132,11,0.2,random,2,0.01957261562347412
GCN,132,11,0.2,random,3,0.03895571827888489
GCN,132,11,0.2,random,4,0.04542529582977295
GCN,132,11,0.2,random,5,0.029774606227874756
GCN,132,11,0.2,random,6,0.005190163850784302
GCN,132,11,0.2,random,7,0.02673962712287903
GCN,132,11,0.2,random,8,0.019137680530548096
GCN,132,11,0.2,random,9,0.0005982518196105957
GCN,132,11,0.2,random,10,0.01923733949661255
GCN,132,11,0.2,random,11,0.024161726236343384
GCN,132,11,0.2,random,12,-0.012103378772735596
GCN,132,11,0.2,random,13,0.023313403129577637
GCN,132,11,0.2,random,14,-0.010219931602478027
GCN,132,11,0.2,random,15,0.0318758487701416
GCN,132,11,0.2,random,16,0.01779729127883911
GCN,132,11,0.2,random,17,0.015090137720108032
GCN,132,11,0.2,random,18,0.04739108681678772
GCN,132,11,0.2,random,19,0.03782224655151367
GCN,132,23,0.05,gnnexplainer,-1,0.008173584938049316
GCN,132,23,0.05,random,0,0.010679066181182861
GCN,132,23,0.05,random,1,0.006537795066833496
GCN,132,23,0.05,random,2,-0.006936848163604736
GCN,132,23,0.05,random,3,0.006881654262542725
GCN,132,23,0.05,random,4,0.01434558629989624
GCN,132,23,0.05,random,5,0.003318607807159424
GCN,132,23,0.05,random,6,0.007953166961669922
GCN,132,23,0.05,random,7,-0.005989789962768555
GCN,132,23,0.05,random,8,0.006669789552688599
GCN,132,23,0.05,random,9,0.019866853952407837
GCN,132,23,0.05,random,10,0.007410168647766113
GCN,132,23,0.05,random,11,0.009158730506896973
GCN,132,23,0.05,random,12,0.008662223815917969
GCN,132,23,0.05,random,13,0.008272826671600342
GCN,132,23,0.05,random,14,0.0005962848663330078
GCN,132,23,0.05,random,15,0.012171655893325806
GCN,132,23,0.05,random,16,0.0075836181640625
GCN,132,23,0.05,random,17,0.011539489030838013
GCN,132,23,0.05,random,18,0.010418683290481567
GCN,132,23,0.05,random,19,0.00017064809799194336
GCN,132,23,0.1,gnnexplainer,-1,0.013214021921157837
GCN,132,23,0.1,random,0,0.024424254894256592
GCN,132,23,0.1,random,1,0.03247132897377014
GCN,132,23,0.1,random,2,0.022443532943725586
GCN,132,23,0.1,random,3,0.014839202165603638
GCN,132,23,0.1,random,4,0.01866602897644043
GCN,132,23,0.1,random,5,0.016543567180633545
GCN,132,23,0.1,random,6,0.012243509292602539
GCN,132,23,0.1,random,7,0.01951467990875244
GCN,132,23,0.1,random,8,0.011179327964782715
GCN,132,23,0.1,random,9,0.014131128787994385
GCN,132,23,0.1,random,10,0.026208221912384033
GCN,132,23,0.1,random,11,0.027795135974884033
GCN,132,23,0.1,random,12,0.005052089691162109
GCN,132,23,0.1,random,13,0.001207590103149414
GCN,132,23,0.1,random,14,0.02259892225265503
GCN,132,23,0.1,random,15,0.011328339576721191
GCN,132,23,0.1,random,16,0.031059443950653076
GCN,132,23,0.1,random,17,0.013030320405960083
GCN,132,23,0.1,random,18,0.009809106588363647
GCN,132,23,0.1,random,19,0.03317689895629883
GCN,132,23,0.2,gnnexplainer,-1,0.015454471111297607
GCN,132,23,0.2,random,0,0.022002577781677246
GCN,132,23,0.2,random,1,0.018379151821136475
GCN,132,23,0.2,random,2,0.04286107420921326
GCN,132,23,0.2,random,3,0.01627400517463684
GCN,132,23,0.2,random,4,0.01877620816230774
GCN,132,23,0.2,random,5,0.026972293853759766
GCN,132,23,0.2,random,6,0.013224393129348755
GCN,132,23,0.2,random,7,0.0400693416595459
GCN,132,23,0.2,random,8,0.019327014684677124
GCN,132,23,0.2,random,9,0.030250608921051025
GCN,132,23,0.2,random,10,0.011805832386016846
GCN,132,23,0.2,random,11,0.03523010015487671
GCN,132,23,0.2,random,12,0.011473089456558228
GCN,132,23,0.2,random,13,0.023931771516799927
GCN,132,23,0.2,random,14,0.013467401266098022
GCN,132,23,0.2,random,15,0.01149529218673706
GCN,132,23,0.2,random,16,0.016864776611328125
GCN,132,23,0.2,random,17,0.05077829957008362
GCN,132,23,0.2,random,18,0.027162551879882812
GCN,132,23,0.2,random,19,0.030230194330215454
GCN,132,37,0.05,gnnexplainer,-1,0.011560142040252686
GCN,132,37,0.05,random,0,0.0033078789710998535
GCN,132,37,0.05,random,1,0.012737661600112915
GCN,132,37,0.05,random,2,0.0015310049057006836
GCN,132,37,0.05,random,3,0.01359105110168457
GCN,132,37,0.05,random,4,-0.001086413860321045
GCN,132,37,0.05,random,5,0.005965471267700195
GCN,132,37,0.05,random,6,0.007012486457824707
GCN,132,37,0.05,random,7,0.0020202994346618652
GCN,132,37,0.05,random,8,0.004150807857513428
GCN,132,37,0.05,random,9,0.008429944515228271
GCN,132,37,0.05,random,10,0.016614049673080444
GCN,132,37,0.05,random,11,-0.007329672574996948
GCN,132,37,0.05,random,12,0.004916578531265259
GCN,132,37,0.05,random,13,0.016757875680923462
GCN,132,37,0.05,random,14,0.0076919496059417725
GCN,132,37,0.05,random,15,0.011059403419494629
GCN,132,37,0.05,random,16,0.0045854151248931885
GCN,132,37,0.05,random,17,0.019649744033813477
GCN,132,37,0.05,random,18,0.009494125843048096
GCN,132,37,0.05,random,19,0.009575843811035156
GCN,132,37,0.1,gnnexplainer,-1,0.016666829586029053
GCN,132,37,0.1,random,0,0.010492503643035889
GCN,132,37,0.1,random,1,0.006001651287078857
GCN,132,37,0.1,random,2,0.010062813758850098
GCN,132,37,0.1,random,3,0.024780362844467163
GCN,132,37,0.1,random,4,0.013442516326904297
GCN,132,37,0.1,random,5,0.00911492109298706
GCN,132,37,0.1,random,6,0.027003228664398193
GCN,132,37,0.1,random,7,0.011290639638900757
GCN,132,37,0.1,random,8,0.040885359048843384
GCN,132,37,0.1,random,9,0.004630386829376221
GCN,132,37,0.1,random,10,0.030991703271865845
GCN,132,37,0.1,random,11,0.017512589693069458
GCN,132,37,0.1,random,12,0.0004782676696777344
GCN,132,37,0.1,random,13,0.0037095844745635986
GCN,132,37,0.1,random,14,0.015735208988189697
GCN,132,37,0.1,random,15,0.019655466079711914
GCN,132,37,0.1,random,16,0.004327535629272461
GCN,132,37,0.1,random,17,0.027755677700042725
GCN,132,37,0.1,random,18,0.002744227647781372
GCN,132,37,0.1,random,19,0.02562752366065979
GCN,132,37,0.2,gnnexplainer,-1,0.009965240955352783
GCN,132,37,0.2,random,0,0.04005664587020874
GCN,132,37,0.2,random,1,0.02665919065475464
GCN,132,37,0.2,random,2,0.017993390560150146
GCN,132,37,0.2,random,3,0.056847453117370605
GCN,132,37,0.2,random,4,0.005595505237579346
GCN,132,37,0.2,random,5,0.012221932411193848
GCN,132,37,0.2,random,6,0.05195346474647522
GCN,132,37,0.2,random,7,0.010950952768325806
GCN,132,37,0.2,random,8,0.006676971912384033
GCN,132,37,0.2,random,9,0.017221450805664062
GCN,132,37,0.2,random,10,0.0037354230880737305
GCN,132,37,0.2,random,11,0.014236092567443848
GCN,132,37,0.2,random,12,0.01156163215637207
GCN,132,37,0.2,random,13,0.03238832950592041
GCN,132,37,0.2,random,14,0.020345568656921387
GCN,132,37,0.2,random,15,0.0047719478607177734
GCN,132,37,0.2,random,16,0.028246045112609863
GCN,132,37,0.2,random,17,0.02382412552833557
GCN,132,37,0.2,random,18,0.03019469976425171
GCN,132,37,0.2,random,19,0.047880589962005615
GCN,144,11,0.05,gnnexplainer,-1,0.01437920331954956
GCN,144,11,0.05,random,0,0.008674561977386475
GCN,144,11,0.05,random,1,0.008683562278747559
GCN,144,11,0.05,random,2,0.006252646446228027
GCN,144,11,0.05,random,3,0.004529237747192383
GCN,144,11,0.05,random,4,0.007701873779296875
GCN,144,11,0.05,random,5,0.006527602672576904
GCN,144,11,0.05,random,6,0.004759550094604492
GCN,144,11,0.05,random,7,0.007322192192077637
GCN,144,11,0.05,random,8,0.0035630464553833008
GCN,144,11,0.05,random,9,0.003414332866668701
GCN,144,11,0.05,random,10,0.005394160747528076
GCN,144,11,0.05,random,11,0.008197188377380371
GCN,144,11,0.05,random,12,0.01067894697189331
GCN,144,11,0.05,random,13,0.007481276988983154
GCN,144,11,0.05,random,14,0.009896278381347656
GCN,144,11,0.05,random,15,0.00516200065612793
GCN,144,11,0.05,random,16,0.008038878440856934
GCN,144,11,0.05,random,17,0.004679679870605469
GCN,144,11,0.05,random,18,0.010116040706634521
GCN,144,11,0.05,random,19,0.005178868770599365
GCN,144,11,0.1,gnnexplainer,-1,0.03236722946166992
GCN,144,11,0.1,random,0,0.009134948253631592
GCN,144,11,0.1,random,1,0.0024101734161376953
GCN,144,11,0.1,random,2,0.00950169563293457
GCN,144,11,0.1,random,3,0.017850637435913086
GCN,144,11,0.1,random,4,0.016284167766571045
GCN,144,11,0.1,random,5,0.013848304748535156
GCN,144,11,0.1,random,6,0.013957202434539795
GCN,144,11,0.1,random,7,0.005495727062225342
GCN,144,11,0.1,random,8,0.01221168041229248
GCN,144,11,0.1,random,9,0.016570687294006348
GCN,144,11,0.1,random,10,0.0225447416305542
GCN,144,11,0.1,random,11,0.012231528759002686
GCN,144,11,0.1,random,12,0.007603764533996582
GCN,144,11,0.1,random,13,0.020563125610351562
GCN,144,11,0.1,random,14,0.016788601875305176
GCN,144,11,0.1,random,15,0.023716330528259277
GCN,144,11,0.1,random,16,0.00758969783782959
GCN,144,11,0.1,random,17,0.009789824485778809
GCN,144,11,0.1,random,18,0.014119744300842285
GCN,144,11,0.1,random,19,0.014483809471130371
GCN,144,11,0.2,gnnexplainer,-1,0.09383094310760498
GCN,144,11,0.2,random,0,0.0355381965637207
GCN,144,11,0.2,random,1,0.027473151683807373
GCN,144,11,0.2,random,2,0.03323018550872803
GCN,144,11,0.2,random,3,0.022864937782287598
GCN,144,11,0.2,random,4,0.023720920085906982
GCN,144,11,0.2,random,5,0.030014455318450928
GCN,144,11,0.2,random,6,0.05055224895477295
GCN,144,11,0.2,random,7,0.055486857891082764
GCN,144,11,0.2,random,8,0.01428234577178955
GCN,144,11,0.2,random,9,0.035503089427948
GCN,144,11,0.2,random,10,0.026501357555389404
GCN,144,11,0.2,random,11,0.03810930252075195
GCN,144,11,0.2,random,12,0.03389155864715576
GCN,144,11,0.2,random,13,0.04570901393890381
GCN,144,11,0.2,random,14,0.027206063270568848
GCN,144,11,0.2,random,15,0.03643620014190674
GCN,144,11,0.2,random,16,0.03592061996459961
GCN,144,11,0.2,random,17,0.0326685905456543
GCN,144,11,0.2,random,18,0.03567051887512207
GCN,144,11,0.2,random,19,0.023126602172851562
GCN,144,23,0.05,gnnexplainer,-1,0.013299107551574707
GCN,144,23,0.05,random,0,0.009013533592224121
GCN,144,23,0.05,random,1,0.004906058311462402
GCN,144,23,0.05,random,2,0.007147014141082764
GCN,144,23,0.05,random,3,0.0043675899505615234
GCN,144,23,0.05,random,4,0.00833737850189209
GCN,144,23,0.05,random,5,0.006503462791442871
GCN,144,23,0.05,random,6,0.008837223052978516
GCN,144,23,0.05,random,7,0.006181180477142334
GCN,144,23,0.05,random,8,0.005977630615234375
GCN,144,23,0.05,random,9,0.0062059760093688965
GCN,144,23,0.05,random,10,0.010500133037567139
GCN,144,23,0.05,random,11,0.009973406791687012
GCN,144,23,0.05,random,12,0.006018996238708496
GCN,144,23,0.05,random,13,0.005774140357971191
GCN,144,23,0.05,random,14,0.0020961761474609375
GCN,144,23,0.05,random,15,0.012255549430847168
GCN,144,23,0.05,random,16,0.008449316024780273
GCN,144,23,0.05,random,17,0.002280890941619873
GCN,144,23,0.05,random,18,0.008461356163024902
GCN,144,23,0.05,random,19,0.00720900297164917
GCN,144,23,0.1,gnnexplainer,-1,0.03409743309020996
GCN,144,23,0.1,random,0,0.01665198802947998
GCN,144,23,0.1,random,1,0.007795929908752441
GCN,144,23,0.1,random,2,0.024047553539276123
GCN,144,23,0.1,random,3,0.016394376754760742
GCN,144,23,0.1,random,4,0.013925790786743164
GCN,144,23,0.1,random,5,0.01530921459197998
GCN,144,23,0.1,random,6,0.019868135452270508
GCN,144,23,0.1,random,7,0.017731070518493652
GCN,144,23,0.1,random,8,0.01123952865600586
GCN,144,23,0.1,random,9,0.017798125743865967
GCN,144,23,0.1,random,10,0.01543039083480835
GCN,144,23,0.1,random,11,0.012584149837493896
GCN,144,23,0.1,random,12,0.015799999237060547
GCN,144,23,0.1,random,13,0.01999187469482422
GCN,144,23,0.1,random,14,0.015766620635986328
GCN,144,23,0.1,random,15,0.010868728160858154
GCN,144,23,0.1,random,16,0.014303445816040039
GCN,144,23,0.1,random,17,0.024103164672851562
GCN,144,23,0.1,random,18,0.012055575847625732
GCN,144,23,0.1,random,19,0.016913175582885742
GCN,144,23,0.2,gnnexplainer,-1,0.09292376041412354
GCN,144,23,0.2,random,0,0.04593557119369507
GCN,144,23,0.2,random,1,0.02332007884979248
GCN,144,23,0.2,random,2,0.04331481456756592
GCN,144,23,0.2,random,3,0.033825814723968506
GCN,144,23,0.2,random,4,0.027025580406188965
GCN,144,23,0.2,random,5,0.025659561157226562
GCN,144,23,0.2,random,6,0.04106324911117554
GCN,144,23,0.2,random,7,0.03855866193771362
GCN,144,23,0.2,random,8,0.029073238372802734
GCN,144,23,0.2,random,9,0.0459284782409668
GCN,144,23,0.2,random,10,0.02224254608154297
GCN,144,23,0.2,random,11,0.02458113431930542
GCN,144,23,0.2,random,12,0.021654725074768066
GCN,144,23,0.2,random,13,0.03633379936218262
GCN,144,23,0.2,random,14,0.027983427047729492
GCN,144,23,0.2,random,15,0.047429561614990234
GCN,144,23,0.2,random,16,0.04092329740524292
GCN,144,23,0.2,random,17,0.025146961212158203
GCN,144,23,0.2,random,18,0.028715550899505615
GCN,144,23,0.2,random,19,0.035281360149383545
GCN,144,37,0.05,gnnexplainer,-1,0.013707101345062256
GCN,144,37,0.05,random,0,0.003414750099182129
GCN,144,37,0.05,random,1,0.006728053092956543
GCN,144,37,0.05,random,2,0.0036172866821289062
GCN,144,37,0.05,random,3,0.005750894546508789
GCN,144,37,0.05,random,4,0.008819997310638428
GCN,144,37,0.05,random,5,0.0052599310874938965
GCN,144,37,0.05,random,6,0.007496058940887451
GCN,144,37,0.05,random,7,0.000889897346496582
GCN,144,37,0.05,random,8,0.006869196891784668
GCN,144,37,0.05,random,9,0.004182040691375732
GCN,144,37,0.05,random,10,0.0025709867477416992
GCN,144,37,0.05,random,11,0.008915185928344727
GCN,144,37,0.05,random,12,0.005343198776245117
GCN,144,37,0.05,random,13,0.007999062538146973
GCN,144,37,0.05,random,14,0.00427556037902832
GCN,144,37,0.05,random,15,0.004000365734100342
GCN,144,37,0.05,random,16,0.008264541625976562
GCN,144,37,0.05,random,17,0.005995273590087891
GCN,144,37,0.05,random,18,0.0077179670333862305
GCN,144,37,0.05,random,19,0.007884025573730469
GCN,144,37,0.1,gnnexplainer,-1,0.03136777877807617
GCN,144,37,0.1,random,0,0.014850974082946777
GCN,144,37,0.1,random,1,0.015483081340789795
GCN,144,37,0.1,random,2,0.012760639190673828
GCN,144,37,0.1,random,3,0.017336726188659668
GCN,144,37,0.1,random,4,0.01953047513961792
GCN,144,37,0.1,random,5,0.015300750732421875
GCN,144,37,0.1,random,6,0.019623875617980957
GCN,144,37,0.1,random,7,0.01410907506942749
GCN,144,37,0.1,random,8,0.01588118076324463
GCN,144,37,0.1,random,9,0.014646530151367188
GCN,144,37,0.1,random,10,0.015255570411682129
GCN,144,37,0.1,random,11,0.00978553295135498
GCN,144,37,0.1,random,12,0.012136638164520264
GCN,144,37,0.1,random,13,0.013457238674163818
GCN,144,37,0.1,random,14,0.01764124631881714
GCN,144,37,0.1,random,15,0.015430450439453125
GCN,144,37,0.1,random,16,0.01487821340560913
GCN,144,37,0.1,random,17,0.010249793529510498
GCN,144,37,0.1,random,18,0.023855865001678467
GCN,144,37,0.1,random,19,0.025710105895996094
GCN,144,37,0.2,gnnexplainer,-1,0.09029358625411987
GCN,144,37,0.2,random,0,0.03535217046737671
GCN,144,37,0.2,random,1,0.03287911415100098
GCN,144,37,0.2,random,2,0.030293822288513184
GCN,144,37,0.2,random,3,0.03951442241668701
GCN,144,37,0.2,random,4,0.02844393253326416
GCN,144,37,0.2,random,5,0.028689861297607422
GCN,144,37,0.2,random,6,0.02995699644088745
GCN,144,37,0.2,random,7,0.04034233093261719
GCN,144,37,0.2,random,8,0.04773855209350586
GCN,144,37,0.2,random,9,0.03933393955230713
GCN,144,37,0.2,random,10,0.03276824951171875
GCN,144,37,0.2,random,11,0.038442015647888184
GCN,144,37,0.2,random,12,0.0541987419128418
GCN,144,37,0.2,random,13,0.029279708862304688
GCN,144,37,0.2,random,14,0.04148519039154053
GCN,144,37,0.2,random,15,0.04001110792160034
GCN,144,37,0.2,random,16,0.029117584228515625
GCN,144,37,0.2,random,17,0.03127068281173706
GCN,144,37,0.2,random,18,0.03779447078704834
GCN,144,37,0.2,random,19,0.03343915939331055
GCN,151,11,0.05,gnnexplainer,-1,0.04632246494293213
GCN,151,11,0.05,random,0,0.013065457344055176
GCN,151,11,0.05,random,1,0.0034969449043273926
GCN,151,11,0.05,random,2,0.016218900680541992
GCN,151,11,0.05,random,3,0.020119130611419678
GCN,151,11,0.05,random,4,0.00835418701171875
GCN,151,11,0.05,random,5,-0.005051255226135254
GCN,151,11,0.05,random,6,0.008657753467559814
GCN,151,11,0.05,random,7,0.01405566930770874
GCN,151,11,0.05,random,8,0.002335190773010254
GCN,151,11,0.05,random,9,0.008040010929107666
GCN,151,11,0.05,random,10,0.010339915752410889
GCN,151,11,0.05,random,11,0.025604605674743652
GCN,151,11,0.05,random,12,0.009946167469024658
GCN,151,11,0.05,random,13,0.016771256923675537
GCN,151,11,0.05,random,14,0.006844878196716309
GCN,151,11,0.05,random,15,0.008156836032867432
GCN,151,11,0.05,random,16,0.009045064449310303
GCN,151,11,0.05,random,17,-0.007078826427459717
GCN,151,11,0.05,random,18,0.018846452236175537
GCN,151,11,0.05,random,19,0.01943153142929077
GCN,151,11,0.1,gnnexplainer,-1,0.06298220157623291
GCN,151,11,0.1,random,0,0.010290741920471191
GCN,151,11,0.1,random,1,0.0256272554397583
GCN,151,11,0.1,random,2,0.018684744834899902
GCN,151,11,0.1,random,3,0.01365959644317627
GCN,151,11,0.1,random,4,0.016841590404510498
GCN,151,11,0.1,random,5,0.010904490947723389
GCN,151,11,0.1,random,6,0.028209269046783447
GCN,151,11,0.1,random,7,0.03058183193206787
GCN,151,11,0.1,random,8,0.017099320888519287
GCN,151,11,0.1,random,9,0.025131583213806152
GCN,151,11,0.1,random,10,0.01892995834350586
GCN,151,11,0.1,random,11,0.023463726043701172
GCN,151,11,0.1,random,12,0.018797695636749268
GCN,151,11,0.1,random,13,0.017814040184020996
GCN,151,11,0.1,random,14,0.026926755905151367
GCN,151,11,0.1,random,15,0.019512057304382324
GCN,151,11,0.1,random,16,0.015133440494537354
GCN,151,11,0.1,random,17,0.013423621654510498
GCN,151,11,0.1,random,18,0.025716722011566162
GCN,151,11,0.1,random,19,0.016510307788848877
GCN,151,11,0.2,gnnexplainer,-1,0.09356176853179932
GCN,151,11,0.2,random,0,0.0716937780380249
GCN,151,11,0.2,random,1,0.04842489957809448
GCN,151,11,0.2,random,2,0.055191099643707275
GCN,151,11,0.2,random,3,0.049237847328186035
GCN,151,11,0.2,random,4,0.05182677507400513
GCN,151,11,0.2,random,5,0.029292047023773193
GCN,151,11,0.2,random,6,0.05333656072616577
GCN,151,11,0.2,random,7,0.03702908754348755
GCN,151,11,0.2,random,8,0.03601729869842529
GCN,151,11,0.2,random,9,0.04672116041183472
GCN,151,11,0.2,random,10,0.04759657382965088
GCN,151,11,0.2,random,11,0.05307567119598389
GCN,151,11,0.2,random,12,0.033899903297424316
GCN,151,11,0.2,random,13,0.06065648794174194
GCN,151,11,0.2,random,14,0.049782395362854004
GCN,151,11,0.2,random,15,0.041020750999450684
GCN,151,11,0.2,random,16,0.04799538850784302
GCN,151,11,0.2,random,17,0.03140532970428467
GCN,151,11,0.2,random,18,0.05272114276885986
GCN,151,11,0.2,random,19,0.020784378051757812
GCN,151,23,0.05,gnnexplainer,-1,0.04632246494293213
GCN,151,23,0.05,random,0,0.008019506931304932
GCN,151,23,0.05,random,1,0.0070174336433410645
GCN,151,23,0.05,random,2,0.010361254215240479
GCN,151,23,0.05,random,3,0.013631761074066162
GCN,151,23,0.05,random,4,0.0026642680168151855
GCN,151,23,0.05,random,5,0.009519755840301514
GCN,151,23,0.05,random,6,0.008809506893157959
GCN,151,23,0.05,random,7,0.009803056716918945
GCN,151,23,0.05,random,8,0.00417560338973999
GCN,151,23,0.05,random,9,0.005806326866149902
GCN,151,23,0.05,random,10,0.02067577838897705
GCN,151,23,0.05,random,11,-0.0012224316596984863
GCN,151,23,0.05,random,12,0.004690229892730713
GCN,151,23,0.05,random,13,0.005246341228485107
GCN,151,23,0.05,random,14,0.006028532981872559
GCN,151,23,0.05,random,15,0.012440621852874756
GCN,151,23,0.05,random,16,0.008737444877624512
GCN,151,23,0.05,random,17,0.006641566753387451
GCN,151,23,0.05,random,18,0.0032344460487365723
GCN,151,23,0.05,random,19,0.0007836222648620605
GCN,151,23,0.1,gnnexplainer,-1,0.06128370761871338
GCN,151,23,0.1,random,0,0.022391319274902344
GCN,151,23,0.1,random,1,0.02404075860977173
GCN,151,23,0.1,random,2,0.010376155376434326
GCN,151,23,0.1,random,3,0.012956559658050537
GCN,151,23,0.1,random,4,0.016023218631744385
GCN,151,23,0.1,random,5,0.013139665126800537
GCN,151,23,0.1,random,6,0.013067066669464111
GCN,151,23,0.1,random,7,0.011122941970825195
GCN,151,23,0.1,random,8,0.023390352725982666
GCN,151,23,0.1,random,9,0.020752131938934326
GCN,151,23,0.1,random,10,0.02513641119003296
GCN,151,23,0.1,random,11,0.018183529376983643
GCN,151,23,0.1,random,12,0.0297430157661438
GCN,151,23,0.1,random,13,0.01807314157485962
GCN,151,23,0.1,random,14,0.015252292156219482
GCN,151,23,0.1,random,15,0.020668625831604004
GCN,151,23,0.1,random,16,0.029771924018859863
GCN,151,23,0.1,random,17,0.021535634994506836
GCN,151,23,0.1,random,18,0.006529033184051514
GCN,151,23,0.1,random,19,0.023752808570861816
GCN,151,23,0.2,gnnexplainer,-1,0.09228771924972534
GCN,151,23,0.2,random,0,0.033405959606170654
GCN,151,23,0.2,random,1,0.05541115999221802
GCN,151,23,0.2,random,2,0.0505717396736145
GCN,151,23,0.2,random,3,0.03666102886199951
GCN,151,23,0.2,random,4,0.04897475242614746
GCN,151,23,0.2,random,5,0.04628938436508179
GCN,151,23,0.2,random,6,0.0444757342338562
GCN,151,23,0.2,random,7,0.03546625375747681
GCN,151,23,0.2,random,8,0.05041414499282837
GCN,151,23,0.2,random,9,0.03778010606765747
GCN,151,23,0.2,random,10,0.03769558668136597
GCN,151,23,0.2,random,11,0.02885192632675171
GCN,151,23,0.2,random,12,0.027795016765594482
GCN,151,23,0.2,random,13,0.05384916067123413
GCN,151,23,0.2,random,14,0.03998476266860962
GCN,151,23,0.2,random,15,0.03000032901763916
GCN,151,23,0.2,random,16,0.057736217975616455
GCN,151,23,0.2,random,17,0.039238691329956055
GCN,151,23,0.2,random,18,0.05963939428329468
GCN,151,23,0.2,random,19,0.023162126541137695
GCN,151,37,0.05,gnnexplainer,-1,0.04632246494293213
GCN,151,37,0.05,random,0,0.01782125234603882
GCN,151,37,0.05,random,1,0.014160692691802979
GCN,151,37,0.05,random,2,0.006415188312530518
GCN,151,37,0.05,random,3,0.003578007221221924
GCN,151,37,0.05,random,4,0.009288370609283447
GCN,151,37,0.05,random,5,0.012795805931091309
GCN,151,37,0.05,random,6,-0.004191696643829346
GCN,151,37,0.05,random,7,0.018197834491729736
GCN,151,37,0.05,random,8,0.011712610721588135
GCN,151,37,0.05,random,9,0.005114257335662842
GCN,151,37,0.05,random,10,0.014199614524841309
GCN,151,37,0.05,random,11,0.008853375911712646
GCN,151,37,0.05,random,12,0.016197025775909424
GCN,151,37,0.05,random,13,0.010251224040985107
GCN,151,37,0.05,random,14,0.01711571216583252
GCN,151,37,0.05,random,15,0.01443326473236084
GCN,151,37,0.05,random,16,0.013032793998718262
GCN,151,37,0.05,random,17,0.014171481132507324
GCN,151,37,0.05,random,18,0.011086583137512207
GCN,151,37,0.05,random,19,0.011618852615356445
GCN,151,37,0.1,gnnexplainer,-1,0.060366928577423096
GCN,151,37,0.1,random,0,0.022763967514038086
GCN,151,37,0.1,random,1,0.021905481815338135
GCN,151,37,0.1,random,2,0.02334648370742798
GCN,151,37,0.1,random,3,0.02585071325302124
GCN,151,37,0.1,random,4,0.019437134265899658
GCN,151,37,0.1,random,5,0.02808171510696411
GCN,151,37,0.1,random,6,0.020745456218719482
GCN,151,37,0.1,random,7,0.018457233905792236
GCN,151,37,0.1,random,8,0.02407902479171753
GCN,151,37,0.1,random,9,0.034158289432525635
GCN,151,37,0.1,random,10,-0.0017789602279663086
GCN,151,37,0.1,random,11,0.04208654165267944
GCN,151,37,0.1,random,12,0.023483633995056152
GCN,151,37,0.1,random,13,0.018466651439666748
GCN,151,37,0.1,random,14,0.028576195240020752
GCN,151,37,0.1,random,15,0.008319377899169922
GCN,151,37,0.1,random,16,0.023167908191680908
GCN,151,37,0.1,random,17,0.02765423059463501
GCN,151,37,0.1,random,18,0.025941312313079834
GCN,151,37,0.1,random,19,0.020808875560760498
GCN,151,37,0.2,gnnexplainer,-1,0.08462321758270264
GCN,151,37,0.2,random,0,0.044693052768707275
GCN,151,37,0.2,random,1,0.04124796390533447
GCN,151,37,0.2,random,2,0.041111648082733154
GCN,151,37,0.2,random,3,0.042538344860076904
GCN,151,37,0.2,random,4,0.04420071840286255
GCN,151,37,0.2,random,5,0.02481973171234131
GCN,151,37,0.2,random,6,0.030029654502868652
GCN,151,37,0.2,random,7,0.029784858226776123
GCN,151,37,0.2,random,8,0.03363311290740967
GCN,151,37,0.2,random,9,0.014334142208099365
GCN,151,37,0.2,random,10,0.03258037567138672
GCN,151,37,0.2,random,11,0.05258375406265259
GCN,151,37,0.2,random,12,0.027070581912994385
GCN,151,37,0.2,random,13,0.04970461130142212
GCN,151,37,0.2,random,14,0.03061532974243164
GCN,151,37,0.2,random,15,0.047477662563323975
GCN,151,37,0.2,random,16,0.0640491247177124
GCN,151,37,0.2,random,17,0.04803949594497681
GCN,151,37,0.2,random,18,0.03895246982574463
GCN,151,37,0.2,random,19,0.040043652057647705
GCN,156,11,0.05,gnnexplainer,-1,0.061625123023986816
GCN,156,11,0.05,random,0,0.014705657958984375
GCN,156,11,0.05,random,1,0.016724109649658203
GCN,156,11,0.05,random,2,0.010317325592041016
GCN,156,11,0.05,random,3,0.007961690425872803
GCN,156,11,0.05,random,4,0.019814252853393555
GCN,156,11,0.05,random,5,0.00404810905456543
GCN,156,11,0.05,random,6,0.01855367422103882
GCN,156,11,0.05,random,7,0.02118128538131714
GCN,156,11,0.05,random,8,0.020242393016815186
GCN,156,11,0.05,random,9,0.00856781005859375
GCN,156,11,0.05,random,10,0.03151082992553711
GCN,156,11,0.05,random,11,0.009134292602539062
GCN,156,11,0.05,random,12,0.0214231014251709
GCN,156,11,0.05,random,13,0.022605061531066895
GCN,156,11,0.05,random,14,0.013739228248596191
GCN,156,11,0.05,random,15,0.025855064392089844
GCN,156,11,0.05,random,16,0.02404201030731201
GCN,156,11,0.05,random,17,0.013358235359191895
GCN,156,11,0.05,random,18,0.005827903747558594
GCN,156,11,0.05,random,19,0.015312135219573975
GCN,156,11,0.1,gnnexplainer,-1,0.10092377662658691
GCN,156,11,0.1,random,0,0.02734243869781494
GCN,156,11,0.1,random,1,0.01915585994720459
GCN,156,11,0.1,random,2,0.014965176582336426
GCN,156,11,0.1,random,3,0.03937423229217529
GCN,156,11,0.1,random,4,0.012314021587371826
GCN,156,11,0.1,random,5,0.031919896602630615
GCN,156,11,0.1,random,6,0.04721498489379883
GCN,156,11,0.1,random,7,0.03423941135406494
GCN,156,11,0.1,random,8,0.033035457134246826
GCN,156,11,0.1,random,9,0.03646135330200195
GCN,156,11,0.1,random,10,0.047306716442108154
GCN,156,11,0.1,random,11,0.04224890470504761
GCN,156,11,0.1,random,12,0.03271317481994629
GCN,156,11,0.1,random,13,0.021957874298095703
GCN,156,11,0.1,random,14,0.02940744161605835
GCN,156,11,0.1,random,15,0.024290740489959717
GCN,156,11,0.1,random,16,0.010807394981384277
GCN,156,11,0.1,random,17,0.013895690441131592
GCN,156,11,0.1,random,18,0.01764601469039917
GCN,156,11,0.1,random,19,0.042749106884002686
GCN,156,11,0.2,gnnexplainer,-1,0.15566939115524292
GCN,156,11,0.2,random,0,0.055907487869262695
GCN,156,11,0.2,random,1,0.0397719144821167
GCN,156,11,0.2,random,2,0.0707046389579773
GCN,156,11,0.2,random,3,0.07095688581466675
GCN,156,11,0.2,random,4,0.05421322584152222
GCN,156,11,0.2,random,5,0.04289233684539795
GCN,156,11,0.2,random,6,0.04959982633590698
GCN,156,11,0.2,random,7,0.04323166608810425
GCN,156,11,0.2,random,8,0.04178321361541748
GCN,156,11,0.2,random,9,0.06978815793991089
GCN,156,11,0.2,random,10,0.052004337310791016
GCN,156,11,0.2,random,11,0.052677810192108154
GCN,156,11,0.2,random,12,0.03237605094909668
GCN,156,11,0.2,random,13,0.08208608627319336
GCN,156,11,0.2,random,14,0.060079097747802734
GCN,156,11,0.2,random,15,0.04596376419067383
GCN,156,11,0.2,random,16,0.06844079494476318
GCN,156,11,0.2,random,17,0.04982101917266846
GCN,156,11,0.2,random,18,0.0689350962638855
GCN,156,11,0.2,random,19,0.04821079969406128
GCN,156,23,0.05,gnnexplainer,-1,0.06383508443832397
GCN,156,23,0.05,random,0,0.02356088161468506
GCN,156,23,0.05,random,1,0.0064858198165893555
GCN,156,23,0.05,random,2,0.00664067268371582
GCN,156,23,0.05,random,3,0.011448502540588379
GCN,156,23,0.05,random,4,0.017110824584960938
GCN,156,23,0.05,random,5,0.013550162315368652
GCN,156,23,0.05,random,6,0.014563024044036865
GCN,156,23,0.05,random,7,0.0222170352935791
GCN,156,23,0.05,random,8,0.013610601425170898
GCN,156,23,0.05,random,9,0.01203984022140503
GCN,156,23,0.05,random,10,0.017487287521362305
GCN,156,23,0.05,random,11,0.010900735855102539
GCN,156,23,0.05,random,12,0.010315775871276855
GCN,156,23,0.05,random,13,0.016836583614349365
GCN,156,23,0.05,random,14,0.02619636058807373
GCN,156,23,0.05,random,15,0.020911693572998047
GCN,156,23,0.05,random,16,0.023613929748535156
GCN,156,23,0.05,random,17,0.017346560955047607
GCN,156,23,0.05,random,18,0.012244701385498047
GCN,156,23,0.05,random,19,0.005382418632507324
GCN,156,23,0.1,gnnexplainer,-1,0.10092377662658691
GCN,156,23,0.1,random,0,0.021003246307373047
GCN,156,23,0.1,random,1,0.023730993270874023
GCN,156,23,0.1,random,2,0.04274195432662964
GCN,156,23,0.1,random,3,0.034468650817871094
GCN,156,23,0.1,random,4,0.02918374538421631
GCN,156,23,0.1,random,5,0.02026510238647461
GCN,156,23,0.1,random,6,0.03970617055892944
GCN,156,23,0.1,random,7,0.012035071849822998
GCN,156,23,0.1,random,8,0.026917338371276855
GCN,156,23,0.1,random,9,0.025620460510253906
GCN,156,23,0.1,random,10,0.025757312774658203
GCN,156,23,0.1,random,11,0.01994001865386963
GCN,156,23,0.1,random,12,0.01616811752319336
GCN,156,23,0.1,random,13,0.030139923095703125
GCN,156,23,0.1,random,14,0.022705554962158203
GCN,156,23,0.1,random,15,0.03531086444854736
GCN,156,23,0.1,random,16,0.032039105892181396
GCN,156,23,0.1,random,17,0.036566734313964844
GCN,156,23,0.1,random,18,0.00038427114486694336
GCN,156,23,0.1,random,19,0.035160720348358154
GCN,156,23,0.2,gnnexplainer,-1,0.1619352102279663
GCN,156,23,0.2,random,0,0.06389057636260986
GCN,156,23,0.2,random,1,0.036287546157836914
GCN,156,23,0.2,random,2,0.04037356376647949
GCN,156,23,0.2,random,3,0.07744109630584717
GCN,156,23,0.2,random,4,0.052034735679626465
GCN,156,23,0.2,random,5,0.05967879295349121
GCN,156,23,0.2,random,6,0.04977816343307495
GCN,156,23,0.2,random,7,0.048389554023742676
GCN,156,23,0.2,random,8,0.04942750930786133
GCN,156,23,0.2,random,9,0.051490068435668945
GCN,156,23,0.2,random,10,0.08021378517150879
GCN,156,23,0.2,random,11,0.060721635818481445
GCN,156,23,0.2,random,12,0.030447661876678467
GCN,156,23,0.2,random,13,0.04982727766036987
GCN,156,23,0.2,random,14,0.07631528377532959
GCN,156,23,0.2,random,15,0.06456387042999268
GCN,156,23,0.2,random,16,0.05783367156982422
GCN,156,23,0.2,random,17,0.06389415264129639
GCN,156,23,0.2,random,18,0.057834625244140625
GCN,156,23,0.2,random,19,0.07790327072143555
GCN,156,37,0.05,gnnexplainer,-1,0.05078953504562378
GCN,156,37,0.05,random,0,0.011781871318817139
GCN,156,37,0.05,random,1,0.015596747398376465
GCN,156,37,0.05,random,2,0.012590289115905762
GCN,156,37,0.05,random,3,0.021799325942993164
GCN,156,37,0.05,random,4,0.012773990631103516
GCN,156,37,0.05,random,5,0.006787776947021484
GCN,156,37,0.05,random,6,0.011665582656860352
GCN,156,37,0.05,random,7,0.028092801570892334
GCN,156,37,0.05,random,8,0.039326608180999756
GCN,156,37,0.05,random,9,0.005703449249267578
GCN,156,37,0.05,random,10,0.02657175064086914
GCN,156,37,0.05,random,11,0.016594886779785156
GCN,156,37,0.05,random,12,0.017604053020477295
GCN,156,37,0.05,random,13,0.016449153423309326
GCN,156,37,0.05,random,14,0.006543338298797607
GCN,156,37,0.05,random,15,0.028117358684539795
GCN,156,37,0.05,random,16,0.02473682165145874
GCN,156,37,0.05,random,17,0.013513505458831787
GCN,156,37,0.05,random,18,0.017433643341064453
GCN,156,37,0.05,random,19,0.015531063079833984
GCN,156,37,0.1,gnnexplainer,-1,0.09767186641693115
GCN,156,37,0.1,random,0,0.02692312002182007
GCN,156,37,0.1,random,1,0.063762366771698
GCN,156,37,0.1,random,2,0.03543424606323242
GCN,156,37,0.1,random,3,0.04086863994598389
GCN,156,37,0.1,random,4,0.021160244941711426
GCN,156,37,0.1,random,5,0.03659498691558838
GCN,156,37,0.1,random,6,0.03328871726989746
GCN,156,37,0.1,random,7,0.02635425329208374
GCN,156,37,0.1,random,8,0.023995399475097656
GCN,156,37,0.1,random,9,0.03035438060760498
GCN,156,37,0.1,random,10,0.03045523166656494
GCN,156,37,0.1,random,11,0.03212082386016846
GCN,156,37,0.1,random,12,0.03215920925140381
GCN,156,37,0.1,random,13,0.03038632869720459
GCN,156,37,0.1,random,14,0.031290531158447266
GCN,156,37,0.1,random,15,0.015038847923278809
GCN,156,37,0.1,random,16,0.012591838836669922
GCN,156,37,0.1,random,17,0.03155529499053955
GCN,156,37,0.1,random,18,0.02260535955429077
GCN,156,37,0.1,random,19,0.0330924391746521
GCN,156,37,0.2,gnnexplainer,-1,0.1584133505821228
GCN,156,37,0.2,random,0,0.07898110151290894
GCN,156,37,0.2,random,1,0.08373308181762695
GCN,156,37,0.2,random,2,0.060073256492614746
GCN,156,37,0.2,random,3,0.06658875942230225
GCN,156,37,0.2,random,4,0.04525172710418701
GCN,156,37,0.2,random,5,0.06296384334564209
GCN,156,37,0.2,random,6,0.049983203411102295
GCN,156,37,0.2,random,7,0.06376713514328003
GCN,156,37,0.2,random,8,0.05469703674316406
GCN,156,37,0.2,random,9,0.0517117977142334
GCN,156,37,0.2,random,10,0.04815506935119629
GCN,156,37,0.2,random,11,0.06265401840209961
GCN,156,37,0.2,random,12,0.0813981294631958
GCN,156,37,0.2,random,13,0.07371652126312256
GCN,156,37,0.2,random,14,0.08156538009643555
GCN,156,37,0.2,random,15,0.0889086127281189
GCN,156,37,0.2,random,16,0.06439042091369629
GCN,156,37,0.2,random,17,0.06519007682800293
GCN,156,37,0.2,random,18,0.06338715553283691
GCN,156,37,0.2,random,19,0.051947057247161865
GCN,162,11,0.05,gnnexplainer,-1,0.06202942132949829
GCN,162,11,0.05,random,0,0.01795405149459839
GCN,162,11,0.05,random,1,0.014303922653198242
GCN,162,11,0.05,random,2,0.0026705265045166016
GCN,162,11,0.05,random,3,0.012546300888061523
GCN,162,11,0.05,random,4,0.025517523288726807
GCN,162,11,0.05,random,5,0.01362675428390503
GCN,162,11,0.05,random,6,0.0032429099082946777
GCN,162,11,0.05,random,7,0.02045726776123047
GCN,162,11,0.05,random,8,0.01502227783203125
GCN,162,11,0.05,random,9,0.013164222240447998
GCN,162,11,0.05,random,10,0.012498676776885986
GCN,162,11,0.05,random,11,0.011407792568206787
GCN,162,11,0.05,random,12,0.02143913507461548
GCN,162,11,0.05,random,13,0.027289927005767822
GCN,162,11,0.05,random,14,0.006572902202606201
GCN,162,11,0.05,random,15,0.019395530223846436
GCN,162,11,0.05,random,16,0.02774256467819214
GCN,162,11,0.05,random,17,0.00415349006652832
GCN,162,11,0.05,random,18,0.006651401519775391
GCN,162,11,0.05,random,19,0.01954406499862671
GCN,162,11,0.1,gnnexplainer,-1,0.1117863655090332
GCN,162,11,0.1,random,0,0.02221924066543579
GCN,162,11,0.1,random,1,0.03708463907241821
GCN,162,11,0.1,random,2,0.006706297397613525
GCN,162,11,0.1,random,3,0.024261057376861572
GCN,162,11,0.1,random,4,0.03263711929321289
GCN,162,11,0.1,random,5,0.04666072130203247
GCN,162,11,0.1,random,6,0.02397984266281128
GCN,162,11,0.1,random,7,0.03801482915878296
GCN,162,11,0.1,random,8,0.013222932815551758
GCN,162,11,0.1,random,9,0.01662224531173706
GCN,162,11,0.1,random,10,0.019782960414886475
GCN,162,11,0.1,random,11,0.026965558528900146
GCN,162,11,0.1,random,12,0.03852158784866333
GCN,162,11,0.1,random,13,0.03195148706436157
GCN,162,11,0.1,random,14,0.03619295358657837
GCN,162,11,0.1,random,15,0.035087764263153076
GCN,162,11,0.1,random,16,0.050553977489471436
GCN,162,11,0.1,random,17,0.021888017654418945
GCN,162,11,0.1,random,18,0.03679758310317993
GCN,162,11,0.1,random,19,0.03094261884689331
GCN,162,11,0.2,gnnexplainer,-1,0.21450185775756836
GCN,162,11,0.2,random,0,0.06788915395736694
GCN,162,11,0.2,random,1,0.019992589950561523
GCN,162,11,0.2,random,2,0.06245124340057373
GCN,162,11,0.2,random,3,0.06805688142776489
GCN,162,11,0.2,random,4,0.029849350452423096
GCN,162,11,0.2,random,5,0.037658870220184326
GCN,162,11,0.2,random,6,0.04729890823364258
GCN,162,11,0.2,random,7,0.038717567920684814
GCN,162,11,0.2,random,8,0.04660600423812866
GCN,162,11,0.2,random,9,0.04846388101577759
GCN,162,11,0.2,random,10,0.02104717493057251
GCN,162,11,0.2,random,11,0.05162757635116577
GCN,162,11,0.2,random,12,0.027843952178955078
GCN,162,11,0.2,random,13,0.06561243534088135
GCN,162,11,0.2,random,14,0.054144322872161865
GCN,162,11,0.2,random,15,0.053166210651397705
GCN,162,11,0.2,random,16,0.07152271270751953
GCN,162,11,0.2,random,17,0.016121864318847656
GCN,162,11,0.2,random,18,0.05656331777572632
GCN,162,11,0.2,random,19,0.03536349534988403
GCN,162,23,0.05,gnnexplainer,-1,0.05878680944442749
GCN,162,23,0.05,random,0,0.01111513376235962
GCN,162,23,0.05,random,1,-0.012544691562652588
GCN,162,23,0.05,random,2,0.009247541427612305
GCN,162,23,0.05,random,3,0.014396846294403076
GCN,162,23,0.05,random,4,0.021984636783599854
GCN,162,23,0.05,random,5,0.014900147914886475
GCN,162,23,0.05,random,6,0.008244097232818604
GCN,162,23,0.05,random,7,0.0030305981636047363
GCN,162,23,0.05,random,8,0.004382431507110596
GCN,162,23,0.05,random,9,-0.0006570219993591309
GCN,162,23,0.05,random,10,0.023178517818450928
GCN,162,23,0.05,random,11,0.01657038927078247
GCN,162,23,0.05,random,12,0.019583463668823242
GCN,162,23,0.05,random,13,0.008760035037994385
GCN,162,23,0.05,random,14,0.01471930742263794
GCN,162,23,0.05,random,15,0.012747228145599365
GCN,162,23,0.05,random,16,0.01592808961868286
GCN,162,23,0.05,random,17,0.014070570468902588
GCN,162,23,0.05,random,18,-0.0008206367492675781
GCN,162,23,0.05,random,19,0.02353900671005249
GCN,162,23,0.1,gnnexplainer,-1,0.10939913988113403
GCN,162,23,0.1,random,0,0.027945756912231445
GCN,162,23,0.1,random,1,0.01692986488342285
GCN,162,23,0.1,random,2,0.017116248607635498
GCN,162,23,0.1,random,3,0.044998228549957275
GCN,162,23,0.1,random,4,0.04193377494812012
GCN,162,23,0.1,random,5,0.029227077960968018
GCN,162,23,0.1,random,6,0.03744739294052124
GCN,162,23,0.1,random,7,0.012618958950042725
GCN,162,23,0.1,random,8,0.044660091400146484
GCN,162,23,0.1,random,9,0.020318984985351562
GCN,162,23,0.1,random,10,0.04121047258377075
GCN,162,23,0.1,random,11,0.017121851444244385
GCN,162,23,0.1,random,12,0.0385894775390625
GCN,162,23,0.1,random,13,0.0038533806800842285
GCN,162,23,0.1,random,14,0.004962265491485596
GCN,162,23,0.1,random,15,0.028201520442962646
GCN,162,23,0.1,random,16,0.022844552993774414
GCN,162,23,0.1,random,17,0.022064268589019775
GCN,162,23,0.1,random,18,0.017674028873443604
GCN,162,23,0.1,random,19,0.04065823554992676
GCN,162,23,0.2,gnnexplainer,-1,0.21248072385787964
GCN,162,23,0.2,random,0,0.009622335433959961
GCN,162,23,0.2,random,1,0.06272727251052856
GCN,162,23,0.2,random,2,0.03411149978637695
GCN,162,23,0.2,random,3,0.02598792314529419
GCN,162,23,0.2,random,4,0.07196182012557983
GCN,162,23,0.2,random,5,0.05918306112289429
GCN,162,23,0.2,random,6,0.06150895357131958
GCN,162,23,0.2,random,7,0.02780050039291382
GCN,162,23,0.2,random,8,0.04966706037521362
GCN,162,23,0.2,random,9,0.04498344659805298
GCN,162,23,0.2,random,10,0.0709027647972107
GCN,162,23,0.2,random,11,0.024237096309661865
GCN,162,23,0.2,random,12,0.05699282884597778
GCN,162,23,0.2,random,13,0.04766225814819336
GCN,162,23,0.2,random,14,0.05208617448806763
GCN,162,23,0.2,random,15,0.019775569438934326
GCN,162,23,0.2,random,16,0.03896898031234741
GCN,162,23,0.2,random,17,0.02367168664932251
GCN,162,23,0.2,random,18,0.06787675619125366
GCN,162,23,0.2,random,19,0.036141395568847656
GCN,162,37,0.05,gnnexplainer,-1,0.05831664800643921
GCN,162,37,0.05,random,0,0.020340383052825928
GCN,162,37,0.05,random,1,0.010356605052947998
GCN,162,37,0.05,random,2,0.002975761890411377
GCN,162,37,0.05,random,3,0.014049112796783447
GCN,162,37,0.05,random,4,0.013041794300079346
GCN,162,37,0.05,random,5,0.01826721429824829
GCN,162,37,0.05,random,6,0.01726555824279785
GCN,162,37,0.05,random,7,0.013957560062408447
GCN,162,37,0.05,random,8,0.025143206119537354
GCN,162,37,0.05,random,9,0.017363131046295166
GCN,162,37,0.05,random,10,0.02038508653640747
GCN,162,37,0.05,random,11,0.007651627063751221
GCN,162,37,0.05,random,12,0.03568309545516968
GCN,162,37,0.05,random,13,0.025515079498291016
GCN,162,37,0.05,random,14,0.02746683359146118
GCN,162,37,0.05,random,15,0.016216039657592773
GCN,162,37,0.05,random,16,0.004028975963592529
GCN,162,37,0.05,random,17,0.01725977659225464
GCN,162,37,0.05,random,18,0.015755414962768555
GCN,162,37,0.05,random,19,0.011531293392181396
GCN,162,37,0.1,gnnexplainer,-1,0.1082414984703064
GCN,162,37,0.1,random,0,0.028165340423583984
GCN,162,37,0.1,random,1,0.03968292474746704
GCN,162,37,0.1,random,2,0.015658855438232422
GCN,162,37,0.1,random,3,0.06077629327774048
GCN,162,37,0.1,random,4,0.014043152332305908
GCN,162,37,0.1,random,5,0.030457794666290283
GCN,162,37,0.1,random,6,0.016749918460845947
GCN,162,37,0.1,random,7,0.02153998613357544
GCN,162,37,0.1,random,8,0.04520773887634277
GCN,162,37,0.1,random,9,0.016052305698394775
GCN,162,37,0.1,random,10,0.03799080848693848
GCN,162,37,0.1,random,11,0.02683013677597046
GCN,162,37,0.1,random,12,0.03019613027572632
GCN,162,37,0.1,random,13,0.028928935527801514
GCN,162,37,0.1,random,14,0.02359825372695923
GCN,162,37,0.1,random,15,0.049822986125946045
GCN,162,37,0.1,random,16,0.007227003574371338
GCN,162,37,0.1,random,17,0.025260508060455322
GCN,162,37,0.1,random,18,-0.0012993812561035156
GCN,162,37,0.1,random,19,0.01452547311782837
GCN,162,37,0.2,gnnexplainer,-1,0.21450185775756836
GCN,162,37,0.2,random,0,0.03642004728317261
GCN,162,37,0.2,random,1,0.06936019659042358
GCN,162,37,0.2,random,2,0.04263782501220703
GCN,162,37,0.2,random,3,0.06825059652328491
GCN,162,37,0.2,random,4,0.03540855646133423
GCN,162,37,0.2,random,5,0.06250017881393433
GCN,162,37,0.2,random,6,0.05225640535354614
GCN,162,37,0.2,random,7,0.06069350242614746
GCN,162,37,0.2,random,8,0.05911463499069214
GCN,162,37,0.2,random,9,0.05655461549758911
GCN,162,37,0.2,random,10,0.06430840492248535
GCN,162,37,0.2,random,11,0.07193213701248169
GCN,162,37,0.2,random,12,0.07054060697555542
GCN,162,37,0.2,random,13,0.04482203722000122
GCN,162,37,0.2,random,14,0.04766422510147095
GCN,162,37,0.2,random,15,0.0559651255607605
GCN,162,37,0.2,random,16,0.0677599310874939
GCN,162,37,0.2,random,17,0.0776706337928772
GCN,162,37,0.2,random,18,0.09026819467544556
GCN,162,37,0.2,random,19,0.02904301881790161
GCN,178,11,0.05,gnnexplainer,-1,0.008808940649032593
GCN,178,11,0.05,random,0,0.006995558738708496
GCN,178,11,0.05,random,1,0.007135331630706787
GCN,178,11,0.05,random,2,0.014885962009429932
GCN,178,11,0.05,random,3,0.00416332483291626
GCN,178,11,0.05,random,4,0.009934663772583008
GCN,178,11,0.05,random,5,0.0032516419887542725
GCN,178,11,0.05,random,6,0.009957998991012573
GCN,178,11,0.05,random,7,0.005755394697189331
GCN,178,11,0.05,random,8,0.013585209846496582
GCN,178,11,0.05,random,9,0.015382349491119385
GCN,178,11,0.05,random,10,0.02115994691848755
GCN,178,11,0.05,random,11,0.0054892003536224365
GCN,178,11,0.05,random,12,0.006740272045135498
GCN,178,11,0.05,random,13,0.004290908575057983
GCN,178,11,0.05,random,14,0.013431251049041748
GCN,178,11,0.05,random,15,0.011702030897140503
GCN,178,11,0.05,random,16,0.017728865146636963
GCN,178,11,0.05,random,17,0.005567759275436401
GCN,178,11,0.05,random,18,0.002290189266204834
GCN,178,11,0.05,random,19,-0.00039577484130859375
GCN,178,11,0.1,gnnexplainer,-1,0.025372207164764404
GCN,178,11,0.1,random,0,0.010257065296173096
GCN,178,11,0.1,random,1,0.010769784450531006
GCN,178,11,0.1,random,2,0.020510613918304443
GCN,178,11,0.1,random,3,0.011189103126525879
GCN,178,11,0.1,random,4,-0.0006673038005828857
GCN,178,11,0.1,random,5,0.018549621105194092
GCN,178,11,0.1,random,6,0.009772241115570068
GCN,178,11,0.1,random,7,0.012083232402801514
GCN,178,11,0.1,random,8,0.021871417760849
GCN,178,11,0.1,random,9,0.004132270812988281
GCN,178,11,0.1,random,10,0.02530762553215027
GCN,178,11,0.1,random,11,-0.003010571002960205
GCN,178,11,0.1,random,12,0.009481728076934814
GCN,178,11,0.1,random,13,0.010145604610443115
GCN,178,11,0.1,random,14,0.016619324684143066
GCN,178,11,0.1,random,15,0.017844557762145996
GCN,178,11,0.1,random,16,0.017666667699813843
GCN,178,11,0.1,random,17,0.0061127543449401855
GCN,178,11,0.1,random,18,0.022734016180038452
GCN,178,11,0.1,random,19,0.016041100025177002
GCN,178,11,0.2,gnnexplainer,-1,0.04340684413909912
GCN,178,11,0.2,random,0,0.045705556869506836
GCN,178,11,0.2,random,1,0.02882254123687744
GCN,178,11,0.2,random,2,0.03644794225692749
GCN,178,11,0.2,random,3,0.029817968606948853
GCN,178,11,0.2,random,4,0.047499239444732666
GCN,178,11,0.2,random,5,0.03875553607940674
GCN,178,11,0.2,random,6,0.03937527537345886
GCN,178,11,0.2,random,7,0.03086113929748535
GCN,178,11,0.2,random,8,0.0388244092464447
GCN,178,11,0.2,random,9,0.013346374034881592
GCN,178,11,0.2,random,10,0.030307531356811523
GCN,178,11,0.2,random,11,0.02501922845840454
GCN,178,11,0.2,random,12,0.019688189029693604
GCN,178,11,0.2,random,13,0.02618640661239624
GCN,178,11,0.2,random,14,0.015265792608261108
GCN,178,11,0.2,random,15,0.019582808017730713
GCN,178,11,0.2,random,16,0.029126644134521484
GCN,178,11,0.2,random,17,0.02402818202972412
GCN,178,11,0.2,random,18,0.020404458045959473
GCN,178,11,0.2,random,19,0.017987549304962158
GCN,178,23,0.05,gnnexplainer,-1,0.012471437454223633
GCN,178,23,0.05,random,0,0.007774770259857178
GCN,178,23,0.05,random,1,0.0008508563041687012
GCN,178,23,0.05,random,2,0.0035280585289001465
GCN,178,23,0.05,random,3,0.015002578496932983
GCN,178,23,0.05,random,4,0.021461695432662964
GCN,178,23,0.05,random,5,0.006446540355682373
GCN,178,23,0.05,random,6,0.007500886917114258
GCN,178,23,0.05,random,7,0.002765834331512451
GCN,178,23,0.05,random,8,0.005025088787078857
GCN,178,23,0.05,random,9,0.002415597438812256
GCN,178,23,0.05,random,10,0.0060613155364990234
GCN,178,23,0.05,random,11,0.002579420804977417
GCN,178,23,0.05,random,12,0.008482038974761963
GCN,178,23,0.05,random,13,-0.00032889842987060547
GCN,178,23,0.05,random,14,0.005591481924057007
GCN,178,23,0.05,random,15,0.0122758150100708
GCN,178,23,0.05,random,16,0.007607877254486084
GCN,178,23,0.05,random,17,0.009698212146759033
GCN,178,23,0.05,random,18,0.009916901588439941
GCN,178,23,0.05,random,19,0.012199729681015015
GCN,178,23,0.1,gnnexplainer,-1,0.01688861846923828
GCN,178,23,0.1,random,0,0.014936566352844238
GCN,178,23,0.1,random,1,0.01796114444732666
GCN,178,23,0.1,random,2,0.019580572843551636
GCN,178,23,0.1,random,3,0.009982466697692871
GCN,178,23,0.1,random,4,0.020601272583007812
GCN,178,23,0.1,random,5,0.013759732246398926
GCN,178,23,0.1,random,6,0.008912622928619385
GCN,178,23,0.1,random,7,0.02022308111190796
GCN,178,23,0.1,random,8,0.014258146286010742
GCN,178,23,0.1,random,9,0.017496049404144287
GCN,178,23,0.1,random,10,0.00932377576828003
GCN,178,23,0.1,random,11,0.017497390508651733
GCN,178,23,0.1,random,12,0.024165749549865723
GCN,178,23,0.1,random,13,0.0073136985301971436
GCN,178,23,0.1,random,14,0.013572335243225098
GCN,178,23,0.1,random,15,0.010771840810775757
GCN,178,23,0.1,random,16,0.029747605323791504
GCN,178,23,0.1,random,17,0.019225239753723145
GCN,178,23,0.1,random,18,0.013997554779052734
GCN,178,23,0.1,random,19,0.010125815868377686
GCN,178,23,0.2,gnnexplainer,-1,0.029628336429595947
GCN,178,23,0.2,random,0,0.049454331398010254
GCN,178,23,0.2,random,1,0.04120895266532898
GCN,178,23,0.2,random,2,0.015229344367980957
GCN,178,23,0.2,random,3,0.031051218509674072
GCN,178,23,0.2,random,4,0.033639371395111084
GCN,178,23,0.2,random,5,0.02345871925354004
GCN,178,23,0.2,random,6,0.03486296534538269
GCN,178,23,0.2,random,7,0.0337507426738739
GCN,178,23,0.2,random,8,0.029129236936569214
GCN,178,23,0.2,random,9,0.024206459522247314
GCN,178,23,0.2,random,10,0.026063472032546997
GCN,178,23,0.2,random,11,0.025892972946166992
GCN,178,23,0.2,random,12,0.021780014038085938
GCN,178,23,0.2,random,13,0.03332310914993286
GCN,178,23,0.2,random,14,0.0185394287109375
GCN,178,23,0.2,random,15,0.021173804998397827
GCN,178,23,0.2,random,16,0.040846943855285645
GCN,178,23,0.2,random,17,0.03324040770530701
GCN,178,23,0.2,random,18,0.03571411967277527
GCN,178,23,0.2,random,19,0.020768463611602783
GCN,178,37,0.05,gnnexplainer,-1,0.011412441730499268
GCN,178,37,0.05,random,0,-0.0013347268104553223
GCN,178,37,0.05,random,1,0.004583239555358887
GCN,178,37,0.05,random,2,0.01483774185180664
GCN,178,37,0.05,random,3,0.008668482303619385
GCN,178,37,0.05,random,4,0.0049391984939575195
GCN,178,37,0.05,random,5,0.006732195615768433
GCN,178,37,0.05,random,6,0.010114878416061401
GCN,178,37,0.05,random,7,-0.005479529500007629
GCN,178,37,0.05,random,8,0.014583557844161987
GCN,178,37,0.05,random,9,0.004384100437164307
GCN,178,37,0.05,random,10,0.007651865482330322
GCN,178,37,0.05,random,11,0.010065525770187378
GCN,178,37,0.05,random,12,0.0024120211601257324
GCN,178,37,0.05,random,13,0.010738730430603027
GCN,178,37,0.05,random,14,0.016087055206298828
GCN,178,37,0.05,random,15,0.004915177822113037
GCN,178,37,0.05,random,16,-0.0014553070068359375
GCN,178,37,0.05,random,17,0.009612500667572021
GCN,178,37,0.05,random,18,-0.0006892681121826172
GCN,178,37,0.05,random,19,0.008093774318695068
GCN,178,37,0.1,gnnexplainer,-1,0.018909364938735962
GCN,178,37,0.1,random,0,0.021052002906799316
GCN,178,37,0.1,random,1,0.011209428310394287
GCN,178,37,0.1,random,2,0.017962992191314697
GCN,178,37,0.1,random,3,0.010409802198410034
GCN,178,37,0.1,random,4,0.01779794692993164
GCN,178,37,0.1,random,5,0.004307955503463745
GCN,178,37,0.1,random,6,0.013697922229766846
GCN,178,37,0.1,random,7,0.016504496335983276
GCN,178,37,0.1,random,8,0.011007964611053467
GCN,178,37,0.1,random,9,0.009504199028015137
GCN,178,37,0.1,random,10,0.009932458400726318
GCN,178,37,0.1,random,11,0.012983441352844238
GCN,178,37,0.1,random,12,0.01489865779876709
GCN,178,37,0.1,random,13,0.02239060401916504
GCN,178,37,0.1,random,14,0.01510775089263916
GCN,178,37,0.1,random,15,0.02527126669883728
GCN,178,37,0.1,random,16,0.015327215194702148
GCN,178,37,0.1,random,17,0.011169791221618652
GCN,178,37,0.1,random,18,0.026439011096954346
GCN,178,37,0.1,random,19,0.011412590742111206
GCN,178,37,0.2,gnnexplainer,-1,0.04504150152206421
GCN,178,37,0.2,random,0,0.02850925922393799
GCN,178,37,0.2,random,1,0.04435020685195923
GCN,178,37,0.2,random,2,0.02802121639251709
GCN,178,37,0.2,random,3,0.038663387298583984
GCN,178,37,0.2,random,4,0.025968879461288452
GCN,178,37,0.2,random,5,0.021533548831939697
GCN,178,37,0.2,random,6,0.029415607452392578
GCN,178,37,0.2,random,7,0.030175626277923584
GCN,178,37,0.2,random,8,0.030875325202941895
GCN,178,37,0.2,random,9,0.03076648712158203
GCN,178,37,0.2,random,10,0.01813572645187378
GCN,178,37,0.2,random,11,0.027675151824951172
GCN,178,37,0.2,random,12,0.02578437328338623
GCN,178,37,0.2,random,13,0.04751423001289368
GCN,178,37,0.2,random,14,0.03362894058227539
GCN,178,37,0.2,random,15,0.0204278826713562
GCN,178,37,0.2,random,16,0.020204663276672363
GCN,178,37,0.2,random,17,0.03032815456390381
GCN,178,37,0.2,random,18,0.039248526096343994
GCN,178,37,0.2,random,19,0.013078063726425171
GCN,179,11,0.05,gnnexplainer,-1,0.036129385232925415
GCN,179,11,0.05,random,0,0.0073972344398498535
GCN,179,11,0.05,random,1,0.013897895812988281
GCN,179,11,0.05,random,2,-0.004864931106567383
GCN,179,11,0.05,random,3,0.009224236011505127
GCN,179,11,0.05,random,4,0.004070162773132324
GCN,179,11,0.05,random,5,0.0069904327392578125
GCN,179,11,0.05,random,6,0.0025385022163391113
GCN,179,11,0.05,random,7,0.002772390842437744
GCN,179,11,0.05,random,8,0.006611466407775879
GCN,179,11,0.05,random,9,0.006277322769165039
GCN,179,11,0.05,random,10,0.012484312057495117
GCN,179,11,0.05,random,11,-0.0034915804862976074
GCN,179,11,0.05,random,12,-0.00235670804977417
GCN,179,11,0.05,random,13,0.00871950387954712
GCN,179,11,0.05,random,14,-0.0032051801681518555
GCN,179,11,0.05,random,15,-0.00226438045501709
GCN,179,11,0.05,random,16,-0.004918158054351807
GCN,179,11,0.05,random,17,-0.003627300262451172
GCN,179,11,0.05,random,18,0.0033762454986572266
GCN,179,11,0.05,random,19,-0.006898701190948486
GCN,179,11,0.1,gnnexplainer,-1,0.043264418840408325
GCN,179,11,0.1,random,0,5.710124969482422e-05
GCN,179,11,0.1,random,1,0.021767914295196533
GCN,179,11,0.1,random,2,-0.0048934221267700195
GCN,179,11,0.1,random,3,0.002777397632598877
GCN,179,11,0.1,random,4,0.02517688274383545
GCN,179,11,0.1,random,5,0.014426350593566895
GCN,179,11,0.1,random,6,0.02183377742767334
GCN,179,11,0.1,random,7,0.001366734504699707
GCN,179,11,0.1,random,8,8.493661880493164e-05
GCN,179,11,0.1,random,9,0.043027788400650024
GCN,179,11,0.1,random,10,0.00909346342086792
GCN,179,11,0.1,random,11,0.02496814727783203
GCN,179,11,0.1,random,12,0.013098597526550293
GCN,179,11,0.1,random,13,0.0035760998725891113
GCN,179,11,0.1,random,14,0.018790364265441895
GCN,179,11,0.1,random,15,0.02067852020263672
GCN,179,11,0.1,random,16,0.006385207176208496
GCN,179,11,0.1,random,17,0.006098389625549316
GCN,179,11,0.1,random,18,0.02262037992477417
GCN,179,11,0.1,random,19,0.014561951160430908
GCN,179,11,0.2,gnnexplainer,-1,0.0480477511882782
GCN,179,11,0.2,random,0,0.016272306442260742
GCN,179,11,0.2,random,1,0.02766472101211548
GCN,179,11,0.2,random,2,0.03420978784561157
GCN,179,11,0.2,random,3,0.015016674995422363
GCN,179,11,0.2,random,4,0.03747484087944031
GCN,179,11,0.2,random,5,0.01822686195373535
GCN,179,11,0.2,random,6,0.0010646581649780273
GCN,179,11,0.2,random,7,0.012296974658966064
GCN,179,11,0.2,random,8,0.007067680358886719
GCN,179,11,0.2,random,9,0.0006330013275146484
GCN,179,11,0.2,random,10,0.01725059747695923
GCN,179,11,0.2,random,11,0.025056064128875732
GCN,179,11,0.2,random,12,0.017995357513427734
GCN,179,11,0.2,random,13,0.026182711124420166
GCN,179,11,0.2,random,14,-0.0026024580001831055
GCN,179,11,0.2,random,15,0.04508453607559204
GCN,179,11,0.2,random,16,0.025664448738098145
GCN,179,11,0.2,random,17,0.012206017971038818
GCN,179,11,0.2,random,18,0.009282588958740234
GCN,179,11,0.2,random,19,0.02788364887237549
GCN,179,23,0.05,gnnexplainer,-1,0.036129385232925415
GCN,179,23,0.05,random,0,0.009098351001739502
GCN,179,23,0.05,random,1,0.0032161474227905273
GCN,179,23,0.05,random,2,0.007265329360961914
GCN,179,23,0.05,random,3,0.014612734317779541
GCN,179,23,0.05,random,4,0.005533814430236816
GCN,179,23,0.05,random,5,0.004506945610046387
GCN,179,23,0.05,random,6,0.006482958793640137
GCN,179,23,0.05,random,7,0.0030379891395568848
GCN,179,23,0.05,random,8,-0.0063887834548950195
GCN,179,23,0.05,random,9,0.01258087158203125
GCN,179,23,0.05,random,10,-0.00429987907409668
GCN,179,23,0.05,random,11,0.00844728946685791
GCN,179,23,0.05,random,12,0.004543423652648926
GCN,179,23,0.05,random,13,0.00616610050201416
GCN,179,23,0.05,random,14,0.009409546852111816
GCN,179,23,0.05,random,15,-0.00018835067749023438
GCN,179,23,0.05,random,16,0.008809566497802734
GCN,179,23,0.05,random,17,0.01258087158203125
GCN,179,23,0.05,random,18,0.0060280561447143555
GCN,179,23,0.05,random,19,0.006539106369018555
GCN,179,23,0.1,gnnexplainer,-1,0.051448315382003784
GCN,179,23,0.1,random,0,0.005023837089538574
GCN,179,23,0.1,random,1,0.047547608613967896
GCN,179,23,0.1,random,2,0.022580862045288086
GCN,179,23,0.1,random,3,0.011264324188232422
GCN,179,23,0.1,random,4,0.018256068229675293
GCN,179,23,0.1,random,5,0.02304178476333618
GCN,179,23,0.1,random,6,0.0018678903579711914
GCN,179,23,0.1,random,7,0.0014022588729858398
GCN,179,23,0.1,random,8,0.01991891860961914
GCN,179,23,0.1,random,9,0.016793012619018555
GCN,179,23,0.1,random,10,0.0014055967330932617
GCN,179,23,0.1,random,11,0.004577934741973877
GCN,179,23,0.1,random,12,0.03825893998146057
GCN,179,23,0.1,random,13,0.022169828414916992
GCN,179,23,0.1,random,14,0.02794492244720459
GCN,179,23,0.1,random,15,0.006464838981628418
GCN,179,23,0.1,random,16,-0.0009290575981140137
GCN,179,23,0.1,random,17,0.013659358024597168
GCN,179,23,0.1,random,18,0.0009107589721679688
GCN,179,23,0.1,random,19,-0.000588834285736084
GCN,179,23,0.2,gnnexplainer,-1,0.06675511598587036
GCN,179,23,0.2,random,0,0.005707800388336182
GCN,179,23,0.2,random,1,0.004363119602203369
GCN,179,23,0.2,random,2,0.035691797733306885
GCN,179,23,0.2,random,3,0.019869685173034668
GCN,179,23,0.2,random,4,0.018683791160583496
GCN,179,23,0.2,random,5,0.03512278199195862
GCN,179,23,0.2,random,6,0.012319624423980713
GCN,179,23,0.2,random,7,0.00570225715637207
GCN,179,23,0.2,random,8,0.0014687776565551758
GCN,179,23,0.2,random,9,0.026282131671905518
GCN,179,23,0.2,random,10,0.022968947887420654
GCN,179,23,0.2,random,11,0.0369398295879364
GCN,179,23,0.2,random,12,0.019260883331298828
GCN,179,23,0.2,random,13,0.03359261155128479
GCN,179,23,0.2,random,14,0.029925882816314697
GCN,179,23,0.2,random,15,0.017315208911895752
GCN,179,23,0.2,random,16,0.01238781213760376
GCN,179,23,0.2,random,17,0.009720683097839355
GCN,179,23,0.2,random,18,0.0025096535682678223
GCN,179,23,0.2,random,19,0.03747829794883728
GCN,179,37,0.05,gnnexplainer,-1,0.036129385232925415
GCN,179,37,0.05,random,0,-0.003672301769256592
GCN,179,37,0.05,random,1,0.005414307117462158
GCN,179,37,0.05,random,2,0.02026987075805664
GCN,179,37,0.05,random,3,-0.00356900691986084
GCN,179,37,0.05,random,4,0.019401133060455322
GCN,179,37,0.05,random,5,0.008251786231994629
GCN,179,37,0.05,random,6,0.005978643894195557
GCN,179,37,0.05,random,7,-0.0040177106857299805
GCN,179,37,0.05,random,8,0.0036700963973999023
GCN,179,37,0.05,random,9,-0.003494858741760254
GCN,179,37,0.05,random,10,0.009981036186218262
GCN,179,37,0.05,random,11,-0.006859302520751953
GCN,179,37,0.05,random,12,0.0056771039962768555
GCN,179,37,0.05,random,13,0.011986613273620605
GCN,179,37,0.05,random,14,0.022650420665740967
GCN,179,37,0.05,random,15,0.013685464859008789
GCN,179,37,0.05,random,16,0.0019449591636657715
GCN,179,37,0.05,random,17,0.008445262908935547
GCN,179,37,0.05,random,18,0.025476515293121338
GCN,179,37,0.05,random,19,0.007527589797973633
GCN,179,37,0.1,gnnexplainer,-1,0.04498782753944397
GCN,179,37,0.1,random,0,0.017554819583892822
GCN,179,37,0.1,random,1,0.0033740997314453125
GCN,179,37,0.1,random,2,0.009870350360870361
GCN,179,37,0.1,random,3,0.039209991693496704
GCN,179,37,0.1,random,4,0.02232193946838379
GCN,179,37,0.1,random,5,0.03355613350868225
GCN,179,37,0.1,random,6,0.002774834632873535
GCN,179,37,0.1,random,7,0.016185283660888672
GCN,179,37,0.1,random,8,-0.002463221549987793
GCN,179,37,0.1,random,9,0.01088416576385498
GCN,179,37,0.1,random,10,0.017761707305908203
GCN,179,37,0.1,random,11,0.00937354564666748
GCN,179,37,0.1,random,12,0.02390921115875244
GCN,179,37,0.1,random,13,0.00018739700317382812
GCN,179,37,0.1,random,14,0.0064182281494140625
GCN,179,37,0.1,random,15,0.019351541996002197
GCN,179,37,0.1,random,16,0.00651395320892334
GCN,179,37,0.1,random,17,0.002294301986694336
GCN,179,37,0.1,random,18,0.010743439197540283
GCN,179,37,0.1,random,19,0.020686209201812744
GCN,179,37,0.2,gnnexplainer,-1,0.0502418577671051
GCN,179,37,0.2,random,0,0.031171530485153198
GCN,179,37,0.2,random,1,0.021184086799621582
GCN,179,37,0.2,random,2,0.03270474076271057
GCN,179,37,0.2,random,3,0.038746803998947144
GCN,179,37,0.2,random,4,0.0316864550113678
GCN,179,37,0.2,random,5,0.00845038890838623
GCN,179,37,0.2,random,6,0.03347769379615784
GCN,179,37,0.2,random,7,0.0007513761520385742
GCN,179,37,0.2,random,8,0.05264541506767273
GCN,179,37,0.2,random,9,0.013793706893920898
GCN,179,37,0.2,random,10,0.013734638690948486
GCN,179,37,0.2,random,11,-0.0034935474395751953
GCN,179,37,0.2,random,12,0.02019202709197998
GCN,179,37,0.2,random,13,0.014493227005004883
GCN,179,37,0.2,random,14,0.029854923486709595
GCN,179,37,0.2,random,15,0.015756189823150635
GCN,179,37,0.2,random,16,0.04475089907646179
GCN,179,37,0.2,random,17,0.018841147422790527
GCN,179,37,0.2,random,18,0.021178126335144043
GCN,179,37,0.2,random,19,0.029857933521270752
GCN,22,11,0.05,gnnexplainer,-1,-0.0005602538585662842
GCN,22,11,0.05,random,0,0.006726861000061035
GCN,22,11,0.05,random,1,0.004420876502990723
GCN,22,11,0.05,random,2,0.0031371712684631348
GCN,22,11,0.05,random,3,0.0019047260284423828
GCN,22,11,0.05,random,4,0.002848505973815918
GCN,22,11,0.05,random,5,-0.000596463680267334
GCN,22,11,0.05,random,6,-0.003299534320831299
GCN,22,11,0.05,random,7,0.0015590786933898926
GCN,22,11,0.05,random,8,-0.00048428773880004883
GCN,22,11,0.05,random,9,0.0019983649253845215
GCN,22,11,0.05,random,10,0.0026324987411499023
GCN,22,11,0.05,random,11,0.002316385507583618
GCN,22,11,0.05,random,12,0.005625009536743164
GCN,22,11,0.05,random,13,0.006886988878250122
GCN,22,11,0.05,random,14,0.0033444762229919434
GCN,22,11,0.05,random,15,-0.0005486607551574707
GCN,22,11,0.05,random,16,0.0060135722160339355
GCN,22,11,0.05,random,17,-0.004643857479095459
GCN,22,11,0.05,random,18,0.004384934902191162
GCN,22,11,0.05,random,19,-0.0010699033737182617
GCN,22,11,0.1,gnnexplainer,-1,-0.009205937385559082
GCN,22,11,0.1,random,0,0.009968310594558716
GCN,22,11,0.1,random,1,-0.001575171947479248
GCN,22,11,0.1,random,2,0.013900220394134521
GCN,22,11,0.1,random,3,0.004552245140075684
GCN,22,11,0.1,random,4,0.011853158473968506
GCN,22,11,0.1,random,5,0.004814416170120239
GCN,22,11,0.1,random,6,0.012667328119277954
GCN,22,11,0.1,random,7,0.0119113028049469
GCN,22,11,0.1,random,8,0.014624238014221191
GCN,22,11,0.1,random,9,0.0034799575805664062
GCN,22,11,0.1,random,10,0.00808250904083252
GCN,22,11,0.1,random,11,0.020855337381362915
GCN,22,11,0.1,random,12,0.006422281265258789
GCN,22,11,0.1,random,13,-0.0012732148170471191
GCN,22,11,0.1,random,14,0.020040929317474365
GCN,22,11,0.1,random,15,0.014134109020233154
GCN,22,11,0.1,random,16,0.008403599262237549
GCN,22,11,0.1,random,17,0.008349061012268066
GCN,22,11,0.1,random,18,0.004149794578552246
GCN,22,11,0.1,random,19,-0.001199483871459961
GCN,22,11,0.2,gnnexplainer,-1,0.0007653236389160156
GCN,22,11,0.2,random,0,0.014936327934265137
GCN,22,11,0.2,random,1,0.019240379333496094
GCN,22,11,0.2,random,2,0.02428591251373291
GCN,22,11,0.2,random,3,-0.01045924425125122
GCN,22,11,0.2,random,4,0.00715211033821106
GCN,22,11,0.2,random,5,0.024709343910217285
GCN,22,11,0.2,random,6,0.01732805371284485
GCN,22,11,0.2,random,7,0.013890326023101807
GCN,22,11,0.2,random,8,-0.002287447452545166
GCN,22,11,0.2,random,9,0.016712427139282227
GCN,22,11,0.2,random,10,0.004489094018936157
GCN,22,11,0.2,random,11,-0.012926071882247925
GCN,22,11,0.2,random,12,0.024339944124221802
GCN,22,11,0.2,random,13,0.012222707271575928
GCN,22,11,0.2,random,14,0.003848850727081299
GCN,22,11,0.2,random,15,0.01799297332763672
GCN,22,11,0.2,random,16,-0.0059476494789123535
GCN,22,11,0.2,random,17,0.018998056650161743
GCN,22,11,0.2,random,18,0.0007800161838531494
GCN,22,11,0.2,random,19,0.015979886054992676
GCN,22,23,0.05,gnnexplainer,-1,0.003784656524658203
GCN,22,23,0.05,random,0,-0.00029093027114868164
GCN,22,23,0.05,random,1,-0.0015241503715515137
GCN,22,23,0.05,random,2,0.008044838905334473
GCN,22,23,0.05,random,3,-0.0026353299617767334
GCN,22,23,0.05,random,4,0.0008040666580200195
GCN,22,23,0.05,random,5,0.006263285875320435
GCN,22,23,0.05,random,6,0.008089214563369751
GCN,22,23,0.05,random,7,-7.230043411254883e-05
GCN,22,23,0.05,random,8,0.0021374523639678955
GCN,22,23,0.05,random,9,0.0017251372337341309
GCN,22,23,0.05,random,10,0.008548617362976074
GCN,22,23,0.05,random,11,0.005125701427459717
GCN,22,23,0.05,random,12,0.006540954113006592
GCN,22,23,0.05,random,13,-0.007214397192001343
GCN,22,23,0.05,random,14,0.0010778307914733887
GCN,22,23,0.05,random,15,-0.0007368922233581543
GCN,22,23,0.05,random,16,0.00026661157608032227
GCN,22,23,0.05,random,17,0.0049620866775512695
GCN,22,23,0.05,random,18,0.0006477236747741699
GCN,22,23,0.05,random,19,0.0036141276359558105
GCN,22,23,0.1,gnnexplainer,-1,-0.004615962505340576
GCN,22,23,0.1,random,0,0.01034119725227356
GCN,22,23,0.1,random,1,0.005809307098388672
GCN,22,23,0.1,random,2,0.01226833462715149
GCN,22,23,0.1,random,3,0.007719635963439941
GCN,22,23,0.1,random,4,0.007006436586380005
GCN,22,23,0.1,random,5,0.00634688138961792
GCN,22,23,0.1,random,6,-0.005189388990402222
GCN,22,23,0.1,random,7,0.015176326036453247
GCN,22,23,0.1,random,8,0.009800463914871216
GCN,22,23,0.1,random,9,-0.005564630031585693
GCN,22,23,0.1,random,10,0.0031692981719970703
GCN,22,23,0.1,random,11,0.003826141357421875
GCN,22,23,0.1,random,12,-0.004111111164093018
GCN,22,23,0.1,random,13,0.0067636072635650635
GCN,22,23,0.1,random,14,0.006429076194763184
GCN,22,23,0.1,random,15,0.013566792011260986
GCN,22,23,0.1,random,16,0.00427854061126709
GCN,22,23,0.1,random,17,0.00644451379776001
GCN,22,23,0.1,random,18,0.0021625757217407227
GCN,22,23,0.1,random,19,0.005563020706176758
GCN,22,23,0.2,gnnexplainer,-1,0.0022890567779541016
GCN,22,23,0.2,random,0,0.009105682373046875
GCN,22,23,0.2,random,1,0.024623990058898926
GCN,22,23,0.2,random,2,0.021115094423294067
GCN,22,23,0.2,random,3,0.003306776285171509
GCN,22,23,0.2,random,4,-0.01570570468902588
GCN,22,23,0.2,random,5,0.006447106599807739
GCN,22,23,0.2,random,6,0.02077418565750122
GCN,22,23,0.2,random,7,0.026244819164276123
GCN,22,23,0.2,random,8,0.009203016757965088
GCN,22,23,0.2,random,9,0.019654154777526855
GCN,22,23,0.2,random,10,0.0020659267902374268
GCN,22,23,0.2,random,11,-0.004465073347091675
GCN,22,23,0.2,random,12,0.002226531505584717
GCN,22,23,0.2,random,13,0.016016721725463867
GCN,22,23,0.2,random,14,0.011166960000991821
GCN,22,23,0.2,random,15,0.01774314045906067
GCN,22,23,0.2,random,16,0.012621581554412842
GCN,22,23,0.2,random,17,0.011283189058303833
GCN,22,23,0.2,random,18,0.010091125965118408
GCN,22,23,0.2,random,19,0.01862815022468567
GCN,22,37,0.05,gnnexplainer,-1,0.0028698742389678955
GCN,22,37,0.05,random,0,-0.0017223060131072998
GCN,22,37,0.05,random,1,-0.002784818410873413
GCN,22,37,0.05,random,2,-0.001499474048614502
GCN,22,37,0.05,random,3,0.003863215446472168
GCN,22,37,0.05,random,4,0.003749161958694458
GCN,22,37,0.05,random,5,0.006823122501373291
GCN,22,37,0.05,random,6,-0.0067757368087768555
GCN,22,37,0.05,random,7,-0.0001469254493713379
GCN,22,37,0.05,random,8,0.009137779474258423
GCN,22,37,0.05,random,9,0.003354698419570923
GCN,22,37,0.05,random,10,0.004041552543640137
GCN,22,37,0.05,random,11,-0.004090756177902222
GCN,22,37,0.05,random,12,0.0039711594581604
GCN,22,37,0.05,random,13,0.010882794857025146
GCN,22,37,0.05,random,14,0.0013214349746704102
GCN,22,37,0.05,random,15,0.004492402076721191
GCN,22,37,0.05,random,16,0.016164779663085938
GCN,22,37,0.05,random,17,0.002853184938430786
GCN,22,37,0.05,random,18,0.005533009767532349
GCN,22,37,0.05,random,19,-0.004747748374938965
GCN,22,37,0.1,gnnexplainer,-1,0.00958588719367981
GCN,22,37,0.1,random,0,-0.0011685490608215332
GCN,22,37,0.1,random,1,-0.0016545653343200684
GCN,22,37,0.1,random,2,0.022958099842071533
GCN,22,37,0.1,random,3,0.0008527636528015137
GCN,22,37,0.1,random,4,0.010560065507888794
GCN,22,37,0.1,random,5,-0.004372835159301758
GCN,22,37,0.1,random,6,0.009200841188430786
GCN,22,37,0.1,random,7,0.009235501289367676
GCN,22,37,0.1,random,8,0.008183509111404419
GCN,22,37,0.1,random,9,0.012840300798416138
GCN,22,37,0.1,random,10,0.00956958532333374
GCN,22,37,0.1,random,11,0.006176501512527466
GCN,22,37,0.1,random,12,0.014447033405303955
GCN,22,37,0.1,random,13,0.013379454612731934
GCN,22,37,0.1,random,14,-0.008801430463790894
GCN,22,37,0.1,random,15,0.010310769081115723
GCN,22,37,0.1,random,16,0.005675077438354492
GCN,22,37,0.1,random,17,0.007209807634353638
GCN,22,37,0.1,random,18,0.004808306694030762
GCN,22,37,0.1,random,19,0.00900915265083313
GCN,22,37,0.2,gnnexplainer,-1,0.008317142724990845
GCN,22,37,0.2,random,0,0.001926332712173462
GCN,22,37,0.2,random,1,0.0016610026359558105
GCN,22,37,0.2,random,2,0.036844998598098755
GCN,22,37,0.2,random,3,0.012482881546020508
GCN,22,37,0.2,random,4,0.004363954067230225
GCN,22,37,0.2,random,5,0.01584923267364502
GCN,22,37,0.2,random,6,0.0230027437210083
GCN,22,37,0.2,random,7,0.0002098679542541504
GCN,22,37,0.2,random,8,0.016042470932006836
GCN,22,37,0.2,random,9,-0.003604710102081299
GCN,22,37,0.2,random,10,-0.00013622641563415527
GCN,22,37,0.2,random,11,-0.0009782910346984863
GCN,22,37,0.2,random,12,0.0020041465759277344
GCN,22,37,0.2,random,13,0.03389650583267212
GCN,22,37,0.2,random,14,-0.0054471492767333984
GCN,22,37,0.2,random,15,0.01776289939880371
GCN,22,37,0.2,random,16,0.014082014560699463
GCN,22,37,0.2,random,17,0.008345633745193481
GCN,22,37,0.2,random,18,0.013402163982391357
GCN,22,37,0.2,random,19,0.012924373149871826
GCN,33,11,0.05,gnnexplainer,-1,0.004258930683135986
GCN,33,11,0.05,random,0,-0.0010963082313537598
GCN,33,11,0.05,random,1,0.004834622144699097
GCN,33,11,0.05,random,2,0.004820078611373901
GCN,33,11,0.05,random,3,0.0020206868648529053
GCN,33,11,0.05,random,4,0.0003751516342163086
GCN,33,11,0.05,random,5,0.011068761348724365
GCN,33,11,0.05,random,6,0.010114401578903198
GCN,33,11,0.05,random,7,0.0015721023082733154
GCN,33,11,0.05,random,8,-0.0005949735641479492
GCN,33,11,0.05,random,9,0.0030830800533294678
GCN,33,11,0.05,random,10,0.0012555122375488281
GCN,33,11,0.05,random,11,0.002267897129058838
GCN,33,11,0.05,random,12,0.0014552474021911621
GCN,33,11,0.05,random,13,0.001581043004989624
GCN,33,11,0.05,random,14,-0.0018184185028076172
GCN,33,11,0.05,random,15,0.004643917083740234
GCN,33,11,0.05,random,16,0.003059953451156616
GCN,33,11,0.05,random,17,0.006641387939453125
GCN,33,11,0.05,random,18,0.007003903388977051
GCN,33,11,0.05,random,19,0.00673028826713562
GCN,33,11,0.1,gnnexplainer,-1,0.010579556226730347
GCN,33,11,0.1,random,0,0.002955883741378784
GCN,33,11,0.1,random,1,0.0063994526863098145
GCN,33,11,0.1,random,2,0.0029790401458740234
GCN,33,11,0.1,random,3,0.013868868350982666
GCN,33,11,0.1,random,4,0.009351968765258789
GCN,33,11,0.1,random,5,0.00726887583732605
GCN,33,11,0.1,random,6,0.0025079846382141113
GCN,33,11,0.1,random,7,0.004034698009490967
GCN,33,11,0.1,random,8,0.011705636978149414
GCN,33,11,0.1,random,9,0.001442551612854004
GCN,33,11,0.1,random,10,0.014522045850753784
GCN,33,11,0.1,random,11,0.011840522289276123
GCN,33,11,0.1,random,12,0.004046499729156494
GCN,33,11,0.1,random,13,-0.0011900663375854492
GCN,33,11,0.1,random,14,0.001300513744354248
GCN,33,11,0.1,random,15,0.007107257843017578
GCN,33,11,0.1,random,16,0.006297051906585693
GCN,33,11,0.1,random,17,0.010551154613494873
GCN,33,11,0.1,random,18,0.008250206708908081
GCN,33,11,0.1,random,19,0.006236076354980469
GCN,33,11,0.2,gnnexplainer,-1,0.0185529887676239
GCN,33,11,0.2,random,0,0.018232077360153198
GCN,33,11,0.2,random,1,0.013317406177520752
GCN,33,11,0.2,random,2,0.01447218656539917
GCN,33,11,0.2,random,3,0.008075445890426636
GCN,33,11,0.2,random,4,-0.00918915867805481
GCN,33,11,0.2,random,5,0.008554905652999878
GCN,33,11,0.2,random,6,0.0034554004669189453
GCN,33,11,0.2,random,7,0.003346085548400879
GCN,33,11,0.2,random,8,0.013524413108825684
GCN,33,11,0.2,random,9,0.014283478260040283
GCN,33,11,0.2,random,10,0.018541991710662842
GCN,33,11,0.2,random,11,0.008920252323150635
GCN,33,11,0.2,random,12,0.0061976611614227295
GCN,33,11,0.2,random,13,0.015787363052368164
GCN,33,11,0.2,random,14,-0.0007875263690948486
GCN,33,11,0.2,random,15,0.004125475883483887
GCN,33,11,0.2,random,16,0.0093841552734375
GCN,33,11,0.2,random,17,0.0027528703212738037
GCN,33,11,0.2,random,18,0.01047825813293457
GCN,33,11,0.2,random,19,0.010963976383209229
GCN,33,23,0.05,gnnexplainer,-1,0.0025402307510375977
GCN,33,23,0.05,random,0,0.002466052770614624
GCN,33,23,0.05,random,1,-0.0013863444328308105
GCN,33,23,0.05,random,2,-0.001468956470489502
GCN,33,23,0.05,random,3,0.0020470619201660156
GCN,33,23,0.05,random,4,0.0030880868434906006
GCN,33,23,0.05,random,5,0.003683149814605713
GCN,33,23,0.05,random,6,0.0018869638442993164
GCN,33,23,0.05,random,7,0.0058623552322387695
GCN,33,23,0.05,random,8,0.001194298267364502
GCN,33,23,0.05,random,9,0.003442734479904175
GCN,33,23,0.05,random,10,0.006211698055267334
GCN,33,23,0.05,random,11,0.0004870295524597168
GCN,33,23,0.05,random,12,-0.003253340721130371
GCN,33,23,0.05,random,13,0.00834164023399353
GCN,33,23,0.05,random,14,0.002384394407272339
GCN,33,23,0.05,random,15,0.004108160734176636
GCN,33,23,0.05,random,16,-0.0009564757347106934
GCN,33,23,0.05,random,17,0.0038816630840301514
GCN,33,23,0.05,random,18,0.0024549365043640137
GCN,33,23,0.05,random,19,0.001834958791732788
GCN,33,23,0.1,gnnexplainer,-1,0.008730590343475342
GCN,33,23,0.1,random,0,0.0006182193756103516
GCN,33,23,0.1,random,1,0.003628939390182495
GCN,33,23,0.1,random,2,0.004081428050994873
GCN,33,23,0.1,random,3,-0.003139972686767578
GCN,33,23,0.1,random,4,0.00557708740234375
GCN,33,23,0.1,random,5,-0.000752568244934082
GCN,33,23,0.1,random,6,0.006992906332015991
GCN,33,23,0.1,random,7,0.004419296979904175
GCN,33,23,0.1,random,8,0.00946924090385437
GCN,33,23,0.1,random,9,0.01252734661102295
GCN,33,23,0.1,random,10,0.005586743354797363
GCN,33,23,0.1,random,11,0.008445113897323608
GCN,33,23,0.1,random,12,0.003410637378692627
GCN,33,23,0.1,random,13,-0.0004214346408843994
GCN,33,23,0.1,random,14,0.012245744466781616
GCN,33,23,0.1,random,15,0.008937239646911621
GCN,33,23,0.1,random,16,0.006163239479064941
GCN,33,23,0.1,random,17,0.007794082164764404
GCN,33,23,0.1,random,18,0.0070236921310424805
GCN,33,23,0.1,random,19,0.0111464262008667
GCN,33,23,0.2,gnnexplainer,-1,0.011454671621322632
GCN,33,23,0.2,random,0,0.015174150466918945
GCN,33,23,0.2,random,1,0.005002379417419434
GCN,33,23,0.2,random,2,0.013137280941009521
GCN,33,23,0.2,random,3,0.01756402850151062
GCN,33,23,0.2,random,4,0.00141143798828125
GCN,33,23,0.2,random,5,0.011358112096786499
GCN,33,23,0.2,random,6,0.013291656970977783
GCN,33,23,0.2,random,7,0.002171814441680908
GCN,33,23,0.2,random,8,0.004999697208404541
GCN,33,23,0.2,random,9,0.007422268390655518
GCN,33,23,0.2,random,10,0.02671799063682556
GCN,33,23,0.2,random,11,0.01064106822013855
GCN,33,23,0.2,random,12,0.0070014894008636475
GCN,33,23,0.2,random,13,0.011184990406036377
GCN,33,23,0.2,random,14,0.01736435294151306
GCN,33,23,0.2,random,15,0.00856935977935791
GCN,33,23,0.2,random,16,0.007773488759994507
GCN,33,23,0.2,random,17,0.010770857334136963
GCN,33,23,0.2,random,18,0.008228272199630737
GCN,33,23,0.2,random,19,0.006766289472579956
GCN,33,37,0.05,gnnexplainer,-1,0.006641983985900879
GCN,33,37,0.05,random,0,0.0012759864330291748
GCN,33,37,0.05,random,1,0.0019121766090393066
GCN,33,37,0.05,random,2,-0.0009045898914337158
GCN,33,37,0.05,random,3,0.006519436836242676
GCN,33,37,0.05,random,4,0.00044545531272888184
GCN,33,37,0.05,random,5,-0.0013259053230285645
GCN,33,37,0.05,random,6,-0.0030693113803863525
GCN,33,37,0.05,random,7,0.00586855411529541
GCN,33,37,0.05,random,8,-0.0015948116779327393
GCN,33,37,0.05,random,9,0.0005978941917419434
GCN,33,37,0.05,random,10,0.005655020475387573
GCN,33,37,0.05,random,11,0.005045950412750244
GCN,33,37,0.05,random,12,0.006007879972457886
GCN,33,37,0.05,random,13,0.005599319934844971
GCN,33,37,0.05,random,14,0.005046576261520386
GCN,33,37,0.05,random,15,0.005170315504074097
GCN,33,37,0.05,random,16,0.0084458589553833
GCN,33,37,0.05,random,17,-0.00398901104927063
GCN,33,37,0.05,random,18,0.005293488502502441
GCN,33,37,0.05,random,19,0.0035952329635620117
GCN,33,37,0.1,gnnexplainer,-1,0.008630812168121338
GCN,33,37,0.1,random,0,0.010941386222839355
GCN,33,37,0.1,random,1,0.0028706490993499756
GCN,33,37,0.1,random,2,0.004563271999359131
GCN,33,37,0.1,random,3,-0.005863547325134277
GCN,33,37,0.1,random,4,0.00840863585472107
GCN,33,37,0.1,random,5,-0.00028648972511291504
GCN,33,37,0.1,random,6,0.007465004920959473
GCN,33,37,0.1,random,7,0.002966761589050293
GCN,33,37,0.1,random,8,0.0055825114250183105
GCN,33,37,0.1,random,9,0.007269024848937988
GCN,33,37,0.1,random,10,0.008611083030700684
GCN,33,37,0.1,random,11,0.008288800716400146
GCN,33,37,0.1,random,12,0.009249508380889893
GCN,33,37,0.1,random,13,0.0017080903053283691
GCN,33,37,0.1,random,14,-0.005763322114944458
GCN,33,37,0.1,random,15,0.004532992839813232
GCN,33,37,0.1,random,16,-0.0022236108779907227
GCN,33,37,0.1,random,17,0.0001531541347503662
GCN,33,37,0.1,random,18,0.0016941726207733154
GCN,33,37,0.1,random,19,0.005032867193222046
GCN,33,37,0.2,gnnexplainer,-1,0.004406750202178955
GCN,33,37,0.2,random,0,0.0034269094467163086
GCN,33,37,0.2,random,1,0.0048716068267822266
GCN,33,37,0.2,random,2,0.0008292794227600098
GCN,33,37,0.2,random,3,0.007459461688995361
GCN,33,37,0.2,random,4,0.01818263530731201
GCN,33,37,0.2,random,5,0.008104979991912842
GCN,33,37,0.2,random,6,0.0023171603679656982
GCN,33,37,0.2,random,7,0.011764377355575562
GCN,33,37,0.2,random,8,0.011627495288848877
GCN,33,37,0.2,random,9,0.009500741958618164
GCN,33,37,0.2,random,10,0.011116951704025269
GCN,33,37,0.2,random,11,0.007768601179122925
GCN,33,37,0.2,random,12,-0.006377160549163818
GCN,33,37,0.2,random,13,0.0013849437236785889
GCN,33,37,0.2,random,14,0.011534333229064941
GCN,33,37,0.2,random,15,0.008813738822937012
GCN,33,37,0.2,random,16,0.00013273954391479492
GCN,33,37,0.2,random,17,0.00949212908744812
GCN,33,37,0.2,random,18,0.022459566593170166
GCN,33,37,0.2,random,19,0.014201104640960693
GCN,54,11,0.05,gnnexplainer,-1,-0.0014802217483520508
GCN,54,11,0.05,random,0,0.009475111961364746
GCN,54,11,0.05,random,1,-0.004478633403778076
GCN,54,11,0.05,random,2,0.011954784393310547
GCN,54,11,0.05,random,3,0.004769772291183472
GCN,54,11,0.05,random,4,-0.009085536003112793
GCN,54,11,0.05,random,5,-0.0008805394172668457
GCN,54,11,0.05,random,6,0.00308188796043396
GCN,54,11,0.05,random,7,0.017136096954345703
GCN,54,11,0.05,random,8,0.007655084133148193
GCN,54,11,0.05,random,9,0.006923198699951172
GCN,54,11,0.05,random,10,-0.005304008722305298
GCN,54,11,0.05,random,11,0.0009613633155822754
GCN,54,11,0.05,random,12,0.018323957920074463
GCN,54,11,0.05,random,13,0.019472837448120117
GCN,54,11,0.05,random,14,0.006982296705245972
GCN,54,11,0.05,random,15,0.006963223218917847
GCN,54,11,0.05,random,16,0.005565166473388672
GCN,54,11,0.05,random,17,0.005731791257858276
GCN,54,11,0.05,random,18,0.011466950178146362
GCN,54,11,0.05,random,19,0.0015799999237060547
GCN,54,11,0.1,gnnexplainer,-1,0.002887904644012451
GCN,54,11,0.1,random,0,0.009093105792999268
GCN,54,11,0.1,random,1,0.011248171329498291
GCN,54,11,0.1,random,2,0.02029702067375183
GCN,54,11,0.1,random,3,-0.005716800689697266
GCN,54,11,0.1,random,4,0.008090823888778687
GCN,54,11,0.1,random,5,0.01496511697769165
GCN,54,11,0.1,random,6,0.026869118213653564
GCN,54,11,0.1,random,7,-0.011669576168060303
GCN,54,11,0.1,random,8,-0.0027848482131958008
GCN,54,11,0.1,random,9,0.021011799573898315
GCN,54,11,0.1,random,10,0.005140155553817749
GCN,54,11,0.1,random,11,0.013512969017028809
GCN,54,11,0.1,random,12,0.01677107810974121
GCN,54,11,0.1,random,13,0.010648548603057861
GCN,54,11,0.1,random,14,0.0041780173778533936
GCN,54,11,0.1,random,15,-0.0024918317794799805
GCN,54,11,0.1,random,16,0.013945043087005615
GCN,54,11,0.1,random,17,0.013761818408966064
GCN,54,11,0.1,random,18,0.017538726329803467
GCN,54,11,0.1,random,19,0.01244327425956726
GCN,54,11,0.2,gnnexplainer,-1,0.021090567111968994
GCN,54,11,0.2,random,0,0.015468776226043701
GCN,54,11,0.2,random,1,0.0009526610374450684
GCN,54,11,0.2,random,2,0.009499847888946533
GCN,54,11,0.2,random,3,0.012318342924118042
GCN,54,11,0.2,random,4,0.012926638126373291
GCN,54,11,0.2,random,5,0.016813039779663086
GCN,54,11,0.2,random,6,0.010160744190216064
GCN,54,11,0.2,random,7,0.02269849181175232
GCN,54,11,0.2,random,8,0.025037109851837158
GCN,54,11,0.2,random,9,0.020240485668182373
GCN,54,11,0.2,random,10,0.004008650779724121
GCN,54,11,0.2,random,11,0.004847109317779541
GCN,54,11,0.2,random,12,0.03657114505767822
GCN,54,11,0.2,random,13,-0.0036809444427490234
GCN,54,11,0.2,random,14,0.0003325343132019043
GCN,54,11,0.2,random,15,0.012405991554260254
GCN,54,11,0.2,random,16,0.018986642360687256
GCN,54,11,0.2,random,17,0.01955556869506836
GCN,54,11,0.2,random,18,0.025487244129180908
GCN,54,11,0.2,random,19,0.010307520627975464
GCN,54,23,0.05,gnnexplainer,-1,0.005661368370056152
GCN,54,23,0.05,random,0,0.0036320090293884277
GCN,54,23,0.05,random,1,0.010001033544540405
GCN,54,23,0.05,random,2,0.002495288848876953
GCN,54,23,0.05,random,3,-0.0005744993686676025
GCN,54,23,0.05,random,4,0.004070013761520386
GCN,54,23,0.05,random,5,-0.0011041760444641113
GCN,54,23,0.05,random,6,0.005654692649841309
GCN,54,23,0.05,random,7,-0.00522005558013916
GCN,54,23,0.05,random,8,0.00979691743850708
GCN,54,23,0.05,random,9,0.007169544696807861
GCN,54,23,0.05,random,10,0.004139035940170288
GCN,54,23,0.05,random,11,0.003685295581817627
GCN,54,23,0.05,random,12,0.0014431178569793701
GCN,54,23,0.05,random,13,0.005118429660797119
GCN,54,23,0.05,random,14,0.011553704738616943
GCN,54,23,0.05,random,15,0.00739702582359314
GCN,54,23,0.05,random,16,0.004469245672225952
GCN,54,23,0.05,random,17,0.008403778076171875
GCN,54,23,0.05,random,18,0.002491682767868042
GCN,54,23,0.05,random,19,0.008513033390045166
GCN,54,23,0.1,gnnexplainer,-1,0.0055661797523498535
GCN,54,23,0.1,random,0,0.0024129152297973633
GCN,54,23,0.1,random,1,0.021822094917297363
GCN,54,23,0.1,random,2,-0.0010606646537780762
GCN,54,23,0.1,random,3,0.019453972578048706
GCN,54,23,0.1,random,4,0.01558375358581543
GCN,54,23,0.1,random,5,0.0036353766918182373
GCN,54,23,0.1,random,6,0.002752840518951416
GCN,54,23,0.1,random,7,-0.010589778423309326
GCN,54,23,0.1,random,8,-0.004204213619232178
GCN,54,23,0.1,random,9,0.009032130241394043
GCN,54,23,0.1,random,10,0.008082002401351929
GCN,54,23,0.1,random,11,0.0034908056259155273
GCN,54,23,0.1,random,12,0.005126595497131348
GCN,54,23,0.1,random,13,0.011073172092437744
GCN,54,23,0.1,random,14,0.005327582359313965
GCN,54,23,0.1,random,15,0.012535780668258667
GCN,54,23,0.1,random,16,0.00942075252532959
GCN,54,23,0.1,random,17,0.007152646780014038
GCN,54,23,0.1,random,18,-0.008029520511627197
GCN,54,23,0.1,random,19,0.0003406703472137451
GCN,54,23,0.2,gnnexplainer,-1,0.0032172799110412598
GCN,54,23,0.2,random,0,0.012759417295455933
GCN,54,23,0.2,random,1,0.02576872706413269
GCN,54,23,0.2,random,2,0.025543659925460815
GCN,54,23,0.2,random,3,-0.01552659273147583
GCN,54,23,0.2,random,4,0.013291090726852417
GCN,54,23,0.2,random,5,0.016606450080871582
GCN,54,23,0.2,random,6,-0.001163184642791748
GCN,54,23,0.2,random,7,-0.001880347728729248
GCN,54,23,0.2,random,8,0.008547753095626831
GCN,54,23,0.2,random,9,0.0023933053016662598
GCN,54,23,0.2,random,10,-0.004476457834243774
GCN,54,23,0.2,random,11,0.01597997546195984
GCN,54,23,0.2,random,12,-0.0017125904560089111
GCN,54,23,0.2,random,13,0.014563500881195068
GCN,54,23,0.2,random,14,0.019306600093841553
GCN,54,23,0.2,random,15,-0.006218671798706055
GCN,54,23,0.2,random,16,-0.005240678787231445
GCN,54,23,0.2,random,17,-0.0006271600723266602
GCN,54,23,0.2,random,18,0.02013203501701355
GCN,54,23,0.2,random,19,0.006956934928894043
GCN,54,37,0.05,gnnexplainer,-1,0.020045846700668335
GCN,54,37,0.05,random,0,0.01758342981338501
GCN,54,37,0.05,random,1,0.014501452445983887
GCN,54,37,0.05,random,2,0.022908568382263184
GCN,54,37,0.05,random,3,0.001271963119506836
GCN,54,37,0.05,random,4,0.019895553588867188
GCN,54,37,0.05,random,5,0.008509039878845215
GCN,54,37,0.05,random,6,0.009528368711471558
GCN,54,37,0.05,random,7,0.00330314040184021
GCN,54,37,0.05,random,8,0.003952324390411377
GCN,54,37,0.05,random,9,-0.0008530616760253906
GCN,54,37,0.05,random,10,0.0017708241939544678
GCN,54,37,0.05,random,11,0.0024968385696411133
GCN,54,37,0.05,random,12,0.004091143608093262
GCN,54,37,0.05,random,13,0.009798765182495117
GCN,54,37,0.05,random,14,-0.0024203360080718994
GCN,54,37,0.05,random,15,0.011383771896362305
GCN,54,37,0.05,random,16,0.017300009727478027
GCN,54,37,0.05,random,17,-0.0031227469444274902
GCN,54,37,0.05,random,18,0.00013136863708496094
GCN,54,37,0.05,random,19,0.0023460090160369873
GCN,54,37,0.1,gnnexplainer,-1,0.018866658210754395
GCN,54,37,0.1,random,0,0.01028558611869812
GCN,54,37,0.1,random,1,-0.008280456066131592
GCN,54,37,0.1,random,2,0.00487971305847168
GCN,54,37,0.1,random,3,0.012247174978256226
GCN,54,37,0.1,random,4,0.006214499473571777
GCN,54,37,0.1,random,5,-0.0003414452075958252
GCN,54,37,0.1,random,6,0.020726263523101807
GCN,54,37,0.1,random,7,-0.004202038049697876
GCN,54,37,0.1,random,8,0.007553547620773315
GCN,54,37,0.1,random,9,0.02838343381881714
GCN,54,37,0.1,random,10,0.01130494475364685
GCN,54,37,0.1,random,11,0.004433363676071167
GCN,54,37,0.1,random,12,0.019713610410690308
GCN,54,37,0.1,random,13,0.00933811068534851
GCN,54,37,0.1,random,14,0.02241724729537964
GCN,54,37,0.1,random,15,0.0014787614345550537
GCN,54,37,0.1,random,16,0.0017174482345581055
GCN,54,37,0.1,random,17,0.004409670829772949
GCN,54,37,0.1,random,18,0.023098111152648926
GCN,54,37,0.1,random,19,-0.005123645067214966
GCN,54,37,0.2,gnnexplainer,-1,0.03972822427749634
GCN,54,37,0.2,random,0,0.03170877695083618
GCN,54,37,0.2,random,1,0.013713330030441284
GCN,54,37,0.2,random,2,0.018779754638671875
GCN,54,37,0.2,random,3,0.0029683709144592285
GCN,54,37,0.2,random,4,0.006758332252502441
GCN,54,37,0.2,random,5,0.014858216047286987
GCN,54,37,0.2,random,6,0.0038559436798095703
GCN,54,37,0.2,random,7,0.015827029943466187
GCN,54,37,0.2,random,8,0.01987510919570923
GCN,54,37,0.2,random,9,0.005494356155395508
GCN,54,37,0.2,random,10,0.01124882698059082
GCN,54,37,0.2,random,11,0.004016757011413574
GCN,54,37,0.2,random,12,0.01236635446548462
GCN,54,37,0.2,random,13,0.014635264873504639
GCN,54,37,0.2,random,14,0.01279708743095398
GCN,54,37,0.2,random,15,0.004008650779724121
GCN,54,37,0.2,random,16,0.0033829808235168457
GCN,54,37,0.2,random,17,0.007324814796447754
GCN,54,37,0.2,random,18,0.0024184882640838623
GCN,54,37,0.2,random,19,0.04279419779777527
GCN,56,11,0.05,gnnexplainer,-1,0.008824586868286133
GCN,56,11,0.05,random,0,0.009815007448196411
GCN,56,11,0.05,random,1,0.00526583194732666
GCN,56,11,0.05,random,2,0.01113322377204895
GCN,56,11,0.05,random,3,0.007917419075965881
GCN,56,11,0.05,random,4,0.009750932455062866
GCN,56,11,0.05,random,5,0.005098134279251099
GCN,56,11,0.05,random,6,0.008906319737434387
GCN,56,11,0.05,random,7,0.007621884346008301
GCN,56,11,0.05,random,8,0.00593915581703186
GCN,56,11,0.05,random,9,0.008085370063781738
GCN,56,11,0.05,random,10,0.010079175233840942
GCN,56,11,0.05,random,11,0.00871226191520691
GCN,56,11,0.05,random,12,0.009073927998542786
GCN,56,11,0.05,random,13,0.00787690281867981
GCN,56,11,0.05,random,14,0.00797465443611145
GCN,56,11,0.05,random,15,0.007721245288848877
GCN,56,11,0.05,random,16,0.00651039183139801
GCN,56,11,0.05,random,17,0.007706359028816223
GCN,56,11,0.05,random,18,0.008687734603881836
GCN,56,11,0.05,random,19,0.00457349419593811
GCN,56,11,0.1,gnnexplainer,-1,0.015847861766815186
GCN,56,11,0.1,random,0,0.014886975288391113
GCN,56,11,0.1,random,1,0.015336096286773682
GCN,56,11,0.1,random,2,0.013844072818756104
GCN,56,11,0.1,random,3,0.014942675828933716
GCN,56,11,0.1,random,4,0.019060805439949036
GCN,56,11,0.1,random,5,0.01005256175994873
GCN,56,11,0.1,random,6,0.012376144528388977
GCN,56,11,0.1,random,7,0.011565864086151123
GCN,56,11,0.1,random,8,0.013540223240852356
GCN,56,11,0.1,random,9,0.013302803039550781
GCN,56,11,0.1,random,10,0.015459537506103516
GCN,56,11,0.1,random,11,0.011078909039497375
GCN,56,11,0.1,random,12,0.00946497917175293
GCN,56,11,0.1,random,13,0.01784016191959381
GCN,56,11,0.1,random,14,0.015427425503730774
GCN,56,11,0.1,random,15,0.014301612973213196
GCN,56,11,0.1,random,16,0.012381941080093384
GCN,56,11,0.1,random,17,0.012114167213439941
GCN,56,11,0.1,random,18,0.01118171215057373
GCN,56,11,0.1,random,19,0.013796478509902954
GCN,56,11,0.2,gnnexplainer,-1,0.027512788772583008
GCN,56,11,0.2,random,0,0.027321413159370422
GCN,56,11,0.2,random,1,0.029321089386940002
GCN,56,11,0.2,random,2,0.026059329509735107
GCN,56,11,0.2,random,3,0.03125131130218506
GCN,56,11,0.2,random,4,0.022500231862068176
GCN,56,11,0.2,random,5,0.029694154858589172
GCN,56,11,0.2,random,6,0.03136849403381348
GCN,56,11,0.2,random,7,0.03671100735664368
GCN,56,11,0.2,random,8,0.029526129364967346
GCN,56,11,0.2,random,9,0.03213334083557129
GCN,56,11,0.2,random,10,0.029798805713653564
GCN,56,11,0.2,random,11,0.02708202600479126
GCN,56,11,0.2,random,12,0.03161606192588806
GCN,56,11,0.2,random,13,0.03680765628814697
GCN,56,11,0.2,random,14,0.03181071579456329
GCN,56,11,0.2,random,15,0.02964361011981964
GCN,56,11,0.2,random,16,0.032849520444869995
GCN,56,11,0.2,random,17,0.02673967182636261
GCN,56,11,0.2,random,18,0.02685101330280304
GCN,56,11,0.2,random,19,0.031897664070129395
GCN,56,23,0.05,gnnexplainer,-1,0.009366095066070557
GCN,56,23,0.05,random,0,0.009830385446548462
GCN,56,23,0.05,random,1,0.007215768098831177
GCN,56,23,0.05,random,2,0.001804947853088379
GCN,56,23,0.05,random,3,0.006017044186592102
GCN,56,23,0.05,random,4,0.008153915405273438
GCN,56,23,0.05,random,5,0.006423830986022949
GCN,56,23,0.05,random,6,0.007435411214828491
GCN,56,23,0.05,random,7,0.0052322447299957275
GCN,56,23,0.05,random,8,0.00901031494140625
GCN,56,23,0.05,random,9,0.008294254541397095
GCN,56,23,0.05,random,10,0.008553147315979004
GCN,56,23,0.05,random,11,0.00675220787525177
GCN,56,23,0.05,random,12,0.0064418017864227295
GCN,56,23,0.05,random,13,0.006031394004821777
GCN,56,23,0.05,random,14,0.005474686622619629
GCN,56,23,0.05,random,15,0.007538437843322754
GCN,56,23,0.05,random,16,0.008858144283294678
GCN,56,23,0.05,random,17,0.009446769952774048
GCN,56,23,0.05,random,18,0.005643516778945923
GCN,56,23,0.05,random,19,0.008225947618484497
GCN,56,23,0.1,gnnexplainer,-1,0.01963627338409424
GCN,56,23,0.1,random,0,0.016790390014648438
GCN,56,23,0.1,random,1,0.011371582746505737
GCN,56,23,0.1,random,2,0.01813998818397522
GCN,56,23,0.1,random,3,0.015816882252693176
GCN,56,23,0.1,random,4,0.013661116361618042
GCN,56,23,0.1,random,5,0.014686524868011475
GCN,56,23,0.1,random,6,0.014395833015441895
GCN,56,23,0.1,random,7,0.014126509428024292
GCN,56,23,0.1,random,8,0.010401785373687744
GCN,56,23,0.1,random,9,0.013216614723205566
GCN,56,23,0.1,random,10,0.014597773551940918
GCN,56,23,0.1,random,11,0.012724757194519043
GCN,56,23,0.1,random,12,0.012565568089485168
GCN,56,23,0.1,random,13,0.014376550912857056
GCN,56,23,0.1,random,14,0.016183853149414062
GCN,56,23,0.1,random,15,0.011819899082183838
GCN,56,23,0.1,random,16,0.013778150081634521
GCN,56,23,0.1,random,17,0.012119606137275696
GCN,56,23,0.1,random,18,0.014811187982559204
GCN,56,23,0.1,random,19,0.015568375587463379
GCN,56,23,0.2,gnnexplainer,-1,0.03342545032501221
GCN,56,23,0.2,random,0,0.030209973454475403
GCN,56,23,0.2,random,1,0.039935722947120667
GCN,56,23,0.2,random,2,0.029053449630737305
GCN,56,23,0.2,random,3,0.033822089433670044
GCN,56,23,0.2,random,4,0.03365477919578552
GCN,56,23,0.2,random,5,0.03050704300403595
GCN,56,23,0.2,random,6,0.03446328639984131
GCN,56,23,0.2,random,7,0.027301549911499023
GCN,56,23,0.2,random,8,0.02748692035675049
GCN,56,23,0.2,random,9,0.026804029941558838
GCN,56,23,0.2,random,10,0.035389214754104614
GCN,56,23,0.2,random,11,0.02734866738319397
GCN,56,23,0.2,random,12,0.03297370672225952
GCN,56,23,0.2,random,13,0.027372151613235474
GCN,56,23,0.2,random,14,0.030903637409210205
GCN,56,23,0.2,random,15,0.03212428092956543
GCN,56,23,0.2,random,16,0.029577627778053284
GCN,56,23,0.2,random,17,0.029005005955696106
GCN,56,23,0.2,random,18,0.02501697838306427
GCN,56,23,0.2,random,19,0.028136923909187317
GCN,56,37,0.05,gnnexplainer,-1,0.005246102809906006
GCN,56,37,0.05,random,0,0.004093676805496216
GCN,56,37,0.05,random,1,0.0066390931606292725
GCN,56,37,0.05,random,2,0.00386221706867218
GCN,56,37,0.05,random,3,0.006670176982879639
GCN,56,37,0.05,random,4,0.007698327302932739
GCN,56,37,0.05,random,5,0.008113056421279907
GCN,56,37,0.05,random,6,0.010357573628425598
GCN,56,37,0.05,random,7,0.00739935040473938
GCN,56,37,0.05,random,8,0.006873369216918945
GCN,56,37,0.05,random,9,0.008380800485610962
GCN,56,37,0.05,random,10,0.007313728332519531
GCN,56,37,0.05,random,11,0.009174644947052002
GCN,56,37,0.05,random,12,0.009027436375617981
GCN,56,37,0.05,random,13,0.006424322724342346
GCN,56,37,0.05,random,14,0.006471768021583557
GCN,56,37,0.05,random,15,0.007991626858711243
GCN,56,37,0.05,random,16,0.004148423671722412
GCN,56,37,0.05,random,17,0.007689952850341797
GCN,56,37,0.05,random,18,0.011416226625442505
GCN,56,37,0.05,random,19,0.004644155502319336
GCN,56,37,0.1,gnnexplainer,-1,0.014040708541870117
GCN,56,37,0.1,random,0,0.015084296464920044
GCN,56,37,0.1,random,1,0.011517226696014404
GCN,56,37,0.1,random,2,0.010013490915298462
GCN,56,37,0.1,random,3,0.01886788010597229
GCN,56,37,0.1,random,4,0.01592893898487091
GCN,56,37,0.1,random,5,0.013859391212463379
GCN,56,37,0.1,random,6,0.01670391857624054
GCN,56,37,0.1,random,7,0.01594632863998413
GCN,56,37,0.1,random,8,0.012193858623504639
GCN,56,37,0.1,random,9,0.011151939630508423
GCN,56,37,0.1,random,10,0.015841633081436157
GCN,56,37,0.1,random,11,0.012286141514778137
GCN,56,37,0.1,random,12,0.012692049145698547
GCN,56,37,0.1,random,13,0.011752516031265259
GCN,56,37,0.1,random,14,0.013183489441871643
GCN,56,37,0.1,random,15,0.013695389032363892
GCN,56,37,0.1,random,16,0.012803196907043457
GCN,56,37,0.1,random,17,0.015614822506904602
GCN,56,37,0.1,random,18,0.010938599705696106
GCN,56,37,0.1,random,19,0.014569476246833801
GCN,56,37,0.2,gnnexplainer,-1,0.03240206837654114
GCN,56,37,0.2,random,0,0.026660576462745667
GCN,56,37,0.2,random,1,0.027808621525764465
GCN,56,37,0.2,random,2,0.035163164138793945
GCN,56,37,0.2,random,3,0.02794232964515686
GCN,56,37,0.2,random,4,0.0287325382232666
GCN,56,37,0.2,random,5,0.033603861927986145
GCN,56,37,0.2,random,6,0.030613973736763
GCN,56,37,0.2,random,7,0.032307058572769165
GCN,56,37,0.2,random,8,0.0371551513671875
GCN,56,37,0.2,random,9,0.03133614361286163
GCN,56,37,0.2,random,10,0.03446686267852783
GCN,56,37,0.2,random,11,0.025088876485824585
GCN,56,37,0.2,random,12,0.026496440172195435
GCN,56,37,0.2,random,13,0.026333406567573547
GCN,56,37,0.2,random,14,0.03373539447784424
GCN,56,37,0.2,random,15,0.029742777347564697
GCN,56,37,0.2,random,16,0.02602711319923401
GCN,56,37,0.2,random,17,0.03438480198383331
GCN,56,37,0.2,random,18,0.027267664670944214
GCN,56,37,0.2,random,19,0.03233802318572998
GCN,58,11,0.05,gnnexplainer,-1,0.0023543834686279297
GCN,58,11,0.05,random,0,0.0014026761054992676
GCN,58,11,0.05,random,1,0.0013428330421447754
GCN,58,11,0.05,random,2,-0.00315973162651062
GCN,58,11,0.05,random,3,0.0032933950424194336
GCN,58,11,0.05,random,4,0.003264129161834717
GCN,58,11,0.05,random,5,0.0030909180641174316
GCN,58,11,0.05,random,6,0.0013256371021270752
GCN,58,11,0.05,random,7,0.0006538033485412598
GCN,58,11,0.05,random,8,0.0014372467994689941
GCN,58,11,0.05,random,9,0.005490779876708984
GCN,58,11,0.05,random,10,-0.0040610432624816895
GCN,58,11,0.05,random,11,0.0015290379524230957
GCN,58,11,0.05,random,12,0.0008183121681213379
GCN,58,11,0.05,random,13,-0.0005658566951751709
GCN,58,11,0.05,random,14,0.0005347728729248047
GCN,58,11,0.05,random,15,0.0018483996391296387
GCN,58,11,0.05,random,16,0.002155482769012451
GCN,58,11,0.05,random,17,0.0029762089252471924
GCN,58,11,0.05,random,18,0.00701296329498291
GCN,58,11,0.05,random,19,0.0005893707275390625
GCN,58,11,0.1,gnnexplainer,-1,0.004192173480987549
GCN,58,11,0.1,random,0,0.0027891695499420166
GCN,58,11,0.1,random,1,-0.0006045103073120117
GCN,58,11,0.1,random,2,0.005267977714538574
GCN,58,11,0.1,random,3,0.0016965866088867188
GCN,58,11,0.1,random,4,0.0021123290061950684
GCN,58,11,0.1,random,5,0.006339579820632935
GCN,58,11,0.1,random,6,0.008289575576782227
GCN,58,11,0.1,random,7,0.0038743019104003906
GCN,58,11,0.1,random,8,0.0018166899681091309
GCN,58,11,0.1,random,9,0.004163146018981934
GCN,58,11,0.1,random,10,0.00643080472946167
GCN,58,11,0.1,random,11,-0.005807340145111084
GCN,58,11,0.1,random,12,0.0008669495582580566
GCN,58,11,0.1,random,13,-3.3229589462280273e-05
GCN,58,11,0.1,random,14,-0.00257110595703125
GCN,58,11,0.1,random,15,0.0018333494663238525
GCN,58,11,0.1,random,16,0.0132293701171875
GCN,58,11,0.1,random,17,-0.003340482711791992
GCN,58,11,0.1,random,18,-0.0027486979961395264
GCN,58,11,0.1,random,19,-0.003762185573577881
GCN,58,11,0.2,gnnexplainer,-1,0.010906457901000977
GCN,58,11,0.2,random,0,0.0018719732761383057
GCN,58,11,0.2,random,1,0.0027177631855010986
GCN,58,11,0.2,random,2,-0.005207955837249756
GCN,58,11,0.2,random,3,0.008115530014038086
GCN,58,11,0.2,random,4,0.0005272030830383301
GCN,58,11,0.2,random,5,0.0054770708084106445
GCN,58,11,0.2,random,6,0.0032512545585632324
GCN,58,11,0.2,random,7,-0.003968656063079834
GCN,58,11,0.2,random,8,0.016338884830474854
GCN,58,11,0.2,random,9,-0.00920170545578003
GCN,58,11,0.2,random,10,0.002976536750793457
GCN,58,11,0.2,random,11,0.009424865245819092
GCN,58,11,0.2,random,12,0.0009292364120483398
GCN,58,11,0.2,random,13,0.014426976442337036
GCN,58,11,0.2,random,14,0.006628811359405518
GCN,58,11,0.2,random,15,0.002073824405670166
GCN,58,11,0.2,random,16,-0.003044426441192627
GCN,58,11,0.2,random,17,0.0029897689819335938
GCN,58,11,0.2,random,18,0.00583803653717041
GCN,58,11,0.2,random,19,0.0015504956245422363
GCN,58,23,0.05,gnnexplainer,-1,0.004869967699050903
GCN,58,23,0.05,random,0,0.005298197269439697
GCN,58,23,0.05,random,1,-0.0042615532875061035
GCN,58,23,0.05,random,2,-0.00926816463470459
GCN,58,23,0.05,random,3,-0.0005369186401367188
GCN,58,23,0.05,random,4,0.005823373794555664
GCN,58,23,0.05,random,5,-9.85264778137207e-05
GCN,58,23,0.05,random,6,-0.001450955867767334
GCN,58,23,0.05,random,7,0.005967199802398682
GCN,58,23,0.05,random,8,-0.0047110021114349365
GCN,58,23,0.05,random,9,0.0019224286079406738
GCN,58,23,0.05,random,10,0.002395153045654297
GCN,58,23,0.05,random,11,5.689263343811035e-05
GCN,58,23,0.05,random,12,-0.0023936033248901367
GCN,58,23,0.05,random,13,0.005273103713989258
GCN,58,23,0.05,random,14,0.001395881175994873
GCN,58,23,0.05,random,15,0.005770832300186157
GCN,58,23,0.05,random,16,0.005379736423492432
GCN,58,23,0.05,random,17,0.003981143236160278
GCN,58,23,0.05,random,18,0.00172346830368042
GCN,58,23,0.05,random,19,0.0029896795749664307
GCN,58,23,0.1,gnnexplainer,-1,0.0048833489418029785
GCN,58,23,0.1,random,0,0.01067882776260376
GCN,58,23,0.1,random,1,0.0008187592029571533
GCN,58,23,0.1,random,2,-0.0034160315990448
GCN,58,23,0.1,random,3,0.009446382522583008
GCN,58,23,0.1,random,4,0.0006211400032043457
GCN,58,23,0.1,random,5,-0.005356162786483765
GCN,58,23,0.1,random,6,0.00449824333190918
GCN,58,23,0.1,random,7,-0.012277185916900635
GCN,58,23,0.1,random,8,0.002594292163848877
GCN,58,23,0.1,random,9,-0.005927294492721558
GCN,58,23,0.1,random,10,-0.005723327398300171
GCN,58,23,0.1,random,11,-0.0002512335777282715
GCN,58,23,0.1,random,12,0.00029724836349487305
GCN,58,23,0.1,random,13,0.00408625602722168
GCN,58,23,0.1,random,14,0.007554292678833008
GCN,58,23,0.1,random,15,-0.004868686199188232
GCN,58,23,0.1,random,16,0.005078941583633423
GCN,58,23,0.1,random,17,-0.003856867551803589
GCN,58,23,0.1,random,18,0.0021284818649291992
GCN,58,23,0.1,random,19,0.000638127326965332
GCN,58,23,0.2,gnnexplainer,-1,0.006774574518203735
GCN,58,23,0.2,random,0,0.004606962203979492
GCN,58,23,0.2,random,1,0.004693210124969482
GCN,58,23,0.2,random,2,0.0016183853149414062
GCN,58,23,0.2,random,3,-0.0070542097091674805
GCN,58,23,0.2,random,4,-0.0011310279369354248
GCN,58,23,0.2,random,5,0.004816710948944092
GCN,58,23,0.2,random,6,0.007395923137664795
GCN,58,23,0.2,random,7,-0.0035467147827148438
GCN,58,23,0.2,random,8,-0.006995201110839844
GCN,58,23,0.2,random,9,-0.002663254737854004
GCN,58,23,0.2,random,10,-0.003915131092071533
GCN,58,23,0.2,random,11,0.0017481446266174316
GCN,58,23,0.2,random,12,-0.004089176654815674
GCN,58,23,0.2,random,13,0.0023627877235412598
GCN,58,23,0.2,random,14,-0.0017032027244567871
GCN,58,23,0.2,random,15,0.007533073425292969
GCN,58,23,0.2,random,16,0.0003897547721862793
GCN,58,23,0.2,random,17,-0.00034159421920776367
GCN,58,23,0.2,random,18,0.011835992336273193
GCN,58,23,0.2,random,19,-0.010339826345443726
GCN,58,37,0.05,gnnexplainer,-1,-0.002004861831665039
GCN,58,37,0.05,random,0,0.0020438730716705322
GCN,58,37,0.05,random,1,0.0009968876838684082
GCN,58,37,0.05,random,2,0.0008647441864013672
GCN,58,37,0.05,random,3,0.007658779621124268
GCN,58,37,0.05,random,4,-0.0012173652648925781
GCN,58,37,0.05,random,5,0.0019280314445495605
GCN,58,37,0.05,random,6,0.005798637866973877
GCN,58,37,0.05,random,7,0.004598677158355713
GCN,58,37,0.05,random,8,0.0008808672428131104
GCN,58,37,0.05,random,9,-0.0015731751918792725
GCN,58,37,0.05,random,10,-0.0011320710182189941
GCN,58,37,0.05,random,11,0.00548321008682251
GCN,58,37,0.05,random,12,0.002279430627822876
GCN,58,37,0.05,random,13,0.005337238311767578
GCN,58,37,0.05,random,14,0.00024241209030151367
GCN,58,37,0.05,random,15,-0.0024678707122802734
GCN,58,37,0.05,random,16,0.0025168657302856445
GCN,58,37,0.05,random,17,0.003054887056350708
GCN,58,37,0.05,random,18,-0.0018355846405029297
GCN,58,37,0.05,random,19,-0.007864326238632202
GCN,58,37,0.1,gnnexplainer,-1,-0.008891433477401733
GCN,58,37,0.1,random,0,0.0037826895713806152
GCN,58,37,0.1,random,1,0.0007491707801818848
GCN,58,37,0.1,random,2,0.0031692981719970703
GCN,58,37,0.1,random,3,-0.0015676915645599365
GCN,58,37,0.1,random,4,0.001528024673461914
GCN,58,37,0.1,random,5,0.010921239852905273
GCN,58,37,0.1,random,6,-0.0013538599014282227
GCN,58,37,0.1,random,7,0.0012698173522949219
GCN,58,37,0.1,random,8,0.0020202696323394775
GCN,58,37,0.1,random,9,-0.0020281076431274414
GCN,58,37,0.1,random,10,0.002006053924560547
GCN,58,37,0.1,random,11,0.0020627081394195557
GCN,58,37,0.1,random,12,0.003193199634552002
GCN,58,37,0.1,random,13,0.010135650634765625
GCN,58,37,0.1,random,14,0.003957092761993408
GCN,58,37,0.1,random,15,0.009356081485748291
GCN,58,37,0.1,random,16,0.012541204690933228
GCN,58,37,0.1,random,17,0.007013827562332153
GCN,58,37,0.1,random,18,-0.0016694962978363037
GCN,58,37,0.1,random,19,0.003793388605117798
GCN,58,37,0.2,gnnexplainer,-1,-0.0005917251110076904
GCN,58,37,0.2,random,0,-0.0012607574462890625
GCN,58,37,0.2,random,1,0.0009263753890991211
GCN,58,37,0.2,random,2,0.006940603256225586
GCN,58,37,0.2,random,3,0.007116943597793579
GCN,58,37,0.2,random,4,0.0089205801486969
GCN,58,37,0.2,random,5,0.00493389368057251
GCN,58,37,0.2,random,6,-0.002582758665084839
GCN,58,37,0.2,random,7,-0.0012008845806121826
GCN,58,37,0.2,random,8,0.006592214107513428
GCN,58,37,0.2,random,9,0.008101969957351685
GCN,58,37,0.2,random,10,0.0021548867225646973
GCN,58,37,0.2,random,11,0.0028269588947296143
GCN,58,37,0.2,random,12,-0.007619619369506836
GCN,58,37,0.2,random,13,0.005269914865493774
GCN,58,37,0.2,random,14,0.0013069212436676025
GCN,58,37,0.2,random,15,0.00533825159072876
GCN,58,37,0.2,random,16,0.010850787162780762
GCN,58,37,0.2,random,17,0.0013926029205322266
GCN,58,37,0.2,random,18,0.003147989511489868
GCN,58,37,0.2,random,19,0.004134923219680786
GCN,59,11,0.05,gnnexplainer,-1,-0.0008780360221862793
GCN,59,11,0.05,random,0,0.002336055040359497
GCN,59,11,0.05,random,1,0.004355072975158691
GCN,59,11,0.05,random,2,0.004097402095794678
GCN,59,11,0.05,random,3,0.0016124248504638672
GCN,59,11,0.05,random,4,0.0025582313537597656
GCN,59,11,0.05,random,5,0.0013138055801391602
GCN,59,11,0.05,random,6,0.004257500171661377
GCN,59,11,0.05,random,7,0.002602487802505493
GCN,59,11,0.05,random,8,9.337067604064941e-05
GCN,59,11,0.05,random,9,0.0010441839694976807
GCN,59,11,0.05,random,10,0.0037761032581329346
GCN,59,11,0.05,random,11,0.0026306211948394775
GCN,59,11,0.05,random,12,0.006339579820632935
GCN,59,11,0.05,random,13,0.00043910741806030273
GCN,59,11,0.05,random,14,0.002545982599258423
GCN,59,11,0.05,random,15,0.0028225481510162354
GCN,59,11,0.05,random,16,-0.0007647871971130371
GCN,59,11,0.05,random,17,0.007144361734390259
GCN,59,11,0.05,random,18,0.006354928016662598
GCN,59,11,0.05,random,19,0.0005540847778320312
GCN,59,11,0.1,gnnexplainer,-1,0.002282649278640747
GCN,59,11,0.1,random,0,0.0027695894241333008
GCN,59,11,0.1,random,1,-0.0011674165725708008
GCN,59,11,0.1,random,2,0.005791425704956055
GCN,59,11,0.1,random,3,0.005154997110366821
GCN,59,11,0.1,random,4,0.0029259920120239258
GCN,59,11,0.1,random,5,0.007621794939041138
GCN,59,11,0.1,random,6,0.0010355710983276367
GCN,59,11,0.1,random,7,0.008325934410095215
GCN,59,11,0.1,random,8,0.004451185464859009
GCN,59,11,0.1,random,9,0.004988670349121094
GCN,59,11,0.1,random,10,0.0014200806617736816
GCN,59,11,0.1,random,11,0.006332814693450928
GCN,59,11,0.1,random,12,0.009124189615249634
GCN,59,11,0.1,random,13,-0.0018533170223236084
GCN,59,11,0.1,random,14,0.006771981716156006
GCN,59,11,0.1,random,15,0.0005248188972473145
GCN,59,11,0.1,random,16,0.004534870386123657
GCN,59,11,0.1,random,17,0.007995009422302246
GCN,59,11,0.1,random,18,0.009289801120758057
GCN,59,11,0.1,random,19,-0.0024274587631225586
GCN,59,11,0.2,gnnexplainer,-1,0.007331281900405884
GCN,59,11,0.2,random,0,-0.0012074410915374756
GCN,59,11,0.2,random,1,0.001812756061553955
GCN,59,11,0.2,random,2,0.005483537912368774
GCN,59,11,0.2,random,3,0.0047266483306884766
GCN,59,11,0.2,random,4,0.012952357530593872
GCN,59,11,0.2,random,5,0.00865846872329712
GCN,59,11,0.2,random,6,0.006764888763427734
GCN,59,11,0.2,random,7,0.0036572813987731934
GCN,59,11,0.2,random,8,0.0010870695114135742
GCN,59,11,0.2,random,9,0.004937231540679932
GCN,59,11,0.2,random,10,0.009611904621124268
GCN,59,11,0.2,random,11,0.0068551599979400635
GCN,59,11,0.2,random,12,0.011685311794281006
GCN,59,11,0.2,random,13,0.001795440912246704
GCN,59,11,0.2,random,14,0.014461040496826172
GCN,59,11,0.2,random,15,0.013021767139434814
GCN,59,11,0.2,random,16,0.010720402002334595
GCN,59,11,0.2,random,17,0.010798603296279907
GCN,59,11,0.2,random,18,0.008342176675796509
GCN,59,11,0.2,random,19,0.008067399263381958
GCN,59,23,0.05,gnnexplainer,-1,0.0030298829078674316
GCN,59,23,0.05,random,0,0.004185378551483154
GCN,59,23,0.05,random,1,0.0057220458984375
GCN,59,23,0.05,random,2,0.001020580530166626
GCN,59,23,0.05,random,3,0.003055483102798462
GCN,59,23,0.05,random,4,0.006327688694000244
GCN,59,23,0.05,random,5,0.0004506707191467285
GCN,59,23,0.05,random,6,0.004368960857391357
GCN,59,23,0.05,random,7,0.0024178624153137207
GCN,59,23,0.05,random,8,0.0034883320331573486
GCN,59,23,0.05,random,9,0.0034589171409606934
GCN,59,23,0.05,random,10,0.0015810132026672363
GCN,59,23,0.05,random,11,0.004576444625854492
GCN,59,23,0.05,random,12,0.002208888530731201
GCN,59,23,0.05,random,13,0.006919056177139282
GCN,59,23,0.05,random,14,0.006268620491027832
GCN,59,23,0.05,random,15,0.003989964723587036
GCN,59,23,0.05,random,16,-0.0012050867080688477
GCN,59,23,0.05,random,17,0.0016307830810546875
GCN,59,23,0.05,random,18,-0.00022077560424804688
GCN,59,23,0.05,random,19,0.005176663398742676
GCN,59,23,0.1,gnnexplainer,-1,0.008352875709533691
GCN,59,23,0.1,random,0,0.008101999759674072
GCN,59,23,0.1,random,1,0.0026316940784454346
GCN,59,23,0.1,random,2,0.005326330661773682
GCN,59,23,0.1,random,3,0.0035639405250549316
GCN,59,23,0.1,random,4,0.005645543336868286
GCN,59,23,0.1,random,5,0.008707314729690552
GCN,59,23,0.1,random,6,0.004559457302093506
GCN,59,23,0.1,random,7,0.009228110313415527
GCN,59,23,0.1,random,8,0.0036857128143310547
GCN,59,23,0.1,random,9,0.0053789615631103516
GCN,59,23,0.1,random,10,0.006367504596710205
GCN,59,23,0.1,random,11,0.0036817193031311035
GCN,59,23,0.1,random,12,0.00852850079536438
GCN,59,23,0.1,random,13,0.012052416801452637
GCN,59,23,0.1,random,14,0.0007422566413879395
GCN,59,23,0.1,random,15,0.00415271520614624
GCN,59,23,0.1,random,16,0.006044536828994751
GCN,59,23,0.1,random,17,0.0029538869857788086
GCN,59,23,0.1,random,18,0.007208496332168579
GCN,59,23,0.1,random,19,0.00411108136177063
GCN,59,23,0.2,gnnexplainer,-1,0.015011817216873169
GCN,59,23,0.2,random,0,0.012378275394439697
GCN,59,23,0.2,random,1,0.013955146074295044
GCN,59,23,0.2,random,2,0.011169582605361938
GCN,59,23,0.2,random,3,0.005151420831680298
GCN,59,23,0.2,random,4,0.013939440250396729
GCN,59,23,0.2,random,5,0.013897478580474854
GCN,59,23,0.2,random,6,0.007912933826446533
GCN,59,23,0.2,random,7,0.0180395245552063
GCN,59,23,0.2,random,8,0.014211416244506836
GCN,59,23,0.2,random,9,0.0023588240146636963
GCN,59,23,0.2,random,10,0.013762712478637695
GCN,59,23,0.2,random,11,0.008573561906814575
GCN,59,23,0.2,random,12,0.01417437195777893
GCN,59,23,0.2,random,13,0.004323184490203857
GCN,59,23,0.2,random,14,0.004756361246109009
GCN,59,23,0.2,random,15,0.0070441365242004395
GCN,59,23,0.2,random,16,0.011170417070388794
GCN,59,23,0.2,random,17,0.00761646032333374
GCN,59,23,0.2,random,18,0.005328476428985596
GCN,59,23,0.2,random,19,0.014940798282623291
GCN,59,37,0.05,gnnexplainer,-1,0.0039460062980651855
GCN,59,37,0.05,random,0,-0.0012913346290588379
GCN,59,37,0.05,random,1,0.004576921463012695
GCN,59,37,0.05,random,2,0.0034020543098449707
GCN,59,37,0.05,random,3,0.0018010437488555908
GCN,59,37,0.05,random,4,0.004252731800079346
GCN,59,37,0.05,random,5,0.004946529865264893
GCN,59,37,0.05,random,6,0.0007440447807312012
GCN,59,37,0.05,random,7,0.0017161667346954346
GCN,59,37,0.05,random,8,0.0003402531147003174
GCN,59,37,0.05,random,9,-0.0005800426006317139
GCN,59,37,0.05,random,10,-0.003044337034225464
GCN,59,37,0.05,random,11,0.005387723445892334
GCN,59,37,0.05,random,12,0.002677023410797119
GCN,59,37,0.05,random,13,-0.00041493773460388184
GCN,59,37,0.05,random,14,0.0033405423164367676
GCN,59,37,0.05,random,15,0.0036692917346954346
GCN,59,37,0.05,random,16,0.0033812522888183594
GCN,59,37,0.05,random,17,0.006604373455047607
GCN,59,37,0.05,random,18,0.005799531936645508
GCN,59,37,0.05,random,19,-0.0018118619918823242
GCN,59,37,0.1,gnnexplainer,-1,0.011221826076507568
GCN,59,37,0.1,random,0,0.0050546228885650635
GCN,59,37,0.1,random,1,0.007038027048110962
GCN,59,37,0.1,random,2,0.006867766380310059
GCN,59,37,0.1,random,3,0.0002295076847076416
GCN,59,37,0.1,random,4,0.007100015878677368
GCN,59,37,0.1,random,5,0.002263486385345459
GCN,59,37,0.1,random,6,0.009878993034362793
GCN,59,37,0.1,random,7,0.006051927804946899
GCN,59,37,0.1,random,8,0.008552789688110352
GCN,59,37,0.1,random,9,0.0018157958984375
GCN,59,37,0.1,random,10,0.008043825626373291
GCN,59,37,0.1,random,11,0.0045837461948394775
GCN,59,37,0.1,random,12,0.009417831897735596
GCN,59,37,0.1,random,13,-0.0003008544445037842
GCN,59,37,0.1,random,14,0.003592073917388916
GCN,59,37,0.1,random,15,0.010339140892028809
GCN,59,37,0.1,random,16,0.0009174346923828125
GCN,59,37,0.1,random,17,0.00811457633972168
GCN,59,37,0.1,random,18,0.00037732720375061035
GCN,59,37,0.1,random,19,0.004417598247528076
GCN,59,37,0.2,gnnexplainer,-1,0.012272536754608154
GCN,59,37,0.2,random,0,0.01221957802772522
GCN,59,37,0.2,random,1,0.01643359661102295
GCN,59,37,0.2,random,2,0.0020932555198669434
GCN,59,37,0.2,random,3,0.011378824710845947
GCN,59,37,0.2,random,4,0.013486087322235107
GCN,59,37,0.2,random,5,0.005305677652359009
GCN,59,37,0.2,random,6,0.013056427240371704
GCN,59,37,0.2,random,7,0.0005179941654205322
GCN,59,37,0.2,random,8,0.014051496982574463
GCN,59,37,0.2,random,9,0.001853853464126587
GCN,59,37,0.2,random,10,0.010384917259216309
GCN,59,37,0.2,random,11,0.014859497547149658
GCN,59,37,0.2,random,12,0.008838653564453125
GCN,59,37,0.2,random,13,0.007007777690887451
GCN,59,37,0.2,random,14,0.015254169702529907
GCN,59,37,0.2,random,15,0.0067854225635528564
GCN,59,37,0.2,random,16,0.00775185227394104
GCN,59,37,0.2,random,17,0.006937205791473389
GCN,59,37,0.2,random,18,0.01197841763496399
GCN,59,37,0.2,random,19,0.003825575113296509
GCN,7,11,0.05,gnnexplainer,-1,-0.0005362033843994141
GCN,7,11,0.05,random,0,-0.00020241737365722656
GCN,7,11,0.05,random,1,-0.002470165491104126
GCN,7,11,0.05,random,2,0.0008088946342468262
GCN,7,11,0.05,random,3,-0.0008780062198638916
GCN,7,11,0.05,random,4,-0.0014119744300842285
GCN,7,11,0.05,random,5,-0.003146052360534668
GCN,7,11,0.05,random,6,-0.0027347207069396973
GCN,7,11,0.05,random,7,-0.003500998020172119
GCN,7,11,0.05,random,8,-0.0021092891693115234
GCN,7,11,0.05,random,9,-0.0011432766914367676
GCN,7,11,0.05,random,10,-0.0018680691719055176
GCN,7,11,0.05,random,11,-0.000709831714630127
GCN,7,11,0.05,random,12,-0.0023351311683654785
GCN,7,11,0.05,random,13,-0.004080355167388916
GCN,7,11,0.05,random,14,-0.002251744270324707
GCN,7,11,0.05,random,15,-0.0017839670181274414
GCN,7,11,0.05,random,16,-0.0020753443241119385
GCN,7,11,0.05,random,17,-0.0052610039710998535
GCN,7,11,0.05,random,18,-0.0031183958053588867
GCN,7,11,0.05,random,19,-0.0010332167148590088
GCN,7,11,0.1,gnnexplainer,-1,-0.0039016306400299072
GCN,7,11,0.1,random,0,-0.0023449063301086426
GCN,7,11,0.1,random,1,-0.0029874444007873535
GCN,7,11,0.1,random,2,-0.00393444299697876
GCN,7,11,0.1,random,3,-0.005278259515762329
GCN,7,11,0.1,random,4,-0.006768524646759033
GCN,7,11,0.1,random,5,-0.004500150680541992
GCN,7,11,0.1,random,6,-0.004510819911956787
GCN,7,11,0.1,random,7,-0.0019843578338623047
GCN,7,11,0.1,random,8,-0.004301607608795166
GCN,7,11,0.1,random,9,-0.0014923810958862305
GCN,7,11,0.1,random,10,-0.004793792963027954
GCN,7,11,0.1,random,11,-0.005203962326049805
GCN,7,11,0.1,random,12,-0.006144285202026367
GCN,7,11,0.1,random,13,-0.004945576190948486
GCN,7,11,0.1,random,14,-0.003969818353652954
GCN,7,11,0.1,random,15,-0.0014235973358154297
GCN,7,11,0.1,random,16,-0.003206312656402588
GCN,7,11,0.1,random,17,-0.006203949451446533
GCN,7,11,0.1,random,18,-0.0040877461433410645
GCN,7,11,0.1,random,19,-0.0062964558601379395
GCN,7,11,0.2,gnnexplainer,-1,-0.008824944496154785
GCN,7,11,0.2,random,0,-0.006125360727310181
GCN,7,11,0.2,random,1,-0.0074544548988342285
GCN,7,11,0.2,random,2,-0.004901885986328125
GCN,7,11,0.2,random,3,-0.008780151605606079
GCN,7,11,0.2,random,4,-0.008664250373840332
GCN,7,11,0.2,random,5,-0.010523229837417603
GCN,7,11,0.2,random,6,-0.008164167404174805
GCN,7,11,0.2,random,7,-0.007273674011230469
GCN,7,11,0.2,random,8,-0.008098363876342773
GCN,7,11,0.2,random,9,-0.009385645389556885
GCN,7,11,0.2,random,10,-0.008182793855667114
GCN,7,11,0.2,random,11,-0.007088363170623779
GCN,7,11,0.2,random,12,-0.009308725595474243
GCN,7,11,0.2,random,13,-0.002545475959777832
GCN,7,11,0.2,random,14,-0.010063648223876953
GCN,7,11,0.2,random,15,-0.013064533472061157
GCN,7,11,0.2,random,16,-0.008557617664337158
GCN,7,11,0.2,random,17,-0.014298200607299805
GCN,7,11,0.2,random,18,-0.005847334861755371
GCN,7,11,0.2,random,19,-0.007160067558288574
GCN,7,23,0.05,gnnexplainer,-1,-0.0007372498512268066
GCN,7,23,0.05,random,0,-0.0007483065128326416
GCN,7,23,0.05,random,1,-0.0003222823143005371
GCN,7,23,0.05,random,2,-0.0008833408355712891
GCN,7,23,0.05,random,3,-0.0049076080322265625
GCN,7,23,0.05,random,4,-0.0011784136295318604
GCN,7,23,0.05,random,5,0.0008684098720550537
GCN,7,23,0.05,random,6,-0.002447366714477539
GCN,7,23,0.05,random,7,-0.004511594772338867
GCN,7,23,0.05,random,8,0.0002753138542175293
GCN,7,23,0.05,random,9,-0.0006401538848876953
GCN,7,23,0.05,random,10,-0.002362072467803955
GCN,7,23,0.05,random,11,-0.002375185489654541
GCN,7,23,0.05,random,12,-0.00113677978515625
GCN,7,23,0.05,random,13,-0.004828363656997681
GCN,7,23,0.05,random,14,0.002296924591064453
GCN,7,23,0.05,random,15,-0.002313286066055298
GCN,7,23,0.05,random,16,-0.0037819743156433105
GCN,7,23,0.05,random,17,-0.003693222999572754
GCN,7,23,0.05,random,18,-0.0030458271503448486
GCN,7,23,0.05,random,19,-0.0048291683197021484
GCN,7,23,0.1,gnnexplainer,-1,-0.0013740062713623047
GCN,7,23,0.1,random,0,-0.005797922611236572
GCN,7,23,0.1,random,1,-0.00037422776222229004
GCN,7,23,0.1,random,2,-0.00128251314163208
GCN,7,23,0.1,random,3,-0.00140380859375
GCN,7,23,0.1,random,4,-0.006310015916824341
GCN,7,23,0.1,random,5,-0.006505072116851807
GCN,7,23,0.1,random,6,-0.007135063409805298
GCN,7,23,0.1,random,7,-0.009351164102554321
GCN,7,23,0.1,random,8,-0.00030994415283203125
GCN,7,23,0.1,random,9,-0.006800651550292969
GCN,7,23,0.1,random,10,-0.008614420890808105
GCN,7,23,0.1,random,11,-0.005299627780914307
GCN,7,23,0.1,random,12,-0.0052152276039123535
GCN,7,23,0.1,random,13,-0.0018890202045440674
GCN,7,23,0.1,random,14,-0.008415281772613525
GCN,7,23,0.1,random,15,-0.0035010576248168945
GCN,7,23,0.1,random,16,-0.004429250955581665
GCN,7,23,0.1,random,17,-0.004602193832397461
GCN,7,23,0.1,random,18,-0.002517521381378174
GCN,7,23,0.1,random,19,-0.007700145244598389
GCN,7,23,0.2,gnnexplainer,-1,-0.004374176263809204
GCN,7,23,0.2,random,0,-0.01135149598121643
GCN,7,23,0.2,random,1,-0.009071946144104004
GCN,7,23,0.2,random,2,-0.013925224542617798
GCN,7,23,0.2,random,3,-0.009186208248138428
GCN,7,23,0.2,random,4,-0.011868298053741455
GCN,7,23,0.2,random,5,-0.010040104389190674
GCN,7,23,0.2,random,6,-0.0037522614002227783
GCN,7,23,0.2,random,7,-0.011400848627090454
GCN,7,23,0.2,random,8,-0.01289510726928711
GCN,7,23,0.2,random,9,-0.00592881441116333
GCN,7,23,0.2,random,10,-0.007592707872390747
GCN,7,23,0.2,random,11,-0.0049787163734436035
GCN,7,23,0.2,random,12,-0.008780717849731445
GCN,7,23,0.2,random,13,-0.00700715184211731
GCN,7,23,0.2,random,14,-0.007991582155227661
GCN,7,23,0.2,random,15,-0.0116996169090271
GCN,7,23,0.2,random,16,-0.007868766784667969
GCN,7,23,0.2,random,17,-0.009948641061782837
GCN,7,23,0.2,random,18,-0.01486697793006897
GCN,7,23,0.2,random,19,-0.008615732192993164
GCN,7,37,0.05,gnnexplainer,-1,-0.0007915496826171875
GCN,7,37,0.05,random,0,-0.0025337934494018555
GCN,7,37,0.05,random,1,-0.0038844645023345947
GCN,7,37,0.05,random,2,-0.0031358003616333008
GCN,7,37,0.05,random,3,-0.0021404623985290527
GCN,7,37,0.05,random,4,-0.001938164234161377
GCN,7,37,0.05,random,5,-0.000702977180480957
GCN,7,37,0.05,random,6,-0.003240257501602173
GCN,7,37,0.05,random,7,-0.002152740955352783
GCN,7,37,0.05,random,8,-0.0018754005432128906
GCN,7,37,0.05,random,9,-0.0020337700843811035
GCN,7,37,0.05,random,10,-0.0013390183448791504
GCN,7,37,0.05,random,11,-9.047985076904297e-05
GCN,7,37,0.05,random,12,-0.0013784468173980713
GCN,7,37,0.05,random,13,0.0002529323101043701
GCN,7,37,0.05,random,14,-0.002028524875640869
GCN,7,37,0.05,random,15,-0.002763897180557251
GCN,7,37,0.05,random,16,-0.0021506845951080322
GCN,7,37,0.05,random,17,-0.0017608404159545898
GCN,7,37,0.05,random,18,-0.003054291009902954
GCN,7,37,0.05,random,19,-0.0037232935428619385
GCN,7,37,0.1,gnnexplainer,-1,-0.00688210129737854
GCN,7,37,0.1,random,0,-0.0038153231143951416
GCN,7,37,0.1,random,1,-0.002558499574661255
GCN,7,37,0.1,random,2,-0.0036274492740631104
GCN,7,37,0.1,random,3,-0.0024216771125793457
GCN,7,37,0.1,random,4,-0.008857786655426025
GCN,7,37,0.1,random,5,-0.005640804767608643
GCN,7,37,0.1,random,6,-0.001914381980895996
GCN,7,37,0.1,random,7,-0.00503268837928772
GCN,7,37,0.1,random,8,-0.004122495651245117
GCN,7,37,0.1,random,9,-0.005088150501251221
GCN,7,37,0.1,random,10,-0.005453974008560181
GCN,7,37,0.1,random,11,-0.005194723606109619
GCN,7,37,0.1,random,12,-0.006019264459609985
GCN,7,37,0.1,random,13,-0.0017692148685455322
GCN,7,37,0.1,random,14,-0.007178694009780884
GCN,7,37,0.1,random,15,-0.005065739154815674
GCN,7,37,0.1,random,16,-0.006606489419937134
GCN,7,37,0.1,random,17,-0.006223827600479126
GCN,7,37,0.1,random,18,-0.005822569131851196
GCN,7,37,0.1,random,19,-0.006742626428604126
GCN,7,37,0.2,gnnexplainer,-1,-0.009357094764709473
GCN,7,37,0.2,random,0,-0.006074786186218262
GCN,7,37,0.2,random,1,-0.0097542405128479
GCN,7,37,0.2,random,2,-0.004655987024307251
GCN,7,37,0.2,random,3,-0.011741697788238525
GCN,7,37,0.2,random,4,-0.006922394037246704
GCN,7,37,0.2,random,5,-0.00594976544380188
GCN,7,37,0.2,random,6,-0.011696040630340576
GCN,7,37,0.2,random,7,-0.011602461338043213
GCN,7,37,0.2,random,8,-0.0104006826877594
GCN,7,37,0.2,random,9,-0.009855538606643677
GCN,7,37,0.2,random,10,-0.002396702766418457
GCN,7,37,0.2,random,11,-0.004311859607696533
GCN,7,37,0.2,random,12,-0.010023504495620728
GCN,7,37,0.2,random,13,-0.005925893783569336
GCN,7,37,0.2,random,14,-0.009047776460647583
GCN,7,37,0.2,random,15,-0.008862018585205078
GCN,7,37,0.2,random,16,-0.011055171489715576
GCN,7,37,0.2,random,17,-0.007850229740142822
GCN,7,37,0.2,random,18,-0.005253702402114868
GCN,7,37,0.2,random,19,-0.007003217935562134
GCN,87,11,0.05,gnnexplainer,-1,-0.0005710422992706299
GCN,87,11,0.05,random,0,0.00609549880027771
GCN,87,11,0.05,random,1,0.000490039587020874
GCN,87,11,0.05,random,2,-0.0049980878829956055
GCN,87,11,0.05,random,3,-0.005285054445266724
GCN,87,11,0.05,random,4,-0.0032350122928619385
GCN,87,11,0.05,random,5,0.0008084774017333984
GCN,87,11,0.05,random,6,0.0024946630001068115
GCN,87,11,0.05,random,7,0.002103865146636963
GCN,87,11,0.05,random,8,-0.0006396770477294922
GCN,87,11,0.05,random,9,-0.0008569061756134033
GCN,87,11,0.05,random,10,-0.0024777650833129883
GCN,87,11,0.05,random,11,-0.0023910105228424072
GCN,87,11,0.05,random,12,0.001834869384765625
GCN,87,11,0.05,random,13,-4.869699478149414e-05
GCN,87,11,0.05,random,14,0.0026361942291259766
GCN,87,11,0.05,random,15,-0.003116428852081299
GCN,87,11,0.05,random,16,-0.0019780397415161133
GCN,87,11,0.05,random,17,-0.005121171474456787
GCN,87,11,0.05,random,18,0.00139540433883667
GCN,87,11,0.05,random,19,0.00045165419578552246
GCN,87,11,0.1,gnnexplainer,-1,-0.003449380397796631
GCN,87,11,0.1,random,0,0.00690770149230957
GCN,87,11,0.1,random,1,-0.002299070358276367
GCN,87,11,0.1,random,2,-0.0006029605865478516
GCN,87,11,0.1,random,3,0.006735175848007202
GCN,87,11,0.1,random,4,0.0055959224700927734
GCN,87,11,0.1,random,5,0.0054683685302734375
GCN,87,11,0.1,random,6,-0.0015572607517242432
GCN,87,11,0.1,random,7,-0.0032331347465515137
GCN,87,11,0.1,random,8,0.0019372403621673584
GCN,87,11,0.1,random,9,0.0053754448890686035
GCN,87,11,0.1,random,10,0.0053469836711883545
GCN,87,11,0.1,random,11,0.00318068265914917
GCN,87,11,0.1,random,12,0.005761325359344482
GCN,87,11,0.1,random,13,-0.0016789436340332031
GCN,87,11,0.1,random,14,-0.010775238275527954
GCN,87,11,0.1,random,15,-0.004277735948562622
GCN,87,11,0.1,random,16,0.002756655216217041
GCN,87,11,0.1,random,17,-0.007289886474609375
GCN,87,11,0.1,random,18,0.009974807500839233
GCN,87,11,0.1,random,19,0.0017914772033691406
GCN,87,11,0.2,gnnexplainer,-1,-0.00044280290603637695
GCN,87,11,0.2,random,0,-0.003378748893737793
GCN,87,11,0.2,random,1,0.006378263235092163
GCN,87,11,0.2,random,2,0.0063994526863098145
GCN,87,11,0.2,random,3,-0.004058361053466797
GCN,87,11,0.2,random,4,0.009857267141342163
GCN,87,11,0.2,random,5,0.005561918020248413
GCN,87,11,0.2,random,6,-0.0012636184692382812
GCN,87,11,0.2,random,7,-0.003127962350845337
GCN,87,11,0.2,random,8,0.004402875900268555
GCN,87,11,0.2,random,9,-0.007007867097854614
GCN,87,11,0.2,random,10,-0.0031630098819732666
GCN,87,11,0.2,random,11,-0.00037792325019836426
GCN,87,11,0.2,random,12,-0.0018531382083892822
GCN,87,11,0.2,random,13,0.01529538631439209
GCN,87,11,0.2,random,14,0.0063629150390625
GCN,87,11,0.2,random,15,0.005249500274658203
GCN,87,11,0.2,random,16,0.0012177824974060059
GCN,87,11,0.2,random,17,0.00010150671005249023
GCN,87,11,0.2,random,18,0.008211225271224976
GCN,87,11,0.2,random,19,0.0020581483840942383
GCN,87,23,0.05,gnnexplainer,-1,0.005953311920166016
GCN,87,23,0.05,random,0,-0.001947164535522461
GCN,87,23,0.05,random,1,0.0004996955394744873
GCN,87,23,0.05,random,2,-0.00236549973487854
GCN,87,23,0.05,random,3,0.004902839660644531
GCN,87,23,0.05,random,4,0.0010094642639160156
GCN,87,23,0.05,random,5,0.007172584533691406
GCN,87,23,0.05,random,6,-0.002859175205230713
GCN,87,23,0.05,random,7,0.0047779083251953125
GCN,87,23,0.05,random,8,-0.0003243088722229004
GCN,87,23,0.05,random,9,0.0009548068046569824
GCN,87,23,0.05,random,10,0.0037634074687957764
GCN,87,23,0.05,random,11,0.0030549466609954834
GCN,87,23,0.05,random,12,0.001883000135421753
GCN,87,23,0.05,random,13,0.0002321004867553711
GCN,87,23,0.05,random,14,0.004472076892852783
GCN,87,23,0.05,random,15,-0.006089955568313599
GCN,87,23,0.05,random,16,0.005276501178741455
GCN,87,23,0.05,random,17,-4.458427429199219e-05
GCN,87,23,0.05,random,18,0.0031816959381103516
GCN,87,23,0.05,random,19,-0.00039011240005493164
GCN,87,23,0.1,gnnexplainer,-1,0.004537761211395264
GCN,87,23,0.1,random,0,-0.004917442798614502
GCN,87,23,0.1,random,1,-0.0002645552158355713
GCN,87,23,0.1,random,2,0.004543989896774292
GCN,87,23,0.1,random,3,-0.0014511346817016602
GCN,87,23,0.1,random,4,0.007232993841171265
GCN,87,23,0.1,random,5,-0.00033473968505859375
GCN,87,23,0.1,random,6,-0.005858689546585083
GCN,87,23,0.1,random,7,0.00482940673828125
GCN,87,23,0.1,random,8,-0.0012143850326538086
GCN,87,23,0.1,random,9,-0.002493143081665039
GCN,87,23,0.1,random,10,0.0010505616664886475
GCN,87,23,0.1,random,11,0.001357436180114746
GCN,87,23,0.1,random,12,0.004408329725265503
GCN,87,23,0.1,random,13,0.000895082950592041
GCN,87,23,0.1,random,14,0.002921551465988159
GCN,87,23,0.1,random,15,-0.0011588335037231445
GCN,87,23,0.1,random,16,0.003928273916244507
GCN,87,23,0.1,random,17,0.005723237991333008
GCN,87,23,0.1,random,18,-0.0008229315280914307
GCN,87,23,0.1,random,19,0.0037061870098114014
GCN,87,23,0.2,gnnexplainer,-1,0.008096069097518921
GCN,87,23,0.2,random,0,-0.007060050964355469
GCN,87,23,0.2,random,1,0.009213447570800781
GCN,87,23,0.2,random,2,-0.003954052925109863
GCN,87,23,0.2,random,3,-0.0055679380893707275
GCN,87,23,0.2,random,4,-0.0027538836002349854
GCN,87,23,0.2,random,5,0.0045719146728515625
GCN,87,23,0.2,random,6,-0.005538880825042725
GCN,87,23,0.2,random,7,0.007097601890563965
GCN,87,23,0.2,random,8,0.005834341049194336
GCN,87,23,0.2,random,9,0.00015228986740112305
GCN,87,23,0.2,random,10,-0.013000905513763428
GCN,87,23,0.2,random,11,-0.004183173179626465
GCN,87,23,0.2,random,12,-0.0012218356132507324
GCN,87,23,0.2,random,13,0.002900063991546631
GCN,87,23,0.2,random,14,0.004381418228149414
GCN,87,23,0.2,random,15,-0.0016153454780578613
GCN,87,23,0.2,random,16,-0.004797637462615967
GCN,87,23,0.2,random,17,0.0075851380825042725
GCN,87,23,0.2,random,18,0.01457977294921875
GCN,87,23,0.2,random,19,-0.0072518885135650635
GCN,87,37,0.05,gnnexplainer,-1,-0.005584269762039185
GCN,87,37,0.05,random,0,-0.0016255378723144531
GCN,87,37,0.05,random,1,0.00018510222434997559
GCN,87,37,0.05,random,2,0.0038944482803344727
GCN,87,37,0.05,random,3,-0.0013225376605987549
GCN,87,37,0.05,random,4,0.0006067454814910889
GCN,87,37,0.05,random,5,-0.00334852933883667
GCN,87,37,0.05,random,6,-0.009225130081176758
GCN,87,37,0.05,random,7,-0.00036090612411499023
GCN,87,37,0.05,random,8,0.0022611618041992188
GCN,87,37,0.05,random,9,-0.009050190448760986
GCN,87,37,0.05,random,10,0.00017842650413513184
GCN,87,37,0.05,random,11,0.0008935928344726562
GCN,87,37,0.05,random,12,0.0004931092262268066
GCN,87,37,0.05,random,13,-0.0010047554969787598
GCN,87,37,0.05,random,14,0.004159748554229736
GCN,87,37,0.05,random,15,-0.0026174187660217285
GCN,87,37,0.05,random,16,0.0002091825008392334
GCN,87,37,0.05,random,17,-0.0019218921661376953
GCN,87,37,0.05,random,18,-0.0006511211395263672
GCN,87,37,0.05,random,19,0.0011153221130371094
GCN,87,37,0.1,gnnexplainer,-1,-0.0034656822681427
GCN,87,37,0.1,random,0,-0.0030948519706726074
GCN,87,37,0.1,random,1,-0.0037469863891601562
GCN,87,37,0.1,random,2,0.0018669366836547852
GCN,87,37,0.1,random,3,0.003006458282470703
GCN,87,37,0.1,random,4,0.009668290615081787
GCN,87,37,0.1,random,5,0.006470799446105957
GCN,87,37,0.1,random,6,0.003054797649383545
GCN,87,37,0.1,random,7,0.003598630428314209
GCN,87,37,0.1,random,8,-0.005007654428482056
GCN,87,37,0.1,random,9,0.00830984115600586
GCN,87,37,0.1,random,10,-0.0022014379501342773
GCN,87,37,0.1,random,11,0.0030967891216278076
GCN,87,37,0.1,random,12,0.004936635494232178
GCN,87,37,0.1,random,13,-0.0012408792972564697
GCN,87,37,0.1,random,14,-0.004988253116607666
GCN,87,37,0.1,random,15,-0.0037831366062164307
GCN,87,37,0.1,random,16,-0.001947939395904541
GCN,87,37,0.1,random,17,0.007856607437133789
GCN,87,37,0.1,random,18,0.0071420371532440186
GCN,87,37,0.1,random,19,4.220008850097656e-05
GCN,87,37,0.2,gnnexplainer,-1,0.0011185109615325928
GCN,87,37,0.2,random,0,0.004922240972518921
GCN,87,37,0.2,random,1,0.008318394422531128
GCN,87,37,0.2,random,2,0.013913929462432861
GCN,87,37,0.2,random,3,-0.0005653202533721924
GCN,87,37,0.2,random,4,0.005171477794647217
GCN,87,37,0.2,random,5,0.0031785964965820312
GCN,87,37,0.2,random,6,-0.0007116198539733887
GCN,87,37,0.2,random,7,-0.002759277820587158
GCN,87,37,0.2,random,8,-0.0011015236377716064
GCN,87,37,0.2,random,9,0.0010502338409423828
GCN,87,37,0.2,random,10,0.004887819290161133
GCN,87,37,0.2,random,11,-0.0056136250495910645
GCN,87,37,0.2,random,12,0.0007999539375305176
GCN,87,37,0.2,random,13,3.8504600524902344e-05
GCN,87,37,0.2,random,14,0.007003962993621826
GCN,87,37,0.2,random,15,-0.00025907158851623535
GCN,87,37,0.2,random,16,0.0076822638511657715
GCN,87,37,0.2,random,17,-0.005877315998077393
GCN,87,37,0.2,random,18,0.00041612982749938965
GCN,87,37,0.2,random,19,0.008268892765045166
GCN,9,11,0.05,gnnexplainer,-1,0.05313080549240112
GCN,9,11,0.05,random,0,0.01775336265563965
GCN,9,11,0.05,random,1,-0.0006887316703796387
GCN,9,11,0.05,random,2,0.015743672847747803
GCN,9,11,0.05,random,3,0.011503934860229492
GCN,9,11,0.05,random,4,0.01762312650680542
GCN,9,11,0.05,random,5,0.011690378189086914
GCN,9,11,0.05,random,6,0.008769690990447998
GCN,9,11,0.05,random,7,0.008693277835845947
GCN,9,11,0.05,random,8,0.01512998342514038
GCN,9,11,0.05,random,9,-0.004945337772369385
GCN,9,11,0.05,random,10,-0.0021921396255493164
GCN,9,11,0.05,random,11,0.015980899333953857
GCN,9,11,0.05,random,12,0.014230072498321533
GCN,9,11,0.05,random,13,0.008902251720428467
GCN,9,11,0.05,random,14,0.004501223564147949
GCN,9,11,0.05,random,15,0.01391148567199707
GCN,9,11,0.05,random,16,0.01531839370727539
GCN,9,11,0.05,random,17,0.005073189735412598
GCN,9,11,0.05,random,18,0.011148691177368164
GCN,9,11,0.05,random,19,0.014545559883117676
GCN,9,11,0.1,gnnexplainer,-1,0.08831119537353516
GCN,9,11,0.1,random,0,0.022217929363250732
GCN,9,11,0.1,random,1,-0.0007404088973999023
GCN,9,11,0.1,random,2,0.020129024982452393
GCN,9,11,0.1,random,3,0.025878489017486572
GCN,9,11,0.1,random,4,0.025849878787994385
GCN,9,11,0.1,random,5,0.013439297676086426
GCN,9,11,0.1,random,6,0.014325559139251709
GCN,9,11,0.1,random,7,0.023529767990112305
GCN,9,11,0.1,random,8,0.0269242525100708
GCN,9,11,0.1,random,9,0.008310019969940186
GCN,9,11,0.1,random,10,0.031093239784240723
GCN,9,11,0.1,random,11,0.01698094606399536
GCN,9,11,0.1,random,12,0.014254152774810791
GCN,9,11,0.1,random,13,0.026202917098999023
GCN,9,11,0.1,random,14,-6.705522537231445e-05
GCN,9,11,0.1,random,15,0.034581124782562256
GCN,9,11,0.1,random,16,0.03272026777267456
GCN,9,11,0.1,random,17,0.02673172950744629
GCN,9,11,0.1,random,18,0.019613325595855713
GCN,9,11,0.1,random,19,0.020780622959136963
GCN,9,11,0.2,gnnexplainer,-1,0.11278143525123596
GCN,9,11,0.2,random,0,0.03413635492324829
GCN,9,11,0.2,random,1,0.032552897930145264
GCN,9,11,0.2,random,2,0.0526922345161438
GCN,9,11,0.2,random,3,0.03124302625656128
GCN,9,11,0.2,random,4,0.030143320560455322
GCN,9,11,0.2,random,5,0.025146782398223877
GCN,9,11,0.2,random,6,0.03733640909194946
GCN,9,11,0.2,random,7,0.05097430944442749
GCN,9,11,0.2,random,8,0.042434632778167725
GCN,9,11,0.2,random,9,0.04037696123123169
GCN,9,11,0.2,random,10,0.045066893100738525
GCN,9,11,0.2,random,11,0.033817291259765625
GCN,9,11,0.2,random,12,0.04619103670120239
GCN,9,11,0.2,random,13,0.015140116214752197
GCN,9,11,0.2,random,14,0.020068883895874023
GCN,9,11,0.2,random,15,0.027074158191680908
GCN,9,11,0.2,random,16,0.01818913221359253
GCN,9,11,0.2,random,17,0.04764211177825928
GCN,9,11,0.2,random,18,0.04994463920593262
GCN,9,11,0.2,random,19,0.04886603355407715
GCN,9,23,0.05,gnnexplainer,-1,0.05663174390792847
GCN,9,23,0.05,random,0,0.0025629401206970215
GCN,9,23,0.05,random,1,0.0158158540725708
GCN,9,23,0.05,random,2,0.005175769329071045
GCN,9,23,0.05,random,3,0.01760011911392212
GCN,9,23,0.05,random,4,-0.003516852855682373
GCN,9,23,0.05,random,5,0.006568729877471924
GCN,9,23,0.05,random,6,0.0039864182472229
GCN,9,23,0.05,random,7,0.009663641452789307
GCN,9,23,0.05,random,8,0.008221209049224854
GCN,9,23,0.05,random,9,0.014944493770599365
GCN,9,23,0.05,random,10,0.0174902081489563
GCN,9,23,0.05,random,11,0.022396862506866455
GCN,9,23,0.05,random,12,0.015391170978546143
GCN,9,23,0.05,random,13,7.158517837524414e-05
GCN,9,23,0.05,random,14,0.012153327465057373
GCN,9,23,0.05,random,15,0.00506901741027832
GCN,9,23,0.05,random,16,-0.0008112788200378418
GCN,9,23,0.05,random,17,0.027423381805419922
GCN,9,23,0.05,random,18,0.005270183086395264
GCN,9,23,0.05,random,19,0.015841960906982422
GCN,9,23,0.1,gnnexplainer,-1,0.08831119537353516
GCN,9,23,0.1,random,0,0.03494387865066528
GCN,9,23,0.1,random,1,0.024825632572174072
GCN,9,23,0.1,random,2,0.010497868061065674
GCN,9,23,0.1,random,3,0.003950178623199463
GCN,9,23,0.1,random,4,0.010225534439086914
GCN,9,23,0.1,random,5,0.02191448211669922
GCN,9,23,0.1,random,6,0.010770201683044434
GCN,9,23,0.1,random,7,0.018635153770446777
GCN,9,23,0.1,random,8,0.029579877853393555
GCN,9,23,0.1,random,9,0.031751811504364014
GCN,9,23,0.1,random,10,0.0479084849357605
GCN,9,23,0.1,random,11,0.012899577617645264
GCN,9,23,0.1,random,12,0.024017393589019775
GCN,9,23,0.1,random,13,0.03129935264587402
GCN,9,23,0.1,random,14,0.005198299884796143
GCN,9,23,0.1,random,15,0.049807846546173096
GCN,9,23,0.1,random,16,0.008754432201385498
GCN,9,23,0.1,random,17,0.0166856050491333
GCN,9,23,0.1,random,18,0.03356677293777466
GCN,9,23,0.1,random,19,0.0044705867767333984
GCN,9,23,0.2,gnnexplainer,-1,0.11078789830207825
GCN,9,23,0.2,random,0,0.03687185049057007
GCN,9,23,0.2,random,1,0.025956332683563232
GCN,9,23,0.2,random,2,0.01600092649459839
GCN,9,23,0.2,random,3,0.047450363636016846
GCN,9,23,0.2,random,4,0.037771522998809814
GCN,9,23,0.2,random,5,0.05243396759033203
GCN,9,23,0.2,random,6,0.0549127459526062
GCN,9,23,0.2,random,7,0.04870539903640747
GCN,9,23,0.2,random,8,0.03350186347961426
GCN,9,23,0.2,random,9,0.04525327682495117
GCN,9,23,0.2,random,10,0.03871423006057739
GCN,9,23,0.2,random,11,0.05577749013900757
GCN,9,23,0.2,random,12,0.06032067537307739
GCN,9,23,0.2,random,13,0.029310643672943115
GCN,9,23,0.2,random,14,0.046922504901885986
GCN,9,23,0.2,random,15,0.03484159708023071
GCN,9,23,0.2,random,16,0.026621997356414795
GCN,9,23,0.2,random,17,0.05391210317611694
GCN,9,23,0.2,random,18,0.045970618724823
GCN,9,23,0.2,random,19,0.06705451011657715
GCN,9,37,0.05,gnnexplainer,-1,0.05313080549240112
GCN,9,37,0.05,random,0,0.016802608966827393
GCN,9,37,0.05,random,1,0.018700480461120605
GCN,9,37,0.05,random,2,0.024316072463989258
GCN,9,37,0.05,random,3,0.010823369026184082
GCN,9,37,0.05,random,4,0.017984330654144287
GCN,9,37,0.05,random,5,0.021984517574310303
GCN,9,37,0.05,random,6,0.021370232105255127
GCN,9,37,0.05,random,7,0.012804567813873291
GCN,9,37,0.05,random,8,0.008415520191192627
GCN,9,37,0.05,random,9,0.014335095882415771
GCN,9,37,0.05,random,10,0.00976794958114624
GCN,9,37,0.05,random,11,0.008032560348510742
GCN,9,37,0.05,random,12,0.011921584606170654
GCN,9,37,0.05,random,13,0.013494789600372314
GCN,9,37,0.05,random,14,0.0016987919807434082
GCN,9,37,0.05,random,15,0.008371531963348389
GCN,9,37,0.05,random,16,0.0028728246688842773
GCN,9,37,0.05,random,17,0.00781315565109253
GCN,9,37,0.05,random,18,0.007785975933074951
GCN,9,37,0.05,random,19,0.0014302730560302734
GCN,9,37,0.1,gnnexplainer,-1,0.08831119537353516
GCN,9,37,0.1,random,0,0.02285003662109375
GCN,9,37,0.1,random,1,0.016237080097198486
GCN,9,37,0.1,random,2,0.0021186470985412598
GCN,9,37,0.1,random,3,0.006543457508087158
GCN,9,37,0.1,random,4,-0.0022942423820495605
GCN,9,37,0.1,random,5,0.0052149295806884766
GCN,9,37,0.1,random,6,0.01595824956893921
GCN,9,37,0.1,random,7,0.027159035205841064
GCN,9,37,0.1,random,8,0.017319142818450928
GCN,9,37,0.1,random,9,0.018961429595947266
GCN,9,37,0.1,random,10,0.0225142240524292
GCN,9,37,0.1,random,11,0.009099423885345459
GCN,9,37,0.1,random,12,0.030099928379058838
GCN,9,37,0.1,random,13,0.0212976336479187
GCN,9,37,0.1,random,14,0.00804215669631958
GCN,9,37,0.1,random,15,0.00630718469619751
GCN,9,37,0.1,random,16,0.01489943265914917
GCN,9,37,0.1,random,17,0.027413129806518555
GCN,9,37,0.1,random,18,0.017027735710144043
GCN,9,37,0.1,random,19,0.01589488983154297
GCN,9,37,0.2,gnnexplainer,-1,0.12345185875892639
GCN,9,37,0.2,random,0,0.03289341926574707
GCN,9,37,0.2,random,1,0.03504866361618042
GCN,9,37,0.2,random,2,0.01963597536087036
GCN,9,37,0.2,random,3,0.02841639518737793
GCN,9,37,0.2,random,4,0.05172610282897949
GCN,9,37,0.2,random,5,0.036196231842041016
GCN,9,37,0.2,random,6,0.01595848798751831
GCN,9,37,0.2,random,7,0.017438650131225586
GCN,9,37,0.2,random,8,0.06326502561569214
GCN,9,37,0.2,random,9,0.04479718208312988
GCN,9,37,0.2,random,10,0.018712997436523438
GCN,9,37,0.2,random,11,0.0235748291015625
GCN,9,37,0.2,random,12,0.028737783432006836
GCN,9,37,0.2,random,13,0.026256322860717773
GCN,9,37,0.2,random,14,0.043917179107666016
GCN,9,37,0.2,random,15,0.0341607928276062
GCN,9,37,0.2,random,16,0.03143668174743652
GCN,9,37,0.2,random,17,0.02634263038635254
GCN,9,37,0.2,random,18,0.03958624601364136
GCN,9,37,0.2,random,19,0.009374618530273438
GraphSAGE,101,11,0.05,gnnexplainer,-1,-0.008782237768173218
GraphSAGE,101,11,0.05,random,0,0.004552662372589111
GraphSAGE,101,11,0.05,random,1,-0.01629096269607544
GraphSAGE,101,11,0.05,random,2,0.011455178260803223
GraphSAGE,101,11,0.05,random,3,0.009416401386260986
GraphSAGE,101,11,0.05,random,4,-0.008366048336029053
GraphSAGE,101,11,0.05,random,5,0.006402373313903809
GraphSAGE,101,11,0.05,random,6,-0.008782237768173218
GraphSAGE,101,11,0.05,random,7,-0.008366048336029053
GraphSAGE,101,11,0.05,random,8,0.009416401386260986
GraphSAGE,101,11,0.05,random,9,-0.008366048336029053
GraphSAGE,101,11,0.05,random,10,0.004552662372589111
GraphSAGE,101,11,0.05,random,11,0.006483227014541626
GraphSAGE,101,11,0.05,random,12,-0.003173917531967163
GraphSAGE,101,11,0.05,random,13,0.012952566146850586
GraphSAGE,101,11,0.05,random,14,-0.003173917531967163
GraphSAGE,101,11,0.05,random,15,-0.01629096269607544
GraphSAGE,101,11,0.05,random,16,0.004552662372589111
GraphSAGE,101,11,0.05,random,17,0.009416401386260986
GraphSAGE,101,11,0.05,random,18,-0.008782237768173218
GraphSAGE,101,11,0.05,random,19,0.0009511709213256836
GraphSAGE,101,11,0.1,gnnexplainer,-1,-0.011992037296295166
GraphSAGE,101,11,0.1,random,0,-0.020602792501449585
GraphSAGE,101,11,0.1,random,1,0.0055068135261535645
GraphSAGE,101,11,0.1,random,2,0.00911790132522583
GraphSAGE,101,11,0.1,random,3,0.015933334827423096
GraphSAGE,101,11,0.1,random,4,0.01513683795928955
GraphSAGE,101,11,0.1,random,5,-0.015019029378890991
GraphSAGE,101,11,0.1,random,6,0.007262825965881348
GraphSAGE,101,11,0.1,random,7,-0.002320706844329834
GraphSAGE,101,11,0.1,random,8,0.03506377339363098
GraphSAGE,101,11,0.1,random,9,0.016953498125076294
GraphSAGE,101,11,0.1,random,10,0.004559457302093506
GraphSAGE,101,11,0.1,random,11,-0.009902119636535645
GraphSAGE,101,11,0.1,random,12,0.006604552268981934
GraphSAGE,101,11,0.1,random,13,-0.0034890174865722656
GraphSAGE,101,11,0.1,random,14,0.009840965270996094
GraphSAGE,101,11,0.1,random,15,0.012441188097000122
GraphSAGE,101,11,0.1,random,16,-0.02403363585472107
GraphSAGE,101,11,0.1,random,17,0.019404113292694092
GraphSAGE,101,11,0.1,random,18,0.008334904909133911
GraphSAGE,101,11,0.1,random,19,0.01608145236968994
GraphSAGE,101,11,0.2,gnnexplainer,-1,-0.0005376338958740234
GraphSAGE,101,11,0.2,random,0,0.008183389902114868
GraphSAGE,101,11,0.2,random,1,0.012087345123291016
GraphSAGE,101,11,0.2,random,2,0.008069634437561035
GraphSAGE,101,11,0.2,random,3,-0.006901353597640991
GraphSAGE,101,11,0.2,random,4,0.006728529930114746
GraphSAGE,101,11,0.2,random,5,-0.0040663182735443115
GraphSAGE,101,11,0.2,random,6,0.027639538049697876
GraphSAGE,101,11,0.2,random,7,0.0105246901512146
GraphSAGE,101,11,0.2,random,8,0.00854337215423584
GraphSAGE,101,11,0.2,random,9,-0.000582575798034668
GraphSAGE,101,11,0.2,random,10,0.001622706651687622
GraphSAGE,101,11,0.2,random,11,0.006949722766876221
GraphSAGE,101,11,0.2,random,12,0.017001181840896606
GraphSAGE,101,11,0.2,random,13,0.0003045201301574707
GraphSAGE,101,11,0.2,random,14,0.009527802467346191
GraphSAGE,101,11,0.2,random,15,0.04153493046760559
GraphSAGE,101,11,0.2,random,16,0.020070433616638184
GraphSAGE,101,11,0.2,random,17,-0.005845874547958374
GraphSAGE,101,11,0.2,random,18,0.0052422285079956055
GraphSAGE,101,11,0.2,random,19,0.014828085899353027
GraphSAGE,101,23,0.05,gnnexplainer,-1,0.006402373313903809
GraphSAGE,101,23,0.05,random,0,0.0009511709213256836
GraphSAGE,101,23,0.05,random,1,0.012952566146850586
GraphSAGE,101,23,0.05,random,2,-0.01629096269607544
GraphSAGE,101,23,0.05,random,3,-0.01629096269607544
GraphSAGE,101,23,0.05,random,4,0.025432974100112915
GraphSAGE,101,23,0.05,random,5,-0.004448652267456055
GraphSAGE,101,23,0.05,random,6,0.025432974100112915
GraphSAGE,101,23,0.05,random,7,0.006483227014541626
GraphSAGE,101,23,0.05,random,8,0.002644658088684082
GraphSAGE,101,23,0.05,random,9,0.009416401386260986
GraphSAGE,101,23,0.05,random,10,-0.008782237768173218
GraphSAGE,101,23,0.05,random,11,0.009416401386260986
GraphSAGE,101,23,0.05,random,12,-0.008782237768173218
GraphSAGE,101,23,0.05,random,13,0.002644658088684082
GraphSAGE,101,23,0.05,random,14,0.006483227014541626
GraphSAGE,101,23,0.05,random,15,0.012952566146850586
GraphSAGE,101,23,0.05,random,16,-0.004448652267456055
GraphSAGE,101,23,0.05,random,17,0.025432974100112915
GraphSAGE,101,23,0.05,random,18,0.006483227014541626
GraphSAGE,101,23,0.05,random,19,0.002644658088684082
GraphSAGE,101,23,0.1,gnnexplainer,-1,0.003753066062927246
GraphSAGE,101,23,0.1,random,0,0.004348188638687134
GraphSAGE,101,23,0.1,random,1,-0.002277553081512451
GraphSAGE,101,23,0.1,random,2,-0.0019153356552124023
GraphSAGE,101,23,0.1,random,3,-0.011575669050216675
GraphSAGE,101,23,0.1,random,4,0.03506377339363098
GraphSAGE,101,23,0.1,random,5,-0.0020093321800231934
GraphSAGE,101,23,0.1,random,6,0.013917386531829834
GraphSAGE,101,23,0.1,random,7,0.006132155656814575
GraphSAGE,101,23,0.1,random,8,0.003753066062927246
GraphSAGE,101,23,0.1,random,9,-0.002320706844329834
GraphSAGE,101,23,0.1,random,10,0.012002825736999512
GraphSAGE,101,23,0.1,random,11,0.004059851169586182
GraphSAGE,101,23,0.1,random,12,0.017145276069641113
GraphSAGE,101,23,0.1,random,13,0.0019953548908233643
GraphSAGE,101,23,0.1,random,14,0.009840965270996094
GraphSAGE,101,23,0.1,random,15,0.007440149784088135
GraphSAGE,101,23,0.1,random,16,0.0055068135261535645
GraphSAGE,101,23,0.1,random,17,-0.0019153356552124023
GraphSAGE,101,23,0.1,random,18,0.0055068135261535645
GraphSAGE,101,23,0.1,random,19,-0.00258713960647583
GraphSAGE,101,23,0.2,gnnexplainer,-1,0.016724765300750732
GraphSAGE,101,23,0.2,random,0,-0.006667673587799072
GraphSAGE,101,23,0.2,random,1,0.027146518230438232
GraphSAGE,101,23,0.2,random,2,-0.0011911392211914062
GraphSAGE,101,23,0.2,random,3,-0.004069298505783081
GraphSAGE,101,23,0.2,random,4,0.004771888256072998
GraphSAGE,101,23,0.2,random,5,-0.004233449697494507
GraphSAGE,101,23,0.2,random,6,0.05017447471618652
GraphSAGE,101,23,0.2,random,7,-0.004809260368347168
GraphSAGE,101,23,0.2,random,8,0.0086231529712677
GraphSAGE,101,23,0.2,random,9,0.027657806873321533
GraphSAGE,101,23,0.2,random,10,0.02848401665687561
GraphSAGE,101,23,0.2,random,11,-0.030199706554412842
GraphSAGE,101,23,0.2,random,12,0.01342076063156128
GraphSAGE,101,23,0.2,random,13,0.036681175231933594
GraphSAGE,101,23,0.2,random,14,0.027248680591583252
GraphSAGE,101,23,0.2,random,15,0.005384594202041626
GraphSAGE,101,23,0.2,random,16,-0.019324958324432373
GraphSAGE,101,23,0.2,random,17,0.012717664241790771
GraphSAGE,101,23,0.2,random,18,0.010616183280944824
GraphSAGE,101,23,0.2,random,19,-0.010513484477996826
GraphSAGE,101,37,0.05,gnnexplainer,-1,-0.008782237768173218
GraphSAGE,101,37,0.05,random,0,0.006402373313903809
GraphSAGE,101,37,0.05,random,1,-0.003173917531967163
GraphSAGE,101,37,0.05,random,2,-0.01629096269607544
GraphSAGE,101,37,0.05,random,3,-0.003173917531967163
GraphSAGE,101,37,0.05,random,4,0.025432974100112915
GraphSAGE,101,37,0.05,random,5,0.004552662372589111
GraphSAGE,101,37,0.05,random,6,-0.01629096269607544
GraphSAGE,101,37,0.05,random,7,-0.004448652267456055
GraphSAGE,101,37,0.05,random,8,-0.003173917531967163
GraphSAGE,101,37,0.05,random,9,0.0009511709213256836
GraphSAGE,101,37,0.05,random,10,0.004552662372589111
GraphSAGE,101,37,0.05,random,11,0.009416401386260986
GraphSAGE,101,37,0.05,random,12,0.006402373313903809
GraphSAGE,101,37,0.05,random,13,0.006483227014541626
GraphSAGE,101,37,0.05,random,14,-0.003173917531967163
GraphSAGE,101,37,0.05,random,15,-0.008782237768173218
GraphSAGE,101,37,0.05,random,16,0.025432974100112915
GraphSAGE,101,37,0.05,random,17,0.009416401386260986
GraphSAGE,101,37,0.05,random,18,0.005667924880981445
GraphSAGE,101,37,0.05,random,19,0.0009511709213256836
GraphSAGE,101,37,0.1,gnnexplainer,-1,-0.0019153356552124023
GraphSAGE,101,37,0.1,random,0,-0.009902119636535645
GraphSAGE,101,37,0.1,random,1,0.017962992191314697
GraphSAGE,101,37,0.1,random,2,0.0013604462146759033
GraphSAGE,101,37,0.1,random,3,0.014142453670501709
GraphSAGE,101,37,0.1,random,4,0.004559457302093506
GraphSAGE,101,37,0.1,random,5,-0.011790931224822998
GraphSAGE,101,37,0.1,random,6,0.004559457302093506
GraphSAGE,101,37,0.1,random,7,-0.006614625453948975
GraphSAGE,101,37,0.1,random,8,0.03678816556930542
GraphSAGE,101,37,0.1,random,9,0.0024621784687042236
GraphSAGE,101,37,0.1,random,10,0.01582777500152588
GraphSAGE,101,37,0.1,random,11,-0.0019153356552124023
GraphSAGE,101,37,0.1,random,12,0.01757580041885376
GraphSAGE,101,37,0.1,random,13,0.0055068135261535645
GraphSAGE,101,37,0.1,random,14,0.028160691261291504
GraphSAGE,101,37,0.1,random,15,0.022145509719848633
GraphSAGE,101,37,0.1,random,16,0.021142393350601196
GraphSAGE,101,37,0.1,random,17,0.017145276069641113
GraphSAGE,101,37,0.1,random,18,0.004559457302093506
GraphSAGE,101,37,0.1,random,19,0.00911790132522583
GraphSAGE,101,37,0.2,gnnexplainer,-1,-0.014443635940551758
GraphSAGE,101,37,0.2,random,0,-0.006499528884887695
GraphSAGE,101,37,0.2,random,1,0.015236735343933105
GraphSAGE,101,37,0.2,random,2,-5.2988529205322266e-05
GraphSAGE,101,37,0.2,random,3,-0.007836520671844482
GraphSAGE,101,37,0.2,random,4,0.009814143180847168
GraphSAGE,101,37,0.2,random,5,0.015312016010284424
GraphSAGE,101,37,0.2,random,6,0.004407823085784912
GraphSAGE,101,37,0.2,random,7,-0.007057398557662964
GraphSAGE,101,37,0.2,random,8,0.015291869640350342
GraphSAGE,101,37,0.2,random,9,0.036341577768325806
GraphSAGE,101,37,0.2,random,10,0.003670245409011841
GraphSAGE,101,37,0.2,random,11,0.009266853332519531
GraphSAGE,101,37,0.2,random,12,0.029769569635391235
GraphSAGE,101,37,0.2,random,13,0.01564633846282959
GraphSAGE,101,37,0.2,random,14,0.015940546989440918
GraphSAGE,101,37,0.2,random,15,0.005971312522888184
GraphSAGE,101,37,0.2,random,16,0.02920931577682495
GraphSAGE,101,37,0.2,random,17,0.003840625286102295
GraphSAGE,101,37,0.2,random,18,-0.01196664571762085
GraphSAGE,101,37,0.2,random,19,0.02920931577682495
GraphSAGE,102,11,0.05,gnnexplainer,-1,0.061148107051849365
GraphSAGE,102,11,0.05,random,0,0.010786235332489014
GraphSAGE,102,11,0.05,random,1,0.02250880002975464
GraphSAGE,102,11,0.05,random,2,0.017022132873535156
GraphSAGE,102,11,0.05,random,3,-0.008518218994140625
GraphSAGE,102,11,0.05,random,4,-0.0032434463500976562
GraphSAGE,102,11,0.05,random,5,0.025381624698638916
GraphSAGE,102,11,0.05,random,6,0.0200498104095459
GraphSAGE,102,11,0.05,random,7,0.017755866050720215
GraphSAGE,102,11,0.05,random,8,0.01907038688659668
GraphSAGE,102,11,0.05,random,9,0.0006139278411865234
GraphSAGE,102,11,0.05,random,10,0.007567644119262695
GraphSAGE,102,11,0.05,random,11,-0.004764974117279053
GraphSAGE,102,11,0.05,random,12,-0.011076629161834717
GraphSAGE,102,11,0.05,random,13,0.04113578796386719
GraphSAGE,102,11,0.05,random,14,0.025579869747161865
GraphSAGE,102,11,0.05,random,15,0.0006707310676574707
GraphSAGE,102,11,0.05,random,16,-0.0035341382026672363
GraphSAGE,102,11,0.05,random,17,0.04329943656921387
GraphSAGE,102,11,0.05,random,18,-0.0011749267578125
GraphSAGE,102,11,0.05,random,19,0.006960809230804443
GraphSAGE,102,11,0.1,gnnexplainer,-1,0.09070563316345215
GraphSAGE,102,11,0.1,random,0,0.00977712869644165
GraphSAGE,102,11,0.1,random,1,0.045775532722473145
GraphSAGE,102,11,0.1,random,2,0.0031378865242004395
GraphSAGE,102,11,0.1,random,3,-0.008196413516998291
GraphSAGE,102,11,0.1,random,4,0.011509358882904053
GraphSAGE,102,11,0.1,random,5,0.0319976806640625
GraphSAGE,102,11,0.1,random,6,0.01978433132171631
GraphSAGE,102,11,0.1,random,7,0.027368545532226562
GraphSAGE,102,11,0.1,random,8,0.030117452144622803
GraphSAGE,102,11,0.1,random,9,0.061854541301727295
GraphSAGE,102,11,0.1,random,10,0.011279404163360596
GraphSAGE,102,11,0.1,random,11,-0.0008425116539001465
GraphSAGE,102,11,0.1,random,12,0.011309921741485596
GraphSAGE,102,11,0.1,random,13,0.014508187770843506
GraphSAGE,102,11,0.1,random,14,-0.0020664334297180176
GraphSAGE,102,11,0.1,random,15,0.05550551414489746
GraphSAGE,102,11,0.1,random,16,0.01687246561050415
GraphSAGE,102,11,0.1,random,17,-0.01254504919052124
GraphSAGE,102,11,0.1,random,18,0.04879230260848999
GraphSAGE,102,11,0.1,random,19,0.06523233652114868
GraphSAGE,102,11,0.2,gnnexplainer,-1,0.09858441352844238
GraphSAGE,102,11,0.2,random,0,0.06179410219192505
GraphSAGE,102,11,0.2,random,1,0.040719807147979736
GraphSAGE,102,11,0.2,random,2,0.04258763790130615
GraphSAGE,102,11,0.2,random,3,0.036544978618621826
GraphSAGE,102,11,0.2,random,4,0.028679072856903076
GraphSAGE,102,11,0.2,random,5,0.0018358826637268066
GraphSAGE,102,11,0.2,random,6,0.0019282698631286621
GraphSAGE,102,11,0.2,random,7,0.08237898349761963
GraphSAGE,102,11,0.2,random,8,0.042620718479156494
GraphSAGE,102,11,0.2,random,9,0.09969431161880493
GraphSAGE,102,11,0.2,random,10,0.035241901874542236
GraphSAGE,102,11,0.2,random,11,0.03113412857055664
GraphSAGE,102,11,0.2,random,12,0.01339799165725708
GraphSAGE,102,11,0.2,random,13,0.012943744659423828
GraphSAGE,102,11,0.2,random,14,0.012614011764526367
GraphSAGE,102,11,0.2,random,15,0.06804180145263672
GraphSAGE,102,11,0.2,random,16,0.02492314577102661
GraphSAGE,102,11,0.2,random,17,0.01478278636932373
GraphSAGE,102,11,0.2,random,18,0.03234446048736572
GraphSAGE,102,11,0.2,random,19,0.03144693374633789
GraphSAGE,102,23,0.05,gnnexplainer,-1,0.06245666742324829
GraphSAGE,102,23,0.05,random,0,0.0066533684730529785
GraphSAGE,102,23,0.05,random,1,-0.01578730344772339
GraphSAGE,102,23,0.05,random,2,0.01412975788116455
GraphSAGE,102,23,0.05,random,3,0.02135467529296875
GraphSAGE,102,23,0.05,random,4,0.023924827575683594
GraphSAGE,102,23,0.05,random,5,0.010560989379882812
GraphSAGE,102,23,0.05,random,6,0.03217250108718872
GraphSAGE,102,23,0.05,random,7,0.03975355625152588
GraphSAGE,102,23,0.05,random,8,0.00011616945266723633
GraphSAGE,102,23,0.05,random,9,-0.010830223560333252
GraphSAGE,102,23,0.05,random,10,-0.013317286968231201
GraphSAGE,102,23,0.05,random,11,0.010946571826934814
GraphSAGE,102,23,0.05,random,12,0.01772063970565796
GraphSAGE,102,23,0.05,random,13,0.0016078352928161621
GraphSAGE,102,23,0.05,random,14,0.014094769954681396
GraphSAGE,102,23,0.05,random,15,0.040548503398895264
GraphSAGE,102,23,0.05,random,16,0.00177764892578125
GraphSAGE,102,23,0.05,random,17,-0.004764974117279053
GraphSAGE,102,23,0.05,random,18,0.022072136402130127
GraphSAGE,102,23,0.05,random,19,0.014869987964630127
GraphSAGE,102,23,0.1,gnnexplainer,-1,0.09070563316345215
GraphSAGE,102,23,0.1,random,0,0.04669386148452759
GraphSAGE,102,23,0.1,random,1,0.019450843334197998
GraphSAGE,102,23,0.1,random,2,0.03345459699630737
GraphSAGE,102,23,0.1,random,3,-2.0444393157958984e-05
GraphSAGE,102,23,0.1,random,4,0.04475969076156616
GraphSAGE,102,23,0.1,random,5,0.006729245185852051
GraphSAGE,102,23,0.1,random,6,0.03173905611038208
GraphSAGE,102,23,0.1,random,7,0.02438122034072876
GraphSAGE,102,23,0.1,random,8,-0.0005126595497131348
GraphSAGE,102,23,0.1,random,9,-0.006236851215362549
GraphSAGE,102,23,0.1,random,10,0.016224205493927002
GraphSAGE,102,23,0.1,random,11,-0.01066678762435913
GraphSAGE,102,23,0.1,random,12,0.02109307050704956
GraphSAGE,102,23,0.1,random,13,0.06383711099624634
GraphSAGE,102,23,0.1,random,14,0.006452798843383789
GraphSAGE,102,23,0.1,random,15,0.006905078887939453
GraphSAGE,102,23,0.1,random,16,0.006540119647979736
GraphSAGE,102,23,0.1,random,17,0.018184125423431396
GraphSAGE,102,23,0.1,random,18,0.023862361907958984
GraphSAGE,102,23,0.1,random,19,0.02438122034072876
GraphSAGE,102,23,0.2,gnnexplainer,-1,0.11980575323104858
GraphSAGE,102,23,0.2,random,0,-0.021872341632843018
GraphSAGE,102,23,0.2,random,1,0.014375627040863037
GraphSAGE,102,23,0.2,random,2,0.004486143589019775
GraphSAGE,102,23,0.2,random,3,0.021790802478790283
GraphSAGE,102,23,0.2,random,4,0.009812533855438232
GraphSAGE,102,23,0.2,random,5,0.03534978628158569
GraphSAGE,102,23,0.2,random,6,0.044059574604034424
GraphSAGE,102,23,0.2,random,7,0.055986225605010986
GraphSAGE,102,23,0.2,random,8,0.09171074628829956
GraphSAGE,102,23,0.2,random,9,-0.004967749118804932
GraphSAGE,102,23,0.2,random,10,0.027481794357299805
GraphSAGE,102,23,0.2,random,11,0.02749258279800415
GraphSAGE,102,23,0.2,random,12,0.049282848834991455
GraphSAGE,102,23,0.2,random,13,0.04332226514816284
GraphSAGE,102,23,0.2,random,14,0.04213494062423706
GraphSAGE,102,23,0.2,random,15,0.03131204843521118
GraphSAGE,102,23,0.2,random,16,0.04605972766876221
GraphSAGE,102,23,0.2,random,17,0.05447494983673096
GraphSAGE,102,23,0.2,random,18,0.04076272249221802
GraphSAGE,102,23,0.2,random,19,-0.012818396091461182
GraphSAGE,102,37,0.05,gnnexplainer,-1,0.061148107051849365
GraphSAGE,102,37,0.05,random,0,-0.002359926700592041
GraphSAGE,102,37,0.05,random,1,-0.007551610469818115
GraphSAGE,102,37,0.05,random,2,0.03931611776351929
GraphSAGE,102,37,0.05,random,3,0.018848836421966553
GraphSAGE,102,37,0.05,random,4,0.002743065357208252
GraphSAGE,102,37,0.05,random,5,-0.018392324447631836
GraphSAGE,102,37,0.05,random,6,0.01772063970565796
GraphSAGE,102,37,0.05,random,7,-0.004764974117279053
GraphSAGE,102,37,0.05,random,8,0.03627389669418335
GraphSAGE,102,37,0.05,random,9,0.022359788417816162
GraphSAGE,102,37,0.05,random,10,-0.0034101009368896484
GraphSAGE,102,37,0.05,random,11,0.015275418758392334
GraphSAGE,102,37,0.05,random,12,0.028915047645568848
GraphSAGE,102,37,0.05,random,13,0.016142547130584717
GraphSAGE,102,37,0.05,random,14,0.014962732791900635
GraphSAGE,102,37,0.05,random,15,0.018700838088989258
GraphSAGE,102,37,0.05,random,16,-0.01385408639907837
GraphSAGE,102,37,0.05,random,17,0.0145682692527771
GraphSAGE,102,37,0.05,random,18,0.017946481704711914
GraphSAGE,102,37,0.05,random,19,0.037541329860687256
GraphSAGE,102,37,0.1,gnnexplainer,-1,0.09070563316345215
GraphSAGE,102,37,0.1,random,0,-0.004973292350769043
GraphSAGE,102,37,0.1,random,1,0.03247755765914917
GraphSAGE,102,37,0.1,random,2,0.023253023624420166
GraphSAGE,102,37,0.1,random,3,0.024420320987701416
GraphSAGE,102,37,0.1,random,4,0.030136287212371826
GraphSAGE,102,37,0.1,random,5,-0.005655109882354736
GraphSAGE,102,37,0.1,random,6,0.0236017107963562
GraphSAGE,102,37,0.1,random,7,-0.005867898464202881
GraphSAGE,102,37,0.1,random,8,0.01005619764328003
GraphSAGE,102,37,0.1,random,9,0.011269092559814453
GraphSAGE,102,37,0.1,random,10,0.014733850955963135
GraphSAGE,102,37,0.1,random,11,0.024400055408477783
GraphSAGE,102,37,0.1,random,12,0.018876194953918457
GraphSAGE,102,37,0.1,random,13,0.036251962184906006
GraphSAGE,102,37,0.1,random,14,0.04704999923706055
GraphSAGE,102,37,0.1,random,15,-0.01106572151184082
GraphSAGE,102,37,0.1,random,16,0.024110615253448486
GraphSAGE,102,37,0.1,random,17,0.03205043077468872
GraphSAGE,102,37,0.1,random,18,0.010927379131317139
GraphSAGE,102,37,0.1,random,19,0.031857430934906006
GraphSAGE,102,37,0.2,gnnexplainer,-1,0.125388503074646
GraphSAGE,102,37,0.2,random,0,-0.010397851467132568
GraphSAGE,102,37,0.2,random,1,0.08537697792053223
GraphSAGE,102,37,0.2,random,2,0.01725071668624878
GraphSAGE,102,37,0.2,random,3,0.033155739307403564
GraphSAGE,102,37,0.2,random,4,0.07981365919113159
GraphSAGE,102,37,0.2,random,5,0.03521019220352173
GraphSAGE,102,37,0.2,random,6,0.013914525508880615
GraphSAGE,102,37,0.2,random,7,0.04383450746536255
GraphSAGE,102,37,0.2,random,8,0.065673828125
GraphSAGE,102,37,0.2,random,9,-0.005012929439544678
GraphSAGE,102,37,0.2,random,10,0.04513508081436157
GraphSAGE,102,37,0.2,random,11,0.019137084484100342
GraphSAGE,102,37,0.2,random,12,0.018655359745025635
GraphSAGE,102,37,0.2,random,13,0.061799705028533936
GraphSAGE,102,37,0.2,random,14,0.06272703409194946
GraphSAGE,102,37,0.2,random,15,0.01242530345916748
GraphSAGE,102,37,0.2,random,16,0.04929167032241821
GraphSAGE,102,37,0.2,random,17,0.03239482641220093
GraphSAGE,102,37,0.2,random,18,0.05106908082962036
GraphSAGE,102,37,0.2,random,19,0.019686639308929443
GraphSAGE,106,11,0.05,gnnexplainer,-1,0.052524566650390625
GraphSAGE,106,11,0.05,random,0,0.015382587909698486
GraphSAGE,106,11,0.05,random,1,0.00661921501159668
GraphSAGE,106,11,0.05,random,2,0.003406226634979248
GraphSAGE,106,11,0.05,random,3,0.01966637372970581
GraphSAGE,106,11,0.05,random,4,0.023985624313354492
GraphSAGE,106,11,0.05,random,5,0.004707157611846924
GraphSAGE,106,11,0.05,random,6,0.03292107582092285
GraphSAGE,106,11,0.05,random,7,0.008884131908416748
GraphSAGE,106,11,0.05,random,8,0.020111024379730225
GraphSAGE,106,11,0.05,random,9,0.02086085081100464
GraphSAGE,106,11,0.05,random,10,0.013717353343963623
GraphSAGE,106,11,0.05,random,11,0.013061702251434326
GraphSAGE,106,11,0.05,random,12,0.009590387344360352
GraphSAGE,106,11,0.05,random,13,0.03130149841308594
GraphSAGE,106,11,0.05,random,14,0.020612061023712158
GraphSAGE,106,11,0.05,random,15,0.012908637523651123
GraphSAGE,106,11,0.05,random,16,0.017776072025299072
GraphSAGE,106,11,0.05,random,17,0.018207848072052002
GraphSAGE,106,11,0.05,random,18,0.01431959867477417
GraphSAGE,106,11,0.05,random,19,0.015017986297607422
GraphSAGE,106,11,0.1,gnnexplainer,-1,0.09742993116378784
GraphSAGE,106,11,0.1,random,0,0.022160232067108154
GraphSAGE,106,11,0.1,random,1,0.01614588499069214
GraphSAGE,106,11,0.1,random,2,0.0398980975151062
GraphSAGE,106,11,0.1,random,3,0.020803987979888916
GraphSAGE,106,11,0.1,random,4,0.013539135456085205
GraphSAGE,106,11,0.1,random,5,0.04162377119064331
GraphSAGE,106,11,0.1,random,6,0.046755313873291016
GraphSAGE,106,11,0.1,random,7,0.016081035137176514
GraphSAGE,106,11,0.1,random,8,0.03566330671310425
GraphSAGE,106,11,0.1,random,9,0.03611725568771362
GraphSAGE,106,11,0.1,random,10,0.027660846710205078
GraphSAGE,106,11,0.1,random,11,0.0449061393737793
GraphSAGE,106,11,0.1,random,12,0.02686542272567749
GraphSAGE,106,11,0.1,random,13,0.02820354700088501
GraphSAGE,106,11,0.1,random,14,0.026578903198242188
GraphSAGE,106,11,0.1,random,15,0.017340898513793945
GraphSAGE,106,11,0.1,random,16,0.017083406448364258
GraphSAGE,106,11,0.1,random,17,0.03439062833786011
GraphSAGE,106,11,0.1,random,18,0.01589059829711914
GraphSAGE,106,11,0.1,random,19,0.035568058490753174
GraphSAGE,106,11,0.2,gnnexplainer,-1,0.14482492208480835
GraphSAGE,106,11,0.2,random,0,0.0602603554725647
GraphSAGE,106,11,0.2,random,1,0.04378390312194824
GraphSAGE,106,11,0.2,random,2,0.07280844449996948
GraphSAGE,106,11,0.2,random,3,0.06710201501846313
GraphSAGE,106,11,0.2,random,4,0.03977155685424805
GraphSAGE,106,11,0.2,random,5,0.07194584608078003
GraphSAGE,106,11,0.2,random,6,0.06497472524642944
GraphSAGE,106,11,0.2,random,7,0.061549246311187744
GraphSAGE,106,11,0.2,random,8,0.07086402177810669
GraphSAGE,106,11,0.2,random,9,0.05319148302078247
GraphSAGE,106,11,0.2,random,10,0.04776185750961304
GraphSAGE,106,11,0.2,random,11,0.04543304443359375
GraphSAGE,106,11,0.2,random,12,0.054910361766815186
GraphSAGE,106,11,0.2,random,13,0.06161624193191528
GraphSAGE,106,11,0.2,random,14,0.05849510431289673
GraphSAGE,106,11,0.2,random,15,0.045986711978912354
GraphSAGE,106,11,0.2,random,16,0.06606507301330566
GraphSAGE,106,11,0.2,random,17,0.04613775014877319
GraphSAGE,106,11,0.2,random,18,0.03852725028991699
GraphSAGE,106,11,0.2,random,19,0.047910869121551514
GraphSAGE,106,23,0.05,gnnexplainer,-1,0.05444049835205078
GraphSAGE,106,23,0.05,random,0,0.010032832622528076
GraphSAGE,106,23,0.05,random,1,0.015453875064849854
GraphSAGE,106,23,0.05,random,2,-0.0044435858726501465
GraphSAGE,106,23,0.05,random,3,0.012861430644989014
GraphSAGE,106,23,0.05,random,4,0.01335376501083374
GraphSAGE,106,23,0.05,random,5,0.006872594356536865
GraphSAGE,106,23,0.05,random,6,0.017969608306884766
GraphSAGE,106,23,0.05,random,7,0.009282350540161133
GraphSAGE,106,23,0.05,random,8,0.015175104141235352
GraphSAGE,106,23,0.05,random,9,0.013417661190032959
GraphSAGE,106,23,0.05,random,10,0.009012043476104736
GraphSAGE,106,23,0.05,random,11,0.012692749500274658
GraphSAGE,106,23,0.05,random,12,0.008798182010650635
GraphSAGE,106,23,0.05,random,13,0.007429301738739014
GraphSAGE,106,23,0.05,random,14,0.014961183071136475
GraphSAGE,106,23,0.05,random,15,0.012147486209869385
GraphSAGE,106,23,0.05,random,16,0.01593416929244995
GraphSAGE,106,23,0.05,random,17,0.03000926971435547
GraphSAGE,106,23,0.05,random,18,0.016781866550445557
GraphSAGE,106,23,0.05,random,19,0.015551269054412842
GraphSAGE,106,23,0.1,gnnexplainer,-1,0.09742993116378784
GraphSAGE,106,23,0.1,random,0,0.03456646203994751
GraphSAGE,106,23,0.1,random,1,0.021881282329559326
GraphSAGE,106,23,0.1,random,2,0.021447420120239258
GraphSAGE,106,23,0.1,random,3,0.03325444459915161
GraphSAGE,106,23,0.1,random,4,0.038379967212677
GraphSAGE,106,23,0.1,random,5,0.03532379865646362
GraphSAGE,106,23,0.1,random,6,0.031216859817504883
GraphSAGE,106,23,0.1,random,7,0.025057494640350342
GraphSAGE,106,23,0.1,random,8,0.024258315563201904
GraphSAGE,106,23,0.1,random,9,0.02857184410095215
GraphSAGE,106,23,0.1,random,10,0.041454970836639404
GraphSAGE,106,23,0.1,random,11,0.03186744451522827
GraphSAGE,106,23,0.1,random,12,0.024955570697784424
GraphSAGE,106,23,0.1,random,13,0.038211047649383545
GraphSAGE,106,23,0.1,random,14,0.029039382934570312
GraphSAGE,106,23,0.1,random,15,0.05070924758911133
GraphSAGE,106,23,0.1,random,16,0.04033595323562622
GraphSAGE,106,23,0.1,random,17,0.03593367338180542
GraphSAGE,106,23,0.1,random,18,0.008213043212890625
GraphSAGE,106,23,0.1,random,19,0.017929553985595703
GraphSAGE,106,23,0.2,gnnexplainer,-1,0.14279276132583618
GraphSAGE,106,23,0.2,random,0,0.07824480533599854
GraphSAGE,106,23,0.2,random,1,0.0708930492401123
GraphSAGE,106,23,0.2,random,2,0.05312114953994751
GraphSAGE,106,23,0.2,random,3,0.07315778732299805
GraphSAGE,106,23,0.2,random,4,0.0391581654548645
GraphSAGE,106,23,0.2,random,5,0.04556608200073242
GraphSAGE,106,23,0.2,random,6,0.06764811277389526
GraphSAGE,106,23,0.2,random,7,0.054885149002075195
GraphSAGE,106,23,0.2,random,8,0.0714825987815857
GraphSAGE,106,23,0.2,random,9,0.06269693374633789
GraphSAGE,106,23,0.2,random,10,0.06788712739944458
GraphSAGE,106,23,0.2,random,11,0.029958665370941162
GraphSAGE,106,23,0.2,random,12,0.038552284240722656
GraphSAGE,106,23,0.2,random,13,0.05928844213485718
GraphSAGE,106,23,0.2,random,14,0.04434317350387573
GraphSAGE,106,23,0.2,random,15,0.05620551109313965
GraphSAGE,106,23,0.2,random,16,0.04466468095779419
GraphSAGE,106,23,0.2,random,17,0.044293880462646484
GraphSAGE,106,23,0.2,random,18,0.06836557388305664
GraphSAGE,106,23,0.2,random,19,0.05571538209915161
GraphSAGE,106,37,0.05,gnnexplainer,-1,0.05444049835205078
GraphSAGE,106,37,0.05,random,0,0.023669719696044922
GraphSAGE,106,37,0.05,random,1,0.010871410369873047
GraphSAGE,106,37,0.05,random,2,0.03177863359451294
GraphSAGE,106,37,0.05,random,3,0.031201183795928955
GraphSAGE,106,37,0.05,random,4,0.013117969036102295
GraphSAGE,106,37,0.05,random,5,0.0345955491065979
GraphSAGE,106,37,0.05,random,6,0.008641958236694336
GraphSAGE,106,37,0.05,random,7,0.022782564163208008
GraphSAGE,106,37,0.05,random,8,0.013567626476287842
GraphSAGE,106,37,0.05,random,9,0.0011107921600341797
GraphSAGE,106,37,0.05,random,10,0.01879096031188965
GraphSAGE,106,37,0.05,random,11,0.0188138484954834
GraphSAGE,106,37,0.05,random,12,0.010717928409576416
GraphSAGE,106,37,0.05,random,13,0.021507978439331055
GraphSAGE,106,37,0.05,random,14,0.022300422191619873
GraphSAGE,106,37,0.05,random,15,0.0029001235961914062
GraphSAGE,106,37,0.05,random,16,0.0056119561195373535
GraphSAGE,106,37,0.05,random,17,0.007491052150726318
GraphSAGE,106,37,0.05,random,18,0.013297736644744873
GraphSAGE,106,37,0.05,random,19,0.016674578189849854
GraphSAGE,106,37,0.1,gnnexplainer,-1,0.09742993116378784
GraphSAGE,106,37,0.1,random,0,0.03586941957473755
GraphSAGE,106,37,0.1,random,1,0.02066868543624878
GraphSAGE,106,37,0.1,random,2,0.030743122100830078
GraphSAGE,106,37,0.1,random,3,0.021560966968536377
GraphSAGE,106,37,0.1,random,4,0.04321557283401489
GraphSAGE,106,37,0.1,random,5,0.0246240496635437
GraphSAGE,106,37,0.1,random,6,0.027245700359344482
GraphSAGE,106,37,0.1,random,7,0.027001380920410156
GraphSAGE,106,37,0.1,random,8,0.026305019855499268
GraphSAGE,106,37,0.1,random,9,0.018395602703094482
GraphSAGE,106,37,0.1,random,10,0.02807450294494629
GraphSAGE,106,37,0.1,random,11,0.019617021083831787
GraphSAGE,106,37,0.1,random,12,0.021948277950286865
GraphSAGE,106,37,0.1,random,13,0.03436094522476196
GraphSAGE,106,37,0.1,random,14,0.035368144512176514
GraphSAGE,106,37,0.1,random,15,0.02317744493484497
GraphSAGE,106,37,0.1,random,16,0.03523057699203491
GraphSAGE,106,37,0.1,random,17,0.031174123287200928
GraphSAGE,106,37,0.1,random,18,0.02111119031906128
GraphSAGE,106,37,0.1,random,19,0.026891767978668213
GraphSAGE,106,37,0.2,gnnexplainer,-1,0.14224833250045776
GraphSAGE,106,37,0.2,random,0,0.0464324951171875
GraphSAGE,106,37,0.2,random,1,0.03849107027053833
GraphSAGE,106,37,0.2,random,2,0.06498599052429199
GraphSAGE,106,37,0.2,random,3,0.03839462995529175
GraphSAGE,106,37,0.2,random,4,0.04942899942398071
GraphSAGE,106,37,0.2,random,5,0.08121496438980103
GraphSAGE,106,37,0.2,random,6,0.05150282382965088
GraphSAGE,106,37,0.2,random,7,0.07324588298797607
GraphSAGE,106,37,0.2,random,8,0.045979440212249756
GraphSAGE,106,37,0.2,random,9,0.03530454635620117
GraphSAGE,106,37,0.2,random,10,0.07097035646438599
GraphSAGE,106,37,0.2,random,11,0.028726518154144287
GraphSAGE,106,37,0.2,random,12,0.041657865047454834
GraphSAGE,106,37,0.2,random,13,0.06569653749465942
GraphSAGE,106,37,0.2,random,14,0.060885488986968994
GraphSAGE,106,37,0.2,random,15,0.056253015995025635
GraphSAGE,106,37,0.2,random,16,0.049694716930389404
GraphSAGE,106,37,0.2,random,17,0.050784289836883545
GraphSAGE,106,37,0.2,random,18,0.08519250154495239
GraphSAGE,106,37,0.2,random,19,0.055938899517059326
GraphSAGE,118,11,0.05,gnnexplainer,-1,0.06578570604324341
GraphSAGE,118,11,0.05,random,0,0.015263795852661133
GraphSAGE,118,11,0.05,random,1,0.038538217544555664
GraphSAGE,118,11,0.05,random,2,-0.01019984483718872
GraphSAGE,118,11,0.05,random,3,0.002836167812347412
GraphSAGE,118,11,0.05,random,4,0.0060427188873291016
GraphSAGE,118,11,0.05,random,5,0.03028935194015503
GraphSAGE,118,11,0.05,random,6,0.02433556318283081
GraphSAGE,118,11,0.05,random,7,0.0007728338241577148
GraphSAGE,118,11,0.05,random,8,0.0507393479347229
GraphSAGE,118,11,0.05,random,9,0.004303395748138428
GraphSAGE,118,11,0.05,random,10,-0.008475780487060547
GraphSAGE,118,11,0.05,random,11,0.0005300641059875488
GraphSAGE,118,11,0.05,random,12,0.013334989547729492
GraphSAGE,118,11,0.05,random,13,-0.0036054253578186035
GraphSAGE,118,11,0.05,random,14,0.003393232822418213
GraphSAGE,118,11,0.05,random,15,0.02150207757949829
GraphSAGE,118,11,0.05,random,16,0.01609271764755249
GraphSAGE,118,11,0.05,random,17,-0.0045964717864990234
GraphSAGE,118,11,0.05,random,18,0.005893886089324951
GraphSAGE,118,11,0.05,random,19,0.008445501327514648
GraphSAGE,118,11,0.1,gnnexplainer,-1,0.10909560322761536
GraphSAGE,118,11,0.1,random,0,0.06322842836380005
GraphSAGE,118,11,0.1,random,1,0.03619760274887085
GraphSAGE,118,11,0.1,random,2,0.04717129468917847
GraphSAGE,118,11,0.1,random,3,0.0024336576461791992
GraphSAGE,118,11,0.1,random,4,0.03741419315338135
GraphSAGE,118,11,0.1,random,5,0.044229209423065186
GraphSAGE,118,11,0.1,random,6,-0.01720970869064331
GraphSAGE,118,11,0.1,random,7,0.010596811771392822
GraphSAGE,118,11,0.1,random,8,0.06028872728347778
GraphSAGE,118,11,0.1,random,9,-0.007744431495666504
GraphSAGE,118,11,0.1,random,10,0.0019384026527404785
GraphSAGE,118,11,0.1,random,11,0.01816534996032715
GraphSAGE,118,11,0.1,random,12,0.002314269542694092
GraphSAGE,118,11,0.1,random,13,0.01812070608139038
GraphSAGE,118,11,0.1,random,14,0.021222591400146484
GraphSAGE,118,11,0.1,random,15,0.02037191390991211
GraphSAGE,118,11,0.1,random,16,0.0171700119972229
GraphSAGE,118,11,0.1,random,17,0.024700701236724854
GraphSAGE,118,11,0.1,random,18,0.007758140563964844
GraphSAGE,118,11,0.1,random,19,-0.003637969493865967
GraphSAGE,118,11,0.2,gnnexplainer,-1,0.14334642887115479
GraphSAGE,118,11,0.2,random,0,0.04750204086303711
GraphSAGE,118,11,0.2,random,1,-0.03446847200393677
GraphSAGE,118,11,0.2,random,2,0.030548095703125
GraphSAGE,118,11,0.2,random,3,-0.015774071216583252
GraphSAGE,118,11,0.2,random,4,0.04596596956253052
GraphSAGE,118,11,0.2,random,5,0.002710998058319092
GraphSAGE,118,11,0.2,random,6,0.028409898281097412
GraphSAGE,118,11,0.2,random,7,0.07360321283340454
GraphSAGE,118,11,0.2,random,8,0.02968508005142212
GraphSAGE,118,11,0.2,random,9,0.05017375946044922
GraphSAGE,118,11,0.2,random,10,0.07641923427581787
GraphSAGE,118,11,0.2,random,11,0.045130789279937744
GraphSAGE,118,11,0.2,random,12,0.09021297097206116
GraphSAGE,118,11,0.2,random,13,-0.005269348621368408
GraphSAGE,118,11,0.2,random,14,0.09677127003669739
GraphSAGE,118,11,0.2,random,15,0.03497856855392456
GraphSAGE,118,11,0.2,random,16,0.085980623960495
GraphSAGE,118,11,0.2,random,17,-0.010786473751068115
GraphSAGE,118,11,0.2,random,18,0.036615192890167236
GraphSAGE,118,11,0.2,random,19,0.057926833629608154
GraphSAGE,118,23,0.05,gnnexplainer,-1,0.06140017509460449
GraphSAGE,118,23,0.05,random,0,0.011707007884979248
GraphSAGE,118,23,0.05,random,1,-0.014299869537353516
GraphSAGE,118,23,0.05,random,2,-0.003813505172729492
GraphSAGE,118,23,0.05,random,3,-0.010247766971588135
GraphSAGE,118,23,0.05,random,4,-0.009710252285003662
GraphSAGE,118,23,0.05,random,5,0.032283127307891846
GraphSAGE,118,23,0.05,random,6,0.009787797927856445
GraphSAGE,118,23,0.05,random,7,-0.00331801176071167
GraphSAGE,118,23,0.05,random,8,0.00674515962600708
GraphSAGE,118,23,0.05,random,9,0.025308072566986084
GraphSAGE,118,23,0.05,random,10,0.04237484931945801
GraphSAGE,118,23,0.05,random,11,0.035521090030670166
GraphSAGE,118,23,0.05,random,12,0.0014179348945617676
GraphSAGE,118,23,0.05,random,13,0.015924930572509766
GraphSAGE,118,23,0.05,random,14,0.010457932949066162
GraphSAGE,118,23,0.05,random,15,-0.01529306173324585
GraphSAGE,118,23,0.05,random,16,-0.004537761211395264
GraphSAGE,118,23,0.05,random,17,-0.002258121967315674
GraphSAGE,118,23,0.05,random,18,-0.010638713836669922
GraphSAGE,118,23,0.05,random,19,0.014140069484710693
GraphSAGE,118,23,0.1,gnnexplainer,-1,0.10909560322761536
GraphSAGE,118,23,0.1,random,0,0.022854328155517578
GraphSAGE,118,23,0.1,random,1,-0.02059626579284668
GraphSAGE,118,23,0.1,random,2,0.019088804721832275
GraphSAGE,118,23,0.1,random,3,-0.01700425148010254
GraphSAGE,118,23,0.1,random,4,0.0037540793418884277
GraphSAGE,118,23,0.1,random,5,0.050254762172698975
GraphSAGE,118,23,0.1,random,6,0.033962786197662354
GraphSAGE,118,23,0.1,random,7,0.04505437612533569
GraphSAGE,118,23,0.1,random,8,0.04302835464477539
GraphSAGE,118,23,0.1,random,9,-0.009906232357025146
GraphSAGE,118,23,0.1,random,10,0.02822166681289673
GraphSAGE,118,23,0.1,random,11,0.0008730292320251465
GraphSAGE,118,23,0.1,random,12,0.0023569464683532715
GraphSAGE,118,23,0.1,random,13,0.0034266114234924316
GraphSAGE,118,23,0.1,random,14,0.024873971939086914
GraphSAGE,118,23,0.1,random,15,0.05330866575241089
GraphSAGE,118,23,0.1,random,16,0.017614543437957764
GraphSAGE,118,23,0.1,random,17,0.001056969165802002
GraphSAGE,118,23,0.1,random,18,-0.01543194055557251
GraphSAGE,118,23,0.1,random,19,0.02820366621017456
GraphSAGE,118,23,0.2,gnnexplainer,-1,0.15176960825920105
GraphSAGE,118,23,0.2,random,0,0.046211421489715576
GraphSAGE,118,23,0.2,random,1,0.043907880783081055
GraphSAGE,118,23,0.2,random,2,-0.005990087985992432
GraphSAGE,118,23,0.2,random,3,0.03707844018936157
GraphSAGE,118,23,0.2,random,4,-0.007522940635681152
GraphSAGE,118,23,0.2,random,5,0.00013393163681030273
GraphSAGE,118,23,0.2,random,6,0.04227161407470703
GraphSAGE,118,23,0.2,random,7,0.00025027990341186523
GraphSAGE,118,23,0.2,random,8,0.023524582386016846
GraphSAGE,118,23,0.2,random,9,0.035023033618927
GraphSAGE,118,23,0.2,random,10,0.05975073575973511
GraphSAGE,118,23,0.2,random,11,0.0038452744483947754
GraphSAGE,118,23,0.2,random,12,0.04833388328552246
GraphSAGE,118,23,0.2,random,13,0.006406009197235107
GraphSAGE,118,23,0.2,random,14,-0.02504146099090576
GraphSAGE,118,23,0.2,random,15,0.07818397879600525
GraphSAGE,118,23,0.2,random,16,0.019863545894622803
GraphSAGE,118,23,0.2,random,17,0.10587489604949951
GraphSAGE,118,23,0.2,random,18,0.03240227699279785
GraphSAGE,118,23,0.2,random,19,0.07243090867996216
GraphSAGE,118,37,0.05,gnnexplainer,-1,0.06578570604324341
GraphSAGE,118,37,0.05,random,0,0.00849682092666626
GraphSAGE,118,37,0.05,random,1,-0.007741689682006836
GraphSAGE,118,37,0.05,random,2,0.01058584451675415
GraphSAGE,118,37,0.05,random,3,-0.010222434997558594
GraphSAGE,118,37,0.05,random,4,-0.0026610493659973145
GraphSAGE,118,37,0.05,random,5,0.014623701572418213
GraphSAGE,118,37,0.05,random,6,-0.006091117858886719
GraphSAGE,118,37,0.05,random,7,0.022765278816223145
GraphSAGE,118,37,0.05,random,8,0.010090291500091553
GraphSAGE,118,37,0.05,random,9,0.01609271764755249
GraphSAGE,118,37,0.05,random,10,-0.008982837200164795
GraphSAGE,118,37,0.05,random,11,0.006699740886688232
GraphSAGE,118,37,0.05,random,12,-0.005572497844696045
GraphSAGE,118,37,0.05,random,13,0.018137812614440918
GraphSAGE,118,37,0.05,random,14,0.028335750102996826
GraphSAGE,118,37,0.05,random,15,-0.008947789669036865
GraphSAGE,118,37,0.05,random,16,0.014482319355010986
GraphSAGE,118,37,0.05,random,17,-0.011873304843902588
GraphSAGE,118,37,0.05,random,18,0.003395974636077881
GraphSAGE,118,37,0.05,random,19,0.011162519454956055
GraphSAGE,118,37,0.1,gnnexplainer,-1,0.09976065158843994
GraphSAGE,118,37,0.1,random,0,-0.011018157005310059
GraphSAGE,118,37,0.1,random,1,0.027847111225128174
GraphSAGE,118,37,0.1,random,2,0.026858866214752197
GraphSAGE,118,37,0.1,random,3,-0.008895337581634521
GraphSAGE,118,37,0.1,random,4,-0.012147903442382812
GraphSAGE,118,37,0.1,random,5,0.02098304033279419
GraphSAGE,118,37,0.1,random,6,-0.0018551349639892578
GraphSAGE,118,37,0.1,random,7,-0.008364200592041016
GraphSAGE,118,37,0.1,random,8,0.02145695686340332
GraphSAGE,118,37,0.1,random,9,0.03601551055908203
GraphSAGE,118,37,0.1,random,10,0.025582969188690186
GraphSAGE,118,37,0.1,random,11,-0.0151824951171875
GraphSAGE,118,37,0.1,random,12,0.015305876731872559
GraphSAGE,118,37,0.1,random,13,-0.02509385347366333
GraphSAGE,118,37,0.1,random,14,0.016251564025878906
GraphSAGE,118,37,0.1,random,15,0.03720897436141968
GraphSAGE,118,37,0.1,random,16,0.03344470262527466
GraphSAGE,118,37,0.1,random,17,0.0041176676750183105
GraphSAGE,118,37,0.1,random,18,-0.00048029422760009766
GraphSAGE,118,37,0.1,random,19,0.021051108837127686
GraphSAGE,118,37,0.2,gnnexplainer,-1,0.16048988699913025
GraphSAGE,118,37,0.2,random,0,0.051544249057769775
GraphSAGE,118,37,0.2,random,1,0.06795579195022583
GraphSAGE,118,37,0.2,random,2,0.0387418270111084
GraphSAGE,118,37,0.2,random,3,0.06731826066970825
GraphSAGE,118,37,0.2,random,4,-0.025718271732330322
GraphSAGE,118,37,0.2,random,5,0.004771828651428223
GraphSAGE,118,37,0.2,random,6,0.021928012371063232
GraphSAGE,118,37,0.2,random,7,0.05761915445327759
GraphSAGE,118,37,0.2,random,8,0.005858957767486572
GraphSAGE,118,37,0.2,random,9,0.03272610902786255
GraphSAGE,118,37,0.2,random,10,0.017921864986419678
GraphSAGE,118,37,0.2,random,11,0.045123398303985596
GraphSAGE,118,37,0.2,random,12,0.056749582290649414
GraphSAGE,118,37,0.2,random,13,0.08947908878326416
GraphSAGE,118,37,0.2,random,14,0.037797391414642334
GraphSAGE,118,37,0.2,random,15,0.04532116651535034
GraphSAGE,118,37,0.2,random,16,0.04864770174026489
GraphSAGE,118,37,0.2,random,17,0.10249343514442444
GraphSAGE,118,37,0.2,random,18,0.047894179821014404
GraphSAGE,118,37,0.2,random,19,0.07235568761825562
GraphSAGE,120,11,0.05,gnnexplainer,-1,-0.0008596181869506836
GraphSAGE,120,11,0.05,random,0,-0.00037419795989990234
GraphSAGE,120,11,0.05,random,1,-0.006275385618209839
GraphSAGE,120,11,0.05,random,2,-0.004554718732833862
GraphSAGE,120,11,0.05,random,3,0.004303425550460815
GraphSAGE,120,11,0.05,random,4,-0.0028738677501678467
GraphSAGE,120,11,0.05,random,5,0.004883319139480591
GraphSAGE,120,11,0.05,random,6,0.004588395357131958
GraphSAGE,120,11,0.05,random,7,-0.004637032747268677
GraphSAGE,120,11,0.05,random,8,-0.006292223930358887
GraphSAGE,120,11,0.05,random,9,0.010606527328491211
GraphSAGE,120,11,0.05,random,10,-0.002048999071121216
GraphSAGE,120,11,0.05,random,11,-0.0007363557815551758
GraphSAGE,120,11,0.05,random,12,-0.00041112303733825684
GraphSAGE,120,11,0.05,random,13,-0.0004729926586151123
GraphSAGE,120,11,0.05,random,14,0.0007776916027069092
GraphSAGE,120,11,0.05,random,15,0.014162033796310425
GraphSAGE,120,11,0.05,random,16,-0.006449967622756958
GraphSAGE,120,11,0.05,random,17,0.0037488937377929688
GraphSAGE,120,11,0.05,random,18,-0.004585832357406616
GraphSAGE,120,11,0.05,random,19,-0.013600349426269531
GraphSAGE,120,11,0.1,gnnexplainer,-1,0.012830138206481934
GraphSAGE,120,11,0.1,random,0,0.016614705324172974
GraphSAGE,120,11,0.1,random,1,-0.004957705736160278
GraphSAGE,120,11,0.1,random,2,-0.009413152933120728
GraphSAGE,120,11,0.1,random,3,-0.01899835467338562
GraphSAGE,120,11,0.1,random,4,-0.028192967176437378
GraphSAGE,120,11,0.1,random,5,-0.014093369245529175
GraphSAGE,120,11,0.1,random,6,0.006944149732589722
GraphSAGE,120,11,0.1,random,7,0.02004501223564148
GraphSAGE,120,11,0.1,random,8,0.015201359987258911
GraphSAGE,120,11,0.1,random,9,-0.014369964599609375
GraphSAGE,120,11,0.1,random,10,-0.0028149187564849854
GraphSAGE,120,11,0.1,random,11,0.0025433003902435303
GraphSAGE,120,11,0.1,random,12,0.004176884889602661
GraphSAGE,120,11,0.1,random,13,0.011205703020095825
GraphSAGE,120,11,0.1,random,14,-0.003225356340408325
GraphSAGE,120,11,0.1,random,15,-0.019278287887573242
GraphSAGE,120,11,0.1,random,16,-0.03093695640563965
GraphSAGE,120,11,0.1,random,17,-0.019666165113449097
GraphSAGE,120,11,0.1,random,18,-0.0022999048233032227
GraphSAGE,120,11,0.1,random,19,0.005366086959838867
GraphSAGE,120,11,0.2,gnnexplainer,-1,-2.592802047729492e-06
GraphSAGE,120,11,0.2,random,0,-0.04401084780693054
GraphSAGE,120,11,0.2,random,1,-0.005253106355667114
GraphSAGE,120,11,0.2,random,2,0.01641067862510681
GraphSAGE,120,11,0.2,random,3,-0.009548813104629517
GraphSAGE,120,11,0.2,random,4,-0.0002480745315551758
GraphSAGE,120,11,0.2,random,5,-0.003306359052658081
GraphSAGE,120,11,0.2,random,6,0.0126933753490448
GraphSAGE,120,11,0.2,random,7,-0.02434876561164856
GraphSAGE,120,11,0.2,random,8,-0.01120045781135559
GraphSAGE,120,11,0.2,random,9,-0.014604896306991577
GraphSAGE,120,11,0.2,random,10,-0.024945169687271118
GraphSAGE,120,11,0.2,random,11,0.024283289909362793
GraphSAGE,120,11,0.2,random,12,-0.016428381204605103
GraphSAGE,120,11,0.2,random,13,-0.011936217546463013
GraphSAGE,120,11,0.2,random,14,-0.011208295822143555
GraphSAGE,120,11,0.2,random,15,-0.007044583559036255
GraphSAGE,120,11,0.2,random,16,-0.02031800150871277
GraphSAGE,120,11,0.2,random,17,0.0005765259265899658
GraphSAGE,120,11,0.2,random,18,0.014236420392990112
GraphSAGE,120,11,0.2,random,19,0.010484844446182251
GraphSAGE,120,23,0.05,gnnexplainer,-1,-0.002051323652267456
GraphSAGE,120,23,0.05,random,0,0.012066930532455444
GraphSAGE,120,23,0.05,random,1,-0.011334061622619629
GraphSAGE,120,23,0.05,random,2,0.009382754564285278
GraphSAGE,120,23,0.05,random,3,-0.009067028760910034
GraphSAGE,120,23,0.05,random,4,0.00745999813079834
GraphSAGE,120,23,0.05,random,5,0.004308134317398071
GraphSAGE,120,23,0.05,random,6,-0.008284568786621094
GraphSAGE,120,23,0.05,random,7,-0.010416299104690552
GraphSAGE,120,23,0.05,random,8,-0.0066117048263549805
GraphSAGE,120,23,0.05,random,9,-0.005152344703674316
GraphSAGE,120,23,0.05,random,10,0.012029558420181274
GraphSAGE,120,23,0.05,random,11,-0.009133845567703247
GraphSAGE,120,23,0.05,random,12,0.0081462562084198
GraphSAGE,120,23,0.05,random,13,-0.012640595436096191
GraphSAGE,120,23,0.05,random,14,-0.006616503000259399
GraphSAGE,120,23,0.05,random,15,0.005397528409957886
GraphSAGE,120,23,0.05,random,16,-0.009324818849563599
GraphSAGE,120,23,0.05,random,17,-0.022119492292404175
GraphSAGE,120,23,0.05,random,18,0.008382588624954224
GraphSAGE,120,23,0.05,random,19,0.006890982389450073
GraphSAGE,120,23,0.1,gnnexplainer,-1,0.004461526870727539
GraphSAGE,120,23,0.1,random,0,-0.01018989086151123
GraphSAGE,120,23,0.1,random,1,0.016213059425354004
GraphSAGE,120,23,0.1,random,2,0.004828661680221558
GraphSAGE,120,23,0.1,random,3,0.00679442286491394
GraphSAGE,120,23,0.1,random,4,-0.013826936483383179
GraphSAGE,120,23,0.1,random,5,0.0012575387954711914
GraphSAGE,120,23,0.1,random,6,-0.0012941062450408936
GraphSAGE,120,23,0.1,random,7,-0.013281971216201782
GraphSAGE,120,23,0.1,random,8,-0.00976070761680603
GraphSAGE,120,23,0.1,random,9,0.01318010687828064
GraphSAGE,120,23,0.1,random,10,0.003643631935119629
GraphSAGE,120,23,0.1,random,11,-0.004214614629745483
GraphSAGE,120,23,0.1,random,12,0.0037803351879119873
GraphSAGE,120,23,0.1,random,13,-0.04337608814239502
GraphSAGE,120,23,0.1,random,14,-0.001735299825668335
GraphSAGE,120,23,0.1,random,15,0.005957931280136108
GraphSAGE,120,23,0.1,random,16,-0.01666700839996338
GraphSAGE,120,23,0.1,random,17,-0.004196494817733765
GraphSAGE,120,23,0.1,random,18,-0.015204936265945435
GraphSAGE,120,23,0.1,random,19,-0.007977604866027832
GraphSAGE,120,23,0.2,gnnexplainer,-1,0.0041577816009521484
GraphSAGE,120,23,0.2,random,0,0.008407026529312134
GraphSAGE,120,23,0.2,random,1,0.009614706039428711
GraphSAGE,120,23,0.2,random,2,0.007761567831039429
GraphSAGE,120,23,0.2,random,3,-0.012214064598083496
GraphSAGE,120,23,0.2,random,4,0.0010184049606323242
GraphSAGE,120,23,0.2,random,5,0.025653839111328125
GraphSAGE,120,23,0.2,random,6,-0.004524707794189453
GraphSAGE,120,23,0.2,random,7,0.0034160614013671875
GraphSAGE,120,23,0.2,random,8,-0.028993725776672363
GraphSAGE,120,23,0.2,random,9,-0.011648982763290405
GraphSAGE,120,23,0.2,random,10,0.016895025968551636
GraphSAGE,120,23,0.2,random,11,0.0034973621368408203
GraphSAGE,120,23,0.2,random,12,0.012482672929763794
GraphSAGE,120,23,0.2,random,13,-0.0014280974864959717
GraphSAGE,120,23,0.2,random,14,-0.039407879114151
GraphSAGE,120,23,0.2,random,15,-0.008128166198730469
GraphSAGE,120,23,0.2,random,16,-0.02246120572090149
GraphSAGE,120,23,0.2,random,17,0.008089989423751831
GraphSAGE,120,23,0.2,random,18,-0.012675076723098755
GraphSAGE,120,23,0.2,random,19,-0.0018618404865264893
GraphSAGE,120,37,0.05,gnnexplainer,-1,0.014433979988098145
GraphSAGE,120,37,0.05,random,0,-0.006202608346939087
GraphSAGE,120,37,0.05,random,1,-0.007758289575576782
GraphSAGE,120,37,0.05,random,2,-0.0029785335063934326
GraphSAGE,120,37,0.05,random,3,0.0018808543682098389
GraphSAGE,120,37,0.05,random,4,0.0018751323223114014
GraphSAGE,120,37,0.05,random,5,0.00978824496269226
GraphSAGE,120,37,0.05,random,6,-0.0016023218631744385
GraphSAGE,120,37,0.05,random,7,0.003080815076828003
GraphSAGE,120,37,0.05,random,8,0.00205114483833313
GraphSAGE,120,37,0.05,random,9,-0.002175241708755493
GraphSAGE,120,37,0.05,random,10,-0.012902617454528809
GraphSAGE,120,37,0.05,random,11,0.008392542600631714
GraphSAGE,120,37,0.05,random,12,-0.004773169755935669
GraphSAGE,120,37,0.05,random,13,0.010165423154830933
GraphSAGE,120,37,0.05,random,14,0.006914496421813965
GraphSAGE,120,37,0.05,random,15,-0.014209747314453125
GraphSAGE,120,37,0.05,random,16,-0.004104048013687134
GraphSAGE,120,37,0.05,random,17,0.0006871521472930908
GraphSAGE,120,37,0.05,random,18,0.0034446418285369873
GraphSAGE,120,37,0.05,random,19,0.007475703954696655
GraphSAGE,120,37,0.1,gnnexplainer,-1,0.020756036043167114
GraphSAGE,120,37,0.1,random,0,0.018177896738052368
GraphSAGE,120,37,0.1,random,1,-0.015407830476760864
GraphSAGE,120,37,0.1,random,2,-0.005972057580947876
GraphSAGE,120,37,0.1,random,3,-0.0074436962604522705
GraphSAGE,120,37,0.1,random,4,-0.02377203106880188
GraphSAGE,120,37,0.1,random,5,0.009917467832565308
GraphSAGE,120,37,0.1,random,6,-0.0005149543285369873
GraphSAGE,120,37,0.1,random,7,0.006001591682434082
GraphSAGE,120,37,0.1,random,8,0.015460610389709473
GraphSAGE,120,37,0.1,random,9,0.006252408027648926
GraphSAGE,120,37,0.1,random,10,-0.014197498559951782
GraphSAGE,120,37,0.1,random,11,0.0017075538635253906
GraphSAGE,120,37,0.1,random,12,-0.0015510618686676025
GraphSAGE,120,37,0.1,random,13,0.009623676538467407
GraphSAGE,120,37,0.1,random,14,0.019847601652145386
GraphSAGE,120,37,0.1,random,15,-0.018264323472976685
GraphSAGE,120,37,0.1,random,16,0.009961575269699097
GraphSAGE,120,37,0.1,random,17,0.004662543535232544
GraphSAGE,120,37,0.1,random,18,-0.019301533699035645
GraphSAGE,120,37,0.1,random,19,-9.906291961669922e-05
GraphSAGE,120,37,0.2,gnnexplainer,-1,-0.0017670392990112305
GraphSAGE,120,37,0.2,random,0,0.034760117530822754
GraphSAGE,120,37,0.2,random,1,-0.010164707899093628
GraphSAGE,120,37,0.2,random,2,-0.0029441118240356445
GraphSAGE,120,37,0.2,random,3,-0.018811136484146118
GraphSAGE,120,37,0.2,random,4,-0.0002740919589996338
GraphSAGE,120,37,0.2,random,5,-0.01836135983467102
GraphSAGE,120,37,0.2,random,6,0.0024611949920654297
GraphSAGE,120,37,0.2,random,7,-0.018470555543899536
GraphSAGE,120,37,0.2,random,8,0.008272141218185425
GraphSAGE,120,37,0.2,random,9,-0.017814964056015015
GraphSAGE,120,37,0.2,random,10,-0.018544942140579224
GraphSAGE,120,37,0.2,random,11,-0.010307997465133667
GraphSAGE,120,37,0.2,random,12,-0.03551149368286133
GraphSAGE,120,37,0.2,random,13,-0.009880423545837402
GraphSAGE,120,37,0.2,random,14,0.005790740251541138
GraphSAGE,120,37,0.2,random,15,-0.006837368011474609
GraphSAGE,120,37,0.2,random,16,-0.018270939588546753
GraphSAGE,120,37,0.2,random,17,-0.01183125376701355
GraphSAGE,120,37,0.2,random,18,-0.00838315486907959
GraphSAGE,120,37,0.2,random,19,-0.003996700048446655
GraphSAGE,124,11,0.05,gnnexplainer,-1,0.0326656699180603
GraphSAGE,124,11,0.05,random,0,0.019366800785064697
GraphSAGE,124,11,0.05,random,1,0.009070932865142822
GraphSAGE,124,11,0.05,random,2,0.007326364517211914
GraphSAGE,124,11,0.05,random,3,0.005470871925354004
GraphSAGE,124,11,0.05,random,4,-0.0015766620635986328
GraphSAGE,124,11,0.05,random,5,0.011341452598571777
GraphSAGE,124,11,0.05,random,6,0.008673608303070068
GraphSAGE,124,11,0.05,random,7,0.005752146244049072
GraphSAGE,124,11,0.05,random,8,0.010544955730438232
GraphSAGE,124,11,0.05,random,9,0.006618082523345947
GraphSAGE,124,11,0.05,random,10,0.007113635540008545
GraphSAGE,124,11,0.05,random,11,0.010284125804901123
GraphSAGE,124,11,0.05,random,12,0.012101292610168457
GraphSAGE,124,11,0.05,random,13,0.010967135429382324
GraphSAGE,124,11,0.05,random,14,0.003175497055053711
GraphSAGE,124,11,0.05,random,15,0.021361947059631348
GraphSAGE,124,11,0.05,random,16,0.012229382991790771
GraphSAGE,124,11,0.05,random,17,0.007099926471710205
GraphSAGE,124,11,0.05,random,18,0.010848402976989746
GraphSAGE,124,11,0.05,random,19,0.013192236423492432
GraphSAGE,124,11,0.1,gnnexplainer,-1,0.04561680555343628
GraphSAGE,124,11,0.1,random,0,0.018780052661895752
GraphSAGE,124,11,0.1,random,1,0.01871359348297119
GraphSAGE,124,11,0.1,random,2,0.026611030101776123
GraphSAGE,124,11,0.1,random,3,0.019456684589385986
GraphSAGE,124,11,0.1,random,4,0.014437854290008545
GraphSAGE,124,11,0.1,random,5,0.019241631031036377
GraphSAGE,124,11,0.1,random,6,0.027737736701965332
GraphSAGE,124,11,0.1,random,7,0.016373097896575928
GraphSAGE,124,11,0.1,random,8,0.019717276096343994
GraphSAGE,124,11,0.1,random,9,0.020614802837371826
GraphSAGE,124,11,0.1,random,10,0.00807565450668335
GraphSAGE,124,11,0.1,random,11,0.027102530002593994
GraphSAGE,124,11,0.1,random,12,0.016474902629852295
GraphSAGE,124,11,0.1,random,13,0.012012660503387451
GraphSAGE,124,11,0.1,random,14,0.027300357818603516
GraphSAGE,124,11,0.1,random,15,0.01548612117767334
GraphSAGE,124,11,0.1,random,16,0.018433690071105957
GraphSAGE,124,11,0.1,random,17,0.024190127849578857
GraphSAGE,124,11,0.1,random,18,0.017353951930999756
GraphSAGE,124,11,0.1,random,19,0.012768447399139404
GraphSAGE,124,11,0.2,gnnexplainer,-1,0.06208068132400513
GraphSAGE,124,11,0.2,random,0,0.031030595302581787
GraphSAGE,124,11,0.2,random,1,0.04640597105026245
GraphSAGE,124,11,0.2,random,2,0.03851115703582764
GraphSAGE,124,11,0.2,random,3,0.028032898902893066
GraphSAGE,124,11,0.2,random,4,0.02684241533279419
GraphSAGE,124,11,0.2,random,5,0.03677636384963989
GraphSAGE,124,11,0.2,random,6,0.044246792793273926
GraphSAGE,124,11,0.2,random,7,0.025827348232269287
GraphSAGE,124,11,0.2,random,8,0.027694761753082275
GraphSAGE,124,11,0.2,random,9,0.022303223609924316
GraphSAGE,124,11,0.2,random,10,0.03510850667953491
GraphSAGE,124,11,0.2,random,11,0.02878504991531372
GraphSAGE,124,11,0.2,random,12,0.04635423421859741
GraphSAGE,124,11,0.2,random,13,0.03640550374984741
GraphSAGE,124,11,0.2,random,14,0.01763993501663208
GraphSAGE,124,11,0.2,random,15,0.04892396926879883
GraphSAGE,124,11,0.2,random,16,0.03710275888442993
GraphSAGE,124,11,0.2,random,17,0.04188430309295654
GraphSAGE,124,11,0.2,random,18,0.02910715341567993
GraphSAGE,124,11,0.2,random,19,0.03392428159713745
GraphSAGE,124,23,0.05,gnnexplainer,-1,0.0319482684135437
GraphSAGE,124,23,0.05,random,0,0.013881087303161621
GraphSAGE,124,23,0.05,random,1,0.00686192512512207
GraphSAGE,124,23,0.05,random,2,0.013078272342681885
GraphSAGE,124,23,0.05,random,3,0.022430002689361572
GraphSAGE,124,23,0.05,random,4,0.010822713375091553
GraphSAGE,124,23,0.05,random,5,0.005542933940887451
GraphSAGE,124,23,0.05,random,6,0.010151267051696777
GraphSAGE,124,23,0.05,random,7,0.011728465557098389
GraphSAGE,124,23,0.05,random,8,0.004921019077301025
GraphSAGE,124,23,0.05,random,9,0.006299316883087158
GraphSAGE,124,23,0.05,random,10,0.0004974007606506348
GraphSAGE,124,23,0.05,random,11,0.013331592082977295
GraphSAGE,124,23,0.05,random,12,0.013646364212036133
GraphSAGE,124,23,0.05,random,13,0.016597092151641846
GraphSAGE,124,23,0.05,random,14,0.00945192575454712
GraphSAGE,124,23,0.05,random,15,0.008459746837615967
GraphSAGE,124,23,0.05,random,16,0.015936076641082764
GraphSAGE,124,23,0.05,random,17,0.0070397257804870605
GraphSAGE,124,23,0.05,random,18,0.005878865718841553
GraphSAGE,124,23,0.05,random,19,0.011263489723205566
GraphSAGE,124,23,0.1,gnnexplainer,-1,0.04633009433746338
GraphSAGE,124,23,0.1,random,0,0.02374446392059326
GraphSAGE,124,23,0.1,random,1,0.007362961769104004
GraphSAGE,124,23,0.1,random,2,0.013054072856903076
GraphSAGE,124,23,0.1,random,3,0.01482003927230835
GraphSAGE,124,23,0.1,random,4,0.015268087387084961
GraphSAGE,124,23,0.1,random,5,0.011568069458007812
GraphSAGE,124,23,0.1,random,6,0.019468605518341064
GraphSAGE,124,23,0.1,random,7,0.008020401000976562
GraphSAGE,124,23,0.1,random,8,0.010652661323547363
GraphSAGE,124,23,0.1,random,9,0.008439838886260986
GraphSAGE,124,23,0.1,random,10,0.012025833129882812
GraphSAGE,124,23,0.1,random,11,0.01219397783279419
GraphSAGE,124,23,0.1,random,12,0.01760721206665039
GraphSAGE,124,23,0.1,random,13,0.012764155864715576
GraphSAGE,124,23,0.1,random,14,0.0244559645652771
GraphSAGE,124,23,0.1,random,15,0.010965883731842041
GraphSAGE,124,23,0.1,random,16,0.0147017240524292
GraphSAGE,124,23,0.1,random,17,0.020267367362976074
GraphSAGE,124,23,0.1,random,18,0.01832127571105957
GraphSAGE,124,23,0.1,random,19,0.021718919277191162
GraphSAGE,124,23,0.2,gnnexplainer,-1,0.06269782781600952
GraphSAGE,124,23,0.2,random,0,0.039346396923065186
GraphSAGE,124,23,0.2,random,1,0.04064363241195679
GraphSAGE,124,23,0.2,random,2,0.03520292043685913
GraphSAGE,124,23,0.2,random,3,0.040939271450042725
GraphSAGE,124,23,0.2,random,4,0.028402745723724365
GraphSAGE,124,23,0.2,random,5,0.033515334129333496
GraphSAGE,124,23,0.2,random,6,0.033859193325042725
GraphSAGE,124,23,0.2,random,7,0.019878804683685303
GraphSAGE,124,23,0.2,random,8,0.04164475202560425
GraphSAGE,124,23,0.2,random,9,0.04293090105056763
GraphSAGE,124,23,0.2,random,10,0.02197408676147461
GraphSAGE,124,23,0.2,random,11,0.02769613265991211
GraphSAGE,124,23,0.2,random,12,0.04338032007217407
GraphSAGE,124,23,0.2,random,13,0.04590362310409546
GraphSAGE,124,23,0.2,random,14,0.03613811731338501
GraphSAGE,124,23,0.2,random,15,0.021075546741485596
GraphSAGE,124,23,0.2,random,16,0.033523380756378174
GraphSAGE,124,23,0.2,random,17,0.03776758909225464
GraphSAGE,124,23,0.2,random,18,0.03420835733413696
GraphSAGE,124,23,0.2,random,19,0.0393596887588501
GraphSAGE,124,37,0.05,gnnexplainer,-1,0.038443922996520996
GraphSAGE,124,37,0.05,random,0,0.02092975378036499
GraphSAGE,124,37,0.05,random,1,0.01671081781387329
GraphSAGE,124,37,0.05,random,2,0.0049926042556762695
GraphSAGE,124,37,0.05,random,3,0.010577201843261719
GraphSAGE,124,37,0.05,random,4,0.010162532329559326
GraphSAGE,124,37,0.05,random,5,0.016201317310333252
GraphSAGE,124,37,0.05,random,6,0.006108522415161133
GraphSAGE,124,37,0.05,random,7,0.00969761610031128
GraphSAGE,124,37,0.05,random,8,0.01888066530227661
GraphSAGE,124,37,0.05,random,9,0.006197333335876465
GraphSAGE,124,37,0.05,random,10,0.005454897880554199
GraphSAGE,124,37,0.05,random,11,0.012453198432922363
GraphSAGE,124,37,0.05,random,12,0.0029439926147460938
GraphSAGE,124,37,0.05,random,13,0.001787722110748291
GraphSAGE,124,37,0.05,random,14,0.008510053157806396
GraphSAGE,124,37,0.05,random,15,0.007561981678009033
GraphSAGE,124,37,0.05,random,16,0.0070757269859313965
GraphSAGE,124,37,0.05,random,17,0.008790791034698486
GraphSAGE,124,37,0.05,random,18,0.009700655937194824
GraphSAGE,124,37,0.05,random,19,0.01069110631942749
GraphSAGE,124,37,0.1,gnnexplainer,-1,0.054687440395355225
GraphSAGE,124,37,0.1,random,0,0.012812793254852295
GraphSAGE,124,37,0.1,random,1,0.01862013339996338
GraphSAGE,124,37,0.1,random,2,0.008601546287536621
GraphSAGE,124,37,0.1,random,3,0.030281245708465576
GraphSAGE,124,37,0.1,random,4,0.017529845237731934
GraphSAGE,124,37,0.1,random,5,0.02224135398864746
GraphSAGE,124,37,0.1,random,6,0.011412322521209717
GraphSAGE,124,37,0.1,random,7,0.023753225803375244
GraphSAGE,124,37,0.1,random,8,0.008273661136627197
GraphSAGE,124,37,0.1,random,9,0.020354807376861572
GraphSAGE,124,37,0.1,random,10,0.02790600061416626
GraphSAGE,124,37,0.1,random,11,0.011188924312591553
GraphSAGE,124,37,0.1,random,12,0.02816241979598999
GraphSAGE,124,37,0.1,random,13,0.006397902965545654
GraphSAGE,124,37,0.1,random,14,0.02839791774749756
GraphSAGE,124,37,0.1,random,15,0.020446419715881348
GraphSAGE,124,37,0.1,random,16,0.02321106195449829
GraphSAGE,124,37,0.1,random,17,0.02206319570541382
GraphSAGE,124,37,0.1,random,18,0.020122647285461426
GraphSAGE,124,37,0.1,random,19,0.016883671283721924
GraphSAGE,124,37,0.2,gnnexplainer,-1,0.06960529088973999
GraphSAGE,124,37,0.2,random,0,0.03936094045639038
GraphSAGE,124,37,0.2,random,1,0.035751402378082275
GraphSAGE,124,37,0.2,random,2,0.03487139940261841
GraphSAGE,124,37,0.2,random,3,0.027554214000701904
GraphSAGE,124,37,0.2,random,4,0.025298655033111572
GraphSAGE,124,37,0.2,random,5,0.028809010982513428
GraphSAGE,124,37,0.2,random,6,0.03956615924835205
GraphSAGE,124,37,0.2,random,7,0.04410058259963989
GraphSAGE,124,37,0.2,random,8,0.038963258266448975
GraphSAGE,124,37,0.2,random,9,0.0523531436920166
GraphSAGE,124,37,0.2,random,10,0.04318112134933472
GraphSAGE,124,37,0.2,random,11,0.02542513608932495
GraphSAGE,124,37,0.2,random,12,0.03316318988800049
GraphSAGE,124,37,0.2,random,13,0.03628122806549072
GraphSAGE,124,37,0.2,random,14,0.0394858717918396
GraphSAGE,124,37,0.2,random,15,0.04316335916519165
GraphSAGE,124,37,0.2,random,16,0.025645852088928223
GraphSAGE,124,37,0.2,random,17,0.030833423137664795
GraphSAGE,124,37,0.2,random,18,0.023824334144592285
GraphSAGE,124,37,0.2,random,19,0.027970969676971436
GraphSAGE,132,11,0.05,gnnexplainer,-1,0.03791499137878418
GraphSAGE,132,11,0.05,random,0,0.024866983294487
GraphSAGE,132,11,0.05,random,1,-0.02208244800567627
GraphSAGE,132,11,0.05,random,2,-0.0039950162172317505
GraphSAGE,132,11,0.05,random,3,0.021531686186790466
GraphSAGE,132,11,0.05,random,4,0.023917511105537415
GraphSAGE,132,11,0.05,random,5,0.015929102897644043
GraphSAGE,132,11,0.05,random,6,0.003465414047241211
GraphSAGE,132,11,0.05,random,7,0.021290674805641174
GraphSAGE,132,11,0.05,random,8,0.010521695017814636
GraphSAGE,132,11,0.05,random,9,0.005737140774726868
GraphSAGE,132,11,0.05,random,10,0.014116480946540833
GraphSAGE,132,11,0.05,random,11,0.012915953993797302
GraphSAGE,132,11,0.05,random,12,0.002895638346672058
GraphSAGE,132,11,0.05,random,13,0.0028733015060424805
GraphSAGE,132,11,0.05,random,14,0.010304868221282959
GraphSAGE,132,11,0.05,random,15,0.0030419081449508667
GraphSAGE,132,11,0.05,random,16,0.01855321228504181
GraphSAGE,132,11,0.05,random,17,0.02393871545791626
GraphSAGE,132,11,0.05,random,18,0.020865976810455322
GraphSAGE,132,11,0.05,random,19,0.03407026827335358
GraphSAGE,132,11,0.1,gnnexplainer,-1,0.07352733612060547
GraphSAGE,132,11,0.1,random,0,-0.004341483116149902
GraphSAGE,132,11,0.1,random,1,-0.0004409998655319214
GraphSAGE,132,11,0.1,random,2,0.002199530601501465
GraphSAGE,132,11,0.1,random,3,0.023538365960121155
GraphSAGE,132,11,0.1,random,4,0.028057754039764404
GraphSAGE,132,11,0.1,random,5,0.0026583224534988403
GraphSAGE,132,11,0.1,random,6,0.03618299961090088
GraphSAGE,132,11,0.1,random,7,0.03434830904006958
GraphSAGE,132,11,0.1,random,8,0.011960148811340332
GraphSAGE,132,11,0.1,random,9,0.02081151306629181
GraphSAGE,132,11,0.1,random,10,0.046138495206832886
GraphSAGE,132,11,0.1,random,11,0.04237496852874756
GraphSAGE,132,11,0.1,random,12,0.011818364262580872
GraphSAGE,132,11,0.1,random,13,0.021362289786338806
GraphSAGE,132,11,0.1,random,14,0.03709888458251953
GraphSAGE,132,11,0.1,random,15,0.004571184515953064
GraphSAGE,132,11,0.1,random,16,0.028879761695861816
GraphSAGE,132,11,0.1,random,17,0.025589704513549805
GraphSAGE,132,11,0.1,random,18,0.016523882746696472
GraphSAGE,132,11,0.1,random,19,0.03419406712055206
GraphSAGE,132,11,0.2,gnnexplainer,-1,0.11398589611053467
GraphSAGE,132,11,0.2,random,0,0.049284547567367554
GraphSAGE,132,11,0.2,random,1,0.04813149571418762
GraphSAGE,132,11,0.2,random,2,0.030154868960380554
GraphSAGE,132,11,0.2,random,3,0.06342867016792297
GraphSAGE,132,11,0.2,random,4,0.06299769878387451
GraphSAGE,132,11,0.2,random,5,0.05212703347206116
GraphSAGE,132,11,0.2,random,6,0.02061985433101654
GraphSAGE,132,11,0.2,random,7,0.04802200198173523
GraphSAGE,132,11,0.2,random,8,0.029598593711853027
GraphSAGE,132,11,0.2,random,9,0.025848284363746643
GraphSAGE,132,11,0.2,random,10,0.038891345262527466
GraphSAGE,132,11,0.2,random,11,0.0375727117061615
GraphSAGE,132,11,0.2,random,12,0.005107089877128601
GraphSAGE,132,11,0.2,random,13,0.04679977893829346
GraphSAGE,132,11,0.2,random,14,0.0017569810152053833
GraphSAGE,132,11,0.2,random,15,0.053477734327316284
GraphSAGE,132,11,0.2,random,16,0.028047800064086914
GraphSAGE,132,11,0.2,random,17,0.0365736186504364
GraphSAGE,132,11,0.2,random,18,0.07194140553474426
GraphSAGE,132,11,0.2,random,19,0.05958890914916992
GraphSAGE,132,23,0.05,gnnexplainer,-1,0.041223764419555664
GraphSAGE,132,23,0.05,random,0,0.014970049262046814
GraphSAGE,132,23,0.05,random,1,0.012337371706962585
GraphSAGE,132,23,0.05,random,2,-0.006375208497047424
GraphSAGE,132,23,0.05,random,3,0.01014089584350586
GraphSAGE,132,23,0.05,random,4,0.020432934165000916
GraphSAGE,132,23,0.05,random,5,0.006931960582733154
GraphSAGE,132,23,0.05,random,6,0.013580158352851868
GraphSAGE,132,23,0.05,random,7,0.001514717936515808
GraphSAGE,132,23,0.05,random,8,0.008425787091255188
GraphSAGE,132,23,0.05,random,9,0.024683192372322083
GraphSAGE,132,23,0.05,random,10,0.00876055657863617
GraphSAGE,132,23,0.05,random,11,0.012083888053894043
GraphSAGE,132,23,0.05,random,12,0.013612702488899231
GraphSAGE,132,23,0.05,random,13,0.01485450565814972
GraphSAGE,132,23,0.05,random,14,-0.0003910660743713379
GraphSAGE,132,23,0.05,random,15,0.01730060577392578
GraphSAGE,132,23,0.05,random,16,0.01136462390422821
GraphSAGE,132,23,0.05,random,17,0.015904530882835388
GraphSAGE,132,23,0.05,random,18,0.015399858355522156
GraphSAGE,132,23,0.05,random,19,0.010316714644432068
GraphSAGE,132,23,0.1,gnnexplainer,-1,0.07490476965904236
GraphSAGE,132,23,0.1,random,0,0.03505440056324005
GraphSAGE,132,23,0.1,random,1,0.04607775807380676
GraphSAGE,132,23,0.1,random,2,0.02560591697692871
GraphSAGE,132,23,0.1,random,3,0.026430800557136536
GraphSAGE,132,23,0.1,random,4,0.024143382906913757
GraphSAGE,132,23,0.1,random,5,0.023042619228363037
GraphSAGE,132,23,0.1,random,6,0.02168162167072296
GraphSAGE,132,23,0.1,random,7,0.028630658984184265
GraphSAGE,132,23,0.1,random,8,0.025992825627326965
GraphSAGE,132,23,0.1,random,9,0.02483576536178589
GraphSAGE,132,23,0.1,random,10,0.035137057304382324
GraphSAGE,132,23,0.1,random,11,0.04097256064414978
GraphSAGE,132,23,0.1,random,12,0.010781094431877136
GraphSAGE,132,23,0.1,random,13,0.003938555717468262
GraphSAGE,132,23,0.1,random,14,0.03751873970031738
GraphSAGE,132,23,0.1,random,15,0.01732112467288971
GraphSAGE,132,23,0.1,random,16,0.03596751391887665
GraphSAGE,132,23,0.1,random,17,0.024717256426811218
GraphSAGE,132,23,0.1,random,18,0.01636350154876709
GraphSAGE,132,23,0.1,random,19,0.044393301010131836
GraphSAGE,132,23,0.2,gnnexplainer,-1,0.12000313401222229
GraphSAGE,132,23,0.2,random,0,0.036426693201065063
GraphSAGE,132,23,0.2,random,1,0.035549163818359375
GraphSAGE,132,23,0.2,random,2,0.06016388535499573
GraphSAGE,132,23,0.2,random,3,0.040223509073257446
GraphSAGE,132,23,0.2,random,4,0.03685846924781799
GraphSAGE,132,23,0.2,random,5,0.047703951597213745
GraphSAGE,132,23,0.2,random,6,0.026829779148101807
GraphSAGE,132,23,0.2,random,7,0.056275248527526855
GraphSAGE,132,23,0.2,random,8,0.03368718922138214
GraphSAGE,132,23,0.2,random,9,0.04868316650390625
GraphSAGE,132,23,0.2,random,10,0.024324536323547363
GraphSAGE,132,23,0.2,random,11,0.058852821588516235
GraphSAGE,132,23,0.2,random,12,0.037729889154434204
GraphSAGE,132,23,0.2,random,13,0.04198175668716431
GraphSAGE,132,23,0.2,random,14,0.026444777846336365
GraphSAGE,132,23,0.2,random,15,0.02730424702167511
GraphSAGE,132,23,0.2,random,16,0.039318233728408813
GraphSAGE,132,23,0.2,random,17,0.07369303703308105
GraphSAGE,132,23,0.2,random,18,0.055145978927612305
GraphSAGE,132,23,0.2,random,19,0.04829016327857971
GraphSAGE,132,37,0.05,gnnexplainer,-1,0.04324004054069519
GraphSAGE,132,37,0.05,random,0,0.008605241775512695
GraphSAGE,132,37,0.05,random,1,0.020611688494682312
GraphSAGE,132,37,0.05,random,2,0.0061168670654296875
GraphSAGE,132,37,0.05,random,3,0.02146570384502411
GraphSAGE,132,37,0.05,random,4,0.0019093751907348633
GraphSAGE,132,37,0.05,random,5,0.009641289710998535
GraphSAGE,132,37,0.05,random,6,0.013986155390739441
GraphSAGE,132,37,0.05,random,7,0.0039051175117492676
GraphSAGE,132,37,0.05,random,8,0.009269163012504578
GraphSAGE,132,37,0.05,random,9,0.012824460864067078
GraphSAGE,132,37,0.05,random,10,0.02100127935409546
GraphSAGE,132,37,0.05,random,11,-0.0027299076318740845
GraphSAGE,132,37,0.05,random,12,0.008404791355133057
GraphSAGE,132,37,0.05,random,13,0.024330615997314453
GraphSAGE,132,37,0.05,random,14,0.011337056756019592
GraphSAGE,132,37,0.05,random,15,0.016240999102592468
GraphSAGE,132,37,0.05,random,16,0.006508365273475647
GraphSAGE,132,37,0.05,random,17,0.024189159274101257
GraphSAGE,132,37,0.05,random,18,0.01552969217300415
GraphSAGE,132,37,0.05,random,19,0.01546943187713623
GraphSAGE,132,37,0.1,gnnexplainer,-1,0.07647934556007385
GraphSAGE,132,37,0.1,random,0,0.021866247057914734
GraphSAGE,132,37,0.1,random,1,0.01734219491481781
GraphSAGE,132,37,0.1,random,2,0.0179130882024765
GraphSAGE,132,37,0.1,random,3,0.03356535732746124
GraphSAGE,132,37,0.1,random,4,0.02465832233428955
GraphSAGE,132,37,0.1,random,5,0.026873543858528137
GraphSAGE,132,37,0.1,random,6,0.036045074462890625
GraphSAGE,132,37,0.1,random,7,0.01730351150035858
GraphSAGE,132,37,0.1,random,8,0.0551128089427948
GraphSAGE,132,37,0.1,random,9,0.011665940284729004
GraphSAGE,132,37,0.1,random,10,0.03641888499259949
GraphSAGE,132,37,0.1,random,11,0.026919081807136536
GraphSAGE,132,37,0.1,random,12,0.01545262336730957
GraphSAGE,132,37,0.1,random,13,0.017414256930351257
GraphSAGE,132,37,0.1,random,14,0.02364082634449005
GraphSAGE,132,37,0.1,random,15,0.03064553439617157
GraphSAGE,132,37,0.1,random,16,0.0046575069427490234
GraphSAGE,132,37,0.1,random,17,0.04184424877166748
GraphSAGE,132,37,0.1,random,18,0.010033011436462402
GraphSAGE,132,37,0.1,random,19,0.03743499517440796
GraphSAGE,132,37,0.2,gnnexplainer,-1,0.11748164892196655
GraphSAGE,132,37,0.2,random,0,0.06180545687675476
GraphSAGE,132,37,0.2,random,1,0.04683229327201843
GraphSAGE,132,37,0.2,random,2,0.03138911724090576
GraphSAGE,132,37,0.2,random,3,0.0812082588672638
GraphSAGE,132,37,0.2,random,4,0.02552001178264618
GraphSAGE,132,37,0.2,random,5,0.02835400402545929
GraphSAGE,132,37,0.2,random,6,0.07654711604118347
GraphSAGE,132,37,0.2,random,7,0.030353590846061707
GraphSAGE,132,37,0.2,random,8,0.02436971664428711
GraphSAGE,132,37,0.2,random,9,0.030001163482666016
GraphSAGE,132,37,0.2,random,10,0.02121710777282715
GraphSAGE,132,37,0.2,random,11,0.037137746810913086
GraphSAGE,132,37,0.2,random,12,0.023500442504882812
GraphSAGE,132,37,0.2,random,13,0.05722305178642273
GraphSAGE,132,37,0.2,random,14,0.04909750819206238
GraphSAGE,132,37,0.2,random,15,0.02048914134502411
GraphSAGE,132,37,0.2,random,16,0.040553897619247437
GraphSAGE,132,37,0.2,random,17,0.039698272943496704
GraphSAGE,132,37,0.2,random,18,0.04753446578979492
GraphSAGE,132,37,0.2,random,19,0.06738254427909851
GraphSAGE,144,11,0.05,gnnexplainer,-1,0.010829448699951172
GraphSAGE,144,11,0.05,random,0,0.006044924259185791
GraphSAGE,144,11,0.05,random,1,0.006884336471557617
GraphSAGE,144,11,0.05,random,2,0.004943490028381348
GraphSAGE,144,11,0.05,random,3,0.002100706100463867
GraphSAGE,144,11,0.05,random,4,0.005175948143005371
GraphSAGE,144,11,0.05,random,5,0.004366278648376465
GraphSAGE,144,11,0.05,random,6,0.0035077333450317383
GraphSAGE,144,11,0.05,random,7,0.0033218860626220703
GraphSAGE,144,11,0.05,random,8,0.0024817585945129395
GraphSAGE,144,11,0.05,random,9,0.0018725991249084473
GraphSAGE,144,11,0.05,random,10,0.0026924610137939453
GraphSAGE,144,11,0.05,random,11,0.008123278617858887
GraphSAGE,144,11,0.05,random,12,0.008817791938781738
GraphSAGE,144,11,0.05,random,13,0.0054305195808410645
GraphSAGE,144,11,0.05,random,14,0.00563502311706543
GraphSAGE,144,11,0.05,random,15,0.0032515525817871094
GraphSAGE,144,11,0.05,random,16,0.00571829080581665
GraphSAGE,144,11,0.05,random,17,0.003572702407836914
GraphSAGE,144,11,0.05,random,18,0.006821155548095703
GraphSAGE,144,11,0.05,random,19,0.003404974937438965
GraphSAGE,144,11,0.1,gnnexplainer,-1,0.03131222724914551
GraphSAGE,144,11,0.1,random,0,0.0065765380859375
GraphSAGE,144,11,0.1,random,1,0.000904381275177002
GraphSAGE,144,11,0.1,random,2,0.005387067794799805
GraphSAGE,144,11,0.1,random,3,0.011800765991210938
GraphSAGE,144,11,0.1,random,4,0.012219905853271484
GraphSAGE,144,11,0.1,random,5,0.009413361549377441
GraphSAGE,144,11,0.1,random,6,0.008249998092651367
GraphSAGE,144,11,0.1,random,7,0.003551959991455078
GraphSAGE,144,11,0.1,random,8,0.010906696319580078
GraphSAGE,144,11,0.1,random,9,0.01040506362915039
GraphSAGE,144,11,0.1,random,10,0.016744017601013184
GraphSAGE,144,11,0.1,random,11,0.0064656734466552734
GraphSAGE,144,11,0.1,random,12,0.003600895404815674
GraphSAGE,144,11,0.1,random,13,0.019277095794677734
GraphSAGE,144,11,0.1,random,14,0.010007202625274658
GraphSAGE,144,11,0.1,random,15,0.015157997608184814
GraphSAGE,144,11,0.1,random,16,0.007046699523925781
GraphSAGE,144,11,0.1,random,17,0.007532656192779541
GraphSAGE,144,11,0.1,random,18,0.012249469757080078
GraphSAGE,144,11,0.1,random,19,0.009269475936889648
GraphSAGE,144,11,0.2,gnnexplainer,-1,0.10341346263885498
GraphSAGE,144,11,0.2,random,0,0.031703829765319824
GraphSAGE,144,11,0.2,random,1,0.019602060317993164
GraphSAGE,144,11,0.2,random,2,0.021836519241333008
GraphSAGE,144,11,0.2,random,3,0.017830848693847656
GraphSAGE,144,11,0.2,random,4,0.022490501403808594
GraphSAGE,144,11,0.2,random,5,0.022325634956359863
GraphSAGE,144,11,0.2,random,6,0.03426766395568848
GraphSAGE,144,11,0.2,random,7,0.047145843505859375
GraphSAGE,144,11,0.2,random,8,0.009085536003112793
GraphSAGE,144,11,0.2,random,9,0.024268686771392822
GraphSAGE,144,11,0.2,random,10,0.020657360553741455
GraphSAGE,144,11,0.2,random,11,0.03314638137817383
GraphSAGE,144,11,0.2,random,12,0.021541178226470947
GraphSAGE,144,11,0.2,random,13,0.04148530960083008
GraphSAGE,144,11,0.2,random,14,0.01643657684326172
GraphSAGE,144,11,0.2,random,15,0.030142784118652344
GraphSAGE,144,11,0.2,random,16,0.02896958589553833
GraphSAGE,144,11,0.2,random,17,0.023717164993286133
GraphSAGE,144,11,0.2,random,18,0.025779783725738525
GraphSAGE,144,11,0.2,random,19,0.016694188117980957
GraphSAGE,144,23,0.05,gnnexplainer,-1,0.011471033096313477
GraphSAGE,144,23,0.05,random,0,0.005143880844116211
GraphSAGE,144,23,0.05,random,1,0.0032889842987060547
GraphSAGE,144,23,0.05,random,2,0.005357861518859863
GraphSAGE,144,23,0.05,random,3,0.00283890962600708
GraphSAGE,144,23,0.05,random,4,0.00519561767578125
GraphSAGE,144,23,0.05,random,5,0.004658758640289307
GraphSAGE,144,23,0.05,random,6,0.006799280643463135
GraphSAGE,144,23,0.05,random,7,0.005395650863647461
GraphSAGE,144,23,0.05,random,8,0.004242241382598877
GraphSAGE,144,23,0.05,random,9,0.0036039352416992188
GraphSAGE,144,23,0.05,random,10,0.008531391620635986
GraphSAGE,144,23,0.05,random,11,0.00559622049331665
GraphSAGE,144,23,0.05,random,12,0.004439949989318848
GraphSAGE,144,23,0.05,random,13,0.004469037055969238
GraphSAGE,144,23,0.05,random,14,0.001179337501525879
GraphSAGE,144,23,0.05,random,15,0.00920248031616211
GraphSAGE,144,23,0.05,random,16,0.006128907203674316
GraphSAGE,144,23,0.05,random,17,0.0008261203765869141
GraphSAGE,144,23,0.05,random,18,0.006006836891174316
GraphSAGE,144,23,0.05,random,19,0.004026949405670166
GraphSAGE,144,23,0.1,gnnexplainer,-1,0.03322625160217285
GraphSAGE,144,23,0.1,random,0,0.01145392656326294
GraphSAGE,144,23,0.1,random,1,0.006282329559326172
GraphSAGE,144,23,0.1,random,2,0.02018529176712036
GraphSAGE,144,23,0.1,random,3,0.014234542846679688
GraphSAGE,144,23,0.1,random,4,0.013498127460479736
GraphSAGE,144,23,0.1,random,5,0.00972902774810791
GraphSAGE,144,23,0.1,random,6,0.020583510398864746
GraphSAGE,144,23,0.1,random,7,0.011255860328674316
GraphSAGE,144,23,0.1,random,8,0.007415771484375
GraphSAGE,144,23,0.1,random,9,0.01460564136505127
GraphSAGE,144,23,0.1,random,10,0.011616051197052002
GraphSAGE,144,23,0.1,random,11,0.007906913757324219
GraphSAGE,144,23,0.1,random,12,0.012793362140655518
GraphSAGE,144,23,0.1,random,13,0.010821819305419922
GraphSAGE,144,23,0.1,random,14,0.011925697326660156
GraphSAGE,144,23,0.1,random,15,0.007528126239776611
GraphSAGE,144,23,0.1,random,16,0.0054242610931396484
GraphSAGE,144,23,0.1,random,17,0.016115784645080566
GraphSAGE,144,23,0.1,random,18,0.010017216205596924
GraphSAGE,144,23,0.1,random,19,0.013071417808532715
GraphSAGE,144,23,0.2,gnnexplainer,-1,0.1012004017829895
GraphSAGE,144,23,0.2,random,0,0.03589332103729248
GraphSAGE,144,23,0.2,random,1,0.013572335243225098
GraphSAGE,144,23,0.2,random,2,0.029150545597076416
GraphSAGE,144,23,0.2,random,3,0.022387027740478516
GraphSAGE,144,23,0.2,random,4,0.018813490867614746
GraphSAGE,144,23,0.2,random,5,0.020263969898223877
GraphSAGE,144,23,0.2,random,6,0.029507935047149658
GraphSAGE,144,23,0.2,random,7,0.031291306018829346
GraphSAGE,144,23,0.2,random,8,0.022240400314331055
GraphSAGE,144,23,0.2,random,9,0.046251118183135986
GraphSAGE,144,23,0.2,random,10,0.018171072006225586
GraphSAGE,144,23,0.2,random,11,0.01405411958694458
GraphSAGE,144,23,0.2,random,12,0.016862928867340088
GraphSAGE,144,23,0.2,random,13,0.027957916259765625
GraphSAGE,144,23,0.2,random,14,0.02146703004837036
GraphSAGE,144,23,0.2,random,15,0.03756934404373169
GraphSAGE,144,23,0.2,random,16,0.03501635789871216
GraphSAGE,144,23,0.2,random,17,0.020100831985473633
GraphSAGE,144,23,0.2,random,18,0.021682560443878174
GraphSAGE,144,23,0.2,random,19,0.030655205249786377
GraphSAGE,144,37,0.05,gnnexplainer,-1,0.010415196418762207
GraphSAGE,144,37,0.05,random,0,0.0025407075881958008
GraphSAGE,144,37,0.05,random,1,0.005157291889190674
GraphSAGE,144,37,0.05,random,2,0.001808762550354004
GraphSAGE,144,37,0.05,random,3,0.004233598709106445
GraphSAGE,144,37,0.05,random,4,0.004755616188049316
GraphSAGE,144,37,0.05,random,5,0.0033670663833618164
GraphSAGE,144,37,0.05,random,6,0.005238175392150879
GraphSAGE,144,37,0.05,random,7,0.0017627477645874023
GraphSAGE,144,37,0.05,random,8,0.00454401969909668
GraphSAGE,144,37,0.05,random,9,0.002184271812438965
GraphSAGE,144,37,0.05,random,10,0.001587986946105957
GraphSAGE,144,37,0.05,random,11,0.006238758563995361
GraphSAGE,144,37,0.05,random,12,0.0054381489753723145
GraphSAGE,144,37,0.05,random,13,0.006079673767089844
GraphSAGE,144,37,0.05,random,14,0.004249215126037598
GraphSAGE,144,37,0.05,random,15,0.0026708245277404785
GraphSAGE,144,37,0.05,random,16,0.006862521171569824
GraphSAGE,144,37,0.05,random,17,0.004896640777587891
GraphSAGE,144,37,0.05,random,18,0.005751430988311768
GraphSAGE,144,37,0.05,random,19,0.005813658237457275
GraphSAGE,144,37,0.1,gnnexplainer,-1,0.03237009048461914
GraphSAGE,144,37,0.1,random,0,0.011568903923034668
GraphSAGE,144,37,0.1,random,1,0.010357022285461426
GraphSAGE,144,37,0.1,random,2,0.00678253173828125
GraphSAGE,144,37,0.1,random,3,0.013959646224975586
GraphSAGE,144,37,0.1,random,4,0.011913895606994629
GraphSAGE,144,37,0.1,random,5,0.01159369945526123
GraphSAGE,144,37,0.1,random,6,0.019242584705352783
GraphSAGE,144,37,0.1,random,7,0.010406017303466797
GraphSAGE,144,37,0.1,random,8,0.013178467750549316
GraphSAGE,144,37,0.1,random,9,0.01566755771636963
GraphSAGE,144,37,0.1,random,10,0.011479735374450684
GraphSAGE,144,37,0.1,random,11,0.008531570434570312
GraphSAGE,144,37,0.1,random,12,0.005433559417724609
GraphSAGE,144,37,0.1,random,13,0.010461211204528809
GraphSAGE,144,37,0.1,random,14,0.012177467346191406
GraphSAGE,144,37,0.1,random,15,0.016359150409698486
GraphSAGE,144,37,0.1,random,16,0.01217806339263916
GraphSAGE,144,37,0.1,random,17,0.006665527820587158
GraphSAGE,144,37,0.1,random,18,0.013566374778747559
GraphSAGE,144,37,0.1,random,19,0.02071964740753174
GraphSAGE,144,37,0.2,gnnexplainer,-1,0.10029727220535278
GraphSAGE,144,37,0.2,random,0,0.03090006113052368
GraphSAGE,144,37,0.2,random,1,0.025771737098693848
GraphSAGE,144,37,0.2,random,2,0.021998882293701172
GraphSAGE,144,37,0.2,random,3,0.03696775436401367
GraphSAGE,144,37,0.2,random,4,0.018187105655670166
GraphSAGE,144,37,0.2,random,5,0.02316337823867798
GraphSAGE,144,37,0.2,random,6,0.021040797233581543
GraphSAGE,144,37,0.2,random,7,0.041224002838134766
GraphSAGE,144,37,0.2,random,8,0.044823646545410156
GraphSAGE,144,37,0.2,random,9,0.035721421241760254
GraphSAGE,144,37,0.2,random,10,0.026613235473632812
GraphSAGE,144,37,0.2,random,11,0.03014552593231201
GraphSAGE,144,37,0.2,random,12,0.0573309063911438
GraphSAGE,144,37,0.2,random,13,0.02274918556213379
GraphSAGE,144,37,0.2,random,14,0.035245418548583984
GraphSAGE,144,37,0.2,random,15,0.03257018327713013
GraphSAGE,144,37,0.2,random,16,0.014814019203186035
GraphSAGE,144,37,0.2,random,17,0.02615988254547119
GraphSAGE,144,37,0.2,random,18,0.028378605842590332
GraphSAGE,144,37,0.2,random,19,0.027538537979125977
GraphSAGE,151,11,0.05,gnnexplainer,-1,0.05107659101486206
GraphSAGE,151,11,0.05,random,0,0.015454292297363281
GraphSAGE,151,11,0.05,random,1,0.0007636547088623047
GraphSAGE,151,11,0.05,random,2,0.013745248317718506
GraphSAGE,151,11,0.05,random,3,0.017924010753631592
GraphSAGE,151,11,0.05,random,4,0.006159007549285889
GraphSAGE,151,11,0.05,random,5,-0.008471071720123291
GraphSAGE,151,11,0.05,random,6,0.007885456085205078
GraphSAGE,151,11,0.05,random,7,0.009591460227966309
GraphSAGE,151,11,0.05,random,8,0.0008513331413269043
GraphSAGE,151,11,0.05,random,9,0.008275508880615234
GraphSAGE,151,11,0.05,random,10,0.008976578712463379
GraphSAGE,151,11,0.05,random,11,0.023749232292175293
GraphSAGE,151,11,0.05,random,12,0.008395075798034668
GraphSAGE,151,11,0.05,random,13,0.016501426696777344
GraphSAGE,151,11,0.05,random,14,0.0067192912101745605
GraphSAGE,151,11,0.05,random,15,0.009060382843017578
GraphSAGE,151,11,0.05,random,16,0.007249355316162109
GraphSAGE,151,11,0.05,random,17,-0.007895827293395996
GraphSAGE,151,11,0.05,random,18,0.01834648847579956
GraphSAGE,151,11,0.05,random,19,0.019108295440673828
GraphSAGE,151,11,0.1,gnnexplainer,-1,0.07628476619720459
GraphSAGE,151,11,0.1,random,0,0.008839309215545654
GraphSAGE,151,11,0.1,random,1,0.030009686946868896
GraphSAGE,151,11,0.1,random,2,0.021670401096343994
GraphSAGE,151,11,0.1,random,3,0.01145714521408081
GraphSAGE,151,11,0.1,random,4,0.012900233268737793
GraphSAGE,151,11,0.1,random,5,0.011453986167907715
GraphSAGE,151,11,0.1,random,6,0.029367148876190186
GraphSAGE,151,11,0.1,random,7,0.027464687824249268
GraphSAGE,151,11,0.1,random,8,0.014181315898895264
GraphSAGE,151,11,0.1,random,9,0.02653491497039795
GraphSAGE,151,11,0.1,random,10,0.020930111408233643
GraphSAGE,151,11,0.1,random,11,0.02195042371749878
GraphSAGE,151,11,0.1,random,12,0.01652085781097412
GraphSAGE,151,11,0.1,random,13,0.01509922742843628
GraphSAGE,151,11,0.1,random,14,0.022078752517700195
GraphSAGE,151,11,0.1,random,15,0.018549859523773193
GraphSAGE,151,11,0.1,random,16,0.010250508785247803
GraphSAGE,151,11,0.1,random,17,0.009858787059783936
GraphSAGE,151,11,0.1,random,18,0.025425314903259277
GraphSAGE,151,11,0.1,random,19,0.012758731842041016
GraphSAGE,151,11,0.2,gnnexplainer,-1,0.10702162981033325
GraphSAGE,151,11,0.2,random,0,0.06856346130371094
GraphSAGE,151,11,0.2,random,1,0.0526280403137207
GraphSAGE,151,11,0.2,random,2,0.05676490068435669
GraphSAGE,151,11,0.2,random,3,0.03945034742355347
GraphSAGE,151,11,0.2,random,4,0.044852495193481445
GraphSAGE,151,11,0.2,random,5,0.025283217430114746
GraphSAGE,151,11,0.2,random,6,0.04685169458389282
GraphSAGE,151,11,0.2,random,7,0.03725731372833252
GraphSAGE,151,11,0.2,random,8,0.034464240074157715
GraphSAGE,151,11,0.2,random,9,0.03746902942657471
GraphSAGE,151,11,0.2,random,10,0.045398712158203125
GraphSAGE,151,11,0.2,random,11,0.04961502552032471
GraphSAGE,151,11,0.2,random,12,0.03272557258605957
GraphSAGE,151,11,0.2,random,13,0.061694324016571045
GraphSAGE,151,11,0.2,random,14,0.04617655277252197
GraphSAGE,151,11,0.2,random,15,0.038911283016204834
GraphSAGE,151,11,0.2,random,16,0.04049748182296753
GraphSAGE,151,11,0.2,random,17,0.030271291732788086
GraphSAGE,151,11,0.2,random,18,0.05150860548019409
GraphSAGE,151,11,0.2,random,19,0.017412304878234863
GraphSAGE,151,23,0.05,gnnexplainer,-1,0.05107659101486206
GraphSAGE,151,23,0.05,random,0,0.008649051189422607
GraphSAGE,151,23,0.05,random,1,0.007410228252410889
GraphSAGE,151,23,0.05,random,2,0.008978843688964844
GraphSAGE,151,23,0.05,random,3,0.01681917905807495
GraphSAGE,151,23,0.05,random,4,0.004841029644012451
GraphSAGE,151,23,0.05,random,5,0.0068749189376831055
GraphSAGE,151,23,0.05,random,6,0.010400712490081787
GraphSAGE,151,23,0.05,random,7,0.007729053497314453
GraphSAGE,151,23,0.05,random,8,0.004366159439086914
GraphSAGE,151,23,0.05,random,9,0.006953597068786621
GraphSAGE,151,23,0.05,random,10,0.021020352840423584
GraphSAGE,151,23,0.05,random,11,-0.0027124881744384766
GraphSAGE,151,23,0.05,random,12,0.003389716148376465
GraphSAGE,151,23,0.05,random,13,0.003744840621948242
GraphSAGE,151,23,0.05,random,14,0.004212141036987305
GraphSAGE,151,23,0.05,random,15,0.012757956981658936
GraphSAGE,151,23,0.05,random,16,0.008729815483093262
GraphSAGE,151,23,0.05,random,17,0.007958054542541504
GraphSAGE,151,23,0.05,random,18,0.002210080623626709
GraphSAGE,151,23,0.05,random,19,0.0009493827819824219
GraphSAGE,151,23,0.1,gnnexplainer,-1,0.07876372337341309
GraphSAGE,151,23,0.1,random,0,0.01989048719406128
GraphSAGE,151,23,0.1,random,1,0.020866215229034424
GraphSAGE,151,23,0.1,random,2,0.008136153221130371
GraphSAGE,151,23,0.1,random,3,0.01049506664276123
GraphSAGE,151,23,0.1,random,4,0.015666484832763672
GraphSAGE,151,23,0.1,random,5,0.011230945587158203
GraphSAGE,151,23,0.1,random,6,0.008641362190246582
GraphSAGE,151,23,0.1,random,7,0.006827116012573242
GraphSAGE,151,23,0.1,random,8,0.0217282772064209
GraphSAGE,151,23,0.1,random,9,0.02029651403427124
GraphSAGE,151,23,0.1,random,10,0.02093350887298584
GraphSAGE,151,23,0.1,random,11,0.017707228660583496
GraphSAGE,151,23,0.1,random,12,0.032615065574645996
GraphSAGE,151,23,0.1,random,13,0.011135756969451904
GraphSAGE,151,23,0.1,random,14,0.01267552375793457
GraphSAGE,151,23,0.1,random,15,0.021446585655212402
GraphSAGE,151,23,0.1,random,16,0.026485681533813477
GraphSAGE,151,23,0.1,random,17,0.02200758457183838
GraphSAGE,151,23,0.1,random,18,0.007164359092712402
GraphSAGE,151,23,0.1,random,19,0.02178061008453369
GraphSAGE,151,23,0.2,gnnexplainer,-1,0.10213655233383179
GraphSAGE,151,23,0.2,random,0,0.032494544982910156
GraphSAGE,151,23,0.2,random,1,0.049444377422332764
GraphSAGE,151,23,0.2,random,2,0.04764217138290405
GraphSAGE,151,23,0.2,random,3,0.033975839614868164
GraphSAGE,151,23,0.2,random,4,0.04430532455444336
GraphSAGE,151,23,0.2,random,5,0.04476773738861084
GraphSAGE,151,23,0.2,random,6,0.04554891586303711
GraphSAGE,151,23,0.2,random,7,0.031153082847595215
GraphSAGE,151,23,0.2,random,8,0.0487440824508667
GraphSAGE,151,23,0.2,random,9,0.03269481658935547
GraphSAGE,151,23,0.2,random,10,0.03040081262588501
GraphSAGE,151,23,0.2,random,11,0.024268507957458496
GraphSAGE,151,23,0.2,random,12,0.025542855262756348
GraphSAGE,151,23,0.2,random,13,0.04959297180175781
GraphSAGE,151,23,0.2,random,14,0.035984694957733154
GraphSAGE,151,23,0.2,random,15,0.024303793907165527
GraphSAGE,151,23,0.2,random,16,0.05370110273361206
GraphSAGE,151,23,0.2,random,17,0.03583705425262451
GraphSAGE,151,23,0.2,random,18,0.0583459734916687
GraphSAGE,151,23,0.2,random,19,0.01805400848388672
GraphSAGE,151,37,0.05,gnnexplainer,-1,0.05107659101486206
GraphSAGE,151,37,0.05,random,0,0.016393601894378662
GraphSAGE,151,37,0.05,random,1,0.014327406883239746
GraphSAGE,151,37,0.05,random,2,0.005405306816101074
GraphSAGE,151,37,0.05,random,3,0.0022891759872436523
GraphSAGE,151,37,0.05,random,4,0.008691191673278809
GraphSAGE,151,37,0.05,random,5,0.012658357620239258
GraphSAGE,151,37,0.05,random,6,-0.005713045597076416
GraphSAGE,151,37,0.05,random,7,0.018314480781555176
GraphSAGE,151,37,0.05,random,8,0.010607242584228516
GraphSAGE,151,37,0.05,random,9,0.005029141902923584
GraphSAGE,151,37,0.05,random,10,0.01597118377685547
GraphSAGE,151,37,0.05,random,11,0.009112000465393066
GraphSAGE,151,37,0.05,random,12,0.014873385429382324
GraphSAGE,151,37,0.05,random,13,0.012213349342346191
GraphSAGE,151,37,0.05,random,14,0.015283524990081787
GraphSAGE,151,37,0.05,random,15,0.012700498104095459
GraphSAGE,151,37,0.05,random,16,0.012669742107391357
GraphSAGE,151,37,0.05,random,17,0.012313544750213623
GraphSAGE,151,37,0.05,random,18,0.01187676191329956
GraphSAGE,151,37,0.05,random,19,0.010343492031097412
GraphSAGE,151,37,0.1,gnnexplainer,-1,0.07829904556274414
GraphSAGE,151,37,0.1,random,0,0.02231466770172119
GraphSAGE,151,37,0.1,random,1,0.0208282470703125
GraphSAGE,151,37,0.1,random,2,0.020148873329162598
GraphSAGE,151,37,0.1,random,3,0.025326192378997803
GraphSAGE,151,37,0.1,random,4,0.01579231023788452
GraphSAGE,151,37,0.1,random,5,0.028017878532409668
GraphSAGE,151,37,0.1,random,6,0.01796787977218628
GraphSAGE,151,37,0.1,random,7,0.01704716682434082
GraphSAGE,151,37,0.1,random,8,0.022659897804260254
GraphSAGE,151,37,0.1,random,9,0.02946925163269043
GraphSAGE,151,37,0.1,random,10,-0.0008130073547363281
GraphSAGE,151,37,0.1,random,11,0.03863459825515747
GraphSAGE,151,37,0.1,random,12,0.02034926414489746
GraphSAGE,151,37,0.1,random,13,0.014393508434295654
GraphSAGE,151,37,0.1,random,14,0.02834218740463257
GraphSAGE,151,37,0.1,random,15,0.0035780668258666992
GraphSAGE,151,37,0.1,random,16,0.021956443786621094
GraphSAGE,151,37,0.1,random,17,0.02849280834197998
GraphSAGE,151,37,0.1,random,18,0.025812864303588867
GraphSAGE,151,37,0.1,random,19,0.022126317024230957
GraphSAGE,151,37,0.2,gnnexplainer,-1,0.10159504413604736
GraphSAGE,151,37,0.2,random,0,0.04143112897872925
GraphSAGE,151,37,0.2,random,1,0.04769575595855713
GraphSAGE,151,37,0.2,random,2,0.035579800605773926
GraphSAGE,151,37,0.2,random,3,0.03869903087615967
GraphSAGE,151,37,0.2,random,4,0.04509735107421875
GraphSAGE,151,37,0.2,random,5,0.018572688102722168
GraphSAGE,151,37,0.2,random,6,0.02926814556121826
GraphSAGE,151,37,0.2,random,7,0.025761127471923828
GraphSAGE,151,37,0.2,random,8,0.028494656085968018
GraphSAGE,151,37,0.2,random,9,0.011118888854980469
GraphSAGE,151,37,0.2,random,10,0.032134175300598145
GraphSAGE,151,37,0.2,random,11,0.05544692277908325
GraphSAGE,151,37,0.2,random,12,0.02569401264190674
GraphSAGE,151,37,0.2,random,13,0.04535168409347534
GraphSAGE,151,37,0.2,random,14,0.029551208019256592
GraphSAGE,151,37,0.2,random,15,0.044904232025146484
GraphSAGE,151,37,0.2,random,16,0.06547105312347412
GraphSAGE,151,37,0.2,random,17,0.049639225006103516
GraphSAGE,151,37,0.2,random,18,0.03595316410064697
GraphSAGE,151,37,0.2,random,19,0.03695213794708252
GraphSAGE,156,11,0.05,gnnexplainer,-1,0.0830201506614685
GraphSAGE,156,11,0.05,random,0,0.016684532165527344
GraphSAGE,156,11,0.05,random,1,0.01859229803085327
GraphSAGE,156,11,0.05,random,2,0.007521152496337891
GraphSAGE,156,11,0.05,random,3,0.008468329906463623
GraphSAGE,156,11,0.05,random,4,0.019633948802947998
GraphSAGE,156,11,0.05,random,5,0.0032587051391601562
GraphSAGE,156,11,0.05,random,6,0.028406083583831787
GraphSAGE,156,11,0.05,random,7,0.01917213201522827
GraphSAGE,156,11,0.05,random,8,0.017261028289794922
GraphSAGE,156,11,0.05,random,9,0.005536913871765137
GraphSAGE,156,11,0.05,random,10,0.02596104145050049
GraphSAGE,156,11,0.05,random,11,0.008171558380126953
GraphSAGE,156,11,0.05,random,12,0.02104806900024414
GraphSAGE,156,11,0.05,random,13,0.022144436836242676
GraphSAGE,156,11,0.05,random,14,0.009684264659881592
GraphSAGE,156,11,0.05,random,15,0.028351187705993652
GraphSAGE,156,11,0.05,random,16,0.023693978786468506
GraphSAGE,156,11,0.05,random,17,0.014441967010498047
GraphSAGE,156,11,0.05,random,18,0.004364728927612305
GraphSAGE,156,11,0.05,random,19,0.012231707572937012
GraphSAGE,156,11,0.1,gnnexplainer,-1,0.12407064437866211
GraphSAGE,156,11,0.1,random,0,0.024258852005004883
GraphSAGE,156,11,0.1,random,1,0.01896733045578003
GraphSAGE,156,11,0.1,random,2,0.01602458953857422
GraphSAGE,156,11,0.1,random,3,0.04910695552825928
GraphSAGE,156,11,0.1,random,4,0.011610150337219238
GraphSAGE,156,11,0.1,random,5,0.036515235900878906
GraphSAGE,156,11,0.1,random,6,0.05765080451965332
GraphSAGE,156,11,0.1,random,7,0.032258033752441406
GraphSAGE,156,11,0.1,random,8,0.03538632392883301
GraphSAGE,156,11,0.1,random,9,0.029949069023132324
GraphSAGE,156,11,0.1,random,10,0.05915236473083496
GraphSAGE,156,11,0.1,random,11,0.05312204360961914
GraphSAGE,156,11,0.1,random,12,0.02441716194152832
GraphSAGE,156,11,0.1,random,13,0.020215988159179688
GraphSAGE,156,11,0.1,random,14,0.02356243133544922
GraphSAGE,156,11,0.1,random,15,0.020503222942352295
GraphSAGE,156,11,0.1,random,16,0.008946418762207031
GraphSAGE,156,11,0.1,random,17,0.013521313667297363
GraphSAGE,156,11,0.1,random,18,0.014477908611297607
GraphSAGE,156,11,0.1,random,19,0.04835033416748047
GraphSAGE,156,11,0.2,gnnexplainer,-1,0.18564987182617188
GraphSAGE,156,11,0.2,random,0,0.05430245399475098
GraphSAGE,156,11,0.2,random,1,0.032839953899383545
GraphSAGE,156,11,0.2,random,2,0.06925320625305176
GraphSAGE,156,11,0.2,random,3,0.07441794872283936
GraphSAGE,156,11,0.2,random,4,0.04874598979949951
GraphSAGE,156,11,0.2,random,5,0.04158085584640503
GraphSAGE,156,11,0.2,random,6,0.04756295680999756
GraphSAGE,156,11,0.2,random,7,0.04017901420593262
GraphSAGE,156,11,0.2,random,8,0.043503761291503906
GraphSAGE,156,11,0.2,random,9,0.058980584144592285
GraphSAGE,156,11,0.2,random,10,0.050087690353393555
GraphSAGE,156,11,0.2,random,11,0.04337495565414429
GraphSAGE,156,11,0.2,random,12,0.0346759557723999
GraphSAGE,156,11,0.2,random,13,0.08016812801361084
GraphSAGE,156,11,0.2,random,14,0.05759274959564209
GraphSAGE,156,11,0.2,random,15,0.04732787609100342
GraphSAGE,156,11,0.2,random,16,0.07361102104187012
GraphSAGE,156,11,0.2,random,17,0.04204678535461426
GraphSAGE,156,11,0.2,random,18,0.06903666257858276
GraphSAGE,156,11,0.2,random,19,0.04386568069458008
GraphSAGE,156,23,0.05,gnnexplainer,-1,0.0730288028717041
GraphSAGE,156,23,0.05,random,0,0.022971749305725098
GraphSAGE,156,23,0.05,random,1,0.006662845611572266
GraphSAGE,156,23,0.05,random,2,0.005547940731048584
GraphSAGE,156,23,0.05,random,3,0.008889377117156982
GraphSAGE,156,23,0.05,random,4,0.0166323184967041
GraphSAGE,156,23,0.05,random,5,0.015850722789764404
GraphSAGE,156,23,0.05,random,6,0.01382291316986084
GraphSAGE,156,23,0.05,random,7,0.03359287977218628
GraphSAGE,156,23,0.05,random,8,0.015458941459655762
GraphSAGE,156,23,0.05,random,9,0.008598089218139648
GraphSAGE,156,23,0.05,random,10,0.018186509609222412
GraphSAGE,156,23,0.05,random,11,0.012368321418762207
GraphSAGE,156,23,0.05,random,12,0.007654368877410889
GraphSAGE,156,23,0.05,random,13,0.017319083213806152
GraphSAGE,156,23,0.05,random,14,0.034550368785858154
GraphSAGE,156,23,0.05,random,15,0.01989215612411499
GraphSAGE,156,23,0.05,random,16,0.020272433757781982
GraphSAGE,156,23,0.05,random,17,0.02029263973236084
GraphSAGE,156,23,0.05,random,18,0.008907020092010498
GraphSAGE,156,23,0.05,random,19,0.004547119140625
GraphSAGE,156,23,0.1,gnnexplainer,-1,0.12465405464172363
GraphSAGE,156,23,0.1,random,0,0.012156903743743896
GraphSAGE,156,23,0.1,random,1,0.02304685115814209
GraphSAGE,156,23,0.1,random,2,0.04304337501525879
GraphSAGE,156,23,0.1,random,3,0.028739631175994873
GraphSAGE,156,23,0.1,random,4,0.032843947410583496
GraphSAGE,156,23,0.1,random,5,0.020255088806152344
GraphSAGE,156,23,0.1,random,6,0.049524784088134766
GraphSAGE,156,23,0.1,random,7,0.009256064891815186
GraphSAGE,156,23,0.1,random,8,0.026514768600463867
GraphSAGE,156,23,0.1,random,9,0.023349881172180176
GraphSAGE,156,23,0.1,random,10,0.025001704692840576
GraphSAGE,156,23,0.1,random,11,0.019112825393676758
GraphSAGE,156,23,0.1,random,12,0.01197504997253418
GraphSAGE,156,23,0.1,random,13,0.03801000118255615
GraphSAGE,156,23,0.1,random,14,0.02102029323577881
GraphSAGE,156,23,0.1,random,15,0.040250301361083984
GraphSAGE,156,23,0.1,random,16,0.034106433391571045
GraphSAGE,156,23,0.1,random,17,0.033205270767211914
GraphSAGE,156,23,0.1,random,18,0.0006109476089477539
GraphSAGE,156,23,0.1,random,19,0.04564303159713745
GraphSAGE,156,23,0.2,gnnexplainer,-1,0.1978279948234558
GraphSAGE,156,23,0.2,random,0,0.06028640270233154
GraphSAGE,156,23,0.2,random,1,0.02969348430633545
GraphSAGE,156,23,0.2,random,2,0.03578066825866699
GraphSAGE,156,23,0.2,random,3,0.09606379270553589
GraphSAGE,156,23,0.2,random,4,0.0579608678817749
GraphSAGE,156,23,0.2,random,5,0.061843812465667725
GraphSAGE,156,23,0.2,random,6,0.04305076599121094
GraphSAGE,156,23,0.2,random,7,0.04308629035949707
GraphSAGE,156,23,0.2,random,8,0.04847550392150879
GraphSAGE,156,23,0.2,random,9,0.05274486541748047
GraphSAGE,156,23,0.2,random,10,0.08052128553390503
GraphSAGE,156,23,0.2,random,11,0.051850199699401855
GraphSAGE,156,23,0.2,random,12,0.03126883506774902
GraphSAGE,156,23,0.2,random,13,0.055159032344818115
GraphSAGE,156,23,0.2,random,14,0.08438718318939209
GraphSAGE,156,23,0.2,random,15,0.07199716567993164
GraphSAGE,156,23,0.2,random,16,0.044186294078826904
GraphSAGE,156,23,0.2,random,17,0.056062400341033936
GraphSAGE,156,23,0.2,random,18,0.07064807415008545
GraphSAGE,156,23,0.2,random,19,0.07305240631103516
GraphSAGE,156,37,0.05,gnnexplainer,-1,0.0685344934463501
GraphSAGE,156,37,0.05,random,0,0.010653257369995117
GraphSAGE,156,37,0.05,random,1,0.012349307537078857
GraphSAGE,156,37,0.05,random,2,0.010759294033050537
GraphSAGE,156,37,0.05,random,3,0.019240498542785645
GraphSAGE,156,37,0.05,random,4,0.013280987739562988
GraphSAGE,156,37,0.05,random,5,0.005631446838378906
GraphSAGE,156,37,0.05,random,6,0.010017871856689453
GraphSAGE,156,37,0.05,random,7,0.02824532985687256
GraphSAGE,156,37,0.05,random,8,0.05263298749923706
GraphSAGE,156,37,0.05,random,9,0.0042261481285095215
GraphSAGE,156,37,0.05,random,10,0.024689197540283203
GraphSAGE,156,37,0.05,random,11,0.015331506729125977
GraphSAGE,156,37,0.05,random,12,0.028041541576385498
GraphSAGE,156,37,0.05,random,13,0.01678842306137085
GraphSAGE,156,37,0.05,random,14,0.006221413612365723
GraphSAGE,156,37,0.05,random,15,0.03783285617828369
GraphSAGE,156,37,0.05,random,16,0.020882070064544678
GraphSAGE,156,37,0.05,random,17,0.013151407241821289
GraphSAGE,156,37,0.05,random,18,0.01465296745300293
GraphSAGE,156,37,0.05,random,19,0.014757513999938965
GraphSAGE,156,37,0.1,gnnexplainer,-1,0.12506526708602905
GraphSAGE,156,37,0.1,random,0,0.026433348655700684
GraphSAGE,156,37,0.1,random,1,0.07904267311096191
GraphSAGE,156,37,0.1,random,2,0.03641146421432495
GraphSAGE,156,37,0.1,random,3,0.04099196195602417
GraphSAGE,156,37,0.1,random,4,0.021331489086151123
GraphSAGE,156,37,0.1,random,5,0.03002065420150757
GraphSAGE,156,37,0.1,random,6,0.030087649822235107
GraphSAGE,156,37,0.1,random,7,0.021648764610290527
GraphSAGE,156,37,0.1,random,8,0.01737391948699951
GraphSAGE,156,37,0.1,random,9,0.028661727905273438
GraphSAGE,156,37,0.1,random,10,0.028654932975769043
GraphSAGE,156,37,0.1,random,11,0.022557735443115234
GraphSAGE,156,37,0.1,random,12,0.035629451274871826
GraphSAGE,156,37,0.1,random,13,0.030792593955993652
GraphSAGE,156,37,0.1,random,14,0.031087100505828857
GraphSAGE,156,37,0.1,random,15,0.012286663055419922
GraphSAGE,156,37,0.1,random,16,0.00796806812286377
GraphSAGE,156,37,0.1,random,17,0.02419888973236084
GraphSAGE,156,37,0.1,random,18,0.021203696727752686
GraphSAGE,156,37,0.1,random,19,0.02627551555633545
GraphSAGE,156,37,0.2,gnnexplainer,-1,0.19209784269332886
GraphSAGE,156,37,0.2,random,0,0.08420145511627197
GraphSAGE,156,37,0.2,random,1,0.08252781629562378
GraphSAGE,156,37,0.2,random,2,0.06523191928863525
GraphSAGE,156,37,0.2,random,3,0.07920205593109131
GraphSAGE,156,37,0.2,random,4,0.0452539324760437
GraphSAGE,156,37,0.2,random,5,0.07076162099838257
GraphSAGE,156,37,0.2,random,6,0.0417933464050293
GraphSAGE,156,37,0.2,random,7,0.06742191314697266
GraphSAGE,156,37,0.2,random,8,0.051661908626556396
GraphSAGE,156,37,0.2,random,9,0.0604097843170166
GraphSAGE,156,37,0.2,random,10,0.04279017448425293
GraphSAGE,156,37,0.2,random,11,0.07436633110046387
GraphSAGE,156,37,0.2,random,12,0.09726065397262573
GraphSAGE,156,37,0.2,random,13,0.07825803756713867
GraphSAGE,156,37,0.2,random,14,0.0792165994644165
GraphSAGE,156,37,0.2,random,15,0.08426845073699951
GraphSAGE,156,37,0.2,random,16,0.06101405620574951
GraphSAGE,156,37,0.2,random,17,0.06518220901489258
GraphSAGE,156,37,0.2,random,18,0.04859626293182373
GraphSAGE,156,37,0.2,random,19,0.05091637372970581
GraphSAGE,162,11,0.05,gnnexplainer,-1,0.05922400951385498
GraphSAGE,162,11,0.05,random,0,0.019220054149627686
GraphSAGE,162,11,0.05,random,1,0.01942986249923706
GraphSAGE,162,11,0.05,random,2,0.004337668418884277
GraphSAGE,162,11,0.05,random,3,0.013950228691101074
GraphSAGE,162,11,0.05,random,4,0.029527366161346436
GraphSAGE,162,11,0.05,random,5,0.015530943870544434
GraphSAGE,162,11,0.05,random,6,0.005890071392059326
GraphSAGE,162,11,0.05,random,7,0.02913111448287964
GraphSAGE,162,11,0.05,random,8,0.017512500286102295
GraphSAGE,162,11,0.05,random,9,0.01675701141357422
GraphSAGE,162,11,0.05,random,10,0.013758182525634766
GraphSAGE,162,11,0.05,random,11,0.012708663940429688
GraphSAGE,162,11,0.05,random,12,0.025631606578826904
GraphSAGE,162,11,0.05,random,13,0.03783911466598511
GraphSAGE,162,11,0.05,random,14,-0.0006172657012939453
GraphSAGE,162,11,0.05,random,15,0.01780259609222412
GraphSAGE,162,11,0.05,random,16,0.026018798351287842
GraphSAGE,162,11,0.05,random,17,0.005499541759490967
GraphSAGE,162,11,0.05,random,18,0.008621573448181152
GraphSAGE,162,11,0.05,random,19,0.024994373321533203
GraphSAGE,162,11,0.1,gnnexplainer,-1,0.1162562370300293
GraphSAGE,162,11,0.1,random,0,0.007588863372802734
GraphSAGE,162,11,0.1,random,1,0.0475924015045166
GraphSAGE,162,11,0.1,random,2,0.009755492210388184
GraphSAGE,162,11,0.1,random,3,0.03030264377593994
GraphSAGE,162,11,0.1,random,4,0.03518456220626831
GraphSAGE,162,11,0.1,random,5,0.06090223789215088
GraphSAGE,162,11,0.1,random,6,0.031287193298339844
GraphSAGE,162,11,0.1,random,7,0.03885936737060547
GraphSAGE,162,11,0.1,random,8,0.013986825942993164
GraphSAGE,162,11,0.1,random,9,0.021194636821746826
GraphSAGE,162,11,0.1,random,10,0.026794373989105225
GraphSAGE,162,11,0.1,random,11,0.027375400066375732
GraphSAGE,162,11,0.1,random,12,0.04247617721557617
GraphSAGE,162,11,0.1,random,13,0.035269200801849365
GraphSAGE,162,11,0.1,random,14,0.040483176708221436
GraphSAGE,162,11,0.1,random,15,0.03817099332809448
GraphSAGE,162,11,0.1,random,16,0.057060956954956055
GraphSAGE,162,11,0.1,random,17,0.016051888465881348
GraphSAGE,162,11,0.1,random,18,0.03193086385726929
GraphSAGE,162,11,0.1,random,19,0.03243893384933472
GraphSAGE,162,11,0.2,gnnexplainer,-1,0.23353159427642822
GraphSAGE,162,11,0.2,random,0,0.08224338293075562
GraphSAGE,162,11,0.2,random,1,0.021625518798828125
GraphSAGE,162,11,0.2,random,2,0.07139915227890015
GraphSAGE,162,11,0.2,random,3,0.0663907527923584
GraphSAGE,162,11,0.2,random,4,0.03307384252548218
GraphSAGE,162,11,0.2,random,5,0.045848548412323
GraphSAGE,162,11,0.2,random,6,0.057432353496551514
GraphSAGE,162,11,0.2,random,7,0.038487136363983154
GraphSAGE,162,11,0.2,random,8,0.061670660972595215
GraphSAGE,162,11,0.2,random,9,0.045967698097229004
GraphSAGE,162,11,0.2,random,10,0.026349782943725586
GraphSAGE,162,11,0.2,random,11,0.04225963354110718
GraphSAGE,162,11,0.2,random,12,0.01664268970489502
GraphSAGE,162,11,0.2,random,13,0.06779402494430542
GraphSAGE,162,11,0.2,random,14,0.06330406665802002
GraphSAGE,162,11,0.2,random,15,0.061502933502197266
GraphSAGE,162,11,0.2,random,16,0.08422517776489258
GraphSAGE,162,11,0.2,random,17,0.01367950439453125
GraphSAGE,162,11,0.2,random,18,0.05990922451019287
GraphSAGE,162,11,0.2,random,19,0.03033578395843506
GraphSAGE,162,23,0.05,gnnexplainer,-1,0.044469237327575684
GraphSAGE,162,23,0.05,random,0,0.012297987937927246
GraphSAGE,162,23,0.05,random,1,-0.012812435626983643
GraphSAGE,162,23,0.05,random,2,0.0012597441673278809
GraphSAGE,162,23,0.05,random,3,0.014070391654968262
GraphSAGE,162,23,0.05,random,4,0.02040112018585205
GraphSAGE,162,23,0.05,random,5,0.014697790145874023
GraphSAGE,162,23,0.05,random,6,0.004670977592468262
GraphSAGE,162,23,0.05,random,7,0.006493687629699707
GraphSAGE,162,23,0.05,random,8,0.004424989223480225
GraphSAGE,162,23,0.05,random,9,0.002408444881439209
GraphSAGE,162,23,0.05,random,10,0.025299668312072754
GraphSAGE,162,23,0.05,random,11,0.01693171262741089
GraphSAGE,162,23,0.05,random,12,0.018771111965179443
GraphSAGE,162,23,0.05,random,13,0.005383014678955078
GraphSAGE,162,23,0.05,random,14,0.016051292419433594
GraphSAGE,162,23,0.05,random,15,0.014075279235839844
GraphSAGE,162,23,0.05,random,16,0.017123103141784668
GraphSAGE,162,23,0.05,random,17,0.012023389339447021
GraphSAGE,162,23,0.05,random,18,-0.00468522310256958
GraphSAGE,162,23,0.05,random,19,0.030859649181365967
GraphSAGE,162,23,0.1,gnnexplainer,-1,0.10932934284210205
GraphSAGE,162,23,0.1,random,0,0.03417789936065674
GraphSAGE,162,23,0.1,random,1,0.01806020736694336
GraphSAGE,162,23,0.1,random,2,0.016383111476898193
GraphSAGE,162,23,0.1,random,3,0.04090607166290283
GraphSAGE,162,23,0.1,random,4,0.058286070823669434
GraphSAGE,162,23,0.1,random,5,0.02702045440673828
GraphSAGE,162,23,0.1,random,6,0.0463070273399353
GraphSAGE,162,23,0.1,random,7,0.01632547378540039
GraphSAGE,162,23,0.1,random,8,0.04963052272796631
GraphSAGE,162,23,0.1,random,9,0.02151811122894287
GraphSAGE,162,23,0.1,random,10,0.0445256233215332
GraphSAGE,162,23,0.1,random,11,0.016569972038269043
GraphSAGE,162,23,0.1,random,12,0.05075550079345703
GraphSAGE,162,23,0.1,random,13,0.0023238062858581543
GraphSAGE,162,23,0.1,random,14,0.006063342094421387
GraphSAGE,162,23,0.1,random,15,0.0279199481010437
GraphSAGE,162,23,0.1,random,16,0.02829742431640625
GraphSAGE,162,23,0.1,random,17,0.023031949996948242
GraphSAGE,162,23,0.1,random,18,0.018871188163757324
GraphSAGE,162,23,0.1,random,19,0.044223248958587646
GraphSAGE,162,23,0.2,gnnexplainer,-1,0.23258382081985474
GraphSAGE,162,23,0.2,random,0,0.00914233922958374
GraphSAGE,162,23,0.2,random,1,0.06971633434295654
GraphSAGE,162,23,0.2,random,2,0.02437126636505127
GraphSAGE,162,23,0.2,random,3,0.0354764461517334
GraphSAGE,162,23,0.2,random,4,0.08129405975341797
GraphSAGE,162,23,0.2,random,5,0.06590360403060913
GraphSAGE,162,23,0.2,random,6,0.05231642723083496
GraphSAGE,162,23,0.2,random,7,0.02854931354522705
GraphSAGE,162,23,0.2,random,8,0.05322587490081787
GraphSAGE,162,23,0.2,random,9,0.04912710189819336
GraphSAGE,162,23,0.2,random,10,0.07507359981536865
GraphSAGE,162,23,0.2,random,11,0.021111249923706055
GraphSAGE,162,23,0.2,random,12,0.05822324752807617
GraphSAGE,162,23,0.2,random,13,0.054522693157196045
GraphSAGE,162,23,0.2,random,14,0.04635977745056152
GraphSAGE,162,23,0.2,random,15,0.026865899562835693
GraphSAGE,162,23,0.2,random,16,0.04336822032928467
GraphSAGE,162,23,0.2,random,17,0.015139281749725342
GraphSAGE,162,23,0.2,random,18,0.07056558132171631
GraphSAGE,162,23,0.2,random,19,0.0417400598526001
GraphSAGE,162,37,0.05,gnnexplainer,-1,0.06510341167449951
GraphSAGE,162,37,0.05,random,0,0.02283114194869995
GraphSAGE,162,37,0.05,random,1,0.01133793592453003
GraphSAGE,162,37,0.05,random,2,-0.00439983606338501
GraphSAGE,162,37,0.05,random,3,0.01868438720703125
GraphSAGE,162,37,0.05,random,4,0.012012660503387451
GraphSAGE,162,37,0.05,random,5,0.02690356969833374
GraphSAGE,162,37,0.05,random,6,0.022780299186706543
GraphSAGE,162,37,0.05,random,7,0.015107035636901855
GraphSAGE,162,37,0.05,random,8,0.024651944637298584
GraphSAGE,162,37,0.05,random,9,0.019411563873291016
GraphSAGE,162,37,0.05,random,10,0.013859391212463379
GraphSAGE,162,37,0.05,random,11,0.007372736930847168
GraphSAGE,162,37,0.05,random,12,0.0396956205368042
GraphSAGE,162,37,0.05,random,13,0.03187650442123413
GraphSAGE,162,37,0.05,random,14,0.03255194425582886
GraphSAGE,162,37,0.05,random,15,0.01794147491455078
GraphSAGE,162,37,0.05,random,16,0.0027520060539245605
GraphSAGE,162,37,0.05,random,17,0.01852571964263916
GraphSAGE,162,37,0.05,random,18,0.007676482200622559
GraphSAGE,162,37,0.05,random,19,0.012931108474731445
GraphSAGE,162,37,0.1,gnnexplainer,-1,0.11866897344589233
GraphSAGE,162,37,0.1,random,0,0.0331113338470459
GraphSAGE,162,37,0.1,random,1,0.05004715919494629
GraphSAGE,162,37,0.1,random,2,0.022947728633880615
GraphSAGE,162,37,0.1,random,3,0.0711480975151062
GraphSAGE,162,37,0.1,random,4,0.02125382423400879
GraphSAGE,162,37,0.1,random,5,0.037959933280944824
GraphSAGE,162,37,0.1,random,6,0.024276435375213623
GraphSAGE,162,37,0.1,random,7,0.023653686046600342
GraphSAGE,162,37,0.1,random,8,0.05057120323181152
GraphSAGE,162,37,0.1,random,9,0.012584924697875977
GraphSAGE,162,37,0.1,random,10,0.046008288860321045
GraphSAGE,162,37,0.1,random,11,0.03536367416381836
GraphSAGE,162,37,0.1,random,12,0.03454911708831787
GraphSAGE,162,37,0.1,random,13,0.03562438488006592
GraphSAGE,162,37,0.1,random,14,0.03155916929244995
GraphSAGE,162,37,0.1,random,15,0.05680990219116211
GraphSAGE,162,37,0.1,random,16,0.005064904689788818
GraphSAGE,162,37,0.1,random,17,0.03208965063095093
GraphSAGE,162,37,0.1,random,18,-0.0031405091285705566
GraphSAGE,162,37,0.1,random,19,0.01137155294418335
GraphSAGE,162,37,0.2,gnnexplainer,-1,0.24667489528656006
GraphSAGE,162,37,0.2,random,0,0.03864574432373047
GraphSAGE,162,37,0.2,random,1,0.07228982448577881
GraphSAGE,162,37,0.2,random,2,0.04864847660064697
GraphSAGE,162,37,0.2,random,3,0.07325351238250732
GraphSAGE,162,37,0.2,random,4,0.038029372692108154
GraphSAGE,162,37,0.2,random,5,0.07978576421737671
GraphSAGE,162,37,0.2,random,6,0.04593205451965332
GraphSAGE,162,37,0.2,random,7,0.06749290227890015
GraphSAGE,162,37,0.2,random,8,0.060004591941833496
GraphSAGE,162,37,0.2,random,9,0.06889194250106812
GraphSAGE,162,37,0.2,random,10,0.06359714269638062
GraphSAGE,162,37,0.2,random,11,0.07665753364562988
GraphSAGE,162,37,0.2,random,12,0.06804513931274414
GraphSAGE,162,37,0.2,random,13,0.050518035888671875
GraphSAGE,162,37,0.2,random,14,0.05443829298019409
GraphSAGE,162,37,0.2,random,15,0.06505835056304932
GraphSAGE,162,37,0.2,random,16,0.06289815902709961
GraphSAGE,162,37,0.2,random,17,0.08175122737884521
GraphSAGE,162,37,0.2,random,18,0.11097460985183716
GraphSAGE,162,37,0.2,random,19,0.037645041942596436
GraphSAGE,178,11,0.05,gnnexplainer,-1,0.03439754247665405
GraphSAGE,178,11,0.05,random,0,0.009505942463874817
GraphSAGE,178,11,0.05,random,1,0.012124627828598022
GraphSAGE,178,11,0.05,random,2,0.022486701607704163
GraphSAGE,178,11,0.05,random,3,0.008512228727340698
GraphSAGE,178,11,0.05,random,4,0.013413280248641968
GraphSAGE,178,11,0.05,random,5,0.007327258586883545
GraphSAGE,178,11,0.05,random,6,0.01649625599384308
GraphSAGE,178,11,0.05,random,7,0.010802388191223145
GraphSAGE,178,11,0.05,random,8,0.021801531314849854
GraphSAGE,178,11,0.05,random,9,0.0235978364944458
GraphSAGE,178,11,0.05,random,10,0.028334811329841614
GraphSAGE,178,11,0.05,random,11,0.013242781162261963
GraphSAGE,178,11,0.05,random,12,0.01205289363861084
GraphSAGE,178,11,0.05,random,13,0.0064567625522613525
GraphSAGE,178,11,0.05,random,14,0.01876939833164215
GraphSAGE,178,11,0.05,random,15,0.018062204122543335
GraphSAGE,178,11,0.05,random,16,0.019835442304611206
GraphSAGE,178,11,0.05,random,17,0.012544304132461548
GraphSAGE,178,11,0.05,random,18,0.003236129879951477
GraphSAGE,178,11,0.05,random,19,0.0024757087230682373
GraphSAGE,178,11,0.1,gnnexplainer,-1,0.05210423469543457
GraphSAGE,178,11,0.1,random,0,0.01885664463043213
GraphSAGE,178,11,0.1,random,1,0.02006670832633972
GraphSAGE,178,11,0.1,random,2,0.03136727213859558
GraphSAGE,178,11,0.1,random,3,0.020736336708068848
GraphSAGE,178,11,0.1,random,4,0.0070355236530303955
GraphSAGE,178,11,0.1,random,5,0.031150251626968384
GraphSAGE,178,11,0.1,random,6,0.019844144582748413
GraphSAGE,178,11,0.1,random,7,0.019215911626815796
GraphSAGE,178,11,0.1,random,8,0.03620690107345581
GraphSAGE,178,11,0.1,random,9,0.015152901411056519
GraphSAGE,178,11,0.1,random,10,0.03014490008354187
GraphSAGE,178,11,0.1,random,11,0.0025791525840759277
GraphSAGE,178,11,0.1,random,12,0.017202049493789673
GraphSAGE,178,11,0.1,random,13,0.020971238613128662
GraphSAGE,178,11,0.1,random,14,0.028692305088043213
GraphSAGE,178,11,0.1,random,15,0.03144402801990509
GraphSAGE,178,11,0.1,random,16,0.026985973119735718
GraphSAGE,178,11,0.1,random,17,0.010788917541503906
GraphSAGE,178,11,0.1,random,18,0.03480464220046997
GraphSAGE,178,11,0.1,random,19,0.024817422032356262
GraphSAGE,178,11,0.2,gnnexplainer,-1,0.08154438436031342
GraphSAGE,178,11,0.2,random,0,0.06843633949756622
GraphSAGE,178,11,0.2,random,1,0.050500646233558655
GraphSAGE,178,11,0.2,random,2,0.05613264441490173
GraphSAGE,178,11,0.2,random,3,0.049891889095306396
GraphSAGE,178,11,0.2,random,4,0.06739698350429535
GraphSAGE,178,11,0.2,random,5,0.05810156464576721
GraphSAGE,178,11,0.2,random,6,0.058687105774879456
GraphSAGE,178,11,0.2,random,7,0.05228354036808014
GraphSAGE,178,11,0.2,random,8,0.06106136739253998
GraphSAGE,178,11,0.2,random,9,0.031467169523239136
GraphSAGE,178,11,0.2,random,10,0.04138326644897461
GraphSAGE,178,11,0.2,random,11,0.04121793806552887
GraphSAGE,178,11,0.2,random,12,0.04118582606315613
GraphSAGE,178,11,0.2,random,13,0.04122418165206909
GraphSAGE,178,11,0.2,random,14,0.029466599225997925
GraphSAGE,178,11,0.2,random,15,0.04046905040740967
GraphSAGE,178,11,0.2,random,16,0.04942263662815094
GraphSAGE,178,11,0.2,random,17,0.04131948947906494
GraphSAGE,178,11,0.2,random,18,0.03377272188663483
GraphSAGE,178,11,0.2,random,19,0.0394444614648819
GraphSAGE,178,23,0.05,gnnexplainer,-1,0.038279905915260315
GraphSAGE,178,23,0.05,random,0,0.013974219560623169
GraphSAGE,178,23,0.05,random,1,0.003141939640045166
GraphSAGE,178,23,0.05,random,2,0.006658568978309631
GraphSAGE,178,23,0.05,random,3,0.02110762894153595
GraphSAGE,178,23,0.05,random,4,0.02744501829147339
GraphSAGE,178,23,0.05,random,5,0.010165765881538391
GraphSAGE,178,23,0.05,random,6,0.009870946407318115
GraphSAGE,178,23,0.05,random,7,0.003717571496963501
GraphSAGE,178,23,0.05,random,8,0.010633796453475952
GraphSAGE,178,23,0.05,random,9,0.00359131395816803
GraphSAGE,178,23,0.05,random,10,0.012810945510864258
GraphSAGE,178,23,0.05,random,11,0.005947291851043701
GraphSAGE,178,23,0.05,random,12,0.015417054295539856
GraphSAGE,178,23,0.05,random,13,0.003050774335861206
GraphSAGE,178,23,0.05,random,14,0.01052829623222351
GraphSAGE,178,23,0.05,random,15,0.015442371368408203
GraphSAGE,178,23,0.05,random,16,0.01335151493549347
GraphSAGE,178,23,0.05,random,17,0.013177886605262756
GraphSAGE,178,23,0.05,random,18,0.013936296105384827
GraphSAGE,178,23,0.05,random,19,0.020080581307411194
GraphSAGE,178,23,0.1,gnnexplainer,-1,0.05779978632926941
GraphSAGE,178,23,0.1,random,0,0.022767364978790283
GraphSAGE,178,23,0.1,random,1,0.0266999751329422
GraphSAGE,178,23,0.1,random,2,0.029915928840637207
GraphSAGE,178,23,0.1,random,3,0.018822044134140015
GraphSAGE,178,23,0.1,random,4,0.031170502305030823
GraphSAGE,178,23,0.1,random,5,0.023192495107650757
GraphSAGE,178,23,0.1,random,6,0.019574463367462158
GraphSAGE,178,23,0.1,random,7,0.026683181524276733
GraphSAGE,178,23,0.1,random,8,0.02813848853111267
GraphSAGE,178,23,0.1,random,9,0.02875325083732605
GraphSAGE,178,23,0.1,random,10,0.016753554344177246
GraphSAGE,178,23,0.1,random,11,0.026342883706092834
GraphSAGE,178,23,0.1,random,12,0.034919753670692444
GraphSAGE,178,23,0.1,random,13,0.015055090188980103
GraphSAGE,178,23,0.1,random,14,0.0207148939371109
GraphSAGE,178,23,0.1,random,15,0.021303236484527588
GraphSAGE,178,23,0.1,random,16,0.04243895411491394
GraphSAGE,178,23,0.1,random,17,0.026920050382614136
GraphSAGE,178,23,0.1,random,18,0.018466845154762268
GraphSAGE,178,23,0.1,random,19,0.024959474802017212
GraphSAGE,178,23,0.2,gnnexplainer,-1,0.08464021980762482
GraphSAGE,178,23,0.2,random,0,0.07310919463634491
GraphSAGE,178,23,0.2,random,1,0.06495700776576996
GraphSAGE,178,23,0.2,random,2,0.023573249578475952
GraphSAGE,178,23,0.2,random,3,0.05455181002616882
GraphSAGE,178,23,0.2,random,4,0.056163638830184937
GraphSAGE,178,23,0.2,random,5,0.04437972605228424
GraphSAGE,178,23,0.2,random,6,0.054712504148483276
GraphSAGE,178,23,0.2,random,7,0.05360648036003113
GraphSAGE,178,23,0.2,random,8,0.04958769679069519
GraphSAGE,178,23,0.2,random,9,0.04535132646560669
GraphSAGE,178,23,0.2,random,10,0.04370976984500885
GraphSAGE,178,23,0.2,random,11,0.0464615523815155
GraphSAGE,178,23,0.2,random,12,0.040042489767074585
GraphSAGE,178,23,0.2,random,13,0.053366124629974365
GraphSAGE,178,23,0.2,random,14,0.032566264271736145
GraphSAGE,178,23,0.2,random,15,0.04565025866031647
GraphSAGE,178,23,0.2,random,16,0.058437004685401917
GraphSAGE,178,23,0.2,random,17,0.04827532172203064
GraphSAGE,178,23,0.2,random,18,0.06221286952495575
GraphSAGE,178,23,0.2,random,19,0.034526526927948
GraphSAGE,178,37,0.05,gnnexplainer,-1,0.0348522812128067
GraphSAGE,178,37,0.05,random,0,0.0006211698055267334
GraphSAGE,178,37,0.05,random,1,0.008348464965820312
GraphSAGE,178,37,0.05,random,2,0.01998986303806305
GraphSAGE,178,37,0.05,random,3,0.013459563255310059
GraphSAGE,178,37,0.05,random,4,0.011186853051185608
GraphSAGE,178,37,0.05,random,5,0.012854933738708496
GraphSAGE,178,37,0.05,random,6,0.015939906239509583
GraphSAGE,178,37,0.05,random,7,0.0025131255388259888
GraphSAGE,178,37,0.05,random,8,0.020078077912330627
GraphSAGE,178,37,0.05,random,9,0.00826205313205719
GraphSAGE,178,37,0.05,random,10,0.015791475772857666
GraphSAGE,178,37,0.05,random,11,0.012320339679718018
GraphSAGE,178,37,0.05,random,12,0.008208125829696655
GraphSAGE,178,37,0.05,random,13,0.015678346157073975
GraphSAGE,178,37,0.05,random,14,0.02337104082107544
GraphSAGE,178,37,0.05,random,15,0.006987780332565308
GraphSAGE,178,37,0.05,random,16,0.006677985191345215
GraphSAGE,178,37,0.05,random,17,0.014602065086364746
GraphSAGE,178,37,0.05,random,18,0.005148589611053467
GraphSAGE,178,37,0.05,random,19,0.014988675713539124
GraphSAGE,178,37,0.1,gnnexplainer,-1,0.050400227308273315
GraphSAGE,178,37,0.1,random,0,0.035469889640808105
GraphSAGE,178,37,0.1,random,1,0.01970231533050537
GraphSAGE,178,37,0.1,random,2,0.028775662183761597
GraphSAGE,178,37,0.1,random,3,0.020062655210494995
GraphSAGE,178,37,0.1,random,4,0.02721637487411499
GraphSAGE,178,37,0.1,random,5,0.013656437397003174
GraphSAGE,178,37,0.1,random,6,0.025209486484527588
GraphSAGE,178,37,0.1,random,7,0.031137436628341675
GraphSAGE,178,37,0.1,random,8,0.017899170517921448
GraphSAGE,178,37,0.1,random,9,0.02058178186416626
GraphSAGE,178,37,0.1,random,10,0.019900038838386536
GraphSAGE,178,37,0.1,random,11,0.02615979313850403
GraphSAGE,178,37,0.1,random,12,0.023257076740264893
GraphSAGE,178,37,0.1,random,13,0.03539162874221802
GraphSAGE,178,37,0.1,random,14,0.02032722532749176
GraphSAGE,178,37,0.1,random,15,0.030418217182159424
GraphSAGE,178,37,0.1,random,16,0.025333836674690247
GraphSAGE,178,37,0.1,random,17,0.023666083812713623
GraphSAGE,178,37,0.1,random,18,0.03295089304447174
GraphSAGE,178,37,0.1,random,19,0.021996140480041504
GraphSAGE,178,37,0.2,gnnexplainer,-1,0.07648225128650665
GraphSAGE,178,37,0.2,random,0,0.050318628549575806
GraphSAGE,178,37,0.2,random,1,0.06492607295513153
GraphSAGE,178,37,0.2,random,2,0.041095152497291565
GraphSAGE,178,37,0.2,random,3,0.0577445924282074
GraphSAGE,178,37,0.2,random,4,0.04120051860809326
GraphSAGE,178,37,0.2,random,5,0.03919285535812378
GraphSAGE,178,37,0.2,random,6,0.046071603894233704
GraphSAGE,178,37,0.2,random,7,0.050467103719711304
GraphSAGE,178,37,0.2,random,8,0.05362516641616821
GraphSAGE,178,37,0.2,random,9,0.05044907331466675
GraphSAGE,178,37,0.2,random,10,0.040342777967453
GraphSAGE,178,37,0.2,random,11,0.046865835785865784
GraphSAGE,178,37,0.2,random,12,0.04968686401844025
GraphSAGE,178,37,0.2,random,13,0.06984250247478485
GraphSAGE,178,37,0.2,random,14,0.05074895918369293
GraphSAGE,178,37,0.2,random,15,0.03479406237602234
GraphSAGE,178,37,0.2,random,16,0.03914159536361694
GraphSAGE,178,37,0.2,random,17,0.05181381106376648
GraphSAGE,178,37,0.2,random,18,0.05980755388736725
GraphSAGE,178,37,0.2,random,19,0.023758381605148315
GraphSAGE,179,11,0.05,gnnexplainer,-1,0.0538175106048584
GraphSAGE,179,11,0.05,random,0,0.008342206478118896
GraphSAGE,179,11,0.05,random,1,0.019106924533843994
GraphSAGE,179,11,0.05,random,2,-0.002708733081817627
GraphSAGE,179,11,0.05,random,3,0.00977391004562378
GraphSAGE,179,11,0.05,random,4,0.005769312381744385
GraphSAGE,179,11,0.05,random,5,0.005059778690338135
GraphSAGE,179,11,0.05,random,6,0.00407719612121582
GraphSAGE,179,11,0.05,random,7,0.008241891860961914
GraphSAGE,179,11,0.05,random,8,0.013245701789855957
GraphSAGE,179,11,0.05,random,9,0.014179050922393799
GraphSAGE,179,11,0.05,random,10,0.01871204376220703
GraphSAGE,179,11,0.05,random,11,-0.004446268081665039
GraphSAGE,179,11,0.05,random,12,-0.00010657310485839844
GraphSAGE,179,11,0.05,random,13,0.008877992630004883
GraphSAGE,179,11,0.05,random,14,0.000425875186920166
GraphSAGE,179,11,0.05,random,15,-0.004424691200256348
GraphSAGE,179,11,0.05,random,16,-0.006445348262786865
GraphSAGE,179,11,0.05,random,17,-0.0030245184898376465
GraphSAGE,179,11,0.05,random,18,0.0014669299125671387
GraphSAGE,179,11,0.05,random,19,-0.008498132228851318
GraphSAGE,179,11,0.1,gnnexplainer,-1,0.06347763538360596
GraphSAGE,179,11,0.1,random,0,-0.0015601515769958496
GraphSAGE,179,11,0.1,random,1,0.03044992685317993
GraphSAGE,179,11,0.1,random,2,-0.0037119388580322266
GraphSAGE,179,11,0.1,random,3,0.005060970783233643
GraphSAGE,179,11,0.1,random,4,0.03546696901321411
GraphSAGE,179,11,0.1,random,5,0.019489705562591553
GraphSAGE,179,11,0.1,random,6,0.030781328678131104
GraphSAGE,179,11,0.1,random,7,0.004536449909210205
GraphSAGE,179,11,0.1,random,8,0.0009434223175048828
GraphSAGE,179,11,0.1,random,9,0.05573403835296631
GraphSAGE,179,11,0.1,random,10,0.014691352844238281
GraphSAGE,179,11,0.1,random,11,0.034964561462402344
GraphSAGE,179,11,0.1,random,12,0.020312368869781494
GraphSAGE,179,11,0.1,random,13,0.0063610076904296875
GraphSAGE,179,11,0.1,random,14,0.036957740783691406
GraphSAGE,179,11,0.1,random,15,0.02131068706512451
GraphSAGE,179,11,0.1,random,16,0.00832223892211914
GraphSAGE,179,11,0.1,random,17,-0.0003508329391479492
GraphSAGE,179,11,0.1,random,18,0.03152674436569214
GraphSAGE,179,11,0.1,random,19,0.01583462953567505
GraphSAGE,179,11,0.2,gnnexplainer,-1,0.08554929494857788
GraphSAGE,179,11,0.2,random,0,0.025748252868652344
GraphSAGE,179,11,0.2,random,1,0.043649911880493164
GraphSAGE,179,11,0.2,random,2,0.04783207178115845
GraphSAGE,179,11,0.2,random,3,0.020294010639190674
GraphSAGE,179,11,0.2,random,4,0.045146942138671875
GraphSAGE,179,11,0.2,random,5,0.022890985012054443
GraphSAGE,179,11,0.2,random,6,0.005866527557373047
GraphSAGE,179,11,0.2,random,7,0.0056948065757751465
GraphSAGE,179,11,0.2,random,8,0.01192539930343628
GraphSAGE,179,11,0.2,random,9,-0.0011295676231384277
GraphSAGE,179,11,0.2,random,10,0.02357727289199829
GraphSAGE,179,11,0.2,random,11,0.0263863205909729
GraphSAGE,179,11,0.2,random,12,0.03004676103591919
GraphSAGE,179,11,0.2,random,13,0.030513465404510498
GraphSAGE,179,11,0.2,random,14,-0.006975829601287842
GraphSAGE,179,11,0.2,random,15,0.07400065660476685
GraphSAGE,179,11,0.2,random,16,0.03766965866088867
GraphSAGE,179,11,0.2,random,17,0.018176376819610596
GraphSAGE,179,11,0.2,random,18,0.012567579746246338
GraphSAGE,179,11,0.2,random,19,0.03613841533660889
GraphSAGE,179,23,0.05,gnnexplainer,-1,0.0538175106048584
GraphSAGE,179,23,0.05,random,0,0.011972606182098389
GraphSAGE,179,23,0.05,random,1,0.0013350844383239746
GraphSAGE,179,23,0.05,random,2,0.010096132755279541
GraphSAGE,179,23,0.05,random,3,0.0210074782371521
GraphSAGE,179,23,0.05,random,4,0.008614718914031982
GraphSAGE,179,23,0.05,random,5,0.005032479763031006
GraphSAGE,179,23,0.05,random,6,0.0066536664962768555
GraphSAGE,179,23,0.05,random,7,0.004182875156402588
GraphSAGE,179,23,0.05,random,8,-0.006832599639892578
GraphSAGE,179,23,0.05,random,9,0.02230137586593628
GraphSAGE,179,23,0.05,random,10,-0.0028517842292785645
GraphSAGE,179,23,0.05,random,11,0.021496832370758057
GraphSAGE,179,23,0.05,random,12,0.0018598437309265137
GraphSAGE,179,23,0.05,random,13,0.011394202709197998
GraphSAGE,179,23,0.05,random,14,0.00980907678604126
GraphSAGE,179,23,0.05,random,15,-0.0014969706535339355
GraphSAGE,179,23,0.05,random,16,0.026232421398162842
GraphSAGE,179,23,0.05,random,17,0.02230137586593628
GraphSAGE,179,23,0.05,random,18,0.008779704570770264
GraphSAGE,179,23,0.05,random,19,0.004345238208770752
GraphSAGE,179,23,0.1,gnnexplainer,-1,0.07847625017166138
GraphSAGE,179,23,0.1,random,0,0.004957258701324463
GraphSAGE,179,23,0.1,random,1,0.06560975313186646
GraphSAGE,179,23,0.1,random,2,0.027285754680633545
GraphSAGE,179,23,0.1,random,3,0.01877593994140625
GraphSAGE,179,23,0.1,random,4,0.023569345474243164
GraphSAGE,179,23,0.1,random,5,0.021988272666931152
GraphSAGE,179,23,0.1,random,6,-0.00031620264053344727
GraphSAGE,179,23,0.1,random,7,0.003836512565612793
GraphSAGE,179,23,0.1,random,8,0.013880670070648193
GraphSAGE,179,23,0.1,random,9,0.023703575134277344
GraphSAGE,179,23,0.1,random,10,-0.002093672752380371
GraphSAGE,179,23,0.1,random,11,0.0052163004875183105
GraphSAGE,179,23,0.1,random,12,0.04708123207092285
GraphSAGE,179,23,0.1,random,13,0.03675001859664917
GraphSAGE,179,23,0.1,random,14,0.044677793979644775
GraphSAGE,179,23,0.1,random,15,0.013032138347625732
GraphSAGE,179,23,0.1,random,16,-0.0009629130363464355
GraphSAGE,179,23,0.1,random,17,0.02035468816757202
GraphSAGE,179,23,0.1,random,18,-0.002791166305541992
GraphSAGE,179,23,0.1,random,19,0.0012056231498718262
GraphSAGE,179,23,0.2,gnnexplainer,-1,0.1042192280292511
GraphSAGE,179,23,0.2,random,0,0.021897614002227783
GraphSAGE,179,23,0.2,random,1,0.017645716667175293
GraphSAGE,179,23,0.2,random,2,0.0614391565322876
GraphSAGE,179,23,0.2,random,3,0.02772355079650879
GraphSAGE,179,23,0.2,random,4,0.02833014726638794
GraphSAGE,179,23,0.2,random,5,0.05574655532836914
GraphSAGE,179,23,0.2,random,6,0.012826502323150635
GraphSAGE,179,23,0.2,random,7,0.01152878999710083
GraphSAGE,179,23,0.2,random,8,0.0025563836097717285
GraphSAGE,179,23,0.2,random,9,0.0465540885925293
GraphSAGE,179,23,0.2,random,10,0.03333437442779541
GraphSAGE,179,23,0.2,random,11,0.06983935832977295
GraphSAGE,179,23,0.2,random,12,0.02657032012939453
GraphSAGE,179,23,0.2,random,13,0.04090207815170288
GraphSAGE,179,23,0.2,random,14,0.03836405277252197
GraphSAGE,179,23,0.2,random,15,0.02097529172897339
GraphSAGE,179,23,0.2,random,16,0.023214876651763916
GraphSAGE,179,23,0.2,random,17,0.015384972095489502
GraphSAGE,179,23,0.2,random,18,0.010950267314910889
GraphSAGE,179,23,0.2,random,19,0.05831235647201538
GraphSAGE,179,37,0.05,gnnexplainer,-1,0.0538175106048584
GraphSAGE,179,37,0.05,random,0,0.0006336569786071777
GraphSAGE,179,37,0.05,random,1,0.010434865951538086
GraphSAGE,179,37,0.05,random,2,0.01706308126449585
GraphSAGE,179,37,0.05,random,3,-0.003091156482696533
GraphSAGE,179,37,0.05,random,4,0.02522897720336914
GraphSAGE,179,37,0.05,random,5,0.008338868618011475
GraphSAGE,179,37,0.05,random,6,0.010291576385498047
GraphSAGE,179,37,0.05,random,7,-0.0032393932342529297
GraphSAGE,179,37,0.05,random,8,0.009960353374481201
GraphSAGE,179,37,0.05,random,9,-0.004910290241241455
GraphSAGE,179,37,0.05,random,10,0.012166023254394531
GraphSAGE,179,37,0.05,random,11,-0.005172371864318848
GraphSAGE,179,37,0.05,random,12,0.008329570293426514
GraphSAGE,179,37,0.05,random,13,0.014852344989776611
GraphSAGE,179,37,0.05,random,14,0.03047257661819458
GraphSAGE,179,37,0.05,random,15,0.01349109411239624
GraphSAGE,179,37,0.05,random,16,0.003486931324005127
GraphSAGE,179,37,0.05,random,17,0.00909280776977539
GraphSAGE,179,37,0.05,random,18,0.03581970930099487
GraphSAGE,179,37,0.05,random,19,0.0020177364349365234
GraphSAGE,179,37,0.1,gnnexplainer,-1,0.0639684796333313
GraphSAGE,179,37,0.1,random,0,0.019207775592803955
GraphSAGE,179,37,0.1,random,1,0.007149636745452881
GraphSAGE,179,37,0.1,random,2,0.012180566787719727
GraphSAGE,179,37,0.1,random,3,0.06007152795791626
GraphSAGE,179,37,0.1,random,4,0.030737340450286865
GraphSAGE,179,37,0.1,random,5,0.04306769371032715
GraphSAGE,179,37,0.1,random,6,0.010723233222961426
GraphSAGE,179,37,0.1,random,7,0.01740020513534546
GraphSAGE,179,37,0.1,random,8,-0.0013031363487243652
GraphSAGE,179,37,0.1,random,9,0.011763572692871094
GraphSAGE,179,37,0.1,random,10,0.017461061477661133
GraphSAGE,179,37,0.1,random,11,0.013492703437805176
GraphSAGE,179,37,0.1,random,12,0.028520166873931885
GraphSAGE,179,37,0.1,random,13,0.0024175643920898438
GraphSAGE,179,37,0.1,random,14,0.009827375411987305
GraphSAGE,179,37,0.1,random,15,0.03160971403121948
GraphSAGE,179,37,0.1,random,16,0.005645573139190674
GraphSAGE,179,37,0.1,random,17,-0.004211544990539551
GraphSAGE,179,37,0.1,random,18,0.010897457599639893
GraphSAGE,179,37,0.1,random,19,0.02621006965637207
GraphSAGE,179,37,0.2,gnnexplainer,-1,0.07649415731430054
GraphSAGE,179,37,0.2,random,0,0.04514080286026001
GraphSAGE,179,37,0.2,random,1,0.03009796142578125
GraphSAGE,179,37,0.2,random,2,0.05980139970779419
GraphSAGE,179,37,0.2,random,3,0.058484792709350586
GraphSAGE,179,37,0.2,random,4,0.044426023960113525
GraphSAGE,179,37,0.2,random,5,0.02656501531600952
GraphSAGE,179,37,0.2,random,6,0.03879821300506592
GraphSAGE,179,37,0.2,random,7,0.0016558170318603516
GraphSAGE,179,37,0.2,random,8,0.0652192234992981
GraphSAGE,179,37,0.2,random,9,0.010808408260345459
GraphSAGE,179,37,0.2,random,10,0.01694488525390625
GraphSAGE,179,37,0.2,random,11,0.010137081146240234
GraphSAGE,179,37,0.2,random,12,0.007453262805938721
GraphSAGE,179,37,0.2,random,13,0.024048268795013428
GraphSAGE,179,37,0.2,random,14,0.03377646207809448
GraphSAGE,179,37,0.2,random,15,0.02167201042175293
GraphSAGE,179,37,0.2,random,16,0.07152670621871948
GraphSAGE,179,37,0.2,random,17,0.02362847328186035
GraphSAGE,179,37,0.2,random,18,0.01915842294692993
GraphSAGE,179,37,0.2,random,19,0.02770841121673584
GraphSAGE,22,11,0.05,gnnexplainer,-1,0.033048272132873535
GraphSAGE,22,11,0.05,random,0,0.008502691984176636
GraphSAGE,22,11,0.05,random,1,0.004082798957824707
GraphSAGE,22,11,0.05,random,2,0.005730003118515015
GraphSAGE,22,11,0.05,random,3,0.006055057048797607
GraphSAGE,22,11,0.05,random,4,0.005946040153503418
GraphSAGE,22,11,0.05,random,5,-0.0008293390274047852
GraphSAGE,22,11,0.05,random,6,-0.002915024757385254
GraphSAGE,22,11,0.05,random,7,0.00333249568939209
GraphSAGE,22,11,0.05,random,8,0.0009527802467346191
GraphSAGE,22,11,0.05,random,9,0.004181593656539917
GraphSAGE,22,11,0.05,random,10,0.004115462303161621
GraphSAGE,22,11,0.05,random,11,0.00239679217338562
GraphSAGE,22,11,0.05,random,12,0.009429216384887695
GraphSAGE,22,11,0.05,random,13,0.007599949836730957
GraphSAGE,22,11,0.05,random,14,0.006133168935775757
GraphSAGE,22,11,0.05,random,15,0.0014482736587524414
GraphSAGE,22,11,0.05,random,16,0.008943170309066772
GraphSAGE,22,11,0.05,random,17,-0.00534394383430481
GraphSAGE,22,11,0.05,random,18,0.009698718786239624
GraphSAGE,22,11,0.05,random,19,0.0009975433349609375
GraphSAGE,22,11,0.1,gnnexplainer,-1,0.05087527632713318
GraphSAGE,22,11,0.1,random,0,0.01787388324737549
GraphSAGE,22,11,0.1,random,1,-0.0013396739959716797
GraphSAGE,22,11,0.1,random,2,0.020210325717926025
GraphSAGE,22,11,0.1,random,3,0.007778763771057129
GraphSAGE,22,11,0.1,random,4,0.019204795360565186
GraphSAGE,22,11,0.1,random,5,0.007974982261657715
GraphSAGE,22,11,0.1,random,6,0.01874232292175293
GraphSAGE,22,11,0.1,random,7,0.02059870958328247
GraphSAGE,22,11,0.1,random,8,0.026138663291931152
GraphSAGE,22,11,0.1,random,9,0.007090091705322266
GraphSAGE,22,11,0.1,random,10,0.013352364301681519
GraphSAGE,22,11,0.1,random,11,0.02825140953063965
GraphSAGE,22,11,0.1,random,12,0.010819315910339355
GraphSAGE,22,11,0.1,random,13,-0.001808762550354004
GraphSAGE,22,11,0.1,random,14,0.02663242816925049
GraphSAGE,22,11,0.1,random,15,0.020711898803710938
GraphSAGE,22,11,0.1,random,16,0.011723041534423828
GraphSAGE,22,11,0.1,random,17,0.013838052749633789
GraphSAGE,22,11,0.1,random,18,0.009143799543380737
GraphSAGE,22,11,0.1,random,19,0.0017307400703430176
GraphSAGE,22,11,0.2,gnnexplainer,-1,0.04954802989959717
GraphSAGE,22,11,0.2,random,0,0.027397572994232178
GraphSAGE,22,11,0.2,random,1,0.02780899405479431
GraphSAGE,22,11,0.2,random,2,0.03756338357925415
GraphSAGE,22,11,0.2,random,3,-0.003945410251617432
GraphSAGE,22,11,0.2,random,4,0.01317712664604187
GraphSAGE,22,11,0.2,random,5,0.032797157764434814
GraphSAGE,22,11,0.2,random,6,0.03173828125
GraphSAGE,22,11,0.2,random,7,0.026137709617614746
GraphSAGE,22,11,0.2,random,8,0.00457155704498291
GraphSAGE,22,11,0.2,random,9,0.025132298469543457
GraphSAGE,22,11,0.2,random,10,0.009655356407165527
GraphSAGE,22,11,0.2,random,11,-0.012387216091156006
GraphSAGE,22,11,0.2,random,12,0.03427422046661377
GraphSAGE,22,11,0.2,random,13,0.0230235755443573
GraphSAGE,22,11,0.2,random,14,0.007213413715362549
GraphSAGE,22,11,0.2,random,15,0.026707231998443604
GraphSAGE,22,11,0.2,random,16,-0.0013984441757202148
GraphSAGE,22,11,0.2,random,17,0.028896212577819824
GraphSAGE,22,11,0.2,random,18,0.0034772157669067383
GraphSAGE,22,11,0.2,random,19,0.021180927753448486
GraphSAGE,22,23,0.05,gnnexplainer,-1,0.04333433508872986
GraphSAGE,22,23,0.05,random,0,0.0004768967628479004
GraphSAGE,22,23,0.05,random,1,3.6656856536865234e-05
GraphSAGE,22,23,0.05,random,2,0.011327117681503296
GraphSAGE,22,23,0.05,random,3,-0.0010867416858673096
GraphSAGE,22,23,0.05,random,4,0.002072662115097046
GraphSAGE,22,23,0.05,random,5,0.008992403745651245
GraphSAGE,22,23,0.05,random,6,0.011500716209411621
GraphSAGE,22,23,0.05,random,7,0.0018185973167419434
GraphSAGE,22,23,0.05,random,8,0.0017605423927307129
GraphSAGE,22,23,0.05,random,9,0.00323563814163208
GraphSAGE,22,23,0.05,random,10,0.011806845664978027
GraphSAGE,22,23,0.05,random,11,0.008257478475570679
GraphSAGE,22,23,0.05,random,12,0.008803099393844604
GraphSAGE,22,23,0.05,random,13,-0.011125683784484863
GraphSAGE,22,23,0.05,random,14,0.0032819509506225586
GraphSAGE,22,23,0.05,random,15,0.0014216899871826172
GraphSAGE,22,23,0.05,random,16,0.002647697925567627
GraphSAGE,22,23,0.05,random,17,0.008257120847702026
GraphSAGE,22,23,0.05,random,18,0.002054542303085327
GraphSAGE,22,23,0.05,random,19,0.004882335662841797
GraphSAGE,22,23,0.1,gnnexplainer,-1,0.03926485776901245
GraphSAGE,22,23,0.1,random,0,0.0196821391582489
GraphSAGE,22,23,0.1,random,1,0.009018182754516602
GraphSAGE,22,23,0.1,random,2,0.015880942344665527
GraphSAGE,22,23,0.1,random,3,0.013414740562438965
GraphSAGE,22,23,0.1,random,4,0.008887648582458496
GraphSAGE,22,23,0.1,random,5,0.01313018798828125
GraphSAGE,22,23,0.1,random,6,-0.0034903287887573242
GraphSAGE,22,23,0.1,random,7,0.021588295698165894
GraphSAGE,22,23,0.1,random,8,0.01114577054977417
GraphSAGE,22,23,0.1,random,9,-0.004594266414642334
GraphSAGE,22,23,0.1,random,10,0.003988146781921387
GraphSAGE,22,23,0.1,random,11,0.009184449911117554
GraphSAGE,22,23,0.1,random,12,-0.0010103583335876465
GraphSAGE,22,23,0.1,random,13,0.011137843132019043
GraphSAGE,22,23,0.1,random,14,0.010719835758209229
GraphSAGE,22,23,0.1,random,15,0.017680585384368896
GraphSAGE,22,23,0.1,random,16,0.0030508041381835938
GraphSAGE,22,23,0.1,random,17,0.009705901145935059
GraphSAGE,22,23,0.1,random,18,0.00547143816947937
GraphSAGE,22,23,0.1,random,19,0.0094338059425354
GraphSAGE,22,23,0.2,gnnexplainer,-1,0.035958707332611084
GraphSAGE,22,23,0.2,random,0,0.014640182256698608
GraphSAGE,22,23,0.2,random,1,0.03819006681442261
GraphSAGE,22,23,0.2,random,2,0.03133833408355713
GraphSAGE,22,23,0.2,random,3,0.007201641798019409
GraphSAGE,22,23,0.2,random,4,-0.01355975866317749
GraphSAGE,22,23,0.2,random,5,0.00941932201385498
GraphSAGE,22,23,0.2,random,6,0.02648085355758667
GraphSAGE,22,23,0.2,random,7,0.03728616237640381
GraphSAGE,22,23,0.2,random,8,0.020974725484848022
GraphSAGE,22,23,0.2,random,9,0.028443098068237305
GraphSAGE,22,23,0.2,random,10,0.010032624006271362
GraphSAGE,22,23,0.2,random,11,-0.0014484226703643799
GraphSAGE,22,23,0.2,random,12,0.010523378849029541
GraphSAGE,22,23,0.2,random,13,0.02451440691947937
GraphSAGE,22,23,0.2,random,14,0.02059108018875122
GraphSAGE,22,23,0.2,random,15,0.02728554606437683
GraphSAGE,22,23,0.2,random,16,0.020941197872161865
GraphSAGE,22,23,0.2,random,17,0.01998862624168396
GraphSAGE,22,23,0.2,random,18,0.019295871257781982
GraphSAGE,22,23,0.2,random,19,0.027228116989135742
GraphSAGE,22,37,0.05,gnnexplainer,-1,0.0417158305644989
GraphSAGE,22,37,0.05,random,0,-0.0006614029407501221
GraphSAGE,22,37,0.05,random,1,-0.0025910139083862305
GraphSAGE,22,37,0.05,random,2,0.0005574822425842285
GraphSAGE,22,37,0.05,random,3,0.00612717866897583
GraphSAGE,22,37,0.05,random,4,0.005109548568725586
GraphSAGE,22,37,0.05,random,5,0.008037656545639038
GraphSAGE,22,37,0.05,random,6,-0.009852766990661621
GraphSAGE,22,37,0.05,random,7,0.0016919970512390137
GraphSAGE,22,37,0.05,random,8,0.012476891279220581
GraphSAGE,22,37,0.05,random,9,0.007878601551055908
GraphSAGE,22,37,0.05,random,10,0.0064401328563690186
GraphSAGE,22,37,0.05,random,11,-0.0038196146488189697
GraphSAGE,22,37,0.05,random,12,0.007182300090789795
GraphSAGE,22,37,0.05,random,13,0.014671862125396729
GraphSAGE,22,37,0.05,random,14,0.001642674207687378
GraphSAGE,22,37,0.05,random,15,0.005406975746154785
GraphSAGE,22,37,0.05,random,16,0.021559596061706543
GraphSAGE,22,37,0.05,random,17,0.004281759262084961
GraphSAGE,22,37,0.05,random,18,0.006633490324020386
GraphSAGE,22,37,0.05,random,19,-0.0016323328018188477
GraphSAGE,22,37,0.1,gnnexplainer,-1,0.0566001832485199
GraphSAGE,22,37,0.1,random,0,-0.00044530630111694336
GraphSAGE,22,37,0.1,random,1,-0.0001004934310913086
GraphSAGE,22,37,0.1,random,2,0.03195011615753174
GraphSAGE,22,37,0.1,random,3,0.003974795341491699
GraphSAGE,22,37,0.1,random,4,0.01735556125640869
GraphSAGE,22,37,0.1,random,5,-0.0015732347965240479
GraphSAGE,22,37,0.1,random,6,0.010740041732788086
GraphSAGE,22,37,0.1,random,7,0.013962149620056152
GraphSAGE,22,37,0.1,random,8,0.01167270541191101
GraphSAGE,22,37,0.1,random,9,0.019001692533493042
GraphSAGE,22,37,0.1,random,10,0.014429986476898193
GraphSAGE,22,37,0.1,random,11,0.009574413299560547
GraphSAGE,22,37,0.1,random,12,0.02094852924346924
GraphSAGE,22,37,0.1,random,13,0.018310546875
GraphSAGE,22,37,0.1,random,14,-0.00775638222694397
GraphSAGE,22,37,0.1,random,15,0.015931367874145508
GraphSAGE,22,37,0.1,random,16,0.008339762687683105
GraphSAGE,22,37,0.1,random,17,0.010366976261138916
GraphSAGE,22,37,0.1,random,18,0.010988473892211914
GraphSAGE,22,37,0.1,random,19,0.01325380802154541
GraphSAGE,22,37,0.2,gnnexplainer,-1,0.06832563877105713
GraphSAGE,22,37,0.2,random,0,0.006678909063339233
GraphSAGE,22,37,0.2,random,1,0.009134531021118164
GraphSAGE,22,37,0.2,random,2,0.04906389117240906
GraphSAGE,22,37,0.2,random,3,0.024585068225860596
GraphSAGE,22,37,0.2,random,4,0.01121470332145691
GraphSAGE,22,37,0.2,random,5,0.02522870898246765
GraphSAGE,22,37,0.2,random,6,0.03472888469696045
GraphSAGE,22,37,0.2,random,7,0.0068152546882629395
GraphSAGE,22,37,0.2,random,8,0.02227604389190674
GraphSAGE,22,37,0.2,random,9,0.0021866559982299805
GraphSAGE,22,37,0.2,random,10,0.006102085113525391
GraphSAGE,22,37,0.2,random,11,0.005043357610702515
GraphSAGE,22,37,0.2,random,12,0.009137153625488281
GraphSAGE,22,37,0.2,random,13,0.048567235469818115
GraphSAGE,22,37,0.2,random,14,-0.0037335753440856934
GraphSAGE,22,37,0.2,random,15,0.02996647357940674
GraphSAGE,22,37,0.2,random,16,0.02422565221786499
GraphSAGE,22,37,0.2,random,17,0.018112391233444214
GraphSAGE,22,37,0.2,random,18,0.019350945949554443
GraphSAGE,22,37,0.2,random,19,0.020510077476501465
GraphSAGE,33,11,0.05,gnnexplainer,-1,0.01995527744293213
GraphSAGE,33,11,0.05,random,0,-0.002997756004333496
GraphSAGE,33,11,0.05,random,1,0.010928153991699219
GraphSAGE,33,11,0.05,random,2,0.006810367107391357
GraphSAGE,33,11,0.05,random,3,0.0035490989685058594
GraphSAGE,33,11,0.05,random,4,0.004256576299667358
GraphSAGE,33,11,0.05,random,5,0.02039775252342224
GraphSAGE,33,11,0.05,random,6,0.017038345336914062
GraphSAGE,33,11,0.05,random,7,0.0026772022247314453
GraphSAGE,33,11,0.05,random,8,0.003395557403564453
GraphSAGE,33,11,0.05,random,9,0.00638851523399353
GraphSAGE,33,11,0.05,random,10,0.00238916277885437
GraphSAGE,33,11,0.05,random,11,0.00542217493057251
GraphSAGE,33,11,0.05,random,12,0.004693090915679932
GraphSAGE,33,11,0.05,random,13,0.0042688846588134766
GraphSAGE,33,11,0.05,random,14,-0.0031270980834960938
GraphSAGE,33,11,0.05,random,15,0.009790360927581787
GraphSAGE,33,11,0.05,random,16,0.008295625448226929
GraphSAGE,33,11,0.05,random,17,0.012442529201507568
GraphSAGE,33,11,0.05,random,18,0.01321360468864441
GraphSAGE,33,11,0.05,random,19,0.01170659065246582
GraphSAGE,33,11,0.1,gnnexplainer,-1,0.03549477458000183
GraphSAGE,33,11,0.1,random,0,0.011598825454711914
GraphSAGE,33,11,0.1,random,1,0.011350095272064209
GraphSAGE,33,11,0.1,random,2,0.00783953070640564
GraphSAGE,33,11,0.1,random,3,0.025641530752182007
GraphSAGE,33,11,0.1,random,4,0.014696449041366577
GraphSAGE,33,11,0.1,random,5,0.013295531272888184
GraphSAGE,33,11,0.1,random,6,0.008936941623687744
GraphSAGE,33,11,0.1,random,7,0.011144936084747314
GraphSAGE,33,11,0.1,random,8,0.023069381713867188
GraphSAGE,33,11,0.1,random,9,0.005934357643127441
GraphSAGE,33,11,0.1,random,10,0.027344316244125366
GraphSAGE,33,11,0.1,random,11,0.01919454336166382
GraphSAGE,33,11,0.1,random,12,0.011553734540939331
GraphSAGE,33,11,0.1,random,13,0.004236280918121338
GraphSAGE,33,11,0.1,random,14,0.004989206790924072
GraphSAGE,33,11,0.1,random,15,0.015016138553619385
GraphSAGE,33,11,0.1,random,16,0.011464118957519531
GraphSAGE,33,11,0.1,random,17,0.022032737731933594
GraphSAGE,33,11,0.1,random,18,0.015980571508407593
GraphSAGE,33,11,0.1,random,19,0.016145646572113037
GraphSAGE,33,11,0.2,gnnexplainer,-1,0.050256192684173584
GraphSAGE,33,11,0.2,random,0,0.0378413200378418
GraphSAGE,33,11,0.2,random,1,0.029548466205596924
GraphSAGE,33,11,0.2,random,2,0.03454798460006714
GraphSAGE,33,11,0.2,random,3,0.02152085304260254
GraphSAGE,33,11,0.2,random,4,-0.00426638126373291
GraphSAGE,33,11,0.2,random,5,0.01788938045501709
GraphSAGE,33,11,0.2,random,6,0.011848539113998413
GraphSAGE,33,11,0.2,random,7,0.012578487396240234
GraphSAGE,33,11,0.2,random,8,0.03071102499961853
GraphSAGE,33,11,0.2,random,9,0.03046843409538269
GraphSAGE,33,11,0.2,random,10,0.030632615089416504
GraphSAGE,33,11,0.2,random,11,0.016608476638793945
GraphSAGE,33,11,0.2,random,12,0.016672790050506592
GraphSAGE,33,11,0.2,random,13,0.030726999044418335
GraphSAGE,33,11,0.2,random,14,0.010826289653778076
GraphSAGE,33,11,0.2,random,15,0.016433537006378174
GraphSAGE,33,11,0.2,random,16,0.028694480657577515
GraphSAGE,33,11,0.2,random,17,0.01698923110961914
GraphSAGE,33,11,0.2,random,18,0.02854853868484497
GraphSAGE,33,11,0.2,random,19,0.02577507495880127
GraphSAGE,33,23,0.05,gnnexplainer,-1,0.021333813667297363
GraphSAGE,33,23,0.05,random,0,0.007077336311340332
GraphSAGE,33,23,0.05,random,1,-0.0023130178451538086
GraphSAGE,33,23,0.05,random,2,-0.0010384619235992432
GraphSAGE,33,23,0.05,random,3,0.004952162504196167
GraphSAGE,33,23,0.05,random,4,0.005350589752197266
GraphSAGE,33,23,0.05,random,5,0.009394645690917969
GraphSAGE,33,23,0.05,random,6,0.0036162734031677246
GraphSAGE,33,23,0.05,random,7,0.00936669111251831
GraphSAGE,33,23,0.05,random,8,0.0025646090507507324
GraphSAGE,33,23,0.05,random,9,0.007356405258178711
GraphSAGE,33,23,0.05,random,10,0.009684622287750244
GraphSAGE,33,23,0.05,random,11,0.001766294240951538
GraphSAGE,33,23,0.05,random,12,0.0007816553115844727
GraphSAGE,33,23,0.05,random,13,0.012700498104095459
GraphSAGE,33,23,0.05,random,14,0.007801711559295654
GraphSAGE,33,23,0.05,random,15,0.00853419303894043
GraphSAGE,33,23,0.05,random,16,-0.0001443028450012207
GraphSAGE,33,23,0.05,random,17,0.006303966045379639
GraphSAGE,33,23,0.05,random,18,0.003943264484405518
GraphSAGE,33,23,0.05,random,19,0.0037040114402770996
GraphSAGE,33,23,0.1,gnnexplainer,-1,0.035016417503356934
GraphSAGE,33,23,0.1,random,0,0.004895687103271484
GraphSAGE,33,23,0.1,random,1,0.009721845388412476
GraphSAGE,33,23,0.1,random,2,0.010414093732833862
GraphSAGE,33,23,0.1,random,3,-0.0013393163681030273
GraphSAGE,33,23,0.1,random,4,0.00945812463760376
GraphSAGE,33,23,0.1,random,5,0.002773761749267578
GraphSAGE,33,23,0.1,random,6,0.015186160802841187
GraphSAGE,33,23,0.1,random,7,0.008494794368743896
GraphSAGE,33,23,0.1,random,8,0.01641640067100525
GraphSAGE,33,23,0.1,random,9,0.025667548179626465
GraphSAGE,33,23,0.1,random,10,0.012093007564544678
GraphSAGE,33,23,0.1,random,11,0.015927404165267944
GraphSAGE,33,23,0.1,random,12,0.008743643760681152
GraphSAGE,33,23,0.1,random,13,0.003851771354675293
GraphSAGE,33,23,0.1,random,14,0.020178616046905518
GraphSAGE,33,23,0.1,random,15,0.014974325895309448
GraphSAGE,33,23,0.1,random,16,0.01603621244430542
GraphSAGE,33,23,0.1,random,17,0.015111386775970459
GraphSAGE,33,23,0.1,random,18,0.012004256248474121
GraphSAGE,33,23,0.1,random,19,0.020407676696777344
GraphSAGE,33,23,0.2,gnnexplainer,-1,0.04395732283592224
GraphSAGE,33,23,0.2,random,0,0.025776386260986328
GraphSAGE,33,23,0.2,random,1,0.014580339193344116
GraphSAGE,33,23,0.2,random,2,0.027220696210861206
GraphSAGE,33,23,0.2,random,3,0.03427243232727051
GraphSAGE,33,23,0.2,random,4,0.007285594940185547
GraphSAGE,33,23,0.2,random,5,0.02945566177368164
GraphSAGE,33,23,0.2,random,6,0.023620575666427612
GraphSAGE,33,23,0.2,random,7,0.013138294219970703
GraphSAGE,33,23,0.2,random,8,0.01761913299560547
GraphSAGE,33,23,0.2,random,9,0.018526196479797363
GraphSAGE,33,23,0.2,random,10,0.04517778754234314
GraphSAGE,33,23,0.2,random,11,0.021346986293792725
GraphSAGE,33,23,0.2,random,12,0.02070757746696472
GraphSAGE,33,23,0.2,random,13,0.023245513439178467
GraphSAGE,33,23,0.2,random,14,0.03266832232475281
GraphSAGE,33,23,0.2,random,15,0.02067551016807556
GraphSAGE,33,23,0.2,random,16,0.0214424729347229
GraphSAGE,33,23,0.2,random,17,0.025609135627746582
GraphSAGE,33,23,0.2,random,18,0.02037009596824646
GraphSAGE,33,23,0.2,random,19,0.01564311981201172
GraphSAGE,33,37,0.05,gnnexplainer,-1,0.021563827991485596
GraphSAGE,33,37,0.05,random,0,0.006468236446380615
GraphSAGE,33,37,0.05,random,1,0.006750643253326416
GraphSAGE,33,37,0.05,random,2,-0.0006114840507507324
GraphSAGE,33,37,0.05,random,3,0.011913180351257324
GraphSAGE,33,37,0.05,random,4,0.0017924308776855469
GraphSAGE,33,37,0.05,random,5,0.0007217526435852051
GraphSAGE,33,37,0.05,random,6,0.001927495002746582
GraphSAGE,33,37,0.05,random,7,0.009815216064453125
GraphSAGE,33,37,0.05,random,8,-0.001865386962890625
GraphSAGE,33,37,0.05,random,9,0.0015848875045776367
GraphSAGE,33,37,0.05,random,10,0.010167568922042847
GraphSAGE,33,37,0.05,random,11,0.008375346660614014
GraphSAGE,33,37,0.05,random,12,0.011624634265899658
GraphSAGE,33,37,0.05,random,13,0.008499681949615479
GraphSAGE,33,37,0.05,random,14,0.006927847862243652
GraphSAGE,33,37,0.05,random,15,0.009964585304260254
GraphSAGE,33,37,0.05,random,16,0.011589586734771729
GraphSAGE,33,37,0.05,random,17,0.0007594823837280273
GraphSAGE,33,37,0.05,random,18,0.01116451621055603
GraphSAGE,33,37,0.05,random,19,0.004588186740875244
GraphSAGE,33,37,0.1,gnnexplainer,-1,0.02821815013885498
GraphSAGE,33,37,0.1,random,0,0.021890252828598022
GraphSAGE,33,37,0.1,random,1,0.007700800895690918
GraphSAGE,33,37,0.1,random,2,0.011659085750579834
GraphSAGE,33,37,0.1,random,3,0.0008581280708312988
GraphSAGE,33,37,0.1,random,4,0.012872755527496338
GraphSAGE,33,37,0.1,random,5,0.00970420241355896
GraphSAGE,33,37,0.1,random,6,0.014418363571166992
GraphSAGE,33,37,0.1,random,7,0.0064750611782073975
GraphSAGE,33,37,0.1,random,8,0.013062715530395508
GraphSAGE,33,37,0.1,random,9,0.01392287015914917
GraphSAGE,33,37,0.1,random,10,0.014713495969772339
GraphSAGE,33,37,0.1,random,11,0.016339033842086792
GraphSAGE,33,37,0.1,random,12,0.023651689291000366
GraphSAGE,33,37,0.1,random,13,0.005736351013183594
GraphSAGE,33,37,0.1,random,14,-0.0036373138427734375
GraphSAGE,33,37,0.1,random,15,0.010340183973312378
GraphSAGE,33,37,0.1,random,16,0.002073138952255249
GraphSAGE,33,37,0.1,random,17,0.004002422094345093
GraphSAGE,33,37,0.1,random,18,0.004745930433273315
GraphSAGE,33,37,0.1,random,19,0.010487854480743408
GraphSAGE,33,37,0.2,gnnexplainer,-1,0.03166615962982178
GraphSAGE,33,37,0.2,random,0,0.013465166091918945
GraphSAGE,33,37,0.2,random,1,0.016157448291778564
GraphSAGE,33,37,0.2,random,2,0.007109016180038452
GraphSAGE,33,37,0.2,random,3,0.017378538846969604
GraphSAGE,33,37,0.2,random,4,0.033418744802474976
GraphSAGE,33,37,0.2,random,5,0.01879867911338806
GraphSAGE,33,37,0.2,random,6,0.014737367630004883
GraphSAGE,33,37,0.2,random,7,0.0294247567653656
GraphSAGE,33,37,0.2,random,8,0.02395617961883545
GraphSAGE,33,37,0.2,random,9,0.030146300792694092
GraphSAGE,33,37,0.2,random,10,0.023907601833343506
GraphSAGE,33,37,0.2,random,11,0.0217934250831604
GraphSAGE,33,37,0.2,random,12,-0.00017601251602172852
GraphSAGE,33,37,0.2,random,13,0.007234305143356323
GraphSAGE,33,37,0.2,random,14,0.022622287273406982
GraphSAGE,33,37,0.2,random,15,0.020616531372070312
GraphSAGE,33,37,0.2,random,16,0.009893953800201416
GraphSAGE,33,37,0.2,random,17,0.021684646606445312
GraphSAGE,33,37,0.2,random,18,0.0361751914024353
GraphSAGE,33,37,0.2,random,19,0.03161966800689697
GraphSAGE,54,11,0.05,gnnexplainer,-1,0.03322941064834595
GraphSAGE,54,11,0.05,random,0,0.018107682466506958
GraphSAGE,54,11,0.05,random,1,-0.0005013644695281982
GraphSAGE,54,11,0.05,random,2,0.018253356218338013
GraphSAGE,54,11,0.05,random,3,0.006461054086685181
GraphSAGE,54,11,0.05,random,4,-0.009602278470993042
GraphSAGE,54,11,0.05,random,5,0.0017386972904205322
GraphSAGE,54,11,0.05,random,6,0.007036387920379639
GraphSAGE,54,11,0.05,random,7,0.02434101700782776
GraphSAGE,54,11,0.05,random,8,0.011557191610336304
GraphSAGE,54,11,0.05,random,9,0.01648971438407898
GraphSAGE,54,11,0.05,random,10,-0.004420220851898193
GraphSAGE,54,11,0.05,random,11,0.0053202807903289795
GraphSAGE,54,11,0.05,random,12,0.02975723147392273
GraphSAGE,54,11,0.05,random,13,0.028229862451553345
GraphSAGE,54,11,0.05,random,14,0.015119820833206177
GraphSAGE,54,11,0.05,random,15,0.012398898601531982
GraphSAGE,54,11,0.05,random,16,0.010657697916030884
GraphSAGE,54,11,0.05,random,17,0.007148802280426025
GraphSAGE,54,11,0.05,random,18,0.018209189176559448
GraphSAGE,54,11,0.05,random,19,0.005951106548309326
GraphSAGE,54,11,0.1,gnnexplainer,-1,0.045615166425704956
GraphSAGE,54,11,0.1,random,0,0.013975679874420166
GraphSAGE,54,11,0.1,random,1,0.01654830574989319
GraphSAGE,54,11,0.1,random,2,0.03275883197784424
GraphSAGE,54,11,0.1,random,3,-0.0031266212463378906
GraphSAGE,54,11,0.1,random,4,0.011923730373382568
GraphSAGE,54,11,0.1,random,5,0.022040069103240967
GraphSAGE,54,11,0.1,random,6,0.03514900803565979
GraphSAGE,54,11,0.1,random,7,-0.011113464832305908
GraphSAGE,54,11,0.1,random,8,0.0067288875579833984
GraphSAGE,54,11,0.1,random,9,0.032988935708999634
GraphSAGE,54,11,0.1,random,10,0.010172545909881592
GraphSAGE,54,11,0.1,random,11,0.026721268892288208
GraphSAGE,54,11,0.1,random,12,0.02646276354789734
GraphSAGE,54,11,0.1,random,13,0.017929881811141968
GraphSAGE,54,11,0.1,random,14,0.015691250562667847
GraphSAGE,54,11,0.1,random,15,0.0005226433277130127
GraphSAGE,54,11,0.1,random,16,0.023159563541412354
GraphSAGE,54,11,0.1,random,17,0.022955387830734253
GraphSAGE,54,11,0.1,random,18,0.030633270740509033
GraphSAGE,54,11,0.1,random,19,0.016068071126937866
GraphSAGE,54,11,0.2,gnnexplainer,-1,0.06783726811408997
GraphSAGE,54,11,0.2,random,0,0.0335327684879303
GraphSAGE,54,11,0.2,random,1,0.01404261589050293
GraphSAGE,54,11,0.2,random,2,0.021968871355056763
GraphSAGE,54,11,0.2,random,3,0.025839537382125854
GraphSAGE,54,11,0.2,random,4,0.027320057153701782
GraphSAGE,54,11,0.2,random,5,0.02608320116996765
GraphSAGE,54,11,0.2,random,6,0.022516578435897827
GraphSAGE,54,11,0.2,random,7,0.03757724165916443
GraphSAGE,54,11,0.2,random,8,0.0426500141620636
GraphSAGE,54,11,0.2,random,9,0.036939769983291626
GraphSAGE,54,11,0.2,random,10,0.01594480872154236
GraphSAGE,54,11,0.2,random,11,0.01639118790626526
GraphSAGE,54,11,0.2,random,12,0.05070573091506958
GraphSAGE,54,11,0.2,random,13,0.002199918031692505
GraphSAGE,54,11,0.2,random,14,0.010884106159210205
GraphSAGE,54,11,0.2,random,15,0.019938915967941284
GraphSAGE,54,11,0.2,random,16,0.03441384434700012
GraphSAGE,54,11,0.2,random,17,0.038265377283096313
GraphSAGE,54,11,0.2,random,18,0.0463312566280365
GraphSAGE,54,11,0.2,random,19,0.023458093404769897
GraphSAGE,54,23,0.05,gnnexplainer,-1,0.0429740846157074
GraphSAGE,54,23,0.05,random,0,0.007885664701461792
GraphSAGE,54,23,0.05,random,1,0.01588839292526245
GraphSAGE,54,23,0.05,random,2,0.005577534437179565
GraphSAGE,54,23,0.05,random,3,-0.00024646520614624023
GraphSAGE,54,23,0.05,random,4,0.009240657091140747
GraphSAGE,54,23,0.05,random,5,0.0030345618724823
GraphSAGE,54,23,0.05,random,6,0.008588969707489014
GraphSAGE,54,23,0.05,random,7,-0.0055658817291259766
GraphSAGE,54,23,0.05,random,8,0.014533013105392456
GraphSAGE,54,23,0.05,random,9,0.012152403593063354
GraphSAGE,54,23,0.05,random,10,0.002133607864379883
GraphSAGE,54,23,0.05,random,11,0.008248120546340942
GraphSAGE,54,23,0.05,random,12,0.005554765462875366
GraphSAGE,54,23,0.05,random,13,0.00923505425453186
GraphSAGE,54,23,0.05,random,14,0.01441192626953125
GraphSAGE,54,23,0.05,random,15,0.014281094074249268
GraphSAGE,54,23,0.05,random,16,0.013588964939117432
GraphSAGE,54,23,0.05,random,17,0.016048014163970947
GraphSAGE,54,23,0.05,random,18,0.007590681314468384
GraphSAGE,54,23,0.05,random,19,0.014868557453155518
GraphSAGE,54,23,0.1,gnnexplainer,-1,0.049303680658340454
GraphSAGE,54,23,0.1,random,0,0.007025867700576782
GraphSAGE,54,23,0.1,random,1,0.034284502267837524
GraphSAGE,54,23,0.1,random,2,0.004719555377960205
GraphSAGE,54,23,0.1,random,3,0.03322461247444153
GraphSAGE,54,23,0.1,random,4,0.03359121084213257
GraphSAGE,54,23,0.1,random,5,0.005988210439682007
GraphSAGE,54,23,0.1,random,6,0.005601376295089722
GraphSAGE,54,23,0.1,random,7,-0.007706135511398315
GraphSAGE,54,23,0.1,random,8,-0.00014832615852355957
GraphSAGE,54,23,0.1,random,9,0.016149938106536865
GraphSAGE,54,23,0.1,random,10,0.014330387115478516
GraphSAGE,54,23,0.1,random,11,0.009451478719711304
GraphSAGE,54,23,0.1,random,12,0.01566365361213684
GraphSAGE,54,23,0.1,random,13,0.020324617624282837
GraphSAGE,54,23,0.1,random,14,0.010627686977386475
GraphSAGE,54,23,0.1,random,15,0.017170220613479614
GraphSAGE,54,23,0.1,random,16,0.018012940883636475
GraphSAGE,54,23,0.1,random,17,0.017502397298812866
GraphSAGE,54,23,0.1,random,18,-0.005241215229034424
GraphSAGE,54,23,0.1,random,19,0.002536386251449585
GraphSAGE,54,23,0.2,gnnexplainer,-1,0.08151108026504517
GraphSAGE,54,23,0.2,random,0,0.025273263454437256
GraphSAGE,54,23,0.2,random,1,0.04361158609390259
GraphSAGE,54,23,0.2,random,2,0.04389876127243042
GraphSAGE,54,23,0.2,random,3,-0.005311697721481323
GraphSAGE,54,23,0.2,random,4,0.028333991765975952
GraphSAGE,54,23,0.2,random,5,0.03068917989730835
GraphSAGE,54,23,0.2,random,6,-0.00044980645179748535
GraphSAGE,54,23,0.2,random,7,0.006790429353713989
GraphSAGE,54,23,0.2,random,8,0.01689392328262329
GraphSAGE,54,23,0.2,random,9,0.01924842596054077
GraphSAGE,54,23,0.2,random,10,0.005123645067214966
GraphSAGE,54,23,0.2,random,11,0.02871432900428772
GraphSAGE,54,23,0.2,random,12,0.002248048782348633
GraphSAGE,54,23,0.2,random,13,0.03300026059150696
GraphSAGE,54,23,0.2,random,14,0.035436421632766724
GraphSAGE,54,23,0.2,random,15,0.0019667446613311768
GraphSAGE,54,23,0.2,random,16,0.0041870176792144775
GraphSAGE,54,23,0.2,random,17,0.010064393281936646
GraphSAGE,54,23,0.2,random,18,0.04312369227409363
GraphSAGE,54,23,0.2,random,19,0.020147889852523804
GraphSAGE,54,37,0.05,gnnexplainer,-1,0.04450061917304993
GraphSAGE,54,37,0.05,random,0,0.0226803719997406
GraphSAGE,54,37,0.05,random,1,0.01644235849380493
GraphSAGE,54,37,0.05,random,2,0.031292110681533813
GraphSAGE,54,37,0.05,random,3,0.007641822099685669
GraphSAGE,54,37,0.05,random,4,0.026746809482574463
GraphSAGE,54,37,0.05,random,5,0.016055583953857422
GraphSAGE,54,37,0.05,random,6,0.013919144868850708
GraphSAGE,54,37,0.05,random,7,0.008313566446304321
GraphSAGE,54,37,0.05,random,8,0.009276270866394043
GraphSAGE,54,37,0.05,random,9,0.0027199089527130127
GraphSAGE,54,37,0.05,random,10,0.003147512674331665
GraphSAGE,54,37,0.05,random,11,0.010340124368667603
GraphSAGE,54,37,0.05,random,12,0.006762593984603882
GraphSAGE,54,37,0.05,random,13,0.018950551748275757
GraphSAGE,54,37,0.05,random,14,0.00036200881004333496
GraphSAGE,54,37,0.05,random,15,0.01883867383003235
GraphSAGE,54,37,0.05,random,16,0.025571495294570923
GraphSAGE,54,37,0.05,random,17,7.334351539611816e-05
GraphSAGE,54,37,0.05,random,18,0.0028657615184783936
GraphSAGE,54,37,0.05,random,19,0.008531361818313599
GraphSAGE,54,37,0.1,gnnexplainer,-1,0.06470423936843872
GraphSAGE,54,37,0.1,random,0,0.01688748598098755
GraphSAGE,54,37,0.1,random,1,-0.007651537656784058
GraphSAGE,54,37,0.1,random,2,0.014493972063064575
GraphSAGE,54,37,0.1,random,3,0.023653358221054077
GraphSAGE,54,37,0.1,random,4,0.014055579900741577
GraphSAGE,54,37,0.1,random,5,0.0038954317569732666
GraphSAGE,54,37,0.1,random,6,0.03201398253440857
GraphSAGE,54,37,0.1,random,7,-0.0024825632572174072
GraphSAGE,54,37,0.1,random,8,0.014938026666641235
GraphSAGE,54,37,0.1,random,9,0.03876599669456482
GraphSAGE,54,37,0.1,random,10,0.020056158304214478
GraphSAGE,54,37,0.1,random,11,0.017827123403549194
GraphSAGE,54,37,0.1,random,12,0.032790809869766235
GraphSAGE,54,37,0.1,random,13,0.024624615907669067
GraphSAGE,54,37,0.1,random,14,0.03609994053840637
GraphSAGE,54,37,0.1,random,15,0.012568444013595581
GraphSAGE,54,37,0.1,random,16,0.00829818844795227
GraphSAGE,54,37,0.1,random,17,0.009853571653366089
GraphSAGE,54,37,0.1,random,18,0.032266050577163696
GraphSAGE,54,37,0.1,random,19,-0.005644291639328003
GraphSAGE,54,37,0.2,gnnexplainer,-1,0.08430829644203186
GraphSAGE,54,37,0.2,random,0,0.05258864164352417
GraphSAGE,54,37,0.2,random,1,0.03250470757484436
GraphSAGE,54,37,0.2,random,2,0.03171330690383911
GraphSAGE,54,37,0.2,random,3,0.015428155660629272
GraphSAGE,54,37,0.2,random,4,0.023179709911346436
GraphSAGE,54,37,0.2,random,5,0.031020432710647583
GraphSAGE,54,37,0.2,random,6,0.011259645223617554
GraphSAGE,54,37,0.2,random,7,0.03148052096366882
GraphSAGE,54,37,0.2,random,8,0.03546839952468872
GraphSAGE,54,37,0.2,random,9,0.02189776301383972
GraphSAGE,54,37,0.2,random,10,0.023091375827789307
GraphSAGE,54,37,0.2,random,11,0.014791280031204224
GraphSAGE,54,37,0.2,random,12,0.022683799266815186
GraphSAGE,54,37,0.2,random,13,0.02929738163948059
GraphSAGE,54,37,0.2,random,14,0.025145530700683594
GraphSAGE,54,37,0.2,random,15,0.011795103549957275
GraphSAGE,54,37,0.2,random,16,0.01608791947364807
GraphSAGE,54,37,0.2,random,17,0.02274864912033081
GraphSAGE,54,37,0.2,random,18,0.012789666652679443
GraphSAGE,54,37,0.2,random,19,0.07036623358726501
GraphSAGE,56,11,0.05,gnnexplainer,-1,0.019156314432621002
GraphSAGE,56,11,0.05,random,0,0.011637218296527863
GraphSAGE,56,11,0.05,random,1,0.009092830121517181
GraphSAGE,56,11,0.05,random,2,0.014901556074619293
GraphSAGE,56,11,0.05,random,3,0.012088708579540253
GraphSAGE,56,11,0.05,random,4,0.012236036360263824
GraphSAGE,56,11,0.05,random,5,0.008935175836086273
GraphSAGE,56,11,0.05,random,6,0.01155630499124527
GraphSAGE,56,11,0.05,random,7,0.010267384350299835
GraphSAGE,56,11,0.05,random,8,0.009825088083744049
GraphSAGE,56,11,0.05,random,9,0.01041092723608017
GraphSAGE,56,11,0.05,random,10,0.012585170567035675
GraphSAGE,56,11,0.05,random,11,0.011913977563381195
GraphSAGE,56,11,0.05,random,12,0.013041146099567413
GraphSAGE,56,11,0.05,random,13,0.011323876678943634
GraphSAGE,56,11,0.05,random,14,0.01067063957452774
GraphSAGE,56,11,0.05,random,15,0.011130891740322113
GraphSAGE,56,11,0.05,random,16,0.01065882295370102
GraphSAGE,56,11,0.05,random,17,0.010825328528881073
GraphSAGE,56,11,0.05,random,18,0.011377252638339996
GraphSAGE,56,11,0.05,random,19,0.008412428200244904
GraphSAGE,56,11,0.1,gnnexplainer,-1,0.0333709791302681
GraphSAGE,56,11,0.1,random,0,0.022995077073574066
GraphSAGE,56,11,0.1,random,1,0.020428039133548737
GraphSAGE,56,11,0.1,random,2,0.020107649266719818
GraphSAGE,56,11,0.1,random,3,0.020603545010089874
GraphSAGE,56,11,0.1,random,4,0.027799345552921295
GraphSAGE,56,11,0.1,random,5,0.016962923109531403
GraphSAGE,56,11,0.1,random,6,0.01925792545080185
GraphSAGE,56,11,0.1,random,7,0.019386298954486847
GraphSAGE,56,11,0.1,random,8,0.01921350508928299
GraphSAGE,56,11,0.1,random,9,0.020567677915096283
GraphSAGE,56,11,0.1,random,10,0.022452108561992645
GraphSAGE,56,11,0.1,random,11,0.01869315654039383
GraphSAGE,56,11,0.1,random,12,0.014365769922733307
GraphSAGE,56,11,0.1,random,13,0.02334894984960556
GraphSAGE,56,11,0.1,random,14,0.02166459709405899
GraphSAGE,56,11,0.1,random,15,0.020196296274662018
GraphSAGE,56,11,0.1,random,16,0.017915643751621246
GraphSAGE,56,11,0.1,random,17,0.018986158072948456
GraphSAGE,56,11,0.1,random,18,0.01766175776720047
GraphSAGE,56,11,0.1,random,19,0.019763387739658356
GraphSAGE,56,11,0.2,gnnexplainer,-1,0.06576039642095566
GraphSAGE,56,11,0.2,random,0,0.040965162217617035
GraphSAGE,56,11,0.2,random,1,0.044399045407772064
GraphSAGE,56,11,0.2,random,2,0.04283180087804794
GraphSAGE,56,11,0.2,random,3,0.0480368509888649
GraphSAGE,56,11,0.2,random,4,0.03659691661596298
GraphSAGE,56,11,0.2,random,5,0.046016134321689606
GraphSAGE,56,11,0.2,random,6,0.0471239909529686
GraphSAGE,56,11,0.2,random,7,0.05129099637269974
GraphSAGE,56,11,0.2,random,8,0.043693698942661285
GraphSAGE,56,11,0.2,random,9,0.04978444427251816
GraphSAGE,56,11,0.2,random,10,0.04315353184938431
GraphSAGE,56,11,0.2,random,11,0.04338211566209793
GraphSAGE,56,11,0.2,random,12,0.04814029484987259
GraphSAGE,56,11,0.2,random,13,0.05273095518350601
GraphSAGE,56,11,0.2,random,14,0.048280246555805206
GraphSAGE,56,11,0.2,random,15,0.04683459550142288
GraphSAGE,56,11,0.2,random,16,0.05109144002199173
GraphSAGE,56,11,0.2,random,17,0.04026509076356888
GraphSAGE,56,11,0.2,random,18,0.04301045089960098
GraphSAGE,56,11,0.2,random,19,0.046528302133083344
GraphSAGE,56,23,0.05,gnnexplainer,-1,0.020965464413166046
GraphSAGE,56,23,0.05,random,0,0.011781476438045502
GraphSAGE,56,23,0.05,random,1,0.010377712547779083
GraphSAGE,56,23,0.05,random,2,0.004111014306545258
GraphSAGE,56,23,0.05,random,3,0.009676225483417511
GraphSAGE,56,23,0.05,random,4,0.011939533054828644
GraphSAGE,56,23,0.05,random,5,0.008580900728702545
GraphSAGE,56,23,0.05,random,6,0.011558018624782562
GraphSAGE,56,23,0.05,random,7,0.007362090051174164
GraphSAGE,56,23,0.05,random,8,0.011101163923740387
GraphSAGE,56,23,0.05,random,9,0.010071642696857452
GraphSAGE,56,23,0.05,random,10,0.011932827532291412
GraphSAGE,56,23,0.05,random,11,0.009865231812000275
GraphSAGE,56,23,0.05,random,12,0.009855560958385468
GraphSAGE,56,23,0.05,random,13,0.009966425597667694
GraphSAGE,56,23,0.05,random,14,0.0065070390701293945
GraphSAGE,56,23,0.05,random,15,0.011336125433444977
GraphSAGE,56,23,0.05,random,16,0.011352606117725372
GraphSAGE,56,23,0.05,random,17,0.013148553669452667
GraphSAGE,56,23,0.05,random,18,0.008070550858974457
GraphSAGE,56,23,0.05,random,19,0.011987976729869843
GraphSAGE,56,23,0.1,gnnexplainer,-1,0.03696037083864212
GraphSAGE,56,23,0.1,random,0,0.021908901631832123
GraphSAGE,56,23,0.1,random,1,0.016269661486148834
GraphSAGE,56,23,0.1,random,2,0.025366075336933136
GraphSAGE,56,23,0.1,random,3,0.02407706528902054
GraphSAGE,56,23,0.1,random,4,0.019575752317905426
GraphSAGE,56,23,0.1,random,5,0.020409144461154938
GraphSAGE,56,23,0.1,random,6,0.021397419273853302
GraphSAGE,56,23,0.1,random,7,0.019009359180927277
GraphSAGE,56,23,0.1,random,8,0.018333174288272858
GraphSAGE,56,23,0.1,random,9,0.019970200955867767
GraphSAGE,56,23,0.1,random,10,0.02213851362466812
GraphSAGE,56,23,0.1,random,11,0.017852045595645905
GraphSAGE,56,23,0.1,random,12,0.018512628972530365
GraphSAGE,56,23,0.1,random,13,0.020237691700458527
GraphSAGE,56,23,0.1,random,14,0.021689660847187042
GraphSAGE,56,23,0.1,random,15,0.017095692455768585
GraphSAGE,56,23,0.1,random,16,0.01930900663137436
GraphSAGE,56,23,0.1,random,17,0.018866993486881256
GraphSAGE,56,23,0.1,random,18,0.021418072283267975
GraphSAGE,56,23,0.1,random,19,0.02337680011987686
GraphSAGE,56,23,0.2,gnnexplainer,-1,0.06518729776144028
GraphSAGE,56,23,0.2,random,0,0.044535957276821136
GraphSAGE,56,23,0.2,random,1,0.0514068678021431
GraphSAGE,56,23,0.2,random,2,0.046704359352588654
GraphSAGE,56,23,0.2,random,3,0.04928942769765854
GraphSAGE,56,23,0.2,random,4,0.048004575073719025
GraphSAGE,56,23,0.2,random,5,0.04807186871767044
GraphSAGE,56,23,0.2,random,6,0.05275043100118637
GraphSAGE,56,23,0.2,random,7,0.04472921043634415
GraphSAGE,56,23,0.2,random,8,0.04299066215753555
GraphSAGE,56,23,0.2,random,9,0.04275336116552353
GraphSAGE,56,23,0.2,random,10,0.05367732793092728
GraphSAGE,56,23,0.2,random,11,0.04228558391332626
GraphSAGE,56,23,0.2,random,12,0.05097735673189163
GraphSAGE,56,23,0.2,random,13,0.04301143437623978
GraphSAGE,56,23,0.2,random,14,0.04617632180452347
GraphSAGE,56,23,0.2,random,15,0.04711455851793289
GraphSAGE,56,23,0.2,random,16,0.043187789618968964
GraphSAGE,56,23,0.2,random,17,0.04216558486223221
GraphSAGE,56,23,0.2,random,18,0.04027170687913895
GraphSAGE,56,23,0.2,random,19,0.04209030419588089
GraphSAGE,56,37,0.05,gnnexplainer,-1,0.02122712880373001
GraphSAGE,56,37,0.05,random,0,0.00696253776550293
GraphSAGE,56,37,0.05,random,1,0.009624816477298737
GraphSAGE,56,37,0.05,random,2,0.006341502070426941
GraphSAGE,56,37,0.05,random,3,0.00944075733423233
GraphSAGE,56,37,0.05,random,4,0.011597059667110443
GraphSAGE,56,37,0.05,random,5,0.012121282517910004
GraphSAGE,56,37,0.05,random,6,0.013722561299800873
GraphSAGE,56,37,0.05,random,7,0.01019289344549179
GraphSAGE,56,37,0.05,random,8,0.00916803628206253
GraphSAGE,56,37,0.05,random,9,0.012221939861774445
GraphSAGE,56,37,0.05,random,10,0.010194115340709686
GraphSAGE,56,37,0.05,random,11,0.011790670454502106
GraphSAGE,56,37,0.05,random,12,0.01145995408296585
GraphSAGE,56,37,0.05,random,13,0.008289076387882233
GraphSAGE,56,37,0.05,random,14,0.008738689124584198
GraphSAGE,56,37,0.05,random,15,0.010477699339389801
GraphSAGE,56,37,0.05,random,16,0.008420638740062714
GraphSAGE,56,37,0.05,random,17,0.010198183357715607
GraphSAGE,56,37,0.05,random,18,0.013048268854618073
GraphSAGE,56,37,0.05,random,19,0.008057601749897003
GraphSAGE,56,37,0.1,gnnexplainer,-1,0.03529677540063858
GraphSAGE,56,37,0.1,random,0,0.022561736404895782
GraphSAGE,56,37,0.1,random,1,0.017805732786655426
GraphSAGE,56,37,0.1,random,2,0.015621878206729889
GraphSAGE,56,37,0.1,random,3,0.025967217981815338
GraphSAGE,56,37,0.1,random,4,0.02358096092939377
GraphSAGE,56,37,0.1,random,5,0.020870335400104523
GraphSAGE,56,37,0.1,random,6,0.025260470807552338
GraphSAGE,56,37,0.1,random,7,0.021325863897800446
GraphSAGE,56,37,0.1,random,8,0.019105754792690277
GraphSAGE,56,37,0.1,random,9,0.01853998750448227
GraphSAGE,56,37,0.1,random,10,0.022691018879413605
GraphSAGE,56,37,0.1,random,11,0.019832290709018707
GraphSAGE,56,37,0.1,random,12,0.019412584602832794
GraphSAGE,56,37,0.1,random,13,0.01964636892080307
GraphSAGE,56,37,0.1,random,14,0.021029703319072723
GraphSAGE,56,37,0.1,random,15,0.018580205738544464
GraphSAGE,56,37,0.1,random,16,0.019929058849811554
GraphSAGE,56,37,0.1,random,17,0.02188894897699356
GraphSAGE,56,37,0.1,random,18,0.01736251264810562
GraphSAGE,56,37,0.1,random,19,0.020309485495090485
GraphSAGE,56,37,0.2,gnnexplainer,-1,0.06835129112005234
GraphSAGE,56,37,0.2,random,0,0.03982914239168167
GraphSAGE,56,37,0.2,random,1,0.04225049167871475
GraphSAGE,56,37,0.2,random,2,0.0516401007771492
GraphSAGE,56,37,0.2,random,3,0.045524634420871735
GraphSAGE,56,37,0.2,random,4,0.04267478734254837
GraphSAGE,56,37,0.2,random,5,0.049465812742710114
GraphSAGE,56,37,0.2,random,6,0.043014250695705414
GraphSAGE,56,37,0.2,random,7,0.04866059869527817
GraphSAGE,56,37,0.2,random,8,0.05286402255296707
GraphSAGE,56,37,0.2,random,9,0.049368180334568024
GraphSAGE,56,37,0.2,random,10,0.05023787170648575
GraphSAGE,56,37,0.2,random,11,0.04047108441591263
GraphSAGE,56,37,0.2,random,12,0.03990546613931656
GraphSAGE,56,37,0.2,random,13,0.04118780046701431
GraphSAGE,56,37,0.2,random,14,0.04978302866220474
GraphSAGE,56,37,0.2,random,15,0.04375400394201279
GraphSAGE,56,37,0.2,random,16,0.042671628296375275
GraphSAGE,56,37,0.2,random,17,0.050875984132289886
GraphSAGE,56,37,0.2,random,18,0.04473986476659775
GraphSAGE,56,37,0.2,random,19,0.0506785586476326
GraphSAGE,58,11,0.05,gnnexplainer,-1,0.0007393062114715576
GraphSAGE,58,11,0.05,random,0,0.0013971030712127686
GraphSAGE,58,11,0.05,random,1,0.0021981000900268555
GraphSAGE,58,11,0.05,random,2,-0.006876111030578613
GraphSAGE,58,11,0.05,random,3,0.0047338902950286865
GraphSAGE,58,11,0.05,random,4,0.002754807472229004
GraphSAGE,58,11,0.05,random,5,0.004637598991394043
GraphSAGE,58,11,0.05,random,6,0.004905670881271362
GraphSAGE,58,11,0.05,random,7,0.00235748291015625
GraphSAGE,58,11,0.05,random,8,0.0009793639183044434
GraphSAGE,58,11,0.05,random,9,0.00666964054107666
GraphSAGE,58,11,0.05,random,10,-0.0021687746047973633
GraphSAGE,58,11,0.05,random,11,0.0016591548919677734
GraphSAGE,58,11,0.05,random,12,-0.0016695857048034668
GraphSAGE,58,11,0.05,random,13,0.004269778728485107
GraphSAGE,58,11,0.05,random,14,-0.0007764101028442383
GraphSAGE,58,11,0.05,random,15,0.003120899200439453
GraphSAGE,58,11,0.05,random,16,0.004157394170761108
GraphSAGE,58,11,0.05,random,17,0.007696747779846191
GraphSAGE,58,11,0.05,random,18,0.009482353925704956
GraphSAGE,58,11,0.05,random,19,0.004364818334579468
GraphSAGE,58,11,0.1,gnnexplainer,-1,0.009029150009155273
GraphSAGE,58,11,0.1,random,0,0.0063562095165252686
GraphSAGE,58,11,0.1,random,1,-0.001616835594177246
GraphSAGE,58,11,0.1,random,2,0.0057509541511535645
GraphSAGE,58,11,0.1,random,3,0.002772301435470581
GraphSAGE,58,11,0.1,random,4,0.007135123014450073
GraphSAGE,58,11,0.1,random,5,0.012772321701049805
GraphSAGE,58,11,0.1,random,6,0.015291810035705566
GraphSAGE,58,11,0.1,random,7,0.009049981832504272
GraphSAGE,58,11,0.1,random,8,0.007477015256881714
GraphSAGE,58,11,0.1,random,9,0.010936856269836426
GraphSAGE,58,11,0.1,random,10,0.009119749069213867
GraphSAGE,58,11,0.1,random,11,-0.0030807852745056152
GraphSAGE,58,11,0.1,random,12,-0.0001074373722076416
GraphSAGE,58,11,0.1,random,13,0.0009143054485321045
GraphSAGE,58,11,0.1,random,14,-0.001005798578262329
GraphSAGE,58,11,0.1,random,15,0.0063820481300354
GraphSAGE,58,11,0.1,random,16,0.02319905161857605
GraphSAGE,58,11,0.1,random,17,-0.0002466440200805664
GraphSAGE,58,11,0.1,random,18,-0.005128622055053711
GraphSAGE,58,11,0.1,random,19,-0.004766345024108887
GraphSAGE,58,11,0.2,gnnexplainer,-1,0.021464943885803223
GraphSAGE,58,11,0.2,random,0,0.0043953657150268555
GraphSAGE,58,11,0.2,random,1,0.003947913646697998
GraphSAGE,58,11,0.2,random,2,0.0009514689445495605
GraphSAGE,58,11,0.2,random,3,0.01868578791618347
GraphSAGE,58,11,0.2,random,4,0.005315840244293213
GraphSAGE,58,11,0.2,random,5,0.011519968509674072
GraphSAGE,58,11,0.2,random,6,0.003276646137237549
GraphSAGE,58,11,0.2,random,7,-0.008658885955810547
GraphSAGE,58,11,0.2,random,8,0.017875641584396362
GraphSAGE,58,11,0.2,random,9,-0.007636010646820068
GraphSAGE,58,11,0.2,random,10,0.0066495537757873535
GraphSAGE,58,11,0.2,random,11,0.01568448543548584
GraphSAGE,58,11,0.2,random,12,0.009680598974227905
GraphSAGE,58,11,0.2,random,13,0.017727702856063843
GraphSAGE,58,11,0.2,random,14,0.008415758609771729
GraphSAGE,58,11,0.2,random,15,0.00208437442779541
GraphSAGE,58,11,0.2,random,16,0.001411736011505127
GraphSAGE,58,11,0.2,random,17,0.006697475910186768
GraphSAGE,58,11,0.2,random,18,0.013737410306930542
GraphSAGE,58,11,0.2,random,19,0.007112622261047363
GraphSAGE,58,23,0.05,gnnexplainer,-1,0.01510736346244812
GraphSAGE,58,23,0.05,random,0,0.006647318601608276
GraphSAGE,58,23,0.05,random,1,-0.0028107166290283203
GraphSAGE,58,23,0.05,random,2,-0.010632693767547607
GraphSAGE,58,23,0.05,random,3,-0.0004597902297973633
GraphSAGE,58,23,0.05,random,4,0.007563531398773193
GraphSAGE,58,23,0.05,random,5,-0.00413745641708374
GraphSAGE,58,23,0.05,random,6,0.0007330179214477539
GraphSAGE,58,23,0.05,random,7,0.00766560435295105
GraphSAGE,58,23,0.05,random,8,-0.0027084648609161377
GraphSAGE,58,23,0.05,random,9,0.0032484233379364014
GraphSAGE,58,23,0.05,random,10,0.008721590042114258
GraphSAGE,58,23,0.05,random,11,-0.0017714500427246094
GraphSAGE,58,23,0.05,random,12,-0.00031322240829467773
GraphSAGE,58,23,0.05,random,13,0.00785684585571289
GraphSAGE,58,23,0.05,random,14,0.0027334392070770264
GraphSAGE,58,23,0.05,random,15,0.009332150220870972
GraphSAGE,58,23,0.05,random,16,0.012131094932556152
GraphSAGE,58,23,0.05,random,17,0.004145443439483643
GraphSAGE,58,23,0.05,random,18,0.0012224316596984863
GraphSAGE,58,23,0.05,random,19,0.0030462145805358887
GraphSAGE,58,23,0.1,gnnexplainer,-1,0.014075636863708496
GraphSAGE,58,23,0.1,random,0,0.012636005878448486
GraphSAGE,58,23,0.1,random,1,-0.0013634562492370605
GraphSAGE,58,23,0.1,random,2,0.0008609294891357422
GraphSAGE,58,23,0.1,random,3,0.015326201915740967
GraphSAGE,58,23,0.1,random,4,0.0014343857765197754
GraphSAGE,58,23,0.1,random,5,-0.0031540989875793457
GraphSAGE,58,23,0.1,random,6,0.009415030479431152
GraphSAGE,58,23,0.1,random,7,-0.007651686668395996
GraphSAGE,58,23,0.1,random,8,0.007957994937896729
GraphSAGE,58,23,0.1,random,9,-0.00645795464515686
GraphSAGE,58,23,0.1,random,10,-0.005766183137893677
GraphSAGE,58,23,0.1,random,11,0.0037917494773864746
GraphSAGE,58,23,0.1,random,12,0.005819767713546753
GraphSAGE,58,23,0.1,random,13,0.006593942642211914
GraphSAGE,58,23,0.1,random,14,0.007774651050567627
GraphSAGE,58,23,0.1,random,15,-0.005610764026641846
GraphSAGE,58,23,0.1,random,16,0.011571288108825684
GraphSAGE,58,23,0.1,random,17,0.004304289817810059
GraphSAGE,58,23,0.1,random,18,0.003496706485748291
GraphSAGE,58,23,0.1,random,19,-0.0006687045097351074
GraphSAGE,58,23,0.2,gnnexplainer,-1,0.015917181968688965
GraphSAGE,58,23,0.2,random,0,0.009423941373825073
GraphSAGE,58,23,0.2,random,1,0.006890624761581421
GraphSAGE,58,23,0.2,random,2,0.004853606224060059
GraphSAGE,58,23,0.2,random,3,-0.00013464689254760742
GraphSAGE,58,23,0.2,random,4,0.007478058338165283
GraphSAGE,58,23,0.2,random,5,0.003886193037033081
GraphSAGE,58,23,0.2,random,6,0.011542201042175293
GraphSAGE,58,23,0.2,random,7,-0.004410743713378906
GraphSAGE,58,23,0.2,random,8,-0.005275249481201172
GraphSAGE,58,23,0.2,random,9,0.0014302432537078857
GraphSAGE,58,23,0.2,random,10,-0.008114129304885864
GraphSAGE,58,23,0.2,random,11,0.006724327802658081
GraphSAGE,58,23,0.2,random,12,-0.002258598804473877
GraphSAGE,58,23,0.2,random,13,0.007924854755401611
GraphSAGE,58,23,0.2,random,14,-0.006303697824478149
GraphSAGE,58,23,0.2,random,15,0.014702290296554565
GraphSAGE,58,23,0.2,random,16,0.0001341104507446289
GraphSAGE,58,23,0.2,random,17,0.0009549260139465332
GraphSAGE,58,23,0.2,random,18,0.018724381923675537
GraphSAGE,58,23,0.2,random,19,-0.014167100191116333
GraphSAGE,58,37,0.05,gnnexplainer,-1,0.0045583248138427734
GraphSAGE,58,37,0.05,random,0,0.002169370651245117
GraphSAGE,58,37,0.05,random,1,-6.61611557006836e-05
GraphSAGE,58,37,0.05,random,2,0.005256146192550659
GraphSAGE,58,37,0.05,random,3,0.011843562126159668
GraphSAGE,58,37,0.05,random,4,-0.003937065601348877
GraphSAGE,58,37,0.05,random,5,0.0028603076934814453
GraphSAGE,58,37,0.05,random,6,0.008918017148971558
GraphSAGE,58,37,0.05,random,7,0.007457137107849121
GraphSAGE,58,37,0.05,random,8,0.0007188022136688232
GraphSAGE,58,37,0.05,random,9,-0.003337085247039795
GraphSAGE,58,37,0.05,random,10,0.0006502866744995117
GraphSAGE,58,37,0.05,random,11,0.0066003501415252686
GraphSAGE,58,37,0.05,random,12,0.004458487033843994
GraphSAGE,58,37,0.05,random,13,0.009712070226669312
GraphSAGE,58,37,0.05,random,14,-0.0024479031562805176
GraphSAGE,58,37,0.05,random,15,-0.001154571771621704
GraphSAGE,58,37,0.05,random,16,0.003162950277328491
GraphSAGE,58,37,0.05,random,17,0.009965866804122925
GraphSAGE,58,37,0.05,random,18,0.00033780932426452637
GraphSAGE,58,37,0.05,random,19,-0.013123810291290283
GraphSAGE,58,37,0.1,gnnexplainer,-1,0.0019425749778747559
GraphSAGE,58,37,0.1,random,0,0.006254911422729492
GraphSAGE,58,37,0.1,random,1,-0.0004246234893798828
GraphSAGE,58,37,0.1,random,2,0.007987022399902344
GraphSAGE,58,37,0.1,random,3,0.0032633543014526367
GraphSAGE,58,37,0.1,random,4,0.002165496349334717
GraphSAGE,58,37,0.1,random,5,0.01377713680267334
GraphSAGE,58,37,0.1,random,6,-0.0002582073211669922
GraphSAGE,58,37,0.1,random,7,0.00501367449760437
GraphSAGE,58,37,0.1,random,8,0.0022509098052978516
GraphSAGE,58,37,0.1,random,9,-0.0004545748233795166
GraphSAGE,58,37,0.1,random,10,0.006960391998291016
GraphSAGE,58,37,0.1,random,11,0.006973326206207275
GraphSAGE,58,37,0.1,random,12,0.0032646656036376953
GraphSAGE,58,37,0.1,random,13,0.018807291984558105
GraphSAGE,58,37,0.1,random,14,0.006746858358383179
GraphSAGE,58,37,0.1,random,15,0.012476742267608643
GraphSAGE,58,37,0.1,random,16,0.020089685916900635
GraphSAGE,58,37,0.1,random,17,0.012332797050476074
GraphSAGE,58,37,0.1,random,18,0.004423201084136963
GraphSAGE,58,37,0.1,random,19,0.004640400409698486
GraphSAGE,58,37,0.2,gnnexplainer,-1,0.017506301403045654
GraphSAGE,58,37,0.2,random,0,0.004323005676269531
GraphSAGE,58,37,0.2,random,1,0.003613770008087158
GraphSAGE,58,37,0.2,random,2,0.008142709732055664
GraphSAGE,58,37,0.2,random,3,0.004356950521469116
GraphSAGE,58,37,0.2,random,4,0.01583084464073181
GraphSAGE,58,37,0.2,random,5,0.006514877080917358
GraphSAGE,58,37,0.2,random,6,-0.00814276933670044
GraphSAGE,58,37,0.2,random,7,0.008158296346664429
GraphSAGE,58,37,0.2,random,8,0.010870099067687988
GraphSAGE,58,37,0.2,random,9,0.011856764554977417
GraphSAGE,58,37,0.2,random,10,0.011429131031036377
GraphSAGE,58,37,0.2,random,11,0.005821645259857178
GraphSAGE,58,37,0.2,random,12,0.00010967254638671875
GraphSAGE,58,37,0.2,random,13,0.012233972549438477
GraphSAGE,58,37,0.2,random,14,0.006292939186096191
GraphSAGE,58,37,0.2,random,15,0.005577445030212402
GraphSAGE,58,37,0.2,random,16,0.018346130847930908
GraphSAGE,58,37,0.2,random,17,0.006113409996032715
GraphSAGE,58,37,0.2,random,18,0.0014671087265014648
GraphSAGE,58,37,0.2,random,19,0.016954004764556885
GraphSAGE,59,11,0.05,gnnexplainer,-1,0.011791914701461792
GraphSAGE,59,11,0.05,random,0,0.003356456756591797
GraphSAGE,59,11,0.05,random,1,0.009225219488143921
GraphSAGE,59,11,0.05,random,2,0.007597148418426514
GraphSAGE,59,11,0.05,random,3,0.0025641918182373047
GraphSAGE,59,11,0.05,random,4,0.0044536590576171875
GraphSAGE,59,11,0.05,random,5,0.003137826919555664
GraphSAGE,59,11,0.05,random,6,0.007326066493988037
GraphSAGE,59,11,0.05,random,7,0.004031181335449219
GraphSAGE,59,11,0.05,random,8,0.0032123327255249023
GraphSAGE,59,11,0.05,random,9,0.0024420619010925293
GraphSAGE,59,11,0.05,random,10,0.005975455045700073
GraphSAGE,59,11,0.05,random,11,0.003655076026916504
GraphSAGE,59,11,0.05,random,12,0.011170268058776855
GraphSAGE,59,11,0.05,random,13,0.001325845718383789
GraphSAGE,59,11,0.05,random,14,0.006396472454071045
GraphSAGE,59,11,0.05,random,15,0.003421008586883545
GraphSAGE,59,11,0.05,random,16,0.0015474259853363037
GraphSAGE,59,11,0.05,random,17,0.012716412544250488
GraphSAGE,59,11,0.05,random,18,0.01026114821434021
GraphSAGE,59,11,0.05,random,19,0.0006488561630249023
GraphSAGE,59,11,0.1,gnnexplainer,-1,0.02018839120864868
GraphSAGE,59,11,0.1,random,0,0.00525134801864624
GraphSAGE,59,11,0.1,random,1,0.0006760060787200928
GraphSAGE,59,11,0.1,random,2,0.010737717151641846
GraphSAGE,59,11,0.1,random,3,0.01066356897354126
GraphSAGE,59,11,0.1,random,4,0.007209658622741699
GraphSAGE,59,11,0.1,random,5,0.01353311538696289
GraphSAGE,59,11,0.1,random,6,0.004298031330108643
GraphSAGE,59,11,0.1,random,7,0.015067994594573975
GraphSAGE,59,11,0.1,random,8,0.012018084526062012
GraphSAGE,59,11,0.1,random,9,0.011050403118133545
GraphSAGE,59,11,0.1,random,10,0.004385560750961304
GraphSAGE,59,11,0.1,random,11,0.013427197933197021
GraphSAGE,59,11,0.1,random,12,0.012057393789291382
GraphSAGE,59,11,0.1,random,13,0.0020129382610321045
GraphSAGE,59,11,0.1,random,14,0.010184258222579956
GraphSAGE,59,11,0.1,random,15,0.00046539306640625
GraphSAGE,59,11,0.1,random,16,0.010689228773117065
GraphSAGE,59,11,0.1,random,17,0.01693129539489746
GraphSAGE,59,11,0.1,random,18,0.013733476400375366
GraphSAGE,59,11,0.1,random,19,-0.00045484304428100586
GraphSAGE,59,11,0.2,gnnexplainer,-1,0.029934585094451904
GraphSAGE,59,11,0.2,random,0,0.006372988224029541
GraphSAGE,59,11,0.2,random,1,0.00571751594543457
GraphSAGE,59,11,0.2,random,2,0.0177212655544281
GraphSAGE,59,11,0.2,random,3,0.010675042867660522
GraphSAGE,59,11,0.2,random,4,0.024080276489257812
GraphSAGE,59,11,0.2,random,5,0.016198694705963135
GraphSAGE,59,11,0.2,random,6,0.012399494647979736
GraphSAGE,59,11,0.2,random,7,0.009832113981246948
GraphSAGE,59,11,0.2,random,8,0.008690416812896729
GraphSAGE,59,11,0.2,random,9,0.007701098918914795
GraphSAGE,59,11,0.2,random,10,0.019133269786834717
GraphSAGE,59,11,0.2,random,11,0.011586010456085205
GraphSAGE,59,11,0.2,random,12,0.02197021245956421
GraphSAGE,59,11,0.2,random,13,0.01102447509765625
GraphSAGE,59,11,0.2,random,14,0.023533910512924194
GraphSAGE,59,11,0.2,random,15,0.02127939462661743
GraphSAGE,59,11,0.2,random,16,0.017357468605041504
GraphSAGE,59,11,0.2,random,17,0.020084142684936523
GraphSAGE,59,11,0.2,random,18,0.009980738162994385
GraphSAGE,59,11,0.2,random,19,0.01760876178741455
GraphSAGE,59,23,0.05,gnnexplainer,-1,0.012067168951034546
GraphSAGE,59,23,0.05,random,0,0.004802584648132324
GraphSAGE,59,23,0.05,random,1,0.01286625862121582
GraphSAGE,59,23,0.05,random,2,0.0036797523498535156
GraphSAGE,59,23,0.05,random,3,0.006185054779052734
GraphSAGE,59,23,0.05,random,4,0.009113788604736328
GraphSAGE,59,23,0.05,random,5,0.0020672082901000977
GraphSAGE,59,23,0.05,random,6,0.00504457950592041
GraphSAGE,59,23,0.05,random,7,0.004255533218383789
GraphSAGE,59,23,0.05,random,8,0.0034445226192474365
GraphSAGE,59,23,0.05,random,9,0.005612730979919434
GraphSAGE,59,23,0.05,random,10,0.0025498569011688232
GraphSAGE,59,23,0.05,random,11,0.006977885961532593
GraphSAGE,59,23,0.05,random,12,0.004760146141052246
GraphSAGE,59,23,0.05,random,13,0.010753095149993896
GraphSAGE,59,23,0.05,random,14,0.012029588222503662
GraphSAGE,59,23,0.05,random,15,0.008495539426803589
GraphSAGE,59,23,0.05,random,16,-0.0010636448860168457
GraphSAGE,59,23,0.05,random,17,0.003379225730895996
GraphSAGE,59,23,0.05,random,18,-0.001183927059173584
GraphSAGE,59,23,0.05,random,19,0.00955161452293396
GraphSAGE,59,23,0.1,gnnexplainer,-1,0.026118695735931396
GraphSAGE,59,23,0.1,random,0,0.013272404670715332
GraphSAGE,59,23,0.1,random,1,0.004242956638336182
GraphSAGE,59,23,0.1,random,2,0.0077689290046691895
GraphSAGE,59,23,0.1,random,3,0.006671309471130371
GraphSAGE,59,23,0.1,random,4,0.009131669998168945
GraphSAGE,59,23,0.1,random,5,0.01361095905303955
GraphSAGE,59,23,0.1,random,6,0.01028856635093689
GraphSAGE,59,23,0.1,random,7,0.015266776084899902
GraphSAGE,59,23,0.1,random,8,0.006333678960800171
GraphSAGE,59,23,0.1,random,9,0.010415077209472656
GraphSAGE,59,23,0.1,random,10,0.010274171829223633
GraphSAGE,59,23,0.1,random,11,0.005785763263702393
GraphSAGE,59,23,0.1,random,12,0.01699274778366089
GraphSAGE,59,23,0.1,random,13,0.022629082202911377
GraphSAGE,59,23,0.1,random,14,0.0040967464447021484
GraphSAGE,59,23,0.1,random,15,0.009396642446517944
GraphSAGE,59,23,0.1,random,16,0.009129583835601807
GraphSAGE,59,23,0.1,random,17,0.007070958614349365
GraphSAGE,59,23,0.1,random,18,0.013352572917938232
GraphSAGE,59,23,0.1,random,19,0.0065018534660339355
GraphSAGE,59,23,0.2,gnnexplainer,-1,0.03441262245178223
GraphSAGE,59,23,0.2,random,0,0.022279739379882812
GraphSAGE,59,23,0.2,random,1,0.021454215049743652
GraphSAGE,59,23,0.2,random,2,0.018917441368103027
GraphSAGE,59,23,0.2,random,3,0.011024057865142822
GraphSAGE,59,23,0.2,random,4,0.022830218076705933
GraphSAGE,59,23,0.2,random,5,0.02126997709274292
GraphSAGE,59,23,0.2,random,6,0.016218751668930054
GraphSAGE,59,23,0.2,random,7,0.025264352560043335
GraphSAGE,59,23,0.2,random,8,0.02677902579307556
GraphSAGE,59,23,0.2,random,9,0.006346076726913452
GraphSAGE,59,23,0.2,random,10,0.02590465545654297
GraphSAGE,59,23,0.2,random,11,0.01567944884300232
GraphSAGE,59,23,0.2,random,12,0.02160164713859558
GraphSAGE,59,23,0.2,random,13,0.01201125979423523
GraphSAGE,59,23,0.2,random,14,0.01167917251586914
GraphSAGE,59,23,0.2,random,15,0.013701528310775757
GraphSAGE,59,23,0.2,random,16,0.024476289749145508
GraphSAGE,59,23,0.2,random,17,0.01918351650238037
GraphSAGE,59,23,0.2,random,18,0.009241700172424316
GraphSAGE,59,23,0.2,random,19,0.027451366186141968
GraphSAGE,59,37,0.05,gnnexplainer,-1,0.018384426832199097
GraphSAGE,59,37,0.05,random,0,0.000573962926864624
GraphSAGE,59,37,0.05,random,1,0.007247269153594971
GraphSAGE,59,37,0.05,random,2,0.006072521209716797
GraphSAGE,59,37,0.05,random,3,0.004983395338058472
GraphSAGE,59,37,0.05,random,4,0.0066184401512146
GraphSAGE,59,37,0.05,random,5,0.006740659475326538
GraphSAGE,59,37,0.05,random,6,0.001745074987411499
GraphSAGE,59,37,0.05,random,7,0.003099799156188965
GraphSAGE,59,37,0.05,random,8,0.00189894437789917
GraphSAGE,59,37,0.05,random,9,-0.0017313361167907715
GraphSAGE,59,37,0.05,random,10,-0.0046551525592803955
GraphSAGE,59,37,0.05,random,11,0.00982445478439331
GraphSAGE,59,37,0.05,random,12,0.00522768497467041
GraphSAGE,59,37,0.05,random,13,0.0011823177337646484
GraphSAGE,59,37,0.05,random,14,0.006951093673706055
GraphSAGE,59,37,0.05,random,15,0.005060642957687378
GraphSAGE,59,37,0.05,random,16,0.004074156284332275
GraphSAGE,59,37,0.05,random,17,0.009326308965682983
GraphSAGE,59,37,0.05,random,18,0.007826179265975952
GraphSAGE,59,37,0.05,random,19,-0.0014807283878326416
GraphSAGE,59,37,0.1,gnnexplainer,-1,0.02427157759666443
GraphSAGE,59,37,0.1,random,0,0.008657336235046387
GraphSAGE,59,37,0.1,random,1,0.008170932531356812
GraphSAGE,59,37,0.1,random,2,0.00971674919128418
GraphSAGE,59,37,0.1,random,3,0.006525635719299316
GraphSAGE,59,37,0.1,random,4,0.011213421821594238
GraphSAGE,59,37,0.1,random,5,0.004685819149017334
GraphSAGE,59,37,0.1,random,6,0.02107912302017212
GraphSAGE,59,37,0.1,random,7,0.012765735387802124
GraphSAGE,59,37,0.1,random,8,0.017035722732543945
GraphSAGE,59,37,0.1,random,9,0.006558120250701904
GraphSAGE,59,37,0.1,random,10,0.013393759727478027
GraphSAGE,59,37,0.1,random,11,0.009900659322738647
GraphSAGE,59,37,0.1,random,12,0.016616106033325195
GraphSAGE,59,37,0.1,random,13,0.002229154109954834
GraphSAGE,59,37,0.1,random,14,0.009412974119186401
GraphSAGE,59,37,0.1,random,15,0.01942974328994751
GraphSAGE,59,37,0.1,random,16,0.006715714931488037
GraphSAGE,59,37,0.1,random,17,0.014430254697799683
GraphSAGE,59,37,0.1,random,18,0.003962039947509766
GraphSAGE,59,37,0.1,random,19,0.0061762332916259766
GraphSAGE,59,37,0.2,gnnexplainer,-1,0.03771123290061951
GraphSAGE,59,37,0.2,random,0,0.021504342555999756
GraphSAGE,59,37,0.2,random,1,0.028290510177612305
GraphSAGE,59,37,0.2,random,2,0.006776571273803711
GraphSAGE,59,37,0.2,random,3,0.019835561513900757
GraphSAGE,59,37,0.2,random,4,0.02698802947998047
GraphSAGE,59,37,0.2,random,5,0.010356605052947998
GraphSAGE,59,37,0.2,random,6,0.01885133981704712
GraphSAGE,59,37,0.2,random,7,0.0082511305809021
GraphSAGE,59,37,0.2,random,8,0.023016899824142456
GraphSAGE,59,37,0.2,random,9,0.008297443389892578
GraphSAGE,59,37,0.2,random,10,0.020363301038742065
GraphSAGE,59,37,0.2,random,11,0.02721652388572693
GraphSAGE,59,37,0.2,random,12,0.019976824522018433
GraphSAGE,59,37,0.2,random,13,0.011860847473144531
GraphSAGE,59,37,0.2,random,14,0.024492740631103516
GraphSAGE,59,37,0.2,random,15,0.013195931911468506
GraphSAGE,59,37,0.2,random,16,0.01379305124282837
GraphSAGE,59,37,0.2,random,17,0.013027280569076538
GraphSAGE,59,37,0.2,random,18,0.023343443870544434
GraphSAGE,59,37,0.2,random,19,0.010235130786895752
GraphSAGE,7,11,0.05,gnnexplainer,-1,0.0003154277801513672
GraphSAGE,7,11,0.05,random,0,0.0011506080627441406
GraphSAGE,7,11,0.05,random,1,-0.0009501874446868896
GraphSAGE,7,11,0.05,random,2,0.00277593731880188
GraphSAGE,7,11,0.05,random,3,-0.0002630949020385742
GraphSAGE,7,11,0.05,random,4,0.0005151331424713135
GraphSAGE,7,11,0.05,random,5,-0.0008862912654876709
GraphSAGE,7,11,0.05,random,6,-0.0001258254051208496
GraphSAGE,7,11,0.05,random,7,-0.0019731223583221436
GraphSAGE,7,11,0.05,random,8,0.0003986358642578125
GraphSAGE,7,11,0.05,random,9,0.00010132789611816406
GraphSAGE,7,11,0.05,random,10,-0.001002877950668335
GraphSAGE,7,11,0.05,random,11,-0.0001189112663269043
GraphSAGE,7,11,0.05,random,12,-0.0009818077087402344
GraphSAGE,7,11,0.05,random,13,-0.000926584005355835
GraphSAGE,7,11,0.05,random,14,-0.0008031129837036133
GraphSAGE,7,11,0.05,random,15,-0.0005154013633728027
GraphSAGE,7,11,0.05,random,16,-3.0517578125e-05
GraphSAGE,7,11,0.05,random,17,-0.002051800489425659
GraphSAGE,7,11,0.05,random,18,-0.0015905797481536865
GraphSAGE,7,11,0.05,random,19,-6.842613220214844e-05
GraphSAGE,7,11,0.1,gnnexplainer,-1,0.00042313337326049805
GraphSAGE,7,11,0.1,random,0,0.00016176700592041016
GraphSAGE,7,11,0.1,random,1,0.0003127157688140869
GraphSAGE,7,11,0.1,random,2,-0.0003390312194824219
GraphSAGE,7,11,0.1,random,3,-0.0002072453498840332
GraphSAGE,7,11,0.1,random,4,-0.0028340518474578857
GraphSAGE,7,11,0.1,random,5,-0.00038874149322509766
GraphSAGE,7,11,0.1,random,6,-0.002255648374557495
GraphSAGE,7,11,0.1,random,7,-0.00048464536666870117
GraphSAGE,7,11,0.1,random,8,-0.0007023811340332031
GraphSAGE,7,11,0.1,random,9,0.0023064911365509033
GraphSAGE,7,11,0.1,random,10,-0.0009306371212005615
GraphSAGE,7,11,0.1,random,11,-0.0011841952800750732
GraphSAGE,7,11,0.1,random,12,-0.0028762519359588623
GraphSAGE,7,11,0.1,random,13,-0.0011692047119140625
GraphSAGE,7,11,0.1,random,14,-0.0014020204544067383
GraphSAGE,7,11,0.1,random,15,0.0016581416130065918
GraphSAGE,7,11,0.1,random,16,0.00035190582275390625
GraphSAGE,7,11,0.1,random,17,-0.0017895102500915527
GraphSAGE,7,11,0.1,random,18,-0.0005269050598144531
GraphSAGE,7,11,0.1,random,19,-0.003420919179916382
GraphSAGE,7,11,0.2,gnnexplainer,-1,-0.003289550542831421
GraphSAGE,7,11,0.2,random,0,-0.00021398067474365234
GraphSAGE,7,11,0.2,random,1,-0.0025964975357055664
GraphSAGE,7,11,0.2,random,2,-0.0008590817451477051
GraphSAGE,7,11,0.2,random,3,-0.002322375774383545
GraphSAGE,7,11,0.2,random,4,-0.0034841299057006836
GraphSAGE,7,11,0.2,random,5,-0.003494441509246826
GraphSAGE,7,11,0.2,random,6,-0.0022717714309692383
GraphSAGE,7,11,0.2,random,7,-0.0002613067626953125
GraphSAGE,7,11,0.2,random,8,-0.00026738643646240234
GraphSAGE,7,11,0.2,random,9,-0.0014743804931640625
GraphSAGE,7,11,0.2,random,10,-0.002100229263305664
GraphSAGE,7,11,0.2,random,11,-0.000903695821762085
GraphSAGE,7,11,0.2,random,12,-0.002625077962875366
GraphSAGE,7,11,0.2,random,13,0.0009025335311889648
GraphSAGE,7,11,0.2,random,14,-0.004190176725387573
GraphSAGE,7,11,0.2,random,15,-0.006380170583724976
GraphSAGE,7,11,0.2,random,16,-0.0019314885139465332
GraphSAGE,7,11,0.2,random,17,-0.006353616714477539
GraphSAGE,7,11,0.2,random,18,0.0005669593811035156
GraphSAGE,7,11,0.2,random,19,-0.0024421215057373047
GraphSAGE,7,23,0.05,gnnexplainer,-1,0.00010946393013000488
GraphSAGE,7,23,0.05,random,0,0.001047283411026001
GraphSAGE,7,23,0.05,random,1,0.0005377829074859619
GraphSAGE,7,23,0.05,random,2,0.0011543035507202148
GraphSAGE,7,23,0.05,random,3,-0.0016675591468811035
GraphSAGE,7,23,0.05,random,4,0.0005857348442077637
GraphSAGE,7,23,0.05,random,5,0.0008889436721801758
GraphSAGE,7,23,0.05,random,6,-0.001493304967880249
GraphSAGE,7,23,0.05,random,7,-0.0024723410606384277
GraphSAGE,7,23,0.05,random,8,0.0013857483863830566
GraphSAGE,7,23,0.05,random,9,-0.0001900792121887207
GraphSAGE,7,23,0.05,random,10,-0.00110548734664917
GraphSAGE,7,23,0.05,random,11,0.00020265579223632812
GraphSAGE,7,23,0.05,random,12,-0.0001360774040222168
GraphSAGE,7,23,0.05,random,13,-0.0026385486125946045
GraphSAGE,7,23,0.05,random,14,0.0027635693550109863
GraphSAGE,7,23,0.05,random,15,-0.0004665255546569824
GraphSAGE,7,23,0.05,random,16,-0.0019773244857788086
GraphSAGE,7,23,0.05,random,17,-0.00096893310546875
GraphSAGE,7,23,0.05,random,18,-0.0014895796775817871
GraphSAGE,7,23,0.05,random,19,-0.0016598105430603027
GraphSAGE,7,23,0.1,gnnexplainer,-1,-0.0007127225399017334
GraphSAGE,7,23,0.1,random,0,-0.0018047094345092773
GraphSAGE,7,23,0.1,random,1,0.0008771717548370361
GraphSAGE,7,23,0.1,random,2,0.001003861427307129
GraphSAGE,7,23,0.1,random,3,4.738569259643555e-05
GraphSAGE,7,23,0.1,random,4,-0.0029215216636657715
GraphSAGE,7,23,0.1,random,5,-0.002558201551437378
GraphSAGE,7,23,0.1,random,6,-0.0025238394737243652
GraphSAGE,7,23,0.1,random,7,-0.003527611494064331
GraphSAGE,7,23,0.1,random,8,0.000959932804107666
GraphSAGE,7,23,0.1,random,9,-0.0017192363739013672
GraphSAGE,7,23,0.1,random,10,-0.0037857890129089355
GraphSAGE,7,23,0.1,random,11,-0.0017686784267425537
GraphSAGE,7,23,0.1,random,12,-0.002247750759124756
GraphSAGE,7,23,0.1,random,13,-0.00026983022689819336
GraphSAGE,7,23,0.1,random,14,-0.0034560561180114746
GraphSAGE,7,23,0.1,random,15,-0.0010564923286437988
GraphSAGE,7,23,0.1,random,16,-0.0014264583587646484
GraphSAGE,7,23,0.1,random,17,-0.00234144926071167
GraphSAGE,7,23,0.1,random,18,0.0010830163955688477
GraphSAGE,7,23,0.1,random,19,-0.0034253299236297607
GraphSAGE,7,23,0.2,gnnexplainer,-1,0.0013370513916015625
GraphSAGE,7,23,0.2,random,0,-0.004065990447998047
GraphSAGE,7,23,0.2,random,1,-0.0023268163204193115
GraphSAGE,7,23,0.2,random,2,-0.006037652492523193
GraphSAGE,7,23,0.2,random,3,-0.0028558671474456787
GraphSAGE,7,23,0.2,random,4,-0.0033881068229675293
GraphSAGE,7,23,0.2,random,5,-0.003829091787338257
GraphSAGE,7,23,0.2,random,6,0.0002911090850830078
GraphSAGE,7,23,0.2,random,7,-0.0031087398529052734
GraphSAGE,7,23,0.2,random,8,-0.005422800779342651
GraphSAGE,7,23,0.2,random,9,0.0014823675155639648
GraphSAGE,7,23,0.2,random,10,-0.001883000135421753
GraphSAGE,7,23,0.2,random,11,-0.0009198188781738281
GraphSAGE,7,23,0.2,random,12,-0.001959890127182007
GraphSAGE,7,23,0.2,random,13,-0.002012491226196289
GraphSAGE,7,23,0.2,random,14,-0.002337217330932617
GraphSAGE,7,23,0.2,random,15,-0.005715459585189819
GraphSAGE,7,23,0.2,random,16,-0.0019896626472473145
GraphSAGE,7,23,0.2,random,17,-0.004721343517303467
GraphSAGE,7,23,0.2,random,18,-0.005933523178100586
GraphSAGE,7,23,0.2,random,19,-0.0004971623420715332
GraphSAGE,7,37,0.05,gnnexplainer,-1,0.0014409124851226807
GraphSAGE,7,37,0.05,random,0,-0.0005158782005310059
GraphSAGE,7,37,0.05,random,1,-0.001779019832611084
GraphSAGE,7,37,0.05,random,2,-0.0008212029933929443
GraphSAGE,7,37,0.05,random,3,8.559226989746094e-05
GraphSAGE,7,37,0.05,random,4,-0.0003839433193206787
GraphSAGE,7,37,0.05,random,5,0.00036597251892089844
GraphSAGE,7,37,0.05,random,6,-0.0014485716819763184
GraphSAGE,7,37,0.05,random,7,-0.0006065070629119873
GraphSAGE,7,37,0.05,random,8,1.9848346710205078e-05
GraphSAGE,7,37,0.05,random,9,0.00014406442642211914
GraphSAGE,7,37,0.05,random,10,0.00035381317138671875
GraphSAGE,7,37,0.05,random,11,0.0010535717010498047
GraphSAGE,7,37,0.05,random,12,0.000394284725189209
GraphSAGE,7,37,0.05,random,13,0.000858604907989502
GraphSAGE,7,37,0.05,random,14,-0.0007257461547851562
GraphSAGE,7,37,0.05,random,15,-0.0003832578659057617
GraphSAGE,7,37,0.05,random,16,0.0006499588489532471
GraphSAGE,7,37,0.05,random,17,-0.0008133351802825928
GraphSAGE,7,37,0.05,random,18,-0.0008930563926696777
GraphSAGE,7,37,0.05,random,19,-0.0020222365856170654
GraphSAGE,7,37,0.1,gnnexplainer,-1,0.0003948807716369629
GraphSAGE,7,37,0.1,random,0,-0.0008526742458343506
GraphSAGE,7,37,0.1,random,1,0.0006414949893951416
GraphSAGE,7,37,0.1,random,2,-0.0005336403846740723
GraphSAGE,7,37,0.1,random,3,0.0005008280277252197
GraphSAGE,7,37,0.1,random,4,-0.002423882484436035
GraphSAGE,7,37,0.1,random,5,-0.0019185245037078857
GraphSAGE,7,37,0.1,random,6,0.0006491243839263916
GraphSAGE,7,37,0.1,random,7,-0.0024052858352661133
GraphSAGE,7,37,0.1,random,8,0.0004743635654449463
GraphSAGE,7,37,0.1,random,9,-0.0011598765850067139
GraphSAGE,7,37,0.1,random,10,-0.001356363296508789
GraphSAGE,7,37,0.1,random,11,-0.00169295072555542
GraphSAGE,7,37,0.1,random,12,-0.0015645623207092285
GraphSAGE,7,37,0.1,random,13,0.0011381208896636963
GraphSAGE,7,37,0.1,random,14,-0.0032672882080078125
GraphSAGE,7,37,0.1,random,15,-7.50422477722168e-05
GraphSAGE,7,37,0.1,random,16,-0.003297179937362671
GraphSAGE,7,37,0.1,random,17,-0.003494471311569214
GraphSAGE,7,37,0.1,random,18,-0.0013971924781799316
GraphSAGE,7,37,0.1,random,19,-0.0031704306602478027
GraphSAGE,7,37,0.2,gnnexplainer,-1,-0.0026848316192626953
GraphSAGE,7,37,0.2,random,0,0.00014144182205200195
GraphSAGE,7,37,0.2,random,1,-0.003856658935546875
GraphSAGE,7,37,0.2,random,2,-0.0013058781623840332
GraphSAGE,7,37,0.2,random,3,-0.004526317119598389
GraphSAGE,7,37,0.2,random,4,-0.0008905529975891113
GraphSAGE,7,37,0.2,random,5,-0.0006891489028930664
GraphSAGE,7,37,0.2,random,6,-0.002268195152282715
GraphSAGE,7,37,0.2,random,7,-0.005286067724227905
GraphSAGE,7,37,0.2,random,8,-0.0029126107692718506
GraphSAGE,7,37,0.2,random,9,-0.0033494234085083008
GraphSAGE,7,37,0.2,random,10,0.002049088478088379
GraphSAGE,7,37,0.2,random,11,0.00010794401168823242
GraphSAGE,7,37,0.2,random,12,-0.004409074783325195
GraphSAGE,7,37,0.2,random,13,-0.001371920108795166
GraphSAGE,7,37,0.2,random,14,-0.0030694007873535156
GraphSAGE,7,37,0.2,random,15,-0.0007572174072265625
GraphSAGE,7,37,0.2,random,16,-0.0044820308685302734
GraphSAGE,7,37,0.2,random,17,-0.001164853572845459
GraphSAGE,7,37,0.2,random,18,0.00027814507484436035
GraphSAGE,7,37,0.2,random,19,-2.8252601623535156e-05
GraphSAGE,87,11,0.05,gnnexplainer,-1,-0.002229750156402588
GraphSAGE,87,11,0.05,random,0,0.004492819309234619
GraphSAGE,87,11,0.05,random,1,0.0011519193649291992
GraphSAGE,87,11,0.05,random,2,-0.005165368318557739
GraphSAGE,87,11,0.05,random,3,-0.006856262683868408
GraphSAGE,87,11,0.05,random,4,-0.0038050413131713867
GraphSAGE,87,11,0.05,random,5,-0.0007564127445220947
GraphSAGE,87,11,0.05,random,6,0.00292930006980896
GraphSAGE,87,11,0.05,random,7,0.0004337728023529053
GraphSAGE,87,11,0.05,random,8,-0.0020639002323150635
GraphSAGE,87,11,0.05,random,9,-0.002090960741043091
GraphSAGE,87,11,0.05,random,10,-0.004151731729507446
GraphSAGE,87,11,0.05,random,11,-0.00432664155960083
GraphSAGE,87,11,0.05,random,12,0.0002735257148742676
GraphSAGE,87,11,0.05,random,13,-0.0013737678527832031
GraphSAGE,87,11,0.05,random,14,0.0002117753028869629
GraphSAGE,87,11,0.05,random,15,-0.004031538963317871
GraphSAGE,87,11,0.05,random,16,-0.0028475522994995117
GraphSAGE,87,11,0.05,random,17,-0.005874544382095337
GraphSAGE,87,11,0.05,random,18,-0.0004261136054992676
GraphSAGE,87,11,0.05,random,19,-0.0006949007511138916
GraphSAGE,87,11,0.1,gnnexplainer,-1,-0.004735887050628662
GraphSAGE,87,11,0.1,random,0,0.006939530372619629
GraphSAGE,87,11,0.1,random,1,-0.0031702518463134766
GraphSAGE,87,11,0.1,random,2,-0.0018826127052307129
GraphSAGE,87,11,0.1,random,3,0.004568636417388916
GraphSAGE,87,11,0.1,random,4,0.002992600202560425
GraphSAGE,87,11,0.1,random,5,0.0019730329513549805
GraphSAGE,87,11,0.1,random,6,-0.0033630728721618652
GraphSAGE,87,11,0.1,random,7,-0.00796249508857727
GraphSAGE,87,11,0.1,random,8,-0.003580242395401001
GraphSAGE,87,11,0.1,random,9,0.0024900436401367188
GraphSAGE,87,11,0.1,random,10,0.003109455108642578
GraphSAGE,87,11,0.1,random,11,-3.522634506225586e-05
GraphSAGE,87,11,0.1,random,12,0.0013348758220672607
GraphSAGE,87,11,0.1,random,13,-0.0038025975227355957
GraphSAGE,87,11,0.1,random,14,-0.014801740646362305
GraphSAGE,87,11,0.1,random,15,-0.0062660276889801025
GraphSAGE,87,11,0.1,random,16,0.001458585262298584
GraphSAGE,87,11,0.1,random,17,-0.008455872535705566
GraphSAGE,87,11,0.1,random,18,0.00759124755859375
GraphSAGE,87,11,0.1,random,19,-0.0008383095264434814
GraphSAGE,87,11,0.2,gnnexplainer,-1,-0.0031985342502593994
GraphSAGE,87,11,0.2,random,0,-0.005788862705230713
GraphSAGE,87,11,0.2,random,1,0.0006240308284759521
GraphSAGE,87,11,0.2,random,2,0.00013467669486999512
GraphSAGE,87,11,0.2,random,3,-0.012103557586669922
GraphSAGE,87,11,0.2,random,4,0.0049839019775390625
GraphSAGE,87,11,0.2,random,5,-0.0016937255859375
GraphSAGE,87,11,0.2,random,6,-0.008311420679092407
GraphSAGE,87,11,0.2,random,7,-0.009879350662231445
GraphSAGE,87,11,0.2,random,8,0.0005856156349182129
GraphSAGE,87,11,0.2,random,9,-0.015175402164459229
GraphSAGE,87,11,0.2,random,10,-0.010532736778259277
GraphSAGE,87,11,0.2,random,11,-0.004077702760696411
GraphSAGE,87,11,0.2,random,12,-0.007603198289871216
GraphSAGE,87,11,0.2,random,13,0.009958833456039429
GraphSAGE,87,11,0.2,random,14,0.002548396587371826
GraphSAGE,87,11,0.2,random,15,0.000997781753540039
GraphSAGE,87,11,0.2,random,16,-0.0030527710914611816
GraphSAGE,87,11,0.2,random,17,-0.005451828241348267
GraphSAGE,87,11,0.2,random,18,0.001458972692489624
GraphSAGE,87,11,0.2,random,19,-0.00579524040222168
GraphSAGE,87,23,0.05,gnnexplainer,-1,0.0037257373332977295
GraphSAGE,87,23,0.05,random,0,-0.002655625343322754
GraphSAGE,87,23,0.05,random,1,-0.00019127130508422852
GraphSAGE,87,23,0.05,random,2,-0.005112826824188232
GraphSAGE,87,23,0.05,random,3,0.00327301025390625
GraphSAGE,87,23,0.05,random,4,0.0003553330898284912
GraphSAGE,87,23,0.05,random,5,0.003832578659057617
GraphSAGE,87,23,0.05,random,6,-0.004468739032745361
GraphSAGE,87,23,0.05,random,7,0.002803891897201538
GraphSAGE,87,23,0.05,random,8,-0.0032370686531066895
GraphSAGE,87,23,0.05,random,9,-0.0002619326114654541
GraphSAGE,87,23,0.05,random,10,0.001344054937362671
GraphSAGE,87,23,0.05,random,11,0.0022135674953460693
GraphSAGE,87,23,0.05,random,12,0.000923842191696167
GraphSAGE,87,23,0.05,random,13,5.564093589782715e-05
GraphSAGE,87,23,0.05,random,14,0.0024455785751342773
GraphSAGE,87,23,0.05,random,15,-0.0044803619384765625
GraphSAGE,87,23,0.05,random,16,0.005079507827758789
GraphSAGE,87,23,0.05,random,17,-0.0016433298587799072
GraphSAGE,87,23,0.05,random,18,0.0007410049438476562
GraphSAGE,87,23,0.05,random,19,-0.001953125
GraphSAGE,87,23,0.1,gnnexplainer,-1,0.00411069393157959
GraphSAGE,87,23,0.1,random,0,-0.009290993213653564
GraphSAGE,87,23,0.1,random,1,-0.003913462162017822
GraphSAGE,87,23,0.1,random,2,-0.00043833255767822266
GraphSAGE,87,23,0.1,random,3,-0.003576308488845825
GraphSAGE,87,23,0.1,random,4,0.0024236440658569336
GraphSAGE,87,23,0.1,random,5,-0.0012519359588623047
GraphSAGE,87,23,0.1,random,6,-0.008763730525970459
GraphSAGE,87,23,0.1,random,7,0.0034696459770202637
GraphSAGE,87,23,0.1,random,8,-0.0037889480590820312
GraphSAGE,87,23,0.1,random,9,-0.004694581031799316
GraphSAGE,87,23,0.1,random,10,-0.00015157461166381836
GraphSAGE,87,23,0.1,random,11,-0.0011129379272460938
GraphSAGE,87,23,0.1,random,12,0.0031411051750183105
GraphSAGE,87,23,0.1,random,13,-0.0037974119186401367
GraphSAGE,87,23,0.1,random,14,0.0024875998497009277
GraphSAGE,87,23,0.1,random,15,-0.003627687692642212
GraphSAGE,87,23,0.1,random,16,0.0011950433254241943
GraphSAGE,87,23,0.1,random,17,0.0018787384033203125
GraphSAGE,87,23,0.1,random,18,-0.0012086927890777588
GraphSAGE,87,23,0.1,random,19,0.0012190937995910645
GraphSAGE,87,23,0.2,gnnexplainer,-1,0.008595317602157593
GraphSAGE,87,23,0.2,random,0,-0.0077765583992004395
GraphSAGE,87,23,0.2,random,1,0.00372883677482605
GraphSAGE,87,23,0.2,random,2,-0.009618222713470459
GraphSAGE,87,23,0.2,random,3,-0.00900617241859436
GraphSAGE,87,23,0.2,random,4,-0.007298529148101807
GraphSAGE,87,23,0.2,random,5,0.0019221901893615723
GraphSAGE,87,23,0.2,random,6,-0.009380877017974854
GraphSAGE,87,23,0.2,random,7,0.0005750060081481934
GraphSAGE,87,23,0.2,random,8,0.0006511211395263672
GraphSAGE,87,23,0.2,random,9,-0.004720628261566162
GraphSAGE,87,23,0.2,random,10,-0.02105545997619629
GraphSAGE,87,23,0.2,random,11,-0.009633302688598633
GraphSAGE,87,23,0.2,random,12,-0.004745274782180786
GraphSAGE,87,23,0.2,random,13,0.00013372302055358887
GraphSAGE,87,23,0.2,random,14,-0.00044539570808410645
GraphSAGE,87,23,0.2,random,15,-0.0042362213134765625
GraphSAGE,87,23,0.2,random,16,-0.013415515422821045
GraphSAGE,87,23,0.2,random,17,0.0028551816940307617
GraphSAGE,87,23,0.2,random,18,0.008812755346298218
GraphSAGE,87,23,0.2,random,19,-0.010558515787124634
GraphSAGE,87,37,0.05,gnnexplainer,-1,-0.009698420763015747
GraphSAGE,87,37,0.05,random,0,-0.0009509623050689697
GraphSAGE,87,37,0.05,random,1,0.0010294616222381592
GraphSAGE,87,37,0.05,random,2,0.004996955394744873
GraphSAGE,87,37,0.05,random,3,-0.003043442964553833
GraphSAGE,87,37,0.05,random,4,-0.001867055892944336
GraphSAGE,87,37,0.05,random,5,-0.0038111209869384766
GraphSAGE,87,37,0.05,random,6,-0.012503057718276978
GraphSAGE,87,37,0.05,random,7,-0.0015571415424346924
GraphSAGE,87,37,0.05,random,8,0.0007581412792205811
GraphSAGE,87,37,0.05,random,9,-0.009588956832885742
GraphSAGE,87,37,0.05,random,10,-0.002072751522064209
GraphSAGE,87,37,0.05,random,11,0.0010251402854919434
GraphSAGE,87,37,0.05,random,12,-0.0015850365161895752
GraphSAGE,87,37,0.05,random,13,-0.002443253993988037
GraphSAGE,87,37,0.05,random,14,0.002598404884338379
GraphSAGE,87,37,0.05,random,15,-0.0033209621906280518
GraphSAGE,87,37,0.05,random,16,-0.0024569034576416016
GraphSAGE,87,37,0.05,random,17,-0.003203868865966797
GraphSAGE,87,37,0.05,random,18,-0.0025788545608520508
GraphSAGE,87,37,0.05,random,19,0.0009571313858032227
GraphSAGE,87,37,0.1,gnnexplainer,-1,-0.007370054721832275
GraphSAGE,87,37,0.1,random,0,-0.008043050765991211
GraphSAGE,87,37,0.1,random,1,-0.004137694835662842
GraphSAGE,87,37,0.1,random,2,0.00037860870361328125
GraphSAGE,87,37,0.1,random,3,0.0006146132946014404
GraphSAGE,87,37,0.1,random,4,0.00784611701965332
GraphSAGE,87,37,0.1,random,5,0.005644410848617554
GraphSAGE,87,37,0.1,random,6,0.0012732148170471191
GraphSAGE,87,37,0.1,random,7,-0.00019240379333496094
GraphSAGE,87,37,0.1,random,8,-0.007929831743240356
GraphSAGE,87,37,0.1,random,9,0.00521165132522583
GraphSAGE,87,37,0.1,random,10,-0.00420767068862915
GraphSAGE,87,37,0.1,random,11,2.1159648895263672e-05
GraphSAGE,87,37,0.1,random,12,0.0030049681663513184
GraphSAGE,87,37,0.1,random,13,-0.004104018211364746
GraphSAGE,87,37,0.1,random,14,-0.008421570062637329
GraphSAGE,87,37,0.1,random,15,-0.007295370101928711
GraphSAGE,87,37,0.1,random,16,-0.005519062280654907
GraphSAGE,87,37,0.1,random,17,0.005168408155441284
GraphSAGE,87,37,0.1,random,18,0.00333249568939209
GraphSAGE,87,37,0.1,random,19,0.00013679265975952148
GraphSAGE,87,37,0.2,gnnexplainer,-1,-0.002808481454849243
GraphSAGE,87,37,0.2,random,0,-0.0026137232780456543
GraphSAGE,87,37,0.2,random,1,0.0002853572368621826
GraphSAGE,87,37,0.2,random,2,0.010650634765625
GraphSAGE,87,37,0.2,random,3,-0.003822922706604004
GraphSAGE,87,37,0.2,random,4,-0.002655535936355591
GraphSAGE,87,37,0.2,random,5,-0.0021938681602478027
GraphSAGE,87,37,0.2,random,6,-0.00781095027923584
GraphSAGE,87,37,0.2,random,7,-0.005267679691314697
GraphSAGE,87,37,0.2,random,8,-0.005614101886749268
GraphSAGE,87,37,0.2,random,9,-0.0006834566593170166
GraphSAGE,87,37,0.2,random,10,-0.001208484172821045
GraphSAGE,87,37,0.2,random,11,-0.012534677982330322
GraphSAGE,87,37,0.2,random,12,-0.005211353302001953
GraphSAGE,87,37,0.2,random,13,-0.0021166205406188965
GraphSAGE,87,37,0.2,random,14,0.003316640853881836
GraphSAGE,87,37,0.2,random,15,-0.005762696266174316
GraphSAGE,87,37,0.2,random,16,0.003116130828857422
GraphSAGE,87,37,0.2,random,17,-0.010941296815872192
GraphSAGE,87,37,0.2,random,18,-0.004655182361602783
GraphSAGE,87,37,0.2,random,19,0.006954491138458252
GraphSAGE,9,11,0.05,gnnexplainer,-1,0.06040453910827637
GraphSAGE,9,11,0.05,random,0,0.023534834384918213
GraphSAGE,9,11,0.05,random,1,0.00022614002227783203
GraphSAGE,9,11,0.05,random,2,0.02091050148010254
GraphSAGE,9,11,0.05,random,3,0.01104825735092163
GraphSAGE,9,11,0.05,random,4,0.02066093683242798
GraphSAGE,9,11,0.05,random,5,0.013011932373046875
GraphSAGE,9,11,0.05,random,6,0.011081814765930176
GraphSAGE,9,11,0.05,random,7,0.005500197410583496
GraphSAGE,9,11,0.05,random,8,0.016024231910705566
GraphSAGE,9,11,0.05,random,9,-0.008740365505218506
GraphSAGE,9,11,0.05,random,10,-0.0006964206695556641
GraphSAGE,9,11,0.05,random,11,0.013286888599395752
GraphSAGE,9,11,0.05,random,12,0.017961561679840088
GraphSAGE,9,11,0.05,random,13,0.012426495552062988
GraphSAGE,9,11,0.05,random,14,0.005220293998718262
GraphSAGE,9,11,0.05,random,15,0.013289690017700195
GraphSAGE,9,11,0.05,random,16,0.021624088287353516
GraphSAGE,9,11,0.05,random,17,0.004727840423583984
GraphSAGE,9,11,0.05,random,18,0.01573425531387329
GraphSAGE,9,11,0.05,random,19,0.01999908685684204
GraphSAGE,9,11,0.1,gnnexplainer,-1,0.09562909603118896
GraphSAGE,9,11,0.1,random,0,0.0414314866065979
GraphSAGE,9,11,0.1,random,1,0.0012837052345275879
GraphSAGE,9,11,0.1,random,2,0.019620299339294434
GraphSAGE,9,11,0.1,random,3,0.023509860038757324
GraphSAGE,9,11,0.1,random,4,0.02557218074798584
GraphSAGE,9,11,0.1,random,5,0.011813998222351074
GraphSAGE,9,11,0.1,random,6,0.01653832197189331
GraphSAGE,9,11,0.1,random,7,0.027116358280181885
GraphSAGE,9,11,0.1,random,8,0.019829988479614258
GraphSAGE,9,11,0.1,random,9,0.011355280876159668
GraphSAGE,9,11,0.1,random,10,0.037005722522735596
GraphSAGE,9,11,0.1,random,11,0.027517318725585938
GraphSAGE,9,11,0.1,random,12,0.01866227388381958
GraphSAGE,9,11,0.1,random,13,0.034960806369781494
GraphSAGE,9,11,0.1,random,14,-0.001977980136871338
GraphSAGE,9,11,0.1,random,15,0.026492416858673096
GraphSAGE,9,11,0.1,random,16,0.041992783546447754
GraphSAGE,9,11,0.1,random,17,0.03412222862243652
GraphSAGE,9,11,0.1,random,18,0.013167619705200195
GraphSAGE,9,11,0.1,random,19,0.026069819927215576
GraphSAGE,9,11,0.2,gnnexplainer,-1,0.12928593158721924
GraphSAGE,9,11,0.2,random,0,0.03059375286102295
GraphSAGE,9,11,0.2,random,1,0.029785990715026855
GraphSAGE,9,11,0.2,random,2,0.04732680320739746
GraphSAGE,9,11,0.2,random,3,0.023214280605316162
GraphSAGE,9,11,0.2,random,4,0.041834235191345215
GraphSAGE,9,11,0.2,random,5,0.027483820915222168
GraphSAGE,9,11,0.2,random,6,0.043017685413360596
GraphSAGE,9,11,0.2,random,7,0.06442081928253174
GraphSAGE,9,11,0.2,random,8,0.04853940010070801
GraphSAGE,9,11,0.2,random,9,0.04828333854675293
GraphSAGE,9,11,0.2,random,10,0.039868295192718506
GraphSAGE,9,11,0.2,random,11,0.03381705284118652
GraphSAGE,9,11,0.2,random,12,0.039053261280059814
GraphSAGE,9,11,0.2,random,13,0.019444942474365234
GraphSAGE,9,11,0.2,random,14,0.02277064323425293
GraphSAGE,9,11,0.2,random,15,0.029640018939971924
GraphSAGE,9,11,0.2,random,16,0.021402597427368164
GraphSAGE,9,11,0.2,random,17,0.053978562355041504
GraphSAGE,9,11,0.2,random,18,0.059233665466308594
GraphSAGE,9,11,0.2,random,19,0.057599782943725586
GraphSAGE,9,23,0.05,gnnexplainer,-1,0.048361778259277344
GraphSAGE,9,23,0.05,random,0,0.007086396217346191
GraphSAGE,9,23,0.05,random,1,0.018208980560302734
GraphSAGE,9,23,0.05,random,2,0.008161783218383789
GraphSAGE,9,23,0.05,random,3,0.008373022079467773
GraphSAGE,9,23,0.05,random,4,-0.0049163103103637695
GraphSAGE,9,23,0.05,random,5,0.006479024887084961
GraphSAGE,9,23,0.05,random,6,0.005105257034301758
GraphSAGE,9,23,0.05,random,7,0.016982614994049072
GraphSAGE,9,23,0.05,random,8,0.007777690887451172
GraphSAGE,9,23,0.05,random,9,0.017242074012756348
GraphSAGE,9,23,0.05,random,10,0.015424847602844238
GraphSAGE,9,23,0.05,random,11,0.020161032676696777
GraphSAGE,9,23,0.05,random,12,0.01965188980102539
GraphSAGE,9,23,0.05,random,13,0.0015789270401000977
GraphSAGE,9,23,0.05,random,14,0.014994263648986816
GraphSAGE,9,23,0.05,random,15,0.007010102272033691
GraphSAGE,9,23,0.05,random,16,-0.00025653839111328125
GraphSAGE,9,23,0.05,random,17,0.018594563007354736
GraphSAGE,9,23,0.05,random,18,0.008530378341674805
GraphSAGE,9,23,0.05,random,19,0.025008678436279297
GraphSAGE,9,23,0.1,gnnexplainer,-1,0.09533405303955078
GraphSAGE,9,23,0.1,random,0,0.03171539306640625
GraphSAGE,9,23,0.1,random,1,0.020177125930786133
GraphSAGE,9,23,0.1,random,2,0.01545107364654541
GraphSAGE,9,23,0.1,random,3,0.0025948286056518555
GraphSAGE,9,23,0.1,random,4,0.008541405200958252
GraphSAGE,9,23,0.1,random,5,0.019856750965118408
GraphSAGE,9,23,0.1,random,6,0.014732420444488525
GraphSAGE,9,23,0.1,random,7,0.018335461616516113
GraphSAGE,9,23,0.1,random,8,0.025358915328979492
GraphSAGE,9,23,0.1,random,9,0.037300705909729004
GraphSAGE,9,23,0.1,random,10,0.03853708505630493
GraphSAGE,9,23,0.1,random,11,0.013726472854614258
GraphSAGE,9,23,0.1,random,12,0.026931166648864746
GraphSAGE,9,23,0.1,random,13,0.030583739280700684
GraphSAGE,9,23,0.1,random,14,0.004715561866760254
GraphSAGE,9,23,0.1,random,15,0.04369401931762695
GraphSAGE,9,23,0.1,random,16,0.004094362258911133
GraphSAGE,9,23,0.1,random,17,0.015004754066467285
GraphSAGE,9,23,0.1,random,18,0.028475403785705566
GraphSAGE,9,23,0.1,random,19,-0.0008937716484069824
GraphSAGE,9,23,0.2,gnnexplainer,-1,0.1093299388885498
GraphSAGE,9,23,0.2,random,0,0.04170083999633789
GraphSAGE,9,23,0.2,random,1,0.026931285858154297
GraphSAGE,9,23,0.2,random,2,0.012815773487091064
GraphSAGE,9,23,0.2,random,3,0.048810362815856934
GraphSAGE,9,23,0.2,random,4,0.0326194167137146
GraphSAGE,9,23,0.2,random,5,0.06332004070281982
GraphSAGE,9,23,0.2,random,6,0.07095503807067871
GraphSAGE,9,23,0.2,random,7,0.06081676483154297
GraphSAGE,9,23,0.2,random,8,0.03361177444458008
GraphSAGE,9,23,0.2,random,9,0.049904823303222656
GraphSAGE,9,23,0.2,random,10,0.0415380597114563
GraphSAGE,9,23,0.2,random,11,0.05201852321624756
GraphSAGE,9,23,0.2,random,12,0.06145530939102173
GraphSAGE,9,23,0.2,random,13,0.0402376651763916
GraphSAGE,9,23,0.2,random,14,0.04562222957611084
GraphSAGE,9,23,0.2,random,15,0.03549826145172119
GraphSAGE,9,23,0.2,random,16,0.02466636896133423
GraphSAGE,9,23,0.2,random,17,0.06821542978286743
GraphSAGE,9,23,0.2,random,18,0.054467737674713135
GraphSAGE,9,23,0.2,random,19,0.07241886854171753
GraphSAGE,9,37,0.05,gnnexplainer,-1,0.050056278705596924
GraphSAGE,9,37,0.05,random,0,0.02436661720275879
GraphSAGE,9,37,0.05,random,1,0.00888526439666748
GraphSAGE,9,37,0.05,random,2,0.026581764221191406
GraphSAGE,9,37,0.05,random,3,0.012946009635925293
GraphSAGE,9,37,0.05,random,4,0.0143510103225708
GraphSAGE,9,37,0.05,random,5,0.02857077121734619
GraphSAGE,9,37,0.05,random,6,0.01657944917678833
GraphSAGE,9,37,0.05,random,7,0.022189199924468994
GraphSAGE,9,37,0.05,random,8,0.012169718742370605
GraphSAGE,9,37,0.05,random,9,0.014189541339874268
GraphSAGE,9,37,0.05,random,10,0.01091766357421875
GraphSAGE,9,37,0.05,random,11,0.004506945610046387
GraphSAGE,9,37,0.05,random,12,0.013547182083129883
GraphSAGE,9,37,0.05,random,13,0.017820537090301514
GraphSAGE,9,37,0.05,random,14,0.002569735050201416
GraphSAGE,9,37,0.05,random,15,0.012914657592773438
GraphSAGE,9,37,0.05,random,16,0.0033562183380126953
GraphSAGE,9,37,0.05,random,17,0.01015615463256836
GraphSAGE,9,37,0.05,random,18,0.011769413948059082
GraphSAGE,9,37,0.05,random,19,0.0012710094451904297
GraphSAGE,9,37,0.1,gnnexplainer,-1,0.09768128395080566
GraphSAGE,9,37,0.1,random,0,0.02609264850616455
GraphSAGE,9,37,0.1,random,1,0.01847696304321289
GraphSAGE,9,37,0.1,random,2,0.003934264183044434
GraphSAGE,9,37,0.1,random,3,0.008302867412567139
GraphSAGE,9,37,0.1,random,4,-0.0001844167709350586
GraphSAGE,9,37,0.1,random,5,0.005052804946899414
GraphSAGE,9,37,0.1,random,6,0.021373271942138672
GraphSAGE,9,37,0.1,random,7,0.030904650688171387
GraphSAGE,9,37,0.1,random,8,0.018189966678619385
GraphSAGE,9,37,0.1,random,9,0.017388343811035156
GraphSAGE,9,37,0.1,random,10,0.025220870971679688
GraphSAGE,9,37,0.1,random,11,0.008519232273101807
GraphSAGE,9,37,0.1,random,12,0.037497878074645996
GraphSAGE,9,37,0.1,random,13,0.019088268280029297
GraphSAGE,9,37,0.1,random,14,0.004325568675994873
GraphSAGE,9,37,0.1,random,15,0.005288541316986084
GraphSAGE,9,37,0.1,random,16,0.018926262855529785
GraphSAGE,9,37,0.1,random,17,0.03110635280609131
GraphSAGE,9,37,0.1,random,18,0.007628798484802246
GraphSAGE,9,37,0.1,random,19,0.02311849594116211
GraphSAGE,9,37,0.2,gnnexplainer,-1,0.12154293060302734
GraphSAGE,9,37,0.2,random,0,0.027478516101837158
GraphSAGE,9,37,0.2,random,1,0.030364274978637695
GraphSAGE,9,37,0.2,random,2,0.014889299869537354
GraphSAGE,9,37,0.2,random,3,0.0380590558052063
GraphSAGE,9,37,0.2,random,4,0.05640006065368652
GraphSAGE,9,37,0.2,random,5,0.040175557136535645
GraphSAGE,9,37,0.2,random,6,0.016699135303497314
GraphSAGE,9,37,0.2,random,7,0.014332950115203857
GraphSAGE,9,37,0.2,random,8,0.06084609031677246
GraphSAGE,9,37,0.2,random,9,0.05332660675048828
GraphSAGE,9,37,0.2,random,10,0.012679576873779297
GraphSAGE,9,37,0.2,random,11,0.016157925128936768
GraphSAGE,9,37,0.2,random,12,0.020029902458190918
GraphSAGE,9,37,0.2,random,13,0.016688168048858643
GraphSAGE,9,37,0.2,random,14,0.04290890693664551
GraphSAGE,9,37,0.2,random,15,0.03671395778656006
GraphSAGE,9,37,0.2,random,16,0.03264135122299194
GraphSAGE,9,37,0.2,random,17,0.02625751495361328
GraphSAGE,9,37,0.2,random,18,0.05096864700317383
GraphSAGE,9,37,0.2,random,19,0.009925127029418945
GATv2,101,11,0.05,gnnexplainer,-1,-0.02788373827934265
GATv2,101,11,0.05,random,0,-0.0028844475746154785
GATv2,101,11,0.05,random,1,-0.030654728412628174
GATv2,101,11,0.05,random,2,0.00729602575302124
GATv2,101,11,0.05,random,3,0.004490405321121216
GATv2,101,11,0.05,random,4,-0.01672312617301941
GATv2,101,11,0.05,random,5,0.003293633460998535
GATv2,101,11,0.05,random,6,-0.02788373827934265
GATv2,101,11,0.05,random,7,-0.01672312617301941
GATv2,101,11,0.05,random,8,0.004490405321121216
GATv2,101,11,0.05,random,9,-0.01672312617301941
GATv2,101,11,0.05,random,10,-0.0028844475746154785
GATv2,101,11,0.05,random,11,0.0022200942039489746
GATv2,101,11,0.05,random,12,-0.008629679679870605
GATv2,101,11,0.05,random,13,0.011595845222473145
GATv2,101,11,0.05,random,14,-0.008629679679870605
GATv2,101,11,0.05,random,15,-0.030654728412628174
GATv2,101,11,0.05,random,16,-0.0028844475746154785
GATv2,101,11,0.05,random,17,0.004490405321121216
GATv2,101,11,0.05,random,18,-0.02788373827934265
GATv2,101,11,0.05,random,19,0.0037860870361328125
GATv2,101,11,0.1,gnnexplainer,-1,-0.03615579009056091
GATv2,101,11,0.1,random,0,-0.044933050870895386
GATv2,101,11,0.1,random,1,0.0008332133293151855
GATv2,101,11,0.1,random,2,0.0012789368629455566
GATv2,101,11,0.1,random,3,0.007861971855163574
GATv2,101,11,0.1,random,4,0.009865552186965942
GATv2,101,11,0.1,random,5,-0.02591639757156372
GATv2,101,11,0.1,random,6,-0.014237016439437866
GATv2,101,11,0.1,random,7,-0.023788511753082275
GATv2,101,11,0.1,random,8,0.023325234651565552
GATv2,101,11,0.1,random,9,0.01195099949836731
GATv2,101,11,0.1,random,10,-0.005572319030761719
GATv2,101,11,0.1,random,11,-0.027053236961364746
GATv2,101,11,0.1,random,12,0.008548915386199951
GATv2,101,11,0.1,random,13,-0.010976791381835938
GATv2,101,11,0.1,random,14,-0.004180639982223511
GATv2,101,11,0.1,random,15,0.005517899990081787
GATv2,101,11,0.1,random,16,-0.043767184019088745
GATv2,101,11,0.1,random,17,0.01346510648727417
GATv2,101,11,0.1,random,18,0.0034644007682800293
GATv2,101,11,0.1,random,19,0.00440138578414917
GATv2,101,11,0.2,gnnexplainer,-1,-0.026563286781311035
GATv2,101,11,0.2,random,0,-0.006746172904968262
GATv2,101,11,0.2,random,1,-0.019491076469421387
GATv2,101,11,0.2,random,2,-0.004998505115509033
GATv2,101,11,0.2,random,3,-0.028010576963424683
GATv2,101,11,0.2,random,4,-0.009465694427490234
GATv2,101,11,0.2,random,5,-0.021217703819274902
GATv2,101,11,0.2,random,6,0.013824880123138428
GATv2,101,11,0.2,random,7,-0.005835831165313721
GATv2,101,11,0.2,random,8,-0.006653189659118652
GATv2,101,11,0.2,random,9,-0.019191712141036987
GATv2,101,11,0.2,random,10,-0.020491689443588257
GATv2,101,11,0.2,random,11,-0.0003746151924133301
GATv2,101,11,0.2,random,12,0.011542350053787231
GATv2,101,11,0.2,random,13,-0.0182112455368042
GATv2,101,11,0.2,random,14,0.0006078481674194336
GATv2,101,11,0.2,random,15,0.022731244564056396
GATv2,101,11,0.2,random,16,-0.013852328062057495
GATv2,101,11,0.2,random,17,-0.036603063344955444
GATv2,101,11,0.2,random,18,-0.011725962162017822
GATv2,101,11,0.2,random,19,0.007841616868972778
GATv2,101,23,0.05,gnnexplainer,-1,0.003293633460998535
GATv2,101,23,0.05,random,0,0.0037860870361328125
GATv2,101,23,0.05,random,1,0.011595845222473145
GATv2,101,23,0.05,random,2,-0.030654728412628174
GATv2,101,23,0.05,random,3,-0.030654728412628174
GATv2,101,23,0.05,random,4,0.018867552280426025
GATv2,101,23,0.05,random,5,-0.014722466468811035
GATv2,101,23,0.05,random,6,0.018867552280426025
GATv2,101,23,0.05,random,7,0.0022200942039489746
GATv2,101,23,0.05,random,8,-0.0012652575969696045
GATv2,101,23,0.05,random,9,0.004490405321121216
GATv2,101,23,0.05,random,10,-0.02788373827934265
GATv2,101,23,0.05,random,11,0.004490405321121216
GATv2,101,23,0.05,random,12,-0.02788373827934265
GATv2,101,23,0.05,random,13,-0.0012652575969696045
GATv2,101,23,0.05,random,14,0.0022200942039489746
GATv2,101,23,0.05,random,15,0.011595845222473145
GATv2,101,23,0.05,random,16,-0.014722466468811035
GATv2,101,23,0.05,random,17,0.018867552280426025
GATv2,101,23,0.05,random,18,0.0022200942039489746
GATv2,101,23,0.05,random,19,-0.0012652575969696045
GATv2,101,23,0.1,gnnexplainer,-1,-0.005201190710067749
GATv2,101,23,0.1,random,0,-0.01019507646560669
GATv2,101,23,0.1,random,1,-0.0257338285446167
GATv2,101,23,0.1,random,2,-0.022691816091537476
GATv2,101,23,0.1,random,3,-0.02499830722808838
GATv2,101,23,0.1,random,4,0.023325234651565552
GATv2,101,23,0.1,random,5,-0.014127850532531738
GATv2,101,23,0.1,random,6,0.015400826930999756
GATv2,101,23,0.1,random,7,-0.009071439504623413
GATv2,101,23,0.1,random,8,-0.005201190710067749
GATv2,101,23,0.1,random,9,-0.023788511753082275
GATv2,101,23,0.1,random,10,0.011089444160461426
GATv2,101,23,0.1,random,11,-0.01695355772972107
GATv2,101,23,0.1,random,12,0.002052485942840576
GATv2,101,23,0.1,random,13,-0.010209888219833374
GATv2,101,23,0.1,random,14,-0.004180639982223511
GATv2,101,23,0.1,random,15,0.005975842475891113
GATv2,101,23,0.1,random,16,0.0008332133293151855
GATv2,101,23,0.1,random,17,-0.022691816091537476
GATv2,101,23,0.1,random,18,0.0008332133293151855
GATv2,101,23,0.1,random,19,-0.01168811321258545
GATv2,101,23,0.2,gnnexplainer,-1,0.0062563419342041016
GATv2,101,23,0.2,random,0,-0.03492411971092224
GATv2,101,23,0.2,random,1,0.021607905626296997
GATv2,101,23,0.2,random,2,-0.020632952451705933
GATv2,101,23,0.2,random,3,-0.02640843391418457
GATv2,101,23,0.2,random,4,-0.009776800870895386
GATv2,101,23,0.2,random,5,-0.030190110206604004
GATv2,101,23,0.2,random,6,0.03753972053527832
GATv2,101,23,0.2,random,7,-0.0256841778755188
GATv2,101,23,0.2,random,8,-0.011161625385284424
GATv2,101,23,0.2,random,9,0.00858190655708313
GATv2,101,23,0.2,random,10,0.0005409121513366699
GATv2,101,23,0.2,random,11,-0.05580383539199829
GATv2,101,23,0.2,random,12,0.009333997964859009
GATv2,101,23,0.2,random,13,0.024876147508621216
GATv2,101,23,0.2,random,14,0.01764729619026184
GATv2,101,23,0.2,random,15,-0.019420206546783447
GATv2,101,23,0.2,random,16,-0.04027387499809265
GATv2,101,23,0.2,random,17,-0.004348874092102051
GATv2,101,23,0.2,random,18,-0.012794852256774902
GATv2,101,23,0.2,random,19,-0.028775423765182495
GATv2,101,37,0.05,gnnexplainer,-1,-0.02788373827934265
GATv2,101,37,0.05,random,0,0.003293633460998535
GATv2,101,37,0.05,random,1,-0.008629679679870605
GATv2,101,37,0.05,random,2,-0.030654728412628174
GATv2,101,37,0.05,random,3,-0.008629679679870605
GATv2,101,37,0.05,random,4,0.018867552280426025
GATv2,101,37,0.05,random,5,-0.0028844475746154785
GATv2,101,37,0.05,random,6,-0.030654728412628174
GATv2,101,37,0.05,random,7,-0.014722466468811035
GATv2,101,37,0.05,random,8,-0.008629679679870605
GATv2,101,37,0.05,random,9,0.0037860870361328125
GATv2,101,37,0.05,random,10,-0.0028844475746154785
GATv2,101,37,0.05,random,11,0.004490405321121216
GATv2,101,37,0.05,random,12,0.003293633460998535
GATv2,101,37,0.05,random,13,0.0022200942039489746
GATv2,101,37,0.05,random,14,-0.008629679679870605
GATv2,101,37,0.05,random,15,-0.02788373827934265
GATv2,101,37,0.05,random,16,0.018867552280426025
GATv2,101,37,0.05,random,17,0.004490405321121216
GATv2,101,37,0.05,random,18,0.004731535911560059
GATv2,101,37,0.05,random,19,0.0037860870361328125
GATv2,101,37,0.1,gnnexplainer,-1,-0.04787725210189819
GATv2,101,37,0.1,random,0,-0.027053236961364746
GATv2,101,37,0.1,random,1,0.010545045137405396
GATv2,101,37,0.1,random,2,-0.008462518453598022
GATv2,101,37,0.1,random,3,0.006026536226272583
GATv2,101,37,0.1,random,4,-0.005572319030761719
GATv2,101,37,0.1,random,5,-0.033437907695770264
GATv2,101,37,0.1,random,6,-0.005572319030761719
GATv2,101,37,0.1,random,7,-0.022121518850326538
GATv2,101,37,0.1,random,8,0.025655657052993774
GATv2,101,37,0.1,random,9,-0.003919661045074463
GATv2,101,37,0.1,random,10,0.006414920091629028
GATv2,101,37,0.1,random,11,-0.022691816091537476
GATv2,101,37,0.1,random,12,0.008686661720275879
GATv2,101,37,0.1,random,13,0.0008332133293151855
GATv2,101,37,0.1,random,14,0.01758277416229248
GATv2,101,37,0.1,random,15,0.01008152961730957
GATv2,101,37,0.1,random,16,0.011892497539520264
GATv2,101,37,0.1,random,17,0.002052485942840576
GATv2,101,37,0.1,random,18,-0.005572319030761719
GATv2,101,37,0.1,random,19,0.0012789368629455566
GATv2,101,37,0.2,gnnexplainer,-1,-0.039417266845703125
GATv2,101,37,0.2,random,0,-0.03571563959121704
GATv2,101,37,0.2,random,1,0.000972449779510498
GATv2,101,37,0.2,random,2,-0.008496284484863281
GATv2,101,37,0.2,random,3,-0.03373405337333679
GATv2,101,37,0.2,random,4,-0.008029699325561523
GATv2,101,37,0.2,random,5,0.005789697170257568
GATv2,101,37,0.2,random,6,-0.007841318845748901
GATv2,101,37,0.2,random,7,-0.02465018630027771
GATv2,101,37,0.2,random,8,0.0020145177841186523
GATv2,101,37,0.2,random,9,0.019774824380874634
GATv2,101,37,0.2,random,10,-0.015419304370880127
GATv2,101,37,0.2,random,11,-0.016026556491851807
GATv2,101,37,0.2,random,12,0.024742543697357178
GATv2,101,37,0.2,random,13,-0.007177114486694336
GATv2,101,37,0.2,random,14,0.000317990779876709
GATv2,101,37,0.2,random,15,-0.011466681957244873
GATv2,101,37,0.2,random,16,0.01601356267929077
GATv2,101,37,0.2,random,17,-0.009087532758712769
GATv2,101,37,0.2,random,18,-0.03728765249252319
GATv2,101,37,0.2,random,19,0.01601356267929077
GATv2,102,11,0.05,gnnexplainer,-1,0.06059902906417847
GATv2,102,11,0.05,random,0,0.003720402717590332
GATv2,102,11,0.05,random,1,0.020873188972473145
GATv2,102,11,0.05,random,2,0.014717340469360352
GATv2,102,11,0.05,random,3,-0.001522064208984375
GATv2,102,11,0.05,random,4,-0.0063648223876953125
GATv2,102,11,0.05,random,5,0.01907026767730713
GATv2,102,11,0.05,random,6,0.014853477478027344
GATv2,102,11,0.05,random,7,0.007939159870147705
GATv2,102,11,0.05,random,8,0.006011605262756348
GATv2,102,11,0.05,random,9,0.005332589149475098
GATv2,102,11,0.05,random,10,0.012930214405059814
GATv2,102,11,0.05,random,11,0.0004368424415588379
GATv2,102,11,0.05,random,12,-0.0033451318740844727
GATv2,102,11,0.05,random,13,0.0466078519821167
GATv2,102,11,0.05,random,14,0.03922992944717407
GATv2,102,11,0.05,random,15,-0.00016313791275024414
GATv2,102,11,0.05,random,16,0.0027147531509399414
GATv2,102,11,0.05,random,17,0.04570269584655762
GATv2,102,11,0.05,random,18,0.0012985467910766602
GATv2,102,11,0.05,random,19,0.0001761317253112793
GATv2,102,11,0.1,gnnexplainer,-1,0.09461790323257446
GATv2,102,11,0.1,random,0,0.012779653072357178
GATv2,102,11,0.1,random,1,0.0444677472114563
GATv2,102,11,0.1,random,2,-0.0036922693252563477
GATv2,102,11,0.1,random,3,-0.006032347679138184
GATv2,102,11,0.1,random,4,0.008538484573364258
GATv2,102,11,0.1,random,5,0.02969491481781006
GATv2,102,11,0.1,random,6,0.006898283958435059
GATv2,102,11,0.1,random,7,0.029079854488372803
GATv2,102,11,0.1,random,8,0.023897409439086914
GATv2,102,11,0.1,random,9,0.057698726654052734
GATv2,102,11,0.1,random,10,0.008771717548370361
GATv2,102,11,0.1,random,11,0.0005522370338439941
GATv2,102,11,0.1,random,12,0.006199359893798828
GATv2,102,11,0.1,random,13,0.0190812349319458
GATv2,102,11,0.1,random,14,0.0015583634376525879
GATv2,102,11,0.1,random,15,0.04656016826629639
GATv2,102,11,0.1,random,16,0.009341239929199219
GATv2,102,11,0.1,random,17,0.004043400287628174
GATv2,102,11,0.1,random,18,0.039384424686431885
GATv2,102,11,0.1,random,19,0.06173574924468994
GATv2,102,11,0.2,gnnexplainer,-1,0.12264418601989746
GATv2,102,11,0.2,random,0,0.06254571676254272
GATv2,102,11,0.2,random,1,0.03669297695159912
GATv2,102,11,0.2,random,2,0.04781806468963623
GATv2,102,11,0.2,random,3,0.05032479763031006
GATv2,102,11,0.2,random,4,0.03600573539733887
GATv2,102,11,0.2,random,5,0.01158219575881958
GATv2,102,11,0.2,random,6,0.011703848838806152
GATv2,102,11,0.2,random,7,0.08525967597961426
GATv2,102,11,0.2,random,8,0.05532526969909668
GATv2,102,11,0.2,random,9,0.10161632299423218
GATv2,102,11,0.2,random,10,0.028133153915405273
GATv2,102,11,0.2,random,11,0.0182570219039917
GATv2,102,11,0.2,random,12,0.014278173446655273
GATv2,102,11,0.2,random,13,0.028812408447265625
GATv2,102,11,0.2,random,14,0.015421271324157715
GATv2,102,11,0.2,random,15,0.07013356685638428
GATv2,102,11,0.2,random,16,0.010714530944824219
GATv2,102,11,0.2,random,17,0.01023709774017334
GATv2,102,11,0.2,random,18,0.02465277910232544
GATv2,102,11,0.2,random,19,0.02155238389968872
GATv2,102,23,0.05,gnnexplainer,-1,0.06597423553466797
GATv2,102,23,0.05,random,0,0.007364392280578613
GATv2,102,23,0.05,random,1,-0.008490979671478271
GATv2,102,23,0.05,random,2,0.008064210414886475
GATv2,102,23,0.05,random,3,0.01561659574508667
GATv2,102,23,0.05,random,4,0.018932580947875977
GATv2,102,23,0.05,random,5,0.0031667351722717285
GATv2,102,23,0.05,random,6,0.024253010749816895
GATv2,102,23,0.05,random,7,0.0388069748878479
GATv2,102,23,0.05,random,8,-0.0008658170700073242
GATv2,102,23,0.05,random,9,-0.00817197561264038
GATv2,102,23,0.05,random,10,-0.0005410909652709961
GATv2,102,23,0.05,random,11,0.007078707218170166
GATv2,102,23,0.05,random,12,0.023554444313049316
GATv2,102,23,0.05,random,13,0.0025143027305603027
GATv2,102,23,0.05,random,14,0.007661581039428711
GATv2,102,23,0.05,random,15,0.04557466506958008
GATv2,102,23,0.05,random,16,0.005103707313537598
GATv2,102,23,0.05,random,17,0.0004368424415588379
GATv2,102,23,0.05,random,18,0.022977471351623535
GATv2,102,23,0.05,random,19,0.0071179866790771484
GATv2,102,23,0.1,gnnexplainer,-1,0.09461790323257446
GATv2,102,23,0.1,random,0,0.05047607421875
GATv2,102,23,0.1,random,1,0.010118186473846436
GATv2,102,23,0.1,random,2,0.033691465854644775
GATv2,102,23,0.1,random,3,0.0016303658485412598
GATv2,102,23,0.1,random,4,0.03371769189834595
GATv2,102,23,0.1,random,5,0.012239277362823486
GATv2,102,23,0.1,random,6,0.018202602863311768
GATv2,102,23,0.1,random,7,0.031068801879882812
GATv2,102,23,0.1,random,8,0.017843127250671387
GATv2,102,23,0.1,random,9,0.0015779733657836914
GATv2,102,23,0.1,random,10,0.01148909330368042
GATv2,102,23,0.1,random,11,0.0035054683685302734
GATv2,102,23,0.1,random,12,0.017015695571899414
GATv2,102,23,0.1,random,13,0.06797850131988525
GATv2,102,23,0.1,random,14,0.007169842720031738
GATv2,102,23,0.1,random,15,0.002893388271331787
GATv2,102,23,0.1,random,16,0.0021924972534179688
GATv2,102,23,0.1,random,17,0.008253157138824463
GATv2,102,23,0.1,random,18,0.01685035228729248
GATv2,102,23,0.1,random,19,0.031068801879882812
GATv2,102,23,0.2,gnnexplainer,-1,0.12513279914855957
GATv2,102,23,0.2,random,0,0.007665276527404785
GATv2,102,23,0.2,random,1,0.01727837324142456
GATv2,102,23,0.2,random,2,0.009420156478881836
GATv2,102,23,0.2,random,3,0.01746910810470581
GATv2,102,23,0.2,random,4,0.01352393627166748
GATv2,102,23,0.2,random,5,0.02399766445159912
GATv2,102,23,0.2,random,6,0.060510993003845215
GATv2,102,23,0.2,random,7,0.06955784559249878
GATv2,102,23,0.2,random,8,0.08638268709182739
GATv2,102,23,0.2,random,9,0.016244232654571533
GATv2,102,23,0.2,random,10,0.023270249366760254
GATv2,102,23,0.2,random,11,0.02766519784927368
GATv2,102,23,0.2,random,12,0.028751254081726074
GATv2,102,23,0.2,random,13,0.04033660888671875
GATv2,102,23,0.2,random,14,0.04607093334197998
GATv2,102,23,0.2,random,15,0.024731040000915527
GATv2,102,23,0.2,random,16,0.049171507358551025
GATv2,102,23,0.2,random,17,0.051049113273620605
GATv2,102,23,0.2,random,18,0.03708350658416748
GATv2,102,23,0.2,random,19,0.0030355453491210938
GATv2,102,37,0.05,gnnexplainer,-1,0.06059902906417847
GATv2,102,37,0.05,random,0,0.004215061664581299
GATv2,102,37,0.05,random,1,-0.00037735700607299805
GATv2,102,37,0.05,random,2,0.040695011615753174
GATv2,102,37,0.05,random,3,0.013777554035186768
GATv2,102,37,0.05,random,4,0.0014969110488891602
GATv2,102,37,0.05,random,5,-0.00768512487411499
GATv2,102,37,0.05,random,6,0.023554444313049316
GATv2,102,37,0.05,random,7,0.0004368424415588379
GATv2,102,37,0.05,random,8,0.028994977474212646
GATv2,102,37,0.05,random,9,0.024426579475402832
GATv2,102,37,0.05,random,10,0.0024974942207336426
GATv2,102,37,0.05,random,11,0.0098191499710083
GATv2,102,37,0.05,random,12,0.02937769889831543
GATv2,102,37,0.05,random,13,0.018845200538635254
GATv2,102,37,0.05,random,14,0.010129928588867188
GATv2,102,37,0.05,random,15,0.01493847370147705
GATv2,102,37,0.05,random,16,0.0020842552185058594
GATv2,102,37,0.05,random,17,0.008343398571014404
GATv2,102,37,0.05,random,18,0.011667370796203613
GATv2,102,37,0.05,random,19,0.03413808345794678
GATv2,102,37,0.1,gnnexplainer,-1,0.09461790323257446
GATv2,102,37,0.1,random,0,7.462501525878906e-05
GATv2,102,37,0.1,random,1,0.022633016109466553
GATv2,102,37,0.1,random,2,0.01246654987335205
GATv2,102,37,0.1,random,3,0.014871835708618164
GATv2,102,37,0.1,random,4,0.019207894802093506
GATv2,102,37,0.1,random,5,0.010611355304718018
GATv2,102,37,0.1,random,6,0.02897125482559204
GATv2,102,37,0.1,random,7,-0.0010516047477722168
GATv2,102,37,0.1,random,8,0.006157994270324707
GATv2,102,37,0.1,random,9,0.012017130851745605
GATv2,102,37,0.1,random,10,0.012750446796417236
GATv2,102,37,0.1,random,11,0.02982950210571289
GATv2,102,37,0.1,random,12,0.02076202630996704
GATv2,102,37,0.1,random,13,0.0260012149810791
GATv2,102,37,0.1,random,14,0.03542983531951904
GATv2,102,37,0.1,random,15,0.005202829837799072
GATv2,102,37,0.1,random,16,0.01847684383392334
GATv2,102,37,0.1,random,17,0.034468889236450195
GATv2,102,37,0.1,random,18,0.010742902755737305
GATv2,102,37,0.1,random,19,0.029823780059814453
GATv2,102,37,0.2,gnnexplainer,-1,0.13535857200622559
GATv2,102,37,0.2,random,0,0.017703354358673096
GATv2,102,37,0.2,random,1,0.08885669708251953
GATv2,102,37,0.2,random,2,0.013756036758422852
GATv2,102,37,0.2,random,3,0.03366345167160034
GATv2,102,37,0.2,random,4,0.08217698335647583
GATv2,102,37,0.2,random,5,0.04307180643081665
GATv2,102,37,0.2,random,6,0.015872478485107422
GATv2,102,37,0.2,random,7,0.04185205698013306
GATv2,102,37,0.2,random,8,0.07651883363723755
GATv2,102,37,0.2,random,9,0.0030885934829711914
GATv2,102,37,0.2,random,10,0.03797632455825806
GATv2,102,37,0.2,random,11,0.012304127216339111
GATv2,102,37,0.2,random,12,0.02257382869720459
GATv2,102,37,0.2,random,13,0.06054186820983887
GATv2,102,37,0.2,random,14,0.06064420938491821
GATv2,102,37,0.2,random,15,0.013728618621826172
GATv2,102,37,0.2,random,16,0.02621173858642578
GATv2,102,37,0.2,random,17,0.025672495365142822
GATv2,102,37,0.2,random,18,0.03598839044570923
GATv2,102,37,0.2,random,19,0.02176809310913086
GATv2,106,11,0.05,gnnexplainer,-1,0.043121933937072754
GATv2,106,11,0.05,random,0,0.008780181407928467
GATv2,106,11,0.05,random,1,0.0034798383712768555
GATv2,106,11,0.05,random,2,0.004642844200134277
GATv2,106,11,0.05,random,3,0.008838832378387451
GATv2,106,11,0.05,random,4,0.01137685775756836
GATv2,106,11,0.05,random,5,0.004416763782501221
GATv2,106,11,0.05,random,6,0.017155885696411133
GATv2,106,11,0.05,random,7,0.0028783082962036133
GATv2,106,11,0.05,random,8,0.010843276977539062
GATv2,106,11,0.05,random,9,0.012370824813842773
GATv2,106,11,0.05,random,10,0.010000646114349365
GATv2,106,11,0.05,random,11,0.007128894329071045
GATv2,106,11,0.05,random,12,0.007817208766937256
GATv2,106,11,0.05,random,13,0.02276170253753662
GATv2,106,11,0.05,random,14,0.017586469650268555
GATv2,106,11,0.05,random,15,0.0066754817962646484
GATv2,106,11,0.05,random,16,0.009517073631286621
GATv2,106,11,0.05,random,17,0.01079857349395752
GATv2,106,11,0.05,random,18,0.009622275829315186
GATv2,106,11,0.05,random,19,0.008297085762023926
GATv2,106,11,0.1,gnnexplainer,-1,0.06446635723114014
GATv2,106,11,0.1,random,0,0.015263080596923828
GATv2,106,11,0.1,random,1,0.008052527904510498
GATv2,106,11,0.1,random,2,0.028004825115203857
GATv2,106,11,0.1,random,3,0.01592320203781128
GATv2,106,11,0.1,random,4,0.014558076858520508
GATv2,106,11,0.1,random,5,0.020743608474731445
GATv2,106,11,0.1,random,6,0.027821004390716553
GATv2,106,11,0.1,random,7,0.013217329978942871
GATv2,106,11,0.1,random,8,0.01857435703277588
GATv2,106,11,0.1,random,9,0.026527881622314453
GATv2,106,11,0.1,random,10,0.01514369249343872
GATv2,106,11,0.1,random,11,0.026753127574920654
GATv2,106,11,0.1,random,12,0.0138014554977417
GATv2,106,11,0.1,random,13,0.015367388725280762
GATv2,106,11,0.1,random,14,0.019370317459106445
GATv2,106,11,0.1,random,15,0.012701690196990967
GATv2,106,11,0.1,random,16,0.008689641952514648
GATv2,106,11,0.1,random,17,0.02592003345489502
GATv2,106,11,0.1,random,18,0.011564195156097412
GATv2,106,11,0.1,random,19,0.018796682357788086
GATv2,106,11,0.2,gnnexplainer,-1,0.0781933069229126
GATv2,106,11,0.2,random,0,0.03833627700805664
GATv2,106,11,0.2,random,1,0.030768871307373047
GATv2,106,11,0.2,random,2,0.05748581886291504
GATv2,106,11,0.2,random,3,0.03987276554107666
GATv2,106,11,0.2,random,4,0.02631819248199463
GATv2,106,11,0.2,random,5,0.04218924045562744
GATv2,106,11,0.2,random,6,0.03973186016082764
GATv2,106,11,0.2,random,7,0.0419464111328125
GATv2,106,11,0.2,random,8,0.04661452770233154
GATv2,106,11,0.2,random,9,0.03896355628967285
GATv2,106,11,0.2,random,10,0.038257062435150146
GATv2,106,11,0.2,random,11,0.031844139099121094
GATv2,106,11,0.2,random,12,0.0411376953125
GATv2,106,11,0.2,random,13,0.03913092613220215
GATv2,106,11,0.2,random,14,0.03284424543380737
GATv2,106,11,0.2,random,15,0.03094303607940674
GATv2,106,11,0.2,random,16,0.046873509883880615
GATv2,106,11,0.2,random,17,0.025414347648620605
GATv2,106,11,0.2,random,18,0.02994173765182495
GATv2,106,11,0.2,random,19,0.029744505882263184
GATv2,106,23,0.05,gnnexplainer,-1,0.043121933937072754
GATv2,106,23,0.05,random,0,0.008115768432617188
GATv2,106,23,0.05,random,1,0.010465145111083984
GATv2,106,23,0.05,random,2,-0.0032411813735961914
GATv2,106,23,0.05,random,3,0.011418342590332031
GATv2,106,23,0.05,random,4,0.010838508605957031
GATv2,106,23,0.05,random,5,0.0011785030364990234
GATv2,106,23,0.05,random,6,0.012483954429626465
GATv2,106,23,0.05,random,7,0.003584444522857666
GATv2,106,23,0.05,random,8,0.00847470760345459
GATv2,106,23,0.05,random,9,0.006864964962005615
GATv2,106,23,0.05,random,10,0.008552253246307373
GATv2,106,23,0.05,random,11,0.01263117790222168
GATv2,106,23,0.05,random,12,0.004661858081817627
GATv2,106,23,0.05,random,13,0.004911482334136963
GATv2,106,23,0.05,random,14,0.006956875324249268
GATv2,106,23,0.05,random,15,0.005771040916442871
GATv2,106,23,0.05,random,16,0.009382784366607666
GATv2,106,23,0.05,random,17,0.0199432373046875
GATv2,106,23,0.05,random,18,0.008714616298675537
GATv2,106,23,0.05,random,19,0.011358261108398438
GATv2,106,23,0.1,gnnexplainer,-1,0.06057250499725342
GATv2,106,23,0.1,random,0,0.02023017406463623
GATv2,106,23,0.1,random,1,0.016009926795959473
GATv2,106,23,0.1,random,2,0.01433706283569336
GATv2,106,23,0.1,random,3,0.026721596717834473
GATv2,106,23,0.1,random,4,0.02275526523590088
GATv2,106,23,0.1,random,5,0.0224989652633667
GATv2,106,23,0.1,random,6,0.01623290777206421
GATv2,106,23,0.1,random,7,0.02018815279006958
GATv2,106,23,0.1,random,8,0.010400176048278809
GATv2,106,23,0.1,random,9,0.021672427654266357
GATv2,106,23,0.1,random,10,0.03188169002532959
GATv2,106,23,0.1,random,11,0.024310827255249023
GATv2,106,23,0.1,random,12,0.0243261456489563
GATv2,106,23,0.1,random,13,0.021660327911376953
GATv2,106,23,0.1,random,14,0.017560243606567383
GATv2,106,23,0.1,random,15,0.03467988967895508
GATv2,106,23,0.1,random,16,0.023210108280181885
GATv2,106,23,0.1,random,17,0.023779749870300293
GATv2,106,23,0.1,random,18,0.010730385780334473
GATv2,106,23,0.1,random,19,0.021899700164794922
GATv2,106,23,0.2,gnnexplainer,-1,0.07264196872711182
GATv2,106,23,0.2,random,0,0.04989278316497803
GATv2,106,23,0.2,random,1,0.04711669683456421
GATv2,106,23,0.2,random,2,0.03612673282623291
GATv2,106,23,0.2,random,3,0.0565943717956543
GATv2,106,23,0.2,random,4,0.0339924693107605
GATv2,106,23,0.2,random,5,0.030768752098083496
GATv2,106,23,0.2,random,6,0.048889756202697754
GATv2,106,23,0.2,random,7,0.02925276756286621
GATv2,106,23,0.2,random,8,0.05052173137664795
GATv2,106,23,0.2,random,9,0.03354990482330322
GATv2,106,23,0.2,random,10,0.04266631603240967
GATv2,106,23,0.2,random,11,0.024393916130065918
GATv2,106,23,0.2,random,12,0.02467024326324463
GATv2,106,23,0.2,random,13,0.03320997953414917
GATv2,106,23,0.2,random,14,0.027864515781402588
GATv2,106,23,0.2,random,15,0.03403806686401367
GATv2,106,23,0.2,random,16,0.028992831707000732
GATv2,106,23,0.2,random,17,0.03096449375152588
GATv2,106,23,0.2,random,18,0.049173712730407715
GATv2,106,23,0.2,random,19,0.037549495697021484
GATv2,106,37,0.05,gnnexplainer,-1,0.043671369552612305
GATv2,106,37,0.05,random,0,0.01293480396270752
GATv2,106,37,0.05,random,1,0.004814505577087402
GATv2,106,37,0.05,random,2,0.01621156930923462
GATv2,106,37,0.05,random,3,0.023391664028167725
GATv2,106,37,0.05,random,4,0.011618554592132568
GATv2,106,37,0.05,random,5,0.018156826496124268
GATv2,106,37,0.05,random,6,0.006996631622314453
GATv2,106,37,0.05,random,7,0.016766607761383057
GATv2,106,37,0.05,random,8,0.006631731986999512
GATv2,106,37,0.05,random,9,0.002095162868499756
GATv2,106,37,0.05,random,10,0.010063648223876953
GATv2,106,37,0.05,random,11,0.01315295696258545
GATv2,106,37,0.05,random,12,0.010992646217346191
GATv2,106,37,0.05,random,13,0.015138804912567139
GATv2,106,37,0.05,random,14,0.01384204626083374
GATv2,106,37,0.05,random,15,0.004770934581756592
GATv2,106,37,0.05,random,16,0.0025826692581176758
GATv2,106,37,0.05,random,17,0.006096959114074707
GATv2,106,37,0.05,random,18,0.010626435279846191
GATv2,106,37,0.05,random,19,0.009122312068939209
GATv2,106,37,0.1,gnnexplainer,-1,0.061302006244659424
GATv2,106,37,0.1,random,0,0.028752923011779785
GATv2,106,37,0.1,random,1,0.01700347661972046
GATv2,106,37,0.1,random,2,0.028031468391418457
GATv2,106,37,0.1,random,3,0.010939478874206543
GATv2,106,37,0.1,random,4,0.028908729553222656
GATv2,106,37,0.1,random,5,0.016464591026306152
GATv2,106,37,0.1,random,6,0.023143768310546875
GATv2,106,37,0.1,random,7,0.01774585247039795
GATv2,106,37,0.1,random,8,0.012945055961608887
GATv2,106,37,0.1,random,9,0.00974363088607788
GATv2,106,37,0.1,random,10,0.015165328979492188
GATv2,106,37,0.1,random,11,0.01459592580795288
GATv2,106,37,0.1,random,12,0.016894817352294922
GATv2,106,37,0.1,random,13,0.015292942523956299
GATv2,106,37,0.1,random,14,0.025547504425048828
GATv2,106,37,0.1,random,15,0.015865206718444824
GATv2,106,37,0.1,random,16,0.018608450889587402
GATv2,106,37,0.1,random,17,0.01619577407836914
GATv2,106,37,0.1,random,18,0.012536883354187012
GATv2,106,37,0.1,random,19,0.016388773918151855
GATv2,106,37,0.2,gnnexplainer,-1,0.07343387603759766
GATv2,106,37,0.2,random,0,0.0386885404586792
GATv2,106,37,0.2,random,1,0.028030455112457275
GATv2,106,37,0.2,random,2,0.04191756248474121
GATv2,106,37,0.2,random,3,0.027157127857208252
GATv2,106,37,0.2,random,4,0.02845752239227295
GATv2,106,37,0.2,random,5,0.06440228223800659
GATv2,106,37,0.2,random,6,0.032368600368499756
GATv2,106,37,0.2,random,7,0.04998898506164551
GATv2,106,37,0.2,random,8,0.03634136915206909
GATv2,106,37,0.2,random,9,0.023231148719787598
GATv2,106,37,0.2,random,10,0.047946393489837646
GATv2,106,37,0.2,random,11,0.02027130126953125
GATv2,106,37,0.2,random,12,0.024819374084472656
GATv2,106,37,0.2,random,13,0.048534274101257324
GATv2,106,37,0.2,random,14,0.039182841777801514
GATv2,106,37,0.2,random,15,0.03564310073852539
GATv2,106,37,0.2,random,16,0.03358316421508789
GATv2,106,37,0.2,random,17,0.03793799877166748
GATv2,106,37,0.2,random,18,0.058244943618774414
GATv2,106,37,0.2,random,19,0.030278921127319336
GATv2,118,11,0.05,gnnexplainer,-1,0.038244009017944336
GATv2,118,11,0.05,random,0,0.014517247676849365
GATv2,118,11,0.05,random,1,0.018604397773742676
GATv2,118,11,0.05,random,2,0.000709235668182373
GATv2,118,11,0.05,random,3,0.008659958839416504
GATv2,118,11,0.05,random,4,-0.0019658803939819336
GATv2,118,11,0.05,random,5,0.011293470859527588
GATv2,118,11,0.05,random,6,0.0017243623733520508
GATv2,118,11,0.05,random,7,0.0025679469108581543
GATv2,118,11,0.05,random,8,0.023945748805999756
GATv2,118,11,0.05,random,9,0.005877137184143066
GATv2,118,11,0.05,random,10,0.0018357038497924805
GATv2,118,11,0.05,random,11,0.00596386194229126
GATv2,118,11,0.05,random,12,0.01685386896133423
GATv2,118,11,0.05,random,13,-0.000535428524017334
GATv2,118,11,0.05,random,14,0.0010935664176940918
GATv2,118,11,0.05,random,15,0.018652796745300293
GATv2,118,11,0.05,random,16,0.02031785249710083
GATv2,118,11,0.05,random,17,-0.0007116198539733887
GATv2,118,11,0.05,random,18,0.006462395191192627
GATv2,118,11,0.05,random,19,-0.0014056563377380371
GATv2,118,11,0.1,gnnexplainer,-1,0.07396295666694641
GATv2,118,11,0.1,random,0,0.027056992053985596
GATv2,118,11,0.1,random,1,0.02208620309829712
GATv2,118,11,0.1,random,2,0.025943875312805176
GATv2,118,11,0.1,random,3,0.0021530985832214355
GATv2,118,11,0.1,random,4,0.03604552149772644
GATv2,118,11,0.1,random,5,0.015898048877716064
GATv2,118,11,0.1,random,6,-0.0004158616065979004
GATv2,118,11,0.1,random,7,0.007667422294616699
GATv2,118,11,0.1,random,8,0.038710713386535645
GATv2,118,11,0.1,random,9,-0.002834022045135498
GATv2,118,11,0.1,random,10,0.008789002895355225
GATv2,118,11,0.1,random,11,0.015449702739715576
GATv2,118,11,0.1,random,12,0.0012577176094055176
GATv2,118,11,0.1,random,13,0.012336671352386475
GATv2,118,11,0.1,random,14,0.0008156299591064453
GATv2,118,11,0.1,random,15,0.02264583110809326
GATv2,118,11,0.1,random,16,0.006199538707733154
GATv2,118,11,0.1,random,17,0.004371225833892822
GATv2,118,11,0.1,random,18,0.007431209087371826
GATv2,118,11,0.1,random,19,0.004736959934234619
GATv2,118,11,0.2,gnnexplainer,-1,0.08551669120788574
GATv2,118,11,0.2,random,0,0.03554627299308777
GATv2,118,11,0.2,random,1,-0.011896312236785889
GATv2,118,11,0.2,random,2,0.019086480140686035
GATv2,118,11,0.2,random,3,0.0013828873634338379
GATv2,118,11,0.2,random,4,0.03995433449745178
GATv2,118,11,0.2,random,5,0.008237957954406738
GATv2,118,11,0.2,random,6,0.01937657594680786
GATv2,118,11,0.2,random,7,0.041377902030944824
GATv2,118,11,0.2,random,8,0.023514091968536377
GATv2,118,11,0.2,random,9,0.035044461488723755
GATv2,118,11,0.2,random,10,0.04102671146392822
GATv2,118,11,0.2,random,11,0.02399742603302002
GATv2,118,11,0.2,random,12,0.06425878405570984
GATv2,118,11,0.2,random,13,0.007584214210510254
GATv2,118,11,0.2,random,14,0.04899218678474426
GATv2,118,11,0.2,random,15,0.037766098976135254
GATv2,118,11,0.2,random,16,0.05285903811454773
GATv2,118,11,0.2,random,17,0.010812640190124512
GATv2,118,11,0.2,random,18,0.028531670570373535
GATv2,118,11,0.2,random,19,0.04554131627082825
GATv2,118,23,0.05,gnnexplainer,-1,0.036065131425857544
GATv2,118,23,0.05,random,0,0.010664045810699463
GATv2,118,23,0.05,random,1,-0.0015460848808288574
GATv2,118,23,0.05,random,2,0.0014548897743225098
GATv2,118,23,0.05,random,3,-0.0032381415367126465
GATv2,118,23,0.05,random,4,-0.003022611141204834
GATv2,118,23,0.05,random,5,0.015043675899505615
GATv2,118,23,0.05,random,6,0.007395923137664795
GATv2,118,23,0.05,random,7,-0.0008268356323242188
GATv2,118,23,0.05,random,8,0.0008932352066040039
GATv2,118,23,0.05,random,9,0.02237933874130249
GATv2,118,23,0.05,random,10,0.02233588695526123
GATv2,118,23,0.05,random,11,0.027940869331359863
GATv2,118,23,0.05,random,12,0.0027991533279418945
GATv2,118,23,0.05,random,13,0.0028679966926574707
GATv2,118,23,0.05,random,14,0.00836867094039917
GATv2,118,23,0.05,random,15,-0.007655918598175049
GATv2,118,23,0.05,random,16,0.002126336097717285
GATv2,118,23,0.05,random,17,-0.006207168102264404
GATv2,118,23,0.05,random,18,-0.00036329030990600586
GATv2,118,23,0.05,random,19,0.013924121856689453
GATv2,118,23,0.1,gnnexplainer,-1,0.07396295666694641
GATv2,118,23,0.1,random,0,0.024221062660217285
GATv2,118,23,0.1,random,1,0.0002662539482116699
GATv2,118,23,0.1,random,2,0.005713820457458496
GATv2,118,23,0.1,random,3,-0.007651984691619873
GATv2,118,23,0.1,random,4,0.004228651523590088
GATv2,118,23,0.1,random,5,0.039684176445007324
GATv2,118,23,0.1,random,6,0.025509119033813477
GATv2,118,23,0.1,random,7,0.025953590869903564
GATv2,118,23,0.1,random,8,0.020550072193145752
GATv2,118,23,0.1,random,9,0.004439711570739746
GATv2,118,23,0.1,random,10,0.02224951982498169
GATv2,118,23,0.1,random,11,0.0149003267288208
GATv2,118,23,0.1,random,12,-1.424551010131836e-05
GATv2,118,23,0.1,random,13,0.006704747676849365
GATv2,118,23,0.1,random,14,0.004887998104095459
GATv2,118,23,0.1,random,15,0.021972239017486572
GATv2,118,23,0.1,random,16,0.00803983211517334
GATv2,118,23,0.1,random,17,-0.004237532615661621
GATv2,118,23,0.1,random,18,-0.012326478958129883
GATv2,118,23,0.1,random,19,0.013438165187835693
GATv2,118,23,0.2,gnnexplainer,-1,0.08434438705444336
GATv2,118,23,0.2,random,0,0.029629826545715332
GATv2,118,23,0.2,random,1,0.0381295382976532
GATv2,118,23,0.2,random,2,0.01730102300643921
GATv2,118,23,0.2,random,3,0.042690396308898926
GATv2,118,23,0.2,random,4,-0.00434112548828125
GATv2,118,23,0.2,random,5,0.003987014293670654
GATv2,118,23,0.2,random,6,0.04068520665168762
GATv2,118,23,0.2,random,7,0.0032335519790649414
GATv2,118,23,0.2,random,8,0.01301264762878418
GATv2,118,23,0.2,random,9,0.008440673351287842
GATv2,118,23,0.2,random,10,0.030275702476501465
GATv2,118,23,0.2,random,11,0.01279836893081665
GATv2,118,23,0.2,random,12,0.052251726388931274
GATv2,118,23,0.2,random,13,0.008586108684539795
GATv2,118,23,0.2,random,14,0.005693614482879639
GATv2,118,23,0.2,random,15,0.061153292655944824
GATv2,118,23,0.2,random,16,0.02614349126815796
GATv2,118,23,0.2,random,17,0.052978068590164185
GATv2,118,23,0.2,random,18,0.02556079626083374
GATv2,118,23,0.2,random,19,0.061780452728271484
GATv2,118,37,0.05,gnnexplainer,-1,0.036065131425857544
GATv2,118,37,0.05,random,0,0.009962618350982666
GATv2,118,37,0.05,random,1,-0.004136502742767334
GATv2,118,37,0.05,random,2,0.010899901390075684
GATv2,118,37,0.05,random,3,-0.00247114896774292
GATv2,118,37,0.05,random,4,0.003961741924285889
GATv2,118,37,0.05,random,5,0.00124359130859375
GATv2,118,37,0.05,random,6,4.178285598754883e-05
GATv2,118,37,0.05,random,7,0.022961735725402832
GATv2,118,37,0.05,random,8,0.002479374408721924
GATv2,118,37,0.05,random,9,0.02031785249710083
GATv2,118,37,0.05,random,10,-0.0022448301315307617
GATv2,118,37,0.05,random,11,0.004740536212921143
GATv2,118,37,0.05,random,12,-0.0019369125366210938
GATv2,118,37,0.05,random,13,0.020274043083190918
GATv2,118,37,0.05,random,14,0.010736167430877686
GATv2,118,37,0.05,random,15,-0.007584631443023682
GATv2,118,37,0.05,random,16,0.006137371063232422
GATv2,118,37,0.05,random,17,0.0010359883308410645
GATv2,118,37,0.05,random,18,-0.0015645027160644531
GATv2,118,37,0.05,random,19,0.016064584255218506
GATv2,118,37,0.1,gnnexplainer,-1,0.06358841061592102
GATv2,118,37,0.1,random,0,-0.006234645843505859
GATv2,118,37,0.1,random,1,0.01660001277923584
GATv2,118,37,0.1,random,2,0.01864546537399292
GATv2,118,37,0.1,random,3,-0.0067411065101623535
GATv2,118,37,0.1,random,4,-0.00045615434646606445
GATv2,118,37,0.1,random,5,0.009863495826721191
GATv2,118,37,0.1,random,6,0.0066620707511901855
GATv2,118,37,0.1,random,7,0.0015042424201965332
GATv2,118,37,0.1,random,8,0.014684617519378662
GATv2,118,37,0.1,random,9,0.01944965124130249
GATv2,118,37,0.1,random,10,0.01671922206878662
GATv2,118,37,0.1,random,11,0.0049623847007751465
GATv2,118,37,0.1,random,12,0.0019497275352478027
GATv2,118,37,0.1,random,13,-0.008515655994415283
GATv2,118,37,0.1,random,14,0.001246035099029541
GATv2,118,37,0.1,random,15,0.0230676531791687
GATv2,118,37,0.1,random,16,0.029725253582000732
GATv2,118,37,0.1,random,17,0.020419299602508545
GATv2,118,37,0.1,random,18,-0.0007503628730773926
GATv2,118,37,0.1,random,19,0.02901846170425415
GATv2,118,37,0.2,gnnexplainer,-1,0.10093548893928528
GATv2,118,37,0.2,random,0,0.023907959461212158
GATv2,118,37,0.2,random,1,0.03796282410621643
GATv2,118,37,0.2,random,2,0.03410801291465759
GATv2,118,37,0.2,random,3,0.042688578367233276
GATv2,118,37,0.2,random,4,0.004565834999084473
GATv2,118,37,0.2,random,5,0.0032624006271362305
GATv2,118,37,0.2,random,6,0.025402724742889404
GATv2,118,37,0.2,random,7,0.040858298540115356
GATv2,118,37,0.2,random,8,0.010067880153656006
GATv2,118,37,0.2,random,9,0.02104032039642334
GATv2,118,37,0.2,random,10,0.023355722427368164
GATv2,118,37,0.2,random,11,0.01795274019241333
GATv2,118,37,0.2,random,12,0.0423528254032135
GATv2,118,37,0.2,random,13,0.05025705695152283
GATv2,118,37,0.2,random,14,0.02658534049987793
GATv2,118,37,0.2,random,15,0.03794896602630615
GATv2,118,37,0.2,random,16,0.03314131498336792
GATv2,118,37,0.2,random,17,0.06368651986122131
GATv2,118,37,0.2,random,18,0.030477702617645264
GATv2,118,37,0.2,random,19,0.054139018058776855
GATv2,120,11,0.05,gnnexplainer,-1,-0.001016855239868164
GATv2,120,11,0.05,random,0,-0.0025670528411865234
GATv2,120,11,0.05,random,1,-0.005161762237548828
GATv2,120,11,0.05,random,2,-0.005980640649795532
GATv2,120,11,0.05,random,3,0.0026955604553222656
GATv2,120,11,0.05,random,4,-0.005278259515762329
GATv2,120,11,0.05,random,5,-0.0010824203491210938
GATv2,120,11,0.05,random,6,0.0017993450164794922
GATv2,120,11,0.05,random,7,-0.005541741847991943
GATv2,120,11,0.05,random,8,-0.011573314666748047
GATv2,120,11,0.05,random,9,0.003511279821395874
GATv2,120,11,0.05,random,10,0.000591278076171875
GATv2,120,11,0.05,random,11,-0.0029820501804351807
GATv2,120,11,0.05,random,12,-8.207559585571289e-05
GATv2,120,11,0.05,random,13,-0.0008352994918823242
GATv2,120,11,0.05,random,14,-0.0044938623905181885
GATv2,120,11,0.05,random,15,0.004711329936981201
GATv2,120,11,0.05,random,16,-0.008388280868530273
GATv2,120,11,0.05,random,17,0.001704871654510498
GATv2,120,11,0.05,random,18,-0.008460909128189087
GATv2,120,11,0.05,random,19,-0.011441618204116821
GATv2,120,11,0.1,gnnexplainer,-1,-0.0026514530181884766
GATv2,120,11,0.1,random,0,0.010862767696380615
GATv2,120,11,0.1,random,1,-0.008394837379455566
GATv2,120,11,0.1,random,2,-0.0131569504737854
GATv2,120,11,0.1,random,3,-0.020633727312088013
GATv2,120,11,0.1,random,4,-0.02683579921722412
GATv2,120,11,0.1,random,5,-0.022236227989196777
GATv2,120,11,0.1,random,6,0.002646505832672119
GATv2,120,11,0.1,random,7,0.0067153871059417725
GATv2,120,11,0.1,random,8,0.006981253623962402
GATv2,120,11,0.1,random,9,-0.013971149921417236
GATv2,120,11,0.1,random,10,-0.003351271152496338
GATv2,120,11,0.1,random,11,-0.0038688182830810547
GATv2,120,11,0.1,random,12,-0.002938300371170044
GATv2,120,11,0.1,random,13,0.0025973916053771973
GATv2,120,11,0.1,random,14,-0.00752905011177063
GATv2,120,11,0.1,random,15,-0.01826012134552002
GATv2,120,11,0.1,random,16,-0.031246811151504517
GATv2,120,11,0.1,random,17,-0.02137768268585205
GATv2,120,11,0.1,random,18,-0.009538322687149048
GATv2,120,11,0.1,random,19,0.0025044679641723633
GATv2,120,11,0.2,gnnexplainer,-1,-0.008701831102371216
GATv2,120,11,0.2,random,0,-0.05398958921432495
GATv2,120,11,0.2,random,1,-0.009422779083251953
GATv2,120,11,0.2,random,2,0.005558907985687256
GATv2,120,11,0.2,random,3,-0.016089826822280884
GATv2,120,11,0.2,random,4,-0.00600886344909668
GATv2,120,11,0.2,random,5,-0.001101076602935791
GATv2,120,11,0.2,random,6,-0.0017611980438232422
GATv2,120,11,0.2,random,7,-0.025249242782592773
GATv2,120,11,0.2,random,8,-0.0016219615936279297
GATv2,120,11,0.2,random,9,-0.017394691705703735
GATv2,120,11,0.2,random,10,-0.031220942735671997
GATv2,120,11,0.2,random,11,0.009283870458602905
GATv2,120,11,0.2,random,12,-0.015924394130706787
GATv2,120,11,0.2,random,13,-0.029517173767089844
GATv2,120,11,0.2,random,14,-0.021542847156524658
GATv2,120,11,0.2,random,15,-0.011797577142715454
GATv2,120,11,0.2,random,16,-0.02334800362586975
GATv2,120,11,0.2,random,17,-0.004673480987548828
GATv2,120,11,0.2,random,18,0.004346698522567749
GATv2,120,11,0.2,random,19,0.002504587173461914
GATv2,120,23,0.05,gnnexplainer,-1,-0.003553628921508789
GATv2,120,23,0.05,random,0,0.0009621381759643555
GATv2,120,23,0.05,random,1,-0.006976783275604248
GATv2,120,23,0.05,random,2,0.0014307498931884766
GATv2,120,23,0.05,random,3,-0.009580284357070923
GATv2,120,23,0.05,random,4,0.006198495626449585
GATv2,120,23,0.05,random,5,0.004068136215209961
GATv2,120,23,0.05,random,6,-0.008373409509658813
GATv2,120,23,0.05,random,7,-0.014783620834350586
GATv2,120,23,0.05,random,8,-0.00829768180847168
GATv2,120,23,0.05,random,9,-0.01017749309539795
GATv2,120,23,0.05,random,10,0.0031855106353759766
GATv2,120,23,0.05,random,11,-0.010590702295303345
GATv2,120,23,0.05,random,12,0.0029401183128356934
GATv2,120,23,0.05,random,13,-0.010939359664916992
GATv2,120,23,0.05,random,14,-0.0076465606689453125
GATv2,120,23,0.05,random,15,-0.0015295147895812988
GATv2,120,23,0.05,random,16,-0.009212136268615723
GATv2,120,23,0.05,random,17,-0.021736204624176025
GATv2,120,23,0.05,random,18,-0.00022727251052856445
GATv2,120,23,0.05,random,19,0.0041024088859558105
GATv2,120,23,0.1,gnnexplainer,-1,-0.00906410813331604
GATv2,120,23,0.1,random,0,-0.010604679584503174
GATv2,120,23,0.1,random,1,0.008491754531860352
GATv2,120,23,0.1,random,2,0.0037920475006103516
GATv2,120,23,0.1,random,3,0.001107931137084961
GATv2,120,23,0.1,random,4,-0.007984399795532227
GATv2,120,23,0.1,random,5,-0.0018549561500549316
GATv2,120,23,0.1,random,6,-0.004420816898345947
GATv2,120,23,0.1,random,7,-0.019959837198257446
GATv2,120,23,0.1,random,8,-0.008005380630493164
GATv2,120,23,0.1,random,9,0.002831071615219116
GATv2,120,23,0.1,random,10,0.0002525746822357178
GATv2,120,23,0.1,random,11,-0.004705250263214111
GATv2,120,23,0.1,random,12,-0.007383823394775391
GATv2,120,23,0.1,random,13,-0.036584556102752686
GATv2,120,23,0.1,random,14,-0.0058637261390686035
GATv2,120,23,0.1,random,15,0.00238114595413208
GATv2,120,23,0.1,random,16,-0.011468052864074707
GATv2,120,23,0.1,random,17,-0.013043701648712158
GATv2,120,23,0.1,random,18,-0.017250120639801025
GATv2,120,23,0.1,random,19,-0.011435627937316895
GATv2,120,23,0.2,gnnexplainer,-1,-0.018287718296051025
GATv2,120,23,0.2,random,0,-0.006763637065887451
GATv2,120,23,0.2,random,1,-0.009055376052856445
GATv2,120,23,0.2,random,2,-0.006034523248672485
GATv2,120,23,0.2,random,3,-0.01873341202735901
GATv2,120,23,0.2,random,4,-0.015416204929351807
GATv2,120,23,0.2,random,5,0.0059316158294677734
GATv2,120,23,0.2,random,6,-0.011081695556640625
GATv2,120,23,0.2,random,7,-0.014238595962524414
GATv2,120,23,0.2,random,8,-0.03126716613769531
GATv2,120,23,0.2,random,9,-0.01531994342803955
GATv2,120,23,0.2,random,10,0.0029850006103515625
GATv2,120,23,0.2,random,11,-0.00289231538772583
GATv2,120,23,0.2,random,12,-0.0028862953186035156
GATv2,120,23,0.2,random,13,-0.014711856842041016
GATv2,120,23,0.2,random,14,-0.03153640031814575
GATv2,120,23,0.2,random,15,-0.014743149280548096
GATv2,120,23,0.2,random,16,-0.02469959855079651
GATv2,120,23,0.2,random,17,-0.0051100850105285645
GATv2,120,23,0.2,random,18,-0.023958027362823486
GATv2,120,23,0.2,random,19,-0.006819665431976318
GATv2,120,37,0.05,gnnexplainer,-1,0.0037907958030700684
GATv2,120,37,0.05,random,0,-0.0059059858322143555
GATv2,120,37,0.05,random,1,-0.006134510040283203
GATv2,120,37,0.05,random,2,-0.0017736554145812988
GATv2,120,37,0.05,random,3,0.002104520797729492
GATv2,120,37,0.05,random,4,0.00019237399101257324
GATv2,120,37,0.05,random,5,0.0027730166912078857
GATv2,120,37,0.05,random,6,-0.0020796358585357666
GATv2,120,37,0.05,random,7,0.0006341338157653809
GATv2,120,37,0.05,random,8,-0.004143387079238892
GATv2,120,37,0.05,random,9,-0.003539949655532837
GATv2,120,37,0.05,random,10,-0.007621109485626221
GATv2,120,37,0.05,random,11,0.008632957935333252
GATv2,120,37,0.05,random,12,-0.002720266580581665
GATv2,120,37,0.05,random,13,0.0043447911739349365
GATv2,120,37,0.05,random,14,0.003765106201171875
GATv2,120,37,0.05,random,15,-0.012490808963775635
GATv2,120,37,0.05,random,16,-0.005352437496185303
GATv2,120,37,0.05,random,17,0.0006050467491149902
GATv2,120,37,0.05,random,18,0.0003527402877807617
GATv2,120,37,0.05,random,19,-0.0016698837280273438
GATv2,120,37,0.1,gnnexplainer,-1,-0.009946376085281372
GATv2,120,37,0.1,random,0,0.0032576024532318115
GATv2,120,37,0.1,random,1,-0.007283687591552734
GATv2,120,37,0.1,random,2,-0.00880962610244751
GATv2,120,37,0.1,random,3,-0.012346863746643066
GATv2,120,37,0.1,random,4,-0.015853077173233032
GATv2,120,37,0.1,random,5,6.0051679611206055e-05
GATv2,120,37,0.1,random,6,-0.0039051175117492676
GATv2,120,37,0.1,random,7,0.0009296536445617676
GATv2,120,37,0.1,random,8,0.007188975811004639
GATv2,120,37,0.1,random,9,-0.00010573863983154297
GATv2,120,37,0.1,random,10,-0.012805372476577759
GATv2,120,37,0.1,random,11,-0.00905504822731018
GATv2,120,37,0.1,random,12,-0.0022933483123779297
GATv2,120,37,0.1,random,13,0.0029334425926208496
GATv2,120,37,0.1,random,14,0.006577253341674805
GATv2,120,37,0.1,random,15,-0.020363271236419678
GATv2,120,37,0.1,random,16,0.002857983112335205
GATv2,120,37,0.1,random,17,-0.002611786127090454
GATv2,120,37,0.1,random,18,-0.015477180480957031
GATv2,120,37,0.1,random,19,-0.0013611912727355957
GATv2,120,37,0.2,gnnexplainer,-1,-0.01687765121459961
GATv2,120,37,0.2,random,0,0.017640411853790283
GATv2,120,37,0.2,random,1,-0.019820094108581543
GATv2,120,37,0.2,random,2,-0.0068438053131103516
GATv2,120,37,0.2,random,3,-0.022834956645965576
GATv2,120,37,0.2,random,4,-0.010668694972991943
GATv2,120,37,0.2,random,5,-0.022628605365753174
GATv2,120,37,0.2,random,6,-0.0038650333881378174
GATv2,120,37,0.2,random,7,-0.026632189750671387
GATv2,120,37,0.2,random,8,-0.011425048112869263
GATv2,120,37,0.2,random,9,-0.022982358932495117
GATv2,120,37,0.2,random,10,-0.024336576461791992
GATv2,120,37,0.2,random,11,-0.015119463205337524
GATv2,120,37,0.2,random,12,-0.029184490442276
GATv2,120,37,0.2,random,13,-0.01789766550064087
GATv2,120,37,0.2,random,14,0.00035628676414489746
GATv2,120,37,0.2,random,15,-0.007261455059051514
GATv2,120,37,0.2,random,16,-0.017168879508972168
GATv2,120,37,0.2,random,17,-0.017341196537017822
GATv2,120,37,0.2,random,18,-0.009957939386367798
GATv2,120,37,0.2,random,19,-0.010889679193496704
GATv2,124,11,0.05,gnnexplainer,-1,0.020087242126464844
GATv2,124,11,0.05,random,0,0.01349484920501709
GATv2,124,11,0.05,random,1,0.007817387580871582
GATv2,124,11,0.05,random,2,0.00729978084564209
GATv2,124,11,0.05,random,3,0.003457009792327881
GATv2,124,11,0.05,random,4,0.00608670711517334
GATv2,124,11,0.05,random,5,0.007759511470794678
GATv2,124,11,0.05,random,6,0.008770585060119629
GATv2,124,11,0.05,random,7,0.006997585296630859
GATv2,124,11,0.05,random,8,0.0101165771484375
GATv2,124,11,0.05,random,9,0.0077239274978637695
GATv2,124,11,0.05,random,10,0.005249381065368652
GATv2,124,11,0.05,random,11,0.011154890060424805
GATv2,124,11,0.05,random,12,0.00843435525894165
GATv2,124,11,0.05,random,13,0.008768081665039062
GATv2,124,11,0.05,random,14,0.005486488342285156
GATv2,124,11,0.05,random,15,0.015004515647888184
GATv2,124,11,0.05,random,16,0.011084437370300293
GATv2,124,11,0.05,random,17,0.00726473331451416
GATv2,124,11,0.05,random,18,0.0055239200592041016
GATv2,124,11,0.05,random,19,0.010389447212219238
GATv2,124,11,0.1,gnnexplainer,-1,0.030338764190673828
GATv2,124,11,0.1,random,0,0.015585660934448242
GATv2,124,11,0.1,random,1,0.01664745807647705
GATv2,124,11,0.1,random,2,0.01814413070678711
GATv2,124,11,0.1,random,3,0.012264788150787354
GATv2,124,11,0.1,random,4,0.014168322086334229
GATv2,124,11,0.1,random,5,0.017127633094787598
GATv2,124,11,0.1,random,6,0.0207025408744812
GATv2,124,11,0.1,random,7,0.014776110649108887
GATv2,124,11,0.1,random,8,0.016394376754760742
GATv2,124,11,0.1,random,9,0.0138397216796875
GATv2,124,11,0.1,random,10,0.006334424018859863
GATv2,124,11,0.1,random,11,0.02089005708694458
GATv2,124,11,0.1,random,12,0.01658189296722412
GATv2,124,11,0.1,random,13,0.009441077709197998
GATv2,124,11,0.1,random,14,0.018344104290008545
GATv2,124,11,0.1,random,15,0.011359810829162598
GATv2,124,11,0.1,random,16,0.01276862621307373
GATv2,124,11,0.1,random,17,0.0217820405960083
GATv2,124,11,0.1,random,18,0.015504240989685059
GATv2,124,11,0.1,random,19,0.010873615741729736
GATv2,124,11,0.2,gnnexplainer,-1,0.04088151454925537
GATv2,124,11,0.2,random,0,0.029551386833190918
GATv2,124,11,0.2,random,1,0.03695082664489746
GATv2,124,11,0.2,random,2,0.030223429203033447
GATv2,124,11,0.2,random,3,0.02337205410003662
GATv2,124,11,0.2,random,4,0.022718369960784912
GATv2,124,11,0.2,random,5,0.02668052911758423
GATv2,124,11,0.2,random,6,0.032458722591400146
GATv2,124,11,0.2,random,7,0.020395100116729736
GATv2,124,11,0.2,random,8,0.026705622673034668
GATv2,124,11,0.2,random,9,0.02384006977081299
GATv2,124,11,0.2,random,10,0.030525028705596924
GATv2,124,11,0.2,random,11,0.023643136024475098
GATv2,124,11,0.2,random,12,0.03663301467895508
GATv2,124,11,0.2,random,13,0.0308610200881958
GATv2,124,11,0.2,random,14,0.021435916423797607
GATv2,124,11,0.2,random,15,0.035607874393463135
GATv2,124,11,0.2,random,16,0.029683053493499756
GATv2,124,11,0.2,random,17,0.035092830657958984
GATv2,124,11,0.2,random,18,0.029723286628723145
GATv2,124,11,0.2,random,19,0.02818429470062256
GATv2,124,23,0.05,gnnexplainer,-1,0.0195997953414917
GATv2,124,23,0.05,random,0,0.005699038505554199
GATv2,124,23,0.05,random,1,0.010393142700195312
GATv2,124,23,0.05,random,2,0.010554671287536621
GATv2,124,23,0.05,random,3,0.017227530479431152
GATv2,124,23,0.05,random,4,0.007961571216583252
GATv2,124,23,0.05,random,5,0.005221307277679443
GATv2,124,23,0.05,random,6,0.008876442909240723
GATv2,124,23,0.05,random,7,0.007491171360015869
GATv2,124,23,0.05,random,8,0.003915548324584961
GATv2,124,23,0.05,random,9,0.007724642753601074
GATv2,124,23,0.05,random,10,0.0026251673698425293
GATv2,124,23,0.05,random,11,0.008517324924468994
GATv2,124,23,0.05,random,12,0.010324358940124512
GATv2,124,23,0.05,random,13,0.008502840995788574
GATv2,124,23,0.05,random,14,0.009180188179016113
GATv2,124,23,0.05,random,15,0.006622314453125
GATv2,124,23,0.05,random,16,0.011265993118286133
GATv2,124,23,0.05,random,17,0.00340878963470459
GATv2,124,23,0.05,random,18,0.00701296329498291
GATv2,124,23,0.05,random,19,0.006980419158935547
GATv2,124,23,0.1,gnnexplainer,-1,0.025405168533325195
GATv2,124,23,0.1,random,0,0.019358515739440918
GATv2,124,23,0.1,random,1,0.00690913200378418
GATv2,124,23,0.1,random,2,0.010010302066802979
GATv2,124,23,0.1,random,3,0.012417852878570557
GATv2,124,23,0.1,random,4,0.012442946434020996
GATv2,124,23,0.1,random,5,0.01126033067703247
GATv2,124,23,0.1,random,6,0.018733322620391846
GATv2,124,23,0.1,random,7,0.012009382247924805
GATv2,124,23,0.1,random,8,0.01190119981765747
GATv2,124,23,0.1,random,9,0.011980772018432617
GATv2,124,23,0.1,random,10,0.00868690013885498
GATv2,124,23,0.1,random,11,0.012853264808654785
GATv2,124,23,0.1,random,12,0.011837482452392578
GATv2,124,23,0.1,random,13,0.012873470783233643
GATv2,124,23,0.1,random,14,0.014031291007995605
GATv2,124,23,0.1,random,15,0.009821057319641113
GATv2,124,23,0.1,random,16,0.017143070697784424
GATv2,124,23,0.1,random,17,0.014874637126922607
GATv2,124,23,0.1,random,18,0.01313793659210205
GATv2,124,23,0.1,random,19,0.011766910552978516
GATv2,124,23,0.2,gnnexplainer,-1,0.040914058685302734
GATv2,124,23,0.2,random,0,0.03149324655532837
GATv2,124,23,0.2,random,1,0.029671788215637207
GATv2,124,23,0.2,random,2,0.0274503231048584
GATv2,124,23,0.2,random,3,0.032311201095581055
GATv2,124,23,0.2,random,4,0.026463806629180908
GATv2,124,23,0.2,random,5,0.029740512371063232
GATv2,124,23,0.2,random,6,0.02530604600906372
GATv2,124,23,0.2,random,7,0.020286738872528076
GATv2,124,23,0.2,random,8,0.02757859230041504
GATv2,124,23,0.2,random,9,0.03163778781890869
GATv2,124,23,0.2,random,10,0.022356927394866943
GATv2,124,23,0.2,random,11,0.019370317459106445
GATv2,124,23,0.2,random,12,0.03384888172149658
GATv2,124,23,0.2,random,13,0.035242438316345215
GATv2,124,23,0.2,random,14,0.028849542140960693
GATv2,124,23,0.2,random,15,0.02661311626434326
GATv2,124,23,0.2,random,16,0.025141358375549316
GATv2,124,23,0.2,random,17,0.03277170658111572
GATv2,124,23,0.2,random,18,0.026557087898254395
GATv2,124,23,0.2,random,19,0.028733372688293457
GATv2,124,37,0.05,gnnexplainer,-1,0.0240480899810791
GATv2,124,37,0.05,random,0,0.015182018280029297
GATv2,124,37,0.05,random,1,0.011644482612609863
GATv2,124,37,0.05,random,2,0.003948688507080078
GATv2,124,37,0.05,random,3,0.006870090961456299
GATv2,124,37,0.05,random,4,0.008365511894226074
GATv2,124,37,0.05,random,5,0.011371016502380371
GATv2,124,37,0.05,random,6,0.004356861114501953
GATv2,124,37,0.05,random,7,0.00629580020904541
GATv2,124,37,0.05,random,8,0.014525532722473145
GATv2,124,37,0.05,random,9,0.0074253082275390625
GATv2,124,37,0.05,random,10,0.006056845188140869
GATv2,124,37,0.05,random,11,0.013125956058502197
GATv2,124,37,0.05,random,12,0.006811618804931641
GATv2,124,37,0.05,random,13,0.0060607194900512695
GATv2,124,37,0.05,random,14,0.007116377353668213
GATv2,124,37,0.05,random,15,0.009279370307922363
GATv2,124,37,0.05,random,16,0.005879878997802734
GATv2,124,37,0.05,random,17,0.006699204444885254
GATv2,124,37,0.05,random,18,0.008206725120544434
GATv2,124,37,0.05,random,19,0.007717013359069824
GATv2,124,37,0.1,gnnexplainer,-1,0.03270375728607178
GATv2,124,37,0.1,random,0,0.007768809795379639
GATv2,124,37,0.1,random,1,0.012428641319274902
GATv2,124,37,0.1,random,2,0.011456131935119629
GATv2,124,37,0.1,random,3,0.021821558475494385
GATv2,124,37,0.1,random,4,0.013841748237609863
GATv2,124,37,0.1,random,5,0.01620560884475708
GATv2,124,37,0.1,random,6,0.009362518787384033
GATv2,124,37,0.1,random,7,0.018373072147369385
GATv2,124,37,0.1,random,8,0.01272207498550415
GATv2,124,37,0.1,random,9,0.015174269676208496
GATv2,124,37,0.1,random,10,0.02058565616607666
GATv2,124,37,0.1,random,11,0.009859442710876465
GATv2,124,37,0.1,random,12,0.019274234771728516
GATv2,124,37,0.1,random,13,0.009677290916442871
GATv2,124,37,0.1,random,14,0.019581854343414307
GATv2,124,37,0.1,random,15,0.01719987392425537
GATv2,124,37,0.1,random,16,0.018006563186645508
GATv2,124,37,0.1,random,17,0.019297480583190918
GATv2,124,37,0.1,random,18,0.012917399406433105
GATv2,124,37,0.1,random,19,0.012048006057739258
GATv2,124,37,0.2,gnnexplainer,-1,0.04936254024505615
GATv2,124,37,0.2,random,0,0.028497397899627686
GATv2,124,37,0.2,random,1,0.03173106908798218
GATv2,124,37,0.2,random,2,0.024312734603881836
GATv2,124,37,0.2,random,3,0.026208698749542236
GATv2,124,37,0.2,random,4,0.0263674259185791
GATv2,124,37,0.2,random,5,0.02060490846633911
GATv2,124,37,0.2,random,6,0.03346538543701172
GATv2,124,37,0.2,random,7,0.03947734832763672
GATv2,124,37,0.2,random,8,0.031714558601379395
GATv2,124,37,0.2,random,9,0.039348065853118896
GATv2,124,37,0.2,random,10,0.03481262922286987
GATv2,124,37,0.2,random,11,0.029801905155181885
GATv2,124,37,0.2,random,12,0.022849678993225098
GATv2,124,37,0.2,random,13,0.033936142921447754
GATv2,124,37,0.2,random,14,0.03303968906402588
GATv2,124,37,0.2,random,15,0.029417812824249268
GATv2,124,37,0.2,random,16,0.02056199312210083
GATv2,124,37,0.2,random,17,0.02908480167388916
GATv2,124,37,0.2,random,18,0.022660493850708008
GATv2,124,37,0.2,random,19,0.02689993381500244
GATv2,132,11,0.05,gnnexplainer,-1,0.029471397399902344
GATv2,132,11,0.05,random,0,0.01608496904373169
GATv2,132,11,0.05,random,1,-0.025545373558998108
GATv2,132,11,0.05,random,2,-0.006561696529388428
GATv2,132,11,0.05,random,3,0.008428096771240234
GATv2,132,11,0.05,random,4,0.010514587163925171
GATv2,132,11,0.05,random,5,0.005923330783843994
GATv2,132,11,0.05,random,6,-0.003766864538192749
GATv2,132,11,0.05,random,7,0.0076007843017578125
GATv2,132,11,0.05,random,8,0.005210816860198975
GATv2,132,11,0.05,random,9,0.0030749142169952393
GATv2,132,11,0.05,random,10,0.0037228763103485107
GATv2,132,11,0.05,random,11,0.010264873504638672
GATv2,132,11,0.05,random,12,-0.00850057601928711
GATv2,132,11,0.05,random,13,0.0021692216396331787
GATv2,132,11,0.05,random,14,-0.003605961799621582
GATv2,132,11,0.05,random,15,-0.009990394115447998
GATv2,132,11,0.05,random,16,0.008362174034118652
GATv2,132,11,0.05,random,17,0.019878864288330078
GATv2,132,11,0.05,random,18,0.009047716856002808
GATv2,132,11,0.05,random,19,0.024224281311035156
GATv2,132,11,0.1,gnnexplainer,-1,0.031958311796188354
GATv2,132,11,0.1,random,0,-0.0031280517578125
GATv2,132,11,0.1,random,1,-0.020384058356285095
GATv2,132,11,0.1,random,2,-0.0006030499935150146
GATv2,132,11,0.1,random,3,0.01007583737373352
GATv2,132,11,0.1,random,4,0.016618072986602783
GATv2,132,11,0.1,random,5,-0.019093483686447144
GATv2,132,11,0.1,random,6,0.021414220333099365
GATv2,132,11,0.1,random,7,0.01775568723678589
GATv2,132,11,0.1,random,8,0.0031977295875549316
GATv2,132,11,0.1,random,9,0.013243138790130615
GATv2,132,11,0.1,random,10,0.03335702419281006
GATv2,132,11,0.1,random,11,0.026857852935791016
GATv2,132,11,0.1,random,12,0.005160987377166748
GATv2,132,11,0.1,random,13,0.002789318561553955
GATv2,132,11,0.1,random,14,0.0221099853515625
GATv2,132,11,0.1,random,15,-0.0012478530406951904
GATv2,132,11,0.1,random,16,0.020214736461639404
GATv2,132,11,0.1,random,17,0.01481318473815918
GATv2,132,11,0.1,random,18,0.00820094347000122
GATv2,132,11,0.1,random,19,0.020907580852508545
GATv2,132,11,0.2,gnnexplainer,-1,0.044137537479400635
GATv2,132,11,0.2,random,0,0.014760106801986694
GATv2,132,11,0.2,random,1,0.016137689352035522
GATv2,132,11,0.2,random,2,0.017962664365768433
GATv2,132,11,0.2,random,3,0.0361366868019104
GATv2,132,11,0.2,random,4,0.030605405569076538
GATv2,132,11,0.2,random,5,0.009660840034484863
GATv2,132,11,0.2,random,6,-0.004385143518447876
GATv2,132,11,0.2,random,7,0.012790173292160034
GATv2,132,11,0.2,random,8,0.017409682273864746
GATv2,132,11,0.2,random,9,-0.006187796592712402
GATv2,132,11,0.2,random,10,0.005888164043426514
GATv2,132,11,0.2,random,11,0.022090405225753784
GATv2,132,11,0.2,random,12,-0.024877339601516724
GATv2,132,11,0.2,random,13,0.02303415536880493
GATv2,132,11,0.2,random,14,-0.024063020944595337
GATv2,132,11,0.2,random,15,0.02948129177093506
GATv2,132,11,0.2,random,16,0.0025193989276885986
GATv2,132,11,0.2,random,17,0.0024688541889190674
GATv2,132,11,0.2,random,18,0.035926878452301025
GATv2,132,11,0.2,random,19,0.021417737007141113
GATv2,132,23,0.05,gnnexplainer,-1,0.026198357343673706
GATv2,132,23,0.05,random,0,0.003875553607940674
GATv2,132,23,0.05,random,1,-0.0009100735187530518
GATv2,132,23,0.05,random,2,-0.015021175146102905
GATv2,132,23,0.05,random,3,-0.003772437572479248
GATv2,132,23,0.05,random,4,0.01099485158920288
GATv2,132,23,0.05,random,5,0.0014145076274871826
GATv2,132,23,0.05,random,6,0.008719682693481445
GATv2,132,23,0.05,random,7,-0.005341827869415283
GATv2,132,23,0.05,random,8,0.005465030670166016
GATv2,132,23,0.05,random,9,0.007578849792480469
GATv2,132,23,0.05,random,10,0.001516580581665039
GATv2,132,23,0.05,random,11,0.008986890316009521
GATv2,132,23,0.05,random,12,0.0088270902633667
GATv2,132,23,0.05,random,13,0.0063346028327941895
GATv2,132,23,0.05,random,14,-0.005438685417175293
GATv2,132,23,0.05,random,15,0.010368674993515015
GATv2,132,23,0.05,random,16,0.006071507930755615
GATv2,132,23,0.05,random,17,0.010093867778778076
GATv2,132,23,0.05,random,18,0.007125824689865112
GATv2,132,23,0.05,random,19,0.0018967092037200928
GATv2,132,23,0.1,gnnexplainer,-1,0.026280194520950317
GATv2,132,23,0.1,random,0,0.028450310230255127
GATv2,132,23,0.1,random,1,0.027230829000473022
GATv2,132,23,0.1,random,2,0.014071762561798096
GATv2,132,23,0.1,random,3,0.011204361915588379
GATv2,132,23,0.1,random,4,0.0184440016746521
GATv2,132,23,0.1,random,5,0.004756152629852295
GATv2,132,23,0.1,random,6,0.01158750057220459
GATv2,132,23,0.1,random,7,0.01730942726135254
GATv2,132,23,0.1,random,8,0.010563135147094727
GATv2,132,23,0.1,random,9,0.015056192874908447
GATv2,132,23,0.1,random,10,0.014467895030975342
GATv2,132,23,0.1,random,11,0.024712800979614258
GATv2,132,23,0.1,random,12,-0.004135191440582275
GATv2,132,23,0.1,random,13,-0.008720844984054565
GATv2,132,23,0.1,random,14,0.019445151090621948
GATv2,132,23,0.1,random,15,0.0008490979671478271
GATv2,132,23,0.1,random,16,0.018619656562805176
GATv2,132,23,0.1,random,17,0.009503006935119629
GATv2,132,23,0.1,random,18,0.007673859596252441
GATv2,132,23,0.1,random,19,0.026087909936904907
GATv2,132,23,0.2,gnnexplainer,-1,0.014054596424102783
GATv2,132,23,0.2,random,0,0.007058471441268921
GATv2,132,23,0.2,random,1,0.011282652616500854
GATv2,132,23,0.2,random,2,0.027503222227096558
GATv2,132,23,0.2,random,3,0.011102020740509033
GATv2,132,23,0.2,random,4,0.0032326579093933105
GATv2,132,23,0.2,random,5,0.018208235502243042
GATv2,132,23,0.2,random,6,-0.001432657241821289
GATv2,132,23,0.2,random,7,0.031527698040008545
GATv2,132,23,0.2,random,8,0.0035773515701293945
GATv2,132,23,0.2,random,9,0.014755040407180786
GATv2,132,23,0.2,random,10,-0.005377650260925293
GATv2,132,23,0.2,random,11,0.030191361904144287
GATv2,132,23,0.2,random,12,0.00456923246383667
GATv2,132,23,0.2,random,13,0.0065021812915802
GATv2,132,23,0.2,random,14,0.002716362476348877
GATv2,132,23,0.2,random,15,0.0008523166179656982
GATv2,132,23,0.2,random,16,0.01330217719078064
GATv2,132,23,0.2,random,17,0.03267568349838257
GATv2,132,23,0.2,random,18,0.034412503242492676
GATv2,132,23,0.2,random,19,0.009831905364990234
GATv2,132,37,0.05,gnnexplainer,-1,0.0255889892578125
GATv2,132,37,0.05,random,0,0.003298044204711914
GATv2,132,37,0.05,random,1,0.011175602674484253
GATv2,132,37,0.05,random,2,-0.001693427562713623
GATv2,132,37,0.05,random,3,0.011870920658111572
GATv2,132,37,0.05,random,4,-0.00012925267219543457
GATv2,132,37,0.05,random,5,0.0019262731075286865
GATv2,132,37,0.05,random,6,0.008253544569015503
GATv2,132,37,0.05,random,7,-0.0020412206649780273
GATv2,132,37,0.05,random,8,0.005311518907546997
GATv2,132,37,0.05,random,9,0.005775511264801025
GATv2,132,37,0.05,random,10,0.013672202825546265
GATv2,132,37,0.05,random,11,-0.008321285247802734
GATv2,132,37,0.05,random,12,0.005636543035507202
GATv2,132,37,0.05,random,13,0.013281643390655518
GATv2,132,37,0.05,random,14,0.0061258673667907715
GATv2,132,37,0.05,random,15,0.007998347282409668
GATv2,132,37,0.05,random,16,0.00011205673217773438
GATv2,132,37,0.05,random,17,0.0185469388961792
GATv2,132,37,0.05,random,18,0.006462723016738892
GATv2,132,37,0.05,random,19,0.007938086986541748
GATv2,132,37,0.1,gnnexplainer,-1,0.028204888105392456
GATv2,132,37,0.1,random,0,0.0024392306804656982
GATv2,132,37,0.1,random,1,0.007555246353149414
GATv2,132,37,0.1,random,2,-0.0009832680225372314
GATv2,132,37,0.1,random,3,0.02174106240272522
GATv2,132,37,0.1,random,4,0.011779159307479858
GATv2,132,37,0.1,random,5,0.008745819330215454
GATv2,132,37,0.1,random,6,0.028805315494537354
GATv2,132,37,0.1,random,7,0.0079878568649292
GATv2,132,37,0.1,random,8,0.033603012561798096
GATv2,132,37,0.1,random,9,-0.005079448223114014
GATv2,132,37,0.1,random,10,0.01516735553741455
GATv2,132,37,0.1,random,11,0.0026109814643859863
GATv2,132,37,0.1,random,12,-0.004693418741226196
GATv2,132,37,0.1,random,13,0.0030055642127990723
GATv2,132,37,0.1,random,14,0.012712717056274414
GATv2,132,37,0.1,random,15,0.019110441207885742
GATv2,132,37,0.1,random,16,-0.011619359254837036
GATv2,132,37,0.1,random,17,0.02587565779685974
GATv2,132,37,0.1,random,18,-0.011209696531295776
GATv2,132,37,0.1,random,19,0.01682153344154358
GATv2,132,37,0.2,gnnexplainer,-1,0.022733867168426514
GATv2,132,37,0.2,random,0,0.027930021286010742
GATv2,132,37,0.2,random,1,0.005196094512939453
GATv2,132,37,0.2,random,2,0.004571884870529175
GATv2,132,37,0.2,random,3,0.051910996437072754
GATv2,132,37,0.2,random,4,-0.0013511180877685547
GATv2,132,37,0.2,random,5,-0.005277425050735474
GATv2,132,37,0.2,random,6,0.040812015533447266
GATv2,132,37,0.2,random,7,0.010758042335510254
GATv2,132,37,0.2,random,8,-0.0033276379108428955
GATv2,132,37,0.2,random,9,-0.004918724298477173
GATv2,132,37,0.2,random,10,-0.002598196268081665
GATv2,132,37,0.2,random,11,0.017524898052215576
GATv2,132,37,0.2,random,12,0.0021001100540161133
GATv2,132,37,0.2,random,13,0.0368579626083374
GATv2,132,37,0.2,random,14,0.023369967937469482
GATv2,132,37,0.2,random,15,-0.00989067554473877
GATv2,132,37,0.2,random,16,0.012252449989318848
GATv2,132,37,0.2,random,17,0.014402568340301514
GATv2,132,37,0.2,random,18,0.024121493101119995
GATv2,132,37,0.2,random,19,0.03626611828804016
GATv2,144,11,0.05,gnnexplainer,-1,0.010270357131958008
GATv2,144,11,0.05,random,0,0.004766285419464111
GATv2,144,11,0.05,random,1,0.011696338653564453
GATv2,144,11,0.05,random,2,0.004634380340576172
GATv2,144,11,0.05,random,3,0.0059185028076171875
GATv2,144,11,0.05,random,4,0.007617294788360596
GATv2,144,11,0.05,random,5,0.010113000869750977
GATv2,144,11,0.05,random,6,0.003703296184539795
GATv2,144,11,0.05,random,7,0.007052421569824219
GATv2,144,11,0.05,random,8,0.0018218159675598145
GATv2,144,11,0.05,random,9,0.0032522082328796387
GATv2,144,11,0.05,random,10,0.004920661449432373
GATv2,144,11,0.05,random,11,0.00832897424697876
GATv2,144,11,0.05,random,12,0.011181056499481201
GATv2,144,11,0.05,random,13,0.003563404083251953
GATv2,144,11,0.05,random,14,0.00963062047958374
GATv2,144,11,0.05,random,15,0.00737076997756958
GATv2,144,11,0.05,random,16,0.00574415922164917
GATv2,144,11,0.05,random,17,0.0028365254402160645
GATv2,144,11,0.05,random,18,0.012966454029083252
GATv2,144,11,0.05,random,19,0.010131657123565674
GATv2,144,11,0.1,gnnexplainer,-1,0.03930538892745972
GATv2,144,11,0.1,random,0,0.007243633270263672
GATv2,144,11,0.1,random,1,0.003562748432159424
GATv2,144,11,0.1,random,2,0.011928737163543701
GATv2,144,11,0.1,random,3,0.0161898136138916
GATv2,144,11,0.1,random,4,0.021831989288330078
GATv2,144,11,0.1,random,5,0.021689891815185547
GATv2,144,11,0.1,random,6,0.011337578296661377
GATv2,144,11,0.1,random,7,0.005542576313018799
GATv2,144,11,0.1,random,8,0.008814096450805664
GATv2,144,11,0.1,random,9,0.012147903442382812
GATv2,144,11,0.1,random,10,0.02380460500717163
GATv2,144,11,0.1,random,11,0.013300657272338867
GATv2,144,11,0.1,random,12,0.0075934529304504395
GATv2,144,11,0.1,random,13,0.02130943536758423
GATv2,144,11,0.1,random,14,0.019684970378875732
GATv2,144,11,0.1,random,15,0.027016639709472656
GATv2,144,11,0.1,random,16,0.014147758483886719
GATv2,144,11,0.1,random,17,0.00708770751953125
GATv2,144,11,0.1,random,18,0.023730576038360596
GATv2,144,11,0.1,random,19,0.020050525665283203
GATv2,144,11,0.2,gnnexplainer,-1,0.09836524724960327
GATv2,144,11,0.2,random,0,0.04087954759597778
GATv2,144,11,0.2,random,1,0.02220219373703003
GATv2,144,11,0.2,random,2,0.03205841779708862
GATv2,144,11,0.2,random,3,0.03297632932662964
GATv2,144,11,0.2,random,4,0.03827017545700073
GATv2,144,11,0.2,random,5,0.04722112417221069
GATv2,144,11,0.2,random,6,0.05349999666213989
GATv2,144,11,0.2,random,7,0.0626876950263977
GATv2,144,11,0.2,random,8,0.010591566562652588
GATv2,144,11,0.2,random,9,0.03513383865356445
GATv2,144,11,0.2,random,10,0.024261534214019775
GATv2,144,11,0.2,random,11,0.030360519886016846
GATv2,144,11,0.2,random,12,0.02928781509399414
GATv2,144,11,0.2,random,13,0.04228949546813965
GATv2,144,11,0.2,random,14,0.03409630060195923
GATv2,144,11,0.2,random,15,0.0470617413520813
GATv2,144,11,0.2,random,16,0.05166524648666382
GATv2,144,11,0.2,random,17,0.03540164232254028
GATv2,144,11,0.2,random,18,0.03772610425949097
GATv2,144,11,0.2,random,19,0.03347104787826538
GATv2,144,23,0.05,gnnexplainer,-1,0.010217010974884033
GATv2,144,23,0.05,random,0,0.01067131757736206
GATv2,144,23,0.05,random,1,0.009421169757843018
GATv2,144,23,0.05,random,2,0.010872423648834229
GATv2,144,23,0.05,random,3,0.005240499973297119
GATv2,144,23,0.05,random,4,0.014982938766479492
GATv2,144,23,0.05,random,5,0.003331005573272705
GATv2,144,23,0.05,random,6,0.006947219371795654
GATv2,144,23,0.05,random,7,0.008914053440093994
GATv2,144,23,0.05,random,8,0.00829935073852539
GATv2,144,23,0.05,random,9,0.004281282424926758
GATv2,144,23,0.05,random,10,0.007317841053009033
GATv2,144,23,0.05,random,11,0.015609204769134521
GATv2,144,23,0.05,random,12,0.007367908954620361
GATv2,144,23,0.05,random,13,0.004641592502593994
GATv2,144,23,0.05,random,14,0.003790140151977539
GATv2,144,23,0.05,random,15,0.01594477891921997
GATv2,144,23,0.05,random,16,0.004989147186279297
GATv2,144,23,0.05,random,17,0.0036592483520507812
GATv2,144,23,0.05,random,18,0.009199440479278564
GATv2,144,23,0.05,random,19,0.007812678813934326
GATv2,144,23,0.1,gnnexplainer,-1,0.03870820999145508
GATv2,144,23,0.1,random,0,0.013217926025390625
GATv2,144,23,0.1,random,1,0.004336833953857422
GATv2,144,23,0.1,random,2,0.019322693347930908
GATv2,144,23,0.1,random,3,0.014993369579315186
GATv2,144,23,0.1,random,4,0.013899505138397217
GATv2,144,23,0.1,random,5,0.013458788394927979
GATv2,144,23,0.1,random,6,0.03715848922729492
GATv2,144,23,0.1,random,7,0.020847618579864502
GATv2,144,23,0.1,random,8,0.007405996322631836
GATv2,144,23,0.1,random,9,0.022855818271636963
GATv2,144,23,0.1,random,10,0.01761573553085327
GATv2,144,23,0.1,random,11,0.013933420181274414
GATv2,144,23,0.1,random,12,0.014726817607879639
GATv2,144,23,0.1,random,13,0.01665019989013672
GATv2,144,23,0.1,random,14,0.01716703176498413
GATv2,144,23,0.1,random,15,0.009412229061126709
GATv2,144,23,0.1,random,16,0.013106882572174072
GATv2,144,23,0.1,random,17,0.019966602325439453
GATv2,144,23,0.1,random,18,0.009200572967529297
GATv2,144,23,0.1,random,19,0.013405084609985352
GATv2,144,23,0.2,gnnexplainer,-1,0.09896498918533325
GATv2,144,23,0.2,random,0,0.04808908700942993
GATv2,144,23,0.2,random,1,0.025395214557647705
GATv2,144,23,0.2,random,2,0.03567028045654297
GATv2,144,23,0.2,random,3,0.03445619344711304
GATv2,144,23,0.2,random,4,0.029660463333129883
GATv2,144,23,0.2,random,5,0.027620375156402588
GATv2,144,23,0.2,random,6,0.039694130420684814
GATv2,144,23,0.2,random,7,0.03547167778015137
GATv2,144,23,0.2,random,8,0.03609353303909302
GATv2,144,23,0.2,random,9,0.03881263732910156
GATv2,144,23,0.2,random,10,0.034388065338134766
GATv2,144,23,0.2,random,11,0.025034666061401367
GATv2,144,23,0.2,random,12,0.026139020919799805
GATv2,144,23,0.2,random,13,0.03818798065185547
GATv2,144,23,0.2,random,14,0.030320405960083008
GATv2,144,23,0.2,random,15,0.042512714862823486
GATv2,144,23,0.2,random,16,0.05255657434463501
GATv2,144,23,0.2,random,17,0.0374913215637207
GATv2,144,23,0.2,random,18,0.026942908763885498
GATv2,144,23,0.2,random,19,0.03903108835220337
GATv2,144,37,0.05,gnnexplainer,-1,0.015144526958465576
GATv2,144,37,0.05,random,0,0.005200803279876709
GATv2,144,37,0.05,random,1,0.010025501251220703
GATv2,144,37,0.05,random,2,0.006597340106964111
GATv2,144,37,0.05,random,3,0.005633831024169922
GATv2,144,37,0.05,random,4,0.00898367166519165
GATv2,144,37,0.05,random,5,0.002660512924194336
GATv2,144,37,0.05,random,6,0.011152565479278564
GATv2,144,37,0.05,random,7,0.006402015686035156
GATv2,144,37,0.05,random,8,0.005709826946258545
GATv2,144,37,0.05,random,9,0.0019242167472839355
GATv2,144,37,0.05,random,10,0.003631591796875
GATv2,144,37,0.05,random,11,0.011715114116668701
GATv2,144,37,0.05,random,12,0.010172069072723389
GATv2,144,37,0.05,random,13,0.006931602954864502
GATv2,144,37,0.05,random,14,0.008175134658813477
GATv2,144,37,0.05,random,15,0.002401411533355713
GATv2,144,37,0.05,random,16,0.007835149765014648
GATv2,144,37,0.05,random,17,0.003608226776123047
GATv2,144,37,0.05,random,18,0.013500452041625977
GATv2,144,37,0.05,random,19,0.00612330436706543
GATv2,144,37,0.1,gnnexplainer,-1,0.037413597106933594
GATv2,144,37,0.1,random,0,0.019186675548553467
GATv2,144,37,0.1,random,1,0.021837234497070312
GATv2,144,37,0.1,random,2,0.015816688537597656
GATv2,144,37,0.1,random,3,0.016958534717559814
GATv2,144,37,0.1,random,4,0.02388077974319458
GATv2,144,37,0.1,random,5,0.018576622009277344
GATv2,144,37,0.1,random,6,0.021095097064971924
GATv2,144,37,0.1,random,7,0.011792957782745361
GATv2,144,37,0.1,random,8,0.017716944217681885
GATv2,144,37,0.1,random,9,0.020063400268554688
GATv2,144,37,0.1,random,10,0.01485675573348999
GATv2,144,37,0.1,random,11,0.012461841106414795
GATv2,144,37,0.1,random,12,0.011562108993530273
GATv2,144,37,0.1,random,13,0.018354415893554688
GATv2,144,37,0.1,random,14,0.019091129302978516
GATv2,144,37,0.1,random,15,0.02863103151321411
GATv2,144,37,0.1,random,16,0.017604589462280273
GATv2,144,37,0.1,random,17,0.008997917175292969
GATv2,144,37,0.1,random,18,0.021432101726531982
GATv2,144,37,0.1,random,19,0.027045786380767822
GATv2,144,37,0.2,gnnexplainer,-1,0.0969952940940857
GATv2,144,37,0.2,random,0,0.035204410552978516
GATv2,144,37,0.2,random,1,0.03293609619140625
GATv2,144,37,0.2,random,2,0.021873295307159424
GATv2,144,37,0.2,random,3,0.04260653257369995
GATv2,144,37,0.2,random,4,0.019965171813964844
GATv2,144,37,0.2,random,5,0.03496664762496948
GATv2,144,37,0.2,random,6,0.036870718002319336
GATv2,144,37,0.2,random,7,0.05447596311569214
GATv2,144,37,0.2,random,8,0.06663709878921509
GATv2,144,37,0.2,random,9,0.0402945876121521
GATv2,144,37,0.2,random,10,0.03266829252243042
GATv2,144,37,0.2,random,11,0.03956860303878784
GATv2,144,37,0.2,random,12,0.06249040365219116
GATv2,144,37,0.2,random,13,0.036862313747406006
GATv2,144,37,0.2,random,14,0.042942047119140625
GATv2,144,37,0.2,random,15,0.022709429264068604
GATv2,144,37,0.2,random,16,0.037327468395233154
GATv2,144,37,0.2,random,17,0.03560715913772583
GATv2,144,37,0.2,random,18,0.03688114881515503
GATv2,144,37,0.2,random,19,0.02708989381790161
GATv2,151,11,0.05,gnnexplainer,-1,0.04747045040130615
GATv2,151,11,0.05,random,0,0.008304834365844727
GATv2,151,11,0.05,random,1,0.006830155849456787
GATv2,151,11,0.05,random,2,0.012134194374084473
GATv2,151,11,0.05,random,3,0.01957106590270996
GATv2,151,11,0.05,random,4,0.007885217666625977
GATv2,151,11,0.05,random,5,0.0015262365341186523
GATv2,151,11,0.05,random,6,0.0049370527267456055
GATv2,151,11,0.05,random,7,0.008435726165771484
GATv2,151,11,0.05,random,8,0.0029637813568115234
GATv2,151,11,0.05,random,9,0.006850600242614746
GATv2,151,11,0.05,random,10,0.00867319107055664
GATv2,151,11,0.05,random,11,0.025017857551574707
GATv2,151,11,0.05,random,12,0.008186578750610352
GATv2,151,11,0.05,random,13,0.020987391471862793
GATv2,151,11,0.05,random,14,0.006540775299072266
GATv2,151,11,0.05,random,15,0.008691787719726562
GATv2,151,11,0.05,random,16,0.009424388408660889
GATv2,151,11,0.05,random,17,0.0002238154411315918
GATv2,151,11,0.05,random,18,0.011771142482757568
GATv2,151,11,0.05,random,19,0.01399773359298706
GATv2,151,11,0.1,gnnexplainer,-1,0.061940789222717285
GATv2,151,11,0.1,random,0,0.009133994579315186
GATv2,151,11,0.1,random,1,0.020185112953186035
GATv2,151,11,0.1,random,2,0.01778721809387207
GATv2,151,11,0.1,random,3,0.016559123992919922
GATv2,151,11,0.1,random,4,0.01847130060195923
GATv2,151,11,0.1,random,5,0.012070834636688232
GATv2,151,11,0.1,random,6,0.020781278610229492
GATv2,151,11,0.1,random,7,0.020678579807281494
GATv2,151,11,0.1,random,8,0.015284895896911621
GATv2,151,11,0.1,random,9,0.016980409622192383
GATv2,151,11,0.1,random,10,0.01658809185028076
GATv2,151,11,0.1,random,11,0.021372437477111816
GATv2,151,11,0.1,random,12,0.021939098834991455
GATv2,151,11,0.1,random,13,0.01569044589996338
GATv2,151,11,0.1,random,14,0.02448195219039917
GATv2,151,11,0.1,random,15,0.018658161163330078
GATv2,151,11,0.1,random,16,0.011976480484008789
GATv2,151,11,0.1,random,17,0.0120047926902771
GATv2,151,11,0.1,random,18,0.02472221851348877
GATv2,151,11,0.1,random,19,0.016798019409179688
GATv2,151,11,0.2,gnnexplainer,-1,0.08331775665283203
GATv2,151,11,0.2,random,0,0.057565152645111084
GATv2,151,11,0.2,random,1,0.046762824058532715
GATv2,151,11,0.2,random,2,0.05433976650238037
GATv2,151,11,0.2,random,3,0.03899192810058594
GATv2,151,11,0.2,random,4,0.03955197334289551
GATv2,151,11,0.2,random,5,0.034462153911590576
GATv2,151,11,0.2,random,6,0.04761439561843872
GATv2,151,11,0.2,random,7,0.03755921125411987
GATv2,151,11,0.2,random,8,0.03244286775588989
GATv2,151,11,0.2,random,9,0.0386776328086853
GATv2,151,11,0.2,random,10,0.03734534978866577
GATv2,151,11,0.2,random,11,0.04062080383300781
GATv2,151,11,0.2,random,12,0.027379274368286133
GATv2,151,11,0.2,random,13,0.05194401741027832
GATv2,151,11,0.2,random,14,0.048004746437072754
GATv2,151,11,0.2,random,15,0.044338107109069824
GATv2,151,11,0.2,random,16,0.04696375131607056
GATv2,151,11,0.2,random,17,0.02683734893798828
GATv2,151,11,0.2,random,18,0.0422939658164978
GATv2,151,11,0.2,random,19,0.028485238552093506
GATv2,151,23,0.05,gnnexplainer,-1,0.04935121536254883
GATv2,151,23,0.05,random,0,0.006966948509216309
GATv2,151,23,0.05,random,1,0.007598757743835449
GATv2,151,23,0.05,random,2,0.008952617645263672
GATv2,151,23,0.05,random,3,0.011405408382415771
GATv2,151,23,0.05,random,4,0.005100905895233154
GATv2,151,23,0.05,random,5,0.005485951900482178
GATv2,151,23,0.05,random,6,0.00756990909576416
GATv2,151,23,0.05,random,7,0.009607672691345215
GATv2,151,23,0.05,random,8,0.004724562168121338
GATv2,151,23,0.05,random,9,0.007077455520629883
GATv2,151,23,0.05,random,10,0.024015426635742188
GATv2,151,23,0.05,random,11,0.00469362735748291
GATv2,151,23,0.05,random,12,0.0058286190032958984
GATv2,151,23,0.05,random,13,0.00832521915435791
GATv2,151,23,0.05,random,14,0.011054277420043945
GATv2,151,23,0.05,random,15,0.012876749038696289
GATv2,151,23,0.05,random,16,0.005022943019866943
GATv2,151,23,0.05,random,17,0.004085183143615723
GATv2,151,23,0.05,random,18,0.004154622554779053
GATv2,151,23,0.05,random,19,0.0034180283546447754
GATv2,151,23,0.1,gnnexplainer,-1,0.06839293241500854
GATv2,151,23,0.1,random,0,0.021153390407562256
GATv2,151,23,0.1,random,1,0.020421743392944336
GATv2,151,23,0.1,random,2,0.009710550308227539
GATv2,151,23,0.1,random,3,0.019775032997131348
GATv2,151,23,0.1,random,4,0.013802170753479004
GATv2,151,23,0.1,random,5,0.013566076755523682
GATv2,151,23,0.1,random,6,0.01227724552154541
GATv2,151,23,0.1,random,7,0.012506961822509766
GATv2,151,23,0.1,random,8,0.02155923843383789
GATv2,151,23,0.1,random,9,0.018125951290130615
GATv2,151,23,0.1,random,10,0.0236014723777771
GATv2,151,23,0.1,random,11,0.021369636058807373
GATv2,151,23,0.1,random,12,0.025038421154022217
GATv2,151,23,0.1,random,13,0.0176466703414917
GATv2,151,23,0.1,random,14,0.014668405055999756
GATv2,151,23,0.1,random,15,0.017994821071624756
GATv2,151,23,0.1,random,16,0.02325892448425293
GATv2,151,23,0.1,random,17,0.017609596252441406
GATv2,151,23,0.1,random,18,0.008328676223754883
GATv2,151,23,0.1,random,19,0.018796026706695557
GATv2,151,23,0.2,gnnexplainer,-1,0.085948646068573
GATv2,151,23,0.2,random,0,0.038478314876556396
GATv2,151,23,0.2,random,1,0.05002284049987793
GATv2,151,23,0.2,random,2,0.045708298683166504
GATv2,151,23,0.2,random,3,0.035245299339294434
GATv2,151,23,0.2,random,4,0.04005402326583862
GATv2,151,23,0.2,random,5,0.03842431306838989
GATv2,151,23,0.2,random,6,0.0397106409072876
GATv2,151,23,0.2,random,7,0.02861952781677246
GATv2,151,23,0.2,random,8,0.0368843674659729
GATv2,151,23,0.2,random,9,0.0420953631401062
GATv2,151,23,0.2,random,10,0.03068488836288452
GATv2,151,23,0.2,random,11,0.028039872646331787
GATv2,151,23,0.2,random,12,0.028938710689544678
GATv2,151,23,0.2,random,13,0.03825020790100098
GATv2,151,23,0.2,random,14,0.03204512596130371
GATv2,151,23,0.2,random,15,0.03037846088409424
GATv2,151,23,0.2,random,16,0.04615449905395508
GATv2,151,23,0.2,random,17,0.033492982387542725
GATv2,151,23,0.2,random,18,0.05082982778549194
GATv2,151,23,0.2,random,19,0.027505040168762207
GATv2,151,37,0.05,gnnexplainer,-1,0.04935121536254883
GATv2,151,37,0.05,random,0,0.012220025062561035
GATv2,151,37,0.05,random,1,0.011029183864593506
GATv2,151,37,0.05,random,2,0.005406379699707031
GATv2,151,37,0.05,random,3,0.00844275951385498
GATv2,151,37,0.05,random,4,0.011813580989837646
GATv2,151,37,0.05,random,5,0.012266814708709717
GATv2,151,37,0.05,random,6,0.004922389984130859
GATv2,151,37,0.05,random,7,0.009748280048370361
GATv2,151,37,0.05,random,8,0.007661163806915283
GATv2,151,37,0.05,random,9,0.005955100059509277
GATv2,151,37,0.05,random,10,0.00814664363861084
GATv2,151,37,0.05,random,11,0.00801074504852295
GATv2,151,37,0.05,random,12,0.019053936004638672
GATv2,151,37,0.05,random,13,0.0073757171630859375
GATv2,151,37,0.05,random,14,0.011382341384887695
GATv2,151,37,0.05,random,15,0.01123201847076416
GATv2,151,37,0.05,random,16,0.010251641273498535
GATv2,151,37,0.05,random,17,0.006290078163146973
GATv2,151,37,0.05,random,18,0.00805729627609253
GATv2,151,37,0.05,random,19,0.011910319328308105
GATv2,151,37,0.1,gnnexplainer,-1,0.06591832637786865
GATv2,151,37,0.1,random,0,0.022092878818511963
GATv2,151,37,0.1,random,1,0.018787860870361328
GATv2,151,37,0.1,random,2,0.0193939208984375
GATv2,151,37,0.1,random,3,0.02108067274093628
GATv2,151,37,0.1,random,4,0.01123136281967163
GATv2,151,37,0.1,random,5,0.03083866834640503
GATv2,151,37,0.1,random,6,0.015549004077911377
GATv2,151,37,0.1,random,7,0.014898419380187988
GATv2,151,37,0.1,random,8,0.01553332805633545
GATv2,151,37,0.1,random,9,0.029775500297546387
GATv2,151,37,0.1,random,10,0.004346072673797607
GATv2,151,37,0.1,random,11,0.0349423885345459
GATv2,151,37,0.1,random,12,0.026897728443145752
GATv2,151,37,0.1,random,13,0.01637721061706543
GATv2,151,37,0.1,random,14,0.03053903579711914
GATv2,151,37,0.1,random,15,0.006780445575714111
GATv2,151,37,0.1,random,16,0.028717637062072754
GATv2,151,37,0.1,random,17,0.031165599822998047
GATv2,151,37,0.1,random,18,0.021254658699035645
GATv2,151,37,0.1,random,19,0.01970648765563965
GATv2,151,37,0.2,gnnexplainer,-1,0.0795360803604126
GATv2,151,37,0.2,random,0,0.03609257936477661
GATv2,151,37,0.2,random,1,0.041105806827545166
GATv2,151,37,0.2,random,2,0.04576575756072998
GATv2,151,37,0.2,random,3,0.037143588066101074
GATv2,151,37,0.2,random,4,0.04609179496765137
GATv2,151,37,0.2,random,5,0.021740257740020752
GATv2,151,37,0.2,random,6,0.033182621002197266
GATv2,151,37,0.2,random,7,0.031551897525787354
GATv2,151,37,0.2,random,8,0.03358614444732666
GATv2,151,37,0.2,random,9,0.02124321460723877
GATv2,151,37,0.2,random,10,0.03388369083404541
GATv2,151,37,0.2,random,11,0.04747194051742554
GATv2,151,37,0.2,random,12,0.02798217535018921
GATv2,151,37,0.2,random,13,0.053952157497406006
GATv2,151,37,0.2,random,14,0.035108745098114014
GATv2,151,37,0.2,random,15,0.04772597551345825
GATv2,151,37,0.2,random,16,0.0594332218170166
GATv2,151,37,0.2,random,17,0.04885244369506836
GATv2,151,37,0.2,random,18,0.03478342294692993
GATv2,151,37,0.2,random,19,0.03787422180175781
GATv2,156,11,0.05,gnnexplainer,-1,0.07263940572738647
GATv2,156,11,0.05,random,0,0.01277005672454834
GATv2,156,11,0.05,random,1,0.019025743007659912
GATv2,156,11,0.05,random,2,0.0027045607566833496
GATv2,156,11,0.05,random,3,0.005544185638427734
GATv2,156,11,0.05,random,4,0.012660443782806396
GATv2,156,11,0.05,random,5,0.005491197109222412
GATv2,156,11,0.05,random,6,0.025653481483459473
GATv2,156,11,0.05,random,7,0.0125274658203125
GATv2,156,11,0.05,random,8,0.005852103233337402
GATv2,156,11,0.05,random,9,0.008513212203979492
GATv2,156,11,0.05,random,10,0.022381305694580078
GATv2,156,11,0.05,random,11,0.0042885541915893555
GATv2,156,11,0.05,random,12,0.010209321975708008
GATv2,156,11,0.05,random,13,0.012689530849456787
GATv2,156,11,0.05,random,14,0.009429693222045898
GATv2,156,11,0.05,random,15,0.017576932907104492
GATv2,156,11,0.05,random,16,0.020398736000061035
GATv2,156,11,0.05,random,17,0.007021903991699219
GATv2,156,11,0.05,random,18,0.002506256103515625
GATv2,156,11,0.05,random,19,0.009723544120788574
GATv2,156,11,0.1,gnnexplainer,-1,0.10395044088363647
GATv2,156,11,0.1,random,0,0.01944863796234131
GATv2,156,11,0.1,random,1,0.01018667221069336
GATv2,156,11,0.1,random,2,0.012761592864990234
GATv2,156,11,0.1,random,3,0.03972238302230835
GATv2,156,11,0.1,random,4,0.011204004287719727
GATv2,156,11,0.1,random,5,0.021938443183898926
GATv2,156,11,0.1,random,6,0.04124629497528076
GATv2,156,11,0.1,random,7,0.027392148971557617
GATv2,156,11,0.1,random,8,0.025810420513153076
GATv2,156,11,0.1,random,9,0.025816798210144043
GATv2,156,11,0.1,random,10,0.04945838451385498
GATv2,156,11,0.1,random,11,0.04006648063659668
GATv2,156,11,0.1,random,12,0.02009981870651245
GATv2,156,11,0.1,random,13,0.010582149028778076
GATv2,156,11,0.1,random,14,0.018497347831726074
GATv2,156,11,0.1,random,15,0.007589817047119141
GATv2,156,11,0.1,random,16,0.00924992561340332
GATv2,156,11,0.1,random,17,0.007619023323059082
GATv2,156,11,0.1,random,18,0.012642323970794678
GATv2,156,11,0.1,random,19,0.035706281661987305
GATv2,156,11,0.2,gnnexplainer,-1,0.14130276441574097
GATv2,156,11,0.2,random,0,0.035099029541015625
GATv2,156,11,0.2,random,1,0.02517986297607422
GATv2,156,11,0.2,random,2,0.05092209577560425
GATv2,156,11,0.2,random,3,0.04963874816894531
GATv2,156,11,0.2,random,4,0.03178441524505615
GATv2,156,11,0.2,random,5,0.03372061252593994
GATv2,156,11,0.2,random,6,0.03810584545135498
GATv2,156,11,0.2,random,7,0.02731502056121826
GATv2,156,11,0.2,random,8,0.025812745094299316
GATv2,156,11,0.2,random,9,0.04261982440948486
GATv2,156,11,0.2,random,10,0.03895378112792969
GATv2,156,11,0.2,random,11,0.02874135971069336
GATv2,156,11,0.2,random,12,0.024808883666992188
GATv2,156,11,0.2,random,13,0.04804074764251709
GATv2,156,11,0.2,random,14,0.04440969228744507
GATv2,156,11,0.2,random,15,0.036638498306274414
GATv2,156,11,0.2,random,16,0.05659151077270508
GATv2,156,11,0.2,random,17,0.03117978572845459
GATv2,156,11,0.2,random,18,0.055581510066986084
GATv2,156,11,0.2,random,19,0.027526557445526123
GATv2,156,23,0.05,gnnexplainer,-1,0.07354229688644409
GATv2,156,23,0.05,random,0,0.01432645320892334
GATv2,156,23,0.05,random,1,0.004028022289276123
GATv2,156,23,0.05,random,2,0.0045275092124938965
GATv2,156,23,0.05,random,3,0.007894754409790039
GATv2,156,23,0.05,random,4,0.012481927871704102
GATv2,156,23,0.05,random,5,0.008442342281341553
GATv2,156,23,0.05,random,6,0.007753252983093262
GATv2,156,23,0.05,random,7,0.03256416320800781
GATv2,156,23,0.05,random,8,0.015674054622650146
GATv2,156,23,0.05,random,9,0.005185365676879883
GATv2,156,23,0.05,random,10,0.01962965726852417
GATv2,156,23,0.05,random,11,0.006212353706359863
GATv2,156,23,0.05,random,12,0.0054225921630859375
GATv2,156,23,0.05,random,13,0.005143284797668457
GATv2,156,23,0.05,random,14,0.03262871503829956
GATv2,156,23,0.05,random,15,0.020362496376037598
GATv2,156,23,0.05,random,16,0.015298962593078613
GATv2,156,23,0.05,random,17,0.018097758293151855
GATv2,156,23,0.05,random,18,0.007787346839904785
GATv2,156,23,0.05,random,19,0.0035299062728881836
GATv2,156,23,0.1,gnnexplainer,-1,0.10395044088363647
GATv2,156,23,0.1,random,0,0.011997878551483154
GATv2,156,23,0.1,random,1,0.018912315368652344
GATv2,156,23,0.1,random,2,0.03643983602523804
GATv2,156,23,0.1,random,3,0.019809961318969727
GATv2,156,23,0.1,random,4,0.021700561046600342
GATv2,156,23,0.1,random,5,0.013179957866668701
GATv2,156,23,0.1,random,6,0.05114644765853882
GATv2,156,23,0.1,random,7,0.008156061172485352
GATv2,156,23,0.1,random,8,0.018549323081970215
GATv2,156,23,0.1,random,9,0.015862703323364258
GATv2,156,23,0.1,random,10,0.013267219066619873
GATv2,156,23,0.1,random,11,0.012654483318328857
GATv2,156,23,0.1,random,12,0.010415732860565186
GATv2,156,23,0.1,random,13,0.03372597694396973
GATv2,156,23,0.1,random,14,0.012687146663665771
GATv2,156,23,0.1,random,15,0.03017902374267578
GATv2,156,23,0.1,random,16,0.025310277938842773
GATv2,156,23,0.1,random,17,0.03040897846221924
GATv2,156,23,0.1,random,18,0.002841472625732422
GATv2,156,23,0.1,random,19,0.04018807411193848
GATv2,156,23,0.2,gnnexplainer,-1,0.13040697574615479
GATv2,156,23,0.2,random,0,0.03796267509460449
GATv2,156,23,0.2,random,1,0.018045425415039062
GATv2,156,23,0.2,random,2,0.0266837477684021
GATv2,156,23,0.2,random,3,0.06457984447479248
GATv2,156,23,0.2,random,4,0.04189562797546387
GATv2,156,23,0.2,random,5,0.05325239896774292
GATv2,156,23,0.2,random,6,0.02641165256500244
GATv2,156,23,0.2,random,7,0.02949392795562744
GATv2,156,23,0.2,random,8,0.03950226306915283
GATv2,156,23,0.2,random,9,0.030120253562927246
GATv2,156,23,0.2,random,10,0.057464003562927246
GATv2,156,23,0.2,random,11,0.024961113929748535
GATv2,156,23,0.2,random,12,0.022547602653503418
GATv2,156,23,0.2,random,13,0.03683966398239136
GATv2,156,23,0.2,random,14,0.06661069393157959
GATv2,156,23,0.2,random,15,0.06171619892120361
GATv2,156,23,0.2,random,16,0.038342952728271484
GATv2,156,23,0.2,random,17,0.045930564403533936
GATv2,156,23,0.2,random,18,0.06886327266693115
GATv2,156,23,0.2,random,19,0.057952284812927246
GATv2,156,37,0.05,gnnexplainer,-1,0.07427352666854858
GATv2,156,37,0.05,random,0,0.00765073299407959
GATv2,156,37,0.05,random,1,0.006389319896697998
GATv2,156,37,0.05,random,2,0.00930112600326538
GATv2,156,37,0.05,random,3,0.011512160301208496
GATv2,156,37,0.05,random,4,0.009393632411956787
GATv2,156,37,0.05,random,5,0.002798914909362793
GATv2,156,37,0.05,random,6,0.006953716278076172
GATv2,156,37,0.05,random,7,0.021222293376922607
GATv2,156,37,0.05,random,8,0.04214739799499512
GATv2,156,37,0.05,random,9,0.003022134304046631
GATv2,156,37,0.05,random,10,0.01676654815673828
GATv2,156,37,0.05,random,11,0.011610686779022217
GATv2,156,37,0.05,random,12,0.02548658847808838
GATv2,156,37,0.05,random,13,0.007509112358093262
GATv2,156,37,0.05,random,14,0.00023764371871948242
GATv2,156,37,0.05,random,15,0.03795206546783447
GATv2,156,37,0.05,random,16,0.014593839645385742
GATv2,156,37,0.05,random,17,0.00683903694152832
GATv2,156,37,0.05,random,18,0.011438548564910889
GATv2,156,37,0.05,random,19,0.009293973445892334
GATv2,156,37,0.1,gnnexplainer,-1,0.10395044088363647
GATv2,156,37,0.1,random,0,0.02026844024658203
GATv2,156,37,0.1,random,1,0.06280076503753662
GATv2,156,37,0.1,random,2,0.024512648582458496
GATv2,156,37,0.1,random,3,0.0266839861869812
GATv2,156,37,0.1,random,4,0.014658331871032715
GATv2,156,37,0.1,random,5,0.023480117321014404
GATv2,156,37,0.1,random,6,0.020915627479553223
GATv2,156,37,0.1,random,7,0.019083738327026367
GATv2,156,37,0.1,random,8,0.014831304550170898
GATv2,156,37,0.1,random,9,0.02248281240463257
GATv2,156,37,0.1,random,10,0.02303922176361084
GATv2,156,37,0.1,random,11,0.01766723394393921
GATv2,156,37,0.1,random,12,0.024107158184051514
GATv2,156,37,0.1,random,13,0.019889235496520996
GATv2,156,37,0.1,random,14,0.0236169695854187
GATv2,156,37,0.1,random,15,0.009403705596923828
GATv2,156,37,0.1,random,16,0.011023759841918945
GATv2,156,37,0.1,random,17,0.0198211669921875
GATv2,156,37,0.1,random,18,0.016335010528564453
GATv2,156,37,0.1,random,19,0.020550429821014404
GATv2,156,37,0.2,gnnexplainer,-1,0.1368800401687622
GATv2,156,37,0.2,random,0,0.06159961223602295
GATv2,156,37,0.2,random,1,0.055519819259643555
GATv2,156,37,0.2,random,2,0.04469531774520874
GATv2,156,37,0.2,random,3,0.06276071071624756
GATv2,156,37,0.2,random,4,0.035913705825805664
GATv2,156,37,0.2,random,5,0.04127085208892822
GATv2,156,37,0.2,random,6,0.036309897899627686
GATv2,156,37,0.2,random,7,0.055926501750946045
GATv2,156,37,0.2,random,8,0.03156125545501709
GATv2,156,37,0.2,random,9,0.049509525299072266
GATv2,156,37,0.2,random,10,0.029789447784423828
GATv2,156,37,0.2,random,11,0.06626367568969727
GATv2,156,37,0.2,random,12,0.08630532026290894
GATv2,156,37,0.2,random,13,0.07399797439575195
GATv2,156,37,0.2,random,14,0.03911036252975464
GATv2,156,37,0.2,random,15,0.06388092041015625
GATv2,156,37,0.2,random,16,0.04783695936203003
GATv2,156,37,0.2,random,17,0.047660231590270996
GATv2,156,37,0.2,random,18,0.03906506299972534
GATv2,156,37,0.2,random,19,0.03432142734527588
GATv2,162,11,0.05,gnnexplainer,-1,0.053575098514556885
GATv2,162,11,0.05,random,0,0.015256881713867188
GATv2,162,11,0.05,random,1,0.012689352035522461
GATv2,162,11,0.05,random,2,0.0019578933715820312
GATv2,162,11,0.05,random,3,0.004424750804901123
GATv2,162,11,0.05,random,4,0.018889009952545166
GATv2,162,11,0.05,random,5,0.009576737880706787
GATv2,162,11,0.05,random,6,0.0060765743255615234
GATv2,162,11,0.05,random,7,0.01721930503845215
GATv2,162,11,0.05,random,8,0.007392466068267822
GATv2,162,11,0.05,random,9,0.011182963848114014
GATv2,162,11,0.05,random,10,0.00538325309753418
GATv2,162,11,0.05,random,11,0.00710827112197876
GATv2,162,11,0.05,random,12,0.015887022018432617
GATv2,162,11,0.05,random,13,0.020521581172943115
GATv2,162,11,0.05,random,14,0.003913462162017822
GATv2,162,11,0.05,random,15,0.013773500919342041
GATv2,162,11,0.05,random,16,0.016190528869628906
GATv2,162,11,0.05,random,17,0.0014303326606750488
GATv2,162,11,0.05,random,18,0.005791842937469482
GATv2,162,11,0.05,random,19,0.010956346988677979
GATv2,162,11,0.1,gnnexplainer,-1,0.09522515535354614
GATv2,162,11,0.1,random,0,0.011766254901885986
GATv2,162,11,0.1,random,1,0.026307761669158936
GATv2,162,11,0.1,random,2,-0.0013213157653808594
GATv2,162,11,0.1,random,3,0.025036394596099854
GATv2,162,11,0.1,random,4,0.013193845748901367
GATv2,162,11,0.1,random,5,0.034803926944732666
GATv2,162,11,0.1,random,6,0.027780234813690186
GATv2,162,11,0.1,random,7,0.023273229598999023
GATv2,162,11,0.1,random,8,0.006967127323150635
GATv2,162,11,0.1,random,9,0.017289578914642334
GATv2,162,11,0.1,random,10,0.01409459114074707
GATv2,162,11,0.1,random,11,0.018465101718902588
GATv2,162,11,0.1,random,12,0.033383309841156006
GATv2,162,11,0.1,random,13,0.015174448490142822
GATv2,162,11,0.1,random,14,0.037316858768463135
GATv2,162,11,0.1,random,15,0.02855437994003296
GATv2,162,11,0.1,random,16,0.04076153039932251
GATv2,162,11,0.1,random,17,0.010136067867279053
GATv2,162,11,0.1,random,18,0.027692794799804688
GATv2,162,11,0.1,random,19,0.024640977382659912
GATv2,162,11,0.2,gnnexplainer,-1,0.19826078414916992
GATv2,162,11,0.2,random,0,0.06151169538497925
GATv2,162,11,0.2,random,1,0.013327538967132568
GATv2,162,11,0.2,random,2,0.0577734112739563
GATv2,162,11,0.2,random,3,0.04284381866455078
GATv2,162,11,0.2,random,4,0.031106531620025635
GATv2,162,11,0.2,random,5,0.03641408681869507
GATv2,162,11,0.2,random,6,0.044397175312042236
GATv2,162,11,0.2,random,7,0.023351848125457764
GATv2,162,11,0.2,random,8,0.043835461139678955
GATv2,162,11,0.2,random,9,0.05091595649719238
GATv2,162,11,0.2,random,10,0.022291362285614014
GATv2,162,11,0.2,random,11,0.03218764066696167
GATv2,162,11,0.2,random,12,0.014135360717773438
GATv2,162,11,0.2,random,13,0.04822671413421631
GATv2,162,11,0.2,random,14,0.03777885437011719
GATv2,162,11,0.2,random,15,0.05514031648635864
GATv2,162,11,0.2,random,16,0.048353731632232666
GATv2,162,11,0.2,random,17,0.012971222400665283
GATv2,162,11,0.2,random,18,0.05091363191604614
GATv2,162,11,0.2,random,19,0.012651205062866211
GATv2,162,23,0.05,gnnexplainer,-1,0.054022014141082764
GATv2,162,23,0.05,random,0,0.0027382373809814453
GATv2,162,23,0.05,random,1,-0.005794942378997803
GATv2,162,23,0.05,random,2,0.007361233234405518
GATv2,162,23,0.05,random,3,0.010322034358978271
GATv2,162,23,0.05,random,4,0.010501384735107422
GATv2,162,23,0.05,random,5,0.008720636367797852
GATv2,162,23,0.05,random,6,0.0004165172576904297
GATv2,162,23,0.05,random,7,0.0029048919677734375
GATv2,162,23,0.05,random,8,0.00820857286453247
GATv2,162,23,0.05,random,9,-0.0018582940101623535
GATv2,162,23,0.05,random,10,0.022070348262786865
GATv2,162,23,0.05,random,11,0.019532978534698486
GATv2,162,23,0.05,random,12,0.01325225830078125
GATv2,162,23,0.05,random,13,0.004336297512054443
GATv2,162,23,0.05,random,14,0.02104288339614868
GATv2,162,23,0.05,random,15,0.005707681179046631
GATv2,162,23,0.05,random,16,0.014952003955841064
GATv2,162,23,0.05,random,17,0.008417189121246338
GATv2,162,23,0.05,random,18,-0.004087984561920166
GATv2,162,23,0.05,random,19,0.02879190444946289
GATv2,162,23,0.1,gnnexplainer,-1,0.09901154041290283
GATv2,162,23,0.1,random,0,0.028079211711883545
GATv2,162,23,0.1,random,1,0.015870630741119385
GATv2,162,23,0.1,random,2,0.010874807834625244
GATv2,162,23,0.1,random,3,0.02873140573501587
GATv2,162,23,0.1,random,4,0.043766796588897705
GATv2,162,23,0.1,random,5,0.027013301849365234
GATv2,162,23,0.1,random,6,0.03261524438858032
GATv2,162,23,0.1,random,7,0.0055428147315979
GATv2,162,23,0.1,random,8,0.027919352054595947
GATv2,162,23,0.1,random,9,0.025442779064178467
GATv2,162,23,0.1,random,10,0.0386924147605896
GATv2,162,23,0.1,random,11,0.009578406810760498
GATv2,162,23,0.1,random,12,0.04662090539932251
GATv2,162,23,0.1,random,13,0.003610670566558838
GATv2,162,23,0.1,random,14,0.004414260387420654
GATv2,162,23,0.1,random,15,0.01748800277709961
GATv2,162,23,0.1,random,16,0.021122992038726807
GATv2,162,23,0.1,random,17,0.023553311824798584
GATv2,162,23,0.1,random,18,0.011274635791778564
GATv2,162,23,0.1,random,19,0.033129870891571045
GATv2,162,23,0.2,gnnexplainer,-1,0.19956636428833008
GATv2,162,23,0.2,random,0,0.0036758780479431152
GATv2,162,23,0.2,random,1,0.04048389196395874
GATv2,162,23,0.2,random,2,0.0348702073097229
GATv2,162,23,0.2,random,3,0.0163077712059021
GATv2,162,23,0.2,random,4,0.05541110038757324
GATv2,162,23,0.2,random,5,0.04588675498962402
GATv2,162,23,0.2,random,6,0.04669290781021118
GATv2,162,23,0.2,random,7,0.02117675542831421
GATv2,162,23,0.2,random,8,0.030825316905975342
GATv2,162,23,0.2,random,9,0.040272295475006104
GATv2,162,23,0.2,random,10,0.050780296325683594
GATv2,162,23,0.2,random,11,0.014885127544403076
GATv2,162,23,0.2,random,12,0.043530941009521484
GATv2,162,23,0.2,random,13,0.05281710624694824
GATv2,162,23,0.2,random,14,0.03424429893493652
GATv2,162,23,0.2,random,15,0.015000641345977783
GATv2,162,23,0.2,random,16,0.01651597023010254
GATv2,162,23,0.2,random,17,0.012978613376617432
GATv2,162,23,0.2,random,18,0.038076162338256836
GATv2,162,23,0.2,random,19,0.02447134256362915
GATv2,162,37,0.05,gnnexplainer,-1,0.05606108903884888
GATv2,162,37,0.05,random,0,0.019127070903778076
GATv2,162,37,0.05,random,1,0.006455957889556885
GATv2,162,37,0.05,random,2,0.00044614076614379883
GATv2,162,37,0.05,random,3,0.011403262615203857
GATv2,162,37,0.05,random,4,0.017219483852386475
GATv2,162,37,0.05,random,5,0.018468618392944336
GATv2,162,37,0.05,random,6,0.02251291275024414
GATv2,162,37,0.05,random,7,0.0018918514251708984
GATv2,162,37,0.05,random,8,0.013029515743255615
GATv2,162,37,0.05,random,9,0.009389936923980713
GATv2,162,37,0.05,random,10,0.014242470264434814
GATv2,162,37,0.05,random,11,0.002747952938079834
GATv2,162,37,0.05,random,12,0.0263860821723938
GATv2,162,37,0.05,random,13,0.01904386281967163
GATv2,162,37,0.05,random,14,0.024809300899505615
GATv2,162,37,0.05,random,15,0.009674012660980225
GATv2,162,37,0.05,random,16,-0.002557992935180664
GATv2,162,37,0.05,random,17,0.014142036437988281
GATv2,162,37,0.05,random,18,0.010621607303619385
GATv2,162,37,0.05,random,19,0.0064463019371032715
GATv2,162,37,0.1,gnnexplainer,-1,0.10323148965835571
GATv2,162,37,0.1,random,0,0.020972490310668945
GATv2,162,37,0.1,random,1,0.032411158084869385
GATv2,162,37,0.1,random,2,0.029862582683563232
GATv2,162,37,0.1,random,3,0.054965436458587646
GATv2,162,37,0.1,random,4,0.010732412338256836
GATv2,162,37,0.1,random,5,0.02216053009033203
GATv2,162,37,0.1,random,6,0.013373851776123047
GATv2,162,37,0.1,random,7,0.005260884761810303
GATv2,162,37,0.1,random,8,0.027291834354400635
GATv2,162,37,0.1,random,9,0.011431515216827393
GATv2,162,37,0.1,random,10,0.02650696039199829
GATv2,162,37,0.1,random,11,0.024328649044036865
GATv2,162,37,0.1,random,12,0.02029252052307129
GATv2,162,37,0.1,random,13,0.027468621730804443
GATv2,162,37,0.1,random,14,0.030216872692108154
GATv2,162,37,0.1,random,15,0.03529006242752075
GATv2,162,37,0.1,random,16,-0.0006058216094970703
GATv2,162,37,0.1,random,17,0.029061973094940186
GATv2,162,37,0.1,random,18,-0.003413379192352295
GATv2,162,37,0.1,random,19,0.00938868522644043
GATv2,162,37,0.2,gnnexplainer,-1,0.19956636428833008
GATv2,162,37,0.2,random,0,0.031333088874816895
GATv2,162,37,0.2,random,1,0.05483740568161011
GATv2,162,37,0.2,random,2,0.018081605434417725
GATv2,162,37,0.2,random,3,0.042868614196777344
GATv2,162,37,0.2,random,4,0.03876537084579468
GATv2,162,37,0.2,random,5,0.061228036880493164
GATv2,162,37,0.2,random,6,0.04141813516616821
GATv2,162,37,0.2,random,7,0.04587334394454956
GATv2,162,37,0.2,random,8,0.046072304248809814
GATv2,162,37,0.2,random,9,0.036826908588409424
GATv2,162,37,0.2,random,10,0.05443507432937622
GATv2,162,37,0.2,random,11,0.047929227352142334
GATv2,162,37,0.2,random,12,0.046892404556274414
GATv2,162,37,0.2,random,13,0.02706390619277954
GATv2,162,37,0.2,random,14,0.03673619031906128
GATv2,162,37,0.2,random,15,0.04672521352767944
GATv2,162,37,0.2,random,16,0.03584468364715576
GATv2,162,37,0.2,random,17,0.06528598070144653
GATv2,162,37,0.2,random,18,0.07388490438461304
GATv2,162,37,0.2,random,19,0.024350404739379883
GATv2,178,11,0.05,gnnexplainer,-1,0.00860854983329773
GATv2,178,11,0.05,random,0,0.004890024662017822
GATv2,178,11,0.05,random,1,0.011226534843444824
GATv2,178,11,0.05,random,2,0.012503862380981445
GATv2,178,11,0.05,random,3,0.004580587148666382
GATv2,178,11,0.05,random,4,0.006559848785400391
GATv2,178,11,0.05,random,5,0.0013706386089324951
GATv2,178,11,0.05,random,6,0.012381821870803833
GATv2,178,11,0.05,random,7,0.006278634071350098
GATv2,178,11,0.05,random,8,0.01394835114479065
GATv2,178,11,0.05,random,9,0.010830074548721313
GATv2,178,11,0.05,random,10,0.017260193824768066
GATv2,178,11,0.05,random,11,-0.001203298568725586
GATv2,178,11,0.05,random,12,0.0067708492279052734
GATv2,178,11,0.05,random,13,-0.0003173947334289551
GATv2,178,11,0.05,random,14,0.014978528022766113
GATv2,178,11,0.05,random,15,0.011218339204788208
GATv2,178,11,0.05,random,16,0.0122356116771698
GATv2,178,11,0.05,random,17,0.003019988536834717
GATv2,178,11,0.05,random,18,-0.007952168583869934
GATv2,178,11,0.05,random,19,-0.00177079439163208
GATv2,178,11,0.1,gnnexplainer,-1,0.023646414279937744
GATv2,178,11,0.1,random,0,0.007581889629364014
GATv2,178,11,0.1,random,1,0.008540928363800049
GATv2,178,11,0.1,random,2,0.016620337963104248
GATv2,178,11,0.1,random,3,0.008880466222763062
GATv2,178,11,0.1,random,4,-0.003609985113143921
GATv2,178,11,0.1,random,5,0.0201244056224823
GATv2,178,11,0.1,random,6,0.004550963640213013
GATv2,178,11,0.1,random,7,0.011309385299682617
GATv2,178,11,0.1,random,8,0.01673293113708496
GATv2,178,11,0.1,random,9,0.00667533278465271
GATv2,178,11,0.1,random,10,0.014589935541152954
GATv2,178,11,0.1,random,11,-0.008466333150863647
GATv2,178,11,0.1,random,12,0.00939565896987915
GATv2,178,11,0.1,random,13,0.009533524513244629
GATv2,178,11,0.1,random,14,0.013478994369506836
GATv2,178,11,0.1,random,15,0.01901310682296753
GATv2,178,11,0.1,random,16,0.014124274253845215
GATv2,178,11,0.1,random,17,-0.002405107021331787
GATv2,178,11,0.1,random,18,0.019173502922058105
GATv2,178,11,0.1,random,19,0.01595282554626465
GATv2,178,11,0.2,gnnexplainer,-1,0.04268309473991394
GATv2,178,11,0.2,random,0,0.03889000415802002
GATv2,178,11,0.2,random,1,0.029359161853790283
GATv2,178,11,0.2,random,2,0.030962824821472168
GATv2,178,11,0.2,random,3,0.0303879976272583
GATv2,178,11,0.2,random,4,0.03422731161117554
GATv2,178,11,0.2,random,5,0.031148821115493774
GATv2,178,11,0.2,random,6,0.030091464519500732
GATv2,178,11,0.2,random,7,0.027077585458755493
GATv2,178,11,0.2,random,8,0.03289586305618286
GATv2,178,11,0.2,random,9,0.012813270092010498
GATv2,178,11,0.2,random,10,0.024596184492111206
GATv2,178,11,0.2,random,11,0.022254586219787598
GATv2,178,11,0.2,random,12,0.0205802321434021
GATv2,178,11,0.2,random,13,0.01962187886238098
GATv2,178,11,0.2,random,14,0.0049094557762146
GATv2,178,11,0.2,random,15,0.010227859020233154
GATv2,178,11,0.2,random,16,0.03101813793182373
GATv2,178,11,0.2,random,17,0.015777230262756348
GATv2,178,11,0.2,random,18,0.011782050132751465
GATv2,178,11,0.2,random,19,0.022737443447113037
GATv2,178,23,0.05,gnnexplainer,-1,0.01143115758895874
GATv2,178,23,0.05,random,0,0.0072276294231414795
GATv2,178,23,0.05,random,1,-0.0074424296617507935
GATv2,178,23,0.05,random,2,0.002398878335952759
GATv2,178,23,0.05,random,3,0.012446582317352295
GATv2,178,23,0.05,random,4,0.016381293535232544
GATv2,178,23,0.05,random,5,0.005041837692260742
GATv2,178,23,0.05,random,6,0.005023002624511719
GATv2,178,23,0.05,random,7,-0.004764780402183533
GATv2,178,23,0.05,random,8,0.005877465009689331
GATv2,178,23,0.05,random,9,-0.005723431706428528
GATv2,178,23,0.05,random,10,0.0082283616065979
GATv2,178,23,0.05,random,11,0.002857297658920288
GATv2,178,23,0.05,random,12,0.006881415843963623
GATv2,178,23,0.05,random,13,-0.005895406007766724
GATv2,178,23,0.05,random,14,0.004477500915527344
GATv2,178,23,0.05,random,15,0.0054146647453308105
GATv2,178,23,0.05,random,16,0.005490213632583618
GATv2,178,23,0.05,random,17,0.0026653707027435303
GATv2,178,23,0.05,random,18,0.010452479124069214
GATv2,178,23,0.05,random,19,0.008950114250183105
GATv2,178,23,0.1,gnnexplainer,-1,0.006246387958526611
GATv2,178,23,0.1,random,0,0.008861750364303589
GATv2,178,23,0.1,random,1,0.01570039987564087
GATv2,178,23,0.1,random,2,0.020011544227600098
GATv2,178,23,0.1,random,3,0.005927562713623047
GATv2,178,23,0.1,random,4,0.017834961414337158
GATv2,178,23,0.1,random,5,0.007914513349533081
GATv2,178,23,0.1,random,6,0.005875110626220703
GATv2,178,23,0.1,random,7,0.019742697477340698
GATv2,178,23,0.1,random,8,0.009500443935394287
GATv2,178,23,0.1,random,9,0.013713091611862183
GATv2,178,23,0.1,random,10,0.007286399602890015
GATv2,178,23,0.1,random,11,0.013399899005889893
GATv2,178,23,0.1,random,12,0.01718968152999878
GATv2,178,23,0.1,random,13,0.00403904914855957
GATv2,178,23,0.1,random,14,0.013071894645690918
GATv2,178,23,0.1,random,15,0.008090585470199585
GATv2,178,23,0.1,random,16,0.024539530277252197
GATv2,178,23,0.1,random,17,0.016089528799057007
GATv2,178,23,0.1,random,18,0.012020468711853027
GATv2,178,23,0.1,random,19,0.013356506824493408
GATv2,178,23,0.2,gnnexplainer,-1,0.011398494243621826
GATv2,178,23,0.2,random,0,0.043718814849853516
GATv2,178,23,0.2,random,1,0.02973717451095581
GATv2,178,23,0.2,random,2,0.006246358156204224
GATv2,178,23,0.2,random,3,0.030581772327423096
GATv2,178,23,0.2,random,4,0.03028881549835205
GATv2,178,23,0.2,random,5,0.02541029453277588
GATv2,178,23,0.2,random,6,0.028101831674575806
GATv2,178,23,0.2,random,7,0.027313917875289917
GATv2,178,23,0.2,random,8,0.02277916669845581
GATv2,178,23,0.2,random,9,0.014425992965698242
GATv2,178,23,0.2,random,10,0.02474173903465271
GATv2,178,23,0.2,random,11,0.027259409427642822
GATv2,178,23,0.2,random,12,0.022969067096710205
GATv2,178,23,0.2,random,13,0.022246181964874268
GATv2,178,23,0.2,random,14,0.014043837785720825
GATv2,178,23,0.2,random,15,0.024489879608154297
GATv2,178,23,0.2,random,16,0.04001852869987488
GATv2,178,23,0.2,random,17,0.02236458659172058
GATv2,178,23,0.2,random,18,0.03639531135559082
GATv2,178,23,0.2,random,19,0.007904469966888428
GATv2,178,37,0.05,gnnexplainer,-1,0.012010753154754639
GATv2,178,37,0.05,random,0,-0.002938702702522278
GATv2,178,37,0.05,random,1,0.005585074424743652
GATv2,178,37,0.05,random,2,0.012907981872558594
GATv2,178,37,0.05,random,3,0.008070111274719238
GATv2,178,37,0.05,random,4,0.005033552646636963
GATv2,178,37,0.05,random,5,0.005701810121536255
GATv2,178,37,0.05,random,6,0.010661840438842773
GATv2,178,37,0.05,random,7,-0.0024935007095336914
GATv2,178,37,0.05,random,8,0.009411871433258057
GATv2,178,37,0.05,random,9,0.0019840896129608154
GATv2,178,37,0.05,random,10,0.004350185394287109
GATv2,178,37,0.05,random,11,0.008357763290405273
GATv2,178,37,0.05,random,12,0.003910750150680542
GATv2,178,37,0.05,random,13,0.002985835075378418
GATv2,178,37,0.05,random,14,0.015306234359741211
GATv2,178,37,0.05,random,15,0.005961567163467407
GATv2,178,37,0.05,random,16,0.0013818740844726562
GATv2,178,37,0.05,random,17,0.008234143257141113
GATv2,178,37,0.05,random,18,-0.0006341338157653809
GATv2,178,37,0.05,random,19,0.011040180921554565
GATv2,178,37,0.1,gnnexplainer,-1,0.019203275442123413
GATv2,178,37,0.1,random,0,0.020391404628753662
GATv2,178,37,0.1,random,1,0.005829989910125732
GATv2,178,37,0.1,random,2,0.01829025149345398
GATv2,178,37,0.1,random,3,0.013514459133148193
GATv2,178,37,0.1,random,4,0.01538926362991333
GATv2,178,37,0.1,random,5,0.001981586217880249
GATv2,178,37,0.1,random,6,0.008458852767944336
GATv2,178,37,0.1,random,7,0.017337024211883545
GATv2,178,37,0.1,random,8,0.009873569011688232
GATv2,178,37,0.1,random,9,0.008369863033294678
GATv2,178,37,0.1,random,10,0.0008529126644134521
GATv2,178,37,0.1,random,11,0.011085659265518188
GATv2,178,37,0.1,random,12,0.008486568927764893
GATv2,178,37,0.1,random,13,0.019908398389816284
GATv2,178,37,0.1,random,14,0.011277705430984497
GATv2,178,37,0.1,random,15,0.012126415967941284
GATv2,178,37,0.1,random,16,0.013894885778427124
GATv2,178,37,0.1,random,17,0.011164039373397827
GATv2,178,37,0.1,random,18,0.01963096857070923
GATv2,178,37,0.1,random,19,0.005561888217926025
GATv2,178,37,0.2,gnnexplainer,-1,0.035271137952804565
GATv2,178,37,0.2,random,0,0.029503434896469116
GATv2,178,37,0.2,random,1,0.04201394319534302
GATv2,178,37,0.2,random,2,0.012038946151733398
GATv2,178,37,0.2,random,3,0.034195542335510254
GATv2,178,37,0.2,random,4,0.006533831357955933
GATv2,178,37,0.2,random,5,0.011629551649093628
GATv2,178,37,0.2,random,6,0.023236989974975586
GATv2,178,37,0.2,random,7,0.02912124991416931
GATv2,178,37,0.2,random,8,0.028975695371627808
GATv2,178,37,0.2,random,9,0.02545994520187378
GATv2,178,37,0.2,random,10,0.019812583923339844
GATv2,178,37,0.2,random,11,0.026728838682174683
GATv2,178,37,0.2,random,12,0.02407294511795044
GATv2,178,37,0.2,random,13,0.03833818435668945
GATv2,178,37,0.2,random,14,0.029975473880767822
GATv2,178,37,0.2,random,15,0.01677808165550232
GATv2,178,37,0.2,random,16,0.0147380530834198
GATv2,178,37,0.2,random,17,0.026920735836029053
GATv2,178,37,0.2,random,18,0.036956727504730225
GATv2,178,37,0.2,random,19,0.0021901726722717285
GATv2,179,11,0.05,gnnexplainer,-1,0.026187121868133545
GATv2,179,11,0.05,random,0,0.009660959243774414
GATv2,179,11,0.05,random,1,0.00885242223739624
GATv2,179,11,0.05,random,2,-0.0030884742736816406
GATv2,179,11,0.05,random,3,0.01122814416885376
GATv2,179,11,0.05,random,4,0.0042743682861328125
GATv2,179,11,0.05,random,5,0.008026599884033203
GATv2,179,11,0.05,random,6,0.00416034460067749
GATv2,179,11,0.05,random,7,0.0043790340423583984
GATv2,179,11,0.05,random,8,0.004590213298797607
GATv2,179,11,0.05,random,9,0.0037631988525390625
GATv2,179,11,0.05,random,10,0.0083884596824646
GATv2,179,11,0.05,random,11,0.006683945655822754
GATv2,179,11,0.05,random,12,0.0008891820907592773
GATv2,179,11,0.05,random,13,0.011773824691772461
GATv2,179,11,0.05,random,14,0.000964820384979248
GATv2,179,11,0.05,random,15,0.005447208881378174
GATv2,179,11,0.05,random,16,0.004055142402648926
GATv2,179,11,0.05,random,17,0.0006561279296875
GATv2,179,11,0.05,random,18,0.0075234174728393555
GATv2,179,11,0.05,random,19,0.0003351569175720215
GATv2,179,11,0.1,gnnexplainer,-1,0.03017604351043701
GATv2,179,11,0.1,random,0,0.009153783321380615
GATv2,179,11,0.1,random,1,0.022894978523254395
GATv2,179,11,0.1,random,2,0.00279998779296875
GATv2,179,11,0.1,random,3,0.013508439064025879
GATv2,179,11,0.1,random,4,0.02431035041809082
GATv2,179,11,0.1,random,5,0.015026330947875977
GATv2,179,11,0.1,random,6,0.022179901599884033
GATv2,179,11,0.1,random,7,0.0068585872650146484
GATv2,179,11,0.1,random,8,0.009620368480682373
GATv2,179,11,0.1,random,9,0.03790777921676636
GATv2,179,11,0.1,random,10,0.012197673320770264
GATv2,179,11,0.1,random,11,0.022345662117004395
GATv2,179,11,0.1,random,12,0.01329571008682251
GATv2,179,11,0.1,random,13,0.009521007537841797
GATv2,179,11,0.1,random,14,0.017377138137817383
GATv2,179,11,0.1,random,15,0.021590471267700195
GATv2,179,11,0.1,random,16,0.014687120914459229
GATv2,179,11,0.1,random,17,0.012714087963104248
GATv2,179,11,0.1,random,18,0.02191448211669922
GATv2,179,11,0.1,random,19,0.014291882514953613
GATv2,179,11,0.2,gnnexplainer,-1,0.04887789487838745
GATv2,179,11,0.2,random,0,0.024907290935516357
GATv2,179,11,0.2,random,1,0.03149127960205078
GATv2,179,11,0.2,random,2,0.03377127647399902
GATv2,179,11,0.2,random,3,0.028339266777038574
GATv2,179,11,0.2,random,4,0.03964734077453613
GATv2,179,11,0.2,random,5,0.02668309211730957
GATv2,179,11,0.2,random,6,0.01630246639251709
GATv2,179,11,0.2,random,7,0.024150848388671875
GATv2,179,11,0.2,random,8,0.020820677280426025
GATv2,179,11,0.2,random,9,0.01758033037185669
GATv2,179,11,0.2,random,10,0.019045710563659668
GATv2,179,11,0.2,random,11,0.03609764575958252
GATv2,179,11,0.2,random,12,0.015163660049438477
GATv2,179,11,0.2,random,13,0.03441882133483887
GATv2,179,11,0.2,random,14,0.012317419052124023
GATv2,179,11,0.2,random,15,0.04367154836654663
GATv2,179,11,0.2,random,16,0.03707355260848999
GATv2,179,11,0.2,random,17,0.029897093772888184
GATv2,179,11,0.2,random,18,0.025958776473999023
GATv2,179,11,0.2,random,19,0.025056660175323486
GATv2,179,23,0.05,gnnexplainer,-1,0.015858113765716553
GATv2,179,23,0.05,random,0,0.00963592529296875
GATv2,179,23,0.05,random,1,0.004781961441040039
GATv2,179,23,0.05,random,2,0.006644725799560547
GATv2,179,23,0.05,random,3,0.01019895076751709
GATv2,179,23,0.05,random,4,0.007527470588684082
GATv2,179,23,0.05,random,5,0.008865952491760254
GATv2,179,23,0.05,random,6,0.01038271188735962
GATv2,179,23,0.05,random,7,0.007096767425537109
GATv2,179,23,0.05,random,8,-0.0010545849800109863
GATv2,179,23,0.05,random,9,0.008363127708435059
GATv2,179,23,0.05,random,10,-1.2934207916259766e-05
GATv2,179,23,0.05,random,11,0.009536385536193848
GATv2,179,23,0.05,random,12,0.0029211044311523438
GATv2,179,23,0.05,random,13,0.003498077392578125
GATv2,179,23,0.05,random,14,0.011485278606414795
GATv2,179,23,0.05,random,15,0.004805445671081543
GATv2,179,23,0.05,random,16,0.008259296417236328
GATv2,179,23,0.05,random,17,0.008363127708435059
GATv2,179,23,0.05,random,18,0.00867164134979248
GATv2,179,23,0.05,random,19,0.0044858455657958984
GATv2,179,23,0.1,gnnexplainer,-1,0.02979862689971924
GATv2,179,23,0.1,random,0,0.01622980833053589
GATv2,179,23,0.1,random,1,0.04208827018737793
GATv2,179,23,0.1,random,2,0.02533811330795288
GATv2,179,23,0.1,random,3,0.014192640781402588
GATv2,179,23,0.1,random,4,0.01918506622314453
GATv2,179,23,0.1,random,5,0.017747819423675537
GATv2,179,23,0.1,random,6,0.012683570384979248
GATv2,179,23,0.1,random,7,0.009739458560943604
GATv2,179,23,0.1,random,8,0.01544278860092163
GATv2,179,23,0.1,random,9,0.011570870876312256
GATv2,179,23,0.1,random,10,0.013342976570129395
GATv2,179,23,0.1,random,11,0.011679291725158691
GATv2,179,23,0.1,random,12,0.030857384204864502
GATv2,179,23,0.1,random,13,0.018732011318206787
GATv2,179,23,0.1,random,14,0.02142733335494995
GATv2,179,23,0.1,random,15,0.014010608196258545
GATv2,179,23,0.1,random,16,-0.0004919767379760742
GATv2,179,23,0.1,random,17,0.017862319946289062
GATv2,179,23,0.1,random,18,0.008054614067077637
GATv2,179,23,0.1,random,19,0.005488038063049316
GATv2,179,23,0.2,gnnexplainer,-1,0.04187965393066406
GATv2,179,23,0.2,random,0,0.01631605625152588
GATv2,179,23,0.2,random,1,0.019681096076965332
GATv2,179,23,0.2,random,2,0.03751671314239502
GATv2,179,23,0.2,random,3,0.017636477947235107
GATv2,179,23,0.2,random,4,0.025037407875061035
GATv2,179,23,0.2,random,5,0.03345292806625366
GATv2,179,23,0.2,random,6,0.022493302822113037
GATv2,179,23,0.2,random,7,0.015639901161193848
GATv2,179,23,0.2,random,8,0.018511176109313965
GATv2,179,23,0.2,random,9,0.03045058250427246
GATv2,179,23,0.2,random,10,0.026289820671081543
GATv2,179,23,0.2,random,11,0.034776389598846436
GATv2,179,23,0.2,random,12,0.021272897720336914
GATv2,179,23,0.2,random,13,0.03266042470932007
GATv2,179,23,0.2,random,14,0.0403820276260376
GATv2,179,23,0.2,random,15,0.024433255195617676
GATv2,179,23,0.2,random,16,0.026887893676757812
GATv2,179,23,0.2,random,17,0.021789193153381348
GATv2,179,23,0.2,random,18,0.021467924118041992
GATv2,179,23,0.2,random,19,0.03811836242675781
GATv2,179,37,0.05,gnnexplainer,-1,0.013430535793304443
GATv2,179,37,0.05,random,0,-0.0007950067520141602
GATv2,179,37,0.05,random,1,0.001601576805114746
GATv2,179,37,0.05,random,2,0.015996217727661133
GATv2,179,37,0.05,random,3,0.005096793174743652
GATv2,179,37,0.05,random,4,0.014330387115478516
GATv2,179,37,0.05,random,5,0.006119966506958008
GATv2,179,37,0.05,random,6,0.004675745964050293
GATv2,179,37,0.05,random,7,-0.0031645894050598145
GATv2,179,37,0.05,random,8,0.0012667179107666016
GATv2,179,37,0.05,random,9,0.0047283172607421875
GATv2,179,37,0.05,random,10,0.009868144989013672
GATv2,179,37,0.05,random,11,-0.004653275012969971
GATv2,179,37,0.05,random,12,0.006454885005950928
GATv2,179,37,0.05,random,13,0.009006619453430176
GATv2,179,37,0.05,random,14,0.016761183738708496
GATv2,179,37,0.05,random,15,0.012002766132354736
GATv2,179,37,0.05,random,16,0.0024698972702026367
GATv2,179,37,0.05,random,17,0.012602031230926514
GATv2,179,37,0.05,random,18,0.020232856273651123
GATv2,179,37,0.05,random,19,0.007004678249359131
GATv2,179,37,0.1,gnnexplainer,-1,0.026881694793701172
GATv2,179,37,0.1,random,0,0.015775620937347412
GATv2,179,37,0.1,random,1,0.012678325176239014
GATv2,179,37,0.1,random,2,0.013156533241271973
GATv2,179,37,0.1,random,3,0.033539652824401855
GATv2,179,37,0.1,random,4,0.020645320415496826
GATv2,179,37,0.1,random,5,0.027804970741271973
GATv2,179,37,0.1,random,6,0.005644679069519043
GATv2,179,37,0.1,random,7,0.01636260747909546
GATv2,179,37,0.1,random,8,0.0035985708236694336
GATv2,179,37,0.1,random,9,0.01672816276550293
GATv2,179,37,0.1,random,10,0.018050849437713623
GATv2,179,37,0.1,random,11,0.01534426212310791
GATv2,179,37,0.1,random,12,0.022556722164154053
GATv2,179,37,0.1,random,13,0.007416427135467529
GATv2,179,37,0.1,random,14,0.01269000768661499
GATv2,179,37,0.1,random,15,0.01785939931869507
GATv2,179,37,0.1,random,16,0.008335530757904053
GATv2,179,37,0.1,random,17,0.008059501647949219
GATv2,179,37,0.1,random,18,0.019919395446777344
GATv2,179,37,0.1,random,19,0.014937818050384521
GATv2,179,37,0.2,gnnexplainer,-1,0.05171212553977966
GATv2,179,37,0.2,random,0,0.038657426834106445
GATv2,179,37,0.2,random,1,0.025005102157592773
GATv2,179,37,0.2,random,2,0.03314781188964844
GATv2,179,37,0.2,random,3,0.03511321544647217
GATv2,179,37,0.2,random,4,0.02514272928237915
GATv2,179,37,0.2,random,5,0.012766063213348389
GATv2,179,37,0.2,random,6,0.0387042760848999
GATv2,179,37,0.2,random,7,0.017452120780944824
GATv2,179,37,0.2,random,8,0.044556498527526855
GATv2,179,37,0.2,random,9,0.017409801483154297
GATv2,179,37,0.2,random,10,0.028472602367401123
GATv2,179,37,0.2,random,11,0.013630509376525879
GATv2,179,37,0.2,random,12,0.029589951038360596
GATv2,179,37,0.2,random,13,0.02336585521697998
GATv2,179,37,0.2,random,14,0.036096811294555664
GATv2,179,37,0.2,random,15,0.01981830596923828
GATv2,179,37,0.2,random,16,0.045127928256988525
GATv2,179,37,0.2,random,17,0.023207783699035645
GATv2,179,37,0.2,random,18,0.030801057815551758
GATv2,179,37,0.2,random,19,0.030901610851287842
GATv2,22,11,0.05,gnnexplainer,-1,2.175569534301758e-06
GATv2,22,11,0.05,random,0,0.006641507148742676
GATv2,22,11,0.05,random,1,-0.0003591775894165039
GATv2,22,11,0.05,random,2,-0.005074858665466309
GATv2,22,11,0.05,random,3,0.003626614809036255
GATv2,22,11,0.05,random,4,0.0017801523208618164
GATv2,22,11,0.05,random,5,-0.0011983215808868408
GATv2,22,11,0.05,random,6,-0.0038061439990997314
GATv2,22,11,0.05,random,7,0.0026439130306243896
GATv2,22,11,0.05,random,8,0.00021126866340637207
GATv2,22,11,0.05,random,9,0.00032392144203186035
GATv2,22,11,0.05,random,10,0.00019097328186035156
GATv2,22,11,0.05,random,11,-0.0013266801834106445
GATv2,22,11,0.05,random,12,0.0037131011486053467
GATv2,22,11,0.05,random,13,0.00393986701965332
GATv2,22,11,0.05,random,14,0.001830965280532837
GATv2,22,11,0.05,random,15,0.0016210377216339111
GATv2,22,11,0.05,random,16,0.0026158392429351807
GATv2,22,11,0.05,random,17,-0.013114243745803833
GATv2,22,11,0.05,random,18,0.0038172900676727295
GATv2,22,11,0.05,random,19,0.0005789101123809814
GATv2,22,11,0.1,gnnexplainer,-1,-0.008368343114852905
GATv2,22,11,0.1,random,0,0.00523492693901062
GATv2,22,11,0.1,random,1,-0.01924070715904236
GATv2,22,11,0.1,random,2,0.007220625877380371
GATv2,22,11,0.1,random,3,0.005044102668762207
GATv2,22,11,0.1,random,4,0.016530781984329224
GATv2,22,11,0.1,random,5,-0.0074720680713653564
GATv2,22,11,0.1,random,6,0.006578922271728516
GATv2,22,11,0.1,random,7,0.0049697160720825195
GATv2,22,11,0.1,random,8,0.008000463247299194
GATv2,22,11,0.1,random,9,0.0003624260425567627
GATv2,22,11,0.1,random,10,-0.0025522708892822266
GATv2,22,11,0.1,random,11,0.008246660232543945
GATv2,22,11,0.1,random,12,0.005048424005508423
GATv2,22,11,0.1,random,13,-0.021573513746261597
GATv2,22,11,0.1,random,14,0.014835864305496216
GATv2,22,11,0.1,random,15,0.013540834188461304
GATv2,22,11,0.1,random,16,0.0007009804248809814
GATv2,22,11,0.1,random,17,0.0025664567947387695
GATv2,22,11,0.1,random,18,0.004831224679946899
GATv2,22,11,0.1,random,19,-0.002726525068283081
GATv2,22,11,0.2,gnnexplainer,-1,-0.0016005337238311768
GATv2,22,11,0.2,random,0,0.018108397722244263
GATv2,22,11,0.2,random,1,0.010384351015090942
GATv2,22,11,0.2,random,2,0.015069007873535156
GATv2,22,11,0.2,random,3,-0.008766204118728638
GATv2,22,11,0.2,random,4,-0.0018768608570098877
GATv2,22,11,0.2,random,5,0.02105984091758728
GATv2,22,11,0.2,random,6,0.013792276382446289
GATv2,22,11,0.2,random,7,0.01056709885597229
GATv2,22,11,0.2,random,8,-0.0026898086071014404
GATv2,22,11,0.2,random,9,0.005484670400619507
GATv2,22,11,0.2,random,10,0.00011777877807617188
GATv2,22,11,0.2,random,11,-0.02917495369911194
GATv2,22,11,0.2,random,12,0.011339068412780762
GATv2,22,11,0.2,random,13,0.007424443960189819
GATv2,22,11,0.2,random,14,-0.017616868019104004
GATv2,22,11,0.2,random,15,0.009715527296066284
GATv2,22,11,0.2,random,16,-0.018349677324295044
GATv2,22,11,0.2,random,17,0.01428934931755066
GATv2,22,11,0.2,random,18,-0.017044097185134888
GATv2,22,11,0.2,random,19,0.008870214223861694
GATv2,22,23,0.05,gnnexplainer,-1,-0.016236692667007446
GATv2,22,23,0.05,random,0,-3.3020973205566406e-05
GATv2,22,23,0.05,random,1,0.001051783561706543
GATv2,22,23,0.05,random,2,0.009315043687820435
GATv2,22,23,0.05,random,3,-0.002745598554611206
GATv2,22,23,0.05,random,4,-0.0060652196407318115
GATv2,22,23,0.05,random,5,0.004049748182296753
GATv2,22,23,0.05,random,6,0.005293816328048706
GATv2,22,23,0.05,random,7,-9.676814079284668e-05
GATv2,22,23,0.05,random,8,-0.001969844102859497
GATv2,22,23,0.05,random,9,0.0004901587963104248
GATv2,22,23,0.05,random,10,0.0061855316162109375
GATv2,22,23,0.05,random,11,0.006561964750289917
GATv2,22,23,0.05,random,12,0.00266420841217041
GATv2,22,23,0.05,random,13,-0.02292194962501526
GATv2,22,23,0.05,random,14,0.001471489667892456
GATv2,22,23,0.05,random,15,0.0010962486267089844
GATv2,22,23,0.05,random,16,0.001158684492111206
GATv2,22,23,0.05,random,17,0.00365293025970459
GATv2,22,23,0.05,random,18,-0.00012302398681640625
GATv2,22,23,0.05,random,19,0.003838449716567993
GATv2,22,23,0.1,gnnexplainer,-1,-0.015397191047668457
GATv2,22,23,0.1,random,0,0.006079047918319702
GATv2,22,23,0.1,random,1,0.005440831184387207
GATv2,22,23,0.1,random,2,0.003462761640548706
GATv2,22,23,0.1,random,3,0.005010873079299927
GATv2,22,23,0.1,random,4,-0.0020499229431152344
GATv2,22,23,0.1,random,5,-0.0007347762584686279
GATv2,22,23,0.1,random,6,0.0008407831192016602
GATv2,22,23,0.1,random,7,0.009197622537612915
GATv2,22,23,0.1,random,8,-0.010593205690383911
GATv2,22,23,0.1,random,9,-0.010990947484970093
GATv2,22,23,0.1,random,10,-0.013857334852218628
GATv2,22,23,0.1,random,11,0.000272899866104126
GATv2,22,23,0.1,random,12,-0.0037339627742767334
GATv2,22,23,0.1,random,13,0.006345033645629883
GATv2,22,23,0.1,random,14,0.00590670108795166
GATv2,22,23,0.1,random,15,0.00609898567199707
GATv2,22,23,0.1,random,16,-0.020572632551193237
GATv2,22,23,0.1,random,17,-0.005992203950881958
GATv2,22,23,0.1,random,18,0.001188129186630249
GATv2,22,23,0.1,random,19,0.0018752813339233398
GATv2,22,23,0.2,gnnexplainer,-1,-0.01067855954170227
GATv2,22,23,0.2,random,0,0.00789758563041687
GATv2,22,23,0.2,random,1,0.017292946577072144
GATv2,22,23,0.2,random,2,0.014125019311904907
GATv2,22,23,0.2,random,3,-0.019628554582595825
GATv2,22,23,0.2,random,4,-0.019191741943359375
GATv2,22,23,0.2,random,5,-0.018746525049209595
GATv2,22,23,0.2,random,6,-0.005052924156188965
GATv2,22,23,0.2,random,7,0.003548175096511841
GATv2,22,23,0.2,random,8,0.0098952054977417
GATv2,22,23,0.2,random,9,0.013199806213378906
GATv2,22,23,0.2,random,10,0.0032056570053100586
GATv2,22,23,0.2,random,11,-0.009339481592178345
GATv2,22,23,0.2,random,12,-0.003118276596069336
GATv2,22,23,0.2,random,13,0.00969696044921875
GATv2,22,23,0.2,random,14,0.007634401321411133
GATv2,22,23,0.2,random,15,0.003428250551223755
GATv2,22,23,0.2,random,16,0.011016517877578735
GATv2,22,23,0.2,random,17,0.0023060739040374756
GATv2,22,23,0.2,random,18,0.008888930082321167
GATv2,22,23,0.2,random,19,0.012315183877944946
GATv2,22,37,0.05,gnnexplainer,-1,0.008014112710952759
GATv2,22,37,0.05,random,0,-0.0003587007522583008
GATv2,22,37,0.05,random,1,-0.009452223777770996
GATv2,22,37,0.05,random,2,-0.0031491518020629883
GATv2,22,37,0.05,random,3,0.002771228551864624
GATv2,22,37,0.05,random,4,-0.015443950891494751
GATv2,22,37,0.05,random,5,0.006757020950317383
GATv2,22,37,0.05,random,6,-0.020982056856155396
GATv2,22,37,0.05,random,7,0.00043845176696777344
GATv2,22,37,0.05,random,8,0.003988474607467651
GATv2,22,37,0.05,random,9,0.004167765378952026
GATv2,22,37,0.05,random,10,-0.0010454356670379639
GATv2,22,37,0.05,random,11,-0.003624051809310913
GATv2,22,37,0.05,random,12,0.002155989408493042
GATv2,22,37,0.05,random,13,0.00640559196472168
GATv2,22,37,0.05,random,14,0.0018484890460968018
GATv2,22,37,0.05,random,15,0.0024487674236297607
GATv2,22,37,0.05,random,16,0.00803995132446289
GATv2,22,37,0.05,random,17,0.0019563138484954834
GATv2,22,37,0.05,random,18,-0.00031888484954833984
GATv2,22,37,0.05,random,19,-0.0018097162246704102
GATv2,22,37,0.1,gnnexplainer,-1,-0.013992220163345337
GATv2,22,37,0.1,random,0,0.0015704929828643799
GATv2,22,37,0.1,random,1,-0.002491980791091919
GATv2,22,37,0.1,random,2,0.020120978355407715
GATv2,22,37,0.1,random,3,-0.002844005823135376
GATv2,22,37,0.1,random,4,0.005833357572555542
GATv2,22,37,0.1,random,5,-0.0015052556991577148
GATv2,22,37,0.1,random,6,-0.003969401121139526
GATv2,22,37,0.1,random,7,-0.0009744167327880859
GATv2,22,37,0.1,random,8,0.00609782338142395
GATv2,22,37,0.1,random,9,0.010714620351791382
GATv2,22,37,0.1,random,10,0.004396229982376099
GATv2,22,37,0.1,random,11,0.00026658177375793457
GATv2,22,37,0.1,random,12,0.006802767515182495
GATv2,22,37,0.1,random,13,0.010588377714157104
GATv2,22,37,0.1,random,14,-0.015521258115768433
GATv2,22,37,0.1,random,15,0.006690889596939087
GATv2,22,37,0.1,random,16,-0.012666374444961548
GATv2,22,37,0.1,random,17,0.001921623945236206
GATv2,22,37,0.1,random,18,-0.0028427839279174805
GATv2,22,37,0.1,random,19,0.004497170448303223
GATv2,22,37,0.2,gnnexplainer,-1,-0.008186131715774536
GATv2,22,37,0.2,random,0,-0.0006797611713409424
GATv2,22,37,0.2,random,1,-0.026052027940750122
GATv2,22,37,0.2,random,2,0.022905975580215454
GATv2,22,37,0.2,random,3,0.004448443651199341
GATv2,22,37,0.2,random,4,0.0034167468547821045
GATv2,22,37,0.2,random,5,0.004482895135879517
GATv2,22,37,0.2,random,6,0.019973039627075195
GATv2,22,37,0.2,random,7,-0.0031010210514068604
GATv2,22,37,0.2,random,8,0.010002583265304565
GATv2,22,37,0.2,random,9,-0.008634775876998901
GATv2,22,37,0.2,random,10,-1.952052116394043e-05
GATv2,22,37,0.2,random,11,0.0006552934646606445
GATv2,22,37,0.2,random,12,-0.007858514785766602
GATv2,22,37,0.2,random,13,0.019598573446273804
GATv2,22,37,0.2,random,14,-0.022127628326416016
GATv2,22,37,0.2,random,15,0.001357048749923706
GATv2,22,37,0.2,random,16,0.014819353818893433
GATv2,22,37,0.2,random,17,0.0012292563915252686
GATv2,22,37,0.2,random,18,-0.007596760988235474
GATv2,22,37,0.2,random,19,0.00023806095123291016
GATv2,33,11,0.05,gnnexplainer,-1,0.002106904983520508
GATv2,33,11,0.05,random,0,-0.004683494567871094
GATv2,33,11,0.05,random,1,0.003536224365234375
GATv2,33,11,0.05,random,2,0.003947436809539795
GATv2,33,11,0.05,random,3,-0.00042313337326049805
GATv2,33,11,0.05,random,4,-0.0008604228496551514
GATv2,33,11,0.05,random,5,0.013309121131896973
GATv2,33,11,0.05,random,6,0.009135961532592773
GATv2,33,11,0.05,random,7,-0.00012406706809997559
GATv2,33,11,0.05,random,8,-0.0011839568614959717
GATv2,33,11,0.05,random,9,0.0023255348205566406
GATv2,33,11,0.05,random,10,-0.00027057528495788574
GATv2,33,11,0.05,random,11,0.0027626752853393555
GATv2,33,11,0.05,random,12,0.002458631992340088
GATv2,33,11,0.05,random,13,0.0014635324478149414
GATv2,33,11,0.05,random,14,-0.0022965073585510254
GATv2,33,11,0.05,random,15,0.0047418177127838135
GATv2,33,11,0.05,random,16,0.002979755401611328
GATv2,33,11,0.05,random,17,0.006862521171569824
GATv2,33,11,0.05,random,18,0.007277995347976685
GATv2,33,11,0.05,random,19,0.0045278072357177734
GATv2,33,11,0.1,gnnexplainer,-1,0.007898002862930298
GATv2,33,11,0.1,random,0,0.006747543811798096
GATv2,33,11,0.1,random,1,0.004230797290802002
GATv2,33,11,0.1,random,2,0.002445131540298462
GATv2,33,11,0.1,random,3,0.014140665531158447
GATv2,33,11,0.1,random,4,0.006036579608917236
GATv2,33,11,0.1,random,5,0.0046731531620025635
GATv2,33,11,0.1,random,6,0.005152463912963867
GATv2,33,11,0.1,random,7,0.0041738152503967285
GATv2,33,11,0.1,random,8,0.012532472610473633
GATv2,33,11,0.1,random,9,-0.0014066100120544434
GATv2,33,11,0.1,random,10,0.013379126787185669
GATv2,33,11,0.1,random,11,0.006975650787353516
GATv2,33,11,0.1,random,12,0.0025637149810791016
GATv2,33,11,0.1,random,13,-0.006668657064437866
GATv2,33,11,0.1,random,14,-3.88026237487793e-05
GATv2,33,11,0.1,random,15,0.005721151828765869
GATv2,33,11,0.1,random,16,0.007055759429931641
GATv2,33,11,0.1,random,17,0.013180136680603027
GATv2,33,11,0.1,random,18,0.006839066743850708
GATv2,33,11,0.1,random,19,0.011245280504226685
GATv2,33,11,0.2,gnnexplainer,-1,0.01409044861793518
GATv2,33,11,0.2,random,0,0.01548340916633606
GATv2,33,11,0.2,random,1,0.011333465576171875
GATv2,33,11,0.2,random,2,0.015196442604064941
GATv2,33,11,0.2,random,3,0.012070298194885254
GATv2,33,11,0.2,random,4,-0.010414838790893555
GATv2,33,11,0.2,random,5,0.003934383392333984
GATv2,33,11,0.2,random,6,0.005605041980743408
GATv2,33,11,0.2,random,7,0.004867851734161377
GATv2,33,11,0.2,random,8,0.00846630334854126
GATv2,33,11,0.2,random,9,0.012774467468261719
GATv2,33,11,0.2,random,10,0.010677605867385864
GATv2,33,11,0.2,random,11,0.003842294216156006
GATv2,33,11,0.2,random,12,0.009217053651809692
GATv2,33,11,0.2,random,13,0.01356130838394165
GATv2,33,11,0.2,random,14,-0.0028662383556365967
GATv2,33,11,0.2,random,15,0.005605846643447876
GATv2,33,11,0.2,random,16,0.01158955693244934
GATv2,33,11,0.2,random,17,0.001742541790008545
GATv2,33,11,0.2,random,18,0.011235594749450684
GATv2,33,11,0.2,random,19,0.008833080530166626
GATv2,33,23,0.05,gnnexplainer,-1,0.0037604570388793945
GATv2,33,23,0.05,random,0,0.0018941164016723633
GATv2,33,23,0.05,random,1,-0.00412827730178833
GATv2,33,23,0.05,random,2,-0.0040194690227508545
GATv2,33,23,0.05,random,3,-0.0005109012126922607
GATv2,33,23,0.05,random,4,0.0008990764617919922
GATv2,33,23,0.05,random,5,0.0064567625522613525
GATv2,33,23,0.05,random,6,0.0011027157306671143
GATv2,33,23,0.05,random,7,0.0024171173572540283
GATv2,33,23,0.05,random,8,0.0004183351993560791
GATv2,33,23,0.05,random,9,0.001809239387512207
GATv2,33,23,0.05,random,10,0.004920840263366699
GATv2,33,23,0.05,random,11,0.00010651350021362305
GATv2,33,23,0.05,random,12,-0.004101216793060303
GATv2,33,23,0.05,random,13,0.007557094097137451
GATv2,33,23,0.05,random,14,0.0033855438232421875
GATv2,33,23,0.05,random,15,0.005599528551101685
GATv2,33,23,0.05,random,16,0.0006457865238189697
GATv2,33,23,0.05,random,17,0.001080930233001709
GATv2,33,23,0.05,random,18,-0.0014274120330810547
GATv2,33,23,0.05,random,19,0.0012344717979431152
GATv2,33,23,0.1,gnnexplainer,-1,0.00393223762512207
GATv2,33,23,0.1,random,0,-0.001228928565979004
GATv2,33,23,0.1,random,1,0.003092646598815918
GATv2,33,23,0.1,random,2,0.0023993253707885742
GATv2,33,23,0.1,random,3,-0.005812168121337891
GATv2,33,23,0.1,random,4,0.0024924874305725098
GATv2,33,23,0.1,random,5,-0.0014851093292236328
GATv2,33,23,0.1,random,6,0.008130699396133423
GATv2,33,23,0.1,random,7,0.0005787909030914307
GATv2,33,23,0.1,random,8,0.010926306247711182
GATv2,33,23,0.1,random,9,0.012911677360534668
GATv2,33,23,0.1,random,10,0.002499103546142578
GATv2,33,23,0.1,random,11,0.004718303680419922
GATv2,33,23,0.1,random,12,0.0036808252334594727
GATv2,33,23,0.1,random,13,-0.0018311142921447754
GATv2,33,23,0.1,random,14,0.009485304355621338
GATv2,33,23,0.1,random,15,0.007685065269470215
GATv2,33,23,0.1,random,16,0.004691511392593384
GATv2,33,23,0.1,random,17,0.006928473711013794
GATv2,33,23,0.1,random,18,0.006598234176635742
GATv2,33,23,0.1,random,19,0.008873850107192993
GATv2,33,23,0.2,gnnexplainer,-1,0.007932603359222412
GATv2,33,23,0.2,random,0,0.006940275430679321
GATv2,33,23,0.2,random,1,0.005587279796600342
GATv2,33,23,0.2,random,2,0.013229608535766602
GATv2,33,23,0.2,random,3,0.017949014902114868
GATv2,33,23,0.2,random,4,-0.002497762441635132
GATv2,33,23,0.2,random,5,0.010459601879119873
GATv2,33,23,0.2,random,6,0.005835771560668945
GATv2,33,23,0.2,random,7,-0.0003554224967956543
GATv2,33,23,0.2,random,8,0.0032786130905151367
GATv2,33,23,0.2,random,9,0.00722503662109375
GATv2,33,23,0.2,random,10,0.018595337867736816
GATv2,33,23,0.2,random,11,0.009565263986587524
GATv2,33,23,0.2,random,12,0.003626525402069092
GATv2,33,23,0.2,random,13,0.009982109069824219
GATv2,33,23,0.2,random,14,0.014362961053848267
GATv2,33,23,0.2,random,15,0.007868468761444092
GATv2,33,23,0.2,random,16,0.009206533432006836
GATv2,33,23,0.2,random,17,0.013079464435577393
GATv2,33,23,0.2,random,18,0.006623744964599609
GATv2,33,23,0.2,random,19,0.004430204629898071
GATv2,33,37,0.05,gnnexplainer,-1,0.0104769766330719
GATv2,33,37,0.05,random,0,0.0026326775550842285
GATv2,33,37,0.05,random,1,0.0027322769165039062
GATv2,33,37,0.05,random,2,-0.0026772022247314453
GATv2,33,37,0.05,random,3,0.00627484917640686
GATv2,33,37,0.05,random,4,-0.0016213059425354004
GATv2,33,37,0.05,random,5,-0.002362579107284546
GATv2,33,37,0.05,random,6,-0.0015497207641601562
GATv2,33,37,0.05,random,7,0.005328834056854248
GATv2,33,37,0.05,random,8,-0.004574894905090332
GATv2,33,37,0.05,random,9,6.273388862609863e-05
GATv2,33,37,0.05,random,10,0.004483610391616821
GATv2,33,37,0.05,random,11,0.0035761892795562744
GATv2,33,37,0.05,random,12,0.004217863082885742
GATv2,33,37,0.05,random,13,0.0038657188415527344
GATv2,33,37,0.05,random,14,0.0007731318473815918
GATv2,33,37,0.05,random,15,0.006749063730239868
GATv2,33,37,0.05,random,16,0.005857288837432861
GATv2,33,37,0.05,random,17,-0.0011593103408813477
GATv2,33,37,0.05,random,18,0.006164133548736572
GATv2,33,37,0.05,random,19,0.0022895336151123047
GATv2,33,37,0.1,gnnexplainer,-1,0.012237966060638428
GATv2,33,37,0.1,random,0,0.012519776821136475
GATv2,33,37,0.1,random,1,0.005116850137710571
GATv2,33,37,0.1,random,2,0.005204260349273682
GATv2,33,37,0.1,random,3,-0.005840867757797241
GATv2,33,37,0.1,random,4,0.008591771125793457
GATv2,33,37,0.1,random,5,-7.840991020202637e-05
GATv2,33,37,0.1,random,6,0.00583842396736145
GATv2,33,37,0.1,random,7,0.0004686713218688965
GATv2,33,37,0.1,random,8,0.0057106614112854
GATv2,33,37,0.1,random,9,0.0067411065101623535
GATv2,33,37,0.1,random,10,0.005644351243972778
GATv2,33,37,0.1,random,11,0.008310019969940186
GATv2,33,37,0.1,random,12,0.009646892547607422
GATv2,33,37,0.1,random,13,0.0021244287490844727
GATv2,33,37,0.1,random,14,-0.0052127838134765625
GATv2,33,37,0.1,random,15,-0.0008293092250823975
GATv2,33,37,0.1,random,16,-0.0022669732570648193
GATv2,33,37,0.1,random,17,0.0013164281845092773
GATv2,33,37,0.1,random,18,-0.0002397000789642334
GATv2,33,37,0.1,random,19,0.002763092517852783
GATv2,33,37,0.2,gnnexplainer,-1,0.0012681782245635986
GATv2,33,37,0.2,random,0,0.0009986460208892822
GATv2,33,37,0.2,random,1,0.00390857458114624
GATv2,33,37,0.2,random,2,-0.002400010824203491
GATv2,33,37,0.2,random,3,0.0017718672752380371
GATv2,33,37,0.2,random,4,0.015462338924407959
GATv2,33,37,0.2,random,5,0.007520824670791626
GATv2,33,37,0.2,random,6,0.002991318702697754
GATv2,33,37,0.2,random,7,0.012893140316009521
GATv2,33,37,0.2,random,8,0.01002231240272522
GATv2,33,37,0.2,random,9,0.014268159866333008
GATv2,33,37,0.2,random,10,0.00876849889755249
GATv2,33,37,0.2,random,11,0.008689939975738525
GATv2,33,37,0.2,random,12,-0.00516018271446228
GATv2,33,37,0.2,random,13,-0.005528569221496582
GATv2,33,37,0.2,random,14,0.009626686573028564
GATv2,33,37,0.2,random,15,0.0070694684982299805
GATv2,33,37,0.2,random,16,-0.005482017993927002
GATv2,33,37,0.2,random,17,0.002535402774810791
GATv2,33,37,0.2,random,18,0.015929043292999268
GATv2,33,37,0.2,random,19,0.012565165758132935
GATv2,54,11,0.05,gnnexplainer,-1,-0.00013697147369384766
GATv2,54,11,0.05,random,0,0.010505080223083496
GATv2,54,11,0.05,random,1,-3.7729740142822266e-05
GATv2,54,11,0.05,random,2,0.01434636116027832
GATv2,54,11,0.05,random,3,0.001811385154724121
GATv2,54,11,0.05,random,4,-0.0038929283618927
GATv2,54,11,0.05,random,5,0.002142012119293213
GATv2,54,11,0.05,random,6,0.0071357786655426025
GATv2,54,11,0.05,random,7,0.0073735713958740234
GATv2,54,11,0.05,random,8,0.002191901206970215
GATv2,54,11,0.05,random,9,0.006393849849700928
GATv2,54,11,0.05,random,10,-0.001620948314666748
GATv2,54,11,0.05,random,11,0.0018380582332611084
GATv2,54,11,0.05,random,12,0.012726396322250366
GATv2,54,11,0.05,random,13,0.011764705181121826
GATv2,54,11,0.05,random,14,0.006143063306808472
GATv2,54,11,0.05,random,15,0.006353586912155151
GATv2,54,11,0.05,random,16,0.0046579837799072266
GATv2,54,11,0.05,random,17,0.006521016359329224
GATv2,54,11,0.05,random,18,0.00459599494934082
GATv2,54,11,0.05,random,19,0.0017578303813934326
GATv2,54,11,0.1,gnnexplainer,-1,0.0003332793712615967
GATv2,54,11,0.1,random,0,0.003970801830291748
GATv2,54,11,0.1,random,1,0.014281511306762695
GATv2,54,11,0.1,random,2,0.012719213962554932
GATv2,54,11,0.1,random,3,-0.0027551651000976562
GATv2,54,11,0.1,random,4,0.00230252742767334
GATv2,54,11,0.1,random,5,0.003778785467147827
GATv2,54,11,0.1,random,6,0.019447386264801025
GATv2,54,11,0.1,random,7,-0.0030334293842315674
GATv2,54,11,0.1,random,8,0.0024976134300231934
GATv2,54,11,0.1,random,9,0.011736571788787842
GATv2,54,11,0.1,random,10,0.006207406520843506
GATv2,54,11,0.1,random,11,0.015432298183441162
GATv2,54,11,0.1,random,12,0.009553790092468262
GATv2,54,11,0.1,random,13,0.009739875793457031
GATv2,54,11,0.1,random,14,0.005982756614685059
GATv2,54,11,0.1,random,15,-0.0017469525337219238
GATv2,54,11,0.1,random,16,0.009448617696762085
GATv2,54,11,0.1,random,17,0.006306111812591553
GATv2,54,11,0.1,random,18,0.0135880708694458
GATv2,54,11,0.1,random,19,0.0033399760723114014
GATv2,54,11,0.2,gnnexplainer,-1,0.01896488666534424
GATv2,54,11,0.2,random,0,0.011999577283859253
GATv2,54,11,0.2,random,1,0.0010079741477966309
GATv2,54,11,0.2,random,2,0.008530974388122559
GATv2,54,11,0.2,random,3,0.006246328353881836
GATv2,54,11,0.2,random,4,0.011603593826293945
GATv2,54,11,0.2,random,5,0.012021273374557495
GATv2,54,11,0.2,random,6,0.010561347007751465
GATv2,54,11,0.2,random,7,0.02680063247680664
GATv2,54,11,0.2,random,8,0.01683923602104187
GATv2,54,11,0.2,random,9,0.013788163661956787
GATv2,54,11,0.2,random,10,0.006108403205871582
GATv2,54,11,0.2,random,11,0.005612432956695557
GATv2,54,11,0.2,random,12,0.026640594005584717
GATv2,54,11,0.2,random,13,0.00015363097190856934
GATv2,54,11,0.2,random,14,-0.0076637864112854
GATv2,54,11,0.2,random,15,0.009412020444869995
GATv2,54,11,0.2,random,16,0.01008179783821106
GATv2,54,11,0.2,random,17,0.016376972198486328
GATv2,54,11,0.2,random,18,0.015785932540893555
GATv2,54,11,0.2,random,19,0.006947875022888184
GATv2,54,23,0.05,gnnexplainer,-1,0.0007932782173156738
GATv2,54,23,0.05,random,0,0.0036615729331970215
GATv2,54,23,0.05,random,1,0.005641520023345947
GATv2,54,23,0.05,random,2,0.002630293369293213
GATv2,54,23,0.05,random,3,-0.0007676482200622559
GATv2,54,23,0.05,random,4,0.004460811614990234
GATv2,54,23,0.05,random,5,0.002858877182006836
GATv2,54,23,0.05,random,6,0.004151821136474609
GATv2,54,23,0.05,random,7,-0.001550823450088501
GATv2,54,23,0.05,random,8,0.008998334407806396
GATv2,54,23,0.05,random,9,0.006595641374588013
GATv2,54,23,0.05,random,10,0.005500733852386475
GATv2,54,23,0.05,random,11,0.0033573508262634277
GATv2,54,23,0.05,random,12,0.004630982875823975
GATv2,54,23,0.05,random,13,0.004924505949020386
GATv2,54,23,0.05,random,14,0.006982982158660889
GATv2,54,23,0.05,random,15,0.0056111812591552734
GATv2,54,23,0.05,random,16,0.005213707685470581
GATv2,54,23,0.05,random,17,0.009339570999145508
GATv2,54,23,0.05,random,18,0.0013602077960968018
GATv2,54,23,0.05,random,19,0.004516810178756714
GATv2,54,23,0.1,gnnexplainer,-1,0.005581110715866089
GATv2,54,23,0.1,random,0,0.002997368574142456
GATv2,54,23,0.1,random,1,0.012305617332458496
GATv2,54,23,0.1,random,2,0.0009115636348724365
GATv2,54,23,0.1,random,3,0.011248648166656494
GATv2,54,23,0.1,random,4,0.015336602926254272
GATv2,54,23,0.1,random,5,0.007926404476165771
GATv2,54,23,0.1,random,6,0.002920866012573242
GATv2,54,23,0.1,random,7,-0.011410713195800781
GATv2,54,23,0.1,random,8,-0.00032004714012145996
GATv2,54,23,0.1,random,9,0.009024739265441895
GATv2,54,23,0.1,random,10,0.008694857358932495
GATv2,54,23,0.1,random,11,0.005749821662902832
GATv2,54,23,0.1,random,12,0.0038264989852905273
GATv2,54,23,0.1,random,13,0.011682689189910889
GATv2,54,23,0.1,random,14,0.004056602716445923
GATv2,54,23,0.1,random,15,0.00859639048576355
GATv2,54,23,0.1,random,16,0.0035507380962371826
GATv2,54,23,0.1,random,17,0.005908846855163574
GATv2,54,23,0.1,random,18,-0.00513884425163269
GATv2,54,23,0.1,random,19,-0.0012621283531188965
GATv2,54,23,0.2,gnnexplainer,-1,0.0068419575691223145
GATv2,54,23,0.2,random,0,0.007012456655502319
GATv2,54,23,0.2,random,1,0.019780009984970093
GATv2,54,23,0.2,random,2,0.023325175046920776
GATv2,54,23,0.2,random,3,-0.008823662996292114
GATv2,54,23,0.2,random,4,0.01811346411705017
GATv2,54,23,0.2,random,5,0.017493218183517456
GATv2,54,23,0.2,random,6,-0.0026358962059020996
GATv2,54,23,0.2,random,7,-0.0007150769233703613
GATv2,54,23,0.2,random,8,0.0011346638202667236
GATv2,54,23,0.2,random,9,0.0073084235191345215
GATv2,54,23,0.2,random,10,0.0008741617202758789
GATv2,54,23,0.2,random,11,0.015148699283599854
GATv2,54,23,0.2,random,12,0.003166675567626953
GATv2,54,23,0.2,random,13,0.012905240058898926
GATv2,54,23,0.2,random,14,0.01664060354232788
GATv2,54,23,0.2,random,15,-0.001495361328125
GATv2,54,23,0.2,random,16,-0.000529170036315918
GATv2,54,23,0.2,random,17,-0.0021665096282958984
GATv2,54,23,0.2,random,18,0.0222054123878479
GATv2,54,23,0.2,random,19,0.008664906024932861
GATv2,54,37,0.05,gnnexplainer,-1,0.011065423488616943
GATv2,54,37,0.05,random,0,0.008042335510253906
GATv2,54,37,0.05,random,1,0.007582664489746094
GATv2,54,37,0.05,random,2,0.012627452611923218
GATv2,54,37,0.05,random,3,0.0015270113945007324
GATv2,54,37,0.05,random,4,0.007034242153167725
GATv2,54,37,0.05,random,5,0.006263434886932373
GATv2,54,37,0.05,random,6,0.003688126802444458
GATv2,54,37,0.05,random,7,-3.814697265625e-06
GATv2,54,37,0.05,random,8,0.0049616992473602295
GATv2,54,37,0.05,random,9,-0.0016710758209228516
GATv2,54,37,0.05,random,10,0.0056078433990478516
GATv2,54,37,0.05,random,11,0.005411416292190552
GATv2,54,37,0.05,random,12,0.0057693421840667725
GATv2,54,37,0.05,random,13,0.010812222957611084
GATv2,54,37,0.05,random,14,-0.0009910166263580322
GATv2,54,37,0.05,random,15,0.005633354187011719
GATv2,54,37,0.05,random,16,0.015045017004013062
GATv2,54,37,0.05,random,17,0.00015282630920410156
GATv2,54,37,0.05,random,18,0.0018076002597808838
GATv2,54,37,0.05,random,19,0.0026844143867492676
GATv2,54,37,0.1,gnnexplainer,-1,0.014143198728561401
GATv2,54,37,0.1,random,0,0.0045316219329833984
GATv2,54,37,0.1,random,1,-0.009385019540786743
GATv2,54,37,0.1,random,2,-0.001193404197692871
GATv2,54,37,0.1,random,3,0.01006537675857544
GATv2,54,37,0.1,random,4,0.004959076642990112
GATv2,54,37,0.1,random,5,0.0012595057487487793
GATv2,54,37,0.1,random,6,0.013923287391662598
GATv2,54,37,0.1,random,7,-0.0018038749694824219
GATv2,54,37,0.1,random,8,0.0073812901973724365
GATv2,54,37,0.1,random,9,0.014898240566253662
GATv2,54,37,0.1,random,10,0.007974207401275635
GATv2,54,37,0.1,random,11,0.009341329336166382
GATv2,54,37,0.1,random,12,0.020697295665740967
GATv2,54,37,0.1,random,13,0.012983500957489014
GATv2,54,37,0.1,random,14,0.019891023635864258
GATv2,54,37,0.1,random,15,2.2232532501220703e-05
GATv2,54,37,0.1,random,16,0.005241125822067261
GATv2,54,37,0.1,random,17,0.0030025839805603027
GATv2,54,37,0.1,random,18,0.009908497333526611
GATv2,54,37,0.1,random,19,-0.001964002847671509
GATv2,54,37,0.2,gnnexplainer,-1,0.023754477500915527
GATv2,54,37,0.2,random,0,0.021923422813415527
GATv2,54,37,0.2,random,1,0.016534149646759033
GATv2,54,37,0.2,random,2,0.01038283109664917
GATv2,54,37,0.2,random,3,0.0003872513771057129
GATv2,54,37,0.2,random,4,0.009655922651290894
GATv2,54,37,0.2,random,5,0.014554262161254883
GATv2,54,37,0.2,random,6,0.00014862418174743652
GATv2,54,37,0.2,random,7,0.02016565203666687
GATv2,54,37,0.2,random,8,0.01549181342124939
GATv2,54,37,0.2,random,9,0.008508652448654175
GATv2,54,37,0.2,random,10,0.01437288522720337
GATv2,54,37,0.2,random,11,0.0085277259349823
GATv2,54,37,0.2,random,12,0.007967948913574219
GATv2,54,37,0.2,random,13,0.012192845344543457
GATv2,54,37,0.2,random,14,0.011080801486968994
GATv2,54,37,0.2,random,15,0.011952042579650879
GATv2,54,37,0.2,random,16,0.009438127279281616
GATv2,54,37,0.2,random,17,0.006466090679168701
GATv2,54,37,0.2,random,18,0.01398739218711853
GATv2,54,37,0.2,random,19,0.028978079557418823
GATv2,56,11,0.05,gnnexplainer,-1,0.007014915347099304
GATv2,56,11,0.05,random,0,0.007908031344413757
GATv2,56,11,0.05,random,1,0.00496906042098999
GATv2,56,11,0.05,random,2,0.010110229253768921
GATv2,56,11,0.05,random,3,0.00691792368888855
GATv2,56,11,0.05,random,4,0.008202239871025085
GATv2,56,11,0.05,random,5,0.004537031054496765
GATv2,56,11,0.05,random,6,0.006087586283683777
GATv2,56,11,0.05,random,7,0.007320046424865723
GATv2,56,11,0.05,random,8,0.004646822810173035
GATv2,56,11,0.05,random,9,0.007252633571624756
GATv2,56,11,0.05,random,10,0.007714271545410156
GATv2,56,11,0.05,random,11,0.007586240768432617
GATv2,56,11,0.05,random,12,0.008932560682296753
GATv2,56,11,0.05,random,13,0.0071960389614105225
GATv2,56,11,0.05,random,14,0.008112609386444092
GATv2,56,11,0.05,random,15,0.0076446980237960815
GATv2,56,11,0.05,random,16,0.005536526441574097
GATv2,56,11,0.05,random,17,0.006832584738731384
GATv2,56,11,0.05,random,18,0.007109612226486206
GATv2,56,11,0.05,random,19,0.004116863012313843
GATv2,56,11,0.1,gnnexplainer,-1,0.012585610151290894
GATv2,56,11,0.1,random,0,0.012969166040420532
GATv2,56,11,0.1,random,1,0.012841582298278809
GATv2,56,11,0.1,random,2,0.011706694960594177
GATv2,56,11,0.1,random,3,0.012953191995620728
GATv2,56,11,0.1,random,4,0.017115280032157898
GATv2,56,11,0.1,random,5,0.007429152727127075
GATv2,56,11,0.1,random,6,0.010929524898529053
GATv2,56,11,0.1,random,7,0.00881020724773407
GATv2,56,11,0.1,random,8,0.010678991675376892
GATv2,56,11,0.1,random,9,0.010648012161254883
GATv2,56,11,0.1,random,10,0.012446925044059753
GATv2,56,11,0.1,random,11,0.009008854627609253
GATv2,56,11,0.1,random,12,0.006915256381034851
GATv2,56,11,0.1,random,13,0.012820333242416382
GATv2,56,11,0.1,random,14,0.013107463717460632
GATv2,56,11,0.1,random,15,0.014422297477722168
GATv2,56,11,0.1,random,16,0.008612066507339478
GATv2,56,11,0.1,random,17,0.009047076106071472
GATv2,56,11,0.1,random,18,0.007931798696517944
GATv2,56,11,0.1,random,19,0.01354353129863739
GATv2,56,11,0.2,gnnexplainer,-1,0.02192692458629608
GATv2,56,11,0.2,random,0,0.024346381425857544
GATv2,56,11,0.2,random,1,0.023723214864730835
GATv2,56,11,0.2,random,2,0.023140951991081238
GATv2,56,11,0.2,random,3,0.025665253400802612
GATv2,56,11,0.2,random,4,0.014493733644485474
GATv2,56,11,0.2,random,5,0.026185721158981323
GATv2,56,11,0.2,random,6,0.029549986124038696
GATv2,56,11,0.2,random,7,0.03238332271575928
GATv2,56,11,0.2,random,8,0.02541927993297577
GATv2,56,11,0.2,random,9,0.028711766004562378
GATv2,56,11,0.2,random,10,0.03034365177154541
GATv2,56,11,0.2,random,11,0.02296316623687744
GATv2,56,11,0.2,random,12,0.02956816554069519
GATv2,56,11,0.2,random,13,0.033082544803619385
GATv2,56,11,0.2,random,14,0.028113514184951782
GATv2,56,11,0.2,random,15,0.02652713656425476
GATv2,56,11,0.2,random,16,0.02640804648399353
GATv2,56,11,0.2,random,17,0.024633094668388367
GATv2,56,11,0.2,random,18,0.025947272777557373
GATv2,56,11,0.2,random,19,0.025533080101013184
GATv2,56,23,0.05,gnnexplainer,-1,0.008716672658920288
GATv2,56,23,0.05,random,0,0.007729768753051758
GATv2,56,23,0.05,random,1,0.0054198503494262695
GATv2,56,23,0.05,random,2,0.0012196004390716553
GATv2,56,23,0.05,random,3,0.004390925168991089
GATv2,56,23,0.05,random,4,0.006226524710655212
GATv2,56,23,0.05,random,5,0.004708737134933472
GATv2,56,23,0.05,random,6,0.007273316383361816
GATv2,56,23,0.05,random,7,0.0029767602682113647
GATv2,56,23,0.05,random,8,0.007219910621643066
GATv2,56,23,0.05,random,9,0.008658647537231445
GATv2,56,23,0.05,random,10,0.006572216749191284
GATv2,56,23,0.05,random,11,0.004870980978012085
GATv2,56,23,0.05,random,12,0.005509898066520691
GATv2,56,23,0.05,random,13,0.004787608981132507
GATv2,56,23,0.05,random,14,0.004314228892326355
GATv2,56,23,0.05,random,15,0.006279274821281433
GATv2,56,23,0.05,random,16,0.007104158401489258
GATv2,56,23,0.05,random,17,0.00734536349773407
GATv2,56,23,0.05,random,18,0.004748329520225525
GATv2,56,23,0.05,random,19,0.008208125829696655
GATv2,56,23,0.1,gnnexplainer,-1,0.01641666889190674
GATv2,56,23,0.1,random,0,0.014290183782577515
GATv2,56,23,0.1,random,1,0.01124274730682373
GATv2,56,23,0.1,random,2,0.01451459527015686
GATv2,56,23,0.1,random,3,0.015089690685272217
GATv2,56,23,0.1,random,4,0.011241048574447632
GATv2,56,23,0.1,random,5,0.012564539909362793
GATv2,56,23,0.1,random,6,0.013062089681625366
GATv2,56,23,0.1,random,7,0.013759061694145203
GATv2,56,23,0.1,random,8,0.008742183446884155
GATv2,56,23,0.1,random,9,0.012163013219833374
GATv2,56,23,0.1,random,10,0.012738704681396484
GATv2,56,23,0.1,random,11,0.006739228963851929
GATv2,56,23,0.1,random,12,0.010576650500297546
GATv2,56,23,0.1,random,13,0.012081548571586609
GATv2,56,23,0.1,random,14,0.012844890356063843
GATv2,56,23,0.1,random,15,0.009186387062072754
GATv2,56,23,0.1,random,16,0.011024683713912964
GATv2,56,23,0.1,random,17,0.011053487658500671
GATv2,56,23,0.1,random,18,0.01157514750957489
GATv2,56,23,0.1,random,19,0.012366816401481628
GATv2,56,23,0.2,gnnexplainer,-1,0.029796764254570007
GATv2,56,23,0.2,random,0,0.02754293382167816
GATv2,56,23,0.2,random,1,0.03476822376251221
GATv2,56,23,0.2,random,2,0.02601473033428192
GATv2,56,23,0.2,random,3,0.029479235410690308
GATv2,56,23,0.2,random,4,0.025901079177856445
GATv2,56,23,0.2,random,5,0.023899123072624207
GATv2,56,23,0.2,random,6,0.028695791959762573
GATv2,56,23,0.2,random,7,0.025554046034812927
GATv2,56,23,0.2,random,8,0.024112030863761902
GATv2,56,23,0.2,random,9,0.024373859167099
GATv2,56,23,0.2,random,10,0.02888159453868866
GATv2,56,23,0.2,random,11,0.023375913500785828
GATv2,56,23,0.2,random,12,0.028270408511161804
GATv2,56,23,0.2,random,13,0.025135785341262817
GATv2,56,23,0.2,random,14,0.026612088084220886
GATv2,56,23,0.2,random,15,0.02701401710510254
GATv2,56,23,0.2,random,16,0.025942564010620117
GATv2,56,23,0.2,random,17,0.027159690856933594
GATv2,56,23,0.2,random,18,0.025212571024894714
GATv2,56,23,0.2,random,19,0.022548720240592957
GATv2,56,37,0.05,gnnexplainer,-1,0.0053428709506988525
GATv2,56,37,0.05,random,0,0.0035782456398010254
GATv2,56,37,0.05,random,1,0.00561976432800293
GATv2,56,37,0.05,random,2,0.0036133378744125366
GATv2,56,37,0.05,random,3,0.006502628326416016
GATv2,56,37,0.05,random,4,0.007598027586936951
GATv2,56,37,0.05,random,5,0.006634771823883057
GATv2,56,37,0.05,random,6,0.009055137634277344
GATv2,56,37,0.05,random,7,0.00696641206741333
GATv2,56,37,0.05,random,8,0.006645530462265015
GATv2,56,37,0.05,random,9,0.007713839411735535
GATv2,56,37,0.05,random,10,0.005952239036560059
GATv2,56,37,0.05,random,11,0.008844003081321716
GATv2,56,37,0.05,random,12,0.008711263537406921
GATv2,56,37,0.05,random,13,0.005561038851737976
GATv2,56,37,0.05,random,14,0.00567781925201416
GATv2,56,37,0.05,random,15,0.005871295928955078
GATv2,56,37,0.05,random,16,0.0034007132053375244
GATv2,56,37,0.05,random,17,0.006391406059265137
GATv2,56,37,0.05,random,18,0.00992467999458313
GATv2,56,37,0.05,random,19,0.004499971866607666
GATv2,56,37,0.1,gnnexplainer,-1,0.01254718005657196
GATv2,56,37,0.1,random,0,0.013155564665794373
GATv2,56,37,0.1,random,1,0.009110316634178162
GATv2,56,37,0.1,random,2,0.009729549288749695
GATv2,56,37,0.1,random,3,0.016765981912612915
GATv2,56,37,0.1,random,4,0.014388367533683777
GATv2,56,37,0.1,random,5,0.010868638753890991
GATv2,56,37,0.1,random,6,0.01601499319076538
GATv2,56,37,0.1,random,7,0.015332743525505066
GATv2,56,37,0.1,random,8,0.010584354400634766
GATv2,56,37,0.1,random,9,0.00885733962059021
GATv2,56,37,0.1,random,10,0.01566779613494873
GATv2,56,37,0.1,random,11,0.009491011500358582
GATv2,56,37,0.1,random,12,0.009431332349777222
GATv2,56,37,0.1,random,13,0.010985657572746277
GATv2,56,37,0.1,random,14,0.011496126651763916
GATv2,56,37,0.1,random,15,0.011380761861801147
GATv2,56,37,0.1,random,16,0.010765910148620605
GATv2,56,37,0.1,random,17,0.015671417117118835
GATv2,56,37,0.1,random,18,0.009046480059623718
GATv2,56,37,0.1,random,19,0.011374235153198242
GATv2,56,37,0.2,gnnexplainer,-1,0.028751790523529053
GATv2,56,37,0.2,random,0,0.022766277194023132
GATv2,56,37,0.2,random,1,0.023632287979125977
GATv2,56,37,0.2,random,2,0.034238189458847046
GATv2,56,37,0.2,random,3,0.025434136390686035
GATv2,56,37,0.2,random,4,0.024837955832481384
GATv2,56,37,0.2,random,5,0.029115915298461914
GATv2,56,37,0.2,random,6,0.027292117476463318
GATv2,56,37,0.2,random,7,0.02805742621421814
GATv2,56,37,0.2,random,8,0.03223738074302673
GATv2,56,37,0.2,random,9,0.026028677821159363
GATv2,56,37,0.2,random,10,0.02751728892326355
GATv2,56,37,0.2,random,11,0.02140629291534424
GATv2,56,37,0.2,random,12,0.021776646375656128
GATv2,56,37,0.2,random,13,0.02244013547897339
GATv2,56,37,0.2,random,14,0.028012067079544067
GATv2,56,37,0.2,random,15,0.02391800284385681
GATv2,56,37,0.2,random,16,0.022649139165878296
GATv2,56,37,0.2,random,17,0.03070506453514099
GATv2,56,37,0.2,random,18,0.024638712406158447
GATv2,56,37,0.2,random,19,0.029266357421875
GATv2,58,11,0.05,gnnexplainer,-1,-0.0015402734279632568
GATv2,58,11,0.05,random,0,-0.0003815591335296631
GATv2,58,11,0.05,random,1,-4.348158836364746e-05
GATv2,58,11,0.05,random,2,-0.006890416145324707
GATv2,58,11,0.05,random,3,-9.104609489440918e-05
GATv2,58,11,0.05,random,4,0.0006293356418609619
GATv2,58,11,0.05,random,5,0.0020622611045837402
GATv2,58,11,0.05,random,6,0.002215772867202759
GATv2,58,11,0.05,random,7,0.0016807913780212402
GATv2,58,11,0.05,random,8,0.000451505184173584
GATv2,58,11,0.05,random,9,0.004286706447601318
GATv2,58,11,0.05,random,10,-0.00745546817779541
GATv2,58,11,0.05,random,11,0.0013017058372497559
GATv2,58,11,0.05,random,12,-0.0029599368572235107
GATv2,58,11,0.05,random,13,0.001100093126296997
GATv2,58,11,0.05,random,14,-0.003204047679901123
GATv2,58,11,0.05,random,15,0.001405179500579834
GATv2,58,11,0.05,random,16,-0.0018469691276550293
GATv2,58,11,0.05,random,17,0.003522813320159912
GATv2,58,11,0.05,random,18,0.006090342998504639
GATv2,58,11,0.05,random,19,0.0017729997634887695
GATv2,58,11,0.1,gnnexplainer,-1,0.0006598532199859619
GATv2,58,11,0.1,random,0,-0.0001895427703857422
GATv2,58,11,0.1,random,1,-0.011017978191375732
GATv2,58,11,0.1,random,2,0.001863718032836914
GATv2,58,11,0.1,random,3,-0.005208462476730347
GATv2,58,11,0.1,random,4,0.0036042332649230957
GATv2,58,11,0.1,random,5,0.0035157203674316406
GATv2,58,11,0.1,random,6,0.008875489234924316
GATv2,58,11,0.1,random,7,0.0010437965393066406
GATv2,58,11,0.1,random,8,0.0007529854774475098
GATv2,58,11,0.1,random,9,0.00046008825302124023
GATv2,58,11,0.1,random,10,-0.0009517371654510498
GATv2,58,11,0.1,random,11,-0.0031796693801879883
GATv2,58,11,0.1,random,12,-0.007244110107421875
GATv2,58,11,0.1,random,13,-0.0038571953773498535
GATv2,58,11,0.1,random,14,-0.0044342875480651855
GATv2,58,11,0.1,random,15,0.0037250816822052
GATv2,58,11,0.1,random,16,0.011833369731903076
GATv2,58,11,0.1,random,17,-0.007437199354171753
GATv2,58,11,0.1,random,18,-0.008750200271606445
GATv2,58,11,0.1,random,19,-0.006938904523849487
GATv2,58,11,0.2,gnnexplainer,-1,-0.01231241226196289
GATv2,58,11,0.2,random,0,-0.005396246910095215
GATv2,58,11,0.2,random,1,-0.010662168264389038
GATv2,58,11,0.2,random,2,-0.005898594856262207
GATv2,58,11,0.2,random,3,0.006973206996917725
GATv2,58,11,0.2,random,4,-0.002966582775115967
GATv2,58,11,0.2,random,5,-0.0018505752086639404
GATv2,58,11,0.2,random,6,-0.007088005542755127
GATv2,58,11,0.2,random,7,-0.01913297176361084
GATv2,58,11,0.2,random,8,0.010571509599685669
GATv2,58,11,0.2,random,9,-0.01630455255508423
GATv2,58,11,0.2,random,10,-0.003085494041442871
GATv2,58,11,0.2,random,11,0.006230056285858154
GATv2,58,11,0.2,random,12,-0.010357588529586792
GATv2,58,11,0.2,random,13,0.008617043495178223
GATv2,58,11,0.2,random,14,-3.331899642944336e-05
GATv2,58,11,0.2,random,15,-0.00840151309967041
GATv2,58,11,0.2,random,16,-0.004863560199737549
GATv2,58,11,0.2,random,17,-0.0046765804290771484
GATv2,58,11,0.2,random,18,0.005287766456604004
GATv2,58,11,0.2,random,19,-0.005940526723861694
GATv2,58,23,0.05,gnnexplainer,-1,-0.00812038779258728
GATv2,58,23,0.05,random,0,0.004580438137054443
GATv2,58,23,0.05,random,1,-0.005930423736572266
GATv2,58,23,0.05,random,2,-0.014531075954437256
GATv2,58,23,0.05,random,3,-0.0033594369888305664
GATv2,58,23,0.05,random,4,0.005248308181762695
GATv2,58,23,0.05,random,5,-0.0035894811153411865
GATv2,58,23,0.05,random,6,0.000514686107635498
GATv2,58,23,0.05,random,7,0.00526803731918335
GATv2,58,23,0.05,random,8,-0.004584640264511108
GATv2,58,23,0.05,random,9,0.0016865730285644531
GATv2,58,23,0.05,random,10,0.0049880146980285645
GATv2,58,23,0.05,random,11,-0.0022220611572265625
GATv2,58,23,0.05,random,12,-0.003880113363265991
GATv2,58,23,0.05,random,13,0.004329472780227661
GATv2,58,23,0.05,random,14,-0.0017310082912445068
GATv2,58,23,0.05,random,15,0.0037232935428619385
GATv2,58,23,0.05,random,16,0.006597429513931274
GATv2,58,23,0.05,random,17,0.0017420649528503418
GATv2,58,23,0.05,random,18,0.0012961030006408691
GATv2,58,23,0.05,random,19,0.0020746588706970215
GATv2,58,23,0.1,gnnexplainer,-1,-0.0008713006973266602
GATv2,58,23,0.1,random,0,0.003991514444351196
GATv2,58,23,0.1,random,1,-0.007714211940765381
GATv2,58,23,0.1,random,2,-0.0017850995063781738
GATv2,58,23,0.1,random,3,0.008889317512512207
GATv2,58,23,0.1,random,4,-0.004432022571563721
GATv2,58,23,0.1,random,5,-0.00942385196685791
GATv2,58,23,0.1,random,6,0.004379630088806152
GATv2,58,23,0.1,random,7,-0.013773798942565918
GATv2,58,23,0.1,random,8,0.0029664337635040283
GATv2,58,23,0.1,random,9,-0.00830337405204773
GATv2,58,23,0.1,random,10,-0.007747143507003784
GATv2,58,23,0.1,random,11,-0.0010122060775756836
GATv2,58,23,0.1,random,12,0.0005979835987091064
GATv2,58,23,0.1,random,13,-0.00010749697685241699
GATv2,58,23,0.1,random,14,0.0036826729774475098
GATv2,58,23,0.1,random,15,-0.01333889365196228
GATv2,58,23,0.1,random,16,0.0033453702926635742
GATv2,58,23,0.1,random,17,-0.001236259937286377
GATv2,58,23,0.1,random,18,4.869699478149414e-05
GATv2,58,23,0.1,random,19,-0.008878111839294434
GATv2,58,23,0.2,gnnexplainer,-1,-0.0006223618984222412
GATv2,58,23,0.2,random,0,-0.0022210776805877686
GATv2,58,23,0.2,random,1,-0.0031261146068573
GATv2,58,23,0.2,random,2,-0.0031969547271728516
GATv2,58,23,0.2,random,3,-0.012336790561676025
GATv2,58,23,0.2,random,4,-0.002163708209991455
GATv2,58,23,0.2,random,5,-0.0022777020931243896
GATv2,58,23,0.2,random,6,-0.000156402587890625
GATv2,58,23,0.2,random,7,-0.016883939504623413
GATv2,58,23,0.2,random,8,-0.01664385199546814
GATv2,58,23,0.2,random,9,-0.007048368453979492
GATv2,58,23,0.2,random,10,-0.017972290515899658
GATv2,58,23,0.2,random,11,-0.0031582117080688477
GATv2,58,23,0.2,random,12,-0.011173367500305176
GATv2,58,23,0.2,random,13,-0.0015917718410491943
GATv2,58,23,0.2,random,14,-0.013870656490325928
GATv2,58,23,0.2,random,15,0.007226169109344482
GATv2,58,23,0.2,random,16,-0.0065666139125823975
GATv2,58,23,0.2,random,17,-0.008686035871505737
GATv2,58,23,0.2,random,18,0.010534942150115967
GATv2,58,23,0.2,random,19,-0.02301168441772461
GATv2,58,37,0.05,gnnexplainer,-1,-0.006482571363449097
GATv2,58,37,0.05,random,0,-0.0013643205165863037
GATv2,58,37,0.05,random,1,-0.0027558505535125732
GATv2,58,37,0.05,random,2,0.0004038214683532715
GATv2,58,37,0.05,random,3,0.010028719902038574
GATv2,58,37,0.05,random,4,-0.008779764175415039
GATv2,58,37,0.05,random,5,0.0006987154483795166
GATv2,58,37,0.05,random,6,0.006175786256790161
GATv2,58,37,0.05,random,7,0.006237328052520752
GATv2,58,37,0.05,random,8,-0.0023147761821746826
GATv2,58,37,0.05,random,9,-0.00422060489654541
GATv2,58,37,0.05,random,10,-0.00031754374504089355
GATv2,58,37,0.05,random,11,0.0026924610137939453
GATv2,58,37,0.05,random,12,0.00187760591506958
GATv2,58,37,0.05,random,13,0.006645083427429199
GATv2,58,37,0.05,random,14,-0.003970324993133545
GATv2,58,37,0.05,random,15,-0.0013664960861206055
GATv2,58,37,0.05,random,16,-0.0008048713207244873
GATv2,58,37,0.05,random,17,0.0045771002769470215
GATv2,58,37,0.05,random,18,0.00040462613105773926
GATv2,58,37,0.05,random,19,-0.016694188117980957
GATv2,58,37,0.1,gnnexplainer,-1,-0.01375889778137207
GATv2,58,37,0.1,random,0,0.0019471943378448486
GATv2,58,37,0.1,random,1,-0.0036724507808685303
GATv2,58,37,0.1,random,2,0.0018409490585327148
GATv2,58,37,0.1,random,3,-0.0007502734661102295
GATv2,58,37,0.1,random,4,-0.003741443157196045
GATv2,58,37,0.1,random,5,0.008520960807800293
GATv2,58,37,0.1,random,6,-0.003938883543014526
GATv2,58,37,0.1,random,7,0.002241849899291992
GATv2,58,37,0.1,random,8,0.0013591647148132324
GATv2,58,37,0.1,random,9,-0.00900733470916748
GATv2,58,37,0.1,random,10,0.00115966796875
GATv2,58,37,0.1,random,11,0.005284249782562256
GATv2,58,37,0.1,random,12,0.0010600686073303223
GATv2,58,37,0.1,random,13,0.011841297149658203
GATv2,58,37,0.1,random,14,0.0012077093124389648
GATv2,58,37,0.1,random,15,0.008139610290527344
GATv2,58,37,0.1,random,16,0.010960370302200317
GATv2,58,37,0.1,random,17,0.007551431655883789
GATv2,58,37,0.1,random,18,-0.0014827847480773926
GATv2,58,37,0.1,random,19,-0.0005627572536468506
GATv2,58,37,0.2,gnnexplainer,-1,-0.003362894058227539
GATv2,58,37,0.2,random,0,-0.0030584335327148438
GATv2,58,37,0.2,random,1,-0.008168339729309082
GATv2,58,37,0.2,random,2,0.00023949146270751953
GATv2,58,37,0.2,random,3,-0.0074806809425354
GATv2,58,37,0.2,random,4,0.0034619569778442383
GATv2,58,37,0.2,random,5,-0.0037067532539367676
GATv2,58,37,0.2,random,6,-0.01861649751663208
GATv2,58,37,0.2,random,7,-0.003393828868865967
GATv2,58,37,0.2,random,8,0.003162980079650879
GATv2,58,37,0.2,random,9,-0.0005972385406494141
GATv2,58,37,0.2,random,10,-0.006747841835021973
GATv2,58,37,0.2,random,11,-0.004546612501144409
GATv2,58,37,0.2,random,12,-0.008604884147644043
GATv2,58,37,0.2,random,13,0.002840280532836914
GATv2,58,37,0.2,random,14,-0.001024693250656128
GATv2,58,37,0.2,random,15,-0.004680812358856201
GATv2,58,37,0.2,random,16,0.0056986212730407715
GATv2,58,37,0.2,random,17,-0.004852771759033203
GATv2,58,37,0.2,random,18,-0.0035317838191986084
GATv2,58,37,0.2,random,19,0.0032060444355010986
GATv2,59,11,0.05,gnnexplainer,-1,-0.0023723840713500977
GATv2,59,11,0.05,random,0,-0.002225339412689209
GATv2,59,11,0.05,random,1,0.004159688949584961
GATv2,59,11,0.05,random,2,0.0036063194274902344
GATv2,59,11,0.05,random,3,-0.001200348138809204
GATv2,59,11,0.05,random,4,0.0034074485301971436
GATv2,59,11,0.05,random,5,0.0005674958229064941
GATv2,59,11,0.05,random,6,0.004117488861083984
GATv2,59,11,0.05,random,7,0.002522587776184082
GATv2,59,11,0.05,random,8,-0.0023502111434936523
GATv2,59,11,0.05,random,9,-0.005705028772354126
GATv2,59,11,0.05,random,10,0.0008565783500671387
GATv2,59,11,0.05,random,11,-2.574920654296875e-05
GATv2,59,11,0.05,random,12,0.007156193256378174
GATv2,59,11,0.05,random,13,-0.001464754343032837
GATv2,59,11,0.05,random,14,0.0023131072521209717
GATv2,59,11,0.05,random,15,0.0009555220603942871
GATv2,59,11,0.05,random,16,-0.002058863639831543
GATv2,59,11,0.05,random,17,0.009092330932617188
GATv2,59,11,0.05,random,18,0.005420655012130737
GATv2,59,11,0.05,random,19,-0.0031480789184570312
GATv2,59,11,0.1,gnnexplainer,-1,-0.002811253070831299
GATv2,59,11,0.1,random,0,0.0015803277492523193
GATv2,59,11,0.1,random,1,-0.005582034587860107
GATv2,59,11,0.1,random,2,0.006388843059539795
GATv2,59,11,0.1,random,3,0.004980534315109253
GATv2,59,11,0.1,random,4,0.005131900310516357
GATv2,59,11,0.1,random,5,0.006064385175704956
GATv2,59,11,0.1,random,6,-0.00535053014755249
GATv2,59,11,0.1,random,7,0.009117841720581055
GATv2,59,11,0.1,random,8,0.002060621976852417
GATv2,59,11,0.1,random,9,0.007438182830810547
GATv2,59,11,0.1,random,10,-0.003565460443496704
GATv2,59,11,0.1,random,11,0.006980717182159424
GATv2,59,11,0.1,random,12,0.004955649375915527
GATv2,59,11,0.1,random,13,-0.0035187602043151855
GATv2,59,11,0.1,random,14,0.006157875061035156
GATv2,59,11,0.1,random,15,-0.0030394792556762695
GATv2,59,11,0.1,random,16,0.00248795747756958
GATv2,59,11,0.1,random,17,0.009983628988265991
GATv2,59,11,0.1,random,18,0.008893102407455444
GATv2,59,11,0.1,random,19,-0.006205916404724121
GATv2,59,11,0.2,gnnexplainer,-1,-0.0006909668445587158
GATv2,59,11,0.2,random,0,-0.00395241379737854
GATv2,59,11,0.2,random,1,-0.005058079957962036
GATv2,59,11,0.2,random,2,0.00963139533996582
GATv2,59,11,0.2,random,3,3.5881996154785156e-05
GATv2,59,11,0.2,random,4,0.008184492588043213
GATv2,59,11,0.2,random,5,0.0014739930629730225
GATv2,59,11,0.2,random,6,0.00033399462699890137
GATv2,59,11,0.2,random,7,-0.002663254737854004
GATv2,59,11,0.2,random,8,-0.004570990800857544
GATv2,59,11,0.2,random,9,6.204843521118164e-05
GATv2,59,11,0.2,random,10,0.007568478584289551
GATv2,59,11,0.2,random,11,-0.00017470121383666992
GATv2,59,11,0.2,random,12,0.00942656397819519
GATv2,59,11,0.2,random,13,0.0007443428039550781
GATv2,59,11,0.2,random,14,0.007126569747924805
GATv2,59,11,0.2,random,15,0.009111970663070679
GATv2,59,11,0.2,random,16,0.004532456398010254
GATv2,59,11,0.2,random,17,0.00486069917678833
GATv2,59,11,0.2,random,18,-0.005748093128204346
GATv2,59,11,0.2,random,19,0.003378838300704956
GATv2,59,23,0.05,gnnexplainer,-1,0.006378740072250366
GATv2,59,23,0.05,random,0,0.001274794340133667
GATv2,59,23,0.05,random,1,0.008106887340545654
GATv2,59,23,0.05,random,2,0.0019948184490203857
GATv2,59,23,0.05,random,3,0.0025186538696289062
GATv2,59,23,0.05,random,4,0.005615204572677612
GATv2,59,23,0.05,random,5,-0.0019394159317016602
GATv2,59,23,0.05,random,6,0.002049565315246582
GATv2,59,23,0.05,random,7,-7.06017017364502e-05
GATv2,59,23,0.05,random,8,0.0024942755699157715
GATv2,59,23,0.05,random,9,0.003515481948852539
GATv2,59,23,0.05,random,10,0.0005724430084228516
GATv2,59,23,0.05,random,11,0.002505779266357422
GATv2,59,23,0.05,random,12,0.001579970121383667
GATv2,59,23,0.05,random,13,0.004253566265106201
GATv2,59,23,0.05,random,14,0.008459806442260742
GATv2,59,23,0.05,random,15,0.004279226064682007
GATv2,59,23,0.05,random,16,-0.007173359394073486
GATv2,59,23,0.05,random,17,0.0005995035171508789
GATv2,59,23,0.05,random,18,-0.003056168556213379
GATv2,59,23,0.05,random,19,0.00722464919090271
GATv2,59,23,0.1,gnnexplainer,-1,0.007018327713012695
GATv2,59,23,0.1,random,0,0.004222512245178223
GATv2,59,23,0.1,random,1,4.7206878662109375e-05
GATv2,59,23,0.1,random,2,0.0036495327949523926
GATv2,59,23,0.1,random,3,0.003155648708343506
GATv2,59,23,0.1,random,4,0.0038965344429016113
GATv2,59,23,0.1,random,5,0.0033006370067596436
GATv2,59,23,0.1,random,6,0.003920882940292358
GATv2,59,23,0.1,random,7,0.012538045644760132
GATv2,59,23,0.1,random,8,0.0003591775894165039
GATv2,59,23,0.1,random,9,0.00602075457572937
GATv2,59,23,0.1,random,10,0.0020985007286071777
GATv2,59,23,0.1,random,11,-0.0031341910362243652
GATv2,59,23,0.1,random,12,0.008339524269104004
GATv2,59,23,0.1,random,13,0.01359933614730835
GATv2,59,23,0.1,random,14,-0.001590639352798462
GATv2,59,23,0.1,random,15,0.0055179595947265625
GATv2,59,23,0.1,random,16,0.0030499696731567383
GATv2,59,23,0.1,random,17,-0.00048679113388061523
GATv2,59,23,0.1,random,18,0.005710959434509277
GATv2,59,23,0.1,random,19,-5.4508447647094727e-05
GATv2,59,23,0.2,gnnexplainer,-1,0.019549012184143066
GATv2,59,23,0.2,random,0,0.010705888271331787
GATv2,59,23,0.2,random,1,0.006856799125671387
GATv2,59,23,0.2,random,2,0.003960698843002319
GATv2,59,23,0.2,random,3,0.0033197999000549316
GATv2,59,23,0.2,random,4,0.007638156414031982
GATv2,59,23,0.2,random,5,0.006710857152938843
GATv2,59,23,0.2,random,6,0.008363723754882812
GATv2,59,23,0.2,random,7,0.00921294093132019
GATv2,59,23,0.2,random,8,0.009495079517364502
GATv2,59,23,0.2,random,9,-0.007510185241699219
GATv2,59,23,0.2,random,10,0.013632386922836304
GATv2,59,23,0.2,random,11,0.0005046725273132324
GATv2,59,23,0.2,random,12,0.011383771896362305
GATv2,59,23,0.2,random,13,0.0010714530944824219
GATv2,59,23,0.2,random,14,-0.0006839632987976074
GATv2,59,23,0.2,random,15,-0.002153933048248291
GATv2,59,23,0.2,random,16,0.010401308536529541
GATv2,59,23,0.2,random,17,0.005026817321777344
GATv2,59,23,0.2,random,18,-0.003957778215408325
GATv2,59,23,0.2,random,19,0.012331247329711914
GATv2,59,37,0.05,gnnexplainer,-1,0.0007817745208740234
GATv2,59,37,0.05,random,0,-0.001585543155670166
GATv2,59,37,0.05,random,1,0.0024265944957733154
GATv2,59,37,0.05,random,2,0.002254694700241089
GATv2,59,37,0.05,random,3,0.003354668617248535
GATv2,59,37,0.05,random,4,0.0037009119987487793
GATv2,59,37,0.05,random,5,0.001393735408782959
GATv2,59,37,0.05,random,6,-0.0024770498275756836
GATv2,59,37,0.05,random,7,-0.0017952024936676025
GATv2,59,37,0.05,random,8,-0.001420527696609497
GATv2,59,37,0.05,random,9,-0.004245758056640625
GATv2,59,37,0.05,random,10,-0.00536268949508667
GATv2,59,37,0.05,random,11,0.0067504048347473145
GATv2,59,37,0.05,random,12,0.0029485225677490234
GATv2,59,37,0.05,random,13,0.0008485317230224609
GATv2,59,37,0.05,random,14,0.006775319576263428
GATv2,59,37,0.05,random,15,0.0016843974590301514
GATv2,59,37,0.05,random,16,0.00046452879905700684
GATv2,59,37,0.05,random,17,0.006051480770111084
GATv2,59,37,0.05,random,18,0.003148406744003296
GATv2,59,37,0.05,random,19,-0.003492027521133423
GATv2,59,37,0.1,gnnexplainer,-1,0.006647765636444092
GATv2,59,37,0.1,random,0,0.002795577049255371
GATv2,59,37,0.1,random,1,0.0022410154342651367
GATv2,59,37,0.1,random,2,0.001933276653289795
GATv2,59,37,0.1,random,3,0.0015053749084472656
GATv2,59,37,0.1,random,4,0.0049562156200408936
GATv2,59,37,0.1,random,5,-0.0006067752838134766
GATv2,59,37,0.1,random,6,0.011929035186767578
GATv2,59,37,0.1,random,7,0.008414506912231445
GATv2,59,37,0.1,random,8,0.008550524711608887
GATv2,59,37,0.1,random,9,0.0014107823371887207
GATv2,59,37,0.1,random,10,0.0073812007904052734
GATv2,59,37,0.1,random,11,0.0030801892280578613
GATv2,59,37,0.1,random,12,0.006782829761505127
GATv2,59,37,0.1,random,13,-0.0023115873336791992
GATv2,59,37,0.1,random,14,0.0058078765869140625
GATv2,59,37,0.1,random,15,0.012892544269561768
GATv2,59,37,0.1,random,16,0.00462302565574646
GATv2,59,37,0.1,random,17,0.008715450763702393
GATv2,59,37,0.1,random,18,0.00034123659133911133
GATv2,59,37,0.1,random,19,-0.00056496262550354
GATv2,59,37,0.2,gnnexplainer,-1,0.0019936561584472656
GATv2,59,37,0.2,random,0,0.009713619947433472
GATv2,59,37,0.2,random,1,0.015306234359741211
GATv2,59,37,0.2,random,2,-0.0017547011375427246
GATv2,59,37,0.2,random,3,0.005755186080932617
GATv2,59,37,0.2,random,4,0.020083844661712646
GATv2,59,37,0.2,random,5,-0.000940859317779541
GATv2,59,37,0.2,random,6,0.0032326877117156982
GATv2,59,37,0.2,random,7,0.00072479248046875
GATv2,59,37,0.2,random,8,0.00894242525100708
GATv2,59,37,0.2,random,9,-0.00314369797706604
GATv2,59,37,0.2,random,10,0.010648936033248901
GATv2,59,37,0.2,random,11,0.01205715537071228
GATv2,59,37,0.2,random,12,0.008094072341918945
GATv2,59,37,0.2,random,13,0.0003516077995300293
GATv2,59,37,0.2,random,14,0.011220097541809082
GATv2,59,37,0.2,random,15,0.0007843375205993652
GATv2,59,37,0.2,random,16,-0.0008205771446228027
GATv2,59,37,0.2,random,17,0.005060136318206787
GATv2,59,37,0.2,random,18,0.01198682188987732
GATv2,59,37,0.2,random,19,-0.0013947486877441406
GATv2,7,11,0.05,gnnexplainer,-1,0.011040806770324707
GATv2,7,11,0.05,random,0,0.009552001953125
GATv2,7,11,0.05,random,1,0.009808957576751709
GATv2,7,11,0.05,random,2,0.009136438369750977
GATv2,7,11,0.05,random,3,0.008716344833374023
GATv2,7,11,0.05,random,4,0.008906960487365723
GATv2,7,11,0.05,random,5,0.009875118732452393
GATv2,7,11,0.05,random,6,0.009527385234832764
GATv2,7,11,0.05,random,7,0.01046609878540039
GATv2,7,11,0.05,random,8,0.008994638919830322
GATv2,7,11,0.05,random,9,0.009380221366882324
GATv2,7,11,0.05,random,10,0.009050846099853516
GATv2,7,11,0.05,random,11,0.008754253387451172
GATv2,7,11,0.05,random,12,0.009069383144378662
GATv2,7,11,0.05,random,13,0.012761354446411133
GATv2,7,11,0.05,random,14,0.009635627269744873
GATv2,7,11,0.05,random,15,0.008681118488311768
GATv2,7,11,0.05,random,16,0.011542797088623047
GATv2,7,11,0.05,random,17,0.009927451610565186
GATv2,7,11,0.05,random,18,0.009820699691772461
GATv2,7,11,0.05,random,19,0.008511900901794434
GATv2,7,11,0.1,gnnexplainer,-1,0.019775032997131348
GATv2,7,11,0.1,random,0,0.020765304565429688
GATv2,7,11,0.1,random,1,0.017756104469299316
GATv2,7,11,0.1,random,2,0.02044212818145752
GATv2,7,11,0.1,random,3,0.022304832935333252
GATv2,7,11,0.1,random,4,0.02140897512435913
GATv2,7,11,0.1,random,5,0.023337364196777344
GATv2,7,11,0.1,random,6,0.01682114601135254
GATv2,7,11,0.1,random,7,0.018262863159179688
GATv2,7,11,0.1,random,8,0.01873648166656494
GATv2,7,11,0.1,random,9,0.01665675640106201
GATv2,7,11,0.1,random,10,0.020001113414764404
GATv2,7,11,0.1,random,11,0.01891803741455078
GATv2,7,11,0.1,random,12,0.020502686500549316
GATv2,7,11,0.1,random,13,0.020925462245941162
GATv2,7,11,0.1,random,14,0.01879328489303589
GATv2,7,11,0.1,random,15,0.016716957092285156
GATv2,7,11,0.1,random,16,0.019826292991638184
GATv2,7,11,0.1,random,17,0.021271347999572754
GATv2,7,11,0.1,random,18,0.019628465175628662
GATv2,7,11,0.1,random,19,0.02084273099899292
GATv2,7,11,0.2,gnnexplainer,-1,0.04024636745452881
GATv2,7,11,0.2,random,0,0.03579914569854736
GATv2,7,11,0.2,random,1,0.04125046730041504
GATv2,7,11,0.2,random,2,0.03549826145172119
GATv2,7,11,0.2,random,3,0.04083794355392456
GATv2,7,11,0.2,random,4,0.04000711441040039
GATv2,7,11,0.2,random,5,0.03913182020187378
GATv2,7,11,0.2,random,6,0.03773242235183716
GATv2,7,11,0.2,random,7,0.03615283966064453
GATv2,7,11,0.2,random,8,0.036485373973846436
GATv2,7,11,0.2,random,9,0.04004859924316406
GATv2,7,11,0.2,random,10,0.03809612989425659
GATv2,7,11,0.2,random,11,0.03619879484176636
GATv2,7,11,0.2,random,12,0.038738906383514404
GATv2,7,11,0.2,random,13,0.035067737102508545
GATv2,7,11,0.2,random,14,0.0389522910118103
GATv2,7,11,0.2,random,15,0.04027456045150757
GATv2,7,11,0.2,random,16,0.039777159690856934
GATv2,7,11,0.2,random,17,0.04292428493499756
GATv2,7,11,0.2,random,18,0.036968350410461426
GATv2,7,11,0.2,random,19,0.03960061073303223
GATv2,7,23,0.05,gnnexplainer,-1,0.009954273700714111
GATv2,7,23,0.05,random,0,0.009579777717590332
GATv2,7,23,0.05,random,1,0.006951868534088135
GATv2,7,23,0.05,random,2,0.008429527282714844
GATv2,7,23,0.05,random,3,0.012579619884490967
GATv2,7,23,0.05,random,4,0.007875442504882812
GATv2,7,23,0.05,random,5,0.006539404392242432
GATv2,7,23,0.05,random,6,0.010883212089538574
GATv2,7,23,0.05,random,7,0.0117645263671875
GATv2,7,23,0.05,random,8,0.008559107780456543
GATv2,7,23,0.05,random,9,0.009193241596221924
GATv2,7,23,0.05,random,10,0.010956764221191406
GATv2,7,23,0.05,random,11,0.011166870594024658
GATv2,7,23,0.05,random,12,0.009508490562438965
GATv2,7,23,0.05,random,13,0.012603759765625
GATv2,7,23,0.05,random,14,0.007933557033538818
GATv2,7,23,0.05,random,15,0.011321723461151123
GATv2,7,23,0.05,random,16,0.011403322219848633
GATv2,7,23,0.05,random,17,0.010984241962432861
GATv2,7,23,0.05,random,18,0.00942981243133545
GATv2,7,23,0.05,random,19,0.01094353199005127
GATv2,7,23,0.1,gnnexplainer,-1,0.020188331604003906
GATv2,7,23,0.1,random,0,0.021045684814453125
GATv2,7,23,0.1,random,1,0.020001888275146484
GATv2,7,23,0.1,random,2,0.019350290298461914
GATv2,7,23,0.1,random,3,0.018662214279174805
GATv2,7,23,0.1,random,4,0.02126014232635498
GATv2,7,23,0.1,random,5,0.020743966102600098
GATv2,7,23,0.1,random,6,0.018813610076904297
GATv2,7,23,0.1,random,7,0.02498108148574829
GATv2,7,23,0.1,random,8,0.01767265796661377
GATv2,7,23,0.1,random,9,0.021662890911102295
GATv2,7,23,0.1,random,10,0.020721137523651123
GATv2,7,23,0.1,random,11,0.01913273334503174
GATv2,7,23,0.1,random,12,0.01880347728729248
GATv2,7,23,0.1,random,13,0.018204808235168457
GATv2,7,23,0.1,random,14,0.022204279899597168
GATv2,7,23,0.1,random,15,0.01986241340637207
GATv2,7,23,0.1,random,16,0.02028787136077881
GATv2,7,23,0.1,random,17,0.018486618995666504
GATv2,7,23,0.1,random,18,0.018785834312438965
GATv2,7,23,0.1,random,19,0.023897290229797363
GATv2,7,23,0.2,gnnexplainer,-1,0.04204106330871582
GATv2,7,23,0.2,random,0,0.04087549448013306
GATv2,7,23,0.2,random,1,0.0394594669342041
GATv2,7,23,0.2,random,2,0.04229921102523804
GATv2,7,23,0.2,random,3,0.04078114032745361
GATv2,7,23,0.2,random,4,0.04012143611907959
GATv2,7,23,0.2,random,5,0.03983330726623535
GATv2,7,23,0.2,random,6,0.03238028287887573
GATv2,7,23,0.2,random,7,0.04140418767929077
GATv2,7,23,0.2,random,8,0.04104083776473999
GATv2,7,23,0.2,random,9,0.036452531814575195
GATv2,7,23,0.2,random,10,0.038030028343200684
GATv2,7,23,0.2,random,11,0.03444856405258179
GATv2,7,23,0.2,random,12,0.037249982357025146
GATv2,7,23,0.2,random,13,0.03893911838531494
GATv2,7,23,0.2,random,14,0.038455963134765625
GATv2,7,23,0.2,random,15,0.03894913196563721
GATv2,7,23,0.2,random,16,0.03520309925079346
GATv2,7,23,0.2,random,17,0.03756272792816162
GATv2,7,23,0.2,random,18,0.04417151212692261
GATv2,7,23,0.2,random,19,0.041349172592163086
GATv2,7,37,0.05,gnnexplainer,-1,0.010176539421081543
GATv2,7,37,0.05,random,0,0.009476661682128906
GATv2,7,37,0.05,random,1,0.010957002639770508
GATv2,7,37,0.05,random,2,0.009724259376525879
GATv2,7,37,0.05,random,3,0.010523021221160889
GATv2,7,37,0.05,random,4,0.007401108741760254
GATv2,7,37,0.05,random,5,0.009385228157043457
GATv2,7,37,0.05,random,6,0.01046442985534668
GATv2,7,37,0.05,random,7,0.008927345275878906
GATv2,7,37,0.05,random,8,0.011561989784240723
GATv2,7,37,0.05,random,9,0.009836137294769287
GATv2,7,37,0.05,random,10,0.009955406188964844
GATv2,7,37,0.05,random,11,0.00859224796295166
GATv2,7,37,0.05,random,12,0.008301258087158203
GATv2,7,37,0.05,random,13,0.008464336395263672
GATv2,7,37,0.05,random,14,0.010505139827728271
GATv2,7,37,0.05,random,15,0.011279523372650146
GATv2,7,37,0.05,random,16,0.008869647979736328
GATv2,7,37,0.05,random,17,0.009692132472991943
GATv2,7,37,0.05,random,18,0.011378109455108643
GATv2,7,37,0.05,random,19,0.011001348495483398
GATv2,7,37,0.1,gnnexplainer,-1,0.01847022771835327
GATv2,7,37,0.1,random,0,0.018311381340026855
GATv2,7,37,0.1,random,1,0.018135249614715576
GATv2,7,37,0.1,random,2,0.01869487762451172
GATv2,7,37,0.1,random,3,0.019820094108581543
GATv2,7,37,0.1,random,4,0.022294163703918457
GATv2,7,37,0.1,random,5,0.0208892822265625
GATv2,7,37,0.1,random,6,0.015425443649291992
GATv2,7,37,0.1,random,7,0.019359052181243896
GATv2,7,37,0.1,random,8,0.02091139554977417
GATv2,7,37,0.1,random,9,0.02127784490585327
GATv2,7,37,0.1,random,10,0.021059632301330566
GATv2,7,37,0.1,random,11,0.020391464233398438
GATv2,7,37,0.1,random,12,0.020067155361175537
GATv2,7,37,0.1,random,13,0.01985764503479004
GATv2,7,37,0.1,random,14,0.02238619327545166
GATv2,7,37,0.1,random,15,0.02134460210800171
GATv2,7,37,0.1,random,16,0.021082401275634766
GATv2,7,37,0.1,random,17,0.0197983980178833
GATv2,7,37,0.1,random,18,0.02206432819366455
GATv2,7,37,0.1,random,19,0.022165656089782715
GATv2,7,37,0.2,gnnexplainer,-1,0.041776299476623535
GATv2,7,37,0.2,random,0,0.03504502773284912
GATv2,7,37,0.2,random,1,0.03931128978729248
GATv2,7,37,0.2,random,2,0.03487801551818848
GATv2,7,37,0.2,random,3,0.040903449058532715
GATv2,7,37,0.2,random,4,0.03900563716888428
GATv2,7,37,0.2,random,5,0.03657209873199463
GATv2,7,37,0.2,random,6,0.03841137886047363
GATv2,7,37,0.2,random,7,0.039650797843933105
GATv2,7,37,0.2,random,8,0.04046761989593506
GATv2,7,37,0.2,random,9,0.039991140365600586
GATv2,7,37,0.2,random,10,0.034085631370544434
GATv2,7,37,0.2,random,11,0.03604686260223389
GATv2,7,37,0.2,random,12,0.041579604148864746
GATv2,7,37,0.2,random,13,0.036575913429260254
GATv2,7,37,0.2,random,14,0.03656738996505737
GATv2,7,37,0.2,random,15,0.03677725791931152
GATv2,7,37,0.2,random,16,0.039016008377075195
GATv2,7,37,0.2,random,17,0.038292884826660156
GATv2,7,37,0.2,random,18,0.03730154037475586
GATv2,7,37,0.2,random,19,0.03734564781188965
GATv2,87,11,0.05,gnnexplainer,-1,0.020189136266708374
GATv2,87,11,0.05,random,0,0.00022405385971069336
GATv2,87,11,0.05,random,1,-8.493661880493164e-05
GATv2,87,11,0.05,random,2,0.003536045551300049
GATv2,87,11,0.05,random,3,0.01079210638999939
GATv2,87,11,0.05,random,4,0.00785285234451294
GATv2,87,11,0.05,random,5,0.004215031862258911
GATv2,87,11,0.05,random,6,0.0011354684829711914
GATv2,87,11,0.05,random,7,0.002458900213241577
GATv2,87,11,0.05,random,8,0.0030405819416046143
GATv2,87,11,0.05,random,9,0.004056781530380249
GATv2,87,11,0.05,random,10,0.004580199718475342
GATv2,87,11,0.05,random,11,0.002988278865814209
GATv2,87,11,0.05,random,12,0.004446476697921753
GATv2,87,11,0.05,random,13,0.0016956627368927002
GATv2,87,11,0.05,random,14,0.0016195476055145264
GATv2,87,11,0.05,random,15,0.009436160326004028
GATv2,87,11,0.05,random,16,0.009277522563934326
GATv2,87,11,0.05,random,17,0.00525239109992981
GATv2,87,11,0.05,random,18,0.006062537431716919
GATv2,87,11,0.05,random,19,0.0009319782257080078
GATv2,87,11,0.1,gnnexplainer,-1,0.026414424180984497
GATv2,87,11,0.1,random,0,0.0030676722526550293
GATv2,87,11,0.1,random,1,0.009194999933242798
GATv2,87,11,0.1,random,2,0.006507843732833862
GATv2,87,11,0.1,random,3,0.005147010087966919
GATv2,87,11,0.1,random,4,0.003035634756088257
GATv2,87,11,0.1,random,5,0.005442678928375244
GATv2,87,11,0.1,random,6,0.01195499300956726
GATv2,87,11,0.1,random,7,0.01580113172531128
GATv2,87,11,0.1,random,8,0.010745316743850708
GATv2,87,11,0.1,random,9,0.0014628767967224121
GATv2,87,11,0.1,random,10,0.00505712628364563
GATv2,87,11,0.1,random,11,0.0067251622676849365
GATv2,87,11,0.1,random,12,0.006715625524520874
GATv2,87,11,0.1,random,13,0.010135471820831299
GATv2,87,11,0.1,random,14,0.01826450228691101
GATv2,87,11,0.1,random,15,0.01264926791191101
GATv2,87,11,0.1,random,16,0.007396489381790161
GATv2,87,11,0.1,random,17,0.00887066125869751
GATv2,87,11,0.1,random,18,0.0017901360988616943
GATv2,87,11,0.1,random,19,0.01084020733833313
GATv2,87,11,0.2,gnnexplainer,-1,0.027416884899139404
GATv2,87,11,0.2,random,0,0.01773032546043396
GATv2,87,11,0.2,random,1,0.016103535890579224
GATv2,87,11,0.2,random,2,0.009921818971633911
GATv2,87,11,0.2,random,3,0.028127282857894897
GATv2,87,11,0.2,random,4,0.009075671434402466
GATv2,87,11,0.2,random,5,0.012294232845306396
GATv2,87,11,0.2,random,6,0.02098912000656128
GATv2,87,11,0.2,random,7,0.02654474973678589
GATv2,87,11,0.2,random,8,0.00872272253036499
GATv2,87,11,0.2,random,9,0.021251052618026733
GATv2,87,11,0.2,random,10,0.019538968801498413
GATv2,87,11,0.2,random,11,0.010905444622039795
GATv2,87,11,0.2,random,12,0.014293283224105835
GATv2,87,11,0.2,random,13,0.0060273706912994385
GATv2,87,11,0.2,random,14,0.004459172487258911
GATv2,87,11,0.2,random,15,0.012485682964324951
GATv2,87,11,0.2,random,16,0.00987786054611206
GATv2,87,11,0.2,random,17,0.016711175441741943
GATv2,87,11,0.2,random,18,0.016515910625457764
GATv2,87,11,0.2,random,19,0.019475489854812622
GATv2,87,23,0.05,gnnexplainer,-1,0.017619550228118896
GATv2,87,23,0.05,random,0,0.004573196172714233
GATv2,87,23,0.05,random,1,0.0013134479522705078
GATv2,87,23,0.05,random,2,0.004068940877914429
GATv2,87,23,0.05,random,3,0.00046318769454956055
GATv2,87,23,0.05,random,4,0.005470454692840576
GATv2,87,23,0.05,random,5,0.0020073354244232178
GATv2,87,23,0.05,random,6,0.006930679082870483
GATv2,87,23,0.05,random,7,6.186962127685547e-05
GATv2,87,23,0.05,random,8,0.00687757134437561
GATv2,87,23,0.05,random,9,0.0010153651237487793
GATv2,87,23,0.05,random,10,-0.0006249547004699707
GATv2,87,23,0.05,random,11,0.000600278377532959
GATv2,87,23,0.05,random,12,-0.0005196332931518555
GATv2,87,23,0.05,random,13,0.002007901668548584
GATv2,87,23,0.05,random,14,1.4483928680419922e-05
GATv2,87,23,0.05,random,15,0.006387889385223389
GATv2,87,23,0.05,random,16,-0.0013779401779174805
GATv2,87,23,0.05,random,17,0.0027334988117218018
GATv2,87,23,0.05,random,18,0.0038399100303649902
GATv2,87,23,0.05,random,19,0.00519445538520813
GATv2,87,23,0.1,gnnexplainer,-1,0.02208477258682251
GATv2,87,23,0.1,random,0,0.011453062295913696
GATv2,87,23,0.1,random,1,0.01052635908126831
GATv2,87,23,0.1,random,2,0.006298482418060303
GATv2,87,23,0.1,random,3,0.009732306003570557
GATv2,87,23,0.1,random,4,0.001727670431137085
GATv2,87,23,0.1,random,5,0.00714951753616333
GATv2,87,23,0.1,random,6,0.018051326274871826
GATv2,87,23,0.1,random,7,0.00875157117843628
GATv2,87,23,0.1,random,8,0.007028847932815552
GATv2,87,23,0.1,random,9,0.009067118167877197
GATv2,87,23,0.1,random,10,0.007913202047348022
GATv2,87,23,0.1,random,11,0.011356741189956665
GATv2,87,23,0.1,random,12,0.0028076767921447754
GATv2,87,23,0.1,random,13,0.007664859294891357
GATv2,87,23,0.1,random,14,0.003811866044998169
GATv2,87,23,0.1,random,15,0.00931328535079956
GATv2,87,23,0.1,random,16,0.00432974100112915
GATv2,87,23,0.1,random,17,0.003307431936264038
GATv2,87,23,0.1,random,18,0.007725745439529419
GATv2,87,23,0.1,random,19,0.00328102707862854
GATv2,87,23,0.2,gnnexplainer,-1,0.026295840740203857
GATv2,87,23,0.2,random,0,0.0222187340259552
GATv2,87,23,0.2,random,1,0.014538466930389404
GATv2,87,23,0.2,random,2,0.021616965532302856
GATv2,87,23,0.2,random,3,0.02145424485206604
GATv2,87,23,0.2,random,4,0.018898189067840576
GATv2,87,23,0.2,random,5,0.009997695684432983
GATv2,87,23,0.2,random,6,0.016478270292282104
GATv2,87,23,0.2,random,7,0.01207512617111206
GATv2,87,23,0.2,random,8,0.013852298259735107
GATv2,87,23,0.2,random,9,0.016046375036239624
GATv2,87,23,0.2,random,10,0.030646413564682007
GATv2,87,23,0.2,random,11,0.02400270104408264
GATv2,87,23,0.2,random,12,0.013956815004348755
GATv2,87,23,0.2,random,13,0.01015499234199524
GATv2,87,23,0.2,random,14,0.01578262448310852
GATv2,87,23,0.2,random,15,0.017448008060455322
GATv2,87,23,0.2,random,16,0.029866069555282593
GATv2,87,23,0.2,random,17,0.007221013307571411
GATv2,87,23,0.2,random,18,0.006666839122772217
GATv2,87,23,0.2,random,19,0.02510508894920349
GATv2,87,37,0.05,gnnexplainer,-1,0.017116844654083252
GATv2,87,37,0.05,random,0,0.003230661153793335
GATv2,87,37,0.05,random,1,0.0031944215297698975
GATv2,87,37,0.05,random,2,-0.0008396506309509277
GATv2,87,37,0.05,random,3,0.00732499361038208
GATv2,87,37,0.05,random,4,0.004488319158554077
GATv2,87,37,0.05,random,5,0.008198559284210205
GATv2,87,37,0.05,random,6,0.01330140233039856
GATv2,87,37,0.05,random,7,0.005977064371109009
GATv2,87,37,0.05,random,8,0.004668921232223511
GATv2,87,37,0.05,random,9,0.011527866125106812
GATv2,87,37,0.05,random,10,0.0033098161220550537
GATv2,87,37,0.05,random,11,0.0004696846008300781
GATv2,87,37,0.05,random,12,0.004717379808425903
GATv2,87,37,0.05,random,13,0.008470356464385986
GATv2,87,37,0.05,random,14,0.002422511577606201
GATv2,87,37,0.05,random,15,0.010321646928787231
GATv2,87,37,0.05,random,16,0.0060957372188568115
GATv2,87,37,0.05,random,17,0.005443751811981201
GATv2,87,37,0.05,random,18,0.002256423234939575
GATv2,87,37,0.05,random,19,0.003657013177871704
GATv2,87,37,0.1,gnnexplainer,-1,0.025349438190460205
GATv2,87,37,0.1,random,0,0.010829389095306396
GATv2,87,37,0.1,random,1,0.004684776067733765
GATv2,87,37,0.1,random,2,0.008323371410369873
GATv2,87,37,0.1,random,3,0.004212230443954468
GATv2,87,37,0.1,random,4,0.00012636184692382812
GATv2,87,37,0.1,random,5,0.0004540681838989258
GATv2,87,37,0.1,random,6,0.008001595735549927
GATv2,87,37,0.1,random,7,0.005578130483627319
GATv2,87,37,0.1,random,8,0.015278905630111694
GATv2,87,37,0.1,random,9,-0.0014017224311828613
GATv2,87,37,0.1,random,10,0.008556455373764038
GATv2,87,37,0.1,random,11,0.009220689535140991
GATv2,87,37,0.1,random,12,-0.0008144378662109375
GATv2,87,37,0.1,random,13,0.012527406215667725
GATv2,87,37,0.1,random,14,0.0117778480052948
GATv2,87,37,0.1,random,15,0.015319526195526123
GATv2,87,37,0.1,random,16,0.007879644632339478
GATv2,87,37,0.1,random,17,0.007752031087875366
GATv2,87,37,0.1,random,18,0.002477496862411499
GATv2,87,37,0.1,random,19,0.005176037549972534
GATv2,87,37,0.2,gnnexplainer,-1,0.02944272756576538
GATv2,87,37,0.2,random,0,0.021595686674118042
GATv2,87,37,0.2,random,1,0.013985484838485718
GATv2,87,37,0.2,random,2,0.004301339387893677
GATv2,87,37,0.2,random,3,0.018376439809799194
GATv2,87,37,0.2,random,4,0.015508681535720825
GATv2,87,37,0.2,random,5,0.012041747570037842
GATv2,87,37,0.2,random,6,0.02595001459121704
GATv2,87,37,0.2,random,7,0.02175840735435486
GATv2,87,37,0.2,random,8,0.018680602312088013
GATv2,87,37,0.2,random,9,0.009885251522064209
GATv2,87,37,0.2,random,10,0.012084990739822388
GATv2,87,37,0.2,random,11,0.021104395389556885
GATv2,87,37,0.2,random,12,0.016554445028305054
GATv2,87,37,0.2,random,13,0.013934165239334106
GATv2,87,37,0.2,random,14,0.009108096361160278
GATv2,87,37,0.2,random,15,0.01949790120124817
GATv2,87,37,0.2,random,16,0.013347834348678589
GATv2,87,37,0.2,random,17,0.022163331508636475
GATv2,87,37,0.2,random,18,0.02074664831161499
GATv2,87,37,0.2,random,19,0.007618695497512817
GATv2,9,11,0.05,gnnexplainer,-1,0.04976460337638855
GATv2,9,11,0.05,random,0,0.015438377857208252
GATv2,9,11,0.05,random,1,-0.0019767284393310547
GATv2,9,11,0.05,random,2,0.01613539457321167
GATv2,9,11,0.05,random,3,0.001259446144104004
GATv2,9,11,0.05,random,4,0.014191210269927979
GATv2,9,11,0.05,random,5,0.003803849220275879
GATv2,9,11,0.05,random,6,0.004588127136230469
GATv2,9,11,0.05,random,7,0.003011345863342285
GATv2,9,11,0.05,random,8,0.010578572750091553
GATv2,9,11,0.05,random,9,-0.005159556865692139
GATv2,9,11,0.05,random,10,-0.0023017525672912598
GATv2,9,11,0.05,random,11,0.010859012603759766
GATv2,9,11,0.05,random,12,0.005627453327178955
GATv2,9,11,0.05,random,13,0.0010088682174682617
GATv2,9,11,0.05,random,14,0.003064274787902832
GATv2,9,11,0.05,random,15,0.010026335716247559
GATv2,9,11,0.05,random,16,0.00578916072845459
GATv2,9,11,0.05,random,17,0.0028765201568603516
GATv2,9,11,0.05,random,18,0.0030156373977661133
GATv2,9,11,0.05,random,19,0.005207180976867676
GATv2,9,11,0.1,gnnexplainer,-1,0.07966285943984985
GATv2,9,11,0.1,random,0,0.023597359657287598
GATv2,9,11,0.1,random,1,0.0089760422706604
GATv2,9,11,0.1,random,2,0.015940964221954346
GATv2,9,11,0.1,random,3,0.01552969217300415
GATv2,9,11,0.1,random,4,0.018393874168395996
GATv2,9,11,0.1,random,5,0.0018606185913085938
GATv2,9,11,0.1,random,6,0.0026848316192626953
GATv2,9,11,0.1,random,7,0.018432915210723877
GATv2,9,11,0.1,random,8,0.014195919036865234
GATv2,9,11,0.1,random,9,0.000438690185546875
GATv2,9,11,0.1,random,10,0.020449161529541016
GATv2,9,11,0.1,random,11,0.00894474983215332
GATv2,9,11,0.1,random,12,0.007812738418579102
GATv2,9,11,0.1,random,13,0.014847755432128906
GATv2,9,11,0.1,random,14,0.004285037517547607
GATv2,9,11,0.1,random,15,0.018584370613098145
GATv2,9,11,0.1,random,16,0.027419686317443848
GATv2,9,11,0.1,random,17,0.015977442264556885
GATv2,9,11,0.1,random,18,0.014325320720672607
GATv2,9,11,0.1,random,19,0.018017232418060303
GATv2,9,11,0.2,gnnexplainer,-1,0.09355264902114868
GATv2,9,11,0.2,random,0,0.01868051290512085
GATv2,9,11,0.2,random,1,0.017143070697784424
GATv2,9,11,0.2,random,2,0.02302372455596924
GATv2,9,11,0.2,random,3,0.023201823234558105
GATv2,9,11,0.2,random,4,0.01942688226699829
GATv2,9,11,0.2,random,5,0.016061067581176758
GATv2,9,11,0.2,random,6,0.024411439895629883
GATv2,9,11,0.2,random,7,0.038829684257507324
GATv2,9,11,0.2,random,8,0.039715588092803955
GATv2,9,11,0.2,random,9,0.04009699821472168
GATv2,9,11,0.2,random,10,0.022139430046081543
GATv2,9,11,0.2,random,11,0.020316720008850098
GATv2,9,11,0.2,random,12,0.025972723960876465
GATv2,9,11,0.2,random,13,0.01240074634552002
GATv2,9,11,0.2,random,14,0.004572868347167969
GATv2,9,11,0.2,random,15,0.018815159797668457
GATv2,9,11,0.2,random,16,0.008645296096801758
GATv2,9,11,0.2,random,17,0.035831570625305176
GATv2,9,11,0.2,random,18,0.030425310134887695
GATv2,9,11,0.2,random,19,0.04077410697937012
GATv2,9,23,0.05,gnnexplainer,-1,0.04558494687080383
GATv2,9,23,0.05,random,0,-0.003635883331298828
GATv2,9,23,0.05,random,1,0.008721113204956055
GATv2,9,23,0.05,random,2,0.002821028232574463
GATv2,9,23,0.05,random,3,0.008661866188049316
GATv2,9,23,0.05,random,4,-0.006101369857788086
GATv2,9,23,0.05,random,5,-0.004499077796936035
GATv2,9,23,0.05,random,6,-0.0017722845077514648
GATv2,9,23,0.05,random,7,0.012966811656951904
GATv2,9,23,0.05,random,8,0.004929840564727783
GATv2,9,23,0.05,random,9,0.013324737548828125
GATv2,9,23,0.05,random,10,0.0047168731689453125
GATv2,9,23,0.05,random,11,0.01669156551361084
GATv2,9,23,0.05,random,12,0.01060187816619873
GATv2,9,23,0.05,random,13,0.003369152545928955
GATv2,9,23,0.05,random,14,0.006344914436340332
GATv2,9,23,0.05,random,15,0.006611168384552002
GATv2,9,23,0.05,random,16,0.0004146099090576172
GATv2,9,23,0.05,random,17,0.013483881950378418
GATv2,9,23,0.05,random,18,0.0005526542663574219
GATv2,9,23,0.05,random,19,0.017292797565460205
GATv2,9,23,0.1,gnnexplainer,-1,0.07966285943984985
GATv2,9,23,0.1,random,0,0.0214463472366333
GATv2,9,23,0.1,random,1,0.01233673095703125
GATv2,9,23,0.1,random,2,0.007757663726806641
GATv2,9,23,0.1,random,3,0.004189729690551758
GATv2,9,23,0.1,random,4,0.007927000522613525
GATv2,9,23,0.1,random,5,0.017810940742492676
GATv2,9,23,0.1,random,6,0.0012402534484863281
GATv2,9,23,0.1,random,7,0.009818851947784424
GATv2,9,23,0.1,random,8,0.015232622623443604
GATv2,9,23,0.1,random,9,0.01725590229034424
GATv2,9,23,0.1,random,10,0.03312253952026367
GATv2,9,23,0.1,random,11,0.01227957010269165
GATv2,9,23,0.1,random,12,0.015768826007843018
GATv2,9,23,0.1,random,13,0.03203636407852173
GATv2,9,23,0.1,random,14,0.0083543062210083
GATv2,9,23,0.1,random,15,0.03215146064758301
GATv2,9,23,0.1,random,16,0.005962848663330078
GATv2,9,23,0.1,random,17,0.006713449954986572
GATv2,9,23,0.1,random,18,0.019198179244995117
GATv2,9,23,0.1,random,19,0.0019276142120361328
GATv2,9,23,0.2,gnnexplainer,-1,0.08972892165184021
GATv2,9,23,0.2,random,0,0.026181578636169434
GATv2,9,23,0.2,random,1,0.01731884479522705
GATv2,9,23,0.2,random,2,0.0023703575134277344
GATv2,9,23,0.2,random,3,0.03425323963165283
GATv2,9,23,0.2,random,4,0.02552008628845215
GATv2,9,23,0.2,random,5,0.04170048236846924
GATv2,9,23,0.2,random,6,0.04221999645233154
GATv2,9,23,0.2,random,7,0.042386651039123535
GATv2,9,23,0.2,random,8,0.018057048320770264
GATv2,9,23,0.2,random,9,0.01956784725189209
GATv2,9,23,0.2,random,10,0.027474641799926758
GATv2,9,23,0.2,random,11,0.030767738819122314
GATv2,9,23,0.2,random,12,0.04702728986740112
GATv2,9,23,0.2,random,13,0.019615471363067627
GATv2,9,23,0.2,random,14,0.0323336124420166
GATv2,9,23,0.2,random,15,0.02721351385116577
GATv2,9,23,0.2,random,16,0.02199685573577881
GATv2,9,23,0.2,random,17,0.043188631534576416
GATv2,9,23,0.2,random,18,0.03244292736053467
GATv2,9,23,0.2,random,19,0.052698343992233276
GATv2,9,37,0.05,gnnexplainer,-1,0.047467052936553955
GATv2,9,37,0.05,random,0,0.0224229097366333
GATv2,9,37,0.05,random,1,0.006591796875
GATv2,9,37,0.05,random,2,0.024591445922851562
GATv2,9,37,0.05,random,3,0.008107662200927734
GATv2,9,37,0.05,random,4,0.010915994644165039
GATv2,9,37,0.05,random,5,0.01663196086883545
GATv2,9,37,0.05,random,6,0.010033488273620605
GATv2,9,37,0.05,random,7,0.013469338417053223
GATv2,9,37,0.05,random,8,0.006364941596984863
GATv2,9,37,0.05,random,9,0.012281179428100586
GATv2,9,37,0.05,random,10,0.0062978267669677734
GATv2,9,37,0.05,random,11,0.004151880741119385
GATv2,9,37,0.05,random,12,0.007123827934265137
GATv2,9,37,0.05,random,13,0.01331174373626709
GATv2,9,37,0.05,random,14,0.0029464364051818848
GATv2,9,37,0.05,random,15,0.006632864475250244
GATv2,9,37,0.05,random,16,0.003512442111968994
GATv2,9,37,0.05,random,17,0.0017315149307250977
GATv2,9,37,0.05,random,18,0.0027285218238830566
GATv2,9,37,0.05,random,19,-0.0009298324584960938
GATv2,9,37,0.1,gnnexplainer,-1,0.07966285943984985
GATv2,9,37,0.1,random,0,0.017959773540496826
GATv2,9,37,0.1,random,1,0.01375126838684082
GATv2,9,37,0.1,random,2,-0.00048536062240600586
GATv2,9,37,0.1,random,3,-0.0005415081977844238
GATv2,9,37,0.1,random,4,-0.00448375940322876
GATv2,9,37,0.1,random,5,0.003537297248840332
GATv2,9,37,0.1,random,6,0.011278033256530762
GATv2,9,37,0.1,random,7,0.02173161506652832
GATv2,9,37,0.1,random,8,0.013320684432983398
GATv2,9,37,0.1,random,9,0.011639952659606934
GATv2,9,37,0.1,random,10,0.014724016189575195
GATv2,9,37,0.1,random,11,0.0023623108863830566
GATv2,9,37,0.1,random,12,0.02578788995742798
GATv2,9,37,0.1,random,13,0.013325214385986328
GATv2,9,37,0.1,random,14,0.0034993886947631836
GATv2,9,37,0.1,random,15,0.005861759185791016
GATv2,9,37,0.1,random,16,0.005454599857330322
GATv2,9,37,0.1,random,17,0.02073502540588379
GATv2,9,37,0.1,random,18,0.00867152214050293
GATv2,9,37,0.1,random,19,0.013342976570129395
GATv2,9,37,0.2,gnnexplainer,-1,0.09959226846694946
GATv2,9,37,0.2,random,0,0.01468205451965332
GATv2,9,37,0.2,random,1,0.02734971046447754
GATv2,9,37,0.2,random,2,0.011162936687469482
GATv2,9,37,0.2,random,3,0.03101372718811035
GATv2,9,37,0.2,random,4,0.03264230489730835
GATv2,9,37,0.2,random,5,0.02023911476135254
GATv2,9,37,0.2,random,6,0.009673118591308594
GATv2,9,37,0.2,random,7,0.01786595582962036
GATv2,9,37,0.2,random,8,0.03550219535827637
GATv2,9,37,0.2,random,9,0.035933077335357666
GATv2,9,37,0.2,random,10,0.005597949028015137
GATv2,9,37,0.2,random,11,0.017489850521087646
GATv2,9,37,0.2,random,12,0.015279829502105713
GATv2,9,37,0.2,random,13,0.014400064945220947
GATv2,9,37,0.2,random,14,0.03138965368270874
GATv2,9,37,0.2,random,15,0.02410876750946045
GATv2,9,37,0.2,random,16,0.012635886669158936
GATv2,9,37,0.2,random,17,0.022454023361206055
GATv2,9,37,0.2,random,18,0.0301358699798584
GATv2,9,37,0.2,random,19,0.000988602638244629
