architecture,patient,area_factor,method,repeat,probability_IC_change,area_probe_shift_sd,eccentricity_probe_shift_sd,solidity_probe_shift_sd,feature_support_fraction,clinical_validity
GCN,101,0.95,gcia_morphology,-1,-0.003484576940536499,-0.06791400909423828,-0.034833669662475586,-0.03448319435119629,1.0,False
GCN,101,0.95,random,0,0.00034943222999572754,-0.006377220153808594,-0.0044863224029541016,0.022917628288269043,1.0,False
GCN,101,0.95,random,1,1.8805265426635742e-05,-7.069110870361328e-05,-0.04872560501098633,0.05072009563446045,1.0,False
GCN,101,0.95,random,2,0.0001353621482849121,0.005098819732666016,0.01534724235534668,0.00489199161529541,1.0,False
GCN,101,0.95,random,3,0.0006539523601531982,-0.015782415866851807,0.027081012725830078,-0.022545337677001953,1.0,False
GCN,101,0.95,random,4,0.0006142556667327881,0.00943976640701294,0.009715795516967773,0.0015511512756347656,1.0,False
GCN,101,0.95,random,5,-0.0008767545223236084,0.01131361722946167,-0.054570674896240234,0.06001687049865723,1.0,False
GCN,101,0.95,random,6,-0.0006459057331085205,-0.0009591579437255859,-0.012671232223510742,-0.0003559589385986328,1.0,False
GCN,101,0.95,random,7,-0.0011004507541656494,-0.010347843170166016,-0.035483598709106445,0.018096208572387695,1.0,False
GCN,101,0.95,random,8,-0.0017541944980621338,0.010035872459411621,-0.00028014183044433594,0.002845287322998047,1.0,False
GCN,101,0.95,random,9,-0.001430422067642212,-0.01050025224685669,-0.04833078384399414,0.0038362741470336914,1.0,False
GCN,101,0.95,random,10,-0.00016242265701293945,0.00312650203704834,0.018649578094482422,-0.04021000862121582,1.0,False
GCN,101,0.95,random,11,-0.0007722973823547363,-0.0007158517837524414,-0.004572868347167969,0.0011428594589233398,1.0,False
GCN,101,0.95,random,12,-0.0022257864475250244,0.0027990341186523438,-0.027363061904907227,0.003411412239074707,1.0,False
GCN,101,0.95,random,13,-0.0009275078773498535,0.0030490756034851074,-0.009633779525756836,-0.020873427391052246,1.0,False
GCN,101,0.95,random,14,-4.1931867599487305e-05,-1.537799835205078e-05,-0.028360366821289062,0.02011561393737793,1.0,False
GCN,101,0.95,random,15,0.0009839832782745361,-0.002111196517944336,-0.00708460807800293,0.004975676536560059,1.0,False
GCN,101,0.95,random,16,0.0010991692543029785,-0.007505953311920166,-0.007765054702758789,0.013615846633911133,1.0,False
GCN,101,0.95,random,17,-0.0010113418102264404,-0.0027610063552856445,-0.014875650405883789,0.02156198024749756,1.0,False
GCN,101,0.95,random,18,-9.837746620178223e-05,-0.007613122463226318,-0.03161501884460449,0.014562726020812988,1.0,False
GCN,101,0.95,random,19,7.584691047668457e-05,-0.0031228065490722656,0.03661537170410156,-0.04076683521270752,1.0,False
GCN,101,1.05,gcia_morphology,-1,0.004006832838058472,0.06884872913360596,0.029083967208862305,0.033260464668273926,1.0,False
GCN,101,1.05,random,0,-0.0005408823490142822,0.004095137119293213,-0.02828073501586914,0.003623485565185547,1.0,False
GCN,101,1.05,random,1,0.0006633102893829346,0.0038862228393554688,0.01993846893310547,-0.010913252830505371,1.0,False
GCN,101,1.05,random,2,0.002111762762069702,0.0021233558654785156,0.026488065719604492,-0.02295088768005371,1.0,False
GCN,101,1.05,random,3,0.00017210841178894043,-0.001959502696990967,-0.012963294982910156,0.010510087013244629,1.0,False
GCN,101,1.05,random,4,0.0005005300045013428,-0.005776107311248779,0.018944978713989258,-0.02044391632080078,1.0,False
GCN,101,1.05,random,5,0.002017676830291748,0.0033825039863586426,0.00766444206237793,0.01772916316986084,1.0,False
GCN,101,1.05,random,6,-0.0016071498394012451,0.0006563663482666016,0.02660679817199707,-0.011289358139038086,1.0,False
GCN,101,1.05,random,7,0.00048285722732543945,-0.00478816032409668,0.013376235961914062,-0.03443920612335205,1.0,False
GCN,101,1.05,random,8,0.0010648071765899658,-0.002381742000579834,-0.003913402557373047,-0.01662135124206543,1.0,False
GCN,101,1.05,random,9,0.0009956657886505127,0.008949518203735352,0.0416412353515625,-0.0034862756729125977,1.0,False
GCN,101,1.05,random,10,0.0016820728778839111,0.00814729928970337,0.0003478527069091797,0.016333699226379395,1.0,False
GCN,101,1.05,random,11,0.0010839998722076416,-0.0072318315505981445,-0.011249542236328125,0.015369653701782227,1.0,False
GCN,101,1.05,random,12,0.001026540994644165,-0.004537999629974365,-0.03191661834716797,0.03738737106323242,1.0,False
GCN,101,1.05,random,13,0.0008372366428375244,0.011721491813659668,0.020166635513305664,-0.007228970527648926,1.0,False
GCN,101,1.05,random,14,-0.0009436309337615967,0.0008612871170043945,-0.011226415634155273,0.02350175380706787,1.0,False
GCN,101,1.05,random,15,0.0003539919853210449,0.0032262206077575684,-0.01822805404663086,0.01673901081085205,1.0,False
GCN,101,1.05,random,16,-0.00021517276763916016,-0.0006043314933776855,-0.029111623764038086,0.04213535785675049,1.0,False
GCN,101,1.05,random,17,0.0009897351264953613,0.005084037780761719,-0.0256805419921875,0.02910768985748291,1.0,False
GCN,101,1.05,random,18,-0.0017401278018951416,0.0035284757614135742,-0.019704818725585938,0.025380611419677734,1.0,False
GCN,101,1.05,random,19,0.0024698376655578613,0.01830470561981201,-0.02076554298400879,0.024512052536010742,1.0,False
GCN,102,0.95,gcia_morphology,-1,-0.026730716228485107,-0.15657036006450653,0.000637102872133255,-0.02196066454052925,1.0,False
GCN,102,0.95,random,0,0.00028711557388305664,0.0058526694774627686,0.016438011080026627,-0.008565384894609451,1.0,False
GCN,102,0.95,random,1,-0.0028821229934692383,-0.0027254223823547363,0.00013936683535575867,-0.01626598834991455,1.0,False
GCN,102,0.95,random,2,0.002900063991546631,0.007710576057434082,0.013503890484571457,0.011245165020227432,1.0,False
GCN,102,0.95,random,3,-0.004334747791290283,-0.018657684326171875,0.0033623427152633667,-0.007183201611042023,1.0,False
GCN,102,0.95,random,4,-0.00022155046463012695,-0.001324295997619629,0.008306067436933517,0.011273201555013657,1.0,False
GCN,102,0.95,random,5,-0.002977907657623291,-0.009648621082305908,0.0014340393245220184,-0.02871239185333252,1.0,False
GCN,102,0.95,random,6,0.0023689866065979004,0.01233762502670288,-0.0031323395669460297,-0.002214580774307251,1.0,False
GCN,102,0.95,random,7,-0.003377974033355713,-0.0051003992557525635,0.004533212631940842,-0.0009738616645336151,1.0,False
GCN,102,0.95,random,8,-0.0006663203239440918,-0.007500648498535156,0.0350022129714489,-0.009657144546508789,1.0,False
GCN,102,0.95,random,9,-0.0038626790046691895,-0.011078715324401855,-0.0064198412001132965,0.018729817122220993,1.0,False
GCN,102,0.95,random,10,0.0009473562240600586,0.007345348596572876,0.045416418462991714,0.001010008156299591,1.0,False
GCN,102,0.95,random,11,-0.005288660526275635,-0.0074395835399627686,0.02088148519396782,0.00787755474448204,1.0,False
GCN,102,0.95,random,12,0.0007055401802062988,-0.0017952919006347656,0.016346853226423264,-0.03428598493337631,1.0,False
GCN,102,0.95,random,13,-0.0005969405174255371,-0.0029454827308654785,0.01859387382864952,0.0035173483192920685,1.0,False
GCN,102,0.95,random,14,-0.0016794800758361816,-0.010101765394210815,0.005900446325540543,-0.026394642889499664,1.0,False
GCN,102,0.95,random,15,-0.0017510056495666504,-0.009090214967727661,0.005936469882726669,-0.027962613850831985,1.0,False
GCN,102,0.95,random,16,0.0005571842193603516,-0.006773054599761963,-0.0068043433129787445,0.02864701673388481,1.0,False
GCN,102,0.95,random,17,-0.00023764371871948242,0.01536598801612854,0.009987454861402512,0.025840330868959427,1.0,False
GCN,102,0.95,random,18,0.0001437664031982422,0.014120370149612427,-0.0050745196640491486,0.03417756035923958,1.0,False
GCN,102,0.95,random,19,-0.000921785831451416,-0.013039201498031616,0.0006186403334140778,-0.019298292696475983,1.0,False
GCN,102,1.05,gcia_morphology,-1,0.02663654088973999,0.15573972463607788,-0.005885466933250427,0.02056824043393135,1.0,False
GCN,102,1.05,random,0,0.0032826662063598633,-0.0060533881187438965,-0.023960910737514496,-0.004371941089630127,1.0,False
GCN,102,1.05,random,1,-0.002352774143218994,-0.008466541767120361,-0.020420346409082413,-0.01044543832540512,1.0,False
GCN,102,1.05,random,2,-0.0038316845893859863,-0.012686312198638916,0.009164545685052872,0.011481013149023056,1.0,False
GCN,102,1.05,random,3,0.0032920241355895996,0.015288949012756348,-0.0026703402400016785,0.023428183048963547,1.0,False
GCN,102,1.05,random,4,0.000451505184173584,0.001485198736190796,-0.012817230075597763,0.0021739862859249115,1.0,False
GCN,102,1.05,random,5,0.001598954200744629,0.0040400028228759766,0.053813036531209946,-0.032794512808322906,1.0,False
GCN,102,1.05,random,6,-0.003955185413360596,0.002603381872177124,0.012869138270616531,0.045113977044820786,1.0,False
GCN,102,1.05,random,7,-0.00040662288665771484,0.013523757457733154,-4.254654049873352e-05,0.0023720525205135345,1.0,False
GCN,102,1.05,random,8,-0.0013557672500610352,-0.004138827323913574,0.022784072905778885,0.004864562302827835,1.0,False
GCN,102,1.05,random,9,-0.003350198268890381,-0.008720338344573975,-0.005895394831895828,-0.0019379518926143646,1.0,False
GCN,102,1.05,random,10,0.003588259220123291,0.014275789260864258,-0.02189510688185692,0.0019527189433574677,1.0,False
GCN,102,1.05,random,11,-0.004540562629699707,-0.009314358234405518,0.04376712068915367,0.029305879026651382,1.0,False
GCN,102,1.05,random,12,0.0008072257041931152,0.007301509380340576,-0.008734297007322311,0.01110614463686943,1.0,False
GCN,102,1.05,random,13,-0.002758502960205078,0.008201301097869873,-0.0024427808821201324,0.02122439071536064,1.0,False
GCN,102,1.05,random,14,-0.0011458992958068848,0.0020713210105895996,0.0024284161627292633,0.0009568110108375549,1.0,False
GCN,102,1.05,random,15,-0.0009229779243469238,0.00015971064567565918,-0.030119605362415314,0.02441912516951561,1.0,False
GCN,102,1.05,random,16,-0.0014882683753967285,-0.003601372241973877,0.000555872917175293,-0.0032575801014900208,1.0,False
GCN,102,1.05,random,17,0.001765429973602295,-0.006123393774032593,0.019847247749567032,-0.03668191283941269,1.0,False
GCN,102,1.05,random,18,-0.0013714432716369629,-0.00759732723236084,0.003170464187860489,0.004442524164915085,1.0,False
GCN,102,1.05,random,19,0.0033992528915405273,0.00470694899559021,0.007256586104631424,-0.022309277206659317,1.0,False
GCN,106,0.95,gcia_morphology,-1,-0.02729654312133789,-0.16288134455680847,0.005807399749755859,-0.020821958780288696,1.0,False
GCN,106,0.95,random,0,0.0018696784973144531,0.0020676255226135254,-0.0007627606391906738,-0.022302746772766113,1.0,False
GCN,106,0.95,random,1,-0.001778721809387207,-0.0029483139514923096,-0.013897418975830078,0.018456995487213135,1.0,False
GCN,106,0.95,random,2,-0.0008639693260192871,-0.004461854696273804,-0.0009566843509674072,0.011110469698905945,0.998774528503418,False
GCN,106,0.95,random,3,-0.00036263465881347656,-0.004696279764175415,0.009114950895309448,0.007453024387359619,1.0,False
GCN,106,0.95,random,4,0.00022536516189575195,0.005002021789550781,-0.005916625261306763,0.02882544696331024,1.0,False
GCN,106,0.95,random,5,-0.0006856918334960938,-0.003987133502960205,-0.004189968109130859,-0.0033842623233795166,1.0,False
GCN,106,0.95,random,6,-0.002510249614715576,-0.004216879606246948,0.0016973018646240234,0.02739034593105316,1.0,False
GCN,106,0.95,random,7,0.00046324729919433594,0.001723647117614746,0.024804264307022095,-0.02418816089630127,0.998774528503418,False
GCN,106,0.95,random,8,-0.0004572272300720215,0.0020615756511688232,-0.009155452251434326,-0.0024663805961608887,1.0,False
GCN,106,0.95,random,9,0.00028324127197265625,0.008741915225982666,0.004315584897994995,0.01168881356716156,0.998774528503418,False
GCN,106,0.95,random,10,0.0010716915130615234,-0.007293194532394409,-0.010158121585845947,-0.018134653568267822,1.0,False
GCN,106,0.95,random,11,-0.000827789306640625,0.003968238830566406,-0.005814641714096069,0.036258429288864136,1.0,False
GCN,106,0.95,random,12,-0.000713050365447998,-0.006951451301574707,-0.01792234182357788,0.005653247237205505,1.0,False
GCN,106,0.95,random,13,0.0011447668075561523,-0.0014078617095947266,-0.016951531171798706,-0.01765298843383789,1.0,False
GCN,106,0.95,random,14,0.0010629892349243164,0.0022181272506713867,-0.02570551633834839,0.020500287413597107,1.0,False
GCN,106,0.95,random,15,-1.9073486328125e-06,-0.002126932144165039,0.012034177780151367,-0.0004781782627105713,1.0,False
GCN,106,0.95,random,16,0.002621471881866455,0.005380690097808838,-0.010730057954788208,0.0011908113956451416,1.0,False
GCN,106,0.95,random,17,0.0012250542640686035,0.002494722604751587,-0.013686835765838623,0.0039598047733306885,1.0,False
GCN,106,0.95,random,18,0.00012099742889404297,0.00836557149887085,0.018519163131713867,0.011303901672363281,1.0,False
GCN,106,0.95,random,19,-0.0004917383193969727,0.009055495262145996,-0.004352092742919922,0.030961886048316956,0.998774528503418,False
GCN,106,1.05,gcia_morphology,-1,0.026397705078125,0.1641218066215515,-0.009998142719268799,0.021638542413711548,1.0,False
GCN,106,1.05,random,0,0.00205308198928833,0.0093231201171875,-0.011029362678527832,0.008873999118804932,1.0,False
GCN,106,1.05,random,1,0.002194643020629883,0.00039273500442504883,-0.007184714078903198,-0.0052658915519714355,1.0,False
GCN,106,1.05,random,2,0.000392913818359375,0.001985400915145874,-0.0016287565231323242,0.01731705665588379,0.998774528503418,False
GCN,106,1.05,random,3,-1.0192394256591797e-05,0.005056619644165039,-0.0016261935234069824,0.004168510437011719,1.0,False
GCN,106,1.05,random,4,-0.0014051198959350586,-0.001790761947631836,0.017745941877365112,-0.01069524884223938,1.0,False
GCN,106,1.05,random,5,0.00021821260452270508,-0.005638152360916138,0.0082017183303833,-0.02794995903968811,1.0,False
GCN,106,1.05,random,6,0.0005300641059875488,0.012327134609222412,-0.005948960781097412,0.01712849736213684,1.0,False
GCN,106,1.05,random,7,-0.0003151893615722656,-0.010655194520950317,0.011015176773071289,-0.018580734729766846,1.0,False
GCN,106,1.05,random,8,-0.004359722137451172,-0.021058768033981323,-0.021699488162994385,0.010041669011116028,1.0,False
GCN,106,1.05,random,9,-0.0024649500846862793,0.000727236270904541,-0.019852250814437866,0.031686365604400635,1.0,False
GCN,106,1.05,random,10,0.0016144514083862305,-0.0037730932235717773,0.018103599548339844,-0.026959985494613647,1.0,False
GCN,106,1.05,random,11,0.0033686161041259766,0.022041022777557373,-0.02923104166984558,0.030416041612625122,1.0,False
GCN,106,1.05,random,12,-0.0015697479248046875,0.001099228858947754,-0.0025217831134796143,0.006116226315498352,1.0,False
GCN,106,1.05,random,13,0.0013831257820129395,0.006551086902618408,-0.0004653036594390869,-0.010925650596618652,1.0,False
GCN,106,1.05,random,14,0.0005143880844116211,-0.002664715051651001,-0.007385849952697754,-0.02350601553916931,1.0,False
GCN,106,1.05,random,15,0.0007683038711547852,0.003221273422241211,0.003968685865402222,0.005410432815551758,1.0,False
GCN,106,1.05,random,16,-0.0009052753448486328,-0.009543538093566895,-0.002850830554962158,-0.02006697654724121,1.0,False
GCN,106,1.05,random,17,0.0019355416297912598,0.013828396797180176,-0.024085015058517456,0.04018174111843109,1.0,False
GCN,106,1.05,random,18,0.0015567541122436523,0.010277152061462402,0.003422468900680542,0.006028786301612854,1.0,False
GCN,106,1.05,random,19,-0.0006124377250671387,0.005913257598876953,-0.015085786581039429,0.006682455539703369,1.0,False
GCN,118,0.95,gcia_morphology,-1,-0.01990485191345215,-0.1336759626865387,-0.019481122493743896,-0.04042142629623413,1.0,False
GCN,118,0.95,random,0,-0.00045609474182128906,-0.009326502680778503,0.0017977356910705566,-0.011497199535369873,1.0,False
GCN,118,0.95,random,1,0.001475512981414795,0.009264558553695679,0.012115061283111572,0.004699766635894775,1.0,False
GCN,118,0.95,random,2,-0.002217233180999756,-0.011217877268791199,-0.01714080572128296,0.011984407901763916,1.0,False
GCN,118,0.95,random,3,-0.0033732056617736816,-0.015256687998771667,0.015203356742858887,-0.009138047695159912,1.0,False
GCN,118,0.95,random,4,-0.0019764304161071777,0.002232477068901062,0.02195298671722412,0.012539565563201904,1.0,False
GCN,118,0.95,random,5,-0.0032230615615844727,-0.0028468817472457886,0.024775803089141846,0.026103317737579346,1.0,False
GCN,118,0.95,random,6,-0.0016889572143554688,-0.0018334537744522095,0.012655675411224365,0.0020911693572998047,1.0,False
GCN,118,0.95,random,7,0.0019169449806213379,-0.003471061587333679,0.02598714828491211,-0.05513221025466919,1.0,False
GCN,118,0.95,random,8,0.0026027560234069824,0.003935322165489197,0.0042937397956848145,0.023947536945343018,1.0,False
GCN,118,0.95,random,9,-0.0005019307136535645,0.02205614745616913,0.008555114269256592,0.007634639739990234,1.0,False
GCN,118,0.95,random,10,-0.0029134750366210938,-0.00477232038974762,-0.025513052940368652,-0.005965828895568848,1.0,False
GCN,118,0.95,random,11,6.4849853515625e-05,-0.005408450961112976,-0.007521986961364746,-0.0044171810150146484,1.0,False
GCN,118,0.95,random,12,-0.004420340061187744,-0.015734776854515076,0.032947421073913574,-0.015453338623046875,1.0,False
GCN,118,0.95,random,13,0.0009108185768127441,0.00948895514011383,-0.03353285789489746,0.059278786182403564,1.0,False
GCN,118,0.95,random,14,0.0020279884338378906,0.006086379289627075,0.013612210750579834,-0.02279031276702881,1.0,False
GCN,118,0.95,random,15,-0.0022920966148376465,-0.0014215707778930664,-0.03300750255584717,0.045148372650146484,1.0,False
GCN,118,0.95,random,16,0.001437842845916748,0.003410845994949341,0.03962564468383789,-0.03669548034667969,1.0,False
GCN,118,0.95,random,17,0.0023822784423828125,0.0074917227029800415,-0.04201984405517578,0.027371227741241455,1.0,False
GCN,118,0.95,random,18,0.0037199854850769043,0.013008669018745422,-0.009249508380889893,0.010336697101593018,1.0,False
GCN,118,0.95,random,19,0.0033452510833740234,0.022030815482139587,0.003925681114196777,0.02224522829055786,1.0,False
GCN,118,1.05,gcia_morphology,-1,0.01988428831100464,0.13392816483974457,0.01874995231628418,0.03913658857345581,1.0,False
GCN,118,1.05,random,0,0.0005603432655334473,0.008559778332710266,0.05916714668273926,-0.014090538024902344,1.0,False
GCN,118,1.05,random,1,-0.0015307068824768066,-0.007668361067771912,-0.022844254970550537,-0.012861490249633789,1.0,False
GCN,118,1.05,random,2,0.0006790757179260254,-0.016607820987701416,0.008971154689788818,-0.049468398094177246,1.0,False
GCN,118,1.05,random,3,-0.0018472671508789062,-0.013894453644752502,-0.007042884826660156,-0.010869324207305908,1.0,False
GCN,118,1.05,random,4,0.0008946061134338379,0.0041947513818740845,0.0237271785736084,-0.005372822284698486,1.0,False
GCN,118,1.05,random,5,0.00044149160385131836,0.0008316785097122192,-0.019520282745361328,0.00921565294265747,1.0,False
GCN,118,1.05,random,6,0.0026341676712036133,0.016374602913856506,0.024190068244934082,0.01687037944793701,1.0,False
GCN,118,1.05,random,7,0.0016270279884338379,0.010736450552940369,0.00973278284072876,0.0005956888198852539,1.0,False
GCN,118,1.05,random,8,-0.0016654133796691895,-0.006243571639060974,-0.03341710567474365,0.016423702239990234,1.0,False
GCN,118,1.05,random,9,3.2961368560791016e-05,-0.010190263390541077,0.01954472064971924,-0.01883786916732788,1.0,False
GCN,118,1.05,random,10,0.0026609301567077637,0.0020710378885269165,-0.01199185848236084,0.01888728141784668,1.0,False
GCN,118,1.05,random,11,-0.0008381009101867676,0.009462282061576843,-0.027859091758728027,0.039889752864837646,1.0,False
GCN,118,1.05,random,12,0.001711428165435791,0.0055207014083862305,-0.002629578113555908,-0.006529688835144043,1.0,False
GCN,118,1.05,random,13,0.0022549033164978027,0.01106947660446167,-0.0520097017288208,0.05304962396621704,1.0,False
GCN,118,1.05,random,14,0.0003376007080078125,-0.0070155709981918335,-0.001458287239074707,0.006490945816040039,1.0,False
GCN,118,1.05,random,15,0.0005331635475158691,-0.01147453486919403,0.007828116416931152,-0.03226172924041748,1.0,False
GCN,118,1.05,random,16,-7.68899917602539e-06,-0.01297403872013092,-0.013874411582946777,0.024167299270629883,1.0,False
GCN,118,1.05,random,17,-0.0010771751403808594,-0.0012577325105667114,-0.004874050617218018,0.007727503776550293,1.0,False
GCN,118,1.05,random,18,0.0014266371726989746,-0.0004961788654327393,0.010371387004852295,-0.0036062002182006836,1.0,False
GCN,118,1.05,random,19,-0.004264891147613525,-0.025302186608314514,0.005801260471343994,-0.03736388683319092,1.0,False
GCN,120,0.95,gcia_morphology,-1,-0.024662017822265625,-0.15091994404792786,0.004787623882293701,-0.06500953435897827,1.0,False
GCN,120,0.95,random,0,-0.00013843178749084473,0.0020155534148216248,-0.014129698276519775,0.012381419539451599,1.0,False
GCN,120,0.95,random,1,-0.0009223520755767822,-0.0064109936356544495,-0.005681514739990234,-0.02592344582080841,1.0,False
GCN,120,0.95,random,2,0.0025482177734375,0.008489720523357391,0.005747199058532715,-0.00030265748500823975,1.0,False
GCN,120,0.95,random,3,0.0017085671424865723,0.00510416179895401,-0.013888239860534668,0.018778368830680847,1.0,False
GCN,120,0.95,random,4,0.0031404495239257812,0.007208101451396942,0.0015974640846252441,0.014391884207725525,1.0,False
GCN,120,0.95,random,5,0.001113981008529663,0.009568698704242706,0.00465703010559082,0.013796746730804443,1.0,False
GCN,120,0.95,random,6,0.0021022260189056396,0.013008974492549896,-0.010598838329315186,0.03542278707027435,1.0,False
GCN,120,0.95,random,7,-0.0011768341064453125,-0.005564756691455841,0.015466094017028809,0.0038640201091766357,1.0,False
GCN,120,0.95,random,8,0.00033527612686157227,0.004711329936981201,0.015076160430908203,-0.0010097473859786987,1.0,False
GCN,120,0.95,random,9,-0.0006430149078369141,0.005103539675474167,-0.0034638643264770508,0.02260388433933258,1.0,False
GCN,120,0.95,random,10,0.002857804298400879,0.011293824762105942,-0.008036375045776367,-0.012229487299919128,1.0,False
GCN,120,0.95,random,11,-0.0010067522525787354,-0.011694245040416718,-0.0019285082817077637,-0.03828299045562744,1.0,False
GCN,120,0.95,random,12,-0.0022940635681152344,-0.011290773749351501,0.017020463943481445,-0.024458706378936768,1.0,False
GCN,120,0.95,random,13,-0.0007966160774230957,-0.0015164688229560852,-0.016925930976867676,0.0013093799352645874,1.0,False
GCN,120,0.95,random,14,0.0008097589015960693,-0.005834557116031647,-0.021414637565612793,-0.001651853322982788,1.0,False
GCN,120,0.95,random,15,-0.0006205439567565918,-4.958733916282654e-05,0.0023957490921020508,0.013200968503952026,1.0,False
GCN,120,0.95,random,16,-0.00033980607986450195,-0.003810938447713852,-0.0033017396926879883,0.005559667944908142,1.0,False
GCN,120,0.95,random,17,0.0001068115234375,-0.008509393781423569,0.01895838975906372,-0.015490517020225525,1.0,False
GCN,120,0.95,random,18,-0.00015357136726379395,0.008819758892059326,0.018066823482513428,0.027973875403404236,1.0,False
GCN,120,0.95,random,19,-0.00048807263374328613,0.0010722093284130096,0.012117147445678711,0.008296772837638855,1.0,False
GCN,120,1.05,gcia_morphology,-1,0.02642175555229187,0.15348300337791443,-0.008791208267211914,0.06099782884120941,1.0,False
GCN,120,1.05,random,0,-5.805492401123047e-05,-0.0008315518498420715,0.005979001522064209,-0.01391763985157013,1.0,False
GCN,120,1.05,random,1,0.001947849988937378,0.009642139077186584,0.014667093753814697,0.009704843163490295,1.0,False
GCN,120,1.05,random,2,-0.0008060932159423828,-0.0038094669580459595,0.017923474311828613,0.00015544891357421875,1.0,False
GCN,120,1.05,random,3,-0.002026379108428955,0.004665970802307129,0.003416895866394043,0.014830797910690308,1.0,False
GCN,120,1.05,random,4,0.0006057918071746826,0.012231376022100449,-0.003343820571899414,0.010479077696800232,1.0,False
GCN,120,1.05,random,5,0.0006612241268157959,-0.006568491458892822,-0.01221001148223877,-0.01056179404258728,1.0,False
GCN,120,1.05,random,6,-0.00042060017585754395,0.0006141476333141327,0.007880568504333496,0.004935562610626221,1.0,False
GCN,120,1.05,random,7,-0.0006328821182250977,0.004149526357650757,0.007977843284606934,0.004509463906288147,1.0,False
GCN,120,1.05,random,8,-0.0001882612705230713,0.004309564828872681,0.035772740840911865,-0.0003005564212799072,1.0,False
GCN,120,1.05,random,9,5.900859832763672e-06,0.0010750293731689453,-0.014390766620635986,0.012659803032875061,1.0,False
GCN,120,1.05,random,10,-0.0020579099655151367,-0.011493608355522156,0.017782270908355713,-0.019558489322662354,1.0,False
GCN,120,1.05,random,11,-0.0008574128150939941,0.00014612823724746704,-0.019066333770751953,0.01145203411579132,1.0,False
GCN,120,1.05,random,12,-0.001999974250793457,-0.0024809613823890686,0.010446667671203613,0.023811236023902893,1.0,False
GCN,120,1.05,random,13,0.00024312734603881836,0.006094396114349365,0.0037217140197753906,-0.011631906032562256,1.0,False
GCN,120,1.05,random,14,-0.002603590488433838,-0.014118589460849762,0.03071773052215576,-0.027740314602851868,1.0,False
GCN,120,1.05,random,15,0.002367556095123291,0.006153140217065811,-0.018803954124450684,0.026755258440971375,1.0,False
GCN,120,1.05,random,16,-0.0021457672119140625,-0.00233348086476326,0.020150601863861084,-0.013850629329681396,1.0,False
GCN,120,1.05,random,17,-0.0009376108646392822,-0.003123365342617035,0.010986864566802979,-0.008871302008628845,1.0,False
GCN,120,1.05,random,18,0.0017457902431488037,0.003456704318523407,-0.0298689603805542,0.01002204418182373,1.0,False
GCN,120,1.05,random,19,0.001498192548751831,0.006494898349046707,-0.0069658756256103516,0.007431462407112122,1.0,False
GCN,124,0.95,gcia_morphology,-1,-0.02053236961364746,-0.15369607508182526,-0.013380378484725952,-0.04034265875816345,1.0,False
GCN,124,0.95,random,0,-0.0013323426246643066,-0.0029727816581726074,-0.0016293525695800781,0.014001607894897461,1.0,False
GCN,124,0.95,random,1,-0.0009386539459228516,-0.0027053654193878174,0.012736350297927856,0.00326499342918396,1.0,False
GCN,124,0.95,random,2,-0.00021225214004516602,0.003993093967437744,-0.016138821840286255,0.01943039894104004,1.0,False
GCN,124,0.95,random,3,-0.001369476318359375,-0.003824949264526367,-0.003990739583969116,-0.00990787148475647,1.0,False
GCN,124,0.95,random,4,0.0003619194030761719,-0.005770295858383179,-6.341934204101562e-05,-0.01742604374885559,1.0,False
GCN,124,0.95,random,5,0.0011210441589355469,0.00257110595703125,0.010252177715301514,-0.010956734418869019,1.0,False
GCN,124,0.95,random,6,0.0001799464225769043,-0.005015581846237183,0.019013017416000366,-0.014108985662460327,1.0,False
GCN,124,0.95,random,7,-7.730722427368164e-05,-0.010191693902015686,-0.011034846305847168,-0.0017101764678955078,1.0,False
GCN,124,0.95,random,8,-0.001058042049407959,0.001895308494567871,-0.008021563291549683,0.01935511827468872,1.0,False
GCN,124,0.95,random,9,0.00020712614059448242,0.0036687999963760376,-0.005620688199996948,-0.004154175519943237,1.0,False
GCN,124,0.95,random,10,0.0010562539100646973,-0.001211315393447876,0.008281499147415161,-0.018708467483520508,1.0,False
GCN,124,0.95,random,11,-0.0002078413963317871,-0.005337268114089966,0.020252317190170288,-0.006757587194442749,1.0,False
GCN,124,0.95,random,12,-0.0023595690727233887,-0.015318796038627625,-0.005205243825912476,0.005414485931396484,1.0,False
GCN,124,0.95,random,13,0.0012063980102539062,0.004982411861419678,-0.005158573389053345,-0.013832002878189087,1.0,False
GCN,124,0.95,random,14,0.001346886157989502,-7.76052474975586e-05,0.001093059778213501,-0.012149572372436523,1.0,False
GCN,124,0.95,random,15,-0.001798093318939209,-0.0026935935020446777,-0.00476488471031189,0.010009825229644775,1.0,False
GCN,124,0.95,random,16,-0.0011672377586364746,-0.006219103932380676,0.010140180587768555,0.008643239736557007,1.0,False
GCN,124,0.95,random,17,0.00031322240829467773,0.00235062837600708,-0.00409853458404541,0.013114869594573975,1.0,False
GCN,124,0.95,random,18,0.0002818107604980469,0.000554397702217102,0.004776269197463989,-0.004720926284790039,1.0,False
GCN,124,0.95,random,19,-0.0011847615242004395,-0.002183064818382263,-0.0040853023529052734,-0.0005096197128295898,1.0,False
GCN,124,1.05,gcia_morphology,-1,0.020872414112091064,0.15290561318397522,0.007664114236831665,0.03672170639038086,1.0,False
GCN,124,1.05,random,0,0.0007041096687316895,-0.006465062499046326,0.005888193845748901,-0.010008126497268677,1.0,False
GCN,124,1.05,random,1,-0.0010502934455871582,-0.009164020419120789,0.014361381530761719,-0.00710335373878479,1.0,False
GCN,124,1.05,random,2,0.0010418295860290527,0.0008074045181274414,0.012040823698043823,-0.010328561067581177,1.0,False
GCN,124,1.05,random,3,0.0019223690032958984,0.010379299521446228,-0.013016581535339355,0.005834013223648071,1.0,False
GCN,124,1.05,random,4,-7.849931716918945e-05,-0.0014138966798782349,-0.008429169654846191,0.009502798318862915,1.0,False
GCN,124,1.05,random,5,-0.0017102956771850586,-0.0007518231868743896,0.0022937357425689697,0.008374452590942383,1.0,False
GCN,124,1.05,random,6,0.0009624958038330078,0.00719963014125824,-0.002594083547592163,-0.0008861422538757324,1.0,False
GCN,124,1.05,random,7,0.0009670257568359375,-0.0016631335020065308,-0.013813436031341553,0.01563820242881775,1.0,False
GCN,124,1.05,random,8,0.0027257800102233887,0.010675773024559021,0.011104315519332886,0.002855151891708374,1.0,False
GCN,124,1.05,random,9,-0.0010358095169067383,-0.007990509271621704,0.006708502769470215,-0.014288067817687988,1.0,False
GCN,124,1.05,random,10,0.0012989044189453125,0.005791515111923218,-0.013034909963607788,0.010251849889755249,1.0,False
GCN,124,1.05,random,11,0.0004703402519226074,-0.0031091272830963135,0.00019416213035583496,-0.014028191566467285,1.0,False
GCN,124,1.05,random,12,-7.277727127075195e-05,0.001069292426109314,-0.015597641468048096,0.012272655963897705,1.0,False
GCN,124,1.05,random,13,0.00045496225357055664,0.0061056166887283325,0.0005422830581665039,-0.005221277475357056,1.0,False
GCN,124,1.05,random,14,0.0010224580764770508,-0.0013330280780792236,0.00043022632598876953,-0.011483997106552124,1.0,False
GCN,124,1.05,random,15,-0.00028455257415771484,0.005829423666000366,0.010373055934906006,-0.000960230827331543,1.0,False
GCN,124,1.05,random,16,0.00021249055862426758,0.0010905265808105469,-0.009929418563842773,-0.002587616443634033,1.0,False
GCN,124,1.05,random,17,0.0027360916137695312,0.009089455008506775,-0.0022536516189575195,-0.0017206370830535889,1.0,False
GCN,124,1.05,random,18,0.0011443495750427246,0.004473954439163208,-0.004480570554733276,-0.009371250867843628,1.0,False
GCN,124,1.05,random,19,-0.00017833709716796875,-0.004606232047080994,-0.003316730260848999,-0.002926647663116455,1.0,False
GCN,132,0.95,gcia_morphology,-1,-0.016181081533432007,-0.14019590616226196,-0.002764664590358734,-0.06157226115465164,0.9972527623176575,False
GCN,132,0.95,random,0,0.0009804368019104004,0.009087726473808289,-0.009398087859153748,0.012660656124353409,0.9986263513565063,False
GCN,132,0.95,random,1,0.0004725456237792969,0.013235434889793396,-0.020108330994844437,0.02067629247903824,0.9972527623176575,False
GCN,132,0.95,random,2,0.00046113133430480957,0.002325311303138733,-0.0068570151925086975,-0.008343171328306198,0.9958791136741638,False
GCN,132,0.95,random,3,-0.0023545026779174805,-0.012112054973840714,-0.0162939615547657,-0.015762673690915108,0.9972527623176575,False
GCN,132,0.95,random,4,0.00011116266250610352,0.002003967761993408,-0.03522362932562828,-0.006447989493608475,0.9945054650306702,False
GCN,132,0.95,random,5,-0.00018739700317382812,-0.0029029101133346558,0.012561224400997162,-0.020191941410303116,0.9958791136741638,False
GCN,132,0.95,random,6,0.0007564425468444824,0.010046608746051788,0.006275586783885956,-0.007385287433862686,0.9958791136741638,False
GCN,132,0.95,random,7,0.0007529258728027344,0.008515611290931702,-0.0018757134675979614,0.022184014320373535,0.9958791136741638,False
GCN,132,0.95,random,8,-0.0011818408966064453,-0.009685639292001724,-0.016317453235387802,0.029089022427797318,0.9972527623176575,False
GCN,132,0.95,random,9,0.0005966722965240479,0.002407655119895935,-0.01069805771112442,0.03346758708357811,0.9972527623176575,False
GCN,132,0.95,random,10,0.0018981099128723145,0.010486148297786713,-0.0523909330368042,0.03914636746048927,0.9972527623176575,False
GCN,132,0.95,random,11,-0.001141190528869629,-0.010467473417520523,0.04818182438611984,-0.014094427227973938,0.9972527623176575,False
GCN,132,0.95,random,12,-0.00048476457595825195,-0.009110327810049057,0.005463786423206329,-0.04416472092270851,0.9958791136741638,False
GCN,132,0.95,random,13,0.0006271004676818848,0.007815100252628326,0.008609659969806671,-0.00304393470287323,0.9945054650306702,False
GCN,132,0.95,random,14,-0.002221226692199707,-0.01225525513291359,-0.0010232403874397278,-0.02985266223549843,0.9945054650306702,False
GCN,132,0.95,random,15,-0.000942528247833252,-0.008432850241661072,0.015225864946842194,-0.016422931104898453,0.9945054650306702,False
GCN,132,0.95,random,16,-0.000964820384979248,-0.001924082636833191,-0.010720372200012207,-0.005299661308526993,0.9958791136741638,False
GCN,132,0.95,random,17,-0.0008834302425384521,-0.004595041275024414,0.026668541133403778,-0.0037185177206993103,0.9958791136741638,False
GCN,132,0.95,random,18,0.0005884170532226562,0.0036105364561080933,-0.028295204043388367,0.01326122134923935,0.9958791136741638,False
GCN,132,0.95,random,19,0.000520557165145874,0.006300009787082672,-0.020398426800966263,0.01737808808684349,0.9972527623176575,False
GCN,132,1.05,gcia_morphology,-1,0.01768594980239868,0.14158332347869873,0.001813456416130066,0.05927770212292671,0.9972527623176575,False
GCN,132,1.05,random,0,-0.0013223886489868164,-0.00379171222448349,0.007819972932338715,-0.0232306569814682,0.9958791136741638,False
GCN,132,1.05,random,1,0.0013360977172851562,0.006860122084617615,-0.031808461993932724,0.02631836012005806,0.9972527623176575,False
GCN,132,1.05,random,2,0.0001437067985534668,0.003836885094642639,-0.03431301191449165,0.03660445287823677,0.9958791136741638,False
GCN,132,1.05,random,3,0.0024114251136779785,0.005093716084957123,-0.0011184364557266235,0.0064870864152908325,0.9972527623176575,False
GCN,132,1.05,random,4,0.00014063715934753418,0.006117314100265503,-0.0105605348944664,0.03185298666357994,0.9958791136741638,False
GCN,132,1.05,random,5,0.00024297833442687988,-0.002624884247779846,0.016736142337322235,-0.015426604077219963,0.9972527623176575,False
GCN,132,1.05,random,6,0.0005118846893310547,0.0020565390586853027,0.01176731288433075,-0.01589115709066391,0.9972527623176575,False
GCN,132,1.05,random,7,-0.0007413327693939209,0.0064948201179504395,-0.004001326858997345,0.015681199729442596,0.9958791136741638,False
GCN,132,1.05,random,8,-0.0008936524391174316,0.0008128881454467773,-0.0016229450702667236,0.027088236063718796,0.9945054650306702,False
GCN,132,1.05,random,9,0.0009245872497558594,0.0026035308837890625,0.014137499034404755,-0.0011762641370296478,0.9972527623176575,False
GCN,132,1.05,random,10,-0.001170516014099121,-0.009671356528997421,-0.020518489181995392,-0.0017032884061336517,0.9972527623176575,False
GCN,132,1.05,random,11,0.00016620755195617676,0.008995205163955688,0.024496175348758698,0.0014300793409347534,0.9958791136741638,False
GCN,132,1.05,random,12,0.0011039972305297852,0.013370022177696228,0.0008829310536384583,0.037155453115701675,0.9945054650306702,False
GCN,132,1.05,random,13,0.0010465681552886963,0.004287645220756531,-0.0035313069820404053,-0.0005922615528106689,0.9972527623176575,False
GCN,132,1.05,random,14,-0.00040203332901000977,0.0019520744681358337,-0.0005346089601516724,-0.011088095605373383,0.9958791136741638,False
GCN,132,1.05,random,15,-5.3375959396362305e-05,-0.0019354373216629028,0.016138814389705658,-0.024693600833415985,0.9958791136741638,False
GCN,132,1.05,random,16,0.002629011869430542,0.01036527007818222,-0.03109697997570038,0.0329957939684391,0.9958791136741638,False
GCN,132,1.05,random,17,-0.0003782510757446289,-0.012261010706424713,0.015787377953529358,-0.015576060861349106,0.9958791136741638,False
GCN,132,1.05,random,18,-1.952052116394043e-05,-0.0003606826066970825,0.01005912572145462,-0.01061166450381279,0.9958791136741638,False
GCN,132,1.05,random,19,0.00024121999740600586,-0.003084316849708557,-0.020454324781894684,-0.004952780902385712,0.9972527623176575,False
GCN,144,0.95,gcia_morphology,-1,-0.006766080856323242,-0.2714710235595703,0.018988847732543945,-0.030779480934143066,1.0,False
GCN,144,0.95,random,0,-5.882978439331055e-05,-0.011165618896484375,-0.0031610727310180664,-0.03597527742385864,1.0,False
GCN,144,0.95,random,1,-0.0007530450820922852,-0.02267622947692871,0.02878671884536743,-0.009414076805114746,1.0,False
GCN,144,0.95,random,2,-0.000685572624206543,-0.012704133987426758,0.024516582489013672,-0.04360312223434448,1.0,False
GCN,144,0.95,random,3,-0.0005704164505004883,-0.034865379333496094,-0.0027565956115722656,-0.035155415534973145,1.0,False
GCN,144,0.95,random,4,0.0006082057952880859,0.03675127029418945,-0.022652924060821533,0.05692768096923828,1.0,False
GCN,144,0.95,random,5,-0.0001646876335144043,0.0021092891693115234,-0.038143277168273926,0.021543830633163452,1.0,False
GCN,144,0.95,random,6,9.08970832824707e-05,0.008240222930908203,0.009302616119384766,0.012298017740249634,1.0,False
GCN,144,0.95,random,7,-0.00016248226165771484,-0.014904499053955078,0.03421318531036377,-0.052043527364730835,1.0,False
GCN,144,0.95,random,8,-2.7358531951904297e-05,0.00830698013305664,-0.004744529724121094,0.029372364282608032,1.0,False
GCN,144,0.95,random,9,-0.0011310577392578125,-0.025472640991210938,-0.02963387966156006,-0.028699398040771484,1.0,False
GCN,144,0.95,random,10,4.112720489501953e-06,-0.0030374526977539062,-0.027051687240600586,0.01206919550895691,1.0,False
GCN,144,0.95,random,11,0.000322878360748291,0.006860494613647461,-0.00019288063049316406,0.0017722845077514648,1.0,False
GCN,144,0.95,random,12,-0.00020647048950195312,-0.01392364501953125,0.0031671524047851562,0.01944446563720703,1.0,False
GCN,144,0.95,random,13,0.0006805658340454102,0.03862500190734863,-0.027786433696746826,0.0992659330368042,1.0,False
GCN,144,0.95,random,14,0.0005303025245666504,0.03026127815246582,-0.0027905702590942383,-0.029592573642730713,1.0,False
GCN,144,0.95,random,15,0.00022011995315551758,0.014198780059814453,-0.022243261337280273,0.02827039361000061,1.0,False
GCN,144,0.95,random,16,-4.029273986816406e-05,0.019282817840576172,0.018985092639923096,0.041176676750183105,1.0,False
GCN,144,0.95,random,17,-0.0007200241088867188,-0.02932453155517578,-0.012401878833770752,-0.012020468711853027,1.0,False
GCN,144,0.95,random,18,-0.00012892484664916992,-0.011539220809936523,-0.0059165358543396,-0.016011148691177368,1.0,False
GCN,144,0.95,random,19,-0.00023025274276733398,-0.01771402359008789,0.016557812690734863,-0.04089704155921936,1.0,False
GCN,144,1.05,gcia_morphology,-1,0.005583763122558594,0.26654577255249023,-0.019616007804870605,0.03091186285018921,1.0,False
GCN,144,1.05,random,0,-0.00014650821685791016,0.010364294052124023,-0.02926766872406006,0.1038813591003418,1.0,False
GCN,144,1.05,random,1,9.5367431640625e-06,0.008936405181884766,-0.031025826930999756,0.04849529266357422,1.0,False
GCN,144,1.05,random,2,0.0003643035888671875,0.01047205924987793,0.00446629524230957,0.03737396001815796,1.0,False
GCN,144,1.05,random,3,0.00022804737091064453,-0.007578849792480469,-0.00116044282913208,-0.01396295428276062,1.0,False
GCN,144,1.05,random,4,0.0002830624580383301,0.01568126678466797,0.019299089908599854,0.026735961437225342,1.0,False
GCN,144,1.05,random,5,0.0006206631660461426,0.023308277130126953,-0.016688227653503418,0.045702457427978516,1.0,False
GCN,144,1.05,random,6,-0.0003218650817871094,-0.005235195159912109,-0.015383541584014893,0.07952225208282471,1.0,False
GCN,144,1.05,random,7,-0.00013065338134765625,-0.005957841873168945,0.029021620750427246,-0.00718456506729126,1.0,False
GCN,144,1.05,random,8,0.000685274600982666,0.012480020523071289,-0.02682870626449585,0.0341036319732666,1.0,False
GCN,144,1.05,random,9,0.0012269020080566406,0.04294633865356445,-0.044694721698760986,0.03228402137756348,1.0,False
GCN,144,1.05,random,10,-0.0003008842468261719,0.014409780502319336,0.005787193775177002,-0.0075633227825164795,1.0,False
GCN,144,1.05,random,11,-0.00042241811752319336,-0.025443553924560547,-0.035286545753479004,-0.0022288858890533447,1.0,False
GCN,144,1.05,random,12,0.0010548233985900879,0.02687549591064453,-0.05929303169250488,0.05199790000915527,1.0,False
GCN,144,1.05,random,13,0.0004608631134033203,0.0156097412109375,-0.04042297601699829,0.06773537397384644,1.0,False
GCN,144,1.05,random,14,6.389617919921875e-05,-0.01598978042602539,0.015097975730895996,-0.03486478328704834,1.0,False
GCN,144,1.05,random,15,-0.0004620552062988281,-0.008054971694946289,-0.03302788734436035,0.029045134782791138,1.0,False
GCN,144,1.05,random,16,-0.0006105303764343262,-0.012804269790649414,-0.003970742225646973,0.02416926622390747,1.0,False
GCN,144,1.05,random,17,-0.0004992485046386719,-0.015207052230834961,0.0017413496971130371,-0.0251905620098114,1.0,False
GCN,144,1.05,random,18,0.0003643631935119629,0.00995016098022461,0.013340592384338379,-0.0129585862159729,1.0,False
GCN,144,1.05,random,19,0.000489354133605957,0.01554250717163086,-0.02863132953643799,0.013088881969451904,1.0,False
GCN,151,0.95,gcia_morphology,-1,-0.02398216724395752,-0.14597855508327484,0.001440882682800293,-0.011499231681227684,1.0,False
GCN,151,0.95,random,0,-0.0018034577369689941,0.0005079582333564758,-0.004334047436714172,0.00392412394285202,1.0,False
GCN,151,0.95,random,1,-0.0013629794120788574,-0.00826389342546463,0.005698546767234802,0.0008202455937862396,1.0,False
GCN,151,0.95,random,2,0.00039207935333251953,0.003553144633769989,-0.012546122074127197,0.001040525734424591,1.0,False
GCN,151,0.95,random,3,-0.003812730312347412,-0.013042144477367401,-0.0013385117053985596,-0.004100099205970764,1.0,False
GCN,151,0.95,random,4,0.001280367374420166,0.005482397973537445,0.00607714056968689,-0.0053322575986385345,1.0,False
GCN,151,0.95,random,5,-0.0032889246940612793,-0.014653056859970093,0.007821828126907349,-0.014129213988780975,1.0,False
GCN,151,0.95,random,6,0.0028939247131347656,0.0009663030505180359,0.014416664838790894,-0.026100192219018936,1.0,False
GCN,151,0.95,random,7,8.946657180786133e-05,0.004506103694438934,0.007700011134147644,-0.0033867135643959045,1.0,False
GCN,151,0.95,random,8,-0.0006496310234069824,-0.006458848714828491,0.0005325227975845337,0.0066738128662109375,1.0,False
GCN,151,0.95,random,9,-0.0018255114555358887,-0.006685025990009308,0.018457725644111633,-0.021191466599702835,1.0,False
GCN,151,0.95,random,10,0.001685023307800293,0.0038483664393424988,-0.006246805191040039,-0.006703820079565048,1.0,False
GCN,151,0.95,random,11,-0.00016134977340698242,0.009382098913192749,-0.001856490969657898,0.019217394292354584,1.0,False
GCN,151,0.95,random,12,0.0007971525192260742,0.003629721701145172,-0.003928959369659424,-0.009439900517463684,1.0,False
GCN,151,0.95,random,13,0.0014110207557678223,0.0038646310567855835,-0.00036329030990600586,-0.00817660242319107,1.0,False
GCN,151,0.95,random,14,-0.0009063482284545898,-0.001348339021205902,-0.003967344760894775,0.01582486927509308,1.0,False
GCN,151,0.95,random,15,0.0009449124336242676,-0.006197743117809296,-0.007605195045471191,0.0027660205960273743,1.0,False
GCN,151,0.95,random,16,0.001228034496307373,0.0012268200516700745,0.008874937891960144,-0.014240410178899765,1.0,False
GCN,151,0.95,random,17,-0.001591503620147705,-0.0021453574299812317,-5.345046520233154e-05,0.01378217339515686,1.0,False
GCN,151,0.95,random,18,0.0003706216812133789,-0.0029504969716072083,-0.006965026259422302,-0.016885831952095032,1.0,False
GCN,151,0.95,random,19,0.0020421743392944336,0.005991660058498383,-0.006166175007820129,0.011002924293279648,1.0,False
GCN,151,1.05,gcia_morphology,-1,0.023712456226348877,0.1459358036518097,-0.0053575485944747925,0.010535243898630142,1.0,False
GCN,151,1.05,random,0,-0.0005958676338195801,-0.0003335326910018921,0.006556391716003418,-0.0036789923906326294,1.0,False
GCN,151,1.05,random,1,-0.0007506608963012695,0.0031555667519569397,-0.004846721887588501,0.008596904575824738,1.0,False
GCN,151,1.05,random,2,0.0009534358978271484,0.0003870353102684021,-0.002551436424255371,0.006779421120882034,1.0,False
GCN,151,1.05,random,3,-4.690885543823242e-05,0.0002262219786643982,-0.0008167624473571777,0.011784814298152924,1.0,False
GCN,151,1.05,random,4,0.0002359151840209961,0.004719249904155731,-0.003980189561843872,0.021037813276052475,1.0,False
GCN,151,1.05,random,5,-0.0018440485000610352,-0.002176724374294281,0.0001590251922607422,0.004795055836439133,1.0,False
GCN,151,1.05,random,6,0.00036019086837768555,0.004304736852645874,-0.00879417359828949,0.01700625941157341,1.0,False
GCN,151,1.05,random,7,-0.0004023909568786621,-0.0059786513447761536,0.012802764773368835,-0.0029392018914222717,1.0,False
GCN,151,1.05,random,8,-0.0012905001640319824,-0.00340164452791214,0.007546186447143555,0.01439756155014038,1.0,False
GCN,151,1.05,random,9,-0.0019035935401916504,-0.0016434118151664734,0.0004986077547073364,-0.0016866624355316162,1.0,False
GCN,151,1.05,random,10,-0.002025783061981201,-0.007262364029884338,-0.0031572580337524414,0.0023538656532764435,1.0,False
GCN,151,1.05,random,11,-0.0002976655960083008,-0.0021128803491592407,-0.0030519813299179077,0.003891419619321823,1.0,False
GCN,151,1.05,random,12,-0.0005115866661071777,0.00468531996011734,-0.006490781903266907,0.007472123950719833,1.0,False
GCN,151,1.05,random,13,-0.00032901763916015625,-0.00019738823175430298,-0.011955276131629944,0.008898220956325531,1.0,False
GCN,151,1.05,random,14,0.00014477968215942383,-0.009131468832492828,0.0006694942712783813,-0.019198808819055557,1.0,False
GCN,151,1.05,random,15,-0.0015729069709777832,-0.0034434422850608826,-0.004772260785102844,0.0005149915814399719,1.0,False
GCN,151,1.05,random,16,-0.0007427334785461426,-0.0049616023898124695,-0.006555646657943726,-0.00822000578045845,1.0,False
GCN,151,1.05,random,17,0.0013285279273986816,0.0001864507794380188,0.011669933795928955,-0.010570649057626724,1.0,False
GCN,151,1.05,random,18,0.0021309852600097656,0.0077681392431259155,0.0032600611448287964,0.006219867616891861,1.0,False
GCN,151,1.05,random,19,-0.00015789270401000977,-0.004076920449733734,0.001031726598739624,0.001054864376783371,1.0,False
GCN,156,0.95,gcia_morphology,-1,-0.024545133113861084,-0.20757389068603516,0.017255187034606934,-0.038675129413604736,1.0,False
GCN,156,0.95,random,0,0.0015404224395751953,0.008026838302612305,-0.015078365802764893,0.004334092140197754,1.0,False
GCN,156,0.95,random,1,-0.0007187128067016602,-0.0031676292419433594,0.02550201117992401,-0.017630934715270996,1.0,False
GCN,156,0.95,random,2,-0.00044101476669311523,0.0036330223083496094,-0.0021480172872543335,0.018220901489257812,1.0,False
GCN,156,0.95,random,3,0.0018317699432373047,0.010879039764404297,0.018809959292411804,-0.033957481384277344,1.0,False
GCN,156,0.95,random,4,0.0029560327529907227,0.029308199882507324,-0.002815753221511841,0.030796587467193604,1.0,False
GCN,156,0.95,random,5,-0.00010699033737182617,0.0013659000396728516,-0.009303569793701172,0.009916126728057861,1.0,False
GCN,156,0.95,random,6,-0.00020837783813476562,0.00673675537109375,-0.015317797660827637,0.0243375301361084,1.0,False
GCN,156,0.95,random,7,0.0002359151840209961,0.0105971097946167,-0.032686054706573486,0.055195629596710205,1.0,False
GCN,156,0.95,random,8,0.0001271963119506836,0.0029488801956176758,0.0035679489374160767,0.0003606081008911133,1.0,False
GCN,156,0.95,random,9,0.000469207763671875,0.0004991292953491211,0.017456114292144775,-0.005444347858428955,1.0,False
GCN,156,0.95,random,10,-0.00013893842697143555,-0.007745981216430664,0.026721268892288208,-0.02553492784500122,1.0,False
GCN,156,0.95,random,11,-0.0011426806449890137,0.008543610572814941,-0.0020868927240371704,0.01655060052871704,1.0,False
GCN,156,0.95,random,12,0.00040203332901000977,0.013586640357971191,-0.025010764598846436,0.047563791275024414,1.0,False
GCN,156,0.95,random,13,-0.0014550089836120605,-0.009706854820251465,-0.018483787775039673,0.021976709365844727,1.0,False
GCN,156,0.95,random,14,0.0024253129959106445,0.012181878089904785,-0.012145578861236572,0.015054285526275635,1.0,False
GCN,156,0.95,random,15,-0.00019252300262451172,0.001510024070739746,0.00809893012046814,0.010901153087615967,1.0,False
GCN,156,0.95,random,16,0.0005834698677062988,0.006136178970336914,-0.02003347873687744,0.029429912567138672,1.0,False
GCN,156,0.95,random,17,-3.618001937866211e-05,0.00240325927734375,-0.024399131536483765,0.031025826930999756,1.0,False
GCN,156,0.95,random,18,-0.0015041232109069824,-0.004389643669128418,-0.0038129687309265137,0.0024526119232177734,1.0,False
GCN,156,0.95,random,19,0.003346741199493408,0.019937872886657715,0.011874854564666748,-0.02629852294921875,1.0,False
GCN,156,1.05,gcia_morphology,-1,0.02205371856689453,0.2068537473678589,-0.016007155179977417,0.036023736000061035,1.0,False
GCN,156,1.05,random,0,-0.003764331340789795,-0.014997005462646484,-0.013604998588562012,0.02567392587661743,1.0,False
GCN,156,1.05,random,1,-0.0003356337547302246,-0.003245115280151367,-0.007283210754394531,0.009452521800994873,1.0,False
GCN,156,1.05,random,2,0.0006643533706665039,0.0017025470733642578,0.005428820848464966,-0.01218557357788086,1.0,False
GCN,156,1.05,random,3,-0.00044101476669311523,-0.014682650566101074,0.011569708585739136,-0.013957977294921875,1.0,False
GCN,156,1.05,random,4,0.0013585686683654785,0.013149857521057129,-0.005968660116195679,0.01583099365234375,1.0,False
GCN,156,1.05,random,5,0.0004911422729492188,-0.0044345855712890625,0.029070645570755005,-0.02451026439666748,1.0,False
GCN,156,1.05,random,6,0.0008952617645263672,-0.005157351493835449,-0.00043924152851104736,-0.006406247615814209,1.0,False
GCN,156,1.05,random,7,0.002470076084136963,0.014678120613098145,-0.0353243350982666,0.025286972522735596,1.0,False
GCN,156,1.05,random,8,0.0003433823585510254,0.00706934928894043,0.0012053251266479492,0.020711839199066162,1.0,False
GCN,156,1.05,random,9,-0.0011260509490966797,-0.009267926216125488,0.012672469019889832,-0.027850031852722168,1.0,False
GCN,156,1.05,random,10,0.0006750226020812988,0.004336357116699219,-0.0094718337059021,0.04653310775756836,1.0,False
GCN,156,1.05,random,11,0.00042939186096191406,0.00014257431030273438,0.006300210952758789,-0.0076874494552612305,1.0,False
GCN,156,1.05,random,12,0.00012576580047607422,0.0007914304733276367,-0.01713237166404724,0.028107762336730957,1.0,False
GCN,156,1.05,random,13,0.0006647109985351562,0.0035381317138671875,0.014739394187927246,-0.002230226993560791,1.0,False
GCN,156,1.05,random,14,-0.0011774301528930664,-0.009584426879882812,-0.00033995509147644043,-0.00012409687042236328,1.0,False
GCN,156,1.05,random,15,-0.0027234554290771484,-0.01066279411315918,-0.0037427544593811035,0.042059361934661865,1.0,False
GCN,156,1.05,random,16,0.0020807385444641113,0.0223541259765625,0.020659565925598145,0.016281545162200928,1.0,False
GCN,156,1.05,random,17,0.00024640560150146484,0.010518193244934082,-0.04622232913970947,0.03983861207962036,1.0,False
GCN,156,1.05,random,18,-0.001283407211303711,-0.01093435287475586,0.0007017701864242554,0.006241142749786377,1.0,False
GCN,156,1.05,random,19,-0.0005830526351928711,0.003314495086669922,-0.0010835379362106323,0.021439552307128906,1.0,False
GCN,162,0.95,gcia_morphology,-1,-0.03282111883163452,-0.21312177181243896,0.010441213846206665,-0.04838716983795166,1.0,False
GCN,162,0.95,random,0,0.0013804435729980469,0.010450243949890137,-0.007704436779022217,-0.011956453323364258,1.0,False
GCN,162,0.95,random,1,0.00026351213455200195,0.006095290184020996,-0.015853404998779297,0.03144049644470215,1.0,False
GCN,162,0.95,random,2,0.0012401938438415527,0.009571433067321777,-0.005014628171920776,0.02364945411682129,1.0,False
GCN,162,0.95,random,3,-0.0010440349578857422,0.0009672641754150391,-5.346536636352539e-05,0.01957547664642334,1.0,False
GCN,162,0.95,random,4,0.004009246826171875,0.026394248008728027,0.003668054938316345,0.0274580717086792,1.0,False
GCN,162,0.95,random,5,-0.0027481913566589355,-0.018492698669433594,0.00042469799518585205,-0.030737876892089844,1.0,False
GCN,162,0.95,random,6,-0.00016111135482788086,-0.0069571733474731445,-0.006537884473800659,-0.01237344741821289,1.0,False
GCN,162,0.95,random,7,-0.0007888674736022949,-0.008672118186950684,0.004244819283485413,-0.0017952919006347656,1.0,False
GCN,162,0.95,random,8,0.003005683422088623,0.012989044189453125,0.00613287091255188,-0.006069183349609375,1.0,False
GCN,162,0.95,random,9,-0.004105806350708008,-0.02135765552520752,0.007866397500038147,-0.03037238121032715,1.0,False
GCN,162,0.95,random,10,0.0012790560722351074,0.007524371147155762,-0.0030058473348617554,0.009022235870361328,1.0,False
GCN,162,0.95,random,11,-0.0008117556571960449,-0.0024919509887695312,-0.011717468500137329,0.006532073020935059,1.0,False
GCN,162,0.95,random,12,-0.001301586627960205,-0.004950165748596191,0.006421029567718506,-0.010614991188049316,0.9988636374473572,False
GCN,162,0.95,random,13,0.0017475485801696777,0.013208508491516113,0.004575371742248535,-0.001019597053527832,1.0,False
GCN,162,0.95,random,14,-0.001346588134765625,-2.2530555725097656e-05,0.0032272040843963623,0.03170490264892578,1.0,False
GCN,162,0.95,random,15,-0.0012326836585998535,-0.002340555191040039,-0.023187607526779175,0.02379143238067627,1.0,False
GCN,162,0.95,random,16,0.00186997652053833,0.006179094314575195,-0.014206171035766602,0.005856037139892578,1.0,False
GCN,162,0.95,random,17,-0.003369748592376709,-0.005853772163391113,-0.02108524739742279,0.010038137435913086,1.0,False
GCN,162,0.95,random,18,-0.0017325282096862793,-0.004698395729064941,-0.01805168390274048,0.03938400745391846,1.0,False
GCN,162,0.95,random,19,-0.0016164779663085938,-0.016689658164978027,0.010397583246231079,-0.024720191955566406,1.0,False
GCN,162,1.05,gcia_morphology,-1,0.030013620853424072,0.2104276418685913,-0.010143592953681946,0.04492199420928955,1.0,False
GCN,162,1.05,random,0,-0.0018930435180664062,0.004047036170959473,-0.002522021532058716,0.010547757148742676,1.0,False
GCN,162,1.05,random,1,-0.0003535747528076172,-0.009125828742980957,-0.020704135298728943,-0.007629871368408203,1.0,False
GCN,162,1.05,random,2,-0.0004767775535583496,-0.004275202751159668,0.0015234798192977905,-0.014888167381286621,1.0,False
GCN,162,1.05,random,3,0.0010485053062438965,0.009236574172973633,-0.00039130449295043945,0.018069148063659668,1.0,False
GCN,162,1.05,random,4,-0.0025187134742736816,-0.004322409629821777,-0.018769070506095886,0.022402405738830566,1.0,False
GCN,162,1.05,random,5,0.0031546950340270996,0.017751097679138184,-0.014623865485191345,0.025070905685424805,1.0,False
GCN,162,1.05,random,6,0.0013017058372497559,-0.0009753704071044922,0.013349324464797974,-0.025596141815185547,1.0,False
GCN,162,1.05,random,7,0.0030947327613830566,0.015314698219299316,-0.002656787633895874,0.01058971881866455,1.0,False
GCN,162,1.05,random,8,0.0014477372169494629,-0.0013165473937988281,0.010850757360458374,-0.04230666160583496,1.0,False
GCN,162,1.05,random,9,-0.0008684992790222168,0.0020437240600585938,-0.013424232602119446,0.01857006549835205,1.0,False
GCN,162,1.05,random,10,-0.002375662326812744,-0.008950352668762207,0.03906214237213135,-0.03008294105529785,1.0,False
GCN,162,1.05,random,11,0.0019780993461608887,0.004705548286437988,-0.01202043890953064,0.022846579551696777,1.0,False
GCN,162,1.05,random,12,-0.00023502111434936523,0.0037325620651245117,0.0005749017000198364,0.005345344543457031,1.0,False
GCN,162,1.05,random,13,-0.0016450881958007812,-0.011573433876037598,0.007289215922355652,0.014862537384033203,1.0,False
GCN,162,1.05,random,14,0.001707613468170166,0.0042411088943481445,0.025879770517349243,-0.04539632797241211,1.0,False
GCN,162,1.05,random,15,0.000855863094329834,0.002924799919128418,-0.011749595403671265,0.030008435249328613,1.0,False
GCN,162,1.05,random,16,-0.0033571720123291016,-0.022725462913513184,0.007083997130393982,-0.006142973899841309,1.0,False
GCN,162,1.05,random,17,0.00024265050888061523,-0.0046929121017456055,0.010202854871749878,-0.01660287380218506,1.0,False
GCN,162,1.05,random,18,0.0012860894203186035,-0.0019354820251464844,-0.006255060434341431,0.0023146867752075195,1.0,False
GCN,162,1.05,random,19,0.00027233362197875977,0.010377049446105957,-0.02915234863758087,0.048175811767578125,1.0,False
GCN,178,0.95,gcia_morphology,-1,-0.010331735014915466,-0.11632582545280457,-0.00898730754852295,-0.057697683572769165,1.0,False
GCN,178,0.95,random,0,0.0016328692436218262,0.00581631064414978,-0.0030062198638916016,0.011246323585510254,1.0,False
GCN,178,0.95,random,1,-7.608532905578613e-05,-0.0025529861450195312,-0.019442081451416016,0.0018003582954406738,1.0,False
GCN,178,0.95,random,2,0.00037866830825805664,-0.004582077264785767,0.006181001663208008,-0.02035444974899292,1.0,False
GCN,178,0.95,random,3,-0.00013065338134765625,0.006744384765625,-0.01425790786743164,0.007131695747375488,1.0,False
GCN,178,0.95,random,4,1.7702579498291016e-05,0.001412898302078247,-0.00185394287109375,0.016959935426712036,1.0,False
GCN,178,0.95,random,5,-0.0010982751846313477,-0.006880670785903931,0.014962911605834961,-0.014976084232330322,1.0,False
GCN,178,0.95,random,6,-0.001071840524673462,-0.009358912706375122,-0.011365771293640137,-0.02335408329963684,1.0,False
GCN,178,0.95,random,7,0.0008720159530639648,-0.0012575984001159668,-0.01909160614013672,0.0043000876903533936,1.0,False
GCN,178,0.95,random,8,0.00024086236953735352,-0.002599954605102539,0.016021370887756348,-0.006324499845504761,1.0,False
GCN,178,0.95,random,9,0.0009035468101501465,-0.0015432238578796387,-0.011012077331542969,0.005777835845947266,1.0,False
GCN,178,0.95,random,10,0.00019729137420654297,0.001349717378616333,-0.0009462833404541016,-0.001466900110244751,1.0,False
GCN,178,0.95,random,11,3.129243850708008e-05,-0.005753278732299805,0.022655248641967773,-0.0015175342559814453,1.0,False
GCN,178,0.95,random,12,0.0005875825881958008,-0.0004425346851348877,-0.048435330390930176,0.015874862670898438,1.0,False
GCN,178,0.95,random,13,0.0006982088088989258,-0.006248176097869873,-0.01331627368927002,0.006091207265853882,1.0,False
GCN,178,0.95,random,14,-0.0018579959869384766,-0.0070574283599853516,-0.010025382041931152,-0.017233729362487793,1.0,False
GCN,178,0.95,random,15,0.0007352530956268311,0.004965364933013916,0.010983943939208984,0.008332252502441406,1.0,False
GCN,178,0.95,random,16,-2.5212764739990234e-05,0.006217509508132935,-0.023627400398254395,0.0014841854572296143,1.0,False
GCN,178,0.95,random,17,0.0013665556907653809,0.010631382465362549,0.010041594505310059,0.006683915853500366,1.0,False
GCN,178,0.95,random,18,0.00015151500701904297,0.0028572678565979004,-0.04038834571838379,0.026195228099822998,1.0,False
GCN,178,0.95,random,19,-0.001282036304473877,0.0018045604228973389,-0.0016289949417114258,-0.010222196578979492,1.0,False
GCN,178,1.05,gcia_morphology,-1,0.011404931545257568,0.1171688586473465,0.008012533187866211,0.053320735692977905,1.0,False
GCN,178,1.05,random,0,-0.00043070316314697266,-0.00527501106262207,0.01801884174346924,-0.015263587236404419,1.0,False
GCN,178,1.05,random,1,0.0010008811950683594,0.004660457372665405,0.015020370483398438,-0.012768775224685669,1.0,False
GCN,178,1.05,random,2,-0.00051078200340271,0.001852273941040039,-0.01178586483001709,0.01573491096496582,1.0,False
GCN,178,1.05,random,3,0.0009092986583709717,0.0005280077457427979,0.003159761428833008,0.0007730424404144287,1.0,False
GCN,178,1.05,random,4,0.0016601979732513428,0.012095808982849121,-0.005115509033203125,0.011306315660476685,1.0,False
GCN,178,1.05,random,5,0.0010088682174682617,0.003442227840423584,-0.00895082950592041,0.015160083770751953,1.0,False
GCN,178,1.05,random,6,4.738569259643555e-06,0.005437403917312622,-0.03552818298339844,0.02841097116470337,1.0,False
GCN,178,1.05,random,7,-0.0005592405796051025,-0.0018702149391174316,0.015069127082824707,-0.016157537698745728,1.0,False
GCN,178,1.05,random,8,5.751848220825195e-05,0.00017210841178894043,-0.0006536245346069336,0.02229449152946472,1.0,False
GCN,178,1.05,random,9,-0.0007848739624023438,-0.0023971199989318848,0.03430294990539551,-0.000826418399810791,1.0,False
GCN,178,1.05,random,10,2.7239322662353516e-05,0.004897415637969971,-0.015540003776550293,0.008337080478668213,1.0,False
GCN,178,1.05,random,11,0.0008271634578704834,0.007904887199401855,0.013341903686523438,0.01588881015777588,1.0,False
GCN,178,1.05,random,12,0.0002377629280090332,0.006064504384994507,-0.011924982070922852,-0.0013881325721740723,1.0,False
GCN,178,1.05,random,13,0.0012859702110290527,0.008566170930862427,-0.003854036331176758,0.0038559138774871826,1.0,False
GCN,178,1.05,random,14,0.0003427267074584961,0.005020499229431152,0.003777146339416504,0.0029071271419525146,1.0,False
GCN,178,1.05,random,15,0.001849830150604248,0.005686759948730469,-0.010739922523498535,0.015628963708877563,1.0,False
GCN,178,1.05,random,16,4.935264587402344e-05,0.0022317469120025635,-0.019194602966308594,0.016151338815689087,1.0,False
GCN,178,1.05,random,17,-8.577108383178711e-05,-0.005410313606262207,0.004824399948120117,-0.018963515758514404,1.0,False
GCN,178,1.05,random,18,-0.0006636381149291992,-0.0014919638633728027,-0.005775332450866699,0.006184399127960205,1.0,False
GCN,178,1.05,random,19,0.0008547306060791016,0.0024900436401367188,0.015405416488647461,0.016046464443206787,1.0,False
GCN,179,0.95,gcia_morphology,-1,-0.01684969663619995,-0.12321150302886963,-0.022739410400390625,-0.039116084575653076,1.0,False
GCN,179,0.95,random,0,-0.0021604299545288086,-0.004267275333404541,0.020011305809020996,-0.01199813187122345,1.0,False
GCN,179,0.95,random,1,0.001305699348449707,0.005676090717315674,-0.008621692657470703,0.006571590900421143,1.0,False
GCN,179,0.95,random,2,0.00034499168395996094,0.0020674467086791992,0.01696157455444336,-0.031826362013816833,1.0,False
GCN,179,0.95,random,3,-0.0037050247192382812,-0.012655377388000488,-0.00784611701965332,0.005606949329376221,1.0,False
GCN,179,0.95,random,4,-0.0030220746994018555,-0.004450976848602295,-0.016250133514404297,0.030976027250289917,1.0,False
GCN,179,0.95,random,5,0.00020015239715576172,0.008740872144699097,-0.010946393013000488,0.024685785174369812,1.0,False
GCN,179,0.95,random,6,-0.0020211338996887207,0.0014896988868713379,-0.011812806129455566,0.002919420599937439,1.0,False
GCN,179,0.95,random,7,-0.001948714256286621,0.003799527883529663,-0.00010967254638671875,0.024482540786266327,1.0,False
GCN,179,0.95,random,8,-0.0010279417037963867,-0.005589902400970459,-0.01518392562866211,0.014732718467712402,1.0,False
GCN,179,0.95,random,9,-0.00022649765014648438,-0.006442666053771973,-0.0056459903717041016,0.00642317533493042,1.0,False
GCN,179,0.95,random,10,0.0037021636962890625,0.01766902208328247,0.026041030883789062,-0.013207614421844482,1.0,False
GCN,179,0.95,random,11,0.0005785226821899414,0.006827116012573242,-0.003449082374572754,-0.005547314882278442,1.0,False
GCN,179,0.95,random,12,0.0003072023391723633,0.004676073789596558,0.010814547538757324,0.01622055470943451,1.0,False
GCN,179,0.95,random,13,0.0012946128845214844,0.006754428148269653,0.024998068809509277,-0.011243417859077454,1.0,False
GCN,179,0.95,random,14,0.002893388271331787,0.015380293130874634,-0.007987022399902344,0.025689534842967987,1.0,False
GCN,179,0.95,random,15,-0.0033507347106933594,-0.009186148643493652,-0.02628791332244873,0.010258778929710388,1.0,False
GCN,179,0.95,random,16,4.7326087951660156e-05,-0.0012233853340148926,0.0037050247192382812,0.005118876695632935,1.0,False
GCN,179,0.95,random,17,0.0021190643310546875,-0.00803375244140625,0.009459137916564941,-0.02165411412715912,1.0,False
GCN,179,0.95,random,18,0.002300739288330078,0.015369832515716553,-0.013907909393310547,0.015240609645843506,1.0,False
GCN,179,0.95,random,19,-0.0005388855934143066,-0.0029198527336120605,-0.026833772659301758,0.015954449772834778,1.0,False
GCN,179,1.05,gcia_morphology,-1,0.01735520362854004,0.1200452446937561,0.013683319091796875,0.03642331063747406,1.0,False
GCN,179,1.05,random,0,0.002316415309906006,0.007129788398742676,0.0020165443420410156,0.007811218500137329,1.0,False
GCN,179,1.05,random,1,0.003718137741088867,0.008582472801208496,0.008892059326171875,-0.020400211215019226,1.0,False
GCN,179,1.05,random,2,0.00012636184692382812,-0.0008362531661987305,-0.0023669004440307617,0.0032117366790771484,1.0,False
GCN,179,1.05,random,3,-0.002093195915222168,-0.013627886772155762,-0.002965688705444336,-0.03519175946712494,1.0,False
GCN,179,1.05,random,4,-0.0029961466789245605,0.009100019931793213,-0.00817108154296875,0.035322800278663635,1.0,False
GCN,179,1.05,random,5,0.0029868483543395996,0.0059295594692230225,-0.01589798927307129,-0.016761407256126404,1.0,False
GCN,179,1.05,random,6,0.005075693130493164,0.014335572719573975,-0.022307515144348145,-0.01764075458049774,1.0,False
GCN,179,1.05,random,7,0.0005810260772705078,-0.0003879666328430176,0.008571863174438477,-0.007482603192329407,1.0,False
GCN,179,1.05,random,8,-0.002472996711730957,-0.011497676372528076,0.0013741254806518555,0.010595113039016724,1.0,False
GCN,179,1.05,random,9,0.0016379356384277344,0.010314255952835083,-0.0023179054260253906,0.02218674123287201,1.0,False
GCN,179,1.05,random,10,-0.0027418136596679688,-0.0063860416412353516,-0.01846480369567871,0.003125697374343872,1.0,False
GCN,179,1.05,random,11,0.0003873109817504883,-0.0035762786865234375,-0.015647530555725098,0.008227303624153137,1.0,False
GCN,179,1.05,random,12,-0.0005611181259155273,-0.005567431449890137,-0.014469742774963379,0.013801336288452148,1.0,False
GCN,179,1.05,random,13,-0.0029875636100769043,-0.005347728729248047,0.014421463012695312,-0.0033983439207077026,1.0,False
GCN,179,1.05,random,14,-0.0006922483444213867,-0.015232563018798828,0.018965959548950195,-0.010653764009475708,1.0,False
GCN,179,1.05,random,15,0.002285301685333252,-0.008613228797912598,-0.008482217788696289,-0.008450686931610107,1.0,False
GCN,179,1.05,random,16,0.0016672015190124512,0.015157103538513184,-0.002808809280395508,0.0242467001080513,1.0,False
GCN,179,1.05,random,17,0.004040241241455078,0.013667047023773193,0.014388799667358398,0.022995725274086,1.0,False
GCN,179,1.05,random,18,-0.0018178224563598633,0.008892804384231567,0.03264594078063965,0.015102997422218323,1.0,False
GCN,179,1.05,random,19,-0.0005971193313598633,-0.015196681022644043,0.021987080574035645,-0.007768884301185608,1.0,False
GCN,22,0.95,gcia_morphology,-1,-0.021435797214508057,-0.135181725025177,0.016214147210121155,-0.044400036334991455,0.9992732405662537,False
GCN,22,0.95,random,0,-0.0006915926933288574,-0.0014644265174865723,-0.004708841443061829,0.002959698438644409,0.9992732405662537,False
GCN,22,0.95,random,1,-0.0005880296230316162,0.005375564098358154,0.018371880054473877,0.005602478981018066,0.9992732405662537,False
GCN,22,0.95,random,2,0.00250166654586792,0.010021582245826721,0.014669761061668396,0.009960681200027466,0.9985465407371521,False
GCN,22,0.95,random,3,0.0007208585739135742,0.003040209412574768,-0.002943381667137146,0.005795985460281372,0.9992732405662537,False
GCN,22,0.95,random,4,-0.0005144774913787842,0.001955069601535797,-0.010767936706542969,-0.0005373954772949219,0.9985465407371521,False
GCN,22,0.95,random,5,-6.872415542602539e-05,0.0012550801038742065,-0.0014931857585906982,0.005293905735015869,0.9985465407371521,False
GCN,22,0.95,random,6,0.0015686750411987305,0.005533598363399506,-0.0022501498460769653,0.00430634617805481,0.9985465407371521,False
GCN,22,0.95,random,7,0.00042301416397094727,0.006048336625099182,-0.021278440952301025,0.005025625228881836,0.9992732405662537,False
GCN,22,0.95,random,8,-0.0006914734840393066,0.0011220574378967285,0.023014038801193237,0.0020078420639038086,0.9992732405662537,False
GCN,22,0.95,random,9,-0.0010622739791870117,-0.002367272973060608,-0.008161559700965881,-0.008664548397064209,0.9992732405662537,False
GCN,22,0.95,random,10,0.0006871521472930908,0.001042492687702179,-0.02373652160167694,-0.009231418371200562,0.9985465407371521,False
GCN,22,0.95,random,11,-0.00045812129974365234,-0.005448490381240845,0.0018701404333114624,0.005789458751678467,0.9985465407371521,False
GCN,22,0.95,random,12,-0.00015589594841003418,0.001206420361995697,0.007965177297592163,-0.0032801032066345215,0.9992732405662537,False
GCN,22,0.95,random,13,-0.001576066017150879,-0.0013616979122161865,0.001867726445198059,0.0025333762168884277,0.9992732405662537,False
GCN,22,0.95,random,14,-9.018182754516602e-05,-0.0015504807233810425,-0.002451762557029724,0.009791910648345947,0.9992732405662537,False
GCN,22,0.95,random,15,-0.0006801486015319824,0.003659382462501526,0.004593610763549805,0.006878554821014404,0.9992732405662537,False
GCN,22,0.95,random,16,0.00046128034591674805,0.0010648444294929504,0.015186101198196411,-0.009137988090515137,0.9992732405662537,False
GCN,22,0.95,random,17,-0.0012734532356262207,-0.008898183703422546,0.0013219565153121948,-0.014020979404449463,0.9985465407371521,False
GCN,22,0.95,random,18,0.0005579292774200439,0.009923174977302551,-0.019685819745063782,0.019871234893798828,0.9992732405662537,False
GCN,22,0.95,random,19,-0.0006530284881591797,-0.0010893791913986206,-0.018854975700378418,0.008941739797592163,0.9992732405662537,False
GCN,22,1.05,gcia_morphology,-1,0.02377989888191223,0.13994036614894867,-0.024851471185684204,0.04375287890434265,0.9992732405662537,False
GCN,22,1.05,random,0,-0.001338362693786621,9.725987911224365e-05,0.013832047581672668,-0.01034882664680481,0.9992732405662537,False
GCN,22,1.05,random,1,-0.0005777478218078613,-0.0033247917890548706,0.012665539979934692,0.006466686725616455,0.9985465407371521,False
GCN,22,1.05,random,2,-0.0008116364479064941,-0.0007776319980621338,-0.014825820922851562,-0.011122822761535645,0.9992732405662537,False
GCN,22,1.05,random,3,-0.00030347704887390137,-0.005589112639427185,-0.006769463419914246,-0.009632110595703125,0.9992732405662537,False
GCN,22,1.05,random,4,0.0005744099617004395,0.005808547139167786,-0.018301472067832947,0.016202449798583984,0.9992732405662537,False
GCN,22,1.05,random,5,-0.001535654067993164,-0.003412783145904541,0.017874911427497864,0.002878636121749878,0.9992732405662537,False
GCN,22,1.05,random,6,0.000920414924621582,0.0077841877937316895,0.002869710326194763,0.00906229019165039,0.9992732405662537,False
GCN,22,1.05,random,7,-0.0017556846141815186,-0.010974988341331482,-0.007251188158988953,-0.016772031784057617,0.9992732405662537,False
GCN,22,1.05,random,8,0.00022542476654052734,0.0016225576400756836,-0.006092742085456848,-0.004144459962844849,0.9992732405662537,False
GCN,22,1.05,random,9,-0.0004337728023529053,-0.0017325729131698608,-0.013900697231292725,-0.0018789470195770264,0.9992732405662537,False
GCN,22,1.05,random,10,-0.0013278424739837646,-0.009233012795448303,0.019464701414108276,-0.02234882116317749,0.9992732405662537,False
GCN,22,1.05,random,11,0.000751495361328125,0.001515612006187439,-0.017819643020629883,-0.010311514139175415,0.9985465407371521,False
GCN,22,1.05,random,12,0.000398784875869751,0.002224557101726532,0.02674734592437744,-0.0010497868061065674,0.9992732405662537,False
GCN,22,1.05,random,13,-0.0005120038986206055,-0.003651171922683716,0.0113334059715271,-0.012843459844589233,0.9992732405662537,False
GCN,22,1.05,random,14,0.00037997961044311523,0.002844974398612976,0.003242194652557373,-0.02587154507637024,0.9992732405662537,False
GCN,22,1.05,random,15,-0.00023877620697021484,-0.0031424015760421753,0.007866114377975464,-0.0009368360042572021,0.9985465407371521,False
GCN,22,1.05,random,16,-6.99162483215332e-05,0.0024769604206085205,0.005824446678161621,0.013503462076187134,0.9985465407371521,False
GCN,22,1.05,random,17,0.0002040266990661621,0.0021462664008140564,0.012536853551864624,0.0028177201747894287,0.9985465407371521,False
GCN,22,1.05,random,18,-0.0011690258979797363,-0.000212058424949646,0.000803723931312561,0.008510828018188477,0.9985465407371521,False
GCN,22,1.05,random,19,-0.0003668069839477539,-0.0029217153787612915,0.007606565952301025,-0.005008429288864136,0.9992732405662537,False
GCN,33,0.95,gcia_morphology,-1,-0.0174846351146698,-0.14016446471214294,-0.0019291043281555176,-0.06898581981658936,1.0,False
GCN,33,0.95,random,0,-0.0009557604789733887,-0.006483420729637146,-0.004853546619415283,-0.008805155754089355,1.0,False
GCN,33,0.95,random,1,0.0015796124935150146,0.002064935863018036,-0.018294572830200195,0.009114682674407959,1.0,False
GCN,33,0.95,random,2,-0.0008447170257568359,-0.0010878518223762512,0.010785996913909912,-0.0036681294441223145,1.0,False
GCN,33,0.95,random,3,0.0009156465530395508,0.006914973258972168,-0.008380234241485596,0.028430640697479248,1.0,False
GCN,33,0.95,random,4,-0.00031235814094543457,-0.0013515762984752655,0.0171852707862854,-0.01788640022277832,1.0,False
GCN,33,0.95,random,5,0.0008512437343597412,0.0073007941246032715,-0.02927851676940918,0.03563028573989868,1.0,False
GCN,33,0.95,random,6,0.0007213354110717773,0.0037293508648872375,-0.021746695041656494,0.020180165767669678,1.0,False
GCN,33,0.95,random,7,-6.330013275146484e-05,-0.0009665489196777344,0.009416520595550537,-0.009594917297363281,1.0,False
GCN,33,0.95,random,8,0.0006335973739624023,0.0010242871940135956,-0.004877328872680664,-0.0055522918701171875,1.0,False
GCN,33,0.95,random,9,-0.000541985034942627,-0.0036485083401203156,-0.00732952356338501,-0.0038254261016845703,1.0,False
GCN,33,0.95,random,10,0.0014958977699279785,0.009810119867324829,-0.017943203449249268,0.017460405826568604,1.0,False
GCN,33,0.95,random,11,-0.00018477439880371094,0.0007767416536808014,-0.008691489696502686,0.005544722080230713,1.0,False
GCN,33,0.95,random,12,0.0004673004150390625,0.004999883472919464,-0.0019600391387939453,0.004533827304840088,1.0,False
GCN,33,0.95,random,13,0.0005272030830383301,0.006035357713699341,-0.019959628582000732,0.016167879104614258,1.0,False
GCN,33,0.95,random,14,0.0008941590785980225,-0.0002777278423309326,-0.010449767112731934,0.009727716445922852,1.0,False
GCN,33,0.95,random,15,-0.000885307788848877,-0.011361770331859589,0.021287918090820312,-0.019598782062530518,1.0,False
GCN,33,0.95,random,16,-0.0012196898460388184,-0.0047734566032886505,-0.006428420543670654,-0.025800108909606934,1.0,False
GCN,33,0.95,random,17,-0.00013116002082824707,-0.0005368664860725403,-0.007304072380065918,0.0016936659812927246,1.0,False
GCN,33,0.95,random,18,0.000965118408203125,0.003485262393951416,-0.0015645623207092285,0.013851046562194824,1.0,False
GCN,33,0.95,random,19,5.695223808288574e-05,0.005798310041427612,0.017405986785888672,-0.0064237117767333984,1.0,False
GCN,33,1.05,gcia_morphology,-1,0.019379794597625732,0.1424686312675476,-0.004451930522918701,0.06471550464630127,1.0,False
GCN,33,1.05,random,0,0.0008141398429870605,0.0023907311260700226,-0.008928358554840088,0.020328819751739502,1.0,False
GCN,33,1.05,random,1,0.0011217594146728516,-0.0015184134244918823,-0.012592911720275879,-0.0037735700607299805,1.0,False
GCN,33,1.05,random,2,0.00046512484550476074,-0.0021906495094299316,-0.0017087459564208984,-0.010068774223327637,1.0,False
GCN,33,1.05,random,3,-0.0010696947574615479,-0.0028301477432250977,-0.005525946617126465,0.005618572235107422,0.9992235898971558,False
GCN,33,1.05,random,4,-0.001340031623840332,-0.0065840259194374084,-0.01781243085861206,-0.01139909029006958,1.0,False
GCN,33,1.05,random,5,-0.0011722445487976074,-0.004504822194576263,-0.005711853504180908,0.0037738680839538574,0.9992235898971558,False
GCN,33,1.05,random,6,0.0006957948207855225,0.0015777349472045898,-0.018231213092803955,0.013059496879577637,1.0,False
GCN,33,1.05,random,7,-0.0002700686454772949,0.0015623420476913452,-0.007779538631439209,0.007711231708526611,1.0,False
GCN,33,1.05,random,8,-0.000212937593460083,-0.0067091770470142365,-0.003669440746307373,0.0030899643898010254,1.0,False
GCN,33,1.05,random,9,-0.0002346336841583252,-0.0012873262166976929,0.005292534828186035,-0.017150282859802246,1.0,False
GCN,33,1.05,random,10,-0.0016416311264038086,-0.0034687891602516174,-0.012942254543304443,0.01094210147857666,1.0,False
GCN,33,1.05,random,11,-0.0005075335502624512,-0.003599639981985092,0.011990725994110107,-0.0033410191535949707,1.0,False
GCN,33,1.05,random,12,-0.0017137527465820312,-0.0015999004244804382,-0.005024373531341553,0.01640188694000244,0.9992235898971558,False
GCN,33,1.05,random,13,0.00037285685539245605,0.0009277090430259705,0.008329689502716064,-0.017229735851287842,1.0,False
GCN,33,1.05,random,14,0.0009050369262695312,0.008143380284309387,0.0003095865249633789,-0.005739450454711914,1.0,False
GCN,33,1.05,random,15,0.0008344054222106934,-0.0011378191411495209,0.008055686950683594,-0.009725034236907959,1.0,False
GCN,33,1.05,random,16,0.0008650720119476318,0.00382034108042717,-0.024077892303466797,0.02967238426208496,1.0,False
GCN,33,1.05,random,17,-0.0007308721542358398,-0.002032201737165451,-0.016120970249176025,0.008490264415740967,1.0,False
GCN,33,1.05,random,18,0.0010984838008880615,0.004819408059120178,-0.004320919513702393,0.01916182041168213,1.0,False
GCN,33,1.05,random,19,-0.0004107356071472168,0.0042341649532318115,-0.03908771276473999,0.033943772315979004,1.0,False
GCN,54,0.95,gcia_morphology,-1,-0.01774841547012329,-0.14753836393356323,-0.03332740068435669,-0.08148282766342163,1.0,False
GCN,54,0.95,random,0,-0.002387404441833496,-0.0011158585548400879,-0.03652939200401306,0.004948735237121582,1.0,False
GCN,54,0.95,random,1,-0.0017116367816925049,-0.0029062479734420776,0.013642549514770508,-0.026861906051635742,1.0,False
GCN,54,0.95,random,2,0.0012924671173095703,0.0023521259427070618,-0.006896853446960449,0.00018233060836791992,1.0,False
GCN,54,0.95,random,3,0.0010704398155212402,0.00045565515756607056,0.014083772897720337,-0.01666468381881714,1.0,False
GCN,54,0.95,random,4,-0.0031660795211791992,-0.009148657321929932,0.018860995769500732,-0.03179436922073364,1.0,False
GCN,54,0.95,random,5,-0.0004895925521850586,0.005377240478992462,0.01602727174758911,-0.017473459243774414,1.0,False
GCN,54,0.95,random,6,0.00030541419982910156,-0.0014707595109939575,-0.00036728382110595703,0.014785170555114746,1.0,False
GCN,54,0.95,random,7,-0.0004767179489135742,-0.015145398676395416,0.005699187517166138,-0.03865116834640503,1.0,False
GCN,54,0.95,random,8,-0.002337127923965454,-0.007616959512233734,-0.050557613372802734,-0.0058463215827941895,1.0,False
GCN,54,0.95,random,9,4.929304122924805e-05,-0.004477016627788544,0.05536240339279175,-0.012370407581329346,1.0,False
GCN,54,0.95,random,10,0.001076817512512207,0.004845835268497467,-0.0027463436126708984,-0.0035161375999450684,1.0,False
GCN,54,0.95,random,11,-8.368492126464844e-05,-0.001881524920463562,-0.02239435911178589,-0.013583242893218994,1.0,False
GCN,54,0.95,random,12,-0.0007462799549102783,0.0030057132244110107,-0.0015774965286254883,0.0029861927032470703,1.0,False
GCN,54,0.95,random,13,0.002534806728363037,0.016580495983362198,-0.022638440132141113,0.010378837585449219,1.0,False
GCN,54,0.95,random,14,0.0003877878189086914,0.013161316514015198,0.015792667865753174,0.02029430866241455,1.0,False
GCN,54,0.95,random,15,-0.0003406107425689697,-0.0004433095455169678,-0.013911724090576172,0.031007111072540283,1.0,False
GCN,54,0.95,random,16,0.0006368160247802734,-0.003985024988651276,-0.007373034954071045,0.015393316745758057,1.0,False
GCN,54,0.95,random,17,-0.0020344555377960205,-0.008844554424285889,0.030270278453826904,-0.03266245126724243,1.0,False
GCN,54,0.95,random,18,-0.0010954737663269043,0.0004394948482513428,0.006963074207305908,-0.019107162952423096,1.0,False
GCN,54,0.95,random,19,-0.00021126866340637207,-0.0003136545419692993,-0.02029341459274292,-0.02935624122619629,1.0,False
GCN,54,1.05,gcia_morphology,-1,0.019757241010665894,0.14748626947402954,0.027212530374526978,0.0728524923324585,1.0,False
GCN,54,1.05,random,0,-0.0006126761436462402,-0.010539703071117401,0.01797500252723694,-0.023759067058563232,1.0,False
GCN,54,1.05,random,1,-0.0015523433685302734,-0.008693359792232513,0.005895018577575684,-0.03160297870635986,1.0,False
GCN,54,1.05,random,2,-0.004208624362945557,-0.025642886757850647,0.02228376269340515,-0.06745588779449463,1.0,False
GCN,54,1.05,random,3,0.0008317232131958008,0.003337286412715912,0.00955742597579956,0.018383026123046875,1.0,False
GCN,54,1.05,random,4,0.0018709301948547363,-0.0010724440217018127,0.0066987574100494385,-0.03622937202453613,1.0,False
GCN,54,1.05,random,5,0.0009109973907470703,-0.00023715943098068237,0.012748956680297852,0.004648745059967041,1.0,False
GCN,54,1.05,random,6,0.0019056499004364014,0.009020723402500153,0.04700106382369995,-0.026015162467956543,1.0,False
GCN,54,1.05,random,7,-0.0019272863864898682,-0.01592419296503067,0.01860225200653076,-0.046327173709869385,1.0,False
GCN,54,1.05,random,8,-0.0007448494434356689,0.0017189309000968933,0.015921682119369507,0.0021961331367492676,1.0,False
GCN,54,1.05,random,9,0.0011867284774780273,0.006357058882713318,0.013845950365066528,-0.0056416988372802734,1.0,False
GCN,54,1.05,random,10,0.0003725290298461914,-0.004938654601573944,-0.013742923736572266,0.001897573471069336,1.0,False
GCN,54,1.05,random,11,0.00041410326957702637,-0.00953885167837143,0.01663610339164734,-0.035457611083984375,1.0,False
GCN,54,1.05,random,12,-0.0014541149139404297,0.002506926655769348,0.050970256328582764,-0.025801897048950195,1.0,False
GCN,54,1.05,random,13,0.001833498477935791,0.010442975908517838,0.02123197913169861,-0.013135254383087158,1.0,False
GCN,54,1.05,random,14,-0.0007212460041046143,0.003814913332462311,0.020214170217514038,-0.013090014457702637,1.0,False
GCN,54,1.05,random,15,0.0005412697792053223,0.01180809736251831,-0.015246391296386719,0.021906733512878418,1.0,False
GCN,54,1.05,random,16,0.001295328140258789,0.01717432215809822,0.019666284322738647,-0.005310773849487305,1.0,False
GCN,54,1.05,random,17,-0.0005983114242553711,-0.002010911703109741,0.003486722707748413,0.005112767219543457,1.0,False
GCN,54,1.05,random,18,0.0005345046520233154,0.0016864612698554993,0.023729801177978516,-0.020363688468933105,1.0,False
GCN,54,1.05,random,19,0.00031051039695739746,0.009826146066188812,-0.020238220691680908,0.009319305419921875,1.0,False
GCN,56,0.95,gcia_morphology,-1,-0.00770704448223114,-0.11625665426254272,-0.010176658630371094,-0.09340924024581909,0.9978813529014587,False
GCN,56,0.95,random,0,-0.0008146464824676514,-0.005869835615158081,0.008720993995666504,-0.01945549249649048,0.9978813529014587,False
GCN,56,0.95,random,1,-2.3052096366882324e-05,0.0014067590236663818,0.0006000995635986328,0.007583022117614746,0.9985875487327576,False
GCN,56,0.95,random,2,-0.0001558065414428711,-0.0012413859367370605,-0.0116807222366333,0.01263272762298584,0.9978813529014587,False
GCN,56,0.95,random,3,0.0005214959383010864,0.0017413496971130371,0.02154076099395752,-0.0009368062019348145,0.9985875487327576,False
GCN,56,0.95,random,4,-8.285045623779297e-06,-0.005815982818603516,0.0013802647590637207,0.002790212631225586,0.9978813529014587,False
GCN,56,0.95,random,5,0.0005239248275756836,0.00041729211807250977,-0.020067691802978516,0.01660698652267456,0.9978813529014587,False
GCN,56,0.95,random,6,-0.0004123896360397339,0.006851226091384888,-0.021097838878631592,0.02485179901123047,0.9971751570701599,False
GCN,56,0.95,random,7,0.000186040997505188,0.0028553009033203125,-0.0039865970611572266,0.01465296745300293,0.9971751570701599,False
GCN,56,0.95,random,8,0.0006658583879470825,0.0033083558082580566,0.006930351257324219,0.014560401439666748,0.9978813529014587,False
GCN,56,0.95,random,9,-0.0004900544881820679,-0.004798680543899536,-0.001706242561340332,-0.010479390621185303,0.9978813529014587,False
GCN,56,0.95,random,10,0.00032973289489746094,0.0043773353099823,-0.0035596489906311035,0.016484975814819336,0.9978813529014587,False
GCN,56,0.95,random,11,-0.0008331388235092163,-0.006339699029922485,0.008283138275146484,-0.008325338363647461,0.9978813529014587,False
GCN,56,0.95,random,12,-0.0009931176900863647,-0.0033936500549316406,0.035003483295440674,-0.03525590896606445,0.9978813529014587,False
GCN,56,0.95,random,13,0.0005094707012176514,0.006581246852874756,-0.022456049919128418,0.028343677520751953,0.9978813529014587,False
GCN,56,0.95,random,14,0.0010917186737060547,0.00680956244468689,-0.0101548433303833,0.018964529037475586,0.9978813529014587,False
GCN,56,0.95,random,15,-0.00029206275939941406,-0.002856910228729248,-0.004971206188201904,0.0017371773719787598,0.9978813529014587,False
GCN,56,0.95,random,16,0.0004999041557312012,0.005428194999694824,-0.01450657844543457,0.014652550220489502,0.9978813529014587,False
GCN,56,0.95,random,17,0.0006000697612762451,0.00353318452835083,-0.021160900592803955,0.020807325839996338,0.9978813529014587,False
GCN,56,0.95,random,18,0.00039811432361602783,-0.0013037323951721191,-0.0069634318351745605,0.00807499885559082,0.9985875487327576,False
GCN,56,0.95,random,19,0.00036910176277160645,0.005131423473358154,-0.00026154518127441406,0.0031641125679016113,0.9978813529014587,False
GCN,56,1.05,gcia_morphology,-1,0.008524090051651001,0.11550229787826538,0.005557358264923096,0.09255343675613403,0.9985875487327576,False
GCN,56,1.05,random,0,-0.0004544556140899658,-0.00444185733795166,0.009325921535491943,-0.022971272468566895,0.9978813529014587,False
GCN,56,1.05,random,1,0.0006953626871109009,0.002001643180847168,0.0051691532135009766,0.013929307460784912,0.9985875487327576,False
GCN,56,1.05,random,2,0.0004869699478149414,0.005076110363006592,0.00838404893875122,-0.0017894506454467773,0.9971751570701599,False
GCN,56,1.05,random,3,0.000519871711730957,0.005118250846862793,-0.02186131477355957,0.02030932903289795,0.9978813529014587,False
GCN,56,1.05,random,4,0.0007952749729156494,0.0029144883155822754,-0.012015104293823242,0.01874476671218872,0.9978813529014587,False
GCN,56,1.05,random,5,-0.00044417381286621094,-0.0062739551067352295,0.010015726089477539,-0.022373735904693604,0.9992938041687012,False
GCN,56,1.05,random,6,-6.473064422607422e-05,-0.00020417571067810059,0.0041806697845458984,-0.004620373249053955,0.9978813529014587,False
GCN,56,1.05,random,7,0.00028082728385925293,0.0021415352821350098,-0.014321446418762207,0.01890784502029419,0.9978813529014587,False
GCN,56,1.05,random,8,-0.0001522749662399292,-0.0007565915584564209,0.02016425132751465,-0.009058952331542969,0.9978813529014587,False
GCN,56,1.05,random,9,0.0006999075412750244,0.004803597927093506,-0.015043854713439941,0.027766823768615723,0.9971751570701599,False
GCN,56,1.05,random,10,-0.0002426356077194214,0.0010111331939697266,0.00520634651184082,-0.0087355375289917,0.9978813529014587,False
GCN,56,1.05,random,11,-0.00031463801860809326,-0.004652589559555054,0.0005320310592651367,-0.005338191986083984,0.9971751570701599,False
GCN,56,1.05,random,12,-0.0004065483808517456,-0.004408061504364014,-0.001986682415008545,-0.0010871291160583496,0.9985875487327576,False
GCN,56,1.05,random,13,0.00042290985584259033,0.003413379192352295,-0.0004572272300720215,0.00971066951751709,0.9985875487327576,False
GCN,56,1.05,random,14,-0.0003984421491622925,-0.0038647353649139404,0.01065206527709961,-0.0121651291847229,0.9978813529014587,False
GCN,56,1.05,random,15,0.0003926903009414673,0.00427013635635376,-0.02352052927017212,0.019240200519561768,0.9978813529014587,False
GCN,56,1.05,random,16,0.00046253204345703125,0.0013256072998046875,0.00797879695892334,0.00502854585647583,0.9978813529014587,False
GCN,56,1.05,random,17,0.0001529008150100708,0.0009206831455230713,-0.0009416937828063965,-0.01039820909500122,0.9978813529014587,False
GCN,56,1.05,random,18,-0.0003266185522079468,-0.0046218037605285645,0.03153383731842041,-0.02437204122543335,0.9978813529014587,False
GCN,56,1.05,random,19,0.0001893937587738037,0.002635359764099121,-0.018518030643463135,0.0022922754287719727,0.9985875487327576,False
GCN,58,0.95,gcia_morphology,-1,-0.009786099195480347,-0.0941053032875061,0.0007994771003723145,-0.03761298209428787,1.0,False
GCN,58,0.95,random,0,-0.0003516674041748047,-0.0018134117126464844,0.011202692985534668,-0.0016287416219711304,1.0,False
GCN,58,0.95,random,1,-0.00046324729919433594,0.00910043716430664,-0.016520321369171143,0.011479169130325317,1.0,False
GCN,58,0.95,random,2,-0.0002581477165222168,-0.0018336176872253418,0.0023549795150756836,-0.00033155083656311035,1.0,False
GCN,58,0.95,random,3,0.0010242462158203125,0.007917970418930054,0.0010161399841308594,0.0012931227684020996,1.0,False
GCN,58,0.95,random,4,0.0009388923645019531,0.0032754838466644287,-0.007405102252960205,0.007840543985366821,1.0,False
GCN,58,0.95,random,5,0.0012173950672149658,5.5789947509765625e-05,0.004157215356826782,-0.00555950403213501,0.9988095164299011,False
GCN,58,0.95,random,6,0.0005471706390380859,-0.0002829134464263916,-0.016585707664489746,0.011363521218299866,1.0,False
GCN,58,0.95,random,7,0.0006086826324462891,-0.0030590295791625977,0.006969869136810303,-0.02011910080909729,1.0,False
GCN,58,0.95,random,8,0.0006428062915802002,0.009015262126922607,-0.027043044567108154,0.022145673632621765,1.0,False
GCN,58,0.95,random,9,0.0008844435214996338,-0.0052901506423950195,0.0028229355812072754,-0.020024947822093964,1.0,False
GCN,58,0.95,random,10,0.0009028911590576172,0.0040998756885528564,0.004328489303588867,-0.0007433593273162842,0.9988095164299011,False
GCN,58,0.95,random,11,-0.0009557902812957764,-4.06801700592041e-05,-0.013385206460952759,0.018915757536888123,0.9988095164299011,False
GCN,58,0.95,random,12,-0.0008165240287780762,0.00487026572227478,-0.006890773773193359,0.016499653458595276,0.9976190328598022,False
GCN,58,0.95,random,13,0.0003636181354522705,0.005251109600067139,-0.0031647682189941406,0.015183702111244202,0.9988095164299011,False
GCN,58,0.95,random,14,0.00041869282722473145,-0.0030835866928100586,0.018456339836120605,-0.01428908109664917,1.0,False
GCN,58,0.95,random,15,0.0005238354206085205,0.004103183746337891,-0.002705693244934082,0.011444374918937683,1.0,False
GCN,58,0.95,random,16,-0.0007070302963256836,0.00377655029296875,0.006954312324523926,0.01941607892513275,0.9976190328598022,False
GCN,58,0.95,random,17,-0.00019985437393188477,0.006082475185394287,-0.004908621311187744,0.023089319467544556,1.0,False
GCN,58,0.95,random,18,0.0007436573505401611,7.411837577819824e-05,-0.013624250888824463,-0.001965731382369995,1.0,False
GCN,58,0.95,random,19,0.0012716352939605713,0.0002302229404449463,0.004792660474777222,-0.012414738535881042,1.0,False
GCN,58,1.05,gcia_morphology,-1,0.011498034000396729,0.09430184960365295,-0.004665404558181763,0.03327934443950653,1.0,False
GCN,58,1.05,random,0,5.97834587097168e-05,-0.005656689405441284,-0.013020455837249756,0.0065229833126068115,1.0,False
GCN,58,1.05,random,1,-3.6656856536865234e-05,-0.0038880109786987305,-0.006860017776489258,-0.002319648861885071,1.0,False
GCN,58,1.05,random,2,-0.0009086728096008301,0.0003445446491241455,-0.0005197525024414062,0.010019868612289429,1.0,False
GCN,58,1.05,random,3,-0.0008407831192016602,-0.004408597946166992,0.00987255573272705,-0.012157529592514038,1.0,False
GCN,58,1.05,random,4,-0.000518798828125,-0.0032699108123779297,0.010242640972137451,-0.009475335478782654,1.0,False
GCN,58,1.05,random,5,-0.0007276535034179688,-0.005043655633926392,0.003908872604370117,-0.00019000470638275146,1.0,False
GCN,58,1.05,random,6,0.00043588876724243164,0.000132828950881958,-0.008283674716949463,0.005735903978347778,0.9988095164299011,False
GCN,58,1.05,random,7,-0.0008754134178161621,-0.004835784435272217,0.004706144332885742,-0.0005227178335189819,1.0,False
GCN,58,1.05,random,8,-0.0009133219718933105,-0.006708979606628418,-0.000556260347366333,-0.0030979961156845093,0.9988095164299011,False
GCN,58,1.05,random,9,0.0019712448120117188,0.00547260046005249,-0.011333554983139038,0.0009222626686096191,1.0,False
GCN,58,1.05,random,10,0.0009990036487579346,0.00736430287361145,-0.0028301775455474854,0.0034551769495010376,1.0,False
GCN,58,1.05,random,11,0.00103837251663208,0.00304451584815979,-0.009649008512496948,0.014092281460762024,0.9988095164299011,False
GCN,58,1.05,random,12,0.00043582916259765625,0.00536462664604187,-0.026096701622009277,0.004676446318626404,1.0,False
GCN,58,1.05,random,13,0.0003192424774169922,-0.00014263391494750977,0.01202341914176941,-0.008810222148895264,0.9988095164299011,False
GCN,58,1.05,random,14,-0.00044029951095581055,-0.007443606853485107,0.014720141887664795,-0.021203212440013885,1.0,False
GCN,58,1.05,random,15,-0.0008966326713562012,0.00837641954421997,0.0026884078979492188,0.01844055950641632,1.0,False
GCN,58,1.05,random,16,-6.198883056640625e-06,0.009912222623825073,-0.012321829795837402,0.0154561847448349,1.0,False
GCN,58,1.05,random,17,0.0005922615528106689,-0.0009190738201141357,-0.0035381019115448,-0.003741040825843811,1.0,False
GCN,58,1.05,random,18,0.0011704564094543457,0.006480485200881958,-0.015046298503875732,0.010453358292579651,0.9988095164299011,False
GCN,58,1.05,random,19,-0.001401752233505249,-0.003946572542190552,-0.006697416305541992,0.007898926734924316,0.9988095164299011,False
GCN,59,0.95,gcia_morphology,-1,-0.008963197469711304,-0.08503812551498413,0.0012153983116149902,-0.02456355094909668,1.0,False
GCN,59,0.95,random,0,-0.000788569450378418,0.000849306583404541,0.00566437840461731,0.0031298846006393433,1.0,False
GCN,59,0.95,random,1,-0.0006804168224334717,-0.004258573055267334,-0.0005130469799041748,0.002465546131134033,1.0,False
GCN,59,0.95,random,2,0.0005269646644592285,0.0013796687126159668,-0.0053293704986572266,0.0018477439880371094,0.9992856979370117,False
GCN,59,0.95,random,3,0.00018650293350219727,0.0025485754013061523,0.002000361680984497,-0.00750616192817688,1.0,False
GCN,59,0.95,random,4,-0.0015200972557067871,-0.005635857582092285,0.0055716633796691895,0.00220663845539093,1.0,False
GCN,59,0.95,random,5,0.0009396076202392578,-0.0012286901473999023,-0.002032727003097534,0.00038413703441619873,0.9992856979370117,False
GCN,59,0.95,random,6,-0.00015753507614135742,-0.0030006766319274902,0.0016733109951019287,-0.01696743071079254,0.9992856979370117,False
GCN,59,0.95,random,7,0.00028768181800842285,0.00726318359375,-0.0021869242191314697,0.0026975125074386597,1.0,False
GCN,59,0.95,random,8,0.0008584558963775635,0.0032548904418945312,0.005821317434310913,-0.006596267223358154,1.0,False
GCN,59,0.95,random,9,0.0007848739624023438,0.0008399486541748047,-0.0001716315746307373,-0.003656327724456787,1.0,False
GCN,59,0.95,random,10,-0.0005478560924530029,0.00019943714141845703,-0.004882246255874634,-0.0004966855049133301,1.0,False
GCN,59,0.95,random,11,0.00012356042861938477,0.0033268332481384277,0.013986200094223022,-0.009459525346755981,0.9985714554786682,False
GCN,59,0.95,random,12,0.00037160515785217285,0.000817418098449707,0.000379025936126709,-0.0009961426258087158,1.0,False
GCN,59,0.95,random,13,0.0011915266513824463,0.0015849471092224121,0.0036373138427734375,0.0033125877380371094,1.0,False
GCN,59,0.95,random,14,0.00032782554626464844,-0.00262296199798584,0.01731434464454651,-0.013856828212738037,0.9992856979370117,False
GCN,59,0.95,random,15,0.0007044076919555664,0.0015971660614013672,-0.006930023431777954,0.003174513578414917,1.0,False
GCN,59,0.95,random,16,0.0006026029586791992,0.0005919933319091797,-0.006438344717025757,0.002254962921142578,0.9992856979370117,False
GCN,59,0.95,random,17,0.0008970797061920166,0.0034375786781311035,6.899237632751465e-05,-0.00010301172733306885,0.9992856979370117,False
GCN,59,0.95,random,18,0.00034299492835998535,-0.0013016462326049805,0.01235690712928772,-0.017475664615631104,0.9992856979370117,False
GCN,59,0.95,random,19,0.0006077885627746582,-0.0020018815994262695,-0.001229614019393921,-0.012648388743400574,1.0,False
GCN,59,1.05,gcia_morphology,-1,0.010978996753692627,0.0894809365272522,-0.008321046829223633,0.02313855290412903,1.0,False
GCN,59,1.05,random,0,-0.00027185678482055664,0.0024921298027038574,0.0006101727485656738,0.004686981439590454,1.0,False
GCN,59,1.05,random,1,-0.00026023387908935547,-0.0011351704597473145,0.007709413766860962,0.0014049112796783447,1.0,False
GCN,59,1.05,random,2,0.0006947517395019531,0.006092429161071777,0.017374098300933838,0.0004223734140396118,1.0,False
GCN,59,1.05,random,3,0.0011252760887145996,-0.0015638470649719238,0.004810243844985962,-0.00916638970375061,1.0,False
GCN,59,1.05,random,4,0.0005747377872467041,0.0005906820297241211,-0.01291009783744812,-0.007462918758392334,1.0,False
GCN,59,1.05,random,5,0.0001327991485595703,-0.0012639760971069336,0.0026355087757110596,-0.00790230929851532,0.9992856979370117,False
GCN,59,1.05,random,6,0.0006511509418487549,0.004022777080535889,-0.011730402708053589,0.005416110157966614,0.9992856979370117,False
GCN,59,1.05,random,7,-1.4603137969970703e-05,-0.0013737678527832031,-0.006999075412750244,0.00014366209506988525,0.9992856979370117,False
GCN,59,1.05,random,8,-9.772181510925293e-05,-0.00013005733489990234,0.007089138031005859,-0.005324795842170715,1.0,False
GCN,59,1.05,random,9,-0.0002931356430053711,0.0056836605072021484,-0.0004786849021911621,0.009405001997947693,1.0,False
GCN,59,1.05,random,10,0.00044530630111694336,0.0030112266540527344,-0.00025662779808044434,-0.0039719343185424805,0.9992856979370117,False
GCN,59,1.05,random,11,0.0003756880760192871,0.0023515820503234863,-0.007292062044143677,0.007478892803192139,1.0,False
GCN,59,1.05,random,12,2.2590160369873047e-05,-0.00043851137161254883,-0.005375474691390991,0.005763038992881775,1.0,False
GCN,59,1.05,random,13,-0.0012351274490356445,-0.0015043020248413086,7.12275505065918e-06,0.003736257553100586,1.0,False
GCN,59,1.05,random,14,-0.0004252195358276367,-0.0037602782249450684,-0.0019237697124481201,-0.004922762513160706,0.9992856979370117,False
GCN,59,1.05,random,15,0.0008169710636138916,0.003950536251068115,0.006253331899642944,0.000805586576461792,1.0,False
GCN,59,1.05,random,16,0.0004190504550933838,-0.0015064477920532227,-0.0018822252750396729,-0.005164831876754761,1.0,False
GCN,59,1.05,random,17,-0.00023758411407470703,-0.0003050565719604492,0.005504876375198364,0.005376219749450684,1.0,False
GCN,59,1.05,random,18,-0.0007142722606658936,-0.004071652889251709,0.009698420763015747,-0.002016603946685791,0.9992856979370117,False
GCN,59,1.05,random,19,5.143880844116211e-05,0.0006281733512878418,-0.0009152591228485107,0.008514419198036194,0.9992856979370117,False
GCN,7,0.95,gcia_morphology,-1,-0.005320698022842407,-0.06060969829559326,-0.031299859285354614,-0.0035276710987091064,1.0,False
GCN,7,0.95,random,0,8.615851402282715e-05,-0.00046896934509277344,-0.0014749765396118164,-0.0022696852684020996,1.0,False
GCN,7,0.95,random,1,0.0005766153335571289,-0.00047266483306884766,-0.0028343796730041504,-0.0018210411071777344,1.0,False
GCN,7,0.95,random,2,0.001284778118133545,0.0002702474594116211,-0.003072381019592285,-0.004582315683364868,1.0,False
GCN,7,0.95,random,3,0.00015375018119812012,-0.0006132125854492188,0.0018279850482940674,-0.002485305070877075,1.0,False
GCN,7,0.95,random,4,-0.0006899833679199219,-0.00014650821685791016,-0.00040456652641296387,0.00564923882484436,1.0,False
GCN,7,0.95,random,5,0.00016888976097106934,-0.0009276866912841797,0.0011977553367614746,0.0001285076141357422,1.0,False
GCN,7,0.95,random,6,0.0006551742553710938,-0.0017142295837402344,0.002988576889038086,-0.0022730231285095215,1.0,False
GCN,7,0.95,random,7,-0.0001958906650543213,-0.0008671283721923828,-0.0016748309135437012,0.0015180408954620361,1.0,False
GCN,7,0.95,random,8,-0.00047078728675842285,-0.0007730722427368164,-0.0015870332717895508,0.004541575908660889,1.0,False
GCN,7,0.95,random,9,-0.0006465911865234375,-0.0008271932601928711,-0.0012347996234893799,0.003858715295791626,1.0,False
GCN,7,0.95,random,10,0.0006371736526489258,0.0009453296661376953,0.0015428662300109863,-0.005682498216629028,1.0,False
GCN,7,0.95,random,11,-0.00024443864822387695,0.001892685890197754,-0.00017547607421875,-0.0036242306232452393,1.0,False
GCN,7,0.95,random,12,-3.874301910400391e-06,-0.0012967586517333984,-0.0009251236915588379,-0.00041297078132629395,1.0,False
GCN,7,0.95,random,13,-6.502866744995117e-05,-0.0010474920272827148,-0.0014377236366271973,0.00033333897590637207,1.0,False
GCN,7,0.95,random,14,0.00044474005699157715,0.0012805461883544922,0.0014172196388244629,-0.0006119310855865479,1.0,False
GCN,7,0.95,random,15,-0.00031569600105285645,-0.003680109977722168,-0.0006173551082611084,0.001341313123703003,1.0,False
GCN,7,0.95,random,16,1.9550323486328125e-05,0.0018584728240966797,0.0005952119827270508,0.003776848316192627,1.0,False
GCN,7,0.95,random,17,0.0002580583095550537,-0.0024001598358154297,-7.194280624389648e-05,-0.0023137032985687256,1.0,False
GCN,7,0.95,random,18,7.367134094238281e-05,-0.00015044212341308594,0.0013560056686401367,0.0011912882328033447,1.0,False
GCN,7,0.95,random,19,-0.0003222525119781494,-0.0010749101638793945,-0.0007416903972625732,0.0028027892112731934,1.0,False
GCN,7,1.05,gcia_morphology,-1,0.0057073235511779785,0.060843706130981445,0.02996918559074402,0.002211630344390869,1.0,False
GCN,7,1.05,random,0,0.0008414387702941895,-0.00047719478607177734,0.0016965270042419434,-0.003838866949081421,1.0,False
GCN,7,1.05,random,1,-0.00015440583229064941,1.6570091247558594e-05,-0.001098722219467163,0.0017810165882110596,1.0,False
GCN,7,1.05,random,2,-0.00020182132720947266,-0.00043380260467529297,0.0005397796630859375,-0.00020071864128112793,1.0,False
GCN,7,1.05,random,3,-0.00032830238342285156,-0.0008370876312255859,0.0010737776756286621,9.229779243469238e-05,1.0,False
GCN,7,1.05,random,4,-0.00043469667434692383,-0.00024580955505371094,-0.0001361370086669922,0.0031622350215911865,1.0,False
GCN,7,1.05,random,5,0.00014024972915649414,0.0008385181427001953,-6.306171417236328e-05,-0.0002554357051849365,1.0,False
GCN,7,1.05,random,6,0.00023120641708374023,-0.0008935928344726562,0.0001475512981414795,0.0012952983379364014,1.0,False
GCN,7,1.05,random,7,-0.0007612109184265137,0.00027501583099365234,0.0016433000564575195,0.005263149738311768,1.0,False
GCN,7,1.05,random,8,0.00016039609909057617,0.0007350444793701172,0.003386557102203369,-0.0009902417659759521,1.0,False
GCN,7,1.05,random,9,0.0003694891929626465,0.0036765336990356445,-0.002140045166015625,-0.001476198434829712,1.0,False
GCN,7,1.05,random,10,-0.00028967857360839844,0.0003662109375,0.002416640520095825,0.003850013017654419,1.0,False
GCN,7,1.05,random,11,0.0007492005825042725,0.0020143985748291016,-0.003889322280883789,-0.0017688274383544922,1.0,False
GCN,7,1.05,random,12,0.00019344687461853027,-0.00019860267639160156,-0.002192854881286621,-0.001012176275253296,1.0,False
GCN,7,1.05,random,13,-0.00026875734329223633,0.0009750127792358398,-5.704164505004883e-05,0.004974782466888428,1.0,False
GCN,7,1.05,random,14,-0.00022602081298828125,-0.0019178390502929688,-0.001686394214630127,2.4437904357910156e-06,1.0,False
GCN,7,1.05,random,15,3.695487976074219e-05,0.0023615360260009766,0.004094630479812622,-0.004666775465011597,1.0,False
GCN,7,1.05,random,16,-0.000550389289855957,-0.002523183822631836,-0.0006180405616760254,-0.0005108416080474854,1.0,False
GCN,7,1.05,random,17,0.00019472837448120117,-0.0011290311813354492,0.0011729001998901367,-0.002008199691772461,1.0,False
GCN,7,1.05,random,18,-0.000724107027053833,0.0003052949905395508,-0.0003215670585632324,0.004858672618865967,1.0,False
GCN,7,1.05,random,19,-0.0004900991916656494,0.0012555122375488281,-0.0025128722190856934,0.004158139228820801,1.0,False
GCN,87,0.95,gcia_morphology,-1,-0.01287129521369934,-0.10741585493087769,-0.023426279425621033,-0.030838966369628906,1.0,False
GCN,87,0.95,random,0,0.0006545484066009521,0.005583405494689941,-0.012471631169319153,0.007091343402862549,1.0,False
GCN,87,0.95,random,1,0.0011091232299804688,0.002521812915802002,0.007312789559364319,-0.012389063835144043,1.0,False
GCN,87,0.95,random,2,0.0003933906555175781,-0.002025604248046875,0.005818679928779602,-0.012624174356460571,1.0,False
GCN,87,0.95,random,3,-0.0007805228233337402,-0.001629173755645752,0.009024664759635925,-0.00491863489151001,1.0,False
GCN,87,0.95,random,4,-0.00034332275390625,-0.0021979212760925293,-0.01800389587879181,0.008446037769317627,1.0,False
GCN,87,0.95,random,5,0.0004323124885559082,0.0021191835403442383,0.0007393062114715576,0.002833634614944458,1.0,False
GCN,87,0.95,random,6,-0.00011241436004638672,0.0012568235397338867,-0.017118722200393677,0.003466278314590454,1.0,False
GCN,87,0.95,random,7,-3.075599670410156e-05,0.0004341602325439453,-0.013381510972976685,-0.002211332321166992,1.0,False
GCN,87,0.95,random,8,-0.0003902912139892578,0.0041539669036865234,0.002889111638069153,0.006439119577407837,1.0,False
GCN,87,0.95,random,9,-0.0010339021682739258,0.0012014806270599365,-0.007921084761619568,0.01032748818397522,1.0,False
GCN,87,0.95,random,10,0.0011946558952331543,0.0020751357078552246,0.0007932782173156738,-0.0032730400562286377,1.0,False
GCN,87,0.95,random,11,0.001529395580291748,0.0024820268154144287,-7.103383541107178e-05,0.0001901388168334961,1.0,False
GCN,87,0.95,random,12,-0.00016301870346069336,0.004852473735809326,0.0014681220054626465,0.011265724897384644,1.0,False
GCN,87,0.95,random,13,0.0009987950325012207,0.002370297908782959,-0.002778157591819763,-0.00763469934463501,1.0,False
GCN,87,0.95,random,14,-0.0003323554992675781,0.00034689903259277344,0.0031237155199050903,0.0008488297462463379,1.0,False
GCN,87,0.95,random,15,0.001431107521057129,0.005046874284744263,0.0032708346843719482,-0.010010510683059692,1.0,False
GCN,87,0.95,random,16,0.0014712512493133545,0.0006495118141174316,0.00017179548740386963,-0.015970855951309204,1.0,False
GCN,87,0.95,random,17,-0.001912623643875122,-0.0030405521392822266,-0.00017796456813812256,0.007718026638031006,1.0,False
GCN,87,0.95,random,18,0.0007851719856262207,0.006587296724319458,-0.0006668269634246826,-0.0010976791381835938,1.0,False
GCN,87,0.95,random,19,-0.0014150738716125488,-0.005765795707702637,-0.014839813113212585,0.004773527383804321,1.0,False
GCN,87,1.05,gcia_morphology,-1,0.014430969953536987,0.10770431160926819,0.015789702534675598,0.027918726205825806,1.0,False
GCN,87,1.05,random,0,-0.0002754330635070801,-0.0020695924758911133,0.0031099021434783936,-0.008059144020080566,1.0,False
GCN,87,1.05,random,1,0.0013473033905029297,0.0010800659656524658,-0.001641780138015747,-0.0027216076850891113,1.0,False
GCN,87,1.05,random,2,-0.001414477825164795,-0.005439817905426025,0.0024522393941879272,-0.0007398724555969238,1.0,False
GCN,87,1.05,random,3,0.0005121827125549316,0.0048389434814453125,-0.0030045807361602783,-0.007702738046646118,1.0,False
GCN,87,1.05,random,4,-0.0006167292594909668,0.004898399114608765,-0.0053846389055252075,0.008298516273498535,1.0,False
GCN,87,1.05,random,5,-0.0019312500953674316,-0.00910043716430664,0.00759240984916687,-0.0031467676162719727,1.0,False
GCN,87,1.05,random,6,-0.0009539127349853516,-0.005010664463043213,0.0033474713563919067,0.00129777193069458,1.0,False
GCN,87,1.05,random,7,0.0013966560363769531,-0.005638539791107178,0.007467910647392273,-0.017562389373779297,1.0,False
GCN,87,1.05,random,8,0.00014537572860717773,-0.004081130027770996,-0.00022745132446289062,0.00228041410446167,1.0,False
GCN,87,1.05,random,9,0.0008112192153930664,0.004168838262557983,0.00017088651657104492,0.00281563401222229,1.0,False
GCN,87,1.05,random,10,0.0009099841117858887,-0.003877609968185425,0.015263602137565613,-0.017988622188568115,1.0,False
GCN,87,1.05,random,11,-0.0010629892349243164,0.002773761749267578,-0.008281901478767395,0.008534818887710571,1.0,False
GCN,87,1.05,random,12,0.0006992518901824951,-0.0027121007442474365,-0.008566528558731079,-0.004352748394012451,1.0,False
GCN,87,1.05,random,13,-0.00024333596229553223,0.004085898399353027,-0.018872275948524475,0.009205818176269531,1.0,False
GCN,87,1.05,random,14,-0.0008584558963775635,-0.006212890148162842,-0.003179207444190979,-0.0007943511009216309,1.0,False
GCN,87,1.05,random,15,-0.00030344724655151367,-0.00014007091522216797,0.0011117011308670044,0.0053976476192474365,1.0,False
GCN,87,1.05,random,16,0.0009728372097015381,-0.0019106566905975342,-0.0049226731061935425,0.0019186139106750488,1.0,False
GCN,87,1.05,random,17,-0.00013819336891174316,-0.014749258756637573,-0.002298399806022644,-0.008352965116500854,1.0,False
GCN,87,1.05,random,18,0.00017404556274414062,-0.005383491516113281,-0.006432563066482544,-0.0009353756904602051,1.0,False
GCN,87,1.05,random,19,-0.0019134283065795898,-0.002323746681213379,-0.003920689225196838,0.009578049182891846,1.0,False
GCN,9,0.95,gcia_morphology,-1,-0.03301692008972168,-0.19164294004440308,0.005596518516540527,-0.050167083740234375,1.0,False
GCN,9,0.95,random,0,-0.0036261677742004395,-0.0026668310165405273,-0.018841981887817383,0.013518571853637695,1.0,False
GCN,9,0.95,random,1,0.0026237964630126953,0.0020790696144104004,-0.038011908531188965,-0.01768207550048828,1.0,False
GCN,9,0.95,random,2,0.0012769103050231934,0.009668827056884766,-0.019913196563720703,-5.042552947998047e-05,1.0,False
GCN,9,0.95,random,3,0.0007919669151306152,-0.0043007731437683105,-0.016773700714111328,0.012927770614624023,1.0,False
GCN,9,0.95,random,4,-0.0004756450653076172,0.005284607410430908,-0.021465063095092773,0.01315462589263916,1.0,False
GCN,9,0.95,random,5,-0.0013126730918884277,-0.00026172399520874023,-0.0021865367889404297,-0.012515425682067871,1.0,False
GCN,9,0.95,random,6,-3.361701965332031e-05,0.003952980041503906,0.029259681701660156,-0.032265424728393555,0.9985954761505127,False
GCN,9,0.95,random,7,0.000774681568145752,0.008337020874023438,-0.03136932849884033,0.02258145809173584,1.0,False
GCN,9,0.95,random,8,0.0020757317543029785,0.003805100917816162,-0.009951353073120117,-0.007871627807617188,1.0,False
GCN,9,0.95,random,9,-0.0003642439842224121,-0.002469182014465332,-0.00020945072174072266,0.0066138505935668945,1.0,False
GCN,9,0.95,random,10,0.0012828707695007324,0.008336365222930908,-0.01141977310180664,-2.8848648071289062e-05,0.9985954761505127,False
GCN,9,0.95,random,11,-0.0016071200370788574,-0.010680198669433594,0.013170361518859863,0.0074121952056884766,1.0,False
GCN,9,0.95,random,12,-0.0016361474990844727,0.0033270716667175293,0.03969264030456543,0.00013148784637451172,1.0,False
GCN,9,0.95,random,13,0.0001506805419921875,-0.00855332612991333,0.0010311603546142578,-0.0005524158477783203,0.9985954761505127,False
GCN,9,0.95,random,14,0.0006175637245178223,0.005746006965637207,-0.012722134590148926,-0.004381537437438965,1.0,False
GCN,9,0.95,random,15,-0.001805424690246582,-0.00943601131439209,-0.007774233818054199,-0.003427863121032715,1.0,False
GCN,9,0.95,random,16,0.0010270476341247559,0.0025199055671691895,0.0005017518997192383,-0.013974666595458984,1.0,False
GCN,9,0.95,random,17,0.0022590160369873047,0.006528019905090332,-0.017814278602600098,0.044565677642822266,1.0,False
GCN,9,0.95,random,18,0.0027728676795959473,0.004301786422729492,0.0080338716506958,-0.009756922721862793,1.0,False
GCN,9,0.95,random,19,0.0030698180198669434,-0.0021456480026245117,-0.013398289680480957,-0.014967679977416992,1.0,False
GCN,9,1.05,gcia_morphology,-1,0.03259557485580444,0.1894112229347229,-0.007285475730895996,0.04561257362365723,1.0,False
GCN,9,1.05,random,0,0.0010309219360351562,0.002592921257019043,0.020835280418395996,-0.012648463249206543,1.0,False
GCN,9,1.05,random,1,2.980232238769531e-07,-0.007681131362915039,0.0038497447967529297,-0.04370474815368652,1.0,False
GCN,9,1.05,random,2,0.00016891956329345703,0.000702977180480957,-0.008401155471801758,-0.013369441032409668,1.0,False
GCN,9,1.05,random,3,0.00040036439895629883,0.00814753770828247,-0.05320239067077637,0.051317453384399414,1.0,False
GCN,9,1.05,random,4,-0.0008003711700439453,-0.011860549449920654,-0.009795784950256348,-0.008246302604675293,1.0,False
GCN,9,1.05,random,5,0.0019297003746032715,0.004869818687438965,-0.012219667434692383,0.009222030639648438,1.0,False
GCN,9,1.05,random,6,0.002314448356628418,0.01199638843536377,-0.001675724983215332,-0.0006053447723388672,1.0,False
GCN,9,1.05,random,7,-0.0028153061866760254,-0.013808965682983398,-0.0016728639602661133,-0.013420581817626953,1.0,False
GCN,9,1.05,random,8,-0.000832974910736084,-0.0034972429275512695,0.011258363723754883,-0.004143238067626953,1.0,False
GCN,9,1.05,random,9,0.001814424991607666,0.007594048976898193,0.02131521701812744,-0.020730137825012207,1.0,False
GCN,9,1.05,random,10,-0.0008397698402404785,0.0096282958984375,0.0029317140579223633,0.02445697784423828,1.0,False
GCN,9,1.05,random,11,-0.0012696385383605957,-0.009893238544464111,-0.004343748092651367,-0.008419632911682129,1.0,False
GCN,9,1.05,random,12,0.0021553635597229004,0.009953022003173828,-0.028500914573669434,0.01095592975616455,1.0,False
GCN,9,1.05,random,13,0.000673830509185791,0.0058825016021728516,-0.016121506690979004,0.030411124229431152,1.0,False
GCN,9,1.05,random,14,-9.560585021972656e-05,-0.004367947578430176,-0.002925872802734375,0.009102821350097656,1.0,False
GCN,9,1.05,random,15,0.000940859317779541,-0.00898963212966919,0.01889216899871826,-0.041822075843811035,1.0,False
GCN,9,1.05,random,16,0.0013205409049987793,0.0010516047477722168,-0.004243731498718262,0.008164644241333008,1.0,False
GCN,9,1.05,random,17,-0.0006932616233825684,0.0027577877044677734,0.019518494606018066,-0.015942811965942383,1.0,False
GCN,9,1.05,random,18,-7.271766662597656e-05,0.008653402328491211,-0.019205808639526367,0.03373074531555176,1.0,False
GCN,9,1.05,random,19,-0.00029987096786499023,-0.0038374662399291992,0.021048426628112793,-0.036239027976989746,1.0,False
GraphSAGE,101,0.95,gcia_morphology,-1,-0.009924381971359253,-0.07072728872299194,-0.012218952178955078,-0.0433880090713501,1.0,False
GraphSAGE,101,0.95,random,0,-0.0008963346481323242,-0.0029188990592956543,-0.013737201690673828,0.010829687118530273,1.0,False
GraphSAGE,101,0.95,random,1,0.0004462599754333496,0.003650188446044922,-0.008795499801635742,0.019390463829040527,1.0,False
GraphSAGE,101,0.95,random,2,-0.00167044997215271,0.0019618868827819824,0.047731876373291016,-0.01873791217803955,1.0,False
GraphSAGE,101,0.95,random,3,0.0014570057392120361,-0.02248591184616089,-0.030036449432373047,-0.008062005043029785,1.0,False
GraphSAGE,101,0.95,random,4,0.0009459853172302246,0.005230724811553955,0.013634204864501953,-0.005887508392333984,1.0,False
GraphSAGE,101,0.95,random,5,-0.0013757944107055664,0.014744162559509277,0.022190332412719727,0.006107926368713379,1.0,False
GraphSAGE,101,0.95,random,6,-0.0029568076133728027,-0.00027060508728027344,0.017060279846191406,-0.0035245418548583984,1.0,False
GraphSAGE,101,0.95,random,7,-0.0021443068981170654,-0.001463770866394043,0.020268917083740234,-0.0026268959045410156,1.0,False
GraphSAGE,101,0.95,random,8,-0.003035992383956909,0.013633787631988525,0.06755495071411133,-0.017957091331481934,1.0,False
GraphSAGE,101,0.95,random,9,-0.0026309192180633545,0.002791106700897217,0.023778200149536133,-0.003027200698852539,1.0,False
GraphSAGE,101,0.95,random,10,0.0014145970344543457,0.0051277875900268555,-0.0439150333404541,0.009079337120056152,1.0,False
GraphSAGE,101,0.95,random,11,-0.00286257266998291,-0.0018562078475952148,0.09278106689453125,-0.04175114631652832,1.0,False
GraphSAGE,101,0.95,random,12,-0.0023119449615478516,-0.0011740922927856445,0.0026624202728271484,-0.005845785140991211,1.0,False
GraphSAGE,101,0.95,random,13,-0.0014256834983825684,0.014095544815063477,0.058756113052368164,-0.020527124404907227,1.0,False
GraphSAGE,101,0.95,random,14,-0.0015228986740112305,0.008473634719848633,0.03985762596130371,-0.0027391910552978516,1.0,False
GraphSAGE,101,0.95,random,15,0.001087784767150879,-0.0030705928802490234,-0.03673410415649414,0.020786046981811523,1.0,False
GraphSAGE,101,0.95,random,16,0.0007495284080505371,-0.005745232105255127,-0.02339315414428711,0.010684490203857422,1.0,False
GraphSAGE,101,0.95,random,17,-0.003235548734664917,-0.011038124561309814,-0.007724285125732422,0.0033164024353027344,1.0,False
GraphSAGE,101,0.95,random,18,0.0006734728813171387,-0.0022506117820739746,-0.03237199783325195,0.014930009841918945,1.0,False
GraphSAGE,101,0.95,random,19,0.00027364492416381836,-0.007285892963409424,0.015323162078857422,-0.019188284873962402,1.0,False
GraphSAGE,101,1.05,gcia_morphology,-1,0.01047101616859436,0.07147693634033203,0.010381460189819336,0.042182207107543945,1.0,False
GraphSAGE,101,1.05,random,0,0.0004438459873199463,0.006281137466430664,-0.02028799057006836,0.006882190704345703,1.0,False
GraphSAGE,101,1.05,random,1,0.0013160109519958496,-0.001911163330078125,-0.028121232986450195,0.01047360897064209,1.0,False
GraphSAGE,101,1.05,random,2,0.0033288002014160156,0.0018766522407531738,0.006186723709106445,-0.004826545715332031,1.0,False
GraphSAGE,101,1.05,random,3,-0.0001519322395324707,0.0034505724906921387,0.026624679565429688,-0.0071828365325927734,1.0,False
GraphSAGE,101,1.05,random,4,-6.645917892456055e-06,-0.0023722052574157715,-0.013048171997070312,0.0020662546157836914,1.0,False
GraphSAGE,101,1.05,random,5,0.0019591450691223145,-0.005760312080383301,-0.007679939270019531,-0.0018140077590942383,1.0,False
GraphSAGE,101,1.05,random,6,-0.0025528371334075928,0.00012665987014770508,0.05376100540161133,-0.025342702865600586,1.0,False
GraphSAGE,101,1.05,random,7,0.001964360475540161,-0.0016748309135437012,0.05157613754272461,-0.035958170890808105,1.0,False
GraphSAGE,101,1.05,random,8,0.0020644962787628174,0.004210114479064941,0.005102872848510742,-0.0009428262710571289,1.0,False
GraphSAGE,101,1.05,random,9,0.0017986595630645752,-0.0007102489471435547,-0.04711508750915527,0.010242581367492676,1.0,False
GraphSAGE,101,1.05,random,10,0.002810537815093994,0.013496041297912598,-0.04339957237243652,0.025725245475769043,1.0,False
GraphSAGE,101,1.05,random,11,0.0006416141986846924,-0.005200862884521484,-0.02702498435974121,0.017296791076660156,1.0,False
GraphSAGE,101,1.05,random,12,0.00011092424392700195,-0.012678146362304688,-0.06948733329772949,0.02078878879547119,1.0,False
GraphSAGE,101,1.05,random,13,0.0029318928718566895,0.009139716625213623,-0.015820980072021484,0.00966644287109375,1.0,False
GraphSAGE,101,1.05,random,14,-0.002651393413543701,0.002389252185821533,0.01349186897277832,0.006676316261291504,1.0,False
GraphSAGE,101,1.05,random,15,0.001585155725479126,0.003461182117462158,0.007939577102661133,0.004016518592834473,1.0,False
GraphSAGE,101,1.05,random,16,-0.00215989351272583,0.0006845593452453613,0.030838489532470703,0.001392364501953125,1.0,False
GraphSAGE,101,1.05,random,17,-6.103515625e-05,0.002795100212097168,0.01843118667602539,-0.0013890266418457031,1.0,False
GraphSAGE,101,1.05,random,18,-0.001997828483581543,0.0020197033882141113,0.027942180633544922,-0.00837850570678711,1.0,False
GraphSAGE,101,1.05,random,19,0.005188167095184326,0.018555402755737305,-0.06318068504333496,0.04111886024475098,1.0,False
GraphSAGE,102,0.95,gcia_morphology,-1,-0.029011249542236328,-0.1634962260723114,-0.03839036822319031,-0.05151548981666565,1.0,False
GraphSAGE,102,0.95,random,0,-0.0005192756652832031,0.0023422539234161377,0.047725096344947815,0.006781458854675293,1.0,False
GraphSAGE,102,0.95,random,1,-0.003009974956512451,-0.00601959228515625,0.00011111795902252197,-0.0004521608352661133,1.0,False
GraphSAGE,102,0.95,random,2,0.002681255340576172,0.0075957030057907104,-0.016942963004112244,0.0134468674659729,1.0,False
GraphSAGE,102,0.95,random,3,-0.005777716636657715,-0.025842588394880295,-0.004993811249732971,-0.012593388557434082,1.0,False
GraphSAGE,102,0.95,random,4,0.0017613768577575684,-0.002795390784740448,0.0013299733400344849,0.015389025211334229,1.0,False
GraphSAGE,102,0.95,random,5,-0.0037700533866882324,-0.008394621312618256,0.004642412066459656,-0.029686808586120605,1.0,False
GraphSAGE,102,0.95,random,6,0.0035640597343444824,0.01228613406419754,0.0006208717823028564,0.01771843433380127,1.0,False
GraphSAGE,102,0.95,random,7,-0.0018137097358703613,-0.003895014524459839,-0.014979839324951172,0.005339682102203369,1.0,False
GraphSAGE,102,0.95,random,8,-0.0002327561378479004,-0.0055155158042907715,0.03632402420043945,-0.03297823667526245,1.0,False
GraphSAGE,102,0.95,random,9,-0.002803325653076172,-0.009355641901493073,-0.03863896429538727,0.027247905731201172,1.0,False
GraphSAGE,102,0.95,random,10,0.0011335015296936035,0.015197619795799255,0.05466426908969879,0.023010671138763428,1.0,False
GraphSAGE,102,0.95,random,11,-0.0034903883934020996,-0.0072670578956604,-0.004523277282714844,0.0031644105911254883,1.0,False
GraphSAGE,102,0.95,random,12,0.00037747621536254883,-0.008998781442642212,0.032612159848213196,-0.03978675603866577,1.0,False
GraphSAGE,102,0.95,random,13,-0.0018904805183410645,-0.0078011155128479,0.03341004252433777,0.0022569894790649414,1.0,False
GraphSAGE,102,0.95,random,14,-0.0018927454948425293,-0.009061463177204132,-0.054980359971523285,0.0068176984786987305,1.0,False
GraphSAGE,102,0.95,random,15,-0.001490175724029541,-0.007058084011077881,0.006730958819389343,-0.016662180423736572,1.0,False
GraphSAGE,102,0.95,random,16,0.000253140926361084,-0.004738830029964447,-0.00589616596698761,0.018915414810180664,1.0,False
GraphSAGE,102,0.95,random,17,0.002467334270477295,0.017209939658641815,0.042805567383766174,-0.003446638584136963,1.0,False
GraphSAGE,102,0.95,random,18,0.0014931559562683105,0.013662315905094147,0.010665550827980042,0.013218939304351807,1.0,False
GraphSAGE,102,0.95,random,19,-0.0019922256469726562,-0.018331002444028854,-0.04050392657518387,-0.021285831928253174,1.0,False
GraphSAGE,102,1.05,gcia_morphology,-1,0.029033899307250977,0.16731509566307068,0.03702045977115631,0.0527912974357605,1.0,False
GraphSAGE,102,1.05,random,0,0.0016947388648986816,-0.0030775293707847595,-0.018503203988075256,-0.0007968544960021973,1.0,False
GraphSAGE,102,1.05,random,1,-0.004303395748138428,-0.009081274271011353,-0.013485953211784363,-0.008763790130615234,1.0,False
GraphSAGE,102,1.05,random,2,-0.0027568936347961426,-0.008638396859169006,0.01173420250415802,0.00020807981491088867,1.0,False
GraphSAGE,102,1.05,random,3,0.002723872661590576,0.0070362091064453125,0.007278114557266235,0.021624505519866943,1.0,False
GraphSAGE,102,1.05,random,4,0.0018499493598937988,0.00866302102804184,-0.013414815068244934,-0.0022634267807006836,1.0,False
GraphSAGE,102,1.05,random,5,0.0012080669403076172,0.000738486647605896,0.05440564453601837,-0.029075562953948975,1.0,False
GraphSAGE,102,1.05,random,6,-0.0024175643920898438,-0.0046662986278533936,0.02278973162174225,0.03161507844924927,1.0,False
GraphSAGE,102,1.05,random,7,0.0002492070198059082,0.011193312704563141,-0.0206003338098526,0.014245390892028809,1.0,False
GraphSAGE,102,1.05,random,8,0.000469207763671875,0.0012949556112289429,0.005470141768455505,0.006399571895599365,1.0,False
GraphSAGE,102,1.05,random,9,-0.003469526767730713,-0.00836946815252304,-0.01598241925239563,0.008597373962402344,1.0,False
GraphSAGE,102,1.05,random,10,0.002318084239959717,0.009287349879741669,-0.03569686412811279,-0.006237626075744629,1.0,False
GraphSAGE,102,1.05,random,11,-0.0030222535133361816,-0.005765974521636963,0.0015104115009307861,0.01883864402770996,1.0,False
GraphSAGE,102,1.05,random,12,0.0017388463020324707,0.008192390203475952,0.025713473558425903,0.00966799259185791,1.0,False
GraphSAGE,102,1.05,random,13,-0.002098977565765381,0.015367373824119568,0.014591827988624573,0.019024670124053955,1.0,False
GraphSAGE,102,1.05,random,14,-0.0015531182289123535,-0.001291230320930481,0.03301165997982025,0.0030776262283325195,1.0,False
GraphSAGE,102,1.05,random,15,-0.0012521743774414062,0.005503460764884949,0.00956299901008606,0.011316895484924316,1.0,False
GraphSAGE,102,1.05,random,16,-0.0012559890747070312,0.011170424520969391,-0.005611822009086609,0.004164993762969971,1.0,False
GraphSAGE,102,1.05,random,17,0.00043958425521850586,-0.016127079725265503,0.021116256713867188,-0.030317604541778564,1.0,False
GraphSAGE,102,1.05,random,18,0.0001666545867919922,-0.00017770379781723022,-0.014451846480369568,0.019443869590759277,1.0,False
GraphSAGE,102,1.05,random,19,0.002752363681793213,0.00402812659740448,-0.004914730787277222,-0.028628885746002197,1.0,False
GraphSAGE,106,0.95,gcia_morphology,-1,-0.03073960542678833,-0.17780853807926178,-0.021830737590789795,-0.040810346603393555,1.0,False
GraphSAGE,106,0.95,random,0,0.0013322830200195312,0.0030520856380462646,-0.009456396102905273,-0.024895578622817993,1.0,False
GraphSAGE,106,0.95,random,1,-0.0016925930976867676,-0.005464375019073486,-0.021784067153930664,-0.0017271041870117188,1.0,False
GraphSAGE,106,0.95,random,2,-0.0008457303047180176,-0.005179315805435181,0.0075904130935668945,0.013596996665000916,0.998774528503418,False
GraphSAGE,106,0.95,random,3,-0.0002681612968444824,-0.006264984607696533,0.006008565425872803,-0.011754542589187622,1.0,False
GraphSAGE,106,0.95,random,4,0.00040721893310546875,0.0007364749908447266,0.0045473575592041016,-0.012158647179603577,1.0,False
GraphSAGE,106,0.95,random,5,-0.0010082721710205078,-0.004610717296600342,-0.010376811027526855,-0.0011503249406814575,1.0,False
GraphSAGE,106,0.95,random,6,-0.0022115707397460938,-0.0059909820556640625,0.0003395676612854004,-0.0050085484981536865,1.0,False
GraphSAGE,106,0.95,random,7,-0.00013333559036254883,-0.0025871694087982178,0.03988426923751831,-0.016427993774414062,0.998774528503418,False
GraphSAGE,106,0.95,random,8,-0.0005885958671569824,-0.0035153627395629883,-0.015541613101959229,-0.015407413244247437,1.0,False
GraphSAGE,106,0.95,random,9,0.0012946128845214844,0.012747585773468018,-0.014956414699554443,0.003577694296836853,0.998774528503418,False
GraphSAGE,106,0.95,random,10,0.0003311038017272949,-0.0019030570983886719,-0.03066396713256836,-0.01308874785900116,1.0,False
GraphSAGE,106,0.95,random,11,-8.791685104370117e-05,6.0945749282836914e-05,0.0016800165176391602,0.02568313479423523,1.0,False
GraphSAGE,106,0.95,random,12,-0.0008118152618408203,-0.004953294992446899,-0.030372262001037598,0.007080882787704468,1.0,False
GraphSAGE,106,0.95,random,13,0.0004379749298095703,0.003708779811859131,-0.015136539936065674,-0.017921224236488342,1.0,False
GraphSAGE,106,0.95,random,14,0.0008206367492675781,0.003956407308578491,-0.027973532676696777,-0.0008403509855270386,1.0,False
GraphSAGE,106,0.95,random,15,-0.00044268369674682617,-0.0016738474369049072,-0.00755685567855835,0.008161574602127075,1.0,False
GraphSAGE,106,0.95,random,16,0.0020909905433654785,0.0068596601486206055,-0.02939540147781372,0.022766321897506714,1.0,False
GraphSAGE,106,0.95,random,17,0.0011383891105651855,0.0037849843502044678,-0.014565527439117432,-0.009230852127075195,1.0,False
GraphSAGE,106,0.95,random,18,0.000644385814666748,0.008695065975189209,0.029561877250671387,0.005465611815452576,1.0,False
GraphSAGE,106,0.95,random,19,-0.0008127093315124512,0.0042333900928497314,-0.00692516565322876,0.008323758840560913,0.998774528503418,False
GraphSAGE,106,1.05,gcia_morphology,-1,0.02929168939590454,0.17883053421974182,0.01989680528640747,0.03632260859012604,1.0,False
GraphSAGE,106,1.05,random,0,0.0027330517768859863,0.008756756782531738,-0.010170221328735352,-0.020877346396446228,1.0,False
GraphSAGE,106,1.05,random,1,0.001399993896484375,0.0018200278282165527,-0.0022202730178833008,0.00526776909828186,1.0,False
GraphSAGE,106,1.05,random,2,0.00020772218704223633,0.0026117265224456787,-0.0009177327156066895,-0.0015539228916168213,0.998774528503418,False
GraphSAGE,106,1.05,random,3,0.0005393624305725098,0.003537505865097046,0.01306992769241333,-0.007335066795349121,1.0,False
GraphSAGE,106,1.05,random,4,-0.0012335777282714844,0.001326233148574829,0.012884974479675293,-0.009425431489944458,1.0,False
GraphSAGE,106,1.05,random,5,-0.0004725456237792969,-0.006023317575454712,-0.011087417602539062,-0.01424078643321991,1.0,False
GraphSAGE,106,1.05,random,6,0.0007354617118835449,0.01824963092803955,-0.00476837158203125,0.003585442900657654,1.0,False
GraphSAGE,106,1.05,random,7,-0.00021666288375854492,-0.011395394802093506,0.010114192962646484,-0.01436316967010498,1.0,False
GraphSAGE,106,1.05,random,8,-0.004717648029327393,-0.019202113151550293,-0.034111976623535156,0.0064668357372283936,1.0,False
GraphSAGE,106,1.05,random,9,-0.0017827153205871582,0.006294339895248413,-0.015520095825195312,0.03402598202228546,1.0,False
GraphSAGE,106,1.05,random,10,-0.0005394816398620605,-0.008651584386825562,0.01768016815185547,-0.03690323233604431,1.0,False
GraphSAGE,106,1.05,random,11,0.0035915374755859375,0.021826833486557007,-0.025671005249023438,0.03171278536319733,1.0,False
GraphSAGE,106,1.05,random,12,-0.0013596415519714355,0.0049381256103515625,-0.0066414475440979,-0.0001656860113143921,1.0,False
GraphSAGE,106,1.05,random,13,0.0015193819999694824,0.014606952667236328,-0.018450915813446045,0.010600253939628601,1.0,False
GraphSAGE,106,1.05,random,14,-0.00013333559036254883,0.0008641183376312256,-0.007608652114868164,-0.028455287218093872,1.0,False
GraphSAGE,106,1.05,random,15,0.00044208765029907227,0.0008999109268188477,0.010857045650482178,0.00017347931861877441,1.0,False
GraphSAGE,106,1.05,random,16,-0.00178450345993042,-0.005345851182937622,-0.010103106498718262,-0.00857284665107727,1.0,False
GraphSAGE,106,1.05,random,17,0.0016731619834899902,0.00871497392654419,-0.020881235599517822,0.03901246190071106,1.0,False
GraphSAGE,106,1.05,random,18,0.0017478466033935547,0.013102531433105469,0.005932450294494629,0.003800109028816223,1.0,False
GraphSAGE,106,1.05,random,19,-0.0010335445404052734,-0.0030986666679382324,-0.01127171516418457,-0.008203089237213135,1.0,False
GraphSAGE,118,0.95,gcia_morphology,-1,-0.023854494094848633,-0.12792155146598816,-0.02796834707260132,-0.022919058799743652,1.0,False
GraphSAGE,118,0.95,random,0,-0.0005562305450439453,-0.009375214576721191,-0.0048782676458358765,-0.010867118835449219,1.0,False
GraphSAGE,118,0.95,random,1,0.0028060078620910645,-0.002945452928543091,0.004394739866256714,-0.025024056434631348,1.0,False
GraphSAGE,118,0.95,random,2,-0.002173483371734619,-0.00950932502746582,-0.012188658118247986,0.001138925552368164,1.0,False
GraphSAGE,118,0.95,random,3,-0.0034402012825012207,-0.020948976278305054,0.0121268630027771,0.0030928850173950195,1.0,False
GraphSAGE,118,0.95,random,4,-0.0006561875343322754,-0.0037970244884490967,0.02446138858795166,0.0053386688232421875,1.0,False
GraphSAGE,118,0.95,random,5,-0.005862057209014893,-0.010084867477416992,0.008705660700798035,0.014706850051879883,1.0,False
GraphSAGE,118,0.95,random,6,-0.0018837451934814453,-0.0020686984062194824,-0.013467207551002502,-0.011829733848571777,1.0,False
GraphSAGE,118,0.95,random,7,0.0016933083534240723,-0.007645100355148315,0.010257244110107422,-0.03582346439361572,1.0,False
GraphSAGE,118,0.95,random,8,0.000486910343170166,-0.014021605253219604,-0.016311198472976685,-0.006224632263183594,1.0,False
GraphSAGE,118,0.95,random,9,-0.0008485913276672363,0.01688772439956665,0.008068636059761047,0.0068084001541137695,1.0,False
GraphSAGE,118,0.95,random,10,-0.0007618069648742676,0.002589583396911621,-0.012780219316482544,-0.02135944366455078,1.0,False
GraphSAGE,118,0.95,random,11,0.0007059574127197266,-0.006929486989974976,-0.0036592483520507812,-0.005315661430358887,1.0,False
GraphSAGE,118,0.95,random,12,-0.0033525824546813965,-0.014495909214019775,0.005457192659378052,-0.011979222297668457,1.0,False
GraphSAGE,118,0.95,random,13,2.6702880859375e-05,-0.0019687116146087646,-0.03250916302204132,0.006462693214416504,1.0,False
GraphSAGE,118,0.95,random,14,0.0011166930198669434,-0.0037639737129211426,-0.01456250250339508,-0.055141329765319824,1.0,False
GraphSAGE,118,0.95,random,15,-0.0016734600067138672,-0.00620657205581665,-0.033931225538253784,0.03515338897705078,1.0,False
GraphSAGE,118,0.95,random,16,0.0016031861305236816,-0.004704415798187256,0.028774291276931763,-0.028308868408203125,1.0,False
GraphSAGE,118,0.95,random,17,0.0025212764739990234,0.0070502012968063354,-0.024563997983932495,0.018802881240844727,1.0,False
GraphSAGE,118,0.95,random,18,0.004148006439208984,0.01585942506790161,0.028367996215820312,0.002308368682861328,1.0,False
GraphSAGE,118,0.95,random,19,0.004428088665008545,0.02739928662776947,-0.0017067790031433105,0.01361382007598877,1.0,False
GraphSAGE,118,1.05,gcia_morphology,-1,0.023940086364746094,0.12765532732009888,0.02749982476234436,0.02130436897277832,1.0,False
GraphSAGE,118,1.05,random,0,1.2576580047607422e-05,-0.005833417177200317,0.012671798467636108,-0.02404475212097168,1.0,False
GraphSAGE,118,1.05,random,1,-0.001004338264465332,-0.007958590984344482,-0.02441595494747162,0.0035865306854248047,1.0,False
GraphSAGE,118,1.05,random,2,1.531839370727539e-05,-0.013829588890075684,-0.009497568011283875,-0.01820659637451172,1.0,False
GraphSAGE,118,1.05,random,3,-0.0035529732704162598,-0.01755782961845398,-0.010576114058494568,0.01224672794342041,1.0,False
GraphSAGE,118,1.05,random,4,0.0005535483360290527,0.002347022294998169,-0.008981898427009583,-0.009175419807434082,1.0,False
GraphSAGE,118,1.05,random,5,0.0001831650733947754,-0.000668644905090332,-0.0372176468372345,0.023929715156555176,1.0,False
GraphSAGE,118,1.05,random,6,0.003947913646697998,0.02609965205192566,0.02599528431892395,0.01718282699584961,1.0,False
GraphSAGE,118,1.05,random,7,0.002183079719543457,0.018966734409332275,0.008655592799186707,0.002848386764526367,1.0,False
GraphSAGE,118,1.05,random,8,-0.003237307071685791,0.00041297078132629395,-0.0035867393016815186,0.03850352764129639,1.0,False
GraphSAGE,118,1.05,random,9,-0.000260770320892334,-0.004313647747039795,0.011084288358688354,-0.038051724433898926,1.0,False
GraphSAGE,118,1.05,random,10,0.004498302936553955,0.007600411772727966,0.01567941904067993,-0.009759306907653809,1.0,False
GraphSAGE,118,1.05,random,11,-5.936622619628906e-05,0.01606231927871704,-0.009240835905075073,0.03454184532165527,1.0,False
GraphSAGE,118,1.05,random,12,0.0008212924003601074,0.01334388554096222,0.015874862670898438,-0.0014712810516357422,1.0,False
GraphSAGE,118,1.05,random,13,0.0040610432624816895,0.017598524689674377,-0.027943342924118042,0.030093073844909668,1.0,False
GraphSAGE,118,1.05,random,14,-0.0009333491325378418,-0.013487905263900757,0.0012839436531066895,-0.01035153865814209,1.0,False
GraphSAGE,118,1.05,random,15,-5.626678466796875e-05,-0.009613037109375,0.03473895788192749,-0.026548027992248535,1.0,False
GraphSAGE,118,1.05,random,16,-0.0001685023307800293,-0.011991262435913086,0.003390774130821228,0.019718408584594727,1.0,False
GraphSAGE,118,1.05,random,17,-0.0018908381462097168,-0.006310582160949707,0.0016622841358184814,0.008898258209228516,1.0,False
GraphSAGE,118,1.05,random,18,0.00018477439880371094,-0.005078703165054321,0.004271447658538818,-0.004073619842529297,1.0,False
GraphSAGE,118,1.05,random,19,-0.004478633403778076,-0.01998358964920044,0.020323246717453003,-0.027095913887023926,1.0,False
GraphSAGE,120,0.95,gcia_morphology,-1,-0.028420329093933105,-0.1437518149614334,-0.03031313419342041,-0.06631684303283691,1.0,False
GraphSAGE,120,0.95,random,0,0.0005616843700408936,0.00786050409078598,-0.007155358791351318,0.0281832218170166,1.0,False
GraphSAGE,120,0.95,random,1,-0.001345306634902954,0.00015255063772201538,0.0030220746994018555,-0.022850513458251953,1.0,False
GraphSAGE,120,0.95,random,2,0.002082735300064087,0.007200278341770172,0.008472859859466553,0.0033971667289733887,1.0,False
GraphSAGE,120,0.95,random,3,-0.0002522766590118408,-0.0015562176704406738,-0.0370943546295166,0.030557692050933838,1.0,False
GraphSAGE,120,0.95,random,4,0.0029623210430145264,0.0006032660603523254,-0.006376206874847412,0.006092280149459839,1.0,False
GraphSAGE,120,0.95,random,5,0.0012562572956085205,0.008002899587154388,0.010052382946014404,-0.0007744431495666504,1.0,False
GraphSAGE,120,0.95,random,6,0.002020329236984253,0.006996177136898041,0.005397677421569824,0.016018450260162354,1.0,False
GraphSAGE,120,0.95,random,7,-0.00018131732940673828,-0.00656486302614212,-0.02018272876739502,0.002086251974105835,1.0,False
GraphSAGE,120,0.95,random,8,0.00011995434761047363,0.006314292550086975,0.0059618353843688965,0.004451096057891846,1.0,False
GraphSAGE,120,0.95,random,9,-0.0007652938365936279,0.0037528499960899353,-0.008051037788391113,0.007177025079727173,1.0,False
GraphSAGE,120,0.95,random,10,0.00217592716217041,0.014128446578979492,-0.014051258563995361,-0.012853682041168213,1.0,False
GraphSAGE,120,0.95,random,11,-0.0014490783214569092,-0.009923778474330902,-0.006170153617858887,-0.020792126655578613,1.0,False
GraphSAGE,120,0.95,random,12,-0.0023660659790039062,-0.011280186474323273,0.015061497688293457,-0.02566203474998474,1.0,False
GraphSAGE,120,0.95,random,13,-0.0013423264026641846,-0.005405604839324951,-0.003300309181213379,-0.005263924598693848,1.0,False
GraphSAGE,120,0.95,random,14,0.0009779632091522217,-0.011326320469379425,-0.024023056030273438,-0.0075879693031311035,1.0,False
GraphSAGE,120,0.95,random,15,-0.0015839636325836182,-0.004176802933216095,0.0022944211959838867,0.005289733409881592,1.0,False
GraphSAGE,120,0.95,random,16,-0.0011081397533416748,-0.005644701421260834,0.004581093788146973,0.0032003819942474365,1.0,False
GraphSAGE,120,0.95,random,17,-0.0005769431591033936,-0.010281279683113098,0.00710374116897583,-0.019791096448898315,1.0,False
GraphSAGE,120,0.95,random,18,-0.00031828880310058594,0.010198384523391724,0.03482407331466675,0.0071845948696136475,1.0,False
GraphSAGE,120,0.95,random,19,-0.0009188354015350342,-0.0014734789729118347,0.019342541694641113,0.0007448792457580566,1.0,False
GraphSAGE,120,1.05,gcia_morphology,-1,0.029994815587997437,0.14690615236759186,0.026759982109069824,0.06200629472732544,1.0,False
GraphSAGE,120,1.05,random,0,-0.00023567676544189453,-0.0028381720185279846,-0.014040529727935791,0.0006123483180999756,1.0,False
GraphSAGE,120,1.05,random,1,0.0018237829208374023,0.009442470967769623,-0.011012852191925049,-0.004445910453796387,1.0,False
GraphSAGE,120,1.05,random,2,-0.0019895732402801514,-0.00684347003698349,-0.002007722854614258,-0.0033025741577148438,1.0,False
GraphSAGE,120,1.05,random,3,-0.001750260591506958,0.010725557804107666,0.006760358810424805,-0.008032023906707764,1.0,False
GraphSAGE,120,1.05,random,4,0.0015616416931152344,0.01344413310289383,0.0035845041275024414,0.014409869909286499,1.0,False
GraphSAGE,120,1.05,random,5,0.0006920099258422852,-0.010667674243450165,-0.029272735118865967,-0.0055152177810668945,1.0,False
GraphSAGE,120,1.05,random,6,-0.00115966796875,0.0004436075687408447,0.012363553047180176,-0.0016918182373046875,1.0,False
GraphSAGE,120,1.05,random,7,-0.0008382797241210938,0.0024805963039398193,0.002583622932434082,-0.008416324853897095,1.0,False
GraphSAGE,120,1.05,random,8,-0.0003628730773925781,0.002740301191806793,0.028689146041870117,0.001162201166152954,1.0,False
GraphSAGE,120,1.05,random,9,-0.0012933015823364258,0.0007618889212608337,-0.014148116111755371,0.008519649505615234,1.0,False
GraphSAGE,120,1.05,random,10,-0.004003316164016724,-0.01512378454208374,-0.00406414270401001,-0.018489152193069458,1.0,False
GraphSAGE,120,1.05,random,11,-0.002055615186691284,0.0022609904408454895,-0.01228111982345581,0.01672118902206421,1.0,False
GraphSAGE,120,1.05,random,12,-0.0012328624725341797,-0.003668077290058136,0.0018810629844665527,0.019445478916168213,1.0,False
GraphSAGE,120,1.05,random,13,0.00042691826820373535,0.011134393513202667,0.007140636444091797,-0.007941901683807373,1.0,False
GraphSAGE,120,1.05,random,14,-0.0034832656383514404,-0.014317348599433899,0.024799466133117676,-0.01680561900138855,1.0,False
GraphSAGE,120,1.05,random,15,0.0017958581447601318,-3.141164779663086e-05,-0.0016063451766967773,0.015400677919387817,1.0,False
GraphSAGE,120,1.05,random,16,-0.002260178327560425,-0.0027351602911949158,0.018826305866241455,-0.015455633401870728,1.0,False
GraphSAGE,120,1.05,random,17,-0.001107931137084961,-0.0031104907393455505,-0.004644155502319336,0.004754960536956787,1.0,False
GraphSAGE,120,1.05,random,18,0.0017986297607421875,0.00036851316690444946,-0.025059998035430908,0.0010401010513305664,1.0,False
GraphSAGE,120,1.05,random,19,0.0017464160919189453,0.007116250693798065,-0.008456110954284668,0.007924318313598633,1.0,False
GraphSAGE,124,0.95,gcia_morphology,-1,-0.0255851149559021,-0.1420329362154007,-0.05255395174026489,-0.04364657402038574,1.0,False
GraphSAGE,124,0.95,random,0,-0.0008592605590820312,-0.0005156844854354858,-0.009863823652267456,0.0070390403270721436,1.0,False
GraphSAGE,124,0.95,random,1,-0.000619351863861084,0.00016260147094726562,0.01753222942352295,0.0024773478507995605,1.0,False
GraphSAGE,124,0.95,random,2,-1.800060272216797e-05,0.0033237189054489136,-0.009147554636001587,0.011938303709030151,1.0,False
GraphSAGE,124,0.95,random,3,-0.0010088086128234863,-0.003703072667121887,-0.00225752592086792,-0.007089197635650635,1.0,False
GraphSAGE,124,0.95,random,4,-0.0007494091987609863,-0.009366855025291443,-0.005851566791534424,-0.009292751550674438,1.0,False
GraphSAGE,124,0.95,random,5,0.0008684992790222168,0.004456609487533569,0.0018799901008605957,-0.0039619505405426025,1.0,False
GraphSAGE,124,0.95,random,6,-1.722574234008789e-05,-0.004677757620811462,0.022289752960205078,-0.01782885193824768,1.0,False
GraphSAGE,124,0.95,random,7,-0.0007236599922180176,-0.010588377714157104,-0.029519379138946533,0.010458141565322876,1.0,False
GraphSAGE,124,0.95,random,8,-0.0009488463401794434,-0.0010742545127868652,-0.0049867331981658936,0.01069292426109314,1.0,False
GraphSAGE,124,0.95,random,9,0.0005809664726257324,0.004953280091285706,-0.01163548231124878,-0.003414720296859741,1.0,False
GraphSAGE,124,0.95,random,10,0.0007764697074890137,0.002333417534828186,0.005351394414901733,-0.019392311573028564,1.0,False
GraphSAGE,124,0.95,random,11,-0.000240325927734375,-0.003380700945854187,0.01649010181427002,-0.004332840442657471,1.0,False
GraphSAGE,124,0.95,random,12,-0.003015458583831787,-0.015380576252937317,-0.022303998470306396,0.005118221044540405,1.0,False
GraphSAGE,124,0.95,random,13,0.0014099478721618652,0.0024422556161880493,0.0045788586139678955,-0.005084007978439331,1.0,False
GraphSAGE,124,0.95,random,14,0.0013727545738220215,0.0027809590101242065,-0.008982926607131958,-0.0041754841804504395,1.0,False
GraphSAGE,124,0.95,random,15,-0.0008329153060913086,-0.0015080422163009644,-0.0070875585079193115,0.020476579666137695,1.0,False
GraphSAGE,124,0.95,random,16,-0.0007436871528625488,-0.00628603994846344,0.0048274993896484375,-0.00274050235748291,1.0,False
GraphSAGE,124,0.95,random,17,0.000494837760925293,0.0018651187419891357,0.0018176436424255371,0.006180167198181152,1.0,False
GraphSAGE,124,0.95,random,18,1.1622905731201172e-05,0.00023601949214935303,0.005045086145401001,-0.0007120966911315918,1.0,False
GraphSAGE,124,0.95,random,19,-0.00127333402633667,-0.005534812808036804,-0.002770155668258667,-0.0035087168216705322,1.0,False
GraphSAGE,124,1.05,gcia_morphology,-1,0.02580273151397705,0.14383350312709808,0.05003154277801514,0.04223054647445679,1.0,False
GraphSAGE,124,1.05,random,0,-0.0004348158836364746,-0.005425930023193359,0.009033530950546265,-0.004166901111602783,1.0,False
GraphSAGE,124,1.05,random,1,-0.0014377236366271973,-0.007276326417922974,0.009038329124450684,-0.012014806270599365,1.0,False
GraphSAGE,124,1.05,random,2,0.001194596290588379,0.002420753240585327,0.008243918418884277,-0.009343713521957397,1.0,False
GraphSAGE,124,1.05,random,3,0.002382814884185791,0.010517239570617676,-0.01809859275817871,0.01763063669204712,1.0,False
GraphSAGE,124,1.05,random,4,0.0003122687339782715,0.0007101446390151978,0.0022341907024383545,0.00385439395904541,1.0,False
GraphSAGE,124,1.05,random,5,-0.0005711913108825684,-0.0006796419620513916,-0.001531362533569336,0.003014087677001953,1.0,False
GraphSAGE,124,1.05,random,6,0.0011756420135498047,0.007359951734542847,0.004075855016708374,0.0020904242992401123,1.0,False
GraphSAGE,124,1.05,random,7,-0.00022810697555541992,-0.002346605062484741,-0.003917008638381958,0.001949399709701538,1.0,False
GraphSAGE,124,1.05,random,8,0.003438293933868408,0.010598182678222656,0.0016514360904693604,0.008496135473251343,1.0,False
GraphSAGE,124,1.05,random,9,-0.0012758970260620117,-0.01032954454421997,0.005602419376373291,-0.01306799054145813,1.0,False
GraphSAGE,124,1.05,random,10,0.0013437867164611816,0.005949288606643677,-0.0014663934707641602,0.007565706968307495,1.0,False
GraphSAGE,124,1.05,random,11,7.110834121704102e-05,-0.0029063820838928223,-0.0027633309364318848,-0.008914262056350708,1.0,False
GraphSAGE,124,1.05,random,12,0.0002511143684387207,0.0009713023900985718,-0.014472931623458862,0.008994877338409424,1.0,False
GraphSAGE,124,1.05,random,13,0.000717461109161377,0.005055218935012817,0.004243344068527222,-0.010777473449707031,1.0,False
GraphSAGE,124,1.05,random,14,0.0007958412170410156,-0.0005759447813034058,-0.004525810480117798,-0.00017029047012329102,1.0,False
GraphSAGE,124,1.05,random,15,0.00045102834701538086,0.005386441946029663,0.009269416332244873,-0.0028436779975891113,1.0,False
GraphSAGE,124,1.05,random,16,9.08970832824707e-05,-0.0017333626747131348,-0.006108343601226807,0.003175199031829834,1.0,False
GraphSAGE,124,1.05,random,17,0.002663850784301758,0.009586870670318604,0.010351032018661499,-0.003466665744781494,1.0,False
GraphSAGE,124,1.05,random,18,0.0013045668601989746,0.007717490196228027,-0.016123712062835693,0.00764232873916626,1.0,False
GraphSAGE,124,1.05,random,19,0.0001271963119506836,-0.005841866135597229,-0.01672610640525818,0.0055637359619140625,1.0,False
GraphSAGE,132,0.95,gcia_morphology,-1,-0.018979176878929138,-0.15665683150291443,0.0018182098865509033,-0.043364137411117554,0.9972527623176575,False
GraphSAGE,132,0.95,random,0,0.0011957287788391113,0.01542346179485321,0.00633491575717926,0.025735408067703247,0.9986263513565063,False
GraphSAGE,132,0.95,random,1,9.308755397796631e-05,0.015977486968040466,-0.01858752965927124,0.023433059453964233,0.9972527623176575,False
GraphSAGE,132,0.95,random,2,-0.0004371851682662964,0.0018718689680099487,-0.0056053102016448975,0.0035926103591918945,0.9958791136741638,False
GraphSAGE,132,0.95,random,3,-0.002313569188117981,-0.01118709146976471,-0.018477976322174072,-0.015108466148376465,0.9972527623176575,False
GraphSAGE,132,0.95,random,4,-0.00028662383556365967,0.008185975253582,-0.019540444016456604,-0.02140834927558899,0.9945054650306702,False
GraphSAGE,132,0.95,random,5,0.0006175786256790161,-0.0005195587873458862,-0.014950305223464966,-0.03216555714607239,0.9958791136741638,False
GraphSAGE,132,0.95,random,6,0.0013571977615356445,0.013272792100906372,-0.00547945499420166,-0.03021550178527832,0.9958791136741638,False
GraphSAGE,132,0.95,random,7,0.0016201883554458618,0.011463619768619537,0.005636170506477356,0.02021890878677368,0.9958791136741638,False
GraphSAGE,132,0.95,random,8,-0.0010157078504562378,-0.013963408768177032,-0.013077706098556519,0.007415771484375,0.9972527623176575,False
GraphSAGE,132,0.95,random,9,0.001011863350868225,0.001307472586631775,-0.020625650882720947,0.03380179405212402,0.9972527623176575,False
GraphSAGE,132,0.95,random,10,0.002083107829093933,0.013177037239074707,-0.023215889930725098,0.0348508358001709,0.9972527623176575,False
GraphSAGE,132,0.95,random,11,-0.0008322745561599731,-0.011579915881156921,0.007771968841552734,-0.021141082048416138,0.9972527623176575,False
GraphSAGE,132,0.95,random,12,-0.0008617639541625977,-0.013391084969043732,-0.03880339860916138,-0.034619539976119995,0.9958791136741638,False
GraphSAGE,132,0.95,random,13,0.0015247315168380737,0.003942728042602539,-0.006673917174339294,-0.029185563325881958,0.9945054650306702,False
GraphSAGE,132,0.95,random,14,-0.003016754984855652,-0.00754208117723465,-0.022574082016944885,-0.03704792261123657,0.9945054650306702,False
GraphSAGE,132,0.95,random,15,-0.0009444504976272583,-0.007278643548488617,0.0033076852560043335,-0.026405036449432373,0.9945054650306702,False
GraphSAGE,132,0.95,random,16,-0.0008399039506912231,-0.0008126646280288696,-0.012934282422065735,-0.03286868333816528,0.9958791136741638,False
GraphSAGE,132,0.95,random,17,-0.0019289404153823853,-0.0034955665469169617,0.04186238348484039,-0.003920644521713257,0.9958791136741638,False
GraphSAGE,132,0.95,random,18,4.7072768211364746e-05,0.007490888237953186,-0.003974288702011108,0.025275856256484985,0.9958791136741638,False
GraphSAGE,132,0.95,random,19,0.0016385763883590698,0.014089301228523254,-0.0003300607204437256,0.006432890892028809,0.9972527623176575,False
GraphSAGE,132,1.05,gcia_morphology,-1,0.02119000256061554,0.15816745162010193,-0.0072834789752960205,0.038551852107048035,0.9972527623176575,False
GraphSAGE,132,1.05,random,0,-0.0009321123361587524,-0.0010087639093399048,0.001346290111541748,-0.01719874143600464,0.9958791136741638,False
GraphSAGE,132,1.05,random,1,0.0007958412170410156,0.005850836634635925,-0.0014927685260772705,0.019638031721115112,0.9972527623176575,False
GraphSAGE,132,1.05,random,2,-0.00044195353984832764,0.006030328571796417,-0.009078383445739746,0.024102479219436646,0.9958791136741638,False
GraphSAGE,132,1.05,random,3,0.0033091306686401367,0.0026525259017944336,-0.01976335048675537,0.018190234899520874,0.9972527623176575,False
GraphSAGE,132,1.05,random,4,-0.00028936564922332764,0.002187289297580719,0.01829203963279724,0.03152880072593689,0.9958791136741638,False
GraphSAGE,132,1.05,random,5,7.371604442596436e-05,-0.006409801542758942,0.006588667631149292,0.001238018274307251,0.9972527623176575,False
GraphSAGE,132,1.05,random,6,0.001252099871635437,0.0034583210945129395,-0.01952044665813446,-1.621246337890625e-05,0.9972527623176575,False
GraphSAGE,132,1.05,random,7,-0.001170814037322998,0.011918947100639343,0.01210525631904602,0.007526367902755737,0.9958791136741638,False
GraphSAGE,132,1.05,random,8,-0.001059308648109436,0.0007228180766105652,0.010170966386795044,0.010181903839111328,0.9945054650306702,False
GraphSAGE,132,1.05,random,9,0.0022192448377609253,0.007299244403839111,0.0018033385276794434,0.01461571455001831,0.9972527623176575,False
GraphSAGE,132,1.05,random,10,-0.0013500452041625977,-0.007958605885505676,0.0014384984970092773,0.01955890655517578,0.9972527623176575,False
GraphSAGE,132,1.05,random,11,0.0013252496719360352,0.006637595593929291,0.01898014545440674,0.002200901508331299,0.9958791136741638,False
GraphSAGE,132,1.05,random,12,0.0002704411745071411,0.013355672359466553,0.023660391569137573,0.03239922225475311,0.9945054650306702,False
GraphSAGE,132,1.05,random,13,0.0008846372365951538,-0.004099808633327484,-0.024932146072387695,-0.008455812931060791,0.9972527623176575,False
GraphSAGE,132,1.05,random,14,-0.0007457733154296875,0.008066728711128235,0.017076119780540466,0.0009756684303283691,0.9958791136741638,False
GraphSAGE,132,1.05,random,15,-0.00011567771434783936,-0.003184296190738678,-0.007474154233932495,-0.019865036010742188,0.9958791136741638,False
GraphSAGE,132,1.05,random,16,0.0031739473342895508,0.007874391973018646,-0.06077645719051361,0.020466864109039307,0.9958791136741638,False
GraphSAGE,132,1.05,random,17,0.00048647820949554443,-0.012483760714530945,-0.007563188672065735,-0.016141951084136963,0.9958791136741638,False
GraphSAGE,132,1.05,random,18,-0.0006347447633743286,0.0013259798288345337,0.0016348958015441895,-0.015249162912368774,0.9958791136741638,False
GraphSAGE,132,1.05,random,19,0.00031991302967071533,-0.005751714110374451,-0.04059426486492157,-0.03709489107131958,0.9972527623176575,False
GraphSAGE,144,0.95,gcia_morphology,-1,-0.006027817726135254,-0.3120129108428955,0.04796522855758667,-0.031777143478393555,1.0,False
GraphSAGE,144,0.95,random,0,-0.00019538402557373047,-0.010542154312133789,0.0016346573829650879,-0.06348079442977905,1.0,False
GraphSAGE,144,0.95,random,1,-0.000338137149810791,-0.02986598014831543,0.02522331476211548,-0.035558342933654785,1.0,False
GraphSAGE,144,0.95,random,2,-0.00011265277862548828,-0.002165555953979492,-0.014215230941772461,-0.06290912628173828,1.0,False
GraphSAGE,144,0.95,random,3,-0.00036388635635375977,-0.028182268142700195,-0.04742687940597534,-0.05823016166687012,1.0,False
GraphSAGE,144,0.95,random,4,0.0006175041198730469,0.037337541580200195,-0.06564819812774658,0.003391742706298828,1.0,False
GraphSAGE,144,0.95,random,5,-0.00038111209869384766,-0.002184152603149414,-0.08673423528671265,0.015219569206237793,1.0,False
GraphSAGE,144,0.95,random,6,0.00010508298873901367,0.015046358108520508,0.02231365442276001,0.07113564014434814,1.0,False
GraphSAGE,144,0.95,random,7,5.5789947509765625e-05,0.0019025802612304688,-0.03552335500717163,-0.06950855255126953,1.0,False
GraphSAGE,144,0.95,random,8,7.295608520507812e-05,0.0068166255950927734,0.002525627613067627,0.0438385009765625,1.0,False
GraphSAGE,144,0.95,random,9,-0.0007045269012451172,-0.02104783058166504,-0.09847992658615112,-0.02462714910507202,1.0,False
GraphSAGE,144,0.95,random,10,2.0384788513183594e-05,0.002244710922241211,-0.04235553741455078,0.02275913953781128,1.0,False
GraphSAGE,144,0.95,random,11,0.00015091896057128906,-0.0012536048889160156,-0.0553593635559082,-0.047427475452423096,1.0,False
GraphSAGE,144,0.95,random,12,-0.0002504587173461914,-0.017711162567138672,0.07372772693634033,0.07714533805847168,1.0,False
GraphSAGE,144,0.95,random,13,0.000556647777557373,0.036887407302856445,0.004875004291534424,0.14004898071289062,1.0,False
GraphSAGE,144,0.95,random,14,0.0006517171859741211,0.04143714904785156,-0.026746630668640137,-0.07308757305145264,1.0,False
GraphSAGE,144,0.95,random,15,-2.0802021026611328e-05,0.012982606887817383,-0.042729318141937256,0.019261300563812256,1.0,False
GraphSAGE,144,0.95,random,16,6.35981559753418e-05,0.027112960815429688,0.08223950862884521,0.03594714403152466,1.0,False
GraphSAGE,144,0.95,random,17,-0.0008002519607543945,-0.03899788856506348,-0.05476236343383789,-0.10671615600585938,1.0,False
GraphSAGE,144,0.95,random,18,-0.00029909610748291016,-0.024728059768676758,0.010287284851074219,-0.02794182300567627,1.0,False
GraphSAGE,144,0.95,random,19,-0.0001710057258605957,-0.013469219207763672,0.020759403705596924,-0.04312944412231445,1.0,False
GraphSAGE,144,1.05,gcia_morphology,-1,0.004734516143798828,0.3099515438079834,-0.05389285087585449,0.0336611270904541,1.0,False
GraphSAGE,144,1.05,random,0,-0.00022983551025390625,0.0010311603546142578,0.05300694704055786,0.04671525955200195,1.0,False
GraphSAGE,144,1.05,random,1,-0.00019812583923339844,-0.006865262985229492,-0.05314511060714722,-0.004868268966674805,1.0,False
GraphSAGE,144,1.05,random,2,0.0002193450927734375,0.014801740646362305,0.04078567028045654,0.024867236614227295,1.0,False
GraphSAGE,144,1.05,random,3,7.152557373046875e-05,-0.01082468032836914,0.014405548572540283,-0.059472739696502686,1.0,False
GraphSAGE,144,1.05,random,4,0.00027930736541748047,0.016697406768798828,0.045271873474121094,0.08277320861816406,1.0,False
GraphSAGE,144,1.05,random,5,0.0005459785461425781,0.02543807029724121,0.03531181812286377,0.05652141571044922,1.0,False
GraphSAGE,144,1.05,random,6,-0.00022590160369873047,-0.010132312774658203,0.013522326946258545,0.1581311821937561,1.0,False
GraphSAGE,144,1.05,random,7,-0.0003541111946105957,-0.012689352035522461,0.009416699409484863,0.014652907848358154,1.0,False
GraphSAGE,144,1.05,random,8,0.00023543834686279297,0.013448476791381836,-0.02902132272720337,-0.005477309226989746,1.0,False
GraphSAGE,144,1.05,random,9,0.0009149909019470215,0.0542142391204834,-0.07896292209625244,0.0036675333976745605,1.0,False
GraphSAGE,144,1.05,random,10,0.00021028518676757812,0.014464855194091797,-0.03608196973800659,-0.04097390174865723,1.0,False
GraphSAGE,144,1.05,random,11,-0.0005772113800048828,-0.03421664237976074,-0.10265952348709106,-0.014596223831176758,1.0,False
GraphSAGE,144,1.05,random,12,0.0005106329917907715,0.035573720932006836,-0.02520120143890381,0.07299911975860596,1.0,False
GraphSAGE,144,1.05,random,13,0.00032252073287963867,0.013324975967407227,-0.04956096410751343,0.04337954521179199,1.0,False
GraphSAGE,144,1.05,random,14,-6.41942024230957e-05,-0.015659809112548828,0.014431953430175781,-0.06460356712341309,1.0,False
GraphSAGE,144,1.05,random,15,-0.0002759695053100586,-0.015027284622192383,-0.030407309532165527,0.00898212194442749,1.0,False
GraphSAGE,144,1.05,random,16,-0.0004667043685913086,-0.012451648712158203,-0.02627098560333252,0.020929694175720215,1.0,False
GraphSAGE,144,1.05,random,17,-0.0004254579544067383,-0.014787673950195312,-0.002640247344970703,-0.09710121154785156,1.0,False
GraphSAGE,144,1.05,random,18,0.0003606081008911133,0.020299196243286133,-0.03119426965713501,-0.0019197463989257812,1.0,False
GraphSAGE,144,1.05,random,19,0.0004305839538574219,0.020466327667236328,-0.004731297492980957,-0.0012201666831970215,1.0,False
GraphSAGE,151,0.95,gcia_morphology,-1,-0.0265122652053833,-0.15468299388885498,-0.025989845395088196,-0.026973217725753784,1.0,False
GraphSAGE,151,0.95,random,0,-0.0014622211456298828,-0.001931712031364441,-0.012891344726085663,0.002946317195892334,1.0,False
GraphSAGE,151,0.95,random,1,-0.0015468597412109375,-0.003981046378612518,0.003117017447948456,0.006656467914581299,1.0,False
GraphSAGE,151,0.95,random,2,0.00033909082412719727,0.0036989524960517883,-0.016055911779403687,-0.00800710916519165,1.0,False
GraphSAGE,151,0.95,random,3,-0.003651261329650879,-0.01886323094367981,-0.013070672750473022,-0.0001345127820968628,1.0,False
GraphSAGE,151,0.95,random,4,0.00034987926483154297,-0.0005083009600639343,0.009760767221450806,-0.0005685538053512573,1.0,False
GraphSAGE,151,0.95,random,5,-0.002667844295501709,-0.01104135811328888,0.013653077185153961,-0.010681793093681335,1.0,False
GraphSAGE,151,0.95,random,6,0.0018974542617797852,0.0028745755553245544,0.014589555561542511,-0.026102185249328613,1.0,False
GraphSAGE,151,0.95,random,7,0.000530540943145752,0.00762292742729187,-0.007388032972812653,-0.0065635740756988525,1.0,False
GraphSAGE,151,0.95,random,8,-0.00020182132720947266,-0.006615743041038513,-0.004054367542266846,0.006893530488014221,1.0,False
GraphSAGE,151,0.95,random,9,-0.0011690855026245117,-0.005946114659309387,0.009005993604660034,-0.022125020623207092,1.0,False
GraphSAGE,151,0.95,random,10,0.0012516975402832031,0.005324333906173706,-0.013157770037651062,-0.005130559206008911,1.0,False
GraphSAGE,151,0.95,random,11,0.0012159347534179688,0.01061490923166275,0.008405998349189758,0.01078253984451294,1.0,False
GraphSAGE,151,0.95,random,12,0.0006588101387023926,0.005242012441158295,-0.013930603861808777,-0.003754034638404846,1.0,False
GraphSAGE,151,0.95,random,13,0.001284182071685791,0.004983521997928619,0.015271328389644623,-0.022814780473709106,1.0,False
GraphSAGE,151,0.95,random,14,-0.0002548694610595703,-0.0004683881998062134,-0.02613404393196106,0.025799155235290527,1.0,False
GraphSAGE,151,0.95,random,15,0.0006600618362426758,-0.002783261239528656,-0.019831255078315735,0.009268417954444885,1.0,False
GraphSAGE,151,0.95,random,16,0.0016992688179016113,0.0070732757449150085,-0.004946112632751465,-0.005962982773780823,1.0,False
GraphSAGE,151,0.95,random,17,-0.000983119010925293,0.0025779083371162415,-0.017996683716773987,0.013670891523361206,1.0,False
GraphSAGE,151,0.95,random,18,0.00046443939208984375,-0.0014727488160133362,-0.002113357186317444,-0.012595638632774353,1.0,False
GraphSAGE,151,0.95,random,19,0.0016127824783325195,0.011288225650787354,-0.004021681845188141,0.014577910304069519,1.0,False
GraphSAGE,151,1.05,gcia_morphology,-1,0.026253044605255127,0.1570979207754135,0.023491598665714264,0.026869267225265503,1.0,False
GraphSAGE,151,1.05,random,0,-0.0005012750625610352,0.002096414566040039,0.015809059143066406,-0.004699692130088806,1.0,False
GraphSAGE,151,1.05,random,1,-2.4199485778808594e-05,0.0029718801379203796,0.005715914070606232,0.0038231313228607178,1.0,False
GraphSAGE,151,1.05,random,2,0.0008392333984375,-0.0023631751537323,0.0021736621856689453,-0.0014922618865966797,1.0,False
GraphSAGE,151,1.05,random,3,2.181529998779297e-05,-0.0014176592230796814,-0.0011348426342010498,0.004019066691398621,1.0,False
GraphSAGE,151,1.05,random,4,0.001307070255279541,0.007668040692806244,0.006139501929283142,0.0007110536098480225,1.0,False
GraphSAGE,151,1.05,random,5,-0.002011239528656006,-0.007131457328796387,-0.0027843117713928223,-0.000174790620803833,1.0,False
GraphSAGE,151,1.05,random,6,0.0008452534675598145,0.007793135941028595,-0.022693127393722534,0.01591247320175171,1.0,False
GraphSAGE,151,1.05,random,7,-0.0009361505508422852,-0.009884454309940338,0.02638903260231018,-0.0178205668926239,1.0,False
GraphSAGE,151,1.05,random,8,-0.000731348991394043,-0.0025814399123191833,0.002506449818611145,0.01833498477935791,1.0,False
GraphSAGE,151,1.05,random,9,-0.0013701915740966797,-0.0019217133522033691,0.007993176579475403,-0.008334353566169739,1.0,False
GraphSAGE,151,1.05,random,10,-0.002631843090057373,-0.008567199110984802,0.00283108651638031,-0.019715800881385803,1.0,False
GraphSAGE,151,1.05,random,11,-0.00030553340911865234,-0.0014623254537582397,-0.009746909141540527,0.0035583674907684326,1.0,False
GraphSAGE,151,1.05,random,12,-0.0002536773681640625,0.0026084184646606445,-0.010528914630413055,0.007109507918357849,1.0,False
GraphSAGE,151,1.05,random,13,-0.0004036426544189453,0.0021299421787261963,-0.02227577567100525,0.01693415641784668,1.0,False
GraphSAGE,151,1.05,random,14,-0.0010785460472106934,-0.010919027030467987,-0.010557666420936584,0.0032591968774795532,1.0,False
GraphSAGE,151,1.05,random,15,-0.0014846324920654297,-0.0029664337635040283,-0.011123992502689362,-0.0012258589267730713,1.0,False
GraphSAGE,151,1.05,random,16,-0.0005782842636108398,-0.004663385450839996,-0.024964377284049988,0.004463374614715576,1.0,False
GraphSAGE,151,1.05,random,17,0.0006033182144165039,0.0019279643893241882,0.00970582664012909,-0.0056104958057403564,1.0,False
GraphSAGE,151,1.05,random,18,0.0013817548751831055,0.005295068025588989,-0.007372751832008362,0.006477236747741699,1.0,False
GraphSAGE,151,1.05,random,19,-0.0003085136413574219,-0.002106770873069763,-0.005647540092468262,0.00844883918762207,1.0,False
GraphSAGE,156,0.95,gcia_morphology,-1,-0.026418864727020264,-0.22133946418762207,-0.01210300624370575,-0.05115097761154175,1.0,False
GraphSAGE,156,0.95,random,0,0.00012809038162231445,0.009667515754699707,-0.03264652192592621,-0.019644737243652344,1.0,False
GraphSAGE,156,0.95,random,1,-7.486343383789062e-05,-0.0004057884216308594,0.029507920145988464,-0.018276453018188477,1.0,False
GraphSAGE,156,0.95,random,2,0.0002549290657043457,0.005593776702880859,0.022026345133781433,0.017284929752349854,1.0,False
GraphSAGE,156,0.95,random,3,0.001677095890045166,0.018299221992492676,0.036079809069633484,-0.031522929668426514,1.0,False
GraphSAGE,156,0.95,random,4,0.0033486485481262207,0.02830827236175537,0.004501804709434509,-0.00147932767868042,1.0,False
GraphSAGE,156,0.95,random,5,0.0005899667739868164,0.005058765411376953,-0.020883426070213318,0.019614756107330322,1.0,False
GraphSAGE,156,0.95,random,6,-0.00020903348922729492,0.00696253776550293,-0.03183239698410034,-0.005868673324584961,1.0,False
GraphSAGE,156,0.95,random,7,0.001083970069885254,0.01820063591003418,-0.03746461868286133,0.08288842439651489,1.0,False
GraphSAGE,156,0.95,random,8,7.021427154541016e-05,0.003964900970458984,-0.005209580063819885,-0.0053542256355285645,1.0,False
GraphSAGE,156,0.95,random,9,0.0011163949966430664,0.007496476173400879,0.0035540908575057983,-0.0002543330192565918,1.0,False
GraphSAGE,156,0.95,random,10,-0.00015175342559814453,-0.004610180854797363,0.013529494404792786,-0.019490599632263184,1.0,False
GraphSAGE,156,0.95,random,11,-0.0007332563400268555,0.008527874946594238,0.02787676453590393,0.0191461443901062,1.0,False
GraphSAGE,156,0.95,random,12,0.00023472309112548828,0.007877707481384277,0.033591240644454956,0.036596715450286865,1.0,False
GraphSAGE,156,0.95,random,13,-0.0013265013694763184,-0.007026076316833496,-0.0031672418117523193,0.03354436159133911,1.0,False
GraphSAGE,156,0.95,random,14,0.0021581649780273438,0.0128251314163208,-0.01281324028968811,0.020987093448638916,1.0,False
GraphSAGE,156,0.95,random,15,-2.8133392333984375e-05,0.002267003059387207,0.009338021278381348,0.029855668544769287,1.0,False
GraphSAGE,156,0.95,random,16,0.0013640522956848145,0.014849066734313965,-0.022071421146392822,0.05065423250198364,1.0,False
GraphSAGE,156,0.95,random,17,-0.0004729032516479492,0.0011726617813110352,-0.04277254641056061,-0.0027329325675964355,1.0,False
GraphSAGE,156,0.95,random,18,-0.0013827085494995117,-0.008206844329833984,-0.013399288058280945,0.010663211345672607,1.0,False
GraphSAGE,156,0.95,random,19,0.002832174301147461,0.02016127109527588,-0.00304470956325531,-0.011742591857910156,1.0,False
GraphSAGE,156,1.05,gcia_morphology,-1,0.023263096809387207,0.2218456268310547,0.006987974047660828,0.05174070596694946,1.0,False
GraphSAGE,156,1.05,random,0,-0.0027725696563720703,-0.018597006797790527,-0.02804577350616455,-0.011934220790863037,1.0,False
GraphSAGE,156,1.05,random,1,-0.0007507205009460449,-0.010071396827697754,-0.026162877678871155,0.008646845817565918,1.0,False
GraphSAGE,156,1.05,random,2,0.0007441043853759766,0.000812530517578125,-0.015893444418907166,-0.021099984645843506,1.0,False
GraphSAGE,156,1.05,random,3,-0.0002931356430053711,-0.012204289436340332,-0.027710124850273132,-0.025534868240356445,1.0,False
GraphSAGE,156,1.05,random,4,0.0006425976753234863,0.008731961250305176,-0.022390365600585938,0.01699584722518921,1.0,False
GraphSAGE,156,1.05,random,5,0.0007256269454956055,-0.00038492679595947266,-0.006637081503868103,-0.008550465106964111,1.0,False
GraphSAGE,156,1.05,random,6,0.0005022287368774414,-0.005857110023498535,-0.001584753394126892,-0.012979686260223389,1.0,False
GraphSAGE,156,1.05,random,7,0.0029495954513549805,0.01791834831237793,-0.023911550641059875,0.026946604251861572,1.0,False
GraphSAGE,156,1.05,random,8,0.0012621879577636719,0.009814858436584473,0.005823776125907898,0.018886148929595947,1.0,False
GraphSAGE,156,1.05,random,9,-0.0018603801727294922,-0.014999628067016602,-0.004740580916404724,-0.023366332054138184,1.0,False
GraphSAGE,156,1.05,random,10,0.0005350112915039062,0.002293229103088379,-0.022299960255622864,0.037426888942718506,1.0,False
GraphSAGE,156,1.05,random,11,0.0002384185791015625,0.003428936004638672,-0.015608564019203186,-0.007891356945037842,1.0,False
GraphSAGE,156,1.05,random,12,-3.165006637573242e-05,-0.005079150199890137,-0.005325987935066223,0.007885754108428955,1.0,False
GraphSAGE,156,1.05,random,13,0.000244140625,0.002586841583251953,0.015432760119438171,-0.008038580417633057,1.0,False
GraphSAGE,156,1.05,random,14,-0.000759124755859375,-0.005832552909851074,0.002753153443336487,0.009167909622192383,1.0,False
GraphSAGE,156,1.05,random,15,-0.0018281936645507812,-0.004297018051147461,0.022464945912361145,0.0443611741065979,1.0,False
GraphSAGE,156,1.05,random,16,0.002356112003326416,0.024448513984680176,0.04069580137729645,0.029442012310028076,1.0,False
GraphSAGE,156,1.05,random,17,0.0008006095886230469,0.012518048286437988,-0.04304158687591553,0.04662865400314331,1.0,False
GraphSAGE,156,1.05,random,18,-0.0013308525085449219,-0.007408738136291504,-0.0456569641828537,0.02351170778274536,1.0,False
GraphSAGE,156,1.05,random,19,-0.0006822943687438965,-0.0010533332824707031,-0.031865254044532776,0.027421772480010986,1.0,False
GraphSAGE,162,0.95,gcia_morphology,-1,-0.0373346209526062,-0.23521733283996582,-0.0005039200186729431,-0.06486654281616211,1.0,False
GraphSAGE,162,0.95,random,0,0.0005546808242797852,0.007163047790527344,-0.014994136989116669,-0.025208115577697754,1.0,False
GraphSAGE,162,0.95,random,1,0.00022089481353759766,0.006559133529663086,0.011024735867977142,0.016162991523742676,1.0,False
GraphSAGE,162,0.95,random,2,-7.766485214233398e-05,0.004773616790771484,-0.00927848368883133,0.01309657096862793,1.0,False
GraphSAGE,162,0.95,random,3,-0.0016902685165405273,-0.0015007257461547852,0.02054636925458908,0.021461009979248047,1.0,False
GraphSAGE,162,0.95,random,4,0.0031890869140625,0.01834845542907715,0.026430316269397736,-0.007309675216674805,1.0,False
GraphSAGE,162,0.95,random,5,-0.0043351054191589355,-0.018687129020690918,-0.024604685604572296,-0.024474263191223145,1.0,False
GraphSAGE,162,0.95,random,6,-0.00020825862884521484,8.726119995117188e-05,-0.01952880620956421,-0.006833553314208984,1.0,False
GraphSAGE,162,0.95,random,7,-0.0014235377311706543,-0.012969017028808594,-0.006180085241794586,0.00761258602142334,1.0,False
GraphSAGE,162,0.95,random,8,0.0024958252906799316,0.0142289400100708,0.01629025489091873,0.005153059959411621,1.0,False
GraphSAGE,162,0.95,random,9,-0.005012154579162598,-0.025943636894226074,0.004126735031604767,-0.015594244003295898,1.0,False
GraphSAGE,162,0.95,random,10,0.0005593299865722656,0.00336611270904541,-0.008032433688640594,-0.022136330604553223,1.0,False
GraphSAGE,162,0.95,random,11,-0.0008438825607299805,-0.0021947622299194336,-0.012133650481700897,0.001083970069885254,1.0,False
GraphSAGE,162,0.95,random,12,-0.0013274550437927246,-0.0075817108154296875,-0.009043239057064056,-0.02133333683013916,0.9988636374473572,False
GraphSAGE,162,0.95,random,13,0.0009148120880126953,0.009523391723632812,-0.0022833868861198425,-0.027129769325256348,1.0,False
GraphSAGE,162,0.95,random,14,-0.0015386343002319336,-0.003391742706298828,0.012113504111766815,0.017708539962768555,1.0,False
GraphSAGE,162,0.95,random,15,-0.0010344386100769043,-0.0057489871978759766,-0.028847284615039825,0.012536287307739258,1.0,False
GraphSAGE,162,0.95,random,16,0.0009336471557617188,0.005457162857055664,0.0054889097809791565,-0.010021090507507324,1.0,False
GraphSAGE,162,0.95,random,17,-0.0034581422805786133,-0.002986431121826172,-0.007646627724170685,0.012595534324645996,1.0,False
GraphSAGE,162,0.95,random,18,-0.0005220174789428711,-0.0038747787475585938,-0.018772505223751068,0.011023402214050293,1.0,False
GraphSAGE,162,0.95,random,19,-0.002440929412841797,-0.021454572677612305,-0.0027566924691200256,-0.029119133949279785,1.0,False
GraphSAGE,162,1.05,gcia_morphology,-1,0.03308898210525513,0.23251688480377197,-0.009197138249874115,0.0641782283782959,1.0,False
GraphSAGE,162,1.05,random,0,-0.002371668815612793,0.003834962844848633,-0.007100917398929596,0.01333308219909668,1.0,False
GraphSAGE,162,1.05,random,1,-0.0002969503402709961,-0.0026221275329589844,-0.02551499754190445,-0.004816889762878418,1.0,False
GraphSAGE,162,1.05,random,2,-0.00035566091537475586,-0.0033342838287353516,-0.012946143746376038,-0.014496088027954102,1.0,False
GraphSAGE,162,1.05,random,3,0.0007559061050415039,0.006321907043457031,0.006366424262523651,0.0042427778244018555,1.0,False
GraphSAGE,162,1.05,random,4,-0.0013393759727478027,-0.0010993480682373047,-0.010432250797748566,0.012887120246887207,1.0,False
GraphSAGE,162,1.05,random,5,0.0032141804695129395,0.015397787094116211,-0.02470698207616806,0.01896977424621582,1.0,False
GraphSAGE,162,1.05,random,6,0.0002707242965698242,-0.0027618408203125,-0.007461868226528168,-0.02851390838623047,1.0,False
GraphSAGE,162,1.05,random,7,0.002498626708984375,0.014057040214538574,-0.019276335835456848,0.004198312759399414,1.0,False
GraphSAGE,162,1.05,random,8,0.0009405612945556641,-0.003789186477661133,-0.021673887968063354,-0.03932297229766846,1.0,False
GraphSAGE,162,1.05,random,9,-0.0016245841979980469,0.0034661293029785156,-0.004032358527183533,0.010982394218444824,1.0,False
GraphSAGE,162,1.05,random,10,-0.003025949001312256,-0.020792007446289062,0.02020294964313507,-0.033886075019836426,1.0,False
GraphSAGE,162,1.05,random,11,0.0021419525146484375,0.009806990623474121,-0.015793897211551666,0.00544583797454834,1.0,False
GraphSAGE,162,1.05,random,12,-0.0006113052368164062,0.0006967782974243164,0.003889605402946472,-0.00879204273223877,1.0,False
GraphSAGE,162,1.05,random,13,-0.001528918743133545,-0.013715982437133789,0.03424416482448578,-0.007409572601318359,1.0,False
GraphSAGE,162,1.05,random,14,0.000615239143371582,0.004011631011962891,0.040535278618335724,-0.03881549835205078,1.0,False
GraphSAGE,162,1.05,random,15,0.00020635128021240234,0.0036333799362182617,-0.0046414658427238464,0.04366707801818848,1.0,False
GraphSAGE,162,1.05,random,16,-0.002840876579284668,-0.02321910858154297,0.014697849750518799,-0.01096343994140625,1.0,False
GraphSAGE,162,1.05,random,17,0.00043976306915283203,-0.0030058622360229492,-0.013875715434551239,0.004852414131164551,1.0,False
GraphSAGE,162,1.05,random,18,-0.00018739700317382812,-0.008488655090332031,-0.0063822343945503235,-0.012650370597839355,1.0,False
GraphSAGE,162,1.05,random,19,-0.00023216009140014648,0.00821387767791748,-0.004269324243068695,0.048657894134521484,1.0,False
GraphSAGE,178,0.95,gcia_morphology,-1,-0.012199163436889648,-0.11636963486671448,0.008214235305786133,-0.04327911138534546,1.0,False
GraphSAGE,178,0.95,random,0,0.001568809151649475,-0.00028811395168304443,-0.0017006397247314453,0.017117738723754883,1.0,False
GraphSAGE,178,0.95,random,1,-0.00023131072521209717,-0.001375645399093628,0.007222473621368408,2.8073787689208984e-05,1.0,False
GraphSAGE,178,0.95,random,2,0.000953376293182373,-0.004754126071929932,-0.017378151416778564,0.0010666847229003906,1.0,False
GraphSAGE,178,0.95,random,3,3.458559513092041e-05,0.010634854435920715,0.005279839038848877,0.02575606107711792,1.0,False
GraphSAGE,178,0.95,random,4,-0.0008380711078643799,-0.004239261150360107,0.001506805419921875,0.009411722421646118,1.0,False
GraphSAGE,178,0.95,random,5,-0.0011463016271591187,-0.009991958737373352,-0.01200777292251587,-0.019135594367980957,1.0,False
GraphSAGE,178,0.95,random,6,-0.00126725435256958,-0.0068275779485702515,-0.0095481276512146,-0.00570911169052124,1.0,False
GraphSAGE,178,0.95,random,7,0.0008752346038818359,0.0017864406108856201,-0.009544909000396729,0.017601996660232544,1.0,False
GraphSAGE,178,0.95,random,8,0.0008692443370819092,-0.0037460923194885254,-0.014826655387878418,-0.022680461406707764,1.0,False
GraphSAGE,178,0.95,random,9,0.0008252263069152832,-0.00673656165599823,-0.019952118396759033,-0.021511316299438477,1.0,False
GraphSAGE,178,0.95,random,10,0.0007374286651611328,0.005999535322189331,-0.027611970901489258,-0.006530672311782837,1.0,False
GraphSAGE,178,0.95,random,11,0.00015249848365783691,-0.004572480916976929,0.007979512214660645,-0.005897969007492065,1.0,False
GraphSAGE,178,0.95,random,12,0.0006242096424102783,0.005678921937942505,-0.03361910581588745,0.020075052976608276,1.0,False
GraphSAGE,178,0.95,random,13,0.0007475614547729492,-0.01341228187084198,-0.018985331058502197,0.01079946756362915,1.0,False
GraphSAGE,178,0.95,random,14,-0.0014322400093078613,-0.0029018372297286987,0.0015270709991455078,-0.03875228762626648,1.0,False
GraphSAGE,178,0.95,random,15,0.0008524656295776367,-0.0046339333057403564,-0.011541008949279785,-0.014698684215545654,1.0,False
GraphSAGE,178,0.95,random,16,0.00018531084060668945,0.012264057993888855,0.016425371170043945,-0.007122814655303955,1.0,False
GraphSAGE,178,0.95,random,17,0.001187935471534729,0.009482041001319885,0.01501011848449707,0.006398379802703857,1.0,False
GraphSAGE,178,0.95,random,18,-0.0005819648504257202,0.003337487578392029,-0.016588985919952393,0.02172797918319702,1.0,False
GraphSAGE,178,0.95,random,19,-0.0011315345764160156,0.007018491625785828,-0.01060032844543457,-0.01229134202003479,1.0,False
GraphSAGE,178,1.05,gcia_morphology,-1,0.013492777943611145,0.1167408749461174,-0.012131273746490479,0.03889092803001404,1.0,False
GraphSAGE,178,1.05,random,0,-0.001138150691986084,-0.009656161069869995,0.007068753242492676,-0.021322548389434814,1.0,False
GraphSAGE,178,1.05,random,1,0.00033980607986450195,0.0011256784200668335,-0.010957896709442139,-0.018983811140060425,1.0,False
GraphSAGE,178,1.05,random,2,-3.6343932151794434e-05,0.0021241307258605957,-0.014956653118133545,0.026640087366104126,1.0,False
GraphSAGE,178,1.05,random,3,0.0010987669229507446,0.0046551525592803955,-0.0016550421714782715,0.0032075345516204834,1.0,False
GraphSAGE,178,1.05,random,4,0.002101033926010132,0.00997801125049591,-0.004929065704345703,-0.002711772918701172,1.0,False
GraphSAGE,178,1.05,random,5,0.0018163323402404785,0.004204928874969482,0.0052533745765686035,0.005343407392501831,1.0,False
GraphSAGE,178,1.05,random,6,7.221102714538574e-05,0.00765112042427063,-0.015335619449615479,-0.009205341339111328,1.0,False
GraphSAGE,178,1.05,random,7,-0.0007691234350204468,-0.003935977816581726,-0.0018211603164672852,-0.016066163778305054,1.0,False
GraphSAGE,178,1.05,random,8,-0.0006237626075744629,-0.006924420595169067,-0.006967306137084961,0.013802677392959595,1.0,False
GraphSAGE,178,1.05,random,9,-0.0007700920104980469,-0.0002712756395339966,0.03666675090789795,-0.004091024398803711,1.0,False
GraphSAGE,178,1.05,random,10,0.00025790929794311523,0.006441101431846619,-0.003944277763366699,-0.0052137672901153564,1.0,False
GraphSAGE,178,1.05,random,11,0.0008713304996490479,0.0066668689250946045,0.010723769664764404,0.0133495032787323,1.0,False
GraphSAGE,178,1.05,random,12,0.001250147819519043,0.008059367537498474,-0.007678091526031494,-0.004916518926620483,1.0,False
GraphSAGE,178,1.05,random,13,0.0019120872020721436,0.00951656699180603,-0.0018213987350463867,-0.012442201375961304,1.0,False
GraphSAGE,178,1.05,random,14,-0.00011393427848815918,0.001590430736541748,-0.005649089813232422,0.0015897750854492188,1.0,False
GraphSAGE,178,1.05,random,15,0.0019966959953308105,0.003846794366836548,-0.0001640915870666504,-0.00343167781829834,1.0,False
GraphSAGE,178,1.05,random,16,-6.884336471557617e-06,0.003943786025047302,-0.010610222816467285,0.003283947706222534,1.0,False
GraphSAGE,178,1.05,random,17,0.0001280456781387329,0.00016583502292633057,0.025944173336029053,-0.01934683322906494,1.0,False
GraphSAGE,178,1.05,random,18,-0.00018386542797088623,0.0006015151739120483,-0.02108818292617798,0.018502235412597656,1.0,False
GraphSAGE,178,1.05,random,19,0.0007097423076629639,-0.001435115933418274,0.0006952285766601562,0.012953191995620728,1.0,False
GraphSAGE,179,0.95,gcia_morphology,-1,-0.018200218677520752,-0.10757079720497131,-0.06271326541900635,-0.026669830083847046,1.0,False
GraphSAGE,179,0.95,random,0,-0.001386880874633789,3.075599670410156e-05,0.008993387222290039,0.010982349514961243,1.0,False
GraphSAGE,179,0.95,random,1,0.0012741684913635254,0.00401720404624939,-0.005209565162658691,0.010172456502914429,1.0,False
GraphSAGE,179,0.95,random,2,-0.00012350082397460938,0.0035337507724761963,0.005478978157043457,-0.017013967037200928,1.0,False
GraphSAGE,179,0.95,random,3,-0.003909587860107422,-0.003040909767150879,0.02156245708465576,0.010223522782325745,1.0,False
GraphSAGE,179,0.95,random,4,-0.0024434924125671387,-0.004046797752380371,-0.0026625394821166992,0.013250499963760376,1.0,False
GraphSAGE,179,0.95,random,5,0.000864565372467041,0.006986826658248901,-0.001886129379272461,0.025202631950378418,1.0,False
GraphSAGE,179,0.95,random,6,-0.0019668936729431152,0.0004755854606628418,0.0038225650787353516,0.017557531595230103,1.0,False
GraphSAGE,179,0.95,random,7,-0.0001658797264099121,0.005786925554275513,-0.02521228790283203,0.035683974623680115,1.0,False
GraphSAGE,179,0.95,random,8,-0.0019066333770751953,-0.004339128732681274,-0.015221476554870605,0.011451393365859985,1.0,False
GraphSAGE,179,0.95,random,9,-0.0007068514823913574,0.0015226006507873535,-0.02377307415008545,-0.005651026964187622,1.0,False
GraphSAGE,179,0.95,random,10,0.0036539435386657715,0.018890559673309326,0.027661681175231934,-0.0064646899700164795,1.0,False
GraphSAGE,179,0.95,random,11,0.001146852970123291,-0.001563340425491333,-0.023048043251037598,0.014500230550765991,1.0,False
GraphSAGE,179,0.95,random,12,0.00020509958267211914,0.005085378885269165,0.02483189105987549,0.009674072265625,1.0,False
GraphSAGE,179,0.95,random,13,0.0017361044883728027,0.005661636590957642,0.018591761589050293,-0.005102992057800293,1.0,False
GraphSAGE,179,0.95,random,14,0.0049890875816345215,0.01831108331680298,0.006862998008728027,0.009962737560272217,1.0,False
GraphSAGE,179,0.95,random,15,-0.003571808338165283,-0.01140102744102478,0.0013852119445800781,0.005594700574874878,1.0,False
GraphSAGE,179,0.95,random,16,-0.00013428926467895508,-0.0020824074745178223,0.02327418327331543,-0.006320565938949585,1.0,False
GraphSAGE,179,0.95,random,17,0.0024070143699645996,0.0019254982471466064,-0.010013818740844727,0.003641068935394287,1.0,False
GraphSAGE,179,0.95,random,18,0.0032300949096679688,0.02318793535232544,0.005423188209533691,0.016929417848587036,1.0,False
GraphSAGE,179,0.95,random,19,-0.0015041232109069824,-0.0079079270362854,-0.01076209545135498,0.008742362260818481,1.0,False
GraphSAGE,179,1.05,gcia_morphology,-1,0.018945395946502686,0.11096444725990295,0.05871403217315674,0.02978070080280304,1.0,False
GraphSAGE,179,1.05,random,0,0.003375113010406494,0.009917855262756348,0.0005060434341430664,0.004110276699066162,1.0,False
GraphSAGE,179,1.05,random,1,0.0034082531929016113,0.00932648777961731,0.01565992832183838,-0.01383429765701294,1.0,False
GraphSAGE,179,1.05,random,2,-0.0006418228149414062,-0.00917208194732666,-0.01717996597290039,0.025907427072525024,1.0,False
GraphSAGE,179,1.05,random,3,-0.0013647675514221191,-0.013771474361419678,-0.004514336585998535,-0.025102943181991577,1.0,False
GraphSAGE,179,1.05,random,4,-0.0009464621543884277,0.009900271892547607,0.010702252388000488,0.020379677414894104,1.0,False
GraphSAGE,179,1.05,random,5,0.0022881627082824707,0.006306678056716919,-0.01658177375793457,-0.009032875299453735,1.0,False
GraphSAGE,179,1.05,random,6,0.004683554172515869,0.014203190803527832,-0.001910090446472168,0.007903367280960083,1.0,False
GraphSAGE,179,1.05,random,7,-0.00024193525314331055,0.0009290575981140137,0.009112834930419922,-0.0004010200500488281,1.0,False
GraphSAGE,179,1.05,random,8,-0.0011098980903625488,-0.0050751566886901855,-0.014200806617736816,0.016221821308135986,1.0,False
GraphSAGE,179,1.05,random,9,0.0024504661560058594,0.007870703935623169,0.018560409545898438,0.01481577754020691,1.0,False
GraphSAGE,179,1.05,random,10,-0.0024622678756713867,0.0009919703006744385,-0.019423604011535645,0.0029465854167938232,1.0,False
GraphSAGE,179,1.05,random,11,0.00028246641159057617,-0.005823761224746704,-0.02329254150390625,-0.005434364080429077,1.0,False
GraphSAGE,179,1.05,random,12,-0.0009511113166809082,-0.00346258282661438,0.0021212100982666016,0.022913023829460144,1.0,False
GraphSAGE,179,1.05,random,13,-0.0022968649864196777,0.0007728040218353271,0.0085526704788208,-0.009494781494140625,1.0,False
GraphSAGE,179,1.05,random,14,-0.0021765828132629395,-0.01795467734336853,0.006657242774963379,0.010603904724121094,1.0,False
GraphSAGE,179,1.05,random,15,0.001932680606842041,-0.008364260196685791,-0.01846492290496826,0.016990184783935547,1.0,False
GraphSAGE,179,1.05,random,16,0.0018570423126220703,0.015601634979248047,0.012854456901550293,0.028097078204154968,1.0,False
GraphSAGE,179,1.05,random,17,0.003687560558319092,0.0166032612323761,0.006075143814086914,0.013632044196128845,1.0,False
GraphSAGE,179,1.05,random,18,-0.0005887746810913086,0.003624260425567627,0.013402462005615234,0.026020511984825134,1.0,False
GraphSAGE,179,1.05,random,19,0.0003120899200439453,-0.004966825246810913,-0.0030074119567871094,0.014327242970466614,1.0,False
GraphSAGE,22,0.95,gcia_morphology,-1,-0.026199251413345337,-0.14147384464740753,0.009658470749855042,-0.024369150400161743,0.9992732405662537,False
GraphSAGE,22,0.95,random,0,-0.0007856488227844238,-0.0027531087398529053,-0.021822437644004822,-0.0072227418422698975,0.9992732405662537,False
GraphSAGE,22,0.95,random,1,-0.0011044740676879883,0.007623821496963501,0.02013029158115387,0.0006853044033050537,0.9992732405662537,False
GraphSAGE,22,0.95,random,2,0.0028526782989501953,0.0046714842319488525,-0.01105828583240509,0.0004548877477645874,0.9985465407371521,False
GraphSAGE,22,0.95,random,3,0.0004013180732727051,0.0033311545848846436,-0.007227689027786255,-0.006749466061592102,0.9992732405662537,False
GraphSAGE,22,0.95,random,4,-0.00013759732246398926,0.0066039711236953735,-0.00468386709690094,-0.003884419798851013,0.9985465407371521,False
GraphSAGE,22,0.95,random,5,8.922815322875977e-05,0.001520588994026184,0.009679093956947327,0.002140358090400696,0.9985465407371521,False
GraphSAGE,22,0.95,random,6,0.0018509626388549805,0.003979086875915527,-0.007487177848815918,-0.009104758501052856,0.9985465407371521,False
GraphSAGE,22,0.95,random,7,-4.056096076965332e-05,0.006790265440940857,-0.01166030764579773,-0.01432056725025177,0.9992732405662537,False
GraphSAGE,22,0.95,random,8,-0.0011047124862670898,0.0003718435764312744,0.010570481419563293,-0.01971060037612915,0.9992732405662537,False
GraphSAGE,22,0.95,random,9,-0.0016977787017822266,-0.0011457651853561401,-0.004067674279212952,-0.0032731294631958008,0.9992732405662537,False
GraphSAGE,22,0.95,random,10,0.0016241073608398438,0.005627736449241638,-0.014587000012397766,-0.000477030873298645,0.9985465407371521,False
GraphSAGE,22,0.95,random,11,-0.0011565983295440674,-0.011043578386306763,-0.020605161786079407,-0.003438994288444519,0.9985465407371521,False
GraphSAGE,22,0.95,random,12,-2.8908252716064453e-06,0.001219913363456726,-0.005955114960670471,-0.014284536242485046,0.9992732405662537,False
GraphSAGE,22,0.95,random,13,-0.002351701259613037,-0.0011673122644424438,0.004756465554237366,-0.0026650428771972656,0.9992732405662537,False
GraphSAGE,22,0.95,random,14,-0.0007721483707427979,-0.000553324818611145,-0.00260789692401886,0.01437707245349884,0.9992732405662537,False
GraphSAGE,22,0.95,random,15,-0.0008089840412139893,0.003771752119064331,-0.006620675325393677,-0.007216647267341614,0.9992732405662537,False
GraphSAGE,22,0.95,random,16,-3.814697265625e-06,-0.002394959330558777,-0.0010240823030471802,-0.016922563314437866,0.9992732405662537,False
GraphSAGE,22,0.95,random,17,-0.0017722249031066895,-0.009268626570701599,0.003162384033203125,0.0009603500366210938,0.9985465407371521,False
GraphSAGE,22,0.95,random,18,0.00021195411682128906,0.008393421769142151,-0.019709035754203796,0.0023503750562667847,0.9992732405662537,False
GraphSAGE,22,0.95,random,19,-0.0003854036331176758,0.00046381354331970215,-0.016693904995918274,0.01572597026824951,0.9992732405662537,False
GraphSAGE,22,1.05,gcia_morphology,-1,0.02900657057762146,0.14561305940151215,-0.018838748335838318,0.021956801414489746,0.9992732405662537,False
GraphSAGE,22,1.05,random,0,-0.0019026994705200195,-0.0009785294532775879,0.0007572770118713379,-0.02054828405380249,0.9992732405662537,False
GraphSAGE,22,1.05,random,1,-0.0007553398609161377,-0.00187663733959198,0.0008592754602432251,-0.0011571049690246582,0.9985465407371521,False
GraphSAGE,22,1.05,random,2,-0.0008705854415893555,0.0013691484928131104,-0.0253257155418396,-0.010892972350120544,0.9992732405662537,False
GraphSAGE,22,1.05,random,3,0.000344008207321167,-0.0028722435235977173,-0.013236656785011292,-0.01322297751903534,0.9992732405662537,False
GraphSAGE,22,1.05,random,4,0.0003940761089324951,0.004163026809692383,-0.028149917721748352,0.010606631636619568,0.9992732405662537,False
GraphSAGE,22,1.05,random,5,-0.0016955733299255371,0.0014404058456420898,0.018748775124549866,0.011664286255836487,0.9992732405662537,False
GraphSAGE,22,1.05,random,6,0.0015080571174621582,0.008991867303848267,0.00600026547908783,0.0043938905000686646,0.9992732405662537,False
GraphSAGE,22,1.05,random,7,-0.002312302589416504,-0.008547142148017883,-0.0053660571575164795,-0.03462442755699158,0.9992732405662537,False
GraphSAGE,22,1.05,random,8,0.0004125237464904785,0.0028333812952041626,0.001806110143661499,-0.006753161549568176,0.9992732405662537,False
GraphSAGE,22,1.05,random,9,-0.0006168186664581299,0.0007189661264419556,-0.0032293498516082764,0.007722795009613037,0.9992732405662537,False
GraphSAGE,22,1.05,random,10,-0.0017580389976501465,-0.01077030599117279,0.004431441426277161,-0.0329211950302124,0.9992732405662537,False
GraphSAGE,22,1.05,random,11,0.0011672675609588623,0.0038115084171295166,-0.02833665907382965,-0.011510834097862244,0.9985465407371521,False
GraphSAGE,22,1.05,random,12,0.00030475854873657227,-0.0012555122375488281,-0.004824534058570862,-0.014797687530517578,0.9992732405662537,False
GraphSAGE,22,1.05,random,13,-0.0006986856460571289,-0.004778817296028137,0.005482539534568787,-0.001007959246635437,0.9992732405662537,False
GraphSAGE,22,1.05,random,14,0.0004912316799163818,0.0011248588562011719,-0.014285817742347717,-0.029301494359970093,0.9992732405662537,False
GraphSAGE,22,1.05,random,15,2.467632293701172e-05,-0.005669772624969482,-0.009452030062675476,0.0024531930685043335,0.9985465407371521,False
GraphSAGE,22,1.05,random,16,-0.0003820657730102539,0.0033751726150512695,0.01524922251701355,0.020478978753089905,0.9985465407371521,False
GraphSAGE,22,1.05,random,17,0.00020322203636169434,0.0005898624658584595,0.01146213710308075,-0.008990943431854248,0.9985465407371521,False
GraphSAGE,22,1.05,random,18,-0.0015783607959747314,0.0006767511367797852,0.001788601279258728,0.007796153426170349,0.9985465407371521,False
GraphSAGE,22,1.05,random,19,-0.0006809532642364502,-0.0039246827363967896,-0.0002991408109664917,-0.001153498888015747,0.9992732405662537,False
GraphSAGE,33,0.95,gcia_morphology,-1,-0.023776590824127197,-0.13995933532714844,-0.021109819412231445,-0.06210559606552124,1.0,False
GraphSAGE,33,0.95,random,0,-0.001390606164932251,-0.0015129297971725464,-0.0015183687210083008,-0.007236778736114502,1.0,False
GraphSAGE,33,0.95,random,1,0.0024323463439941406,0.004123121500015259,-0.021170824766159058,-0.000992119312286377,1.0,False
GraphSAGE,33,0.95,random,2,-0.0011867284774780273,-0.0007352903485298157,0.008144259452819824,-0.0004630088806152344,1.0,False
GraphSAGE,33,0.95,random,3,0.001306384801864624,0.006906934082508087,-0.0037454068660736084,0.02685338258743286,1.0,False
GraphSAGE,33,0.95,random,4,-0.0002905428409576416,-0.002700716257095337,0.008872032165527344,-0.006400346755981445,1.0,False
GraphSAGE,33,0.95,random,5,0.0020627379417419434,0.007220655679702759,-0.009624063968658447,0.010983705520629883,1.0,False
GraphSAGE,33,0.95,random,6,0.0003680586814880371,0.0015850737690925598,-0.018868833780288696,0.003995120525360107,1.0,False
GraphSAGE,33,0.95,random,7,0.00044485926628112793,0.0005872249603271484,0.009163469076156616,-0.0018964409828186035,1.0,False
GraphSAGE,33,0.95,random,8,0.0014049410820007324,-8.755922317504883e-05,-0.0007887184619903564,-0.008919298648834229,1.0,False
GraphSAGE,33,0.95,random,9,-0.0009520649909973145,-0.0016574710607528687,0.0005180239677429199,-0.008593440055847168,1.0,False
GraphSAGE,33,0.95,random,10,0.002007722854614258,0.012183576822280884,-0.003460109233856201,0.009428262710571289,1.0,False
GraphSAGE,33,0.95,random,11,0.0004875361919403076,0.0009129643440246582,0.0020821988582611084,-0.0018368363380432129,1.0,False
GraphSAGE,33,0.95,random,12,0.0009298324584960938,0.006604202091693878,0.0006484091281890869,-0.00929415225982666,1.0,False
GraphSAGE,33,0.95,random,13,0.0013549327850341797,0.012117333710193634,-0.014122158288955688,0.02377486228942871,1.0,False
GraphSAGE,33,0.95,random,14,0.0008254647254943848,-0.003475986421108246,-0.01478394865989685,0.01605123281478882,1.0,False
GraphSAGE,33,0.95,random,15,-0.0018239021301269531,-0.013964153826236725,0.002928704023361206,-0.010202765464782715,1.0,False
GraphSAGE,33,0.95,random,16,-0.0012983381748199463,-0.0002078711986541748,-0.007608175277709961,-0.019244730472564697,1.0,False
GraphSAGE,33,0.95,random,17,-0.000526130199432373,-0.0035564228892326355,-0.01963132619857788,0.01478666067123413,1.0,False
GraphSAGE,33,0.95,random,18,0.0012419819831848145,-0.0019707679748535156,-0.009974926710128784,0.010044693946838379,1.0,False
GraphSAGE,33,0.95,random,19,-0.0003409385681152344,0.008431360125541687,0.0243799090385437,-0.008404433727264404,1.0,False
GraphSAGE,33,1.05,gcia_morphology,-1,0.02636095881462097,0.1449330896139145,0.014624029397964478,0.061395227909088135,1.0,False
GraphSAGE,33,1.05,random,0,0.0009659528732299805,0.001650989055633545,0.0014491677284240723,0.005950987339019775,1.0,False
GraphSAGE,33,1.05,random,1,0.002098768949508667,-0.0016809627413749695,-0.018102645874023438,-0.014201045036315918,1.0,False
GraphSAGE,33,1.05,random,2,0.0004787445068359375,-0.0023503750562667847,0.008691251277923584,-0.0053885579109191895,1.0,False
GraphSAGE,33,1.05,random,3,-0.0012833178043365479,0.00268351286649704,0.009575515985488892,-0.0004988312721252441,0.9992235898971558,False
GraphSAGE,33,1.05,random,4,-0.0016768574714660645,-0.007392480969429016,-0.025466054677963257,-0.019356071949005127,1.0,False
GraphSAGE,33,1.05,random,5,-0.0025818347930908203,-0.002815328538417816,0.013956248760223389,0.0021924972534179688,0.9992235898971558,False
GraphSAGE,33,1.05,random,6,0.0008345544338226318,0.0005379095673561096,-0.009843409061431885,-0.0001323223114013672,1.0,False
GraphSAGE,33,1.05,random,7,0.00048065185546875,0.0005235075950622559,-0.012789428234100342,0.003977775573730469,1.0,False
GraphSAGE,33,1.05,random,8,0.00011789798736572266,-0.004512332379817963,-0.0132979154586792,-0.0005407929420471191,1.0,False
GraphSAGE,33,1.05,random,9,0.0002110898494720459,-0.0008378252387046814,0.013234108686447144,-0.008566319942474365,1.0,False
GraphSAGE,33,1.05,random,10,-0.0025478899478912354,-0.007090918719768524,-0.010177522897720337,0.0028874874114990234,1.0,False
GraphSAGE,33,1.05,random,11,-0.0005401968955993652,-0.004497461020946503,-0.007215589284896851,0.000961005687713623,1.0,False
GraphSAGE,33,1.05,random,12,-0.002055048942565918,0.0010231435298919678,0.0010735094547271729,0.012926101684570312,0.9992235898971558,False
GraphSAGE,33,1.05,random,13,0.0011006295680999756,0.001792311668395996,0.006250500679016113,-0.014565646648406982,1.0,False
GraphSAGE,33,1.05,random,14,0.0011409521102905273,0.007140003144741058,-0.00043898820877075195,-0.010991096496582031,1.0,False
GraphSAGE,33,1.05,random,15,0.0011259913444519043,0.000997796654701233,0.0015868544578552246,-0.016820847988128662,1.0,False
GraphSAGE,33,1.05,random,16,0.0015383362770080566,0.004700213670730591,-0.006864726543426514,0.020344197750091553,1.0,False
GraphSAGE,33,1.05,random,17,-0.0002544224262237549,-0.00042654573917388916,-0.008367002010345459,0.0097273588180542,1.0,False
GraphSAGE,33,1.05,random,18,0.0019009113311767578,0.004159361124038696,0.0023087263107299805,0.014011561870574951,1.0,False
GraphSAGE,33,1.05,random,19,-0.00030517578125,0.007604129612445831,-0.023104339838027954,0.012199342250823975,1.0,False
GraphSAGE,54,0.95,gcia_morphology,-1,-0.024634331464767456,-0.147408127784729,-0.04108315706253052,-0.0594961941242218,1.0,False
GraphSAGE,54,0.95,random,0,-0.002964586019515991,0.00047647953033447266,0.0018274188041687012,0.005150794982910156,1.0,False
GraphSAGE,54,0.95,random,1,-0.0024737417697906494,-0.0071786195039749146,-0.003110736608505249,-0.02593439817428589,1.0,False
GraphSAGE,54,0.95,random,2,0.001537621021270752,0.0030637383460998535,-0.0038567781448364258,-0.0013774633407592773,1.0,False
GraphSAGE,54,0.95,random,3,8.824467658996582e-05,-0.006628736853599548,-0.032619476318359375,0.005339235067367554,1.0,False
GraphSAGE,54,0.95,random,4,-0.0037606358528137207,-0.0075551047921180725,0.022637367248535156,-0.008699655532836914,1.0,False
GraphSAGE,54,0.95,random,5,-0.0006168186664581299,0.004109680652618408,0.01132848858833313,-0.006527841091156006,1.0,False
GraphSAGE,54,0.95,random,6,0.0003675520420074463,0.00023946911096572876,0.007847249507904053,-0.001995682716369629,1.0,False
GraphSAGE,54,0.95,random,7,-0.0004138350486755371,-0.007763475179672241,0.011958718299865723,-0.024065077304840088,1.0,False
GraphSAGE,54,0.95,random,8,-0.003626912832260132,0.00038949400186538696,-0.01564130187034607,-0.006185412406921387,1.0,False
GraphSAGE,54,0.95,random,9,-0.0005073845386505127,-0.006811358034610748,0.016004174947738647,-0.0037950873374938965,1.0,False
GraphSAGE,54,0.95,random,10,0.0008966326713562012,0.006651207804679871,-0.007612079381942749,-0.011794984340667725,1.0,False
GraphSAGE,54,0.95,random,11,-0.00020200014114379883,0.002924613654613495,0.0034133493900299072,-0.0037449896335601807,1.0,False
GraphSAGE,54,0.95,random,12,-0.0011853277683258057,0.001311272382736206,0.0039473772048950195,-0.010930508375167847,1.0,False
GraphSAGE,54,0.95,random,13,0.0029640793800354004,0.017984911799430847,-0.017259538173675537,0.019905805587768555,1.0,False
GraphSAGE,54,0.95,random,14,-0.0002976953983306885,0.016654372215270996,0.03913712501525879,0.008358597755432129,1.0,False
GraphSAGE,54,0.95,random,15,-5.182623863220215e-05,-0.003916546702384949,-0.015956223011016846,0.01595062017440796,1.0,False
GraphSAGE,54,0.95,random,16,0.001660078763961792,-0.006205514073371887,-0.024172693490982056,-0.0007700920104980469,1.0,False
GraphSAGE,54,0.95,random,17,-0.003275245428085327,-0.006723411381244659,0.02411419153213501,-0.010368108749389648,1.0,False
GraphSAGE,54,0.95,random,18,-0.002253204584121704,0.004482828080654144,-0.0019516944885253906,-0.007714509963989258,1.0,False
GraphSAGE,54,0.95,random,19,0.000579148530960083,0.006005667150020599,-0.03439831733703613,-0.013415634632110596,1.0,False
GraphSAGE,54,1.05,gcia_morphology,-1,0.027087360620498657,0.15064501762390137,0.03565561771392822,0.05716252326965332,1.0,False
GraphSAGE,54,1.05,random,0,4.559755325317383e-05,-0.017847657203674316,-0.02004384994506836,-0.02074560523033142,1.0,False
GraphSAGE,54,1.05,random,1,-0.002036750316619873,-0.002520322799682617,0.01374208927154541,-0.009008526802062988,1.0,False
GraphSAGE,54,1.05,random,2,-0.005829155445098877,-0.022120550274848938,0.010807067155838013,-0.04950988292694092,1.0,False
GraphSAGE,54,1.05,random,3,-0.0004226565361022949,0.003120109438896179,0.008740663528442383,0.002287447452545166,1.0,False
GraphSAGE,54,1.05,random,4,0.002903759479522705,-0.002192199230194092,-0.02442246675491333,-0.053043633699417114,1.0,False
GraphSAGE,54,1.05,random,5,0.0015199780464172363,-0.002506062388420105,0.015854835510253906,0.004283726215362549,1.0,False
GraphSAGE,54,1.05,random,6,0.0023324787616729736,0.009538017213344574,0.04441007971763611,-0.014644205570220947,1.0,False
GraphSAGE,54,1.05,random,7,-0.00171700119972229,-0.021379105746746063,-0.01680159568786621,-0.042596250772476196,1.0,False
GraphSAGE,54,1.05,random,8,-0.0009595751762390137,-0.0030827894806861877,-0.0017168521881103516,-0.007021546363830566,1.0,False
GraphSAGE,54,1.05,random,9,0.0008111894130706787,0.0110555961728096,0.03656107187271118,-0.02242836356163025,1.0,False
GraphSAGE,54,1.05,random,10,0.001591116189956665,-0.004016473889350891,-0.022661834955215454,0.012187063694000244,1.0,False
GraphSAGE,54,1.05,random,11,-0.00013306736946105957,-0.011157624423503876,0.012087404727935791,-0.01619035005569458,1.0,False
GraphSAGE,54,1.05,random,12,-0.0026483237743377686,0.002743728458881378,0.03937733173370361,-0.015496611595153809,1.0,False
GraphSAGE,54,1.05,random,13,0.0028556883335113525,0.012082934379577637,0.012760519981384277,-0.015735208988189697,1.0,False
GraphSAGE,54,1.05,random,14,-0.00042322278022766113,-0.0028389468789100647,0.014829754829406738,-0.02965414524078369,1.0,False
GraphSAGE,54,1.05,random,15,0.00026229023933410645,0.009248696267604828,-0.017292559146881104,-0.0015918314456939697,1.0,False
GraphSAGE,54,1.05,random,16,0.002539128065109253,0.018855608999729156,0.01022157073020935,-0.008017569780349731,1.0,False
GraphSAGE,54,1.05,random,17,-0.0009932219982147217,0.005633063614368439,0.02946200966835022,0.009939610958099365,1.0,False
GraphSAGE,54,1.05,random,18,0.0005524754524230957,0.0015722960233688354,-0.0019176006317138672,-0.008034676313400269,1.0,False
GraphSAGE,54,1.05,random,19,0.00014060735702514648,0.020354464650154114,0.010905444622039795,-0.015341132879257202,1.0,False
GraphSAGE,56,0.95,gcia_morphology,-1,-0.007830977439880371,-0.12849387526512146,-0.020306356251239777,-0.07382076978683472,0.9978813529014587,False
GraphSAGE,56,0.95,random,0,-0.0009158328175544739,-0.006539762020111084,0.0016455277800559998,-0.018176555633544922,0.9978813529014587,False
GraphSAGE,56,0.95,random,1,-0.00014532357454299927,-0.00014616549015045166,0.006680727005004883,-0.0021713972091674805,0.9985875487327576,False
GraphSAGE,56,0.95,random,2,-0.00027723610401153564,-0.0009370744228363037,-0.004346601665019989,-0.005572855472564697,0.9978813529014587,False
GraphSAGE,56,0.95,random,3,0.0004920065402984619,-0.005114883184432983,0.004366092383861542,-0.0044359564781188965,0.9985875487327576,False
GraphSAGE,56,0.95,random,4,0.00020176172256469727,-0.004373222589492798,-0.0010291412472724915,-0.006002664566040039,0.9978813529014587,False
GraphSAGE,56,0.95,random,5,0.0005210787057876587,0.0009208917617797852,-0.0067508891224861145,0.006880700588226318,0.9978813529014587,False
GraphSAGE,56,0.95,random,6,-0.0009354501962661743,0.010546654462814331,0.008916318416595459,0.006467044353485107,0.9971751570701599,False
GraphSAGE,56,0.95,random,7,-7.666647434234619e-05,0.003203660249710083,0.003879047930240631,0.009374618530273438,0.9971751570701599,False
GraphSAGE,56,0.95,random,8,0.0005836039781570435,0.0008682012557983398,0.005680263042449951,-0.00010967254638671875,0.9978813529014587,False
GraphSAGE,56,0.95,random,9,-0.0004121139645576477,-0.004003509879112244,-0.011940553784370422,-0.011210620403289795,0.9978813529014587,False
GraphSAGE,56,0.95,random,10,0.0002886056900024414,0.004264995455741882,0.0038445889949798584,0.014254868030548096,0.9978813529014587,False
GraphSAGE,56,0.95,random,11,-0.0008156299591064453,-0.00829315185546875,0.002837762236595154,0.0013117790222167969,0.9978813529014587,False
GraphSAGE,56,0.95,random,12,-0.0006347000598907471,0.0022872835397720337,0.023699164390563965,-0.014048933982849121,0.9978813529014587,False
GraphSAGE,56,0.95,random,13,0.000489652156829834,0.008118808269500732,-0.013240233063697815,0.028381645679473877,0.9978813529014587,False
GraphSAGE,56,0.95,random,14,0.0012322887778282166,0.005382746458053589,-0.022623606026172638,0.015229582786560059,0.9978813529014587,False
GraphSAGE,56,0.95,random,15,0.000131264328956604,0.00039653480052948,-0.014742352068424225,-0.005078434944152832,0.9978813529014587,False
GraphSAGE,56,0.95,random,16,0.00031475722789764404,0.006870493292808533,-0.0028133317828178406,0.011028528213500977,0.9978813529014587,False
GraphSAGE,56,0.95,random,17,0.00030641257762908936,0.0015951693058013916,-0.013122588396072388,0.009816288948059082,0.9978813529014587,False
GraphSAGE,56,0.95,random,18,0.00030282139778137207,-0.001562744379043579,-0.0016003400087356567,0.002092599868774414,0.9985875487327576,False
GraphSAGE,56,0.95,random,19,0.0003376007080078125,0.008497297763824463,0.005791373550891876,0.003630220890045166,0.9978813529014587,False
GraphSAGE,56,1.05,gcia_morphology,-1,0.009027309715747833,0.131730318069458,0.019935570657253265,0.07342880964279175,0.9985875487327576,False
GraphSAGE,56,1.05,random,0,-0.0003806799650192261,-0.005299091339111328,0.003249622881412506,-0.009266257286071777,0.9978813529014587,False
GraphSAGE,56,1.05,random,1,9.918212890625e-05,0.0003005415201187134,0.023617476224899292,0.0005106925964355469,0.9985875487327576,False
GraphSAGE,56,1.05,random,2,0.000787779688835144,0.007378101348876953,-0.00044260174036026,-0.003319680690765381,0.9971751570701599,False
GraphSAGE,56,1.05,random,3,0.00040008872747421265,0.005233466625213623,-0.010205619037151337,0.004930615425109863,0.9978813529014587,False
GraphSAGE,56,1.05,random,4,0.0006509721279144287,0.0027780383825302124,-0.006006583571434021,0.0095406174659729,0.9978813529014587,False
GraphSAGE,56,1.05,random,5,-0.00011692941188812256,-0.00790417194366455,-0.01623118668794632,-0.012989521026611328,0.9992938041687012,False
GraphSAGE,56,1.05,random,6,7.831305265426636e-05,-0.0018110722303390503,0.0022235140204429626,-0.0027408599853515625,0.9978813529014587,False
GraphSAGE,56,1.05,random,7,-4.394352436065674e-05,0.003738000988960266,0.012712530791759491,0.004601955413818359,0.9978813529014587,False
GraphSAGE,56,1.05,random,8,-7.539987564086914e-05,0.0002168715000152588,0.018758229911327362,-0.01407235860824585,0.9978813529014587,False
GraphSAGE,56,1.05,random,9,0.00038739293813705444,0.005442917346954346,-0.0019403323531150818,0.007572829723358154,0.9971751570701599,False
GraphSAGE,56,1.05,random,10,-6.888061761856079e-05,0.005041778087615967,0.010881401598453522,-0.012038648128509521,0.9978813529014587,False
GraphSAGE,56,1.05,random,11,-0.0003263726830482483,-0.00645822286605835,0.001985408365726471,-0.006316661834716797,0.9971751570701599,False
GraphSAGE,56,1.05,random,12,-0.0004049539566040039,-0.003707781434059143,0.007639631628990173,-0.009565472602844238,0.9985875487327576,False
GraphSAGE,56,1.05,random,13,0.0003068894147872925,0.0016987323760986328,0.0013946294784545898,-0.003667116165161133,0.9985875487327576,False
GraphSAGE,56,1.05,random,14,-0.0003867894411087036,-0.0025388896465301514,0.00847259908914566,-3.0040740966796875e-05,0.9978813529014587,False
GraphSAGE,56,1.05,random,15,0.0001989901065826416,0.008840978145599365,0.0016695111989974976,-0.004646480083465576,0.9978813529014587,False
GraphSAGE,56,1.05,random,16,0.0001300424337387085,-0.0010975301265716553,0.006625764071941376,-0.011165440082550049,0.9978813529014587,False
GraphSAGE,56,1.05,random,17,0.00031038373708724976,0.0017482787370681763,-0.009416870772838593,-0.0031142830848693848,0.9978813529014587,False
GraphSAGE,56,1.05,random,18,-0.00018183141946792603,-0.008724570274353027,0.010289974510669708,-0.015915632247924805,0.9978813529014587,False
GraphSAGE,56,1.05,random,19,0.00038439035415649414,0.0028388798236846924,-0.02503829449415207,-0.00863569974899292,0.9985875487327576,False
GraphSAGE,58,0.95,gcia_morphology,-1,-0.014481216669082642,-0.09744486212730408,-0.025767207145690918,-0.03144208341836929,1.0,False
GraphSAGE,58,0.95,random,0,-0.0004013180732727051,-0.002442091703414917,0.003664374351501465,0.005785048007965088,1.0,False
GraphSAGE,58,0.95,random,1,-0.00013998150825500488,0.012470036745071411,0.00461125373840332,-0.0010352209210395813,1.0,False
GraphSAGE,58,0.95,random,2,-0.00018131732940673828,0.0005037784576416016,0.0005651712417602539,0.008924856781959534,1.0,False
GraphSAGE,58,0.95,random,3,0.0010232627391815186,0.0043306052684783936,-0.011655986309051514,0.005182594060897827,1.0,False
GraphSAGE,58,0.95,random,4,0.0004406571388244629,0.008390873670578003,0.0015361309051513672,0.0028464272618293762,1.0,False
GraphSAGE,58,0.95,random,5,0.0012923479080200195,0.0006121695041656494,-0.004394888877868652,-0.005707629024982452,0.9988095164299011,False
GraphSAGE,58,0.95,random,6,0.00029715895652770996,0.0009843409061431885,-0.008037805557250977,0.016108669340610504,1.0,False
GraphSAGE,58,0.95,random,7,-0.0007033944129943848,-0.003492116928100586,-0.00900489091873169,-6.750226020812988e-06,1.0,False
GraphSAGE,58,0.95,random,8,0.0017197728157043457,0.012571096420288086,0.0033507347106933594,0.0038934871554374695,1.0,False
GraphSAGE,58,0.95,random,9,0.0006125569343566895,-0.0056341588497161865,0.0007041692733764648,-0.010966576635837555,1.0,False
GraphSAGE,58,0.95,random,10,0.0015261173248291016,0.006900042295455933,-0.011398375034332275,0.010497838258743286,0.9988095164299011,False
GraphSAGE,58,0.95,random,11,-0.0009695291519165039,0.004159718751907349,-0.0047490596771240234,0.009953498840332031,0.9988095164299011,False
GraphSAGE,58,0.95,random,12,-0.0014677345752716064,0.003772526979446411,-0.010986268520355225,0.01563219726085663,0.9976190328598022,False
GraphSAGE,58,0.95,random,13,-7.62939453125e-05,0.0019382834434509277,0.0034106969833374023,0.007328987121582031,0.9988095164299011,False
GraphSAGE,58,0.95,random,14,0.0006136298179626465,-0.0035640299320220947,0.005835235118865967,-0.005226500332355499,1.0,False
GraphSAGE,58,0.95,random,15,0.0012584328651428223,0.00339314341545105,-0.002675294876098633,0.008754894137382507,1.0,False
GraphSAGE,58,0.95,random,16,-0.0007266402244567871,0.004257529973983765,-0.0012150406837463379,0.016314849257469177,0.9976190328598022,False
GraphSAGE,58,0.95,random,17,0.0006822049617767334,0.007245361804962158,0.006166696548461914,0.011121362447738647,1.0,False
GraphSAGE,58,0.95,random,18,0.00010544061660766602,-0.000660240650177002,-0.0005655288696289062,0.00433194637298584,1.0,False
GraphSAGE,58,0.95,random,19,0.0016488432884216309,0.0036575794219970703,0.012414395809173584,-0.009089596569538116,1.0,False
GraphSAGE,58,1.05,gcia_morphology,-1,0.016152024269104004,0.10184702277183533,0.021999001502990723,0.032849133014678955,1.0,False
GraphSAGE,58,1.05,random,0,0.0005204677581787109,-0.007208198308944702,-0.016023635864257812,0.0019147545099258423,1.0,False
GraphSAGE,58,1.05,random,1,0.0008988380432128906,-0.002820640802383423,0.015636563301086426,-0.001840941607952118,1.0,False
GraphSAGE,58,1.05,random,2,-0.0008493661880493164,0.0019364655017852783,-0.004580318927764893,-0.004859425127506256,1.0,False
GraphSAGE,58,1.05,random,3,-0.00075569748878479,-0.002375483512878418,0.015422403812408447,-0.015150211751461029,1.0,False
GraphSAGE,58,1.05,random,4,-0.0008424520492553711,-0.0038915276527404785,0.0047348737716674805,-0.015986613929271698,1.0,False
GraphSAGE,58,1.05,random,5,-0.00046330690383911133,-0.0007669627666473389,-0.0041961669921875,-0.0012090280652046204,1.0,False
GraphSAGE,58,1.05,random,6,0.0003872513771057129,-0.0009385049343109131,-0.008653521537780762,0.005889415740966797,0.9988095164299011,False
GraphSAGE,58,1.05,random,7,-0.0008350014686584473,-0.005548059940338135,-0.009914398193359375,0.01266210526227951,1.0,False
GraphSAGE,58,1.05,random,8,-0.0010142922401428223,-0.004712581634521484,0.007417440414428711,-0.005018748342990875,0.9988095164299011,False
GraphSAGE,58,1.05,random,9,0.0012392997741699219,0.005609631538391113,-0.007608473300933838,-0.001591898500919342,1.0,False
GraphSAGE,58,1.05,random,10,0.0015076100826263428,0.007766366004943848,0.005340397357940674,0.0028266608715057373,1.0,False
GraphSAGE,58,1.05,random,11,0.002012789249420166,0.0007098913192749023,-0.008594989776611328,0.0051037222146987915,0.9988095164299011,False
GraphSAGE,58,1.05,random,12,0.00025838613510131836,0.0018711984157562256,-0.03754866123199463,0.021465159952640533,1.0,False
GraphSAGE,58,1.05,random,13,0.00032454729080200195,-0.0014213621616363525,0.010412335395812988,-0.005919553339481354,0.9988095164299011,False
GraphSAGE,58,1.05,random,14,-0.0009809136390686035,-0.0023292899131774902,0.01862013339996338,-0.012395940721035004,1.0,False
GraphSAGE,58,1.05,random,15,-0.001603543758392334,0.007408022880554199,0.007422089576721191,-0.00028783828020095825,1.0,False
GraphSAGE,58,1.05,random,16,0.00019285082817077637,0.013385683298110962,0.016151249408721924,0.00635962188243866,1.0,False
GraphSAGE,58,1.05,random,17,0.001008749008178711,0.0005463659763336182,0.00034612417221069336,-0.0009767785668373108,1.0,False
GraphSAGE,58,1.05,random,18,0.0009683072566986084,0.006569981575012207,-0.005354166030883789,0.010586835443973541,0.9988095164299011,False
GraphSAGE,58,1.05,random,19,-0.0013917088508605957,-0.004119873046875,0.0003374814987182617,-0.004728488624095917,0.9988095164299011,False
GraphSAGE,59,0.95,gcia_morphology,-1,-0.013893365859985352,-0.09575438499450684,-0.021765053272247314,-0.022363603115081787,1.0,False
GraphSAGE,59,0.95,random,0,-0.0016179084777832031,0.001736760139465332,0.013431012630462646,-0.0020872950553894043,1.0,False
GraphSAGE,59,0.95,random,1,-0.00037410855293273926,-0.003783106803894043,-0.005233347415924072,-0.0014072060585021973,1.0,False
GraphSAGE,59,0.95,random,2,0.0002015829086303711,7.927417755126953e-06,0.01036226749420166,-6.985664367675781e-05,0.9992856979370117,False
GraphSAGE,59,0.95,random,3,0.0001653134822845459,0.006494343280792236,-0.00489962100982666,-0.005392909049987793,1.0,False
GraphSAGE,59,0.95,random,4,-0.001782059669494629,-0.006892144680023193,0.001757502555847168,0.002941727638244629,1.0,False
GraphSAGE,59,0.95,random,5,0.0016598701477050781,-0.002243638038635254,-0.017157256603240967,0.005262911319732666,0.9992856979370117,False
GraphSAGE,59,0.95,random,6,-0.0005077719688415527,-0.0031487345695495605,0.005854606628417969,-0.013394057750701904,0.9992856979370117,False
GraphSAGE,59,0.95,random,7,0.0006495118141174316,0.0066114068031311035,0.013058960437774658,-0.015859544277191162,1.0,False
GraphSAGE,59,0.95,random,8,0.0014845728874206543,0.005199074745178223,-0.0023512840270996094,-0.005839824676513672,1.0,False
GraphSAGE,59,0.95,random,9,0.00038123130798339844,-0.0001010894775390625,-0.0031599998474121094,-0.0035898685455322266,1.0,False
GraphSAGE,59,0.95,random,10,-0.000546574592590332,-0.0006835460662841797,-0.002440333366394043,0.0009545087814331055,1.0,False
GraphSAGE,59,0.95,random,11,-0.00039011240005493164,0.004415452480316162,0.007158517837524414,-0.01564657688140869,0.9985714554786682,False
GraphSAGE,59,0.95,random,12,0.00024014711380004883,0.0012303590774536133,-0.003114938735961914,-0.004206299781799316,1.0,False
GraphSAGE,59,0.95,random,13,0.0017307698726654053,-0.000911414623260498,-0.004033029079437256,0.002025306224822998,1.0,False
GraphSAGE,59,0.95,random,14,0.00025391578674316406,-0.0016005635261535645,0.006399989128112793,-0.013052403926849365,0.9992856979370117,False
GraphSAGE,59,0.95,random,15,0.001355499029159546,0.003584921360015869,-0.009519398212432861,0.008792340755462646,1.0,False
GraphSAGE,59,0.95,random,16,0.0010447204113006592,-0.00028437376022338867,-0.009987354278564453,0.003237485885620117,0.9992856979370117,False
GraphSAGE,59,0.95,random,17,0.0009655356407165527,0.0011757612228393555,-0.007139444351196289,0.003589153289794922,0.9992856979370117,False
GraphSAGE,59,0.95,random,18,-0.00011005997657775879,-0.0001824498176574707,0.010457336902618408,-0.00928354263305664,0.9992856979370117,False
GraphSAGE,59,0.95,random,19,0.00046321749687194824,-0.0017116665840148926,0.0013677477836608887,-0.013969182968139648,1.0,False
GraphSAGE,59,1.05,gcia_morphology,-1,0.015800058841705322,0.09841689467430115,0.01768261194229126,0.01955491304397583,1.0,False
GraphSAGE,59,1.05,random,0,0.00026732683181762695,0.0036731362342834473,0.0037212371826171875,0.00938880443572998,1.0,False
GraphSAGE,59,1.05,random,1,-0.00026994943618774414,0.0012784600257873535,0.001985013484954834,0.008875072002410889,1.0,False
GraphSAGE,59,1.05,random,2,0.0010280609130859375,0.006352126598358154,0.014956057071685791,-0.0023874640464782715,1.0,False
GraphSAGE,59,1.05,random,3,0.0008072853088378906,-0.001622319221496582,0.0012943744659423828,-0.008820176124572754,1.0,False
GraphSAGE,59,1.05,random,4,0.0004157721996307373,0.0016041398048400879,-0.01829320192337036,-0.010585904121398926,1.0,False
GraphSAGE,59,1.05,random,5,8.353590965270996e-05,0.0005205273628234863,0.004330158233642578,0.0029044747352600098,0.9992856979370117,False
GraphSAGE,59,1.05,random,6,0.0002402663230895996,0.0030260086059570312,-0.017458438873291016,0.00461500883102417,0.9992856979370117,False
GraphSAGE,59,1.05,random,7,0.00037401914596557617,-0.004403829574584961,-0.016369104385375977,-0.0013306736946105957,0.9992856979370117,False
GraphSAGE,59,1.05,random,8,-0.00020816922187805176,0.0010883212089538574,0.016923904418945312,-0.010122358798980713,1.0,False
GraphSAGE,59,1.05,random,9,0.00032329559326171875,0.007146716117858887,0.0014567971229553223,0.006288707256317139,1.0,False
GraphSAGE,59,1.05,random,10,0.0003516077995300293,0.0016293525695800781,-0.0018364787101745605,-0.005441725254058838,0.9992856979370117,False
GraphSAGE,59,1.05,random,11,0.000881880521774292,0.005223512649536133,-0.003799736499786377,0.01791936159133911,1.0,False
GraphSAGE,59,1.05,random,12,-0.00017848610877990723,-0.0012950301170349121,-0.00874185562133789,0.015492260456085205,1.0,False
GraphSAGE,59,1.05,random,13,-0.002036958932876587,0.0006225109100341797,0.0037112832069396973,0.012645423412322998,1.0,False
GraphSAGE,59,1.05,random,14,1.0967254638671875e-05,-0.002611696720123291,-0.006875216960906982,-0.004126846790313721,0.9992856979370117,False
GraphSAGE,59,1.05,random,15,0.0005066394805908203,0.005296766757965088,0.0017786622047424316,-0.008014023303985596,1.0,False
GraphSAGE,59,1.05,random,16,0.0008578300476074219,0.0007997751235961914,-0.02175724506378174,0.005328655242919922,1.0,False
GraphSAGE,59,1.05,random,17,-0.0002537071704864502,-0.002965390682220459,0.008437633514404297,0.007255196571350098,1.0,False
GraphSAGE,59,1.05,random,18,-0.0005684494972229004,-0.004535079002380371,0.010320782661437988,-0.010159909725189209,0.9992856979370117,False
GraphSAGE,59,1.05,random,19,0.00015991926193237305,0.002766430377960205,0.0014805197715759277,0.0033215880393981934,0.9992856979370117,False
GraphSAGE,7,0.95,gcia_morphology,-1,-0.0028997063636779785,-0.05307424068450928,-0.05481576919555664,-0.024980396032333374,1.0,False
GraphSAGE,7,0.95,random,0,-3.75211238861084e-05,-0.0013986825942993164,-0.0029459595680236816,-0.0028295516967773438,1.0,False
GraphSAGE,7,0.95,random,1,0.00021564960479736328,-0.002142786979675293,-0.010944753885269165,0.0012714564800262451,1.0,False
GraphSAGE,7,0.95,random,2,0.0004304945468902588,-0.001658320426940918,-0.004188030958175659,-0.0009908974170684814,1.0,False
GraphSAGE,7,0.95,random,3,0.00016057491302490234,0.00022852420806884766,-0.0008950531482696533,0.00047084689140319824,1.0,False
GraphSAGE,7,0.95,random,4,-0.0003104209899902344,9.870529174804688e-05,-0.0021536946296691895,0.003654569387435913,1.0,False
GraphSAGE,7,0.95,random,5,0.00021696090698242188,-0.0004137754440307617,0.0029091238975524902,-0.0026462674140930176,1.0,False
GraphSAGE,7,0.95,random,6,0.0003038644790649414,-0.0012848377227783203,-0.0004487037658691406,-0.0004367232322692871,1.0,False
GraphSAGE,7,0.95,random,7,-0.00026103854179382324,-0.002203226089477539,-0.006722003221511841,0.002741873264312744,1.0,False
GraphSAGE,7,0.95,random,8,-0.0001157522201538086,-0.0004413127899169922,-0.0013309121131896973,-0.00011163949966430664,1.0,False
GraphSAGE,7,0.95,random,9,-0.0005366504192352295,-1.6808509826660156e-05,-0.004875928163528442,0.007275611162185669,1.0,False
GraphSAGE,7,0.95,random,10,0.00038805603981018066,0.0010622739791870117,0.0053739845752716064,-0.005531430244445801,1.0,False
GraphSAGE,7,0.95,random,11,-0.0001266002655029297,0.0014729499816894531,0.004897177219390869,-0.004356712102890015,1.0,False
GraphSAGE,7,0.95,random,12,1.8864870071411133e-05,-0.0012407302856445312,-0.003804922103881836,0.00025710463523864746,1.0,False
GraphSAGE,7,0.95,random,13,3.2901763916015625e-05,-0.0006211996078491211,-0.002926558256149292,0.0015334486961364746,1.0,False
GraphSAGE,7,0.95,random,14,0.0001633763313293457,0.0017682313919067383,0.0051163434982299805,-0.001040428876876831,1.0,False
GraphSAGE,7,0.95,random,15,-0.0001360177993774414,-0.0033435821533203125,-0.006595134735107422,-0.0023673176765441895,1.0,False
GraphSAGE,7,0.95,random,16,2.6851892471313477e-05,0.0019534826278686523,0.00048285722732543945,0.0028835535049438477,1.0,False
GraphSAGE,7,0.95,random,17,0.00010815262794494629,-0.0019085407257080078,-0.004751235246658325,-0.00036785006523132324,1.0,False
GraphSAGE,7,0.95,random,18,0.0001602768898010254,0.0007909536361694336,0.0013626813888549805,-0.001465529203414917,1.0,False
GraphSAGE,7,0.95,random,19,-0.00011038780212402344,-0.0013347864151000977,-0.004560291767120361,0.001440972089767456,1.0,False
GraphSAGE,7,1.05,gcia_morphology,-1,0.0032566189765930176,0.05275905132293701,0.05191302299499512,0.02405110001564026,1.0,False
GraphSAGE,7,1.05,random,0,0.00039270520210266113,-0.0004775524139404297,0.0013450384140014648,-0.0024770796298980713,1.0,False
GraphSAGE,7,1.05,random,1,-0.00016230344772338867,-0.00045299530029296875,-0.0009330511093139648,0.000370711088180542,1.0,False
GraphSAGE,7,1.05,random,2,-4.470348358154297e-06,0.0008829832077026367,0.0008384883403778076,-0.0009727776050567627,1.0,False
GraphSAGE,7,1.05,random,3,-0.00013214349746704102,-0.0018029212951660156,-0.0024895071983337402,-0.0014633238315582275,1.0,False
GraphSAGE,7,1.05,random,4,-0.00018769502639770508,-8.738040924072266e-05,0.0016389191150665283,0.0005698502063751221,1.0,False
GraphSAGE,7,1.05,random,5,8.726119995117188e-05,0.0013451576232910156,0.0013940930366516113,0.0010994970798492432,1.0,False
GraphSAGE,7,1.05,random,6,-0.00010854005813598633,-8.177757263183594e-05,-0.0034416913986206055,0.007654547691345215,1.0,False
GraphSAGE,7,1.05,random,7,-0.0003725290298461914,0.00011444091796875,-0.005265533924102783,0.004089802503585815,1.0,False
GraphSAGE,7,1.05,random,8,0.00024044513702392578,0.0005909204483032227,0.002171933650970459,-0.0010610520839691162,1.0,False
GraphSAGE,7,1.05,random,9,0.00012379884719848633,0.0023251771926879883,-0.0022625327110290527,0.0024469494819641113,1.0,False
GraphSAGE,7,1.05,random,10,-8.153915405273438e-05,0.0017246007919311523,-1.7881393432617188e-07,0.0027400851249694824,1.0,False
GraphSAGE,7,1.05,random,11,0.0003330111503601074,0.0003725290298461914,-0.006032705307006836,-0.0007981359958648682,1.0,False
GraphSAGE,7,1.05,random,12,-8.577108383178711e-05,-0.00027060508728027344,-0.0008338987827301025,0.00017377734184265137,1.0,False
GraphSAGE,7,1.05,random,13,-7.137656211853027e-05,0.00041306018829345703,-0.003117799758911133,0.0021218955516815186,1.0,False
GraphSAGE,7,1.05,random,14,-0.00017398595809936523,-0.0019255876541137695,-0.003684490919113159,-0.0005957186222076416,1.0,False
GraphSAGE,7,1.05,random,15,-1.4901161193847656e-06,0.0008672475814819336,0.007385849952697754,-0.006043523550033569,1.0,False
GraphSAGE,7,1.05,random,16,-0.00032442808151245117,-0.0018616914749145508,-0.0010789334774017334,-0.0027201175689697266,1.0,False
GraphSAGE,7,1.05,random,17,6.61015510559082e-05,-0.0008234977722167969,-0.00016671419143676758,-0.00016179680824279785,1.0,False
GraphSAGE,7,1.05,random,18,-0.0004456937313079834,0.0006071329116821289,0.00109902024269104,0.001667410135269165,1.0,False
GraphSAGE,7,1.05,random,19,-0.00018700957298278809,0.0018663406372070312,-0.0017698109149932861,0.004898339509963989,1.0,False
GraphSAGE,87,0.95,gcia_morphology,-1,-0.014296203851699829,-0.09769529104232788,-0.036380454897880554,-0.037471964955329895,1.0,False
GraphSAGE,87,0.95,random,0,0.0012525320053100586,0.00534743070602417,-0.028670668601989746,0.020534485578536987,1.0,False
GraphSAGE,87,0.95,random,1,0.0014778375625610352,0.0016024112701416016,0.0023065805435180664,0.0016999691724777222,1.0,False
GraphSAGE,87,0.95,random,2,0.0005072355270385742,-0.00042682886123657227,0.004921615123748779,0.0009555816650390625,1.0,False
GraphSAGE,87,0.95,random,3,-0.00048533082008361816,-0.000431060791015625,0.028361916542053223,-0.0037524402141571045,1.0,False
GraphSAGE,87,0.95,random,4,9.721517562866211e-05,-0.0022044777870178223,-0.01335132122039795,0.010918498039245605,1.0,False
GraphSAGE,87,0.95,random,5,0.000514686107635498,0.004611492156982422,0.006470680236816406,0.009296119213104248,1.0,False
GraphSAGE,87,0.95,random,6,-0.0002067089080810547,0.0024036765098571777,-0.02089063823223114,0.005895376205444336,1.0,False
GraphSAGE,87,0.95,random,7,-0.00021696090698242188,0.0028091073036193848,-0.009527325630187988,0.0009284317493438721,1.0,False
GraphSAGE,87,0.95,random,8,0.0002530813217163086,0.005069255828857422,-0.0016756951808929443,0.012541621923446655,1.0,False
GraphSAGE,87,0.95,random,9,-0.0008491575717926025,-0.0013065338134765625,-0.004157334566116333,0.01049456000328064,1.0,False
GraphSAGE,87,0.95,random,10,0.0010589361190795898,0.0005697011947631836,0.003071010112762451,-0.01900842785835266,1.0,False
GraphSAGE,87,0.95,random,11,0.0021525323390960693,0.0008155107498168945,-0.013377577066421509,0.004612833261489868,1.0,False
GraphSAGE,87,0.95,random,12,-0.00022602081298828125,0.006805002689361572,0.009821593761444092,0.011123493313789368,1.0,False
GraphSAGE,87,0.95,random,13,0.0003749728202819824,-0.0016975998878479004,-0.0038178861141204834,-0.014393433928489685,1.0,False
GraphSAGE,87,0.95,random,14,-0.00021353363990783691,-0.0020691752433776855,-0.004916757345199585,0.0009220987558364868,1.0,False
GraphSAGE,87,0.95,random,15,0.0015537440776824951,0.004448413848876953,0.0027764439582824707,-0.0019815415143966675,1.0,False
GraphSAGE,87,0.95,random,16,0.001002967357635498,0.0029963254928588867,0.013310492038726807,-0.0165005624294281,1.0,False
GraphSAGE,87,0.95,random,17,-0.001821070909500122,-0.00377577543258667,0.004411101341247559,0.0027780681848526,1.0,False
GraphSAGE,87,0.95,random,18,0.001218646764755249,0.007672607898712158,-0.0011462867259979248,0.0034411996603012085,1.0,False
GraphSAGE,87,0.95,random,19,-0.0020295381546020508,-0.005999922752380371,-0.017432838678359985,-0.0020896345376968384,1.0,False
GraphSAGE,87,1.05,gcia_morphology,-1,0.01643526554107666,0.10266920924186707,0.03667980432510376,0.035616546869277954,1.0,False
GraphSAGE,87,1.05,random,0,-0.00014892220497131348,-0.0006347298622131348,0.021386295557022095,-0.017047777771949768,1.0,False
GraphSAGE,87,1.05,random,1,0.0013687312602996826,0.0007936954498291016,0.00660368800163269,-0.00393339991569519,1.0,False
GraphSAGE,87,1.05,random,2,-0.0013873875141143799,-0.0021286606788635254,0.0075667500495910645,0.004744410514831543,1.0,False
GraphSAGE,87,1.05,random,3,0.0002525746822357178,0.0038114190101623535,-0.008192002773284912,-0.007188886404037476,1.0,False
GraphSAGE,87,1.05,random,4,-0.0006904900074005127,0.005526602268218994,-0.001393824815750122,0.003543481230735779,1.0,False
GraphSAGE,87,1.05,random,5,-0.0023708343505859375,-0.010171711444854736,0.0026738345623016357,-0.012987017631530762,1.0,False
GraphSAGE,87,1.05,random,6,-0.0004996061325073242,-0.00028389692306518555,-0.004660844802856445,0.0028439611196517944,1.0,False
GraphSAGE,87,1.05,random,7,0.0008094906806945801,0.0001901388168334961,0.009989500045776367,-0.02900180220603943,1.0,False
GraphSAGE,87,1.05,random,8,0.0003667771816253662,-0.005208730697631836,-0.007708996534347534,0.007981255650520325,1.0,False
GraphSAGE,87,1.05,random,9,0.00046008825302124023,0.005468010902404785,0.00859290361404419,0.0006815195083618164,1.0,False
GraphSAGE,87,1.05,random,10,0.0005983114242553711,-0.003537476062774658,0.01609724760055542,-0.025458812713623047,1.0,False
GraphSAGE,87,1.05,random,11,-0.00045743584632873535,0.004192829132080078,-0.006355583667755127,-5.353987216949463e-05,1.0,False
GraphSAGE,87,1.05,random,12,0.0005286931991577148,-0.0010777115821838379,-0.0024202466011047363,0.003430470824241638,1.0,False
GraphSAGE,87,1.05,random,13,4.363059997558594e-05,0.003152787685394287,-0.014810964465141296,0.009604483842849731,1.0,False
GraphSAGE,87,1.05,random,14,-0.0009939074516296387,-0.0046808719635009766,0.0062454938888549805,-0.01782308518886566,1.0,False
GraphSAGE,87,1.05,random,15,-0.0006181597709655762,-0.0008288025856018066,-0.0031687915325164795,0.004796117544174194,1.0,False
GraphSAGE,87,1.05,random,16,0.000455707311630249,-0.006507694721221924,-0.005083203315734863,0.0005116760730743408,1.0,False
GraphSAGE,87,1.05,random,17,-0.001311659812927246,-0.01222217082977295,0.003098726272583008,0.0012790858745574951,1.0,False
GraphSAGE,87,1.05,random,18,0.0004062056541442871,1.7881393432617188e-07,-0.011159062385559082,-0.011682078242301941,1.0,False
GraphSAGE,87,1.05,random,19,-0.001550912857055664,-0.0021605491638183594,0.005270600318908691,0.0045623779296875,1.0,False
GraphSAGE,9,0.95,gcia_morphology,-1,-0.03877878189086914,-0.19208931922912598,-0.015344500541687012,-0.08556509017944336,1.0,False
GraphSAGE,9,0.95,random,0,-0.0029442906379699707,0.004860937595367432,0.008339405059814453,0.009033679962158203,1.0,False
GraphSAGE,9,0.95,random,1,0.00411456823348999,-0.00011348724365234375,-0.05054503679275513,-0.001656174659729004,1.0,False
GraphSAGE,9,0.95,random,2,0.0017413496971130371,0.006010234355926514,-0.014539182186126709,0.00863027572631836,1.0,False
GraphSAGE,9,0.95,random,3,0.0012157559394836426,-0.001566469669342041,-0.02480792999267578,0.001291036605834961,1.0,False
GraphSAGE,9,0.95,random,4,0.0014163851737976074,0.006513774394989014,-0.02683919668197632,-0.004437804222106934,1.0,False
GraphSAGE,9,0.95,random,5,-0.002504706382751465,0.001210033893585205,0.023940682411193848,-0.019470810890197754,1.0,False
GraphSAGE,9,0.95,random,6,0.0004019737243652344,0.006819725036621094,0.04640454053878784,-0.03395426273345947,0.9985954761505127,False
GraphSAGE,9,0.95,random,7,-5.412101745605469e-05,0.00974804162979126,0.004604220390319824,-0.0011726617813110352,1.0,False
GraphSAGE,9,0.95,random,8,0.0021904706954956055,0.006305277347564697,0.006546735763549805,-0.0164186954498291,1.0,False
GraphSAGE,9,0.95,random,9,8.243322372436523e-05,-0.005867481231689453,-0.019624412059783936,0.014306426048278809,1.0,False
GraphSAGE,9,0.95,random,10,0.0009905099868774414,0.006021857261657715,0.012583434581756592,-0.0031145811080932617,0.9985954761505127,False
GraphSAGE,9,0.95,random,11,-0.0008804798126220703,-0.006314516067504883,0.015234529972076416,-0.017587780952453613,1.0,False
GraphSAGE,9,0.95,random,12,-0.0026190876960754395,-0.0017385482788085938,0.032848894596099854,0.0068569183349609375,1.0,False
GraphSAGE,9,0.95,random,13,0.00026470422744750977,-0.0030513405799865723,0.0035813450813293457,-0.006827950477600098,0.9985954761505127,False
GraphSAGE,9,0.95,random,14,0.0019173622131347656,0.011707305908203125,-0.012623429298400879,0.0073157548904418945,1.0,False
GraphSAGE,9,0.95,random,15,-0.0015665292739868164,-0.005331516265869141,0.0003463625907897949,-0.006953597068786621,1.0,False
GraphSAGE,9,0.95,random,16,0.002747476100921631,0.004254400730133057,-0.015853166580200195,-0.001967310905456543,1.0,False
GraphSAGE,9,0.95,random,17,0.0034062862396240234,0.003325343132019043,-0.013180434703826904,0.0324709415435791,1.0,False
GraphSAGE,9,0.95,random,18,0.0036619901657104492,0.013790667057037354,-0.009288132190704346,-0.005231022834777832,1.0,False
GraphSAGE,9,0.95,random,19,0.002654731273651123,-0.0026807785034179688,-0.02084869146347046,0.0024830102920532227,1.0,False
GraphSAGE,9,1.05,gcia_morphology,-1,0.03793537616729736,0.19260174036026,0.010768651962280273,0.08169937133789062,1.0,False
GraphSAGE,9,1.05,random,0,0.00037020444869995117,0.00463944673538208,0.016430020332336426,-0.028540492057800293,1.0,False
GraphSAGE,9,1.05,random,1,-0.0009992122650146484,-0.009860217571258545,0.005836665630340576,-0.04075288772583008,1.0,False
GraphSAGE,9,1.05,random,2,0.00047773122787475586,0.007615149021148682,0.011371612548828125,-0.0006695985794067383,1.0,False
GraphSAGE,9,1.05,random,3,0.00010520219802856445,0.007084369659423828,-0.005987226963043213,0.02329730987548828,1.0,False
GraphSAGE,9,1.05,random,4,-0.0019701123237609863,-0.009495854377746582,-0.004423260688781738,-0.004935503005981445,1.0,False
GraphSAGE,9,1.05,random,5,0.0023376941680908203,0.008092999458312988,0.008486807346343994,0.0003936290740966797,1.0,False
GraphSAGE,9,1.05,random,6,0.0020495057106018066,0.013126075267791748,0.006786823272705078,-0.003175020217895508,1.0,False
GraphSAGE,9,1.05,random,7,-0.003222048282623291,-0.01242285966873169,0.0010679960250854492,-0.01879251003265381,1.0,False
GraphSAGE,9,1.05,random,8,-0.00014722347259521484,-0.0017707347869873047,-0.0068013668060302734,0.0059816837310791016,1.0,False
GraphSAGE,9,1.05,random,9,0.0020912885665893555,0.0035799145698547363,-0.0018038749694824219,-0.02105128765106201,1.0,False
GraphSAGE,9,1.05,random,10,-0.0004988908767700195,0.014616429805755615,0.0011662840843200684,0.011815309524536133,1.0,False
GraphSAGE,9,1.05,random,11,-0.0011074542999267578,-0.0010284185409545898,0.006040692329406738,-0.00898730754852295,1.0,False
GraphSAGE,9,1.05,random,12,0.0009052753448486328,0.00927037000656128,-0.014327943325042725,0.0016192197799682617,1.0,False
GraphSAGE,9,1.05,random,13,0.001078784465789795,0.005158543586730957,-0.03598463535308838,0.024535059928894043,1.0,False
GraphSAGE,9,1.05,random,14,0.000213623046875,-0.0014033913612365723,-0.02105426788330078,0.0028878450393676758,1.0,False
GraphSAGE,9,1.05,random,15,0.0017704963684082031,-0.003354370594024658,0.0160292387008667,-0.01702594757080078,1.0,False
GraphSAGE,9,1.05,random,16,0.0003477931022644043,-0.0017080903053283691,-0.0070514678955078125,0.002971053123474121,1.0,False
GraphSAGE,9,1.05,random,17,-0.0007165670394897461,0.0007932782173156738,0.0036485791206359863,-0.014239072799682617,1.0,False
GraphSAGE,9,1.05,random,18,-5.125999450683594e-06,0.004991054534912109,-0.0005203485488891602,0.017203330993652344,1.0,False
GraphSAGE,9,1.05,random,19,-0.00148773193359375,-0.005179166793823242,-0.00448298454284668,-0.0223311185836792,1.0,False
GATv2,101,0.95,gcia_morphology,-1,-0.005440205335617065,-0.09572911262512207,-0.02171158790588379,-0.015948057174682617,1.0,False
GATv2,101,0.95,random,0,0.003314763307571411,0.0072144269943237305,0.01470804214477539,0.02120828628540039,1.0,False
GATv2,101,0.95,random,1,0.0029086172580718994,-0.010365128517150879,-0.020521163940429688,0.022020697593688965,1.0,False
GATv2,101,0.95,random,2,-0.004086613655090332,0.00330507755279541,0.09627699851989746,-0.013880372047424316,1.0,False
GATv2,101,0.95,random,3,0.004461556673049927,-0.014785289764404297,-0.030150413513183594,-0.020123004913330078,1.0,False
GATv2,101,0.95,random,4,-0.0002212226390838623,0.01816880702972412,0.02943110466003418,0.0011529922485351562,1.0,False
GATv2,101,0.95,random,5,-0.0011727511882781982,-0.0008507966995239258,0.006608009338378906,0.01609194278717041,1.0,False
GATv2,101,0.95,random,6,-0.004484713077545166,-0.0012739896774291992,0.03988528251647949,0.004340171813964844,1.0,False
GATv2,101,0.95,random,7,-0.0018554627895355225,-0.00837254524230957,0.01774144172668457,0.001051187515258789,1.0,False
GATv2,101,0.95,random,8,-0.006402015686035156,-0.0041283369064331055,0.05823159217834473,-0.007012367248535156,1.0,False
GATv2,101,0.95,random,9,-0.0018517673015594482,-0.020390987396240234,0.011316299438476562,-0.02509629726409912,1.0,False
GATv2,101,0.95,random,10,-0.0018310546875,0.00931406021118164,-0.0018658638000488281,-0.024879097938537598,1.0,False
GATv2,101,0.95,random,11,-0.0010455846786499023,-0.016703486442565918,-0.024378061294555664,-0.008238077163696289,1.0,False
GATv2,101,0.95,random,12,-0.0029466748237609863,-0.0049533843994140625,-0.007765531539916992,0.001237034797668457,1.0,False
GATv2,101,0.95,random,13,-0.0014410018920898438,0.012584209442138672,0.04063296318054199,-0.026176810264587402,1.0,False
GATv2,101,0.95,random,14,-0.0012757480144500732,-0.013296127319335938,0.013490915298461914,-0.009221673011779785,1.0,False
GATv2,101,0.95,random,15,0.00020110607147216797,-0.0051267147064208984,0.009172201156616211,-0.007223844528198242,1.0,False
GATv2,101,0.95,random,16,0.002564668655395508,0.00042259693145751953,0.030795574188232422,0.0064972639083862305,1.0,False
GATv2,101,0.95,random,17,-0.0039491355419158936,-0.012873411178588867,0.008262872695922852,0.024022817611694336,1.0,False
GATv2,101,0.95,random,18,0.005346208810806274,0.008030891418457031,-0.04927372932434082,0.017135977745056152,1.0,False
GATv2,101,0.95,random,19,-0.00015056133270263672,0.009607195854187012,0.014222383499145508,-0.015034317970275879,1.0,False
GATv2,101,1.05,gcia_morphology,-1,0.0063897669315338135,0.09879684448242188,0.026697397232055664,0.013601422309875488,1.0,False
GATv2,101,1.05,random,0,0.0006304383277893066,0.000550389289855957,-0.06408286094665527,0.0004709959030151367,1.0,False
GATv2,101,1.05,random,1,-0.0002117753028869629,0.003266453742980957,0.0074121952056884766,-0.011368632316589355,1.0,False
GATv2,101,1.05,random,2,0.0030186474323272705,0.011527657508850098,0.04937291145324707,-0.01606881618499756,1.0,False
GATv2,101,1.05,random,3,0.0019717514514923096,0.007848620414733887,0.003799915313720703,-0.01016533374786377,1.0,False
GATv2,101,1.05,random,4,0.0020284056663513184,0.0012089014053344727,0.03781557083129883,-0.04442143440246582,1.0,False
GATv2,101,1.05,random,5,0.0035483837127685547,-0.0010737180709838867,-0.021826982498168945,0.012287020683288574,1.0,False
GATv2,101,1.05,random,6,-0.002223104238510132,-0.010823607444763184,0.002711057662963867,0.0017703771591186523,1.0,False
GATv2,101,1.05,random,7,0.0040770769119262695,0.0037567615509033203,-0.024258852005004883,-0.023299336433410645,1.0,False
GATv2,101,1.05,random,8,0.003420621156692505,0.021609187126159668,-0.005525827407836914,-0.016779422760009766,1.0,False
GATv2,101,1.05,random,9,0.000607907772064209,0.017934322357177734,0.014197111129760742,-0.005254983901977539,1.0,False
GATv2,101,1.05,random,10,0.004068046808242798,0.03154587745666504,-0.004926443099975586,0.03969132900238037,1.0,False
GATv2,101,1.05,random,11,0.0040617287158966064,-0.0011006593704223633,-0.04346346855163574,0.027801871299743652,1.0,False
GATv2,101,1.05,random,12,-0.00026810169219970703,-0.01752471923828125,-0.032354116439819336,0.03783011436462402,1.0,False
GATv2,101,1.05,random,13,0.003597050905227661,0.03124094009399414,-0.0012922286987304688,0.009181618690490723,1.0,False
GATv2,101,1.05,random,14,-0.0028144121170043945,-0.01483297348022461,0.014407873153686523,0.010845065116882324,1.0,False
GATv2,101,1.05,random,15,0.0013091862201690674,-0.007548928260803223,-0.009628772735595703,-0.020289063453674316,1.0,False
GATv2,101,1.05,random,16,-0.001773059368133545,0.004611968994140625,-0.001112222671508789,0.04169821739196777,1.0,False
GATv2,101,1.05,random,17,-0.0007949471473693848,0.002079010009765625,0.044365882873535156,-0.0026029348373413086,1.0,False
GATv2,101,1.05,random,18,0.0004639923572540283,-0.0010186433792114258,-0.03283333778381348,0.02129948139190674,1.0,False
GATv2,101,1.05,random,19,0.00530436635017395,0.028348922729492188,-0.011348962783813477,0.004293918609619141,1.0,False
GATv2,102,0.95,gcia_morphology,-1,-0.021358013153076172,-0.16615375876426697,-0.019959792494773865,-0.027531087398529053,1.0,False
GATv2,102,0.95,random,0,-0.0038862228393554688,-0.011742591857910156,0.01674288511276245,0.003276646137237549,1.0,False
GATv2,102,0.95,random,1,-0.0037660598754882812,-0.015861719846725464,0.010618209838867188,-0.003945380449295044,1.0,False
GATv2,102,0.95,random,2,0.0015369057655334473,0.00805199146270752,0.006618320941925049,0.0013664960861206055,1.0,False
GATv2,102,0.95,random,3,-0.004726409912109375,-0.029892832040786743,-0.011207446455955505,-0.0007658898830413818,1.0,False
GATv2,102,0.95,random,4,0.0005224943161010742,-0.0012363195419311523,-0.01454879343509674,0.033754438161849976,1.0,False
GATv2,102,0.95,random,5,-0.0029374361038208008,-0.0019001662731170654,-6.920099258422852e-05,-0.00232541561126709,1.0,False
GATv2,102,0.95,random,6,0.0020684003829956055,0.012347400188446045,-0.004843413829803467,-0.00038358569145202637,1.0,False
GATv2,102,0.95,random,7,-0.0023844242095947266,-0.010198831558227539,-0.0033420324325561523,0.0011847615242004395,1.0,False
GATv2,102,0.95,random,8,-0.0027865171432495117,-0.01543322205543518,0.07644334435462952,-0.034507423639297485,1.0,False
GATv2,102,0.95,random,9,-0.0009143352508544922,-0.007687658071517944,-0.015121325850486755,3.3468008041381836e-05,1.0,False
GATv2,102,0.95,random,10,-0.0010142326354980469,0.007653355598449707,0.053061455488204956,-0.02400684356689453,1.0,False
GATv2,102,0.95,random,11,-0.00417858362197876,-0.014562904834747314,-0.012064501643180847,0.019802361726760864,1.0,False
GATv2,102,0.95,random,12,0.00030863285064697266,-0.0014626383781433105,0.010135561227798462,0.0005278587341308594,1.0,False
GATv2,102,0.95,random,13,-0.004112362861633301,-0.017410308122634888,0.020997196435928345,-0.009278714656829834,1.0,False
GATv2,102,0.95,random,14,-0.0015991926193237305,0.004863560199737549,-0.020690783858299255,0.007029354572296143,1.0,False
GATv2,102,0.95,random,15,-0.002377629280090332,-0.012728631496429443,0.01007765531539917,-0.023472577333450317,1.0,False
GATv2,102,0.95,random,16,0.00044095516204833984,-0.007954955101013184,-0.031525298953056335,0.029195815324783325,1.0,False
GATv2,102,0.95,random,17,0.0023766160011291504,0.022017717361450195,0.014031440019607544,0.00898405909538269,1.0,False
GATv2,102,0.95,random,18,0.001935422420501709,0.015668123960494995,0.0005093812942504883,-0.0013286769390106201,1.0,False
GATv2,102,0.95,random,19,-0.0013880729675292969,-0.01106959581375122,-0.000894695520401001,-0.0014047026634216309,1.0,False
GATv2,102,1.05,gcia_morphology,-1,0.02065253257751465,0.16601219773292542,0.01854044198989868,0.02668139338493347,1.0,False
GATv2,102,1.05,random,0,0.003891885280609131,0.009236335754394531,-0.008914783596992493,-0.010386139154434204,1.0,False
GATv2,102,1.05,random,1,0.0006641149520874023,0.011473983526229858,-0.016120240092277527,-0.011709719896316528,1.0,False
GATv2,102,1.05,random,2,-0.0029693245887756348,-0.02279418706893921,-0.014847859740257263,-0.0019094645977020264,1.0,False
GATv2,102,1.05,random,3,0.003343045711517334,0.004260718822479248,-0.0037490427494049072,0.02040591835975647,1.0,False
GATv2,102,1.05,random,4,0.004424095153808594,0.02438056468963623,-0.012840792536735535,0.0024543702602386475,1.0,False
GATv2,102,1.05,random,5,-0.0005651116371154785,-0.0030409693717956543,0.05805021524429321,-0.00863698124885559,1.0,False
GATv2,102,1.05,random,6,-0.0031824707984924316,-0.025170981884002686,0.02588832378387451,0.006853759288787842,1.0,False
GATv2,102,1.05,random,7,0.0005552172660827637,0.024580717086791992,-0.003201097249984741,-0.008795768022537231,1.0,False
GATv2,102,1.05,random,8,-0.0006783604621887207,-0.0059201717376708984,0.009556323289871216,-0.008638441562652588,1.0,False
GATv2,102,1.05,random,9,-0.00229489803314209,-0.017139732837677002,0.0029628872871398926,-0.019576340913772583,1.0,False
GATv2,102,1.05,random,10,0.002604663372039795,0.012382090091705322,0.007753849029541016,-0.007492184638977051,1.0,False
GATv2,102,1.05,random,11,-0.004158496856689453,-0.01852130889892578,0.029985904693603516,-0.0009251534938812256,1.0,False
GATv2,102,1.05,random,12,0.002622842788696289,0.013005465269088745,-0.011890009045600891,0.016547352075576782,1.0,False
GATv2,102,1.05,random,13,0.0016590356826782227,0.0121212899684906,0.0007238984107971191,-0.002578556537628174,1.0,False
GATv2,102,1.05,random,14,0.00048679113388061523,0.00033029913902282715,-0.0027346909046173096,-0.0025153756141662598,1.0,False
GATv2,102,1.05,random,15,0.0013346076011657715,0.0020630359649658203,-0.03073696792125702,0.011804282665252686,1.0,False
GATv2,102,1.05,random,16,-0.0011612176895141602,0.005239129066467285,0.022402971982955933,-0.014822989702224731,1.0,False
GATv2,102,1.05,random,17,-0.001286149024963379,-0.01256677508354187,0.01293829083442688,0.01341480016708374,1.0,False
GATv2,102,1.05,random,18,-0.0003541111946105957,-0.006015509366989136,-0.009670481085777283,0.01842018961906433,1.0,False
GATv2,102,1.05,random,19,0.0011540651321411133,0.0057909488677978516,0.03186032176017761,-0.019856661558151245,1.0,False
GATv2,106,0.95,gcia_morphology,-1,-0.01962888240814209,-0.15752533078193665,-0.023199215531349182,-0.03040541708469391,1.0,False
GATv2,106,0.95,random,0,0.0001881122589111328,-0.003241211175918579,0.008653879165649414,-0.013503745198249817,1.0,False
GATv2,106,0.95,random,1,-0.0018153190612792969,-0.006945312023162842,-0.020194590091705322,0.01691797375679016,1.0,False
GATv2,106,0.95,random,2,-0.0007101297378540039,-0.00321921706199646,0.02114461362361908,0.007697016000747681,0.998774528503418,False
GATv2,106,0.95,random,3,-0.001097559928894043,-0.004672259092330933,0.014728322625160217,0.004317000508308411,1.0,False
GATv2,106,0.95,random,4,0.0004776120185852051,-0.001964002847671509,-0.010095477104187012,0.009273737668991089,1.0,False
GATv2,106,0.95,random,5,0.0004935860633850098,0.000317305326461792,-0.009126842021942139,0.005720451474189758,1.0,False
GATv2,106,0.95,random,6,-0.0020765066146850586,-0.011542290449142456,0.000579535961151123,-0.005857214331626892,1.0,False
GATv2,106,0.95,random,7,-0.0015073418617248535,-0.009456008672714233,0.03792412579059601,-0.026607051491737366,0.998774528503418,False
GATv2,106,0.95,random,8,-0.0002735257148742676,-0.002542644739151001,-0.02170713245868683,0.01682993769645691,1.0,False
GATv2,106,0.95,random,9,0.0008657574653625488,0.01398417353630066,-0.015642032027244568,0.015242159366607666,0.998774528503418,False
GATv2,106,0.95,random,10,0.0010908842086791992,-0.000983506441116333,-0.007988139986991882,-0.00399412214756012,1.0,False
GATv2,106,0.95,random,11,-0.0013692378997802734,-0.01079210638999939,-0.012724310159683228,0.018484577536582947,1.0,False
GATv2,106,0.95,random,12,-0.0012197494506835938,-0.007979422807693481,-0.005174785852432251,-0.0076859742403030396,1.0,False
GATv2,106,0.95,random,13,0.002697587013244629,0.011884868144989014,0.000428125262260437,-0.01966695487499237,1.0,False
GATv2,106,0.95,random,14,0.0004725456237792969,0.006696105003356934,-0.028749987483024597,0.01534019410610199,1.0,False
GATv2,106,0.95,random,15,-0.0013405680656433105,-0.0003097057342529297,-0.0019308477640151978,0.0033181309700012207,1.0,False
GATv2,106,0.95,random,16,0.001953423023223877,0.00382426381111145,-0.024722784757614136,0.019993558526039124,1.0,False
GATv2,106,0.95,random,17,0.0009970664978027344,0.0041168928146362305,0.0021343082189559937,0.003045022487640381,1.0,False
GATv2,106,0.95,random,18,-8.130073547363281e-05,0.005152314901351929,0.007107391953468323,0.0037808865308761597,1.0,False
GATv2,106,0.95,random,19,-0.0008356571197509766,0.0011991560459136963,0.00733792781829834,0.0076113492250442505,0.998774528503418,False
GATv2,106,1.05,gcia_morphology,-1,0.01906728744506836,0.15789669752120972,0.02415849268436432,0.03037579357624054,1.0,False
GATv2,106,1.05,random,0,0.0030118823051452637,0.01801431179046631,-0.01179148256778717,0.010876074433326721,1.0,False
GATv2,106,1.05,random,1,-0.0001176595687866211,0.002395808696746826,0.011037245392799377,0.0012569278478622437,1.0,False
GATv2,106,1.05,random,2,0.0006192326545715332,-0.001387566328048706,-0.014720991253852844,0.011043116450309753,0.998774528503418,False
GATv2,106,1.05,random,3,-0.00023418664932250977,-0.004848301410675049,-0.007074818015098572,-0.004097849130630493,1.0,False
GATv2,106,1.05,random,4,5.8650970458984375e-05,0.0034328997135162354,0.01667959988117218,-0.00813893973827362,1.0,False
GATv2,106,1.05,random,5,-0.0001620650291442871,0.004071325063705444,0.005411505699157715,-0.016786381602287292,1.0,False
GATv2,106,1.05,random,6,-5.936622619628906e-05,0.012522965669631958,0.008731335401535034,-0.002452060580253601,1.0,False
GATv2,106,1.05,random,7,-0.0012224316596984863,-0.006997823715209961,0.024047330021858215,-0.012075677514076233,1.0,False
GATv2,106,1.05,random,8,-0.0013715624809265137,-0.012001067399978638,-0.027046561241149902,0.008187755942344666,1.0,False
GATv2,106,1.05,random,9,0.00042062997817993164,0.006869107484817505,-0.009707421064376831,0.010003626346588135,1.0,False
GATv2,106,1.05,random,10,0.0003027915954589844,-0.0009367763996124268,0.018567845225334167,-0.013389483094215393,1.0,False
GATv2,106,1.05,random,11,0.0021352767944335938,0.01572871208190918,-0.015452533960342407,0.010883226990699768,1.0,False
GATv2,106,1.05,random,12,-0.0007878541946411133,0.006650209426879883,0.009233534336090088,-0.004944205284118652,1.0,False
GATv2,106,1.05,random,13,0.0010526180267333984,0.0089091956615448,2.078711986541748e-05,-0.011391803622245789,1.0,False
GATv2,106,1.05,random,14,0.0016110539436340332,0.01150500774383545,-0.00016103684902191162,-0.018720343708992004,1.0,False
GATv2,106,1.05,random,15,-0.0009082555770874023,-0.00842335820198059,-0.003204822540283203,0.006169453263282776,1.0,False
GATv2,106,1.05,random,16,-2.6226043701171875e-05,-0.005450040102005005,-0.023771166801452637,-0.00021666288375854492,1.0,False
GATv2,106,1.05,random,17,0.0008051395416259766,-0.0009705424308776855,-0.02931848168373108,0.023922786116600037,1.0,False
GATv2,106,1.05,random,18,0.00232851505279541,0.015119850635528564,-0.00030049681663513184,0.003336980938911438,1.0,False
GATv2,106,1.05,random,19,-0.0007007122039794922,0.005724698305130005,0.0010292381048202515,0.004750341176986694,1.0,False
GATv2,118,0.95,gcia_morphology,-1,-0.012675046920776367,-0.13745072484016418,-0.013305902481079102,-0.04602789878845215,1.0,False
GATv2,118,0.95,random,0,0.0005016922950744629,-0.006384760141372681,0.001485288143157959,-0.009374499320983887,1.0,False
GATv2,118,0.95,random,1,-0.0001392960548400879,-0.005997151136398315,-0.007418006658554077,0.01960742473602295,1.0,False
GATv2,118,0.95,random,2,-0.0009424686431884766,-0.008817344903945923,0.008292078971862793,-0.02119147777557373,1.0,False
GATv2,118,0.95,random,3,-0.003594040870666504,-0.022767245769500732,-0.013818025588989258,0.010784804821014404,1.0,False
GATv2,118,0.95,random,4,-0.0016671419143676758,0.0024869441986083984,0.026438027620315552,-0.012832581996917725,1.0,False
GATv2,118,0.95,random,5,-0.0023821592330932617,0.0007611215114593506,0.013053566217422485,0.032510995864868164,1.0,False
GATv2,118,0.95,random,6,-0.003079831600189209,-0.017849743366241455,0.02017912268638611,-0.013195514678955078,1.0,False
GATv2,118,0.95,random,7,-0.00022041797637939453,-0.0022065937519073486,0.043399304151535034,-0.02539694309234619,1.0,False
GATv2,118,0.95,random,8,0.0008980035781860352,-0.0030021369457244873,-0.017743438482284546,0.032724976539611816,1.0,False
GATv2,118,0.95,random,9,-1.4126300811767578e-05,0.019628018140792847,0.02635979652404785,-0.022951126098632812,1.0,False
GATv2,118,0.95,random,10,0.0005265474319458008,0.0011045634746551514,-0.035469383001327515,-0.005001068115234375,1.0,False
GATv2,118,0.95,random,11,-4.3511390686035156e-05,-0.006812393665313721,0.015069395303726196,-0.005487024784088135,1.0,False
GATv2,118,0.95,random,12,-0.0010834932327270508,-0.00417780876159668,-0.029238104820251465,0.005896866321563721,1.0,False
GATv2,118,0.95,random,13,-0.0010128617286682129,-0.0029412806034088135,0.0010657310485839844,0.04343074560165405,1.0,False
GATv2,118,0.95,random,14,0.0014175772666931152,0.010988801717758179,0.00045412778854370117,-0.0029039382934570312,1.0,False
GATv2,118,0.95,random,15,8.016824722290039e-05,0.0033753514289855957,-0.04345756769180298,0.02823859453201294,1.0,False
GATv2,118,0.95,random,16,0.0008116960525512695,0.008538514375686646,0.006351351737976074,-0.03262275457382202,1.0,False
GATv2,118,0.95,random,17,0.001997232437133789,-0.0021248459815979004,-0.001136481761932373,0.006602585315704346,1.0,False
GATv2,118,0.95,random,18,0.004336118698120117,0.013406038284301758,-0.017368078231811523,0.00263059139251709,1.0,False
GATv2,118,0.95,random,19,0.001859128475189209,0.010606855154037476,0.01094624400138855,-0.005195736885070801,1.0,False
GATv2,118,1.05,gcia_morphology,-1,0.012642323970794678,0.13229286670684814,0.014482676982879639,0.043915390968322754,1.0,False
GATv2,118,1.05,random,0,-0.00046640634536743164,0.006937474012374878,0.02815648913383484,-0.0009708404541015625,1.0,False
GATv2,118,1.05,random,1,-0.000564277172088623,-0.0074159204959869385,-0.03361058235168457,-0.00048279762268066406,1.0,False
GATv2,118,1.05,random,2,-3.993511199951172e-06,-0.023522168397903442,-0.011278778314590454,-0.01342684030532837,1.0,False
GATv2,118,1.05,random,3,-0.00016766786575317383,-0.012135714292526245,-0.04124718904495239,0.0015749335289001465,1.0,False
GATv2,118,1.05,random,4,0.0010376572608947754,0.00781276822090149,0.005299508571624756,-0.0018445849418640137,1.0,False
GATv2,118,1.05,random,5,-0.0013781189918518066,0.0011446774005889893,-0.015048325061798096,0.010316610336303711,1.0,False
GATv2,118,1.05,random,6,0.002114593982696533,0.015748411417007446,0.003199934959411621,0.011089146137237549,1.0,False
GATv2,118,1.05,random,7,0.0013963580131530762,0.020736485719680786,0.012434780597686768,0.01386880874633789,1.0,False
GATv2,118,1.05,random,8,-0.0018447041511535645,-0.010987937450408936,-0.04621654748916626,0.01406317949295044,1.0,False
GATv2,118,1.05,random,9,-5.0961971282958984e-05,-0.00874510407447815,-0.0030194520950317383,-0.01481771469116211,1.0,False
GATv2,118,1.05,random,10,0.001747429370880127,-0.0075435638427734375,0.005742669105529785,-0.010978758335113525,1.0,False
GATv2,118,1.05,random,11,-0.00141984224319458,-0.0018552839756011963,-0.023227035999298096,0.01988351345062256,1.0,False
GATv2,118,1.05,random,12,0.004149377346038818,0.012937068939208984,0.005070924758911133,-0.012089312076568604,1.0,False
GATv2,118,1.05,random,13,0.0008555054664611816,0.005044430494308472,0.01339268684387207,0.001674950122833252,1.0,False
GATv2,118,1.05,random,14,-0.0009855031967163086,-0.013668179512023926,0.020535826683044434,-0.02562958002090454,1.0,False
GATv2,118,1.05,random,15,-0.0008481144905090332,-0.010756045579910278,0.017487794160842896,-0.024270296096801758,1.0,False
GATv2,118,1.05,random,16,-0.0005984306335449219,-0.022330552339553833,0.01947227120399475,0.012696623802185059,1.0,False
GATv2,118,1.05,random,17,-0.0015224814414978027,0.004193484783172607,-0.0036458373069763184,0.005068838596343994,1.0,False
GATv2,118,1.05,random,18,-0.000661313533782959,-0.008881241083145142,0.004811406135559082,0.011555850505828857,1.0,False
GATv2,118,1.05,random,19,-0.003053903579711914,-0.01658034324645996,-0.0062642693519592285,-0.00987023115158081,1.0,False
GATv2,120,0.95,gcia_morphology,-1,-0.02171948552131653,-0.1459585577249527,-0.010224461555480957,-0.016043812036514282,1.0,False
GATv2,120,0.95,random,0,-0.00026166439056396484,0.008836403489112854,-7.742643356323242e-05,0.009363561868667603,1.0,False
GATv2,120,0.95,random,1,-0.00026112794876098633,0.005477402359247208,0.018517762422561646,-0.03280156850814819,1.0,False
GATv2,120,0.95,random,2,0.0026004910469055176,0.014473043382167816,0.01540607213973999,-0.008164256811141968,1.0,False
GATv2,120,0.95,random,3,-0.0014317035675048828,-0.005213644355535507,-0.01527339220046997,0.002149224281311035,1.0,False
GATv2,120,0.95,random,4,0.0007125735282897949,0.006014883518218994,0.015961110591888428,0.008968353271484375,1.0,False
GATv2,120,0.95,random,5,0.00024002790451049805,-0.0027235448360443115,0.021441608667373657,-0.007010400295257568,1.0,False
GATv2,120,0.95,random,6,0.001779317855834961,-0.0036093518137931824,-0.011962354183197021,0.018932074308395386,1.0,False
GATv2,120,0.95,random,7,-0.0004781782627105713,-0.006688639521598816,0.013232231140136719,0.0008489489555358887,1.0,False
GATv2,120,0.95,random,8,0.00014835596084594727,0.003282066434621811,-0.0006453394889831543,0.011939078569412231,1.0,False
GATv2,120,0.95,random,9,-3.0517578125e-05,-0.004897039383649826,-0.006074279546737671,0.0025200843811035156,1.0,False
GATv2,120,0.95,random,10,0.003091186285018921,0.022696562111377716,0.009777218103408813,-0.013713181018829346,1.0,False
GATv2,120,0.95,random,11,-0.0021524429321289062,-0.011739633977413177,-0.008502930402755737,-0.011370360851287842,1.0,False
GATv2,120,0.95,random,12,-0.0034073591232299805,-0.010997168719768524,0.01706176996231079,-0.012075066566467285,1.0,False
GATv2,120,0.95,random,13,0.00022220611572265625,0.004491150379180908,-0.013983190059661865,-0.00029096007347106934,1.0,False
GATv2,120,0.95,random,14,0.0008240342140197754,-0.0065904706716537476,-0.03456658124923706,0.011212706565856934,1.0,False
GATv2,120,0.95,random,15,-0.0027975142002105713,-0.013739049434661865,0.008501440286636353,-0.0032706260681152344,1.0,False
GATv2,120,0.95,random,16,0.0006241798400878906,-0.004640594124794006,0.01339423656463623,-0.004180431365966797,1.0,False
GATv2,120,0.95,random,17,-0.0008504986763000488,-0.011890634894371033,-0.0031428933143615723,-0.0007225275039672852,1.0,False
GATv2,120,0.95,random,18,0.0015476644039154053,0.002500079572200775,0.020209074020385742,0.0073795318603515625,1.0,False
GATv2,120,0.95,random,19,-0.00146406888961792,-0.00295151025056839,0.012234300374984741,0.002843141555786133,1.0,False
GATv2,120,1.05,gcia_morphology,-1,0.02229425311088562,0.1486695408821106,0.013144910335540771,0.014786392450332642,1.0,False
GATv2,120,1.05,random,0,0.00010514259338378906,0.0081961490213871,0.006951451301574707,-0.007804691791534424,1.0,False
GATv2,120,1.05,random,1,0.0014726817607879639,0.0068746209144592285,0.012666285037994385,0.005430400371551514,1.0,False
GATv2,120,1.05,random,2,-0.001368790864944458,-0.01108289510011673,0.01830148696899414,-0.005116909742355347,1.0,False
GATv2,120,1.05,random,3,-0.0023046135902404785,-0.002643592655658722,0.01813727617263794,-0.005117058753967285,1.0,False
GATv2,120,1.05,random,4,0.0013353824615478516,0.009158216416835785,-0.009778857231140137,-0.009018927812576294,1.0,False
GATv2,120,1.05,random,5,4.947185516357422e-06,7.320940494537354e-05,-0.021767407655715942,0.009233951568603516,1.0,False
GATv2,120,1.05,random,6,-0.00018596649169921875,-0.007575087249279022,0.005508542060852051,-0.00349310040473938,1.0,False
GATv2,120,1.05,random,7,-0.001372009515762329,-0.00032914429903030396,0.013744562864303589,-0.012737929821014404,1.0,False
GATv2,120,1.05,random,8,-0.0014743804931640625,-0.0029990822076797485,0.014980137348175049,-3.159046173095703e-06,1.0,False
GATv2,120,1.05,random,9,-0.0012241005897521973,-0.001530371606349945,-0.002747774124145508,0.014292210340499878,1.0,False
GATv2,120,1.05,random,10,-0.004044562578201294,-0.012068316340446472,0.028177201747894287,-0.019739985466003418,1.0,False
GATv2,120,1.05,random,11,-0.0015348494052886963,-0.0029511749744415283,-0.003709077835083008,0.008196771144866943,1.0,False
GATv2,120,1.05,random,12,-0.002045154571533203,-0.00963706523180008,0.012212216854095459,0.0010904669761657715,1.0,False
GATv2,120,1.05,random,13,0.0003826618194580078,0.01007707417011261,0.0031335055828094482,-0.01894506812095642,1.0,False
GATv2,120,1.05,random,14,-0.004619777202606201,-0.020228467881679535,0.03871569037437439,-0.02412775158882141,1.0,False
GATv2,120,1.05,random,15,0.0025387704372406006,0.009233176708221436,-0.004478335380554199,0.010174572467803955,1.0,False
GATv2,120,1.05,random,16,-0.0025458335876464844,-0.006235472857952118,0.014926731586456299,-0.00589066743850708,1.0,False
GATv2,120,1.05,random,17,-0.0012925267219543457,0.0005115121603012085,0.00994873046875,-0.005364894866943359,1.0,False
GATv2,120,1.05,random,18,0.0019733309745788574,0.00420033186674118,-0.02043086290359497,0.005546271800994873,1.0,False
GATv2,120,1.05,random,19,0.001401364803314209,0.0073117464780807495,0.003491044044494629,0.006007254123687744,1.0,False
GATv2,124,0.95,gcia_morphology,-1,-0.011921167373657227,-0.12538543343544006,-0.01633492112159729,-0.004859253764152527,1.0,False
GATv2,124,0.95,random,0,-0.0007316470146179199,-0.003131687641143799,0.004484087228775024,0.01159629225730896,1.0,False
GATv2,124,0.95,random,1,-0.0005906224250793457,-0.006761312484741211,0.01864418387413025,-0.0017511248588562012,1.0,False
GATv2,124,0.95,random,2,0.00020754337310791016,0.0064713358879089355,-0.012706756591796875,0.01076611876487732,1.0,False
GATv2,124,0.95,random,3,3.784894943237305e-05,-0.0008890330791473389,-0.012845784425735474,0.008804872632026672,1.0,False
GATv2,124,0.95,random,4,-0.0003954768180847168,-0.006082296371459961,0.004052549600601196,-0.006164036691188812,1.0,False
GATv2,124,0.95,random,5,0.0007967352867126465,0.0011025667190551758,0.014528125524520874,-0.0044601187109947205,1.0,False
GATv2,124,0.95,random,6,9.72747802734375e-05,-0.003939449787139893,0.0005422532558441162,-0.005425587296485901,1.0,False
GATv2,124,0.95,random,7,3.5762786865234375e-07,-0.0059060752391815186,-0.020222514867782593,-0.002326555550098419,1.0,False
GATv2,124,0.95,random,8,-0.000659942626953125,-0.00017306208610534668,-0.005735635757446289,0.008915655314922333,1.0,False
GATv2,124,0.95,random,9,0.0010536909103393555,0.0037684738636016846,-0.014304101467132568,5.422532558441162e-05,1.0,False
GATv2,124,0.95,random,10,0.0010325312614440918,0.005158811807632446,0.01495930552482605,-0.007349096238613129,1.0,False
GATv2,124,0.95,random,11,-3.7610530853271484e-05,-0.004563093185424805,0.010890096426010132,0.007288523018360138,1.0,False
GATv2,124,0.95,random,12,-0.0011779069900512695,-0.011953026056289673,-0.009237736463546753,0.012139461934566498,1.0,False
GATv2,124,0.95,random,13,0.0004086494445800781,-0.0007064640522003174,-0.0075178444385528564,-0.01099742203950882,1.0,False
GATv2,124,0.95,random,14,0.0002993941307067871,0.0012808740139007568,0.005807667970657349,-0.01607857644557953,1.0,False
GATv2,124,0.95,random,15,-0.0008431077003479004,-0.0033046305179595947,0.0002313554286956787,0.008933968842029572,1.0,False
GATv2,124,0.95,random,16,-0.001288771629333496,-0.008588731288909912,0.0055961012840271,0.0022500380873680115,1.0,False
GATv2,124,0.95,random,17,0.00019037723541259766,-0.0007427632808685303,-0.0028745830059051514,0.0010439902544021606,1.0,False
GATv2,124,0.95,random,18,-0.0005113482475280762,0.001729339361190796,0.013147234916687012,-0.0025291889905929565,1.0,False
GATv2,124,0.95,random,19,-1.817941665649414e-05,0.0024729371070861816,-0.0018840134143829346,0.000539042055606842,1.0,False
GATv2,124,1.05,gcia_morphology,-1,0.01294177770614624,0.12776827812194824,0.016425669193267822,0.006349094212055206,1.0,False
GATv2,124,1.05,random,0,-0.000678718090057373,-0.0066658854484558105,0.004753798246383667,-0.00850766897201538,1.0,False
GATv2,124,1.05,random,1,-0.0008438825607299805,-0.009268224239349365,0.007519960403442383,-0.010488532483577728,1.0,False
GATv2,124,1.05,random,2,0.0016760826110839844,0.010466337203979492,0.013473868370056152,-0.013169802725315094,1.0,False
GATv2,124,1.05,random,3,0.0017173290252685547,0.011776149272918701,-0.022405117750167847,0.006672285497188568,1.0,False
GATv2,124,1.05,random,4,-2.5033950805664062e-05,3.7729740142822266e-05,0.0035941004753112793,0.0025475770235061646,1.0,False
GATv2,124,1.05,random,5,-0.0014846324920654297,-0.007110923528671265,-0.006647050380706787,0.010879524052143097,1.0,False
GATv2,124,1.05,random,6,0.0007295012474060059,0.005401730537414551,-0.0029311776161193848,0.002385370433330536,1.0,False
GATv2,124,1.05,random,7,4.482269287109375e-05,-0.005618244409561157,-0.007491856813430786,0.008000291883945465,1.0,False
GATv2,124,1.05,random,8,0.0006972551345825195,0.004035502672195435,0.01018497347831726,0.0018352046608924866,1.0,False
GATv2,124,1.05,random,9,-0.0010831356048583984,-0.006450295448303223,0.0084151029586792,-0.008140020072460175,1.0,False
GATv2,124,1.05,random,10,5.835294723510742e-05,0.0023533999919891357,0.011455684900283813,0.008333943784236908,1.0,False
GATv2,124,1.05,random,11,-1.9550323486328125e-05,-0.00035831332206726074,0.005677253007888794,-0.006773032248020172,1.0,False
GATv2,124,1.05,random,12,0.0004442930221557617,-0.0017229020595550537,-0.013158351182937622,0.019340164959430695,1.0,False
GATv2,124,1.05,random,13,0.0006117820739746094,0.0038991570472717285,0.007646828889846802,-0.006661511957645416,1.0,False
GATv2,124,1.05,random,14,-2.0325183868408203e-05,-0.002506852149963379,-0.004890382289886475,-0.0024307742714881897,1.0,False
GATv2,124,1.05,random,15,-0.0005568265914916992,0.005538731813430786,0.008517742156982422,-0.001958988606929779,1.0,False
GATv2,124,1.05,random,16,-0.00035178661346435547,-0.0029619336128234863,-0.0022131800651550293,0.0034420713782310486,1.0,False
GATv2,124,1.05,random,17,0.0018262863159179688,0.009290486574172974,-0.0005220770835876465,-0.0053374916315078735,1.0,False
GATv2,124,1.05,random,18,0.0016036033630371094,0.0099087655544281,-0.0022820234298706055,-0.013903893530368805,1.0,False
GATv2,124,1.05,random,19,0.0003642439842224121,0.0010759532451629639,-0.003802657127380371,-0.002403736114501953,1.0,False
GATv2,132,0.95,gcia_morphology,-1,-0.015054166316986084,-0.14533424377441406,-0.029911786317825317,-0.0442376583814621,0.9972527623176575,False
GATv2,132,0.95,random,0,0.0004527568817138672,0.009864918887615204,-0.0020685940980911255,0.013104759156703949,0.9986263513565063,False
GATv2,132,0.95,random,1,0.0003409087657928467,0.011918336153030396,-0.0005521476268768311,0.02873348444700241,0.9972527623176575,False
GATv2,132,0.95,random,2,0.0005715489387512207,0.005655139684677124,0.016968637704849243,-0.0069242119789123535,0.9958791136741638,False
GATv2,132,0.95,random,3,-0.0027021467685699463,-0.012558922171592712,-0.0037848204374313354,-0.012207455933094025,0.9972527623176575,False
GATv2,132,0.95,random,4,-0.000855863094329834,-0.004805266857147217,-0.027168378233909607,0.006836973130702972,0.9945054650306702,False
GATv2,132,0.95,random,5,-0.00013840198516845703,-0.005870059132575989,0.007961466908454895,-0.014754749834537506,0.9958791136741638,False
GATv2,132,0.95,random,6,0.0019867420196533203,0.02112662047147751,0.023640766739845276,-0.011744268238544464,0.9958791136741638,False
GATv2,132,0.95,random,7,0.0019552409648895264,0.014575108885765076,0.019574791193008423,0.005273930728435516,0.9958791136741638,False
GATv2,132,0.95,random,8,-0.0003694593906402588,-0.021544411778450012,-0.007618322968482971,0.009812206029891968,0.9972527623176575,False
GATv2,132,0.95,random,9,0.000644981861114502,0.002551056444644928,0.01460939645767212,0.00196819007396698,0.9972527623176575,False
GATv2,132,0.95,random,10,0.002319514751434326,0.008174225687980652,-0.01610735058784485,-0.0012496411800384521,0.9972527623176575,False
GATv2,132,0.95,random,11,-0.002637416124343872,-0.025042161345481873,0.002123787999153137,-0.010897785425186157,0.9972527623176575,False
GATv2,132,0.95,random,12,-0.0014883875846862793,-0.01025768369436264,-0.011423557996749878,-0.007364124059677124,0.9958791136741638,False
GATv2,132,0.95,random,13,-0.0006572604179382324,0.007886476814746857,0.03171646595001221,-0.02179284393787384,0.9945054650306702,False
GATv2,132,0.95,random,14,-0.0030313432216644287,-0.015514448285102844,-0.017787545919418335,-0.000357605516910553,0.9945054650306702,False
GATv2,132,0.95,random,15,-0.0007972121238708496,-0.0007666945457458496,0.00806666910648346,-0.010971315205097198,0.9945054650306702,False
GATv2,132,0.95,random,16,0.000686347484588623,0.00710006058216095,-0.0179082453250885,0.006572410464286804,0.9958791136741638,False
GATv2,132,0.95,random,17,-0.00259554386138916,-0.015366807579994202,0.02367427945137024,-0.010704673826694489,0.9958791136741638,False
GATv2,132,0.95,random,18,0.001529097557067871,0.00014184415340423584,0.00931859016418457,-0.006534174084663391,0.9958791136741638,False
GATv2,132,0.95,random,19,0.0013096928596496582,0.005598768591880798,-0.023230791091918945,0.022144779562950134,0.9972527623176575,False
GATv2,132,1.05,gcia_morphology,-1,0.016040772199630737,0.1449027955532074,0.03370678424835205,0.04158290475606918,0.9972527623176575,False
GATv2,132,1.05,random,0,-0.0007116198539733887,0.0007598474621772766,0.008865147829055786,-0.007161177694797516,0.9958791136741638,False
GATv2,132,1.05,random,1,0.0014856457710266113,0.005695819854736328,-0.013869240880012512,0.01320561021566391,0.9972527623176575,False
GATv2,132,1.05,random,2,-0.0008548498153686523,-0.008227728307247162,-0.03067919611930847,0.019009627401828766,0.9958791136741638,False
GATv2,132,1.05,random,3,0.0025450587272644043,0.006863124668598175,0.02578793466091156,0.0005805939435958862,0.9972527623176575,False
GATv2,132,1.05,random,4,0.0013628602027893066,0.011269494891166687,0.016905009746551514,0.01802918314933777,0.9958791136741638,False
GATv2,132,1.05,random,5,-0.0008530020713806152,-0.010995343327522278,0.009272396564483643,-0.011428125202655792,0.9972527623176575,False
GATv2,132,1.05,random,6,0.001494288444519043,0.007247164845466614,-0.0015034973621368408,-0.006107702851295471,0.9972527623176575,False
GATv2,132,1.05,random,7,-0.003194957971572876,-0.0023642629384994507,0.02630552649497986,-0.007438622415065765,0.9958791136741638,False
GATv2,132,1.05,random,8,-0.002304375171661377,-0.011462301015853882,0.02297884225845337,-0.0005176588892936707,0.9945054650306702,False
GATv2,132,1.05,random,9,0.0005638301372528076,-0.005709752440452576,0.0021222680807113647,-0.004822112619876862,0.9972527623176575,False
GATv2,132,1.05,random,10,-0.001600027084350586,-0.016608119010925293,-0.023367375135421753,0.021778814494609833,0.9972527623176575,False
GATv2,132,1.05,random,11,0.0004119873046875,0.014797613024711609,0.020577043294906616,0.007025338709354401,0.9958791136741638,False
GATv2,132,1.05,random,12,-0.00017726421356201172,0.003873951733112335,0.017478466033935547,0.016951613128185272,0.9945054650306702,False
GATv2,132,1.05,random,13,0.001963794231414795,0.00266420841217041,-0.011380106210708618,0.002338029444217682,0.9972527623176575,False
GATv2,132,1.05,random,14,4.947185516357422e-06,0.005317866802215576,0.03534552454948425,-0.014807157218456268,0.9958791136741638,False
GATv2,132,1.05,random,15,-0.000362396240234375,-0.00446571409702301,-0.0033956170082092285,-0.0072248876094818115,0.9958791136741638,False
GATv2,132,1.05,random,16,0.0025489628314971924,0.013498172163963318,-0.004760712385177612,0.017107538878917694,0.9958791136741638,False
GATv2,132,1.05,random,17,-0.0011724233627319336,-0.01055891066789627,0.005777478218078613,-0.011755764484405518,0.9958791136741638,False
GATv2,132,1.05,random,18,0.00036525726318359375,-0.0038225576281547546,0.002034619450569153,-0.01637544482946396,0.9958791136741638,False
GATv2,132,1.05,random,19,-0.000877678394317627,-0.011916026473045349,-0.010379642248153687,-0.013724595308303833,0.9972527623176575,False
GATv2,144,0.95,gcia_morphology,-1,-0.011148989200592041,-0.27170252799987793,-0.014945924282073975,-0.04352661967277527,1.0,False
GATv2,144,0.95,random,0,-0.0004050135612487793,-0.0006165504455566406,-0.009959548711776733,-0.029937446117401123,1.0,False
GATv2,144,0.95,random,1,-0.0008990168571472168,-0.013156890869140625,0.01791161298751831,0.0032190680503845215,1.0,False
GATv2,144,0.95,random,2,-0.0005380511283874512,7.104873657226562e-05,-0.017000004649162292,-0.022389888763427734,1.0,False
GATv2,144,0.95,random,3,-0.0003643631935119629,-0.008243322372436523,-0.030136719346046448,0.002259492874145508,1.0,False
GATv2,144,0.95,random,4,0.0012120604515075684,0.026986360549926758,0.011689215898513794,0.00771254301071167,1.0,False
GATv2,144,0.95,random,5,6.014108657836914e-05,0.0009634494781494141,-0.025910764932632446,0.015675663948059082,1.0,False
GATv2,144,0.95,random,6,0.0001995563507080078,-0.0005664825439453125,0.026961982250213623,-0.008122146129608154,1.0,False
GATv2,144,0.95,random,7,-0.00024437904357910156,-0.0020215511322021484,0.01929880678653717,-0.021850109100341797,1.0,False
GATv2,144,0.95,random,8,-0.0008959174156188965,-0.007852315902709961,-0.002932220697402954,0.015056312084197998,1.0,False
GATv2,144,0.95,random,9,-0.0005645155906677246,0.009267568588256836,-0.02326899766921997,0.009077250957489014,1.0,False
GATv2,144,0.95,random,10,-0.001069784164428711,-0.01675581932067871,0.0007144510746002197,0.023669064044952393,1.0,False
GATv2,144,0.95,random,11,-0.00027638673782348633,-0.014220476150512695,-0.03141413629055023,0.012672841548919678,1.0,False
GATv2,144,0.95,random,12,-0.0007142424583435059,-0.019173145294189453,0.03634767234325409,0.008289575576782227,1.0,False
GATv2,144,0.95,random,13,0.0014707446098327637,0.027012348175048828,0.007590159773826599,0.04802429676055908,1.0,False
GATv2,144,0.95,random,14,0.001521289348602295,0.050936222076416016,-0.015878424048423767,0.002057194709777832,1.0,False
GATv2,144,0.95,random,15,0.0005948543548583984,0.01294398307800293,-0.03266863524913788,0.02091515064239502,1.0,False
GATv2,144,0.95,random,16,0.00038045644760131836,0.027693986892700195,0.06996768712997437,0.0031604766845703125,1.0,False
GATv2,144,0.95,random,17,-0.0014278888702392578,-0.024222373962402344,-0.039119839668273926,0.006279349327087402,1.0,False
GATv2,144,0.95,random,18,-0.0014176368713378906,-0.03112506866455078,-0.029942184686660767,-0.0012316703796386719,1.0,False
GATv2,144,0.95,random,19,-0.0004989504814147949,-0.023181676864624023,-0.0220184326171875,7.450580596923828e-05,1.0,False
GATv2,144,1.05,gcia_morphology,-1,0.010047376155853271,0.26941561698913574,0.014935895800590515,0.04525107145309448,1.0,False
GATv2,144,1.05,random,0,-0.00014203786849975586,-0.0016515254974365234,0.0008494853973388672,0.01161569356918335,1.0,False
GATv2,144,1.05,random,1,-0.0002713799476623535,-0.019218921661376953,-0.02660292387008667,0.017277121543884277,1.0,False
GATv2,144,1.05,random,2,0.00010985136032104492,0.00384521484375,0.023541241884231567,-0.010120570659637451,1.0,False
GATv2,144,1.05,random,3,-8.171796798706055e-05,-0.013290882110595703,0.010898545384407043,-0.0005945563316345215,1.0,False
GATv2,144,1.05,random,4,-0.0006049275398254395,-0.006552457809448242,0.039602041244506836,-0.0076659321784973145,1.0,False
GATv2,144,1.05,random,5,0.0004048943519592285,0.007428884506225586,0.01085960865020752,0.008159756660461426,1.0,False
GATv2,144,1.05,random,6,-0.0012729763984680176,-0.04346799850463867,-0.007853537797927856,0.05265086889266968,1.0,False
GATv2,144,1.05,random,7,0.00022405385971069336,-0.007685422897338867,-0.02882792055606842,-0.0035775303840637207,1.0,False
GATv2,144,1.05,random,8,0.0009410977363586426,-0.004462003707885742,-0.0055390894412994385,0.024772226810455322,1.0,False
GATv2,144,1.05,random,9,0.0024494528770446777,0.06338620185852051,-0.017098605632781982,0.02287888526916504,1.0,False
GATv2,144,1.05,random,10,3.808736801147461e-05,0.027163982391357422,0.0029139816761016846,0.012720167636871338,1.0,False
GATv2,144,1.05,random,11,-0.000553131103515625,-0.034316062927246094,-0.046009719371795654,0.022193610668182373,1.0,False
GATv2,144,1.05,random,12,0.0016214251518249512,0.028418779373168945,-0.04258134961128235,0.01909404993057251,1.0,False
GATv2,144,1.05,random,13,0.0004832744598388672,0.00504302978515625,-0.019381195306777954,0.035549283027648926,1.0,False
GATv2,144,1.05,random,14,0.00045299530029296875,0.009720087051391602,0.024665862321853638,-0.006771683692932129,1.0,False
GATv2,144,1.05,random,15,-0.0011962056159973145,-0.009640693664550781,0.0010612010955810547,0.007148385047912598,1.0,False
GATv2,144,1.05,random,16,-0.0005619525909423828,-0.014155149459838867,-0.002875789999961853,0.009457707405090332,1.0,False
GATv2,144,1.05,random,17,-0.0006464123725891113,0.0020656585693359375,0.028994828462600708,-0.02082061767578125,1.0,False
GATv2,144,1.05,random,18,0.0008718371391296387,0.009898900985717773,0.001293957233428955,0.013303101062774658,1.0,False
GATv2,144,1.05,random,19,-0.000698089599609375,-0.016895294189453125,-0.017997026443481445,-0.001363992691040039,1.0,False
GATv2,151,0.95,gcia_morphology,-1,-0.01610243320465088,-0.15127862989902496,-0.020382404327392578,-0.016337286680936813,1.0,False
GATv2,151,0.95,random,0,-2.2172927856445312e-05,0.007695689797401428,-0.002576202154159546,0.012227658182382584,1.0,False
GATv2,151,0.95,random,1,-0.0009255409240722656,-0.005349293351173401,0.00600278377532959,-0.006090689450502396,1.0,False
GATv2,151,0.95,random,2,0.0014910697937011719,0.0053961873054504395,-0.014362037181854248,-0.001634802669286728,1.0,False
GATv2,151,0.95,random,3,-0.0024590492248535156,-0.02032420039176941,-0.013303816318511963,0.006697703152894974,1.0,False
GATv2,151,0.95,random,4,-0.00023543834686279297,0.0005459636449813843,-0.0022246241569519043,0.0016222409904003143,1.0,False
GATv2,151,0.95,random,5,-0.0016683340072631836,-0.008463814854621887,0.00983726978302002,-0.005168892443180084,1.0,False
GATv2,151,0.95,random,6,0.0006925463676452637,0.008224964141845703,0.01092374324798584,-0.017200298607349396,1.0,False
GATv2,151,0.95,random,7,0.001162886619567871,0.008078143000602722,-0.01873934268951416,0.0037803053855895996,1.0,False
GATv2,151,0.95,random,8,-0.0010043978691101074,-0.009229019284248352,-0.015164464712142944,0.005719434469938278,1.0,False
GATv2,151,0.95,random,9,-0.0020755529403686523,-0.012203231453895569,0.004058212041854858,-0.009609118103981018,1.0,False
GATv2,151,0.95,random,10,0.0006296634674072266,0.002411380410194397,-0.006117641925811768,-0.0011738501489162445,1.0,False
GATv2,151,0.95,random,11,0.0011827349662780762,0.01126745343208313,-0.004689812660217285,0.008780330419540405,1.0,False
GATv2,151,0.95,random,12,0.0010619759559631348,0.0075283050537109375,-0.016834914684295654,-0.005033455789089203,1.0,False
GATv2,151,0.95,random,13,0.0016887784004211426,0.010722190141677856,0.0015950202941894531,-0.007855575531721115,1.0,False
GATv2,151,0.95,random,14,0.0007126331329345703,0.005002930760383606,-0.007945388555526733,0.01419537141919136,1.0,False
GATv2,151,0.95,random,15,-0.00030624866485595703,-0.007959842681884766,-0.01526951789855957,0.0059639811515808105,1.0,False
GATv2,151,0.95,random,16,-0.00019687414169311523,0.0013649016618728638,0.007689714431762695,-0.0006051100790500641,1.0,False
GATv2,151,0.95,random,17,-0.0003916025161743164,0.005670711398124695,0.013265103101730347,-0.006006345152854919,1.0,False
GATv2,151,0.95,random,18,0.00014281272888183594,0.004243373870849609,0.005913138389587402,-0.009662482887506485,1.0,False
GATv2,151,0.95,random,19,0.0021065473556518555,0.013174429535865784,0.0037578344345092773,0.0021995827555656433,1.0,False
GATv2,151,1.05,gcia_morphology,-1,0.01591944694519043,0.15283647179603577,0.021573245525360107,0.019183792173862457,1.0,False
GATv2,151,1.05,random,0,0.0005391836166381836,0.004183769226074219,-0.002986431121826172,-0.0011506900191307068,1.0,False
GATv2,151,1.05,random,1,0.000958561897277832,0.005802810192108154,-0.009943544864654541,0.002737324684858322,1.0,False
GATv2,151,1.05,random,2,-0.0005547404289245605,-0.002284601330757141,0.018333911895751953,-0.0024286769330501556,1.0,False
GATv2,151,1.05,random,3,0.0005168914794921875,0.0009039044380187988,-0.009704411029815674,-0.0028467588126659393,1.0,False
GATv2,151,1.05,random,4,0.0005582571029663086,0.0017273128032684326,-0.008761674165725708,0.004114791750907898,1.0,False
GATv2,151,1.05,random,5,-0.001626431941986084,-0.00954011082649231,-0.006234169006347656,0.006171796470880508,1.0,False
GATv2,151,1.05,random,6,0.001145482063293457,0.00884982943534851,-0.006296396255493164,0.0022857747972011566,1.0,False
GATv2,151,1.05,random,7,-0.0012627840042114258,-0.012060686945915222,0.028405189514160156,-0.008721519261598587,1.0,False
GATv2,151,1.05,random,8,-0.0005155801773071289,-0.004216238856315613,-0.01001507043838501,0.009989690035581589,1.0,False
GATv2,151,1.05,random,9,-0.0018581748008728027,-0.00681363046169281,0.01199495792388916,-0.004931684583425522,1.0,False
GATv2,151,1.05,random,10,-0.002213001251220703,-0.016600579023361206,0.0043065547943115234,-0.004875320941209793,1.0,False
GATv2,151,1.05,random,11,-0.0010384321212768555,-0.007908493280410767,0.0017165839672088623,0.008581019937992096,1.0,False
GATv2,151,1.05,random,12,0.0005219578742980957,0.006669104099273682,-0.011875689029693604,0.0013003982603549957,1.0,False
GATv2,151,1.05,random,13,0.0011878609657287598,0.004208609461784363,-0.00337296724319458,-0.00482635572552681,1.0,False
GATv2,151,1.05,random,14,-0.000698387622833252,-0.007467985153198242,-0.005844056606292725,-0.003626294434070587,1.0,False
GATv2,151,1.05,random,15,0.0001278519630432129,0.0027972757816314697,-0.014279842376708984,0.0034356117248535156,1.0,False
GATv2,151,1.05,random,16,0.00023818016052246094,-0.000849306583404541,-0.017044246196746826,0.0026866644620895386,1.0,False
GATv2,151,1.05,random,17,0.0004932880401611328,0.007197856903076172,0.01936987042427063,-0.007318217307329178,1.0,False
GATv2,151,1.05,random,18,0.0018286705017089844,0.007895156741142273,0.003479182720184326,-0.0026800036430358887,1.0,False
GATv2,151,1.05,random,19,0.00012880563735961914,-0.0018766522407531738,0.0074942708015441895,-0.0007877014577388763,1.0,False
GATv2,156,0.95,gcia_morphology,-1,-0.02014869451522827,-0.20640838146209717,-0.013705162331461906,-0.027544796466827393,1.0,False
GATv2,156,0.95,random,0,0.0008423328399658203,0.0059604644775390625,-0.0026347022503614426,-0.0053653717041015625,1.0,False
GATv2,156,0.95,random,1,-0.0010385513305664062,0.0010943412780761719,0.03529774025082588,-0.014052391052246094,1.0,False
GATv2,156,0.95,random,2,0.00028717517852783203,0.00824582576751709,0.005811601877212524,0.004211008548736572,1.0,False
GATv2,156,0.95,random,3,0.0022925138473510742,0.023827791213989258,0.018844380974769592,-0.014245569705963135,1.0,False
GATv2,156,0.95,random,4,0.003834068775177002,0.0373988151550293,0.006587281823158264,-0.004671216011047363,1.0,False
GATv2,156,0.95,random,5,-8.428096771240234e-05,0.0025310516357421875,-0.016461504623293877,-0.00295943021774292,1.0,False
GATv2,156,0.95,random,6,0.0010049939155578613,0.006997108459472656,-0.032327860593795776,0.013374030590057373,1.0,False
GATv2,156,0.95,random,7,0.0008770227432250977,0.007654428482055664,-0.014524249359965324,0.023457646369934082,1.0,False
GATv2,156,0.95,random,8,-0.0009887218475341797,-0.002903461456298828,0.001957833766937256,-0.006431281566619873,1.0,False
GATv2,156,0.95,random,9,0.0009070038795471191,0.003993988037109375,0.02891997992992401,0.0019807815551757812,1.0,False
GATv2,156,0.95,random,10,-0.0008301734924316406,-0.001076817512512207,0.026308029890060425,-0.02199631929397583,1.0,False
GATv2,156,0.95,random,11,-0.001660764217376709,0.0011210441589355469,0.015532076358795166,-0.000532686710357666,1.0,False
GATv2,156,0.95,random,12,-0.00011110305786132812,-0.0020275115966796875,-0.02045103721320629,0.024402916431427002,1.0,False
GATv2,156,0.95,random,13,0.0003180503845214844,0.0056743621826171875,-0.02659463696181774,0.02616739273071289,1.0,False
GATv2,156,0.95,random,14,0.001685500144958496,0.007172942161560059,-0.015248088166117668,0.009472548961639404,1.0,False
GATv2,156,0.95,random,15,-0.0023183822631835938,-0.01864302158355713,0.023116394877433777,-0.006284892559051514,1.0,False
GATv2,156,0.95,random,16,0.002658665180206299,0.01499021053314209,-0.00821472518146038,0.015055298805236816,1.0,False
GATv2,156,0.95,random,17,0.00042301416397094727,-0.006544589996337891,-0.04366712272167206,0.014096498489379883,1.0,False
GATv2,156,0.95,random,18,-0.00231170654296875,-0.013306975364685059,-0.0039018969982862473,0.0008802413940429688,1.0,False
GATv2,156,0.95,random,19,0.0027289390563964844,0.021320462226867676,0.005244135856628418,-0.013283789157867432,1.0,False
GATv2,156,1.05,gcia_morphology,-1,0.01873934268951416,0.20466113090515137,0.01249605417251587,0.029205679893493652,1.0,False
GATv2,156,1.05,random,0,-0.001962602138519287,-0.01354527473449707,0.006331518292427063,0.016335904598236084,1.0,False
GATv2,156,1.05,random,1,-0.0011404752731323242,-0.010020732879638672,-0.009572578594088554,0.0038747787475585938,1.0,False
GATv2,156,1.05,random,2,0.0005879402160644531,-0.002348184585571289,-0.028677253052592278,0.0171930193901062,1.0,False
GATv2,156,1.05,random,3,-0.0002970099449157715,-0.008588194847106934,0.004420772194862366,-0.006749868392944336,1.0,False
GATv2,156,1.05,random,4,0.0009781122207641602,0.004436373710632324,-0.023475391790270805,0.0032385587692260742,1.0,False
GATv2,156,1.05,random,5,0.0008867383003234863,0.004299163818359375,0.022013530135154724,-0.0172920823097229,1.0,False
GATv2,156,1.05,random,6,-0.0002867579460144043,-0.00822591781616211,0.007984325289726257,-0.00798124074935913,1.0,False
GATv2,156,1.05,random,7,0.0036373138427734375,0.0222017765045166,-0.025459660217165947,0.013490498065948486,1.0,False
GATv2,156,1.05,random,8,0.0007680058479309082,0.009060978889465332,-0.0070159416645765305,0.007138073444366455,1.0,False
GATv2,156,1.05,random,9,-0.0014431476593017578,0.0036306381225585938,0.0016285628080368042,-0.0033310651779174805,1.0,False
GATv2,156,1.05,random,10,-0.0006737709045410156,-0.008590340614318848,-0.02969747595489025,0.04121118783950806,1.0,False
GATv2,156,1.05,random,11,7.796287536621094e-05,-0.0010221004486083984,-5.666911602020264e-05,0.0017707347869873047,1.0,False
GATv2,156,1.05,random,12,-0.0020648837089538574,-0.017925381660461426,0.01996055245399475,-0.0024788379669189453,1.0,False
GATv2,156,1.05,random,13,1.2993812561035156e-05,0.0031877756118774414,0.005970209836959839,-0.008793771266937256,1.0,False
GATv2,156,1.05,random,14,-0.00045931339263916016,0.0002694129943847656,0.010761559009552002,0.0004038214683532715,1.0,False
GATv2,156,1.05,random,15,-0.00217437744140625,-0.007973790168762207,-0.002019627019762993,0.014005601406097412,1.0,False
GATv2,156,1.05,random,16,0.002528548240661621,0.02563297748565674,0.0040803998708724976,0.021652400493621826,1.0,False
GATv2,156,1.05,random,17,0.000217437744140625,-0.001289963722229004,-0.02862362377345562,0.011723875999450684,1.0,False
GATv2,156,1.05,random,18,-0.00042235851287841797,-0.013631582260131836,-0.02056845836341381,0.010044217109680176,1.0,False
GATv2,156,1.05,random,19,0.0005558133125305176,-0.0003020763397216797,-0.014557389542460442,0.01733112335205078,1.0,False
GATv2,162,0.95,gcia_morphology,-1,-0.0259130597114563,-0.2152038812637329,-0.00999876856803894,-0.03737330436706543,1.0,False
GATv2,162,0.95,random,0,0.0010392069816589355,0.0055114030838012695,-0.005324631929397583,-0.011987566947937012,1.0,False
GATv2,162,0.95,random,1,0.0008103847503662109,8.7738037109375e-05,-0.005480289459228516,0.015624403953552246,1.0,False
GATv2,162,0.95,random,2,-0.0001652240753173828,0.0007443428039550781,-0.013814985752105713,-0.0020041465759277344,1.0,False
GATv2,162,0.95,random,3,0.00010055303573608398,0.0016518831253051758,-0.0024449825286865234,0.011498451232910156,1.0,False
GATv2,162,0.95,random,4,0.003429114818572998,0.02260875701904297,0.007319539785385132,0.00019478797912597656,1.0,False
GATv2,162,0.95,random,5,-0.004973351955413818,-0.025136232376098633,0.007811635732650757,-0.0223538875579834,1.0,False
GATv2,162,0.95,random,6,-0.0011939406394958496,-0.00392913818359375,0.008968353271484375,-0.019013166427612305,1.0,False
GATv2,162,0.95,random,7,-0.00206071138381958,-0.01390087604522705,0.017727255821228027,-0.013003826141357422,1.0,False
GATv2,162,0.95,random,8,0.002191483974456787,0.018345117568969727,0.002409636974334717,-0.011326193809509277,1.0,False
GATv2,162,0.95,random,9,-0.003161013126373291,-0.012797355651855469,0.0036938488483428955,-0.005803465843200684,1.0,False
GATv2,162,0.95,random,10,0.0012807250022888184,0.0038036108016967773,-0.0017333924770355225,-0.009444475173950195,1.0,False
GATv2,162,0.95,random,11,-0.0013828873634338379,-0.005766510963439941,-0.011760830879211426,-0.0007004737854003906,1.0,False
GATv2,162,0.95,random,12,-0.0019259452819824219,-0.007506012916564941,0.012019932270050049,-0.0058748722076416016,0.9988636374473572,False
GATv2,162,0.95,random,13,0.0011772513389587402,0.012056231498718262,0.002568155527114868,-0.005386948585510254,1.0,False
GATv2,162,0.95,random,14,-0.0007460713386535645,-0.005331158638000488,0.01615738868713379,0.0002117156982421875,1.0,False
GATv2,162,0.95,random,15,-0.0005197525024414062,0.006726622581481934,-0.023442715406417847,0.014679670333862305,1.0,False
GATv2,162,0.95,random,16,0.00023025274276733398,0.005241870880126953,-0.0013259053230285645,-0.011371850967407227,1.0,False
GATv2,162,0.95,random,17,-0.00045949220657348633,-0.0011535882949829102,-0.026540666818618774,0.0012035369873046875,1.0,False
GATv2,162,0.95,random,18,-0.00024372339248657227,-0.005362749099731445,-0.0024378299713134766,0.014875650405883789,1.0,False
GATv2,162,0.95,random,19,-0.00220566987991333,-0.019540071487426758,0.023710429668426514,-0.0070819854736328125,1.0,False
GATv2,162,1.05,gcia_morphology,-1,0.023936033248901367,0.21294546127319336,0.009809672832489014,0.03731131553649902,1.0,False
GATv2,162,1.05,random,0,-0.0013665556907653809,0.0016875267028808594,0.01485532522201538,-0.004447579383850098,1.0,False
GATv2,162,1.05,random,1,6.198883056640625e-05,-0.002435922622680664,-0.010288059711456299,-0.004235744476318359,1.0,False
GATv2,162,1.05,random,2,-0.0018163323402404785,-0.004310131072998047,0.009531855583190918,-0.0050286054611206055,1.0,False
GATv2,162,1.05,random,3,0.00021082162857055664,0.0012595653533935547,0.008890748023986816,-0.007092475891113281,1.0,False
GATv2,162,1.05,random,4,-0.002695322036743164,-0.011396646499633789,0.008806169033050537,0.007270097732543945,1.0,False
GATv2,162,1.05,random,5,0.0013253092765808105,0.013405680656433105,-0.009873807430267334,0.014834880828857422,1.0,False
GATv2,162,1.05,random,6,-0.0005786418914794922,-0.007467865943908691,0.0046880245208740234,-0.00888371467590332,1.0,False
GATv2,162,1.05,random,7,0.0037760138511657715,0.019546985626220703,0.010929495096206665,-0.0041468143463134766,1.0,False
GATv2,162,1.05,random,8,0.002004861831665039,0.00820779800415039,-0.008310675621032715,-0.007081151008605957,1.0,False
GATv2,162,1.05,random,9,-0.0014761090278625488,-0.00647735595703125,0.0013766884803771973,-0.0028717517852783203,1.0,False
GATv2,162,1.05,random,10,-0.002894878387451172,-0.016700148582458496,0.02255508303642273,-0.012804985046386719,1.0,False
GATv2,162,1.05,random,11,0.0010203719139099121,-0.0014195442199707031,0.002878427505493164,-0.0015021562576293945,1.0,False
GATv2,162,1.05,random,12,-0.0005791187286376953,0.003696441650390625,0.011577695608139038,-0.006037235260009766,1.0,False
GATv2,162,1.05,random,13,-0.0010709762573242188,-0.013901352882385254,0.019104212522506714,-0.00904226303100586,1.0,False
GATv2,162,1.05,random,14,3.4868717193603516e-05,0.008892178535461426,0.03439834713935852,-0.03317129611968994,1.0,False
GATv2,162,1.05,random,15,0.0004734992980957031,0.0008622407913208008,0.010693728923797607,0.01700305938720703,1.0,False
GATv2,162,1.05,random,16,-0.0037285685539245605,-0.020672917366027832,0.011261820793151855,-0.007306337356567383,1.0,False
GATv2,162,1.05,random,17,3.075599670410156e-05,0.0018799304962158203,-0.008239388465881348,-0.0008585453033447266,1.0,False
GATv2,162,1.05,random,18,0.002152681350708008,0.013394713401794434,-0.003670036792755127,0.009958744049072266,1.0,False
GATv2,162,1.05,random,19,0.00011533498764038086,0.0019576549530029297,-0.00437048077583313,0.008830785751342773,1.0,False
GATv2,178,0.95,gcia_morphology,-1,-0.011228039860725403,-0.13231614232063293,-0.041032612323760986,-0.030844181776046753,1.0,False
GATv2,178,0.95,random,0,0.0011959969997406006,0.0018918514251708984,0.004389762878417969,-0.00438573956489563,1.0,False
GATv2,178,0.95,random,1,-0.000566631555557251,-0.005022168159484863,-0.011911451816558838,-0.0036628246307373047,1.0,False
GATv2,178,0.95,random,2,0.0005117654800415039,0.0014069974422454834,-0.013083040714263916,0.0038489699363708496,1.0,False
GATv2,178,0.95,random,3,0.00023752450942993164,0.012989729642868042,-0.015565097332000732,0.004263460636138916,1.0,False
GATv2,178,0.95,random,4,-0.0006902813911437988,-0.006950289011001587,0.017848432064056396,-0.006057769060134888,1.0,False
GATv2,178,0.95,random,5,-0.0016325116157531738,-0.010289818048477173,-0.00868213176727295,0.0007228255271911621,1.0,False
GATv2,178,0.95,random,6,-0.002199113368988037,-0.007815748453140259,-0.0022020339965820312,-0.019087105989456177,1.0,False
GATv2,178,0.95,random,7,0.0011548399925231934,-0.0020479559898376465,0.004667103290557861,-0.024274706840515137,1.0,False
GATv2,178,0.95,random,8,0.0020316243171691895,0.01059606671333313,0.009238064289093018,-0.006702899932861328,1.0,False
GATv2,178,0.95,random,9,0.00017842650413513184,-0.0072758495807647705,0.023908913135528564,-0.015630871057510376,1.0,False
GATv2,178,0.95,random,10,0.00060996413230896,0.010559380054473877,-0.0056653618812561035,0.013585686683654785,1.0,False
GATv2,178,0.95,random,11,0.000613093376159668,-0.0021497905254364014,-0.007392764091491699,0.011570513248443604,1.0,False
GATv2,178,0.95,random,12,0.001020967960357666,0.006028354167938232,-0.024833261966705322,-0.0015758275985717773,1.0,False
GATv2,178,0.95,random,13,0.0001392960548400879,-0.016194522380828857,-0.008205592632293701,-0.004942357540130615,1.0,False
GATv2,178,0.95,random,14,-0.0008141398429870605,-0.00187721848487854,-0.005107104778289795,-0.001341491937637329,1.0,False
GATv2,178,0.95,random,15,0.0006291568279266357,0.0029456615447998047,0.01290827989578247,0.0006263852119445801,1.0,False
GATv2,178,0.95,random,16,0.0009931623935699463,0.0038720667362213135,-0.0065615177154541016,-0.011077851057052612,1.0,False
GATv2,178,0.95,random,17,0.0018063187599182129,0.020008832216262817,0.022767841815948486,0.002366393804550171,1.0,False
GATv2,178,0.95,random,18,-0.0005491971969604492,-0.0035817623138427734,-0.004611790180206299,0.009123146533966064,1.0,False
GATv2,178,0.95,random,19,-0.0008441507816314697,0.005353480577468872,0.010733544826507568,-0.006222337484359741,1.0,False
GATv2,178,1.05,gcia_morphology,-1,0.012255996465682983,0.13010132312774658,0.04037192463874817,0.029439568519592285,1.0,False
GATv2,178,1.05,random,0,-0.001347184181213379,-0.015054076910018921,0.010994970798492432,-0.0221540629863739,1.0,False
GATv2,178,1.05,random,1,0.00010094046592712402,-0.0006232559680938721,0.005536854267120361,-0.006170839071273804,1.0,False
GATv2,178,1.05,random,2,-4.461407661437988e-05,0.003688901662826538,-0.002804577350616455,0.018446624279022217,1.0,False
GATv2,178,1.05,random,3,0.0015177428722381592,0.008510828018188477,0.007330358028411865,-0.002897888422012329,1.0,False
GATv2,178,1.05,random,4,0.0022686123847961426,0.015154153108596802,0.006744086742401123,-0.006252318620681763,1.0,False
GATv2,178,1.05,random,5,0.0030160844326019287,0.010345011949539185,-0.009091854095458984,-0.0016068816184997559,1.0,False
GATv2,178,1.05,random,6,0.00031682848930358887,-0.004173338413238525,-0.037281334400177,0.027955949306488037,1.0,False
GATv2,178,1.05,random,7,-0.000990748405456543,-0.004765182733535767,-0.01925182342529297,0.0025599896907806396,1.0,False
GATv2,178,1.05,random,8,0.00021395087242126465,-0.006400108337402344,0.004839837551116943,0.014934957027435303,1.0,False
GATv2,178,1.05,random,9,0.0001024007797241211,-0.00018456578254699707,0.0021410584449768066,0.01649683713912964,1.0,False
GATv2,178,1.05,random,10,0.00022614002227783203,0.003213435411453247,-0.015211999416351318,-0.0018059313297271729,1.0,False
GATv2,178,1.05,random,11,0.0007431507110595703,-0.0003573894500732422,0.01567065715789795,0.0010632574558258057,1.0,False
GATv2,178,1.05,random,12,0.0016044378280639648,0.00880846381187439,-0.015110671520233154,0.0034523606300354004,1.0,False
GATv2,178,1.05,random,13,0.0019505321979522705,0.01206749677658081,-0.007021069526672363,0.006899714469909668,1.0,False
GATv2,178,1.05,random,14,-0.0003312826156616211,0.011601895093917847,0.017288386821746826,0.002966463565826416,1.0,False
GATv2,178,1.05,random,15,0.0018107891082763672,0.003740966320037842,0.007313668727874756,0.003188908100128174,1.0,False
GATv2,178,1.05,random,16,0.0003744065761566162,0.00018581748008728027,-0.0038666129112243652,0.008398652076721191,1.0,False
GATv2,178,1.05,random,17,0.00033783912658691406,-0.004506707191467285,0.010592758655548096,-0.014742493629455566,1.0,False
GATv2,178,1.05,random,18,0.0005290508270263672,0.0031695961952209473,-0.015591681003570557,0.009254992008209229,1.0,False
GATv2,178,1.05,random,19,0.001422286033630371,0.010637074708938599,0.038923293352127075,0.0003108680248260498,1.0,False
GATv2,179,0.95,gcia_morphology,-1,-0.010000884532928467,-0.1221722960472107,-0.021004676818847656,0.0013408809900283813,1.0,False
GATv2,179,0.95,random,0,-0.0012764334678649902,0.002113044261932373,0.012594938278198242,-0.0030896663665771484,1.0,False
GATv2,179,0.95,random,1,0.0015189647674560547,-0.002168893814086914,-0.00681459903717041,0.009913340210914612,1.0,False
GATv2,179,0.95,random,2,0.00046837329864501953,0.009531021118164062,0.0024232864379882812,-0.0157003253698349,1.0,False
GATv2,179,0.95,random,3,-0.0028232336044311523,-0.0017899870872497559,0.011769652366638184,-0.00574435293674469,1.0,False
GATv2,179,0.95,random,4,-0.0010193586349487305,0.000892937183380127,0.013421058654785156,0.013725325465202332,1.0,False
GATv2,179,0.95,random,5,0.00013363361358642578,-0.0020152926445007324,0.00615692138671875,0.012018874287605286,1.0,False
GATv2,179,0.95,random,6,-0.002209782600402832,-0.0029660463333129883,-0.002607107162475586,0.015438556671142578,1.0,False
GATv2,179,0.95,random,7,-0.0006111860275268555,0.006368458271026611,0.0011739730834960938,0.006668880581855774,1.0,False
GATv2,179,0.95,random,8,-0.00013446807861328125,-0.0031205415725708008,-0.005049467086791992,0.005395159125328064,1.0,False
GATv2,179,0.95,random,9,-0.000213623046875,-0.007070958614349365,-0.009661078453063965,0.01826128363609314,1.0,False
GATv2,179,0.95,random,10,0.0028240084648132324,0.025792837142944336,0.02780604362487793,-0.01715630292892456,1.0,False
GATv2,179,0.95,random,11,-0.0006572604179382324,0.004469335079193115,-0.04517984390258789,0.02951192855834961,1.0,False
GATv2,179,0.95,random,12,-0.0013740062713623047,-0.0005710721015930176,0.030308127403259277,-0.006800338625907898,1.0,False
GATv2,179,0.95,random,13,0.0010271072387695312,0.012296557426452637,-0.005529522895812988,1.671910285949707e-05,1.0,False
GATv2,179,0.95,random,14,0.0030590295791625977,0.01201564073562622,-0.002845287322998047,-0.0019426196813583374,1.0,False
GATv2,179,0.95,random,15,-0.001942753791809082,-0.0076462626457214355,-0.010964751243591309,0.009284242987632751,1.0,False
GATv2,179,0.95,random,16,-0.0010571479797363281,-0.007305562496185303,0.015488982200622559,-0.003959402441978455,1.0,False
GATv2,179,0.95,random,17,0.001597762107849121,0.0014243125915527344,0.004600405693054199,-0.01387476921081543,1.0,False
GATv2,179,0.95,random,18,0.00274658203125,0.02034217119216919,-0.01795971393585205,0.012976273894309998,1.0,False
GATv2,179,0.95,random,19,-0.0005800724029541016,-0.010545492172241211,-0.004996538162231445,0.004102379083633423,1.0,False
GATv2,179,1.05,gcia_morphology,-1,0.010794341564178467,0.11763107776641846,0.018253207206726074,0.0017424672842025757,1.0,False
GATv2,179,1.05,random,0,0.002588987350463867,0.000851750373840332,-0.02981269359588623,0.022316381335258484,1.0,False
GATv2,179,1.05,random,1,0.0014006495475769043,0.007575333118438721,0.014889717102050781,-0.005841314792633057,1.0,False
GATv2,179,1.05,random,2,-0.0006148815155029297,-0.006505191326141357,-0.028290510177612305,0.009743526577949524,1.0,False
GATv2,179,1.05,random,3,-0.0007520914077758789,-0.009145259857177734,-0.03226768970489502,0.0014356821775436401,1.0,False
GATv2,179,1.05,random,4,-0.0008193850517272949,0.002680063247680664,0.0048989057540893555,0.011323347687721252,1.0,False
GATv2,179,1.05,random,5,0.001797318458557129,0.009277880191802979,-0.014215230941772461,-0.003725573420524597,1.0,False
GATv2,179,1.05,random,6,0.004060268402099609,0.020946204662322998,-0.02091693878173828,-0.004235759377479553,1.0,False
GATv2,179,1.05,random,7,0.0006492137908935547,-0.002430438995361328,-0.01418161392211914,0.006376340985298157,1.0,False
GATv2,179,1.05,random,8,-0.0014891624450683594,-0.007564067840576172,0.005419611930847168,0.008337154984474182,1.0,False
GATv2,179,1.05,random,9,0.0007781982421875,0.005915284156799316,-0.008111715316772461,0.018057003617286682,1.0,False
GATv2,179,1.05,random,10,-0.001917719841003418,-0.001036524772644043,0.019727468490600586,0.00351850688457489,1.0,False
GATv2,179,1.05,random,11,0.00029456615447998047,-0.010209918022155762,-0.0037822723388671875,0.008409947156906128,1.0,False
GATv2,179,1.05,random,12,-0.0006206631660461426,-0.006828129291534424,0.020571351051330566,0.015345320105552673,1.0,False
GATv2,179,1.05,random,13,-0.0018212199211120605,-0.013428449630737305,0.030278444290161133,-0.006643339991569519,1.0,False
GATv2,179,1.05,random,14,-0.0012587904930114746,-0.017123162746429443,-0.002781391143798828,-0.003341570496559143,1.0,False
GATv2,179,1.05,random,15,0.0013878345489501953,-0.006548821926116943,-0.036664724349975586,0.012024715542793274,1.0,False
GATv2,179,1.05,random,16,0.0014511346817016602,0.004436314105987549,0.004300832748413086,0.01545761525630951,1.0,False
GATv2,179,1.05,random,17,0.0012109875679016113,0.010325431823730469,0.01764214038848877,0.013067841529846191,1.0,False
GATv2,179,1.05,random,18,-0.0022496581077575684,-0.002470731735229492,0.014787793159484863,0.006711617112159729,1.0,False
GATv2,179,1.05,random,19,-0.0011868476867675781,-0.012007832527160645,0.020041346549987793,-0.0006232112646102905,1.0,False
GATv2,22,0.95,gcia_morphology,-1,-0.021008282899856567,-0.1563093364238739,-0.048878319561481476,-0.03659886121749878,0.9992732405662537,False
GATv2,22,0.95,random,0,-0.0018239319324493408,-0.007479444146156311,-0.002266727387905121,0.0024472326040267944,0.9992732405662537,False
GATv2,22,0.95,random,1,-0.001219242811203003,0.0018699467182159424,0.011867828667163849,0.006784617900848389,0.9992732405662537,False
GATv2,22,0.95,random,2,0.0020755529403686523,0.012145981192588806,0.01640387624502182,0.021098732948303223,0.9985465407371521,False
GATv2,22,0.95,random,3,0.0024395883083343506,0.014228209853172302,0.006908006966114044,-0.003971919417381287,0.9992732405662537,False
GATv2,22,0.95,random,4,0.0017340481281280518,0.005161911249160767,-0.03134123235940933,0.003258734941482544,0.9985465407371521,False
GATv2,22,0.95,random,5,-0.0006480216979980469,-0.0028479397296905518,0.005457937717437744,-0.006552964448928833,0.9985465407371521,False
GATv2,22,0.95,random,6,0.0025083720684051514,0.012328043580055237,-0.011739231646060944,0.006695151329040527,0.9985465407371521,False
GATv2,22,0.95,random,7,0.0004194974899291992,0.004417926073074341,0.005237124860286713,-0.013284385204315186,0.9992732405662537,False
GATv2,22,0.95,random,8,-0.00022161006927490234,-0.0045812129974365234,0.0006646886467933655,-0.009582281112670898,0.9992732405662537,False
GATv2,22,0.95,random,9,-0.001269608736038208,-0.011974900960922241,-0.02222159504890442,0.0004551112651824951,0.9992732405662537,False
GATv2,22,0.95,random,10,0.003943890333175659,0.017988160252571106,-0.010858438909053802,0.00675375759601593,0.9985465407371521,False
GATv2,22,0.95,random,11,-0.002721458673477173,-0.013935714960098267,0.00014870613813400269,-0.009752288460731506,0.9985465407371521,False
GATv2,22,0.95,random,12,0.0005173385143280029,0.008823588490486145,0.0008735284209251404,-0.01153932511806488,0.9992732405662537,False
GATv2,22,0.95,random,13,-0.00044715404510498047,0.013685673475265503,0.026947855949401855,-0.010912179946899414,0.9992732405662537,False
GATv2,22,0.95,random,14,-0.002939939498901367,-0.014003515243530273,-0.010973446071147919,0.007670983672142029,0.9992732405662537,False
GATv2,22,0.95,random,15,-0.0017759501934051514,0.0006121844053268433,0.020731963217258453,0.005312711000442505,0.9992732405662537,False
GATv2,22,0.95,random,16,-0.00025960803031921387,-0.001186951994895935,0.017211146652698517,-0.0015696585178375244,0.9992732405662537,False
GATv2,22,0.95,random,17,-0.001435011625289917,-0.007434338331222534,-0.0024048760533332825,-0.0051952749490737915,0.9985465407371521,False
GATv2,22,0.95,random,18,-1.4513731002807617e-05,0.004302233457565308,-0.023325033485889435,0.013146981596946716,0.9992732405662537,False
GATv2,22,0.95,random,19,-0.0006872713565826416,0.0018309354782104492,-0.004072539508342743,0.0032599568367004395,0.9992732405662537,False
GATv2,22,1.05,gcia_morphology,-1,0.0221177339553833,0.15740004181861877,0.0449814610183239,0.036258697509765625,0.9992732405662537,False
GATv2,22,1.05,random,0,-0.0014302730560302734,-0.00029474496841430664,-0.004665546119213104,0.005402371287345886,0.9992732405662537,False
GATv2,22,1.05,random,1,-0.0011474788188934326,-0.008053213357925415,0.005118995904922485,-0.011073678731918335,0.9985465407371521,False
GATv2,22,1.05,random,2,0.000571519136428833,0.006315693259239197,-0.03055601567029953,0.0014182627201080322,0.9992732405662537,False
GATv2,22,1.05,random,3,0.0013082325458526611,-0.004950240254402161,-0.02875012904405594,0.006792381405830383,0.9992732405662537,False
GATv2,22,1.05,random,4,-1.0579824447631836e-05,0.006301268935203552,-0.01645638793706894,0.028199702501296997,0.9992732405662537,False
GATv2,22,1.05,random,5,-0.003269791603088379,-0.011796563863754272,0.013778425753116608,-0.01513652503490448,0.9992732405662537,False
GATv2,22,1.05,random,6,5.364418029785156e-06,7.046759128570557e-05,-0.00370701402425766,0.005631983280181885,0.9992732405662537,False
GATv2,22,1.05,random,7,-0.0019020140171051025,-0.014676809310913086,-0.0021223649382591248,-0.024012491106987,0.9992732405662537,False
GATv2,22,1.05,random,8,2.9534101486206055e-05,0.0017262250185012817,0.002322353422641754,-0.0178021639585495,0.9992732405662537,False
GATv2,22,1.05,random,9,-0.0005222558975219727,-0.00634610652923584,-0.023065678775310516,0.0055892616510391235,0.9992732405662537,False
GATv2,22,1.05,random,10,-0.0030845701694488525,-0.013230249285697937,0.024297691881656647,-0.02504327893257141,0.9992732405662537,False
GATv2,22,1.05,random,11,0.0030520260334014893,0.01443462073802948,-0.019281506538391113,-0.012618333101272583,0.9985465407371521,False
GATv2,22,1.05,random,12,-0.0007311105728149414,-0.002752825617790222,0.005527280271053314,0.006367772817611694,0.9992732405662537,False
GATv2,22,1.05,random,13,-0.0003902614116668701,0.012715503573417664,0.040768545120954514,-0.023471906781196594,0.9992732405662537,False
GATv2,22,1.05,random,14,0.0004487037658691406,0.009228408336639404,-0.0027502700686454773,-0.0018642693758010864,0.9992732405662537,False
GATv2,22,1.05,random,15,0.0010497570037841797,0.0021101385354995728,-0.012048617005348206,0.010173410177230835,0.9985465407371521,False
GATv2,22,1.05,random,16,-0.0016871392726898193,0.0021604597568511963,0.006289660930633545,-0.001772552728652954,0.9985465407371521,False
GATv2,22,1.05,random,17,-0.0016841888427734375,0.0030357837677001953,0.03691798448562622,-0.027824953198432922,0.9985465407371521,False
GATv2,22,1.05,random,18,-0.0020493268966674805,0.002028927206993103,-0.00030113011598587036,0.001197904348373413,0.9985465407371521,False
GATv2,22,1.05,random,19,-0.00210002064704895,-0.014787763357162476,0.01329457014799118,-0.004488587379455566,0.9992732405662537,False
GATv2,33,0.95,gcia_morphology,-1,-0.015611261129379272,-0.12607049942016602,0.00788089632987976,-0.010633111000061035,1.0,False
GATv2,33,0.95,random,0,-0.001328200101852417,2.0056962966918945e-05,0.016296327114105225,-0.012052774429321289,1.0,False
GATv2,33,0.95,random,1,0.002759277820587158,0.007872730493545532,-0.010370999574661255,0.004823088645935059,1.0,False
GATv2,33,0.95,random,2,-0.0005246102809906006,-0.0004989057779312134,0.02199035882949829,-0.0075220465660095215,1.0,False
GATv2,33,0.95,random,3,0.0014786720275878906,0.004163071513175964,-0.004455298185348511,0.017550885677337646,1.0,False
GATv2,33,0.95,random,4,-0.0011506974697113037,-0.0037472695112228394,0.035229891538619995,-0.012073755264282227,1.0,False
GATv2,33,0.95,random,5,0.0021536648273468018,0.003268405795097351,-0.013362288475036621,0.021267831325531006,1.0,False
GATv2,33,0.95,random,6,-9.21487808227539e-05,0.0008179396390914917,0.0019075274467468262,0.01019299030303955,1.0,False
GATv2,33,0.95,random,7,0.0002873241901397705,-0.0006840676069259644,0.006010293960571289,-0.003281831741333008,1.0,False
GATv2,33,0.95,random,8,0.001238405704498291,0.0030738264322280884,-0.016031712293624878,0.00659710168838501,1.0,False
GATv2,33,0.95,random,9,-0.0007082819938659668,-0.0023458003997802734,0.006259739398956299,0.0011344552040100098,1.0,False
GATv2,33,0.95,random,10,0.0018486380577087402,0.008030727505683899,-0.00019595026969909668,0.011942386627197266,1.0,False
GATv2,33,0.95,random,11,0.0005019009113311768,0.0036337673664093018,0.006885141134262085,0.002155482769012451,1.0,False
GATv2,33,0.95,random,12,0.0022605061531066895,0.00800582766532898,-0.017612606287002563,0.006181061267852783,1.0,False
GATv2,33,0.95,random,13,0.0007505714893341064,0.007226467132568359,-0.013185113668441772,0.0009337663650512695,1.0,False
GATv2,33,0.95,random,14,-0.00025153160095214844,-0.0018319189548492432,-0.0026942193508148193,0.0031630992889404297,1.0,False
GATv2,33,0.95,random,15,-0.0012184977531433105,-0.0071654170751571655,0.025787323713302612,-0.013402223587036133,1.0,False
GATv2,33,0.95,random,16,-0.0008015036582946777,0.0030158907175064087,-0.01981094479560852,-0.007017254829406738,1.0,False
GATv2,33,0.95,random,17,-0.0007505416870117188,6.4820051193237305e-06,0.006300091743469238,0.005219936370849609,1.0,False
GATv2,33,0.95,random,18,0.001566469669342041,0.001140400767326355,0.0057586729526519775,0.010922491550445557,1.0,False
GATv2,33,0.95,random,19,-0.00020369887351989746,0.004009723663330078,0.03353044390678406,-0.022984564304351807,1.0,False
GATv2,33,1.05,gcia_morphology,-1,0.017061859369277954,0.1271785944700241,-0.008740067481994629,0.010289192199707031,1.0,False
GATv2,33,1.05,random,0,0.0004628002643585205,-0.005577251315116882,-0.0022319257259368896,0.008815407752990723,1.0,False
GATv2,33,1.05,random,1,0.0013257265090942383,0.0033814162015914917,-0.004163563251495361,-0.005770623683929443,1.0,False
GATv2,33,1.05,random,2,0.0005970597267150879,1.220405101776123e-05,0.004476308822631836,-0.012230992317199707,1.0,False
GATv2,33,1.05,random,3,-0.0009742677211761475,-0.004520982503890991,0.01835787296295166,-0.0040094852447509766,0.9992235898971558,False
GATv2,33,1.05,random,4,-0.0011776387691497803,-0.005108371376991272,-0.00903657078742981,-0.0027328133583068848,1.0,False
GATv2,33,1.05,random,5,-0.00258713960647583,-0.013324141502380371,0.0016296207904815674,-0.0017223358154296875,0.9992235898971558,False
GATv2,33,1.05,random,6,-9.417533874511719e-05,-0.0022521764039993286,-0.0238591730594635,0.006921887397766113,1.0,False
GATv2,33,1.05,random,7,0.00021138787269592285,-0.000949561595916748,-0.010637789964675903,0.006941378116607666,1.0,False
GATv2,33,1.05,random,8,0.00011247396469116211,-0.009089827537536621,-0.00660628080368042,-0.007119297981262207,1.0,False
GATv2,33,1.05,random,9,7.11679458618164e-05,0.0033667534589767456,-0.013965040445327759,-0.011793732643127441,1.0,False
GATv2,33,1.05,random,10,-0.0025787055492401123,-0.010863840579986572,0.008950144052505493,0.0017235279083251953,1.0,False
GATv2,33,1.05,random,11,-0.0006388425827026367,-0.00432392954826355,0.005692392587661743,0.00835639238357544,1.0,False
GATv2,33,1.05,random,12,-0.0020894408226013184,-0.006750479340553284,0.021530359983444214,0.002105116844177246,0.9992235898971558,False
GATv2,33,1.05,random,13,0.0011186003684997559,0.012910455465316772,0.007073640823364258,-0.015394270420074463,1.0,False
GATv2,33,1.05,random,14,0.0013113319873809814,0.008875325322151184,-0.006115049123764038,-0.006152153015136719,1.0,False
GATv2,33,1.05,random,15,0.000425875186920166,0.003076329827308655,0.007962971925735474,-0.009357094764709473,1.0,False
GATv2,33,1.05,random,16,0.0015136301517486572,0.001577228307723999,-0.00392797589302063,0.011966884136199951,1.0,False
GATv2,33,1.05,random,17,-0.00014132261276245117,-0.0002667456865310669,-0.01720285415649414,-3.74913215637207e-05,1.0,False
GATv2,33,1.05,random,18,0.000548630952835083,-0.0029442906379699707,0.008653193712234497,0.003332197666168213,1.0,False
GATv2,33,1.05,random,19,0.0004076957702636719,0.004014268517494202,-0.008648723363876343,0.011353731155395508,1.0,False
GATv2,54,0.95,gcia_morphology,-1,-0.013590604066848755,-0.12974970042705536,-0.026682615280151367,-0.03835415840148926,1.0,False
GATv2,54,0.95,random,0,-0.0019781887531280518,-0.014054670929908752,-0.02300727367401123,0.0009881854057312012,1.0,False
GATv2,54,0.95,random,1,-0.001999199390411377,0.0017492324113845825,0.017902284860610962,-0.008299469947814941,1.0,False
GATv2,54,0.95,random,2,0.0008362531661987305,-0.006849706172943115,0.0010685920715332031,-0.011615097522735596,1.0,False
GATv2,54,0.95,random,3,-0.0002967715263366699,0.0043563395738601685,0.007556259632110596,-0.001928955316543579,1.0,False
GATv2,54,0.95,random,4,-0.003641188144683838,-0.00909857451915741,0.018948793411254883,-0.02412673830986023,1.0,False
GATv2,54,0.95,random,5,-0.0004911124706268311,0.009432509541511536,0.01881900429725647,-0.011626899242401123,1.0,False
GATv2,54,0.95,random,6,0.0004881322383880615,-0.0013188719749450684,-0.016437947750091553,-0.005461752414703369,1.0,False
GATv2,54,0.95,random,7,0.0007973313331604004,-0.006667390465736389,0.014264494180679321,-0.034873008728027344,1.0,False
GATv2,54,0.95,random,8,-0.002223193645477295,-0.00954359769821167,-0.014304310083389282,-0.006633341312408447,1.0,False
GATv2,54,0.95,random,9,-0.0017748475074768066,-0.009778842329978943,0.044732093811035156,-0.018838047981262207,1.0,False
GATv2,54,0.95,random,10,0.0011563003063201904,0.004517868161201477,-0.030786842107772827,0.008261889219284058,1.0,False
GATv2,54,0.95,random,11,-0.0003555715084075928,0.005589768290519714,-0.015144050121307373,0.003207474946975708,1.0,False
GATv2,54,0.95,random,12,3.337860107421875e-05,0.007316574454307556,-0.00583118200302124,0.015331655740737915,1.0,False
GATv2,54,0.95,random,13,0.0016261935234069824,0.007398813962936401,-0.024230539798736572,0.007377594709396362,1.0,False
GATv2,54,0.95,random,14,-0.0004438459873199463,0.015874259173870087,0.029847770929336548,-0.003293663263320923,1.0,False
GATv2,54,0.95,random,15,0.00037914514541625977,-0.010812535881996155,-0.013793885707855225,0.01312151551246643,1.0,False
GATv2,54,0.95,random,16,0.0025628209114074707,-0.0004604905843734741,-0.033730655908584595,0.022370368242263794,1.0,False
GATv2,54,0.95,random,17,-0.0007818341255187988,-0.0086611807346344,-0.003794640302658081,-0.019664466381072998,1.0,False
GATv2,54,0.95,random,18,-0.001115351915359497,0.004918351769447327,0.005535006523132324,0.0017032325267791748,1.0,False
GATv2,54,0.95,random,19,-0.0009863674640655518,0.0039619505405426025,-0.03434032201766968,-0.017791390419006348,1.0,False
GATv2,54,1.05,gcia_morphology,-1,0.014607071876525879,0.12879014015197754,0.021917134523391724,0.03722164034843445,1.0,False
GATv2,54,1.05,random,0,-0.0003040432929992676,-0.011993825435638428,-0.006005525588989258,-0.008075803518295288,1.0,False
GATv2,54,1.05,random,1,-0.0015090703964233398,-0.009407579898834229,0.007897019386291504,-0.03455653786659241,1.0,False
GATv2,54,1.05,random,2,-0.0037555992603302,-0.01916937530040741,0.0051361918449401855,-0.024484336376190186,1.0,False
GATv2,54,1.05,random,3,-0.0003858506679534912,0.002810567617416382,0.025750964879989624,-0.00782284140586853,1.0,False
GATv2,54,1.05,random,4,0.002287149429321289,0.0008793026208877563,-0.019053518772125244,-0.0120009183883667,1.0,False
GATv2,54,1.05,random,5,0.0009141266345977783,0.0004963576793670654,0.02137601375579834,-0.015497326850891113,1.0,False
GATv2,54,1.05,random,6,0.002669304609298706,0.015573777258396149,0.04249638319015503,-0.025560736656188965,1.0,False
GATv2,54,1.05,random,7,-0.0003479123115539551,-0.00820554792881012,-0.03756844997406006,0.0017926394939422607,1.0,False
GATv2,54,1.05,random,8,-0.0007923245429992676,0.002077147364616394,0.005850374698638916,0.01009318232536316,1.0,False
GATv2,54,1.05,random,9,0.0020627379417419434,0.01175585389137268,0.026998043060302734,-0.02495226263999939,1.0,False
GATv2,54,1.05,random,10,0.00027889013290405273,-0.0038909167051315308,0.001998007297515869,-0.004908084869384766,1.0,False
GATv2,54,1.05,random,11,-3.319978713989258e-05,-0.009057924151420593,0.002511531114578247,-0.007677018642425537,1.0,False
GATv2,54,1.05,random,12,-0.001881629228591919,0.0024398863315582275,0.05073699355125427,-0.026459157466888428,1.0,False
GATv2,54,1.05,random,13,0.0030443668365478516,0.024665191769599915,-0.008114099502563477,0.005782216787338257,1.0,False
GATv2,54,1.05,random,14,-0.0010429620742797852,0.003101453185081482,0.0036117136478424072,-0.007677435874938965,1.0,False
GATv2,54,1.05,random,15,0.0005637109279632568,0.01466197520494461,-0.014020830392837524,0.019125550985336304,1.0,False
GATv2,54,1.05,random,16,0.0010700821876525879,0.009724713861942291,-0.00590890645980835,0.012739986181259155,1.0,False
GATv2,54,1.05,random,17,0.001038968563079834,0.007703930139541626,0.02535092830657959,-0.01837095618247986,1.0,False
GATv2,54,1.05,random,18,0.00017213821411132812,0.0012634843587875366,-0.018374115228652954,-0.0010571777820587158,1.0,False
GATv2,54,1.05,random,19,0.00022971630096435547,0.009985692799091339,0.024356752634048462,-0.021306157112121582,1.0,False
GATv2,56,0.95,gcia_morphology,-1,-0.007006779313087463,-0.11240267753601074,-0.045749932527542114,-0.03547590970993042,0.9978813529014587,False
GATv2,56,0.95,random,0,-0.0007725059986114502,-0.003864586353302002,0.0019270777702331543,-0.013558268547058105,0.9978813529014587,False
GATv2,56,0.95,random,1,0.00010034441947937012,0.00530049204826355,0.02018260955810547,-0.007604837417602539,0.9985875487327576,False
GATv2,56,0.95,random,2,0.00018608570098876953,-0.002254664897918701,0.0006133913993835449,0.007412075996398926,0.9978813529014587,False
GATv2,56,0.95,random,3,0.0009520649909973145,0.0004691183567047119,-0.02218562550842762,0.013128280639648438,0.9985875487327576,False
GATv2,56,0.95,random,4,0.0005021095275878906,-0.007029205560684204,0.009207576513290405,-0.0012879371643066406,0.9978813529014587,False
GATv2,56,0.95,random,5,0.0008108317852020264,-0.003560692071914673,-0.025084974244236946,0.018219351768493652,0.9978813529014587,False
GATv2,56,0.95,random,6,-0.00034296512603759766,-0.00270688533782959,-0.010944753885269165,0.019756674766540527,0.9971751570701599,False
GATv2,56,0.95,random,7,0.0003002285957336426,-0.0011253058910369873,0.002586841583251953,0.006864070892333984,0.9971751570701599,False
GATv2,56,0.95,random,8,0.0007900446653366089,-0.0007062852382659912,0.016403228044509888,0.0037041306495666504,0.9978813529014587,False
GATv2,56,0.95,random,9,-0.00037004053592681885,0.00032004714012145996,-0.002238929271697998,0.0013138651847839355,0.9978813529014587,False
GATv2,56,0.95,random,10,0.00038199126720428467,0.0017195343971252441,0.0037395358085632324,0.008833587169647217,0.9978813529014587,False
GATv2,56,0.95,random,11,-0.0012052655220031738,-0.011349886655807495,0.0033057332038879395,-0.013672947883605957,0.9978813529014587,False
GATv2,56,0.95,random,12,-0.0008329898118972778,-0.005665451288223267,0.014678150415420532,-0.019046545028686523,0.9978813529014587,False
GATv2,56,0.95,random,13,0.001083970069885254,0.0008176565170288086,-0.009033948183059692,0.01829385757446289,0.9978813529014587,False
GATv2,56,0.95,random,14,0.0015495270490646362,0.012240678071975708,-0.0009829699993133545,0.005355954170227051,0.9978813529014587,False
GATv2,56,0.95,random,15,0.00020393729209899902,-0.0005648434162139893,-0.00814393162727356,0.0022335052490234375,0.9978813529014587,False
GATv2,56,0.95,random,16,0.0005405396223068237,0.0007960796356201172,-0.006803303956985474,0.0004673600196838379,0.9978813529014587,False
GATv2,56,0.95,random,17,0.0004322528839111328,-0.0009906589984893799,-0.004357099533081055,0.007723093032836914,0.9978813529014587,False
GATv2,56,0.95,random,18,0.0008241385221481323,-0.005028784275054932,-0.0006123483180999756,0.00017851591110229492,0.9985875487327576,False
GATv2,56,0.95,random,19,0.0007134526968002319,0.005092650651931763,0.004915356636047363,-0.007210433483123779,0.9978813529014587,False
GATv2,56,1.05,gcia_morphology,-1,0.007797956466674805,0.11177921295166016,0.042738139629364014,0.029665470123291016,0.9985875487327576,False
GATv2,56,1.05,random,0,-0.0011368542909622192,0.0012055039405822754,0.010775536298751831,-0.01775050163269043,0.9978813529014587,False
GATv2,56,1.05,random,1,0.0007617771625518799,0.006157189607620239,0.031439393758773804,-0.0008897781372070312,0.9985875487327576,False
GATv2,56,1.05,random,2,0.0006115436553955078,0.00951296091079712,0.011058002710342407,-0.007261037826538086,0.9971751570701599,False
GATv2,56,1.05,random,3,0.00021752715110778809,0.003686964511871338,0.013551294803619385,-0.004049122333526611,0.9978813529014587,False
GATv2,56,1.05,random,4,0.0007274597883224487,0.0004073679447174072,-0.0026111602783203125,0.006178379058837891,0.9978813529014587,False
GATv2,56,1.05,random,5,-0.00029189884662628174,0.008089065551757812,0.0009965300559997559,-0.01265406608581543,0.9992938041687012,False
GATv2,56,1.05,random,6,0.0004470348358154297,0.00316736102104187,0.0034967362880706787,-0.005593657493591309,0.9978813529014587,False
GATv2,56,1.05,random,7,6.139278411865234e-05,-0.0090695321559906,-0.006805926561355591,0.001551508903503418,0.9978813529014587,False
GATv2,56,1.05,random,8,-8.89599323272705e-06,0.00021651387214660645,0.013974815607070923,-0.009008049964904785,0.9978813529014587,False
GATv2,56,1.05,random,9,0.0009416639804840088,-0.0038866400718688965,0.0038255155086517334,-0.0005559921264648438,0.9971751570701599,False
GATv2,56,1.05,random,10,-5.9723854064941406e-05,-0.000261157751083374,0.004183083772659302,-0.009843647480010986,0.9978813529014587,False
GATv2,56,1.05,random,11,-0.0004965215921401978,-0.002042323350906372,0.013013571500778198,-0.018761754035949707,0.9971751570701599,False
GATv2,56,1.05,random,12,-0.0008505582809448242,-0.015347331762313843,-0.004098773002624512,-0.00830388069152832,0.9985875487327576,False
GATv2,56,1.05,random,13,0.0004636496305465698,0.008715331554412842,0.022894740104675293,-0.007693052291870117,0.9985875487327576,False
GATv2,56,1.05,random,14,-0.000440254807472229,-0.005965381860733032,0.016010969877243042,-0.019814133644104004,0.9978813529014587,False
GATv2,56,1.05,random,15,0.000774189829826355,0.0003622472286224365,-0.021653803065419197,0.004529237747192383,0.9978813529014587,False
GATv2,56,1.05,random,16,5.373358726501465e-05,0.0033047497272491455,0.01784825325012207,-0.0072174072265625,0.9978813529014587,False
GATv2,56,1.05,random,17,-0.0005071461200714111,-0.0024762749671936035,-0.013051271438598633,0.0019260644912719727,0.9978813529014587,False
GATv2,56,1.05,random,18,-0.0006681233644485474,0.0015814006328582764,0.03559744358062744,-0.01523435115814209,0.9978813529014587,False
GATv2,56,1.05,random,19,-0.0003190338611602783,0.004886716604232788,0.0005474686622619629,-0.002365708351135254,0.9985875487327576,False
GATv2,58,0.95,gcia_morphology,-1,-0.012180894613265991,-0.09824329614639282,0.011252105236053467,-0.019847989082336426,1.0,False
GATv2,58,0.95,random,0,-0.00032016634941101074,-0.0036109089851379395,0.009866714477539062,0.001516491174697876,1.0,False
GATv2,58,0.95,random,1,0.00026109814643859863,0.009238481521606445,-0.012459933757781982,0.007453560829162598,1.0,False
GATv2,58,0.95,random,2,0.00038892030715942383,-0.002553284168243408,-0.006190836429595947,0.01119484007358551,1.0,False
GATv2,58,0.95,random,3,0.00047463178634643555,0.0034159421920776367,-0.008180320262908936,-0.004226401448249817,1.0,False
GATv2,58,0.95,random,4,0.0017570555210113525,0.007657349109649658,0.0037653446197509766,-0.003898724913597107,1.0,False
GATv2,58,0.95,random,5,0.0021892786026000977,0.006876468658447266,-0.021709799766540527,0.00012578070163726807,0.9988095164299011,False
GATv2,58,0.95,random,6,0.001738905906677246,-0.0024276375770568848,-0.017317354679107666,0.016313597559928894,1.0,False
GATv2,58,0.95,random,7,-0.0001601874828338623,0.006345272064208984,-0.005329012870788574,-0.012740835547447205,1.0,False
GATv2,58,0.95,random,8,0.001983344554901123,0.008437633514404297,-0.004929840564727783,0.005663082003593445,1.0,False
GATv2,58,0.95,random,9,-0.0011104345321655273,-0.009680688381195068,-0.0029327869415283203,-0.006829589605331421,1.0,False
GATv2,58,0.95,random,10,0.0005952715873718262,0.00620114803314209,-0.0014138221740722656,-0.002440705895423889,0.9988095164299011,False
GATv2,58,0.95,random,11,-0.0005741715431213379,-0.0034275054931640625,-0.0018538832664489746,0.006576135754585266,0.9988095164299011,False
GATv2,58,0.95,random,12,-0.0008008182048797607,-0.0006359219551086426,-0.0219154953956604,0.00951734185218811,0.9976190328598022,False
GATv2,58,0.95,random,13,-0.001547694206237793,-0.005812525749206543,0.015363991260528564,0.0031218528747558594,0.9988095164299011,False
GATv2,58,0.95,random,14,-0.000505983829498291,-0.0007684826850891113,0.009103477001190186,-0.016777336597442627,1.0,False
GATv2,58,0.95,random,15,0.0005118846893310547,0.003355681896209717,-0.002901732921600342,0.0025787949562072754,1.0,False
GATv2,58,0.95,random,16,-0.0005821883678436279,0.002770066261291504,0.010992705821990967,0.012999705970287323,0.9976190328598022,False
GATv2,58,0.95,random,17,0.0017036795616149902,0.0032752156257629395,-0.008184373378753662,0.014733009040355682,1.0,False
GATv2,58,0.95,random,18,0.0003579854965209961,0.001423954963684082,-0.01291513442993164,0.009036660194396973,1.0,False
GATv2,58,0.95,random,19,0.001080930233001709,0.008990108966827393,0.0009903311729431152,-0.009707242250442505,1.0,False
GATv2,58,1.05,gcia_morphology,-1,0.013283908367156982,0.10024923086166382,-0.01302647590637207,0.017257362604141235,1.0,False
GATv2,58,1.05,random,0,-0.0006148219108581543,-0.006515860557556152,-0.014254868030548096,0.008110977709293365,1.0,False
GATv2,58,1.05,random,1,0.0007508993148803711,-0.0029151439666748047,-0.009084165096282959,0.0007495954632759094,1.0,False
GATv2,58,1.05,random,2,-0.0003591179847717285,-0.0015969276428222656,0.01792365312576294,-0.0030672550201416016,1.0,False
GATv2,58,1.05,random,3,-0.0013589560985565186,-0.0032295584678649902,0.003122270107269287,-0.011044204235076904,1.0,False
GATv2,58,1.05,random,4,-0.0025026798248291016,-0.007113158702850342,0.023733556270599365,-0.015771374106407166,1.0,False
GATv2,58,1.05,random,5,-0.0005984902381896973,-0.00792306661605835,0.0019303560256958008,-0.0018036812543869019,1.0,False
GATv2,58,1.05,random,6,-3.096461296081543e-05,-0.00034040212631225586,0.003163456916809082,-0.0032510608434677124,0.9988095164299011,False
GATv2,58,1.05,random,7,-0.0007444024085998535,0.0019369125366210938,-0.009443521499633789,0.005985140800476074,1.0,False
GATv2,58,1.05,random,8,-0.0008623600006103516,-0.006037294864654541,0.002104341983795166,-0.00999845564365387,0.9988095164299011,False
GATv2,58,1.05,random,9,0.002374589443206787,0.007953405380249023,0.0046021342277526855,-0.009904436767101288,1.0,False
GATv2,58,1.05,random,10,0.0006615221500396729,0.006663084030151367,0.0010387301445007324,-0.006817452609539032,1.0,False
GATv2,58,1.05,random,11,0.001298367977142334,0.0035296082496643066,-0.0109633207321167,0.009741246700286865,0.9988095164299011,False
GATv2,58,1.05,random,12,8.705258369445801e-05,0.0025264620780944824,-0.04557335376739502,0.021216347813606262,1.0,False
GATv2,58,1.05,random,13,0.0005083382129669189,0.0007386207580566406,0.004324495792388916,-0.00689397007226944,0.9988095164299011,False
GATv2,58,1.05,random,14,-0.002031981945037842,-0.004712581634521484,0.018390297889709473,-0.02141471952199936,1.0,False
GATv2,58,1.05,random,15,-0.000743478536605835,0.008674383163452148,0.02989095449447632,-0.0007304400205612183,1.0,False
GATv2,58,1.05,random,16,0.0019577741622924805,0.00835341215133667,-0.021204829216003418,0.012500077486038208,1.0,False
GATv2,58,1.05,random,17,0.0008596479892730713,0.004452884197235107,0.00678330659866333,-0.005342572927474976,1.0,False
GATv2,58,1.05,random,18,0.0016263723373413086,0.0033897757530212402,-0.005187928676605225,-0.008749976754188538,0.9988095164299011,False
GATv2,58,1.05,random,19,0.0007739365100860596,-0.00040030479431152344,-0.014669656753540039,0.002590090036392212,0.9988095164299011,False
GATv2,59,0.95,gcia_morphology,-1,-0.012080907821655273,-0.09797602891921997,0.013851702213287354,-0.025116026401519775,1.0,False
GATv2,59,0.95,random,0,-0.0012725889682769775,-0.0012212395668029785,0.022377192974090576,-0.0037403106689453125,1.0,False
GATv2,59,0.95,random,1,-0.00022745132446289062,-0.0038486719131469727,-0.0026210546493530273,-0.00123673677444458,1.0,False
GATv2,59,0.95,random,2,-0.00013303756713867188,-0.0009563565254211426,0.0007227063179016113,-0.004969894886016846,0.9992856979370117,False
GATv2,59,0.95,random,3,-0.00035202503204345703,0.00501936674118042,0.009068548679351807,-0.008043050765991211,1.0,False
GATv2,59,0.95,random,4,-0.0012661516666412354,-0.006621599197387695,0.013784706592559814,-0.004873991012573242,1.0,False
GATv2,59,0.95,random,5,0.0012840628623962402,0.004055976867675781,0.0027896761894226074,0.0022495388984680176,0.9992856979370117,False
GATv2,59,0.95,random,6,-0.0006315708160400391,-0.0014774203300476074,-0.0052994489669799805,-0.010571539402008057,0.9992856979370117,False
GATv2,59,0.95,random,7,0.0003891885280609131,0.005537629127502441,0.0023251771926879883,-0.008539140224456787,1.0,False
GATv2,59,0.95,random,8,0.0013349056243896484,0.007918357849121094,0.0014620423316955566,0.001623392105102539,1.0,False
GATv2,59,0.95,random,9,0.0008802115917205811,-0.00040137767791748047,-0.007306694984436035,-0.013982415199279785,1.0,False
GATv2,59,0.95,random,10,-0.0004698634147644043,-0.0007012486457824707,-0.00882643461227417,-0.0014500617980957031,1.0,False
GATv2,59,0.95,random,11,-0.0002655982971191406,0.0032759904861450195,0.018285274505615234,-0.007825791835784912,0.9985714554786682,False
GATv2,59,0.95,random,12,0.0009278059005737305,0.0015401244163513184,-0.004995524883270264,-0.0006195306777954102,1.0,False
GATv2,59,0.95,random,13,0.0008703172206878662,0.004850327968597412,0.017077982425689697,-0.008144974708557129,1.0,False
GATv2,59,0.95,random,14,0.00021860003471374512,0.002650916576385498,0.026688992977142334,-0.021511733531951904,0.9992856979370117,False
GATv2,59,0.95,random,15,0.0011690258979797363,0.004136800765991211,0.012369930744171143,-0.011140227317810059,1.0,False
GATv2,59,0.95,random,16,0.0007545948028564453,0.0017751455307006836,-0.009893238544464111,0.00416254997253418,0.9992856979370117,False
GATv2,59,0.95,random,17,0.0021834075450897217,0.005198419094085693,-0.01131594181060791,0.011380791664123535,0.9992856979370117,False
GATv2,59,0.95,random,18,0.00023576617240905762,-0.0003478527069091797,0.005713224411010742,-0.006190001964569092,0.9992856979370117,False
GATv2,59,0.95,random,19,0.0005893707275390625,0.003147602081298828,0.0022692084312438965,-0.01030111312866211,1.0,False
GATv2,59,1.05,gcia_morphology,-1,0.013305366039276123,0.10184013843536377,-0.012764453887939453,0.022199690341949463,1.0,False
GATv2,59,1.05,random,0,0.0007650852203369141,0.003659665584564209,0.0010464787483215332,0.0003641843795776367,1.0,False
GATv2,59,1.05,random,1,-0.0007850229740142822,-0.004313409328460693,0.009328186511993408,-0.005071759223937988,1.0,False
GATv2,59,1.05,random,2,0.0008085668087005615,0.007582545280456543,0.0224916934967041,-0.00653839111328125,1.0,False
GATv2,59,1.05,random,3,7.43567943572998e-05,0.00035065412521362305,0.01909339427947998,-0.012446999549865723,1.0,False
GATv2,59,1.05,random,4,0.0004754066467285156,0.00043404102325439453,-0.018821418285369873,-0.002976715564727783,1.0,False
GATv2,59,1.05,random,5,5.0961971282958984e-06,0.0026044845581054688,0.001643836498260498,-0.0005444884300231934,0.9992856979370117,False
GATv2,59,1.05,random,6,0.0009335875511169434,0.007316708564758301,-0.0016790032386779785,-0.0021300315856933594,0.9992856979370117,False
GATv2,59,1.05,random,7,0.0002936720848083496,0.0007669329643249512,-0.012600362300872803,-0.000925600528717041,0.9992856979370117,False
GATv2,59,1.05,random,8,-0.0002569258213043213,7.832050323486328e-05,0.018685638904571533,-0.018193423748016357,1.0,False
GATv2,59,1.05,random,9,0.0002688169479370117,0.0024572014808654785,-0.013892531394958496,0.005207180976867676,1.0,False
GATv2,59,1.05,random,10,0.0002614259719848633,0.003342151641845703,-0.006123244762420654,-0.009636223316192627,0.9992856979370117,False
GATv2,59,1.05,random,11,0.001492142677307129,0.004517793655395508,-0.01789635419845581,0.008487880229949951,1.0,False
GATv2,59,1.05,random,12,0.0003139376640319824,0.0005733370780944824,-0.010776758193969727,0.009114623069763184,1.0,False
GATv2,59,1.05,random,13,-0.0011429786682128906,-0.00710374116897583,0.0019246935844421387,-0.0018821954727172852,1.0,False
GATv2,59,1.05,random,14,0.00029215216636657715,0.001012265682220459,-0.012173950672149658,-0.0010268688201904297,0.9992856979370117,False
GATv2,59,1.05,random,15,0.0007739663124084473,0.005704820156097412,0.020952284336090088,-0.0064078569412231445,1.0,False
GATv2,59,1.05,random,16,0.0005664229393005371,0.002328038215637207,-0.0023090243339538574,-0.002283334732055664,1.0,False
GATv2,59,1.05,random,17,-0.0010066628456115723,-0.004517495632171631,0.004156708717346191,0.005468010902404785,1.0,False
GATv2,59,1.05,random,18,-0.001191645860671997,-0.005311012268066406,0.01352602243423462,-0.0104026198387146,0.9992856979370117,False
GATv2,59,1.05,random,19,0.0005912482738494873,0.0035521388053894043,0.0012767910957336426,0.004986405372619629,0.9992856979370117,False
GATv2,7,0.95,gcia_morphology,-1,0.0006734132766723633,-0.07300424575805664,-0.038826704025268555,0.0026539862155914307,1.0,False
GATv2,7,0.95,random,0,0.00019788742065429688,-0.0017464160919189453,-0.001864612102508545,-0.0017696470022201538,1.0,False
GATv2,7,0.95,random,1,0.0002123713493347168,-0.0001119375228881836,-0.0006150603294372559,0.0012883096933364868,1.0,False
GATv2,7,0.95,random,2,0.0005232095718383789,0.0015156269073486328,-0.0002593994140625,-0.005114033818244934,1.0,False
GATv2,7,0.95,random,3,2.396106719970703e-05,0.0013320446014404297,0.004141628742218018,-0.0035433322191238403,1.0,False
GATv2,7,0.95,random,4,-0.00040400028228759766,-0.0006525516510009766,-0.001832425594329834,0.005025491118431091,1.0,False
GATv2,7,0.95,random,5,3.4928321838378906e-05,-0.001749277114868164,0.003963470458984375,-0.0012829452753067017,1.0,False
GATv2,7,0.95,random,6,0.0001341104507446289,-5.424022674560547e-05,0.010304689407348633,-0.005756452679634094,1.0,False
GATv2,7,0.95,random,7,-0.00011360645294189453,-0.00012421607971191406,0.0033739805221557617,0.00469575822353363,1.0,False
GATv2,7,0.95,random,8,-0.0001074075698852539,-0.0023889541625976562,0.000680088996887207,0.0018920451402664185,1.0,False
GATv2,7,0.95,random,9,-0.00043457746505737305,0.00016236305236816406,0.001518547534942627,0.0020739883184432983,1.0,False
GATv2,7,0.95,random,10,0.00014334917068481445,0.0025023221969604492,0.00226747989654541,-0.0076885223388671875,1.0,False
GATv2,7,0.95,random,11,-0.00033777952194213867,0.0008311271667480469,-0.008942961692810059,-0.003088429570198059,1.0,False
GATv2,7,0.95,random,12,-5.3882598876953125e-05,-0.0023206472396850586,0.0010109543800354004,-0.0004761219024658203,1.0,False
GATv2,7,0.95,random,13,-1.615285873413086e-05,-0.0005570650100708008,0.003061056137084961,0.0017307251691818237,1.0,False
GATv2,7,0.95,random,14,0.0005282163619995117,0.0007426738739013672,-0.0014739036560058594,-0.0034980028867721558,1.0,False
GATv2,7,0.95,random,15,-3.123283386230469e-05,-0.004139423370361328,0.0026070475578308105,-0.002526208758354187,1.0,False
GATv2,7,0.95,random,16,-1.704692840576172e-05,0.0022867918014526367,0.002591848373413086,0.004289299249649048,1.0,False
GATv2,7,0.95,random,17,0.000353395938873291,-0.003695249557495117,-0.002032041549682617,0.000536307692527771,1.0,False
GATv2,7,0.95,random,18,-5.4955482482910156e-05,0.00014901161193847656,0.0019725561141967773,0.002701804041862488,1.0,False
GATv2,7,0.95,random,19,-0.00017309188842773438,-0.0020259618759155273,0.0018622875213623047,-0.000940173864364624,1.0,False
GATv2,7,1.05,gcia_morphology,-1,-0.0005025267601013184,0.06879985332489014,0.03944498300552368,-0.002744823694229126,1.0,False
GATv2,7,1.05,random,0,0.00046455860137939453,0.001747727394104004,0.0012285113334655762,-0.002552524209022522,1.0,False
GATv2,7,1.05,random,1,7.331371307373047e-05,-0.00014328956604003906,0.0005846619606018066,0.002277284860610962,1.0,False
GATv2,7,1.05,random,2,-2.2590160369873047e-05,0.001155257225036621,-0.0004939436912536621,-0.0021414905786514282,1.0,False
GATv2,7,1.05,random,3,-0.00030231475830078125,0.0003999471664428711,0.0005295872688293457,-0.00037504732608795166,1.0,False
GATv2,7,1.05,random,4,-0.00018799304962158203,-0.0010669231414794922,-0.002111077308654785,0.004044666886329651,1.0,False
GATv2,7,1.05,random,5,0.00029015541076660156,0.0017423629760742188,-0.0002993941307067871,-0.0014389902353286743,1.0,False
GATv2,7,1.05,random,6,-5.239248275756836e-05,-0.0017532110214233398,0.008107900619506836,0.0026999861001968384,1.0,False
GATv2,7,1.05,random,7,-0.0005411505699157715,0.0001672506332397461,0.0042885541915893555,0.004240855574607849,1.0,False
GATv2,7,1.05,random,8,-0.00014287233352661133,0.0005044937133789062,0.008963167667388916,-0.0013816505670547485,1.0,False
GATv2,7,1.05,random,9,0.0004292726516723633,0.004674792289733887,-0.0048065185546875,-0.0045072585344314575,1.0,False
GATv2,7,1.05,random,10,-0.00019347667694091797,0.0024445056915283203,0.007305324077606201,0.0014512240886688232,1.0,False
GATv2,7,1.05,random,11,0.0003859996795654297,0.0012569427490234375,-0.006726622581481934,-0.0033099353313446045,1.0,False
GATv2,7,1.05,random,12,-3.0875205993652344e-05,-0.002055644989013672,0.0006746649742126465,-0.004822641611099243,1.0,False
GATv2,7,1.05,random,13,-0.00035512447357177734,0.0024350881576538086,0.0013079047203063965,0.001448318362236023,1.0,False
GATv2,7,1.05,random,14,0.0002830028533935547,-0.0020052194595336914,-0.006340444087982178,0.0021923035383224487,1.0,False
GATv2,7,1.05,random,15,-0.0007905364036560059,0.0035004615783691406,0.00985419750213623,-0.007089883089065552,1.0,False
GATv2,7,1.05,random,16,-0.0004500746726989746,-0.0032520294189453125,-0.0014124512672424316,-0.0011529624462127686,1.0,False
GATv2,7,1.05,random,17,8.302927017211914e-05,-0.0016067028045654297,-0.0004127025604248047,-7.34478235244751e-05,1.0,False
GATv2,7,1.05,random,18,-0.00025475025177001953,0.0006775856018066406,0.0007290244102478027,-0.00028349459171295166,1.0,False
GATv2,7,1.05,random,19,-4.38690185546875e-05,8.094310760498047e-05,-0.003922939300537109,-3.904104232788086e-06,1.0,False
GATv2,87,0.95,gcia_morphology,-1,-0.013466805219650269,-0.10752585530281067,0.017063215374946594,-0.014000743627548218,1.0,False
GATv2,87,0.95,random,0,0.0005342960357666016,0.006822258234024048,-0.018162429332733154,0.005085170269012451,1.0,False
GATv2,87,0.95,random,1,7.778406143188477e-05,0.0023122429847717285,0.0033610761165618896,-0.0008093416690826416,1.0,False
GATv2,87,0.95,random,2,3.5643577575683594e-05,0.002297043800354004,0.003933176398277283,-0.00433465838432312,1.0,False
GATv2,87,0.95,random,3,-0.0008658766746520996,-0.002261549234390259,0.013796418905258179,-0.0031796693801879883,1.0,False
GATv2,87,0.95,random,4,0.0005119442939758301,-0.003503173589706421,-0.01782989501953125,0.017690181732177734,1.0,False
GATv2,87,0.95,random,5,0.0008609890937805176,0.009349554777145386,0.004978954792022705,0.0006255209445953369,1.0,False
GATv2,87,0.95,random,6,0.00025832653045654297,0.004921257495880127,-0.026823654770851135,0.007645964622497559,1.0,False
GATv2,87,0.95,random,7,0.001450657844543457,0.006570875644683838,-0.01228266954421997,0.002740412950515747,1.0,False
GATv2,87,0.95,random,8,0.0013146400451660156,0.00480043888092041,-0.005601540207862854,0.006766319274902344,1.0,False
GATv2,87,0.95,random,9,-0.0012360811233520508,-0.006335258483886719,-0.0039508044719696045,0.012012898921966553,1.0,False
GATv2,87,0.95,random,10,0.0005425214767456055,0.003171771764755249,0.011126622557640076,-0.013490527868270874,1.0,False
GATv2,87,0.95,random,11,0.0007320642471313477,0.0012542307376861572,-0.02362099289894104,0.016709089279174805,1.0,False
GATv2,87,0.95,random,12,-0.00034797191619873047,0.0019002854824066162,0.009776785969734192,0.005105733871459961,1.0,False
GATv2,87,0.95,random,13,0.0007655620574951172,0.004037827253341675,-0.01282358169555664,-0.0004520118236541748,1.0,False
GATv2,87,0.95,random,14,-0.0006076693534851074,-0.0009640753269195557,0.010921895503997803,-0.00662761926651001,1.0,False
GATv2,87,0.95,random,15,0.0012471675872802734,0.007090836763381958,-0.007401421666145325,-0.003457009792327881,1.0,False
GATv2,87,0.95,random,16,0.0016851425170898438,0.009777575731277466,0.008303403854370117,-0.016547948122024536,1.0,False
GATv2,87,0.95,random,17,-0.002279907464981079,-0.010154902935028076,0.01144331693649292,-0.0007442831993103027,1.0,False
GATv2,87,0.95,random,18,0.0006385445594787598,0.008701622486114502,-0.010094672441482544,0.004130959510803223,1.0,False
GATv2,87,0.95,random,19,-0.0024879872798919678,-0.011198341846466064,0.001016274094581604,0.0031368136405944824,1.0,False
GATv2,87,1.05,gcia_morphology,-1,0.015175342559814453,0.11261162161827087,-0.016495496034622192,0.011611640453338623,1.0,False
GATv2,87,1.05,random,0,-0.0015628337860107422,-0.006785273551940918,0.006969034671783447,-0.005299925804138184,1.0,False
GATv2,87,1.05,random,1,-0.00025957822799682617,-0.0010636448860168457,0.008530601859092712,-0.0036402642726898193,1.0,False
GATv2,87,1.05,random,2,-0.0003743171691894531,-0.007640480995178223,-0.025321215391159058,0.005976080894470215,1.0,False
GATv2,87,1.05,random,3,0.0002713799476623535,0.006584614515304565,-0.0011292695999145508,-0.0028485655784606934,1.0,False
GATv2,87,1.05,random,4,0.00014728307723999023,0.006064236164093018,-0.008287549018859863,0.013849377632141113,1.0,False
GATv2,87,1.05,random,5,-0.0032768547534942627,-0.010318458080291748,0.0401967316865921,-0.01149722933769226,1.0,False
GATv2,87,1.05,random,6,-0.0009573698043823242,-0.0037079155445098877,-0.007318779826164246,0.006778597831726074,1.0,False
GATv2,87,1.05,random,7,0.0006214380264282227,-0.0007520914077758789,0.02473318576812744,-0.017998844385147095,1.0,False
GATv2,87,1.05,random,8,-0.00012731552124023438,-0.004061341285705566,0.008996576070785522,-0.00035762786865234375,1.0,False
GATv2,87,1.05,random,9,0.0007200837135314941,0.004685133695602417,0.01613757014274597,-0.008365005254745483,1.0,False
GATv2,87,1.05,random,10,0.000338137149810791,-0.004309713840484619,0.03255736827850342,-0.017201542854309082,1.0,False
GATv2,87,1.05,random,11,-0.0011321306228637695,-0.0008180737495422363,-0.0035479366779327393,0.008335232734680176,1.0,False
GATv2,87,1.05,random,12,0.000277101993560791,0.0017105042934417725,-0.01001441478729248,-0.0081043541431427,1.0,False
GATv2,87,1.05,random,13,0.0007935762405395508,0.008090496063232422,-0.01681584119796753,0.006700336933135986,1.0,False
GATv2,87,1.05,random,14,-0.0003733038902282715,-0.004539310932159424,0.0032128840684890747,-0.001870274543762207,1.0,False
GATv2,87,1.05,random,15,0.00012046098709106445,0.0023897290229797363,0.008208662271499634,0.0013405978679656982,1.0,False
GATv2,87,1.05,random,16,-1.1622905731201172e-05,-0.001782059669494629,-0.009059637784957886,0.004218429327011108,1.0,False
GATv2,87,1.05,random,17,-0.0005720853805541992,-0.011963695287704468,0.016262859106063843,-0.01141977310180664,1.0,False
GATv2,87,1.05,random,18,0.0005982518196105957,0.00047832727432250977,-0.007009491324424744,4.121661186218262e-05,1.0,False
GATv2,87,1.05,random,19,-0.0010280013084411621,-0.009039223194122314,-0.005068287253379822,0.007722437381744385,1.0,False
GATv2,9,0.95,gcia_morphology,-1,-0.025133967399597168,-0.16994312405586243,-0.011760056018829346,-0.008696675300598145,1.0,False
GATv2,9,0.95,random,0,-0.0028427839279174805,-0.005538642406463623,0.012137770652770996,-0.005071043968200684,1.0,False
GATv2,9,0.95,random,1,0.004404902458190918,0.005823969841003418,-0.01603323221206665,0.0031491518020629883,1.0,False
GATv2,9,0.95,random,2,0.0009818077087402344,0.006676733493804932,-0.0028592944145202637,0.004816651344299316,1.0,False
GATv2,9,0.95,random,3,0.0018173456192016602,0.004171848297119141,-0.007742404937744141,0.0044934749603271484,1.0,False
GATv2,9,0.95,random,4,-0.0010622739791870117,0.006794571876525879,-0.00564950704574585,0.0014400482177734375,1.0,False
GATv2,9,0.95,random,5,-0.0009067654609680176,-0.0010834932327270508,0.008181452751159668,-0.008412480354309082,1.0,False
GATv2,9,0.95,random,6,0.0006629824638366699,0.01057654619216919,0.025379300117492676,-0.023177027702331543,0.9985954761505127,False
GATv2,9,0.95,random,7,0.0006362199783325195,0.004980802536010742,0.003037869930267334,0.009699702262878418,1.0,False
GATv2,9,0.95,random,8,0.003253638744354248,0.0017660856246948242,-0.009345054626464844,0.0006314516067504883,1.0,False
GATv2,9,0.95,random,9,0.0017452239990234375,-0.00030916929244995117,-0.027186214923858643,0.01703011989593506,1.0,False
GATv2,9,0.95,random,10,0.0016478300094604492,0.0017410516738891602,-0.004787087440490723,-0.00916755199432373,0.9985954761505127,False
GATv2,9,0.95,random,11,-0.0014627575874328613,-0.005796670913696289,0.039815664291381836,-0.01597738265991211,1.0,False
GATv2,9,0.95,random,12,-0.00230252742767334,-0.004644572734832764,0.01935940980911255,0.006176114082336426,1.0,False
GATv2,9,0.95,random,13,-0.0008345246315002441,-0.01413494348526001,-0.0011440515518188477,0.00013577938079833984,0.9985954761505127,False
GATv2,9,0.95,random,14,-0.0007516741752624512,0.010650694370269775,0.014448761940002441,-0.011181235313415527,1.0,False
GATv2,9,0.95,random,15,-0.0009657740592956543,-0.009360253810882568,0.011303305625915527,-0.008097410202026367,1.0,False
GATv2,9,0.95,random,16,0.002676725387573242,0.01183319091796875,0.002532780170440674,-0.013412714004516602,1.0,False
GATv2,9,0.95,random,17,0.0004372596740722656,-0.0024809837341308594,0.015087366104125977,0.012667417526245117,1.0,False
GATv2,9,0.95,random,18,0.0015140771865844727,0.0005235075950622559,0.012806534767150879,-0.006397128105163574,1.0,False
GATv2,9,0.95,random,19,0.0024186372756958008,-0.005312502384185791,-0.009173393249511719,0.0078078508377075195,1.0,False
GATv2,9,1.05,gcia_morphology,-1,0.024869084358215332,0.17043209075927734,0.019841313362121582,0.010080933570861816,1.0,False
GATv2,9,1.05,random,0,0.00047981739044189453,0.004554569721221924,0.02760136127471924,-0.0027588605880737305,1.0,False
GATv2,9,1.05,random,1,-0.0008262395858764648,-0.00920802354812622,0.011242151260375977,-0.03019428253173828,1.0,False
GATv2,9,1.05,random,2,0.0015072226524353027,0.010145366191864014,-0.006548404693603516,-0.004982590675354004,1.0,False
GATv2,9,1.05,random,3,0.00022095441818237305,0.001861274242401123,0.011311948299407959,-0.0011565685272216797,1.0,False
GATv2,9,1.05,random,4,-0.0017644166946411133,-0.016229093074798584,-0.0003579854965209961,0.003557443618774414,1.0,False
GATv2,9,1.05,random,5,0.001825094223022461,0.0020734071731567383,0.017290472984313965,-0.011752009391784668,1.0,False
GATv2,9,1.05,random,6,0.001099705696105957,0.000903785228729248,-0.020201444625854492,0.005408167839050293,1.0,False
GATv2,9,1.05,random,7,-0.0021944046020507812,-0.008996188640594482,0.004835784435272217,-0.0050852298736572266,1.0,False
GATv2,9,1.05,random,8,-0.0019521713256835938,0.0010985732078552246,0.03373241424560547,-0.018774986267089844,1.0,False
GATv2,9,1.05,random,9,-0.0004601478576660156,0.01003873348236084,0.024267494678497314,-0.012891292572021484,1.0,False
GATv2,9,1.05,random,10,-0.0007750988006591797,0.0065749287605285645,0.017119884490966797,0.0022279024124145508,1.0,False
GATv2,9,1.05,random,11,0.0013347268104553223,0.0027001500129699707,-0.005136549472808838,-0.003876328468322754,1.0,False
GATv2,9,1.05,random,12,0.001120448112487793,0.005028188228607178,-0.010767757892608643,0.005626320838928223,1.0,False
GATv2,9,1.05,random,13,0.0015553832054138184,0.010909974575042725,-0.012073814868927002,0.01621723175048828,1.0,False
GATv2,9,1.05,random,14,-8.26120376586914e-05,0.0007120966911315918,-0.0012328624725341797,-0.0030918121337890625,1.0,False
GATv2,9,1.05,random,15,0.0016033053398132324,0.0029105544090270996,0.013332486152648926,-0.014888644218444824,1.0,False
GATv2,9,1.05,random,16,-0.0009296536445617676,-0.00150376558303833,0.004233121871948242,-0.0039969682693481445,1.0,False
GATv2,9,1.05,random,17,0.0001461505889892578,0.00034999847412109375,0.002142786979675293,-0.0029605627059936523,1.0,False
GATv2,9,1.05,random,18,-0.000998854637145996,-0.004583895206451416,0.009841442108154297,0.007505297660827637,1.0,False
GATv2,9,1.05,random,19,-0.0015244483947753906,0.0013499259948730469,-0.0048670172691345215,-0.003925919532775879,1.0,False
