split,category,slide_id,roi_label,image_id,bytes,remote_path
train,0_N,BRACS_1003675,N,BRACS_1003675_N_1.png,10507581,/BRACS_RoI/latest_version/train/0_N/BRACS_1003675_N_1.png
train,0_N,BRACS_1003713,N,BRACS_1003713_N_1.png,3465007,/BRACS_RoI/latest_version/train/0_N/BRACS_1003713_N_1.png
train,0_N,BRACS_1003714,N,BRACS_1003714_N_1.png,14122060,/BRACS_RoI/latest_version/train/0_N/BRACS_1003714_N_1.png
train,0_N,BRACS_1003715,N,BRACS_1003715_N_1.png,11461037,/BRACS_RoI/latest_version/train/0_N/BRACS_1003715_N_1.png
train,0_N,BRACS_1003716,N,BRACS_1003716_N_1.png,4033640,/BRACS_RoI/latest_version/train/0_N/BRACS_1003716_N_1.png
train,0_N,BRACS_1003717,N,BRACS_1003717_N_1.png,3181845,/BRACS_RoI/latest_version/train/0_N/BRACS_1003717_N_1.png
train,0_N,BRACS_1003718,N,BRACS_1003718_N_1.png,2204635,/BRACS_RoI/latest_version/train/0_N/BRACS_1003718_N_1.png
train,0_N,BRACS_1231,N,BRACS_1231_N_11.png,11843988,/BRACS_RoI/latest_version/train/0_N/BRACS_1231_N_11.png
train,0_N,BRACS_1231,N,BRACS_1231_N_18.png,7947971,/BRACS_RoI/latest_version/train/0_N/BRACS_1231_N_18.png
train,0_N,BRACS_1231,N,BRACS_1231_N_19.png,6298850,/BRACS_RoI/latest_version/train/0_N/BRACS_1231_N_19.png
train,0_N,BRACS_1231,N,BRACS_1231_N_24.png,9638630,/BRACS_RoI/latest_version/train/0_N/BRACS_1231_N_24.png
train,0_N,BRACS_1231,N,BRACS_1231_N_27.png,7119049,/BRACS_RoI/latest_version/train/0_N/BRACS_1231_N_27.png
train,0_N,BRACS_1231,N,BRACS_1231_N_29.png,11258740,/BRACS_RoI/latest_version/train/0_N/BRACS_1231_N_29.png
train,0_N,BRACS_1231,N,BRACS_1231_N_37.png,7478602,/BRACS_RoI/latest_version/train/0_N/BRACS_1231_N_37.png
train,0_N,BRACS_1231,N,BRACS_1231_N_38.png,5108789,/BRACS_RoI/latest_version/train/0_N/BRACS_1231_N_38.png
train,0_N,BRACS_1231,N,BRACS_1231_N_39.png,1940827,/BRACS_RoI/latest_version/train/0_N/BRACS_1231_N_39.png
train,0_N,BRACS_1231,N,BRACS_1231_N_40.png,4952527,/BRACS_RoI/latest_version/train/0_N/BRACS_1231_N_40.png
train,0_N,BRACS_1231,N,BRACS_1231_N_41.png,10568684,/BRACS_RoI/latest_version/train/0_N/BRACS_1231_N_41.png
train,0_N,BRACS_1231,N,BRACS_1231_N_45.png,3735692,/BRACS_RoI/latest_version/train/0_N/BRACS_1231_N_45.png
train,0_N,BRACS_1231,N,BRACS_1231_N_50.png,4604412,/BRACS_RoI/latest_version/train/0_N/BRACS_1231_N_50.png
train,0_N,BRACS_1231,N,BRACS_1231_N_52.png,2089291,/BRACS_RoI/latest_version/train/0_N/BRACS_1231_N_52.png
train,0_N,BRACS_1231,N,BRACS_1231_N_54.png,4180632,/BRACS_RoI/latest_version/train/0_N/BRACS_1231_N_54.png
train,0_N,BRACS_1231,N,BRACS_1231_N_56.png,10820247,/BRACS_RoI/latest_version/train/0_N/BRACS_1231_N_56.png
train,0_N,BRACS_1231,N,BRACS_1231_N_58.png,4303682,/BRACS_RoI/latest_version/train/0_N/BRACS_1231_N_58.png
train,0_N,BRACS_1231,N,BRACS_1231_N_61.png,7378155,/BRACS_RoI/latest_version/train/0_N/BRACS_1231_N_61.png
train,0_N,BRACS_1231,N,BRACS_1231_N_62.png,1852155,/BRACS_RoI/latest_version/train/0_N/BRACS_1231_N_62.png
train,0_N,BRACS_1231,N,BRACS_1231_N_8.png,9776918,/BRACS_RoI/latest_version/train/0_N/BRACS_1231_N_8.png
train,0_N,BRACS_1235,N,BRACS_1235_N_12.png,10911910,/BRACS_RoI/latest_version/train/0_N/BRACS_1235_N_12.png
train,0_N,BRACS_1235,N,BRACS_1235_N_13.png,11766931,/BRACS_RoI/latest_version/train/0_N/BRACS_1235_N_13.png
train,0_N,BRACS_1235,N,BRACS_1235_N_25.png,15604647,/BRACS_RoI/latest_version/train/0_N/BRACS_1235_N_25.png
train,0_N,BRACS_1235,N,BRACS_1235_N_26.png,13079955,/BRACS_RoI/latest_version/train/0_N/BRACS_1235_N_26.png
train,0_N,BRACS_1235,N,BRACS_1235_N_29.png,13477706,/BRACS_RoI/latest_version/train/0_N/BRACS_1235_N_29.png
train,0_N,BRACS_1235,N,BRACS_1235_N_31.png,12734227,/BRACS_RoI/latest_version/train/0_N/BRACS_1235_N_31.png
train,0_N,BRACS_1235,N,BRACS_1235_N_36.png,6332659,/BRACS_RoI/latest_version/train/0_N/BRACS_1235_N_36.png
train,0_N,BRACS_1235,N,BRACS_1235_N_4.png,10753734,/BRACS_RoI/latest_version/train/0_N/BRACS_1235_N_4.png
train,0_N,BRACS_1235,N,BRACS_1235_N_41.png,5671266,/BRACS_RoI/latest_version/train/0_N/BRACS_1235_N_41.png
train,0_N,BRACS_1235,N,BRACS_1235_N_42.png,9941953,/BRACS_RoI/latest_version/train/0_N/BRACS_1235_N_42.png
train,0_N,BRACS_1235,N,BRACS_1235_N_5.png,12635794,/BRACS_RoI/latest_version/train/0_N/BRACS_1235_N_5.png
train,0_N,BRACS_1235,N,BRACS_1235_N_6.png,22063016,/BRACS_RoI/latest_version/train/0_N/BRACS_1235_N_6.png
train,0_N,BRACS_1235,N,BRACS_1235_N_8.png,18976548,/BRACS_RoI/latest_version/train/0_N/BRACS_1235_N_8.png
train,0_N,BRACS_1235,N,BRACS_1235_N_9.png,15516243,/BRACS_RoI/latest_version/train/0_N/BRACS_1235_N_9.png
train,0_N,BRACS_1272,N,BRACS_1272_N_29.png,10521840,/BRACS_RoI/latest_version/train/0_N/BRACS_1272_N_29.png
train,0_N,BRACS_1272,N,BRACS_1272_N_46.png,29758074,/BRACS_RoI/latest_version/train/0_N/BRACS_1272_N_46.png
train,0_N,BRACS_1279,N,BRACS_1279_N_4.png,34747726,/BRACS_RoI/latest_version/train/0_N/BRACS_1279_N_4.png
train,0_N,BRACS_1318,N,BRACS_1318_N_10.png,11422616,/BRACS_RoI/latest_version/train/0_N/BRACS_1318_N_10.png
train,0_N,BRACS_1318,N,BRACS_1318_N_9.png,17466819,/BRACS_RoI/latest_version/train/0_N/BRACS_1318_N_9.png
train,0_N,BRACS_1319,N,BRACS_1319_N_14.png,17191066,/BRACS_RoI/latest_version/train/0_N/BRACS_1319_N_14.png
train,0_N,BRACS_1319,N,BRACS_1319_N_17.png,10332392,/BRACS_RoI/latest_version/train/0_N/BRACS_1319_N_17.png
train,0_N,BRACS_1319,N,BRACS_1319_N_3.png,27674316,/BRACS_RoI/latest_version/train/0_N/BRACS_1319_N_3.png
train,0_N,BRACS_1319,N,BRACS_1319_N_5.png,25739318,/BRACS_RoI/latest_version/train/0_N/BRACS_1319_N_5.png
train,0_N,BRACS_1320,N,BRACS_1320_N_18.png,23703907,/BRACS_RoI/latest_version/train/0_N/BRACS_1320_N_18.png
train,0_N,BRACS_1320,N,BRACS_1320_N_6.png,27162411,/BRACS_RoI/latest_version/train/0_N/BRACS_1320_N_6.png
train,0_N,BRACS_1322,N,BRACS_1322_N_4.png,36481266,/BRACS_RoI/latest_version/train/0_N/BRACS_1322_N_4.png
train,0_N,BRACS_1325,N,BRACS_1325_N_1.png,11982409,/BRACS_RoI/latest_version/train/0_N/BRACS_1325_N_1.png
train,0_N,BRACS_1325,N,BRACS_1325_N_14.png,10744200,/BRACS_RoI/latest_version/train/0_N/BRACS_1325_N_14.png
train,0_N,BRACS_1325,N,BRACS_1325_N_3.png,27310849,/BRACS_RoI/latest_version/train/0_N/BRACS_1325_N_3.png
train,0_N,BRACS_1325,N,BRACS_1325_N_4.png,10527975,/BRACS_RoI/latest_version/train/0_N/BRACS_1325_N_4.png
train,0_N,BRACS_1325,N,BRACS_1325_N_6.png,4500018,/BRACS_RoI/latest_version/train/0_N/BRACS_1325_N_6.png
train,0_N,BRACS_1325,N,BRACS_1325_N_7.png,4229616,/BRACS_RoI/latest_version/train/0_N/BRACS_1325_N_7.png
train,0_N,BRACS_1325,N,BRACS_1325_N_8.png,5475058,/BRACS_RoI/latest_version/train/0_N/BRACS_1325_N_8.png
train,0_N,BRACS_1325,N,BRACS_1325_N_9.png,9740028,/BRACS_RoI/latest_version/train/0_N/BRACS_1325_N_9.png
train,0_N,BRACS_1326,N,BRACS_1326_N_10.png,21460573,/BRACS_RoI/latest_version/train/0_N/BRACS_1326_N_10.png
train,0_N,BRACS_1326,N,BRACS_1326_N_11.png,9305627,/BRACS_RoI/latest_version/train/0_N/BRACS_1326_N_11.png
train,0_N,BRACS_1326,N,BRACS_1326_N_2.png,30205040,/BRACS_RoI/latest_version/train/0_N/BRACS_1326_N_2.png
train,0_N,BRACS_1326,N,BRACS_1326_N_5.png,5710458,/BRACS_RoI/latest_version/train/0_N/BRACS_1326_N_5.png
train,0_N,BRACS_1326,N,BRACS_1326_N_6.png,17294955,/BRACS_RoI/latest_version/train/0_N/BRACS_1326_N_6.png
train,0_N,BRACS_1326,N,BRACS_1326_N_7.png,23693985,/BRACS_RoI/latest_version/train/0_N/BRACS_1326_N_7.png
train,0_N,BRACS_1326,N,BRACS_1326_N_8.png,12408301,/BRACS_RoI/latest_version/train/0_N/BRACS_1326_N_8.png
train,0_N,BRACS_1327,N,BRACS_1327_N_1.png,19206750,/BRACS_RoI/latest_version/train/0_N/BRACS_1327_N_1.png
train,0_N,BRACS_1327,N,BRACS_1327_N_10.png,19248780,/BRACS_RoI/latest_version/train/0_N/BRACS_1327_N_10.png
train,0_N,BRACS_1327,N,BRACS_1327_N_11.png,23288914,/BRACS_RoI/latest_version/train/0_N/BRACS_1327_N_11.png
train,0_N,BRACS_1327,N,BRACS_1327_N_12.png,10709464,/BRACS_RoI/latest_version/train/0_N/BRACS_1327_N_12.png
train,0_N,BRACS_1327,N,BRACS_1327_N_13.png,14396232,/BRACS_RoI/latest_version/train/0_N/BRACS_1327_N_13.png
train,0_N,BRACS_1327,N,BRACS_1327_N_14.png,20692548,/BRACS_RoI/latest_version/train/0_N/BRACS_1327_N_14.png
train,0_N,BRACS_1327,N,BRACS_1327_N_15.png,21323542,/BRACS_RoI/latest_version/train/0_N/BRACS_1327_N_15.png
train,0_N,BRACS_1327,N,BRACS_1327_N_2.png,4741803,/BRACS_RoI/latest_version/train/0_N/BRACS_1327_N_2.png
train,0_N,BRACS_1327,N,BRACS_1327_N_3.png,8364772,/BRACS_RoI/latest_version/train/0_N/BRACS_1327_N_3.png
train,0_N,BRACS_1327,N,BRACS_1327_N_4.png,15089617,/BRACS_RoI/latest_version/train/0_N/BRACS_1327_N_4.png
train,0_N,BRACS_1327,N,BRACS_1327_N_5.png,9822090,/BRACS_RoI/latest_version/train/0_N/BRACS_1327_N_5.png
train,0_N,BRACS_1327,N,BRACS_1327_N_6.png,9833420,/BRACS_RoI/latest_version/train/0_N/BRACS_1327_N_6.png
train,0_N,BRACS_1327,N,BRACS_1327_N_7.png,8710203,/BRACS_RoI/latest_version/train/0_N/BRACS_1327_N_7.png
train,0_N,BRACS_1327,N,BRACS_1327_N_9.png,16527781,/BRACS_RoI/latest_version/train/0_N/BRACS_1327_N_9.png
train,0_N,BRACS_1337,N,BRACS_1337_N_3.png,22865076,/BRACS_RoI/latest_version/train/0_N/BRACS_1337_N_3.png
train,0_N,BRACS_1337,N,BRACS_1337_N_5.png,25443507,/BRACS_RoI/latest_version/train/0_N/BRACS_1337_N_5.png
train,0_N,BRACS_1369,N,BRACS_1369_N_3.png,12289998,/BRACS_RoI/latest_version/train/0_N/BRACS_1369_N_3.png
train,0_N,BRACS_1370,N,BRACS_1370_N_2.png,8223587,/BRACS_RoI/latest_version/train/0_N/BRACS_1370_N_2.png
train,0_N,BRACS_1370,N,BRACS_1370_N_3.png,13362752,/BRACS_RoI/latest_version/train/0_N/BRACS_1370_N_3.png
train,0_N,BRACS_1370,N,BRACS_1370_N_5.png,9978254,/BRACS_RoI/latest_version/train/0_N/BRACS_1370_N_5.png
train,0_N,BRACS_1483,N,BRACS_1483_N_1.png,1337366,/BRACS_RoI/latest_version/train/0_N/BRACS_1483_N_1.png
train,0_N,BRACS_1485,N,BRACS_1485_N_3.png,5368331,/BRACS_RoI/latest_version/train/0_N/BRACS_1485_N_3.png
train,0_N,BRACS_1485,N,BRACS_1485_N_4.png,4892586,/BRACS_RoI/latest_version/train/0_N/BRACS_1485_N_4.png
train,0_N,BRACS_1490,N,BRACS_1490_N_11.png,21180450,/BRACS_RoI/latest_version/train/0_N/BRACS_1490_N_11.png
train,0_N,BRACS_1490,N,BRACS_1490_N_3.png,3612948,/BRACS_RoI/latest_version/train/0_N/BRACS_1490_N_3.png
train,0_N,BRACS_1490,N,BRACS_1490_N_9.png,46800968,/BRACS_RoI/latest_version/train/0_N/BRACS_1490_N_9.png
train,0_N,BRACS_1493,N,BRACS_1493_N_3.png,3315641,/BRACS_RoI/latest_version/train/0_N/BRACS_1493_N_3.png
train,0_N,BRACS_1493,N,BRACS_1493_N_4.png,2615619,/BRACS_RoI/latest_version/train/0_N/BRACS_1493_N_4.png
train,0_N,BRACS_1493,N,BRACS_1493_N_6.png,8389881,/BRACS_RoI/latest_version/train/0_N/BRACS_1493_N_6.png
train,0_N,BRACS_1493,N,BRACS_1493_N_7.png,7189295,/BRACS_RoI/latest_version/train/0_N/BRACS_1493_N_7.png
train,0_N,BRACS_1494,N,BRACS_1494_N_21.png,8167882,/BRACS_RoI/latest_version/train/0_N/BRACS_1494_N_21.png
train,0_N,BRACS_1494,N,BRACS_1494_N_54.png,4772045,/BRACS_RoI/latest_version/train/0_N/BRACS_1494_N_54.png
train,0_N,BRACS_1506,N,BRACS_1506_N_1.png,52952265,/BRACS_RoI/latest_version/train/0_N/BRACS_1506_N_1.png
train,0_N,BRACS_1506,N,BRACS_1506_N_2.png,20606896,/BRACS_RoI/latest_version/train/0_N/BRACS_1506_N_2.png
train,0_N,BRACS_1506,N,BRACS_1506_N_3.png,16962022,/BRACS_RoI/latest_version/train/0_N/BRACS_1506_N_3.png
train,0_N,BRACS_1506,N,BRACS_1506_N_4.png,4189483,/BRACS_RoI/latest_version/train/0_N/BRACS_1506_N_4.png
train,0_N,BRACS_1506,N,BRACS_1506_N_7.png,12044535,/BRACS_RoI/latest_version/train/0_N/BRACS_1506_N_7.png
train,0_N,BRACS_1506,N,BRACS_1506_N_8.png,21755864,/BRACS_RoI/latest_version/train/0_N/BRACS_1506_N_8.png
train,0_N,BRACS_1506,N,BRACS_1506_N_9.png,14448769,/BRACS_RoI/latest_version/train/0_N/BRACS_1506_N_9.png
train,0_N,BRACS_1507,N,BRACS_1507_N_1.png,21515222,/BRACS_RoI/latest_version/train/0_N/BRACS_1507_N_1.png
train,0_N,BRACS_1507,N,BRACS_1507_N_10.png,33920343,/BRACS_RoI/latest_version/train/0_N/BRACS_1507_N_10.png
train,0_N,BRACS_1507,N,BRACS_1507_N_2.png,27458778,/BRACS_RoI/latest_version/train/0_N/BRACS_1507_N_2.png
train,0_N,BRACS_1507,N,BRACS_1507_N_3.png,30805689,/BRACS_RoI/latest_version/train/0_N/BRACS_1507_N_3.png
train,0_N,BRACS_1507,N,BRACS_1507_N_4.png,4909799,/BRACS_RoI/latest_version/train/0_N/BRACS_1507_N_4.png
train,0_N,BRACS_1507,N,BRACS_1507_N_5.png,22240268,/BRACS_RoI/latest_version/train/0_N/BRACS_1507_N_5.png
train,0_N,BRACS_1507,N,BRACS_1507_N_6.png,21466105,/BRACS_RoI/latest_version/train/0_N/BRACS_1507_N_6.png
train,0_N,BRACS_1507,N,BRACS_1507_N_7.png,9219155,/BRACS_RoI/latest_version/train/0_N/BRACS_1507_N_7.png
train,0_N,BRACS_1507,N,BRACS_1507_N_8.png,16354269,/BRACS_RoI/latest_version/train/0_N/BRACS_1507_N_8.png
train,0_N,BRACS_1507,N,BRACS_1507_N_9.png,19062523,/BRACS_RoI/latest_version/train/0_N/BRACS_1507_N_9.png
train,0_N,BRACS_1508,N,BRACS_1508_N_1.png,16973505,/BRACS_RoI/latest_version/train/0_N/BRACS_1508_N_1.png
train,0_N,BRACS_1508,N,BRACS_1508_N_3.png,11453329,/BRACS_RoI/latest_version/train/0_N/BRACS_1508_N_3.png
train,0_N,BRACS_1508,N,BRACS_1508_N_4.png,3575123,/BRACS_RoI/latest_version/train/0_N/BRACS_1508_N_4.png
train,0_N,BRACS_1510,N,BRACS_1510_N_2.png,6547218,/BRACS_RoI/latest_version/train/0_N/BRACS_1510_N_2.png
train,0_N,BRACS_1510,N,BRACS_1510_N_21.png,3421006,/BRACS_RoI/latest_version/train/0_N/BRACS_1510_N_21.png
train,0_N,BRACS_1511,N,BRACS_1511_N_1.png,10153305,/BRACS_RoI/latest_version/train/0_N/BRACS_1511_N_1.png
train,0_N,BRACS_1511,N,BRACS_1511_N_3.png,4940533,/BRACS_RoI/latest_version/train/0_N/BRACS_1511_N_3.png
train,0_N,BRACS_1593,N,BRACS_1593_N_1.png,6939901,/BRACS_RoI/latest_version/train/0_N/BRACS_1593_N_1.png
train,0_N,BRACS_1593,N,BRACS_1593_N_2.png,4978493,/BRACS_RoI/latest_version/train/0_N/BRACS_1593_N_2.png
train,0_N,BRACS_1593,N,BRACS_1593_N_3.png,8505767,/BRACS_RoI/latest_version/train/0_N/BRACS_1593_N_3.png
train,0_N,BRACS_1594,N,BRACS_1594_N_5.png,4776130,/BRACS_RoI/latest_version/train/0_N/BRACS_1594_N_5.png
train,0_N,BRACS_1603,N,BRACS_1603_N_5.png,22242175,/BRACS_RoI/latest_version/train/0_N/BRACS_1603_N_5.png
train,0_N,BRACS_1603,N,BRACS_1603_N_7.png,29589394,/BRACS_RoI/latest_version/train/0_N/BRACS_1603_N_7.png
train,0_N,BRACS_1604,N,BRACS_1604_N_12.png,24746489,/BRACS_RoI/latest_version/train/0_N/BRACS_1604_N_12.png
train,0_N,BRACS_1604,N,BRACS_1604_N_3.png,7895251,/BRACS_RoI/latest_version/train/0_N/BRACS_1604_N_3.png
train,0_N,BRACS_1604,N,BRACS_1604_N_8.png,22071170,/BRACS_RoI/latest_version/train/0_N/BRACS_1604_N_8.png
train,0_N,BRACS_1617,N,BRACS_1617_N_16.png,7068282,/BRACS_RoI/latest_version/train/0_N/BRACS_1617_N_16.png
train,0_N,BRACS_1617,N,BRACS_1617_N_2.png,3384882,/BRACS_RoI/latest_version/train/0_N/BRACS_1617_N_2.png
train,0_N,BRACS_1622,N,BRACS_1622_N_11.png,8214319,/BRACS_RoI/latest_version/train/0_N/BRACS_1622_N_11.png
train,0_N,BRACS_1622,N,BRACS_1622_N_3.png,2725541,/BRACS_RoI/latest_version/train/0_N/BRACS_1622_N_3.png
train,0_N,BRACS_1622,N,BRACS_1622_N_5.png,3205011,/BRACS_RoI/latest_version/train/0_N/BRACS_1622_N_5.png
train,0_N,BRACS_1622,N,BRACS_1622_N_9.png,4309681,/BRACS_RoI/latest_version/train/0_N/BRACS_1622_N_9.png
train,0_N,BRACS_1631,N,BRACS_1631_N_9.png,1733791,/BRACS_RoI/latest_version/train/0_N/BRACS_1631_N_9.png
train,0_N,BRACS_1633,N,BRACS_1633_N_1.png,5297236,/BRACS_RoI/latest_version/train/0_N/BRACS_1633_N_1.png
train,0_N,BRACS_1633,N,BRACS_1633_N_2.png,6362587,/BRACS_RoI/latest_version/train/0_N/BRACS_1633_N_2.png
train,0_N,BRACS_1633,N,BRACS_1633_N_3.png,18765468,/BRACS_RoI/latest_version/train/0_N/BRACS_1633_N_3.png
train,0_N,BRACS_1634,N,BRACS_1634_N_2.png,3007404,/BRACS_RoI/latest_version/train/0_N/BRACS_1634_N_2.png
train,0_N,BRACS_1634,N,BRACS_1634_N_3.png,6699695,/BRACS_RoI/latest_version/train/0_N/BRACS_1634_N_3.png
train,0_N,BRACS_1634,N,BRACS_1634_N_4.png,3263003,/BRACS_RoI/latest_version/train/0_N/BRACS_1634_N_4.png
train,0_N,BRACS_1638,N,BRACS_1638_N_2.png,7051079,/BRACS_RoI/latest_version/train/0_N/BRACS_1638_N_2.png
train,0_N,BRACS_1640,N,BRACS_1640_N_2.png,15946681,/BRACS_RoI/latest_version/train/0_N/BRACS_1640_N_2.png
train,0_N,BRACS_1640,N,BRACS_1640_N_3.png,11287889,/BRACS_RoI/latest_version/train/0_N/BRACS_1640_N_3.png
train,0_N,BRACS_1640,N,BRACS_1640_N_4.png,2993126,/BRACS_RoI/latest_version/train/0_N/BRACS_1640_N_4.png
train,0_N,BRACS_1640,N,BRACS_1640_N_5.png,7926188,/BRACS_RoI/latest_version/train/0_N/BRACS_1640_N_5.png
train,0_N,BRACS_1640,N,BRACS_1640_N_7.png,22396096,/BRACS_RoI/latest_version/train/0_N/BRACS_1640_N_7.png
train,0_N,BRACS_1640,N,BRACS_1640_N_8.png,7448166,/BRACS_RoI/latest_version/train/0_N/BRACS_1640_N_8.png
train,0_N,BRACS_1640,N,BRACS_1640_N_9.png,4665449,/BRACS_RoI/latest_version/train/0_N/BRACS_1640_N_9.png
train,0_N,BRACS_1641,N,BRACS_1641_N_1.png,19611019,/BRACS_RoI/latest_version/train/0_N/BRACS_1641_N_1.png
train,0_N,BRACS_1641,N,BRACS_1641_N_2.png,16763362,/BRACS_RoI/latest_version/train/0_N/BRACS_1641_N_2.png
train,0_N,BRACS_1641,N,BRACS_1641_N_3.png,20895889,/BRACS_RoI/latest_version/train/0_N/BRACS_1641_N_3.png
train,0_N,BRACS_1641,N,BRACS_1641_N_4.png,16016838,/BRACS_RoI/latest_version/train/0_N/BRACS_1641_N_4.png
train,0_N,BRACS_1643,N,BRACS_1643_N_13.png,9468214,/BRACS_RoI/latest_version/train/0_N/BRACS_1643_N_13.png
train,0_N,BRACS_1643,N,BRACS_1643_N_14.png,5675856,/BRACS_RoI/latest_version/train/0_N/BRACS_1643_N_14.png
train,0_N,BRACS_1643,N,BRACS_1643_N_2.png,20520301,/BRACS_RoI/latest_version/train/0_N/BRACS_1643_N_2.png
train,0_N,BRACS_1645,N,BRACS_1645_N_1.png,1680346,/BRACS_RoI/latest_version/train/0_N/BRACS_1645_N_1.png
train,0_N,BRACS_1857,N,BRACS_1857_N_2.png,6034752,/BRACS_RoI/latest_version/train/0_N/BRACS_1857_N_2.png
train,0_N,BRACS_1857,N,BRACS_1857_N_5.png,7898857,/BRACS_RoI/latest_version/train/0_N/BRACS_1857_N_5.png
train,0_N,BRACS_1857,N,BRACS_1857_N_6.png,12062522,/BRACS_RoI/latest_version/train/0_N/BRACS_1857_N_6.png
train,0_N,BRACS_1858,N,BRACS_1858_N_1.png,12164729,/BRACS_RoI/latest_version/train/0_N/BRACS_1858_N_1.png
train,0_N,BRACS_1860,N,BRACS_1860_N_11.png,1911834,/BRACS_RoI/latest_version/train/0_N/BRACS_1860_N_11.png
train,0_N,BRACS_1861,N,BRACS_1861_N_6.png,2380953,/BRACS_RoI/latest_version/train/0_N/BRACS_1861_N_6.png
train,0_N,BRACS_1862,N,BRACS_1862_N_12.png,3907101,/BRACS_RoI/latest_version/train/0_N/BRACS_1862_N_12.png
train,0_N,BRACS_1862,N,BRACS_1862_N_4.png,12399859,/BRACS_RoI/latest_version/train/0_N/BRACS_1862_N_4.png
train,0_N,BRACS_1865,N,BRACS_1865_N_2.png,19133873,/BRACS_RoI/latest_version/train/0_N/BRACS_1865_N_2.png
train,0_N,BRACS_1865,N,BRACS_1865_N_6.png,19531108,/BRACS_RoI/latest_version/train/0_N/BRACS_1865_N_6.png
train,0_N,BRACS_1866,N,BRACS_1866_N_1.png,38520973,/BRACS_RoI/latest_version/train/0_N/BRACS_1866_N_1.png
train,0_N,BRACS_1871,N,BRACS_1871_N_1.png,5676651,/BRACS_RoI/latest_version/train/0_N/BRACS_1871_N_1.png
train,0_N,BRACS_1871,N,BRACS_1871_N_6.png,12199900,/BRACS_RoI/latest_version/train/0_N/BRACS_1871_N_6.png
train,0_N,BRACS_1873,N,BRACS_1873_N_3.png,10069488,/BRACS_RoI/latest_version/train/0_N/BRACS_1873_N_3.png
train,0_N,BRACS_1880,N,BRACS_1880_N_2.png,5352073,/BRACS_RoI/latest_version/train/0_N/BRACS_1880_N_2.png
train,0_N,BRACS_1882,N,BRACS_1882_N_4.png,4930461,/BRACS_RoI/latest_version/train/0_N/BRACS_1882_N_4.png
train,0_N,BRACS_1899,N,BRACS_1899_N_10.png,10933214,/BRACS_RoI/latest_version/train/0_N/BRACS_1899_N_10.png
train,0_N,BRACS_1900,N,BRACS_1900_N_2.png,14110089,/BRACS_RoI/latest_version/train/0_N/BRACS_1900_N_2.png
train,0_N,BRACS_1900,N,BRACS_1900_N_4.png,15782177,/BRACS_RoI/latest_version/train/0_N/BRACS_1900_N_4.png
train,0_N,BRACS_1900,N,BRACS_1900_N_6.png,13140503,/BRACS_RoI/latest_version/train/0_N/BRACS_1900_N_6.png
train,0_N,BRACS_1901,N,BRACS_1901_N_2.png,8997695,/BRACS_RoI/latest_version/train/0_N/BRACS_1901_N_2.png
train,0_N,BRACS_1904,N,BRACS_1904_N_1.png,23402344,/BRACS_RoI/latest_version/train/0_N/BRACS_1904_N_1.png
train,0_N,BRACS_1904,N,BRACS_1904_N_3.png,9905155,/BRACS_RoI/latest_version/train/0_N/BRACS_1904_N_3.png
train,0_N,BRACS_1904,N,BRACS_1904_N_4.png,25704647,/BRACS_RoI/latest_version/train/0_N/BRACS_1904_N_4.png
train,0_N,BRACS_1904,N,BRACS_1904_N_5.png,13670661,/BRACS_RoI/latest_version/train/0_N/BRACS_1904_N_5.png
train,0_N,BRACS_1905,N,BRACS_1905_N_2.png,19258089,/BRACS_RoI/latest_version/train/0_N/BRACS_1905_N_2.png
train,0_N,BRACS_1916,N,BRACS_1916_N_6.png,14866869,/BRACS_RoI/latest_version/train/0_N/BRACS_1916_N_6.png
train,0_N,BRACS_1923,N,BRACS_1923_N_11.png,16104166,/BRACS_RoI/latest_version/train/0_N/BRACS_1923_N_11.png
train,0_N,BRACS_1927,N,BRACS_1927_N_5.png,5808212,/BRACS_RoI/latest_version/train/0_N/BRACS_1927_N_5.png
train,0_N,BRACS_1927,N,BRACS_1927_N_6.png,6773945,/BRACS_RoI/latest_version/train/0_N/BRACS_1927_N_6.png
train,0_N,BRACS_1928,N,BRACS_1928_N_2.png,23348405,/BRACS_RoI/latest_version/train/0_N/BRACS_1928_N_2.png
train,0_N,BRACS_1928,N,BRACS_1928_N_4.png,7717277,/BRACS_RoI/latest_version/train/0_N/BRACS_1928_N_4.png
train,0_N,BRACS_1929,N,BRACS_1929_N_2.png,4844676,/BRACS_RoI/latest_version/train/0_N/BRACS_1929_N_2.png
train,0_N,BRACS_1930,N,BRACS_1930_N_9.png,23396914,/BRACS_RoI/latest_version/train/0_N/BRACS_1930_N_9.png
train,0_N,BRACS_1932,N,BRACS_1932_N_4.png,8227652,/BRACS_RoI/latest_version/train/0_N/BRACS_1932_N_4.png
train,0_N,BRACS_1933,N,BRACS_1933_N_1.png,38640476,/BRACS_RoI/latest_version/train/0_N/BRACS_1933_N_1.png
train,0_N,BRACS_1933,N,BRACS_1933_N_11.png,1697919,/BRACS_RoI/latest_version/train/0_N/BRACS_1933_N_11.png
train,0_N,BRACS_1933,N,BRACS_1933_N_4.png,11089184,/BRACS_RoI/latest_version/train/0_N/BRACS_1933_N_4.png
train,0_N,BRACS_1933,N,BRACS_1933_N_8.png,20847318,/BRACS_RoI/latest_version/train/0_N/BRACS_1933_N_8.png
train,0_N,BRACS_1934,N,BRACS_1934_N_1.png,1504173,/BRACS_RoI/latest_version/train/0_N/BRACS_1934_N_1.png
train,0_N,BRACS_1934,N,BRACS_1934_N_10.png,6806243,/BRACS_RoI/latest_version/train/0_N/BRACS_1934_N_10.png
train,0_N,BRACS_1934,N,BRACS_1934_N_12.png,4281458,/BRACS_RoI/latest_version/train/0_N/BRACS_1934_N_12.png
train,0_N,BRACS_1934,N,BRACS_1934_N_15.png,3040842,/BRACS_RoI/latest_version/train/0_N/BRACS_1934_N_15.png
train,0_N,BRACS_1934,N,BRACS_1934_N_5.png,3607747,/BRACS_RoI/latest_version/train/0_N/BRACS_1934_N_5.png
train,0_N,BRACS_1934,N,BRACS_1934_N_6.png,2388271,/BRACS_RoI/latest_version/train/0_N/BRACS_1934_N_6.png
train,0_N,BRACS_1946,N,BRACS_1946_N_14.png,8800636,/BRACS_RoI/latest_version/train/0_N/BRACS_1946_N_14.png
train,0_N,BRACS_1946,N,BRACS_1946_N_6.png,4191819,/BRACS_RoI/latest_version/train/0_N/BRACS_1946_N_6.png
train,0_N,BRACS_1948,N,BRACS_1948_N_1.png,7499252,/BRACS_RoI/latest_version/train/0_N/BRACS_1948_N_1.png
train,0_N,BRACS_1948,N,BRACS_1948_N_7.png,8141107,/BRACS_RoI/latest_version/train/0_N/BRACS_1948_N_7.png
train,0_N,BRACS_280,N,BRACS_280_N_1.png,21808367,/BRACS_RoI/latest_version/train/0_N/BRACS_280_N_1.png
train,0_N,BRACS_280,N,BRACS_280_N_12.png,19773365,/BRACS_RoI/latest_version/train/0_N/BRACS_280_N_12.png
train,0_N,BRACS_280,N,BRACS_280_N_13.png,5299831,/BRACS_RoI/latest_version/train/0_N/BRACS_280_N_13.png
train,0_N,BRACS_280,N,BRACS_280_N_14.png,2821037,/BRACS_RoI/latest_version/train/0_N/BRACS_280_N_14.png
train,0_N,BRACS_280,N,BRACS_280_N_16.png,7698003,/BRACS_RoI/latest_version/train/0_N/BRACS_280_N_16.png
train,0_N,BRACS_280,N,BRACS_280_N_17.png,24840573,/BRACS_RoI/latest_version/train/0_N/BRACS_280_N_17.png
train,0_N,BRACS_280,N,BRACS_280_N_18.png,17396802,/BRACS_RoI/latest_version/train/0_N/BRACS_280_N_18.png
train,0_N,BRACS_280,N,BRACS_280_N_19.png,920483,/BRACS_RoI/latest_version/train/0_N/BRACS_280_N_19.png
train,0_N,BRACS_280,N,BRACS_280_N_2.png,6249077,/BRACS_RoI/latest_version/train/0_N/BRACS_280_N_2.png
train,0_N,BRACS_280,N,BRACS_280_N_3.png,3598744,/BRACS_RoI/latest_version/train/0_N/BRACS_280_N_3.png
train,0_N,BRACS_280,N,BRACS_280_N_4.png,12392238,/BRACS_RoI/latest_version/train/0_N/BRACS_280_N_4.png
train,0_N,BRACS_280,N,BRACS_280_N_5.png,21478811,/BRACS_RoI/latest_version/train/0_N/BRACS_280_N_5.png
train,0_N,BRACS_280,N,BRACS_280_N_6.png,32515722,/BRACS_RoI/latest_version/train/0_N/BRACS_280_N_6.png
train,0_N,BRACS_280,N,BRACS_280_N_7.png,11401745,/BRACS_RoI/latest_version/train/0_N/BRACS_280_N_7.png
train,0_N,BRACS_280,N,BRACS_280_N_8.png,2395655,/BRACS_RoI/latest_version/train/0_N/BRACS_280_N_8.png
train,0_N,BRACS_280,N,BRACS_280_N_9.png,4081975,/BRACS_RoI/latest_version/train/0_N/BRACS_280_N_9.png
train,0_N,BRACS_281,N,BRACS_281_N_11.png,390101,/BRACS_RoI/latest_version/train/0_N/BRACS_281_N_11.png
train,0_N,BRACS_281,N,BRACS_281_N_13.png,228322,/BRACS_RoI/latest_version/train/0_N/BRACS_281_N_13.png
train,0_N,BRACS_281,N,BRACS_281_N_16.png,152866,/BRACS_RoI/latest_version/train/0_N/BRACS_281_N_16.png
train,0_N,BRACS_281,N,BRACS_281_N_17.png,512918,/BRACS_RoI/latest_version/train/0_N/BRACS_281_N_17.png
train,0_N,BRACS_281,N,BRACS_281_N_18.png,188502,/BRACS_RoI/latest_version/train/0_N/BRACS_281_N_18.png
train,0_N,BRACS_281,N,BRACS_281_N_21.png,304651,/BRACS_RoI/latest_version/train/0_N/BRACS_281_N_21.png
train,0_N,BRACS_281,N,BRACS_281_N_22.png,175058,/BRACS_RoI/latest_version/train/0_N/BRACS_281_N_22.png
train,0_N,BRACS_281,N,BRACS_281_N_24.png,2005803,/BRACS_RoI/latest_version/train/0_N/BRACS_281_N_24.png
train,0_N,BRACS_281,N,BRACS_281_N_25.png,564849,/BRACS_RoI/latest_version/train/0_N/BRACS_281_N_25.png
train,0_N,BRACS_281,N,BRACS_281_N_26.png,592407,/BRACS_RoI/latest_version/train/0_N/BRACS_281_N_26.png
train,0_N,BRACS_281,N,BRACS_281_N_29.png,1010384,/BRACS_RoI/latest_version/train/0_N/BRACS_281_N_29.png
train,0_N,BRACS_281,N,BRACS_281_N_31.png,1260223,/BRACS_RoI/latest_version/train/0_N/BRACS_281_N_31.png
train,0_N,BRACS_281,N,BRACS_281_N_34.png,98079,/BRACS_RoI/latest_version/train/0_N/BRACS_281_N_34.png
train,0_N,BRACS_281,N,BRACS_281_N_4.png,181490,/BRACS_RoI/latest_version/train/0_N/BRACS_281_N_4.png
train,0_N,BRACS_281,N,BRACS_281_N_6.png,462495,/BRACS_RoI/latest_version/train/0_N/BRACS_281_N_6.png
train,0_N,BRACS_281,N,BRACS_281_N_8.png,400289,/BRACS_RoI/latest_version/train/0_N/BRACS_281_N_8.png
train,0_N,BRACS_281,N,BRACS_281_N_9.png,2673151,/BRACS_RoI/latest_version/train/0_N/BRACS_281_N_9.png
train,0_N,BRACS_283,N,BRACS_283_N_10.png,8817602,/BRACS_RoI/latest_version/train/0_N/BRACS_283_N_10.png
train,0_N,BRACS_283,N,BRACS_283_N_11.png,8011726,/BRACS_RoI/latest_version/train/0_N/BRACS_283_N_11.png
train,0_N,BRACS_283,N,BRACS_283_N_12.png,4219946,/BRACS_RoI/latest_version/train/0_N/BRACS_283_N_12.png
train,0_N,BRACS_283,N,BRACS_283_N_2.png,4440014,/BRACS_RoI/latest_version/train/0_N/BRACS_283_N_2.png
train,0_N,BRACS_283,N,BRACS_283_N_20.png,3080763,/BRACS_RoI/latest_version/train/0_N/BRACS_283_N_20.png
train,0_N,BRACS_283,N,BRACS_283_N_21.png,9346641,/BRACS_RoI/latest_version/train/0_N/BRACS_283_N_21.png
train,0_N,BRACS_283,N,BRACS_283_N_23.png,655272,/BRACS_RoI/latest_version/train/0_N/BRACS_283_N_23.png
train,0_N,BRACS_283,N,BRACS_283_N_24.png,20383282,/BRACS_RoI/latest_version/train/0_N/BRACS_283_N_24.png
train,0_N,BRACS_283,N,BRACS_283_N_25.png,15968103,/BRACS_RoI/latest_version/train/0_N/BRACS_283_N_25.png
train,0_N,BRACS_283,N,BRACS_283_N_3.png,10671331,/BRACS_RoI/latest_version/train/0_N/BRACS_283_N_3.png
train,0_N,BRACS_283,N,BRACS_283_N_31.png,17761873,/BRACS_RoI/latest_version/train/0_N/BRACS_283_N_31.png
train,0_N,BRACS_283,N,BRACS_283_N_33.png,5902209,/BRACS_RoI/latest_version/train/0_N/BRACS_283_N_33.png
train,0_N,BRACS_283,N,BRACS_283_N_35.png,11252823,/BRACS_RoI/latest_version/train/0_N/BRACS_283_N_35.png
train,0_N,BRACS_283,N,BRACS_283_N_36.png,4686771,/BRACS_RoI/latest_version/train/0_N/BRACS_283_N_36.png
train,0_N,BRACS_283,N,BRACS_283_N_37.png,29594020,/BRACS_RoI/latest_version/train/0_N/BRACS_283_N_37.png
train,0_N,BRACS_283,N,BRACS_283_N_38.png,17842268,/BRACS_RoI/latest_version/train/0_N/BRACS_283_N_38.png
train,0_N,BRACS_283,N,BRACS_283_N_40.png,4446240,/BRACS_RoI/latest_version/train/0_N/BRACS_283_N_40.png
train,0_N,BRACS_283,N,BRACS_283_N_49.png,18821847,/BRACS_RoI/latest_version/train/0_N/BRACS_283_N_49.png
train,0_N,BRACS_283,N,BRACS_283_N_8.png,52332557,/BRACS_RoI/latest_version/train/0_N/BRACS_283_N_8.png
train,0_N,BRACS_283,N,BRACS_283_N_9.png,14770955,/BRACS_RoI/latest_version/train/0_N/BRACS_283_N_9.png
train,0_N,BRACS_288,N,BRACS_288_N_1.png,2936651,/BRACS_RoI/latest_version/train/0_N/BRACS_288_N_1.png
train,0_N,BRACS_288,N,BRACS_288_N_11.png,86965,/BRACS_RoI/latest_version/train/0_N/BRACS_288_N_11.png
train,0_N,BRACS_288,N,BRACS_288_N_12.png,55586,/BRACS_RoI/latest_version/train/0_N/BRACS_288_N_12.png
train,0_N,BRACS_288,N,BRACS_288_N_2.png,8624595,/BRACS_RoI/latest_version/train/0_N/BRACS_288_N_2.png
train,0_N,BRACS_288,N,BRACS_288_N_3.png,5593920,/BRACS_RoI/latest_version/train/0_N/BRACS_288_N_3.png
train,0_N,BRACS_288,N,BRACS_288_N_4.png,4043633,/BRACS_RoI/latest_version/train/0_N/BRACS_288_N_4.png
train,0_N,BRACS_288,N,BRACS_288_N_5.png,2529306,/BRACS_RoI/latest_version/train/0_N/BRACS_288_N_5.png
train,0_N,BRACS_288,N,BRACS_288_N_6.png,1402358,/BRACS_RoI/latest_version/train/0_N/BRACS_288_N_6.png
train,0_N,BRACS_288,N,BRACS_288_N_7.png,70087,/BRACS_RoI/latest_version/train/0_N/BRACS_288_N_7.png
train,0_N,BRACS_288,N,BRACS_288_N_9.png,46262,/BRACS_RoI/latest_version/train/0_N/BRACS_288_N_9.png
train,0_N,BRACS_291,N,BRACS_291_N_13.png,23195364,/BRACS_RoI/latest_version/train/0_N/BRACS_291_N_13.png
train,0_N,BRACS_291,N,BRACS_291_N_17.png,6747104,/BRACS_RoI/latest_version/train/0_N/BRACS_291_N_17.png
train,0_N,BRACS_291,N,BRACS_291_N_18.png,28700187,/BRACS_RoI/latest_version/train/0_N/BRACS_291_N_18.png
train,0_N,BRACS_291,N,BRACS_291_N_23.png,14710761,/BRACS_RoI/latest_version/train/0_N/BRACS_291_N_23.png
train,0_N,BRACS_291,N,BRACS_291_N_25.png,21894061,/BRACS_RoI/latest_version/train/0_N/BRACS_291_N_25.png
train,0_N,BRACS_291,N,BRACS_291_N_4.png,7362113,/BRACS_RoI/latest_version/train/0_N/BRACS_291_N_4.png
train,0_N,BRACS_295,N,BRACS_295_N_26.png,1220872,/BRACS_RoI/latest_version/train/0_N/BRACS_295_N_26.png
train,0_N,BRACS_295,N,BRACS_295_N_6.png,989894,/BRACS_RoI/latest_version/train/0_N/BRACS_295_N_6.png
train,0_N,BRACS_297,N,BRACS_297_N_11.png,3466183,/BRACS_RoI/latest_version/train/0_N/BRACS_297_N_11.png
train,0_N,BRACS_297,N,BRACS_297_N_19.png,1894736,/BRACS_RoI/latest_version/train/0_N/BRACS_297_N_19.png
train,0_N,BRACS_297,N,BRACS_297_N_20.png,924126,/BRACS_RoI/latest_version/train/0_N/BRACS_297_N_20.png
train,0_N,BRACS_297,N,BRACS_297_N_26.png,3742857,/BRACS_RoI/latest_version/train/0_N/BRACS_297_N_26.png
train,0_N,BRACS_297,N,BRACS_297_N_31.png,1376533,/BRACS_RoI/latest_version/train/0_N/BRACS_297_N_31.png
train,0_N,BRACS_297,N,BRACS_297_N_6.png,2406724,/BRACS_RoI/latest_version/train/0_N/BRACS_297_N_6.png
train,0_N,BRACS_297,N,BRACS_297_N_8.png,1146468,/BRACS_RoI/latest_version/train/0_N/BRACS_297_N_8.png
train,0_N,BRACS_298,N,BRACS_298_N_4.png,1508636,/BRACS_RoI/latest_version/train/0_N/BRACS_298_N_4.png
train,0_N,BRACS_298,N,BRACS_298_N_8.png,3543828,/BRACS_RoI/latest_version/train/0_N/BRACS_298_N_8.png
train,0_N,BRACS_311,N,BRACS_311_N_12.png,1628766,/BRACS_RoI/latest_version/train/0_N/BRACS_311_N_12.png
train,0_N,BRACS_311,N,BRACS_311_N_23.png,5399320,/BRACS_RoI/latest_version/train/0_N/BRACS_311_N_23.png
train,0_N,BRACS_311,N,BRACS_311_N_58.png,2487147,/BRACS_RoI/latest_version/train/0_N/BRACS_311_N_58.png
train,0_N,BRACS_311,N,BRACS_311_N_68.png,2030913,/BRACS_RoI/latest_version/train/0_N/BRACS_311_N_68.png
train,0_N,BRACS_311,N,BRACS_311_N_8.png,3312443,/BRACS_RoI/latest_version/train/0_N/BRACS_311_N_8.png
train,0_N,BRACS_311,N,BRACS_311_N_80.png,5439206,/BRACS_RoI/latest_version/train/0_N/BRACS_311_N_80.png
train,0_N,BRACS_734,N,BRACS_734_N_10.png,8617512,/BRACS_RoI/latest_version/train/0_N/BRACS_734_N_10.png
train,0_N,BRACS_734,N,BRACS_734_N_103.png,10822165,/BRACS_RoI/latest_version/train/0_N/BRACS_734_N_103.png
train,0_N,BRACS_734,N,BRACS_734_N_14.png,3679871,/BRACS_RoI/latest_version/train/0_N/BRACS_734_N_14.png
train,0_N,BRACS_734,N,BRACS_734_N_19.png,8210773,/BRACS_RoI/latest_version/train/0_N/BRACS_734_N_19.png
train,0_N,BRACS_734,N,BRACS_734_N_24.png,11531237,/BRACS_RoI/latest_version/train/0_N/BRACS_734_N_24.png
train,0_N,BRACS_734,N,BRACS_734_N_26.png,11950759,/BRACS_RoI/latest_version/train/0_N/BRACS_734_N_26.png
train,0_N,BRACS_734,N,BRACS_734_N_3.png,15218217,/BRACS_RoI/latest_version/train/0_N/BRACS_734_N_3.png
train,0_N,BRACS_734,N,BRACS_734_N_31.png,8534187,/BRACS_RoI/latest_version/train/0_N/BRACS_734_N_31.png
train,0_N,BRACS_734,N,BRACS_734_N_32.png,2829124,/BRACS_RoI/latest_version/train/0_N/BRACS_734_N_32.png
train,0_N,BRACS_734,N,BRACS_734_N_40.png,5550403,/BRACS_RoI/latest_version/train/0_N/BRACS_734_N_40.png
train,0_N,BRACS_734,N,BRACS_734_N_44.png,8043067,/BRACS_RoI/latest_version/train/0_N/BRACS_734_N_44.png
train,0_N,BRACS_734,N,BRACS_734_N_53.png,8149512,/BRACS_RoI/latest_version/train/0_N/BRACS_734_N_53.png
train,0_N,BRACS_734,N,BRACS_734_N_56.png,4904283,/BRACS_RoI/latest_version/train/0_N/BRACS_734_N_56.png
train,0_N,BRACS_734,N,BRACS_734_N_6.png,4277254,/BRACS_RoI/latest_version/train/0_N/BRACS_734_N_6.png
train,0_N,BRACS_734,N,BRACS_734_N_67.png,12365647,/BRACS_RoI/latest_version/train/0_N/BRACS_734_N_67.png
train,0_N,BRACS_734,N,BRACS_734_N_75.png,13725242,/BRACS_RoI/latest_version/train/0_N/BRACS_734_N_75.png
train,0_N,BRACS_734,N,BRACS_734_N_89.png,5818833,/BRACS_RoI/latest_version/train/0_N/BRACS_734_N_89.png
train,0_N,BRACS_734,N,BRACS_734_N_90.png,6145930,/BRACS_RoI/latest_version/train/0_N/BRACS_734_N_90.png
train,0_N,BRACS_734,N,BRACS_734_N_95.png,7752377,/BRACS_RoI/latest_version/train/0_N/BRACS_734_N_95.png
train,0_N,BRACS_743,N,BRACS_743_N_9.png,24272861,/BRACS_RoI/latest_version/train/0_N/BRACS_743_N_9.png
train,0_N,BRACS_745,N,BRACS_745_N_1.png,14821135,/BRACS_RoI/latest_version/train/0_N/BRACS_745_N_1.png
train,0_N,BRACS_745,N,BRACS_745_N_11.png,7934190,/BRACS_RoI/latest_version/train/0_N/BRACS_745_N_11.png
train,0_N,BRACS_745,N,BRACS_745_N_12.png,12716539,/BRACS_RoI/latest_version/train/0_N/BRACS_745_N_12.png
train,0_N,BRACS_745,N,BRACS_745_N_13.png,10293921,/BRACS_RoI/latest_version/train/0_N/BRACS_745_N_13.png
train,0_N,BRACS_745,N,BRACS_745_N_14.png,12918158,/BRACS_RoI/latest_version/train/0_N/BRACS_745_N_14.png
train,0_N,BRACS_745,N,BRACS_745_N_15.png,11010030,/BRACS_RoI/latest_version/train/0_N/BRACS_745_N_15.png
train,0_N,BRACS_745,N,BRACS_745_N_17.png,21293118,/BRACS_RoI/latest_version/train/0_N/BRACS_745_N_17.png
train,0_N,BRACS_745,N,BRACS_745_N_18.png,5938152,/BRACS_RoI/latest_version/train/0_N/BRACS_745_N_18.png
train,0_N,BRACS_745,N,BRACS_745_N_19.png,11533600,/BRACS_RoI/latest_version/train/0_N/BRACS_745_N_19.png
train,0_N,BRACS_745,N,BRACS_745_N_20.png,30190811,/BRACS_RoI/latest_version/train/0_N/BRACS_745_N_20.png
train,0_N,BRACS_745,N,BRACS_745_N_4.png,8519210,/BRACS_RoI/latest_version/train/0_N/BRACS_745_N_4.png
train,0_N,BRACS_745,N,BRACS_745_N_6.png,24275176,/BRACS_RoI/latest_version/train/0_N/BRACS_745_N_6.png
train,0_N,BRACS_745,N,BRACS_745_N_7.png,5759913,/BRACS_RoI/latest_version/train/0_N/BRACS_745_N_7.png
train,0_N,BRACS_745,N,BRACS_745_N_9.png,7748101,/BRACS_RoI/latest_version/train/0_N/BRACS_745_N_9.png
train,0_N,BRACS_747,N,BRACS_747_N_14.png,6514557,/BRACS_RoI/latest_version/train/0_N/BRACS_747_N_14.png
train,0_N,BRACS_747,N,BRACS_747_N_35.png,3787841,/BRACS_RoI/latest_version/train/0_N/BRACS_747_N_35.png
train,0_N,BRACS_749,N,BRACS_749_N_14.png,6754958,/BRACS_RoI/latest_version/train/0_N/BRACS_749_N_14.png
train,0_N,BRACS_760,N,BRACS_760_N_10.png,8803442,/BRACS_RoI/latest_version/train/0_N/BRACS_760_N_10.png
train,0_N,BRACS_760,N,BRACS_760_N_12.png,9135397,/BRACS_RoI/latest_version/train/0_N/BRACS_760_N_12.png
train,0_N,BRACS_760,N,BRACS_760_N_14.png,4138618,/BRACS_RoI/latest_version/train/0_N/BRACS_760_N_14.png
train,0_N,BRACS_760,N,BRACS_760_N_15.png,2612792,/BRACS_RoI/latest_version/train/0_N/BRACS_760_N_15.png
train,0_N,BRACS_760,N,BRACS_760_N_17.png,5089478,/BRACS_RoI/latest_version/train/0_N/BRACS_760_N_17.png
train,0_N,BRACS_760,N,BRACS_760_N_18.png,4179944,/BRACS_RoI/latest_version/train/0_N/BRACS_760_N_18.png
train,0_N,BRACS_760,N,BRACS_760_N_2.png,5647561,/BRACS_RoI/latest_version/train/0_N/BRACS_760_N_2.png
train,0_N,BRACS_760,N,BRACS_760_N_3.png,13529047,/BRACS_RoI/latest_version/train/0_N/BRACS_760_N_3.png
train,0_N,BRACS_760,N,BRACS_760_N_4.png,10438061,/BRACS_RoI/latest_version/train/0_N/BRACS_760_N_4.png
train,0_N,BRACS_760,N,BRACS_760_N_5.png,8754091,/BRACS_RoI/latest_version/train/0_N/BRACS_760_N_5.png
train,0_N,BRACS_760,N,BRACS_760_N_6.png,4418614,/BRACS_RoI/latest_version/train/0_N/BRACS_760_N_6.png
train,0_N,BRACS_760,N,BRACS_760_N_7.png,5558667,/BRACS_RoI/latest_version/train/0_N/BRACS_760_N_7.png
train,0_N,BRACS_760,N,BRACS_760_N_8.png,12869515,/BRACS_RoI/latest_version/train/0_N/BRACS_760_N_8.png
train,0_N,BRACS_761,N,BRACS_761_N_1.png,4498039,/BRACS_RoI/latest_version/train/0_N/BRACS_761_N_1.png
train,0_N,BRACS_761,N,BRACS_761_N_2.png,14307329,/BRACS_RoI/latest_version/train/0_N/BRACS_761_N_2.png
train,0_N,BRACS_761,N,BRACS_761_N_4.png,20034384,/BRACS_RoI/latest_version/train/0_N/BRACS_761_N_4.png
train,0_N,BRACS_761,N,BRACS_761_N_5.png,3952190,/BRACS_RoI/latest_version/train/0_N/BRACS_761_N_5.png
train,0_N,BRACS_762,N,BRACS_762_N_1.png,10056887,/BRACS_RoI/latest_version/train/0_N/BRACS_762_N_1.png
train,0_N,BRACS_762,N,BRACS_762_N_15.png,2012414,/BRACS_RoI/latest_version/train/0_N/BRACS_762_N_15.png
train,0_N,BRACS_762,N,BRACS_762_N_2.png,8800263,/BRACS_RoI/latest_version/train/0_N/BRACS_762_N_2.png
train,0_N,BRACS_762,N,BRACS_762_N_4.png,2515160,/BRACS_RoI/latest_version/train/0_N/BRACS_762_N_4.png
train,0_N,BRACS_762,N,BRACS_762_N_5.png,8294200,/BRACS_RoI/latest_version/train/0_N/BRACS_762_N_5.png
train,0_N,BRACS_773,N,BRACS_773_N_33.png,7742344,/BRACS_RoI/latest_version/train/0_N/BRACS_773_N_33.png
train,1_PB,BRACS_1003658,PB,BRACS_1003658_PB_1.png,355395545,/BRACS_RoI/latest_version/train/1_PB/BRACS_1003658_PB_1.png
train,1_PB,BRACS_1003659,PB,BRACS_1003659_PB_1.png,131404530,/BRACS_RoI/latest_version/train/1_PB/BRACS_1003659_PB_1.png
train,1_PB,BRACS_1003668,PB,BRACS_1003668_PB_1.png,21414952,/BRACS_RoI/latest_version/train/1_PB/BRACS_1003668_PB_1.png
train,1_PB,BRACS_1003669,PB,BRACS_1003669_PB_1.png,17640938,/BRACS_RoI/latest_version/train/1_PB/BRACS_1003669_PB_1.png
train,1_PB,BRACS_1003671,PB,BRACS_1003671_PB_1.png,392446917,/BRACS_RoI/latest_version/train/1_PB/BRACS_1003671_PB_1.png
train,1_PB,BRACS_1003672,PB,BRACS_1003672_PB_1.png,464902266,/BRACS_RoI/latest_version/train/1_PB/BRACS_1003672_PB_1.png
train,1_PB,BRACS_1003686,PB,BRACS_1003686_PB_1.png,375580658,/BRACS_RoI/latest_version/train/1_PB/BRACS_1003686_PB_1.png
train,1_PB,BRACS_1003700,PB,BRACS_1003700_PB_1.png,9254534,/BRACS_RoI/latest_version/train/1_PB/BRACS_1003700_PB_1.png
train,1_PB,BRACS_1003706,PB,BRACS_1003706_PB_1.png,114443372,/BRACS_RoI/latest_version/train/1_PB/BRACS_1003706_PB_1.png
train,1_PB,BRACS_1003710,PB,BRACS_1003710_PB_1.png,42637522,/BRACS_RoI/latest_version/train/1_PB/BRACS_1003710_PB_1.png
train,1_PB,BRACS_1003724,PB,BRACS_1003724_PB_1.png,205433317,/BRACS_RoI/latest_version/train/1_PB/BRACS_1003724_PB_1.png
train,1_PB,BRACS_1003725,PB,BRACS_1003725_PB_1.png,39290459,/BRACS_RoI/latest_version/train/1_PB/BRACS_1003725_PB_1.png
train,1_PB,BRACS_1003730,PB,BRACS_1003730_PB_1.png,9258813,/BRACS_RoI/latest_version/train/1_PB/BRACS_1003730_PB_1.png
train,1_PB,BRACS_1003734,PB,BRACS_1003734_PB_1.png,113406623,/BRACS_RoI/latest_version/train/1_PB/BRACS_1003734_PB_1.png
train,1_PB,BRACS_1231,PB,BRACS_1231_PB_10.png,4124749,/BRACS_RoI/latest_version/train/1_PB/BRACS_1231_PB_10.png
train,1_PB,BRACS_1231,PB,BRACS_1231_PB_12.png,3684754,/BRACS_RoI/latest_version/train/1_PB/BRACS_1231_PB_12.png
train,1_PB,BRACS_1231,PB,BRACS_1231_PB_13.png,12660379,/BRACS_RoI/latest_version/train/1_PB/BRACS_1231_PB_13.png
train,1_PB,BRACS_1231,PB,BRACS_1231_PB_14.png,10387744,/BRACS_RoI/latest_version/train/1_PB/BRACS_1231_PB_14.png
train,1_PB,BRACS_1231,PB,BRACS_1231_PB_16.png,622561,/BRACS_RoI/latest_version/train/1_PB/BRACS_1231_PB_16.png
train,1_PB,BRACS_1231,PB,BRACS_1231_PB_17.png,17684973,/BRACS_RoI/latest_version/train/1_PB/BRACS_1231_PB_17.png
train,1_PB,BRACS_1231,PB,BRACS_1231_PB_20.png,9900232,/BRACS_RoI/latest_version/train/1_PB/BRACS_1231_PB_20.png
train,1_PB,BRACS_1231,PB,BRACS_1231_PB_22.png,6963241,/BRACS_RoI/latest_version/train/1_PB/BRACS_1231_PB_22.png
train,1_PB,BRACS_1231,PB,BRACS_1231_PB_28.png,2754922,/BRACS_RoI/latest_version/train/1_PB/BRACS_1231_PB_28.png
train,1_PB,BRACS_1231,PB,BRACS_1231_PB_30.png,9499822,/BRACS_RoI/latest_version/train/1_PB/BRACS_1231_PB_30.png
train,1_PB,BRACS_1231,PB,BRACS_1231_PB_31.png,6882918,/BRACS_RoI/latest_version/train/1_PB/BRACS_1231_PB_31.png
train,1_PB,BRACS_1231,PB,BRACS_1231_PB_32.png,5056259,/BRACS_RoI/latest_version/train/1_PB/BRACS_1231_PB_32.png
train,1_PB,BRACS_1231,PB,BRACS_1231_PB_34.png,11962594,/BRACS_RoI/latest_version/train/1_PB/BRACS_1231_PB_34.png
train,1_PB,BRACS_1231,PB,BRACS_1231_PB_35.png,2309107,/BRACS_RoI/latest_version/train/1_PB/BRACS_1231_PB_35.png
train,1_PB,BRACS_1231,PB,BRACS_1231_PB_43.png,14457869,/BRACS_RoI/latest_version/train/1_PB/BRACS_1231_PB_43.png
train,1_PB,BRACS_1231,PB,BRACS_1231_PB_44.png,9248763,/BRACS_RoI/latest_version/train/1_PB/BRACS_1231_PB_44.png
train,1_PB,BRACS_1231,PB,BRACS_1231_PB_46.png,7864145,/BRACS_RoI/latest_version/train/1_PB/BRACS_1231_PB_46.png
train,1_PB,BRACS_1231,PB,BRACS_1231_PB_47.png,14639482,/BRACS_RoI/latest_version/train/1_PB/BRACS_1231_PB_47.png
train,1_PB,BRACS_1231,PB,BRACS_1231_PB_48.png,9540608,/BRACS_RoI/latest_version/train/1_PB/BRACS_1231_PB_48.png
train,1_PB,BRACS_1231,PB,BRACS_1231_PB_49.png,10937885,/BRACS_RoI/latest_version/train/1_PB/BRACS_1231_PB_49.png
train,1_PB,BRACS_1231,PB,BRACS_1231_PB_5.png,12878825,/BRACS_RoI/latest_version/train/1_PB/BRACS_1231_PB_5.png
train,1_PB,BRACS_1231,PB,BRACS_1231_PB_51.png,3384110,/BRACS_RoI/latest_version/train/1_PB/BRACS_1231_PB_51.png
train,1_PB,BRACS_1231,PB,BRACS_1231_PB_55.png,16651038,/BRACS_RoI/latest_version/train/1_PB/BRACS_1231_PB_55.png
train,1_PB,BRACS_1231,PB,BRACS_1231_PB_57.png,5800330,/BRACS_RoI/latest_version/train/1_PB/BRACS_1231_PB_57.png
train,1_PB,BRACS_1231,PB,BRACS_1231_PB_6.png,17210208,/BRACS_RoI/latest_version/train/1_PB/BRACS_1231_PB_6.png
train,1_PB,BRACS_1231,PB,BRACS_1231_PB_60.png,7098334,/BRACS_RoI/latest_version/train/1_PB/BRACS_1231_PB_60.png
train,1_PB,BRACS_1235,PB,BRACS_1235_PB_1.png,1708976,/BRACS_RoI/latest_version/train/1_PB/BRACS_1235_PB_1.png
train,1_PB,BRACS_1235,PB,BRACS_1235_PB_10.png,2024212,/BRACS_RoI/latest_version/train/1_PB/BRACS_1235_PB_10.png
train,1_PB,BRACS_1235,PB,BRACS_1235_PB_16.png,16245867,/BRACS_RoI/latest_version/train/1_PB/BRACS_1235_PB_16.png
train,1_PB,BRACS_1235,PB,BRACS_1235_PB_17.png,2483061,/BRACS_RoI/latest_version/train/1_PB/BRACS_1235_PB_17.png
train,1_PB,BRACS_1235,PB,BRACS_1235_PB_2.png,10377273,/BRACS_RoI/latest_version/train/1_PB/BRACS_1235_PB_2.png
train,1_PB,BRACS_1235,PB,BRACS_1235_PB_20.png,1564349,/BRACS_RoI/latest_version/train/1_PB/BRACS_1235_PB_20.png
train,1_PB,BRACS_1235,PB,BRACS_1235_PB_21.png,11779475,/BRACS_RoI/latest_version/train/1_PB/BRACS_1235_PB_21.png
train,1_PB,BRACS_1235,PB,BRACS_1235_PB_22.png,18374641,/BRACS_RoI/latest_version/train/1_PB/BRACS_1235_PB_22.png
train,1_PB,BRACS_1235,PB,BRACS_1235_PB_23.png,12764799,/BRACS_RoI/latest_version/train/1_PB/BRACS_1235_PB_23.png
train,1_PB,BRACS_1235,PB,BRACS_1235_PB_24.png,16250277,/BRACS_RoI/latest_version/train/1_PB/BRACS_1235_PB_24.png
train,1_PB,BRACS_1235,PB,BRACS_1235_PB_27.png,3312588,/BRACS_RoI/latest_version/train/1_PB/BRACS_1235_PB_27.png
train,1_PB,BRACS_1235,PB,BRACS_1235_PB_28.png,1582984,/BRACS_RoI/latest_version/train/1_PB/BRACS_1235_PB_28.png
train,1_PB,BRACS_1235,PB,BRACS_1235_PB_3.png,6925199,/BRACS_RoI/latest_version/train/1_PB/BRACS_1235_PB_3.png
train,1_PB,BRACS_1235,PB,BRACS_1235_PB_30.png,2231707,/BRACS_RoI/latest_version/train/1_PB/BRACS_1235_PB_30.png
train,1_PB,BRACS_1235,PB,BRACS_1235_PB_32.png,7984061,/BRACS_RoI/latest_version/train/1_PB/BRACS_1235_PB_32.png
train,1_PB,BRACS_1235,PB,BRACS_1235_PB_33.png,9066165,/BRACS_RoI/latest_version/train/1_PB/BRACS_1235_PB_33.png
train,1_PB,BRACS_1235,PB,BRACS_1235_PB_34.png,9995538,/BRACS_RoI/latest_version/train/1_PB/BRACS_1235_PB_34.png
train,1_PB,BRACS_1235,PB,BRACS_1235_PB_35.png,16298347,/BRACS_RoI/latest_version/train/1_PB/BRACS_1235_PB_35.png
train,1_PB,BRACS_1235,PB,BRACS_1235_PB_37.png,4002366,/BRACS_RoI/latest_version/train/1_PB/BRACS_1235_PB_37.png
train,1_PB,BRACS_1235,PB,BRACS_1235_PB_39.png,9345733,/BRACS_RoI/latest_version/train/1_PB/BRACS_1235_PB_39.png
train,1_PB,BRACS_1235,PB,BRACS_1235_PB_40.png,15569753,/BRACS_RoI/latest_version/train/1_PB/BRACS_1235_PB_40.png
train,1_PB,BRACS_1235,PB,BRACS_1235_PB_43.png,5094871,/BRACS_RoI/latest_version/train/1_PB/BRACS_1235_PB_43.png
train,1_PB,BRACS_1235,PB,BRACS_1235_PB_7.png,7787527,/BRACS_RoI/latest_version/train/1_PB/BRACS_1235_PB_7.png
train,1_PB,BRACS_1238,PB,BRACS_1238_PB_11.png,4491312,/BRACS_RoI/latest_version/train/1_PB/BRACS_1238_PB_11.png
train,1_PB,BRACS_1238,PB,BRACS_1238_PB_12.png,26050892,/BRACS_RoI/latest_version/train/1_PB/BRACS_1238_PB_12.png
train,1_PB,BRACS_1238,PB,BRACS_1238_PB_13.png,15694135,/BRACS_RoI/latest_version/train/1_PB/BRACS_1238_PB_13.png
train,1_PB,BRACS_1238,PB,BRACS_1238_PB_16.png,7136190,/BRACS_RoI/latest_version/train/1_PB/BRACS_1238_PB_16.png
train,1_PB,BRACS_1238,PB,BRACS_1238_PB_17.png,10584798,/BRACS_RoI/latest_version/train/1_PB/BRACS_1238_PB_17.png
train,1_PB,BRACS_1238,PB,BRACS_1238_PB_18.png,16503499,/BRACS_RoI/latest_version/train/1_PB/BRACS_1238_PB_18.png
train,1_PB,BRACS_1238,PB,BRACS_1238_PB_2.png,20879343,/BRACS_RoI/latest_version/train/1_PB/BRACS_1238_PB_2.png
train,1_PB,BRACS_1238,PB,BRACS_1238_PB_21.png,20009826,/BRACS_RoI/latest_version/train/1_PB/BRACS_1238_PB_21.png
train,1_PB,BRACS_1238,PB,BRACS_1238_PB_25.png,19194341,/BRACS_RoI/latest_version/train/1_PB/BRACS_1238_PB_25.png
train,1_PB,BRACS_1238,PB,BRACS_1238_PB_26.png,11298680,/BRACS_RoI/latest_version/train/1_PB/BRACS_1238_PB_26.png
train,1_PB,BRACS_1238,PB,BRACS_1238_PB_29.png,27340529,/BRACS_RoI/latest_version/train/1_PB/BRACS_1238_PB_29.png
train,1_PB,BRACS_1238,PB,BRACS_1238_PB_3.png,2596329,/BRACS_RoI/latest_version/train/1_PB/BRACS_1238_PB_3.png
train,1_PB,BRACS_1238,PB,BRACS_1238_PB_32.png,16402366,/BRACS_RoI/latest_version/train/1_PB/BRACS_1238_PB_32.png
train,1_PB,BRACS_1238,PB,BRACS_1238_PB_33.png,28465497,/BRACS_RoI/latest_version/train/1_PB/BRACS_1238_PB_33.png
train,1_PB,BRACS_1238,PB,BRACS_1238_PB_4.png,13573853,/BRACS_RoI/latest_version/train/1_PB/BRACS_1238_PB_4.png
train,1_PB,BRACS_1238,PB,BRACS_1238_PB_40.png,20189610,/BRACS_RoI/latest_version/train/1_PB/BRACS_1238_PB_40.png
train,1_PB,BRACS_1238,PB,BRACS_1238_PB_41.png,7900348,/BRACS_RoI/latest_version/train/1_PB/BRACS_1238_PB_41.png
train,1_PB,BRACS_1238,PB,BRACS_1238_PB_45.png,16629827,/BRACS_RoI/latest_version/train/1_PB/BRACS_1238_PB_45.png
train,1_PB,BRACS_1238,PB,BRACS_1238_PB_47.png,4522175,/BRACS_RoI/latest_version/train/1_PB/BRACS_1238_PB_47.png
train,1_PB,BRACS_1238,PB,BRACS_1238_PB_51.png,30659676,/BRACS_RoI/latest_version/train/1_PB/BRACS_1238_PB_51.png
train,1_PB,BRACS_1238,PB,BRACS_1238_PB_52.png,13952428,/BRACS_RoI/latest_version/train/1_PB/BRACS_1238_PB_52.png
train,1_PB,BRACS_1238,PB,BRACS_1238_PB_53.png,32028254,/BRACS_RoI/latest_version/train/1_PB/BRACS_1238_PB_53.png
train,1_PB,BRACS_1238,PB,BRACS_1238_PB_55.png,25077315,/BRACS_RoI/latest_version/train/1_PB/BRACS_1238_PB_55.png
train,1_PB,BRACS_1238,PB,BRACS_1238_PB_9.png,17708680,/BRACS_RoI/latest_version/train/1_PB/BRACS_1238_PB_9.png
train,1_PB,BRACS_1239,PB,BRACS_1239_PB_1.png,35658801,/BRACS_RoI/latest_version/train/1_PB/BRACS_1239_PB_1.png
train,1_PB,BRACS_1239,PB,BRACS_1239_PB_2.png,29321082,/BRACS_RoI/latest_version/train/1_PB/BRACS_1239_PB_2.png
train,1_PB,BRACS_1239,PB,BRACS_1239_PB_3.png,48444260,/BRACS_RoI/latest_version/train/1_PB/BRACS_1239_PB_3.png
train,1_PB,BRACS_1239,PB,BRACS_1239_PB_5.png,25313507,/BRACS_RoI/latest_version/train/1_PB/BRACS_1239_PB_5.png
train,1_PB,BRACS_1239,PB,BRACS_1239_PB_6.png,58482777,/BRACS_RoI/latest_version/train/1_PB/BRACS_1239_PB_6.png
train,1_PB,BRACS_1239,PB,BRACS_1239_PB_7.png,53248037,/BRACS_RoI/latest_version/train/1_PB/BRACS_1239_PB_7.png
train,1_PB,BRACS_1240,PB,BRACS_1240_PB_1.png,51932090,/BRACS_RoI/latest_version/train/1_PB/BRACS_1240_PB_1.png
train,1_PB,BRACS_1240,PB,BRACS_1240_PB_10.png,33555459,/BRACS_RoI/latest_version/train/1_PB/BRACS_1240_PB_10.png
train,1_PB,BRACS_1240,PB,BRACS_1240_PB_11.png,50273702,/BRACS_RoI/latest_version/train/1_PB/BRACS_1240_PB_11.png
train,1_PB,BRACS_1240,PB,BRACS_1240_PB_12.png,28289885,/BRACS_RoI/latest_version/train/1_PB/BRACS_1240_PB_12.png
train,1_PB,BRACS_1240,PB,BRACS_1240_PB_13.png,59871577,/BRACS_RoI/latest_version/train/1_PB/BRACS_1240_PB_13.png
train,1_PB,BRACS_1240,PB,BRACS_1240_PB_2.png,56843709,/BRACS_RoI/latest_version/train/1_PB/BRACS_1240_PB_2.png
train,1_PB,BRACS_1240,PB,BRACS_1240_PB_3.png,20947452,/BRACS_RoI/latest_version/train/1_PB/BRACS_1240_PB_3.png
train,1_PB,BRACS_1240,PB,BRACS_1240_PB_4.png,23819894,/BRACS_RoI/latest_version/train/1_PB/BRACS_1240_PB_4.png
train,1_PB,BRACS_1240,PB,BRACS_1240_PB_5.png,42241712,/BRACS_RoI/latest_version/train/1_PB/BRACS_1240_PB_5.png
train,1_PB,BRACS_1240,PB,BRACS_1240_PB_6.png,38876320,/BRACS_RoI/latest_version/train/1_PB/BRACS_1240_PB_6.png
train,1_PB,BRACS_1240,PB,BRACS_1240_PB_7.png,25212404,/BRACS_RoI/latest_version/train/1_PB/BRACS_1240_PB_7.png
train,1_PB,BRACS_1240,PB,BRACS_1240_PB_8.png,32786563,/BRACS_RoI/latest_version/train/1_PB/BRACS_1240_PB_8.png
train,1_PB,BRACS_1240,PB,BRACS_1240_PB_9.png,22825451,/BRACS_RoI/latest_version/train/1_PB/BRACS_1240_PB_9.png
train,1_PB,BRACS_1241,PB,BRACS_1241_PB_1.png,49689518,/BRACS_RoI/latest_version/train/1_PB/BRACS_1241_PB_1.png
train,1_PB,BRACS_1241,PB,BRACS_1241_PB_10.png,43747967,/BRACS_RoI/latest_version/train/1_PB/BRACS_1241_PB_10.png
train,1_PB,BRACS_1241,PB,BRACS_1241_PB_2.png,46237046,/BRACS_RoI/latest_version/train/1_PB/BRACS_1241_PB_2.png
train,1_PB,BRACS_1241,PB,BRACS_1241_PB_3.png,61213602,/BRACS_RoI/latest_version/train/1_PB/BRACS_1241_PB_3.png
train,1_PB,BRACS_1241,PB,BRACS_1241_PB_4.png,43071905,/BRACS_RoI/latest_version/train/1_PB/BRACS_1241_PB_4.png
train,1_PB,BRACS_1241,PB,BRACS_1241_PB_5.png,52142030,/BRACS_RoI/latest_version/train/1_PB/BRACS_1241_PB_5.png
train,1_PB,BRACS_1241,PB,BRACS_1241_PB_6.png,51192883,/BRACS_RoI/latest_version/train/1_PB/BRACS_1241_PB_6.png
train,1_PB,BRACS_1241,PB,BRACS_1241_PB_7.png,57777467,/BRACS_RoI/latest_version/train/1_PB/BRACS_1241_PB_7.png
train,1_PB,BRACS_1241,PB,BRACS_1241_PB_8.png,26585325,/BRACS_RoI/latest_version/train/1_PB/BRACS_1241_PB_8.png
train,1_PB,BRACS_1241,PB,BRACS_1241_PB_9.png,29695504,/BRACS_RoI/latest_version/train/1_PB/BRACS_1241_PB_9.png
train,1_PB,BRACS_1242,PB,BRACS_1242_PB_1.png,36729708,/BRACS_RoI/latest_version/train/1_PB/BRACS_1242_PB_1.png
train,1_PB,BRACS_1242,PB,BRACS_1242_PB_2.png,26177703,/BRACS_RoI/latest_version/train/1_PB/BRACS_1242_PB_2.png
train,1_PB,BRACS_1242,PB,BRACS_1242_PB_3.png,17501278,/BRACS_RoI/latest_version/train/1_PB/BRACS_1242_PB_3.png
train,1_PB,BRACS_1242,PB,BRACS_1242_PB_4.png,34029695,/BRACS_RoI/latest_version/train/1_PB/BRACS_1242_PB_4.png
train,1_PB,BRACS_1242,PB,BRACS_1242_PB_5.png,31454270,/BRACS_RoI/latest_version/train/1_PB/BRACS_1242_PB_5.png
train,1_PB,BRACS_1244,PB,BRACS_1244_PB_1.png,43790695,/BRACS_RoI/latest_version/train/1_PB/BRACS_1244_PB_1.png
train,1_PB,BRACS_1250,PB,BRACS_1250_PB_2.png,22391220,/BRACS_RoI/latest_version/train/1_PB/BRACS_1250_PB_2.png
train,1_PB,BRACS_1250,PB,BRACS_1250_PB_3.png,23839485,/BRACS_RoI/latest_version/train/1_PB/BRACS_1250_PB_3.png
train,1_PB,BRACS_1250,PB,BRACS_1250_PB_5.png,21477360,/BRACS_RoI/latest_version/train/1_PB/BRACS_1250_PB_5.png
train,1_PB,BRACS_1251,PB,BRACS_1251_PB_1.png,30046819,/BRACS_RoI/latest_version/train/1_PB/BRACS_1251_PB_1.png
train,1_PB,BRACS_1251,PB,BRACS_1251_PB_2.png,32911231,/BRACS_RoI/latest_version/train/1_PB/BRACS_1251_PB_2.png
train,1_PB,BRACS_1251,PB,BRACS_1251_PB_3.png,33632554,/BRACS_RoI/latest_version/train/1_PB/BRACS_1251_PB_3.png
train,1_PB,BRACS_1251,PB,BRACS_1251_PB_4.png,26549271,/BRACS_RoI/latest_version/train/1_PB/BRACS_1251_PB_4.png
train,1_PB,BRACS_1251,PB,BRACS_1251_PB_5.png,32169892,/BRACS_RoI/latest_version/train/1_PB/BRACS_1251_PB_5.png
train,1_PB,BRACS_1253,PB,BRACS_1253_PB_1.png,24513891,/BRACS_RoI/latest_version/train/1_PB/BRACS_1253_PB_1.png
train,1_PB,BRACS_1253,PB,BRACS_1253_PB_2.png,21869654,/BRACS_RoI/latest_version/train/1_PB/BRACS_1253_PB_2.png
train,1_PB,BRACS_1253,PB,BRACS_1253_PB_3.png,36862466,/BRACS_RoI/latest_version/train/1_PB/BRACS_1253_PB_3.png
train,1_PB,BRACS_1253,PB,BRACS_1253_PB_4.png,38700927,/BRACS_RoI/latest_version/train/1_PB/BRACS_1253_PB_4.png
train,1_PB,BRACS_1253,PB,BRACS_1253_PB_5.png,33017339,/BRACS_RoI/latest_version/train/1_PB/BRACS_1253_PB_5.png
train,1_PB,BRACS_1255,PB,BRACS_1255_PB_1.png,27031198,/BRACS_RoI/latest_version/train/1_PB/BRACS_1255_PB_1.png
train,1_PB,BRACS_1255,PB,BRACS_1255_PB_2.png,47799880,/BRACS_RoI/latest_version/train/1_PB/BRACS_1255_PB_2.png
train,1_PB,BRACS_1255,PB,BRACS_1255_PB_3.png,41452398,/BRACS_RoI/latest_version/train/1_PB/BRACS_1255_PB_3.png
train,1_PB,BRACS_1255,PB,BRACS_1255_PB_4.png,31839175,/BRACS_RoI/latest_version/train/1_PB/BRACS_1255_PB_4.png
train,1_PB,BRACS_1255,PB,BRACS_1255_PB_5.png,37822571,/BRACS_RoI/latest_version/train/1_PB/BRACS_1255_PB_5.png
train,1_PB,BRACS_1257,PB,BRACS_1257_PB_1.png,16780849,/BRACS_RoI/latest_version/train/1_PB/BRACS_1257_PB_1.png
train,1_PB,BRACS_1257,PB,BRACS_1257_PB_2.png,10199750,/BRACS_RoI/latest_version/train/1_PB/BRACS_1257_PB_2.png
train,1_PB,BRACS_1257,PB,BRACS_1257_PB_3.png,36123448,/BRACS_RoI/latest_version/train/1_PB/BRACS_1257_PB_3.png
train,1_PB,BRACS_1257,PB,BRACS_1257_PB_4.png,42247153,/BRACS_RoI/latest_version/train/1_PB/BRACS_1257_PB_4.png
train,1_PB,BRACS_1259,PB,BRACS_1259_PB_1.png,24596012,/BRACS_RoI/latest_version/train/1_PB/BRACS_1259_PB_1.png
train,1_PB,BRACS_1259,PB,BRACS_1259_PB_2.png,44962973,/BRACS_RoI/latest_version/train/1_PB/BRACS_1259_PB_2.png
train,1_PB,BRACS_1259,PB,BRACS_1259_PB_3.png,13632921,/BRACS_RoI/latest_version/train/1_PB/BRACS_1259_PB_3.png
train,1_PB,BRACS_1259,PB,BRACS_1259_PB_4.png,23148936,/BRACS_RoI/latest_version/train/1_PB/BRACS_1259_PB_4.png
train,1_PB,BRACS_1259,PB,BRACS_1259_PB_5.png,28325227,/BRACS_RoI/latest_version/train/1_PB/BRACS_1259_PB_5.png
train,1_PB,BRACS_1270,PB,BRACS_1270_PB_1.png,8924393,/BRACS_RoI/latest_version/train/1_PB/BRACS_1270_PB_1.png
train,1_PB,BRACS_1270,PB,BRACS_1270_PB_2.png,14357185,/BRACS_RoI/latest_version/train/1_PB/BRACS_1270_PB_2.png
train,1_PB,BRACS_1270,PB,BRACS_1270_PB_3.png,8377527,/BRACS_RoI/latest_version/train/1_PB/BRACS_1270_PB_3.png
train,1_PB,BRACS_1272,PB,BRACS_1272_PB_3.png,4621145,/BRACS_RoI/latest_version/train/1_PB/BRACS_1272_PB_3.png
train,1_PB,BRACS_1272,PB,BRACS_1272_PB_45.png,7397640,/BRACS_RoI/latest_version/train/1_PB/BRACS_1272_PB_45.png
train,1_PB,BRACS_1272,PB,BRACS_1272_PB_9.png,14677726,/BRACS_RoI/latest_version/train/1_PB/BRACS_1272_PB_9.png
train,1_PB,BRACS_1279,PB,BRACS_1279_PB_2.png,17472523,/BRACS_RoI/latest_version/train/1_PB/BRACS_1279_PB_2.png
train,1_PB,BRACS_1279,PB,BRACS_1279_PB_3.png,8196433,/BRACS_RoI/latest_version/train/1_PB/BRACS_1279_PB_3.png
train,1_PB,BRACS_1318,PB,BRACS_1318_PB_1.png,20297289,/BRACS_RoI/latest_version/train/1_PB/BRACS_1318_PB_1.png
train,1_PB,BRACS_1318,PB,BRACS_1318_PB_2.png,18740873,/BRACS_RoI/latest_version/train/1_PB/BRACS_1318_PB_2.png
train,1_PB,BRACS_1318,PB,BRACS_1318_PB_3.png,9930750,/BRACS_RoI/latest_version/train/1_PB/BRACS_1318_PB_3.png
train,1_PB,BRACS_1318,PB,BRACS_1318_PB_4.png,29602192,/BRACS_RoI/latest_version/train/1_PB/BRACS_1318_PB_4.png
train,1_PB,BRACS_1318,PB,BRACS_1318_PB_5.png,21125607,/BRACS_RoI/latest_version/train/1_PB/BRACS_1318_PB_5.png
train,1_PB,BRACS_1318,PB,BRACS_1318_PB_6.png,12302584,/BRACS_RoI/latest_version/train/1_PB/BRACS_1318_PB_6.png
train,1_PB,BRACS_1318,PB,BRACS_1318_PB_7.png,8341810,/BRACS_RoI/latest_version/train/1_PB/BRACS_1318_PB_7.png
train,1_PB,BRACS_1318,PB,BRACS_1318_PB_8.png,19607513,/BRACS_RoI/latest_version/train/1_PB/BRACS_1318_PB_8.png
train,1_PB,BRACS_1319,PB,BRACS_1319_PB_1.png,10289693,/BRACS_RoI/latest_version/train/1_PB/BRACS_1319_PB_1.png
train,1_PB,BRACS_1319,PB,BRACS_1319_PB_10.png,19432231,/BRACS_RoI/latest_version/train/1_PB/BRACS_1319_PB_10.png
train,1_PB,BRACS_1319,PB,BRACS_1319_PB_11.png,22658227,/BRACS_RoI/latest_version/train/1_PB/BRACS_1319_PB_11.png
train,1_PB,BRACS_1319,PB,BRACS_1319_PB_12.png,7361947,/BRACS_RoI/latest_version/train/1_PB/BRACS_1319_PB_12.png
train,1_PB,BRACS_1319,PB,BRACS_1319_PB_13.png,21518315,/BRACS_RoI/latest_version/train/1_PB/BRACS_1319_PB_13.png
train,1_PB,BRACS_1319,PB,BRACS_1319_PB_15.png,10198663,/BRACS_RoI/latest_version/train/1_PB/BRACS_1319_PB_15.png
train,1_PB,BRACS_1319,PB,BRACS_1319_PB_16.png,45765413,/BRACS_RoI/latest_version/train/1_PB/BRACS_1319_PB_16.png
train,1_PB,BRACS_1319,PB,BRACS_1319_PB_18.png,13313680,/BRACS_RoI/latest_version/train/1_PB/BRACS_1319_PB_18.png
train,1_PB,BRACS_1319,PB,BRACS_1319_PB_2.png,13618313,/BRACS_RoI/latest_version/train/1_PB/BRACS_1319_PB_2.png
train,1_PB,BRACS_1319,PB,BRACS_1319_PB_20.png,22288161,/BRACS_RoI/latest_version/train/1_PB/BRACS_1319_PB_20.png
train,1_PB,BRACS_1319,PB,BRACS_1319_PB_4.png,19379397,/BRACS_RoI/latest_version/train/1_PB/BRACS_1319_PB_4.png
train,1_PB,BRACS_1319,PB,BRACS_1319_PB_6.png,7371206,/BRACS_RoI/latest_version/train/1_PB/BRACS_1319_PB_6.png
train,1_PB,BRACS_1319,PB,BRACS_1319_PB_7.png,20532345,/BRACS_RoI/latest_version/train/1_PB/BRACS_1319_PB_7.png
train,1_PB,BRACS_1319,PB,BRACS_1319_PB_8.png,24124189,/BRACS_RoI/latest_version/train/1_PB/BRACS_1319_PB_8.png
train,1_PB,BRACS_1319,PB,BRACS_1319_PB_9.png,17685178,/BRACS_RoI/latest_version/train/1_PB/BRACS_1319_PB_9.png
train,1_PB,BRACS_1320,PB,BRACS_1320_PB_1.png,27930690,/BRACS_RoI/latest_version/train/1_PB/BRACS_1320_PB_1.png
train,1_PB,BRACS_1320,PB,BRACS_1320_PB_10.png,23847093,/BRACS_RoI/latest_version/train/1_PB/BRACS_1320_PB_10.png
train,1_PB,BRACS_1320,PB,BRACS_1320_PB_11.png,50552352,/BRACS_RoI/latest_version/train/1_PB/BRACS_1320_PB_11.png
train,1_PB,BRACS_1320,PB,BRACS_1320_PB_12.png,24007558,/BRACS_RoI/latest_version/train/1_PB/BRACS_1320_PB_12.png
train,1_PB,BRACS_1320,PB,BRACS_1320_PB_13.png,18351371,/BRACS_RoI/latest_version/train/1_PB/BRACS_1320_PB_13.png
train,1_PB,BRACS_1320,PB,BRACS_1320_PB_14.png,27018441,/BRACS_RoI/latest_version/train/1_PB/BRACS_1320_PB_14.png
train,1_PB,BRACS_1320,PB,BRACS_1320_PB_15.png,25762209,/BRACS_RoI/latest_version/train/1_PB/BRACS_1320_PB_15.png
train,1_PB,BRACS_1320,PB,BRACS_1320_PB_16.png,34528619,/BRACS_RoI/latest_version/train/1_PB/BRACS_1320_PB_16.png
train,1_PB,BRACS_1320,PB,BRACS_1320_PB_17.png,31563251,/BRACS_RoI/latest_version/train/1_PB/BRACS_1320_PB_17.png
train,1_PB,BRACS_1320,PB,BRACS_1320_PB_19.png,20957397,/BRACS_RoI/latest_version/train/1_PB/BRACS_1320_PB_19.png
train,1_PB,BRACS_1320,PB,BRACS_1320_PB_2.png,24627122,/BRACS_RoI/latest_version/train/1_PB/BRACS_1320_PB_2.png
train,1_PB,BRACS_1320,PB,BRACS_1320_PB_20.png,25059031,/BRACS_RoI/latest_version/train/1_PB/BRACS_1320_PB_20.png
train,1_PB,BRACS_1320,PB,BRACS_1320_PB_3.png,28666520,/BRACS_RoI/latest_version/train/1_PB/BRACS_1320_PB_3.png
train,1_PB,BRACS_1320,PB,BRACS_1320_PB_4.png,26905404,/BRACS_RoI/latest_version/train/1_PB/BRACS_1320_PB_4.png
train,1_PB,BRACS_1320,PB,BRACS_1320_PB_5.png,25899706,/BRACS_RoI/latest_version/train/1_PB/BRACS_1320_PB_5.png
train,1_PB,BRACS_1320,PB,BRACS_1320_PB_7.png,38238317,/BRACS_RoI/latest_version/train/1_PB/BRACS_1320_PB_7.png
train,1_PB,BRACS_1320,PB,BRACS_1320_PB_8.png,22934309,/BRACS_RoI/latest_version/train/1_PB/BRACS_1320_PB_8.png
train,1_PB,BRACS_1320,PB,BRACS_1320_PB_9.png,25546173,/BRACS_RoI/latest_version/train/1_PB/BRACS_1320_PB_9.png
train,1_PB,BRACS_1321,PB,BRACS_1321_PB_1.png,39478262,/BRACS_RoI/latest_version/train/1_PB/BRACS_1321_PB_1.png
train,1_PB,BRACS_1321,PB,BRACS_1321_PB_10.png,16158411,/BRACS_RoI/latest_version/train/1_PB/BRACS_1321_PB_10.png
train,1_PB,BRACS_1321,PB,BRACS_1321_PB_2.png,30557385,/BRACS_RoI/latest_version/train/1_PB/BRACS_1321_PB_2.png
train,1_PB,BRACS_1321,PB,BRACS_1321_PB_3.png,51788450,/BRACS_RoI/latest_version/train/1_PB/BRACS_1321_PB_3.png
train,1_PB,BRACS_1321,PB,BRACS_1321_PB_4.png,52823581,/BRACS_RoI/latest_version/train/1_PB/BRACS_1321_PB_4.png
train,1_PB,BRACS_1321,PB,BRACS_1321_PB_5.png,12823616,/BRACS_RoI/latest_version/train/1_PB/BRACS_1321_PB_5.png
train,1_PB,BRACS_1321,PB,BRACS_1321_PB_6.png,26238409,/BRACS_RoI/latest_version/train/1_PB/BRACS_1321_PB_6.png
train,1_PB,BRACS_1321,PB,BRACS_1321_PB_7.png,28480886,/BRACS_RoI/latest_version/train/1_PB/BRACS_1321_PB_7.png
train,1_PB,BRACS_1321,PB,BRACS_1321_PB_8.png,24374279,/BRACS_RoI/latest_version/train/1_PB/BRACS_1321_PB_8.png
train,1_PB,BRACS_1321,PB,BRACS_1321_PB_9.png,32161193,/BRACS_RoI/latest_version/train/1_PB/BRACS_1321_PB_9.png
train,1_PB,BRACS_1322,PB,BRACS_1322_PB_1.png,10372696,/BRACS_RoI/latest_version/train/1_PB/BRACS_1322_PB_1.png
train,1_PB,BRACS_1322,PB,BRACS_1322_PB_2.png,28734962,/BRACS_RoI/latest_version/train/1_PB/BRACS_1322_PB_2.png
train,1_PB,BRACS_1322,PB,BRACS_1322_PB_3.png,36160764,/BRACS_RoI/latest_version/train/1_PB/BRACS_1322_PB_3.png
train,1_PB,BRACS_1322,PB,BRACS_1322_PB_5.png,20080652,/BRACS_RoI/latest_version/train/1_PB/BRACS_1322_PB_5.png
train,1_PB,BRACS_1324,PB,BRACS_1324_PB_1.png,34856750,/BRACS_RoI/latest_version/train/1_PB/BRACS_1324_PB_1.png
train,1_PB,BRACS_1324,PB,BRACS_1324_PB_10.png,36998696,/BRACS_RoI/latest_version/train/1_PB/BRACS_1324_PB_10.png
train,1_PB,BRACS_1324,PB,BRACS_1324_PB_2.png,52553884,/BRACS_RoI/latest_version/train/1_PB/BRACS_1324_PB_2.png
train,1_PB,BRACS_1324,PB,BRACS_1324_PB_3.png,30670524,/BRACS_RoI/latest_version/train/1_PB/BRACS_1324_PB_3.png
train,1_PB,BRACS_1324,PB,BRACS_1324_PB_4.png,53292726,/BRACS_RoI/latest_version/train/1_PB/BRACS_1324_PB_4.png
train,1_PB,BRACS_1324,PB,BRACS_1324_PB_5.png,18679181,/BRACS_RoI/latest_version/train/1_PB/BRACS_1324_PB_5.png
train,1_PB,BRACS_1324,PB,BRACS_1324_PB_6.png,35073525,/BRACS_RoI/latest_version/train/1_PB/BRACS_1324_PB_6.png
train,1_PB,BRACS_1324,PB,BRACS_1324_PB_7.png,13008724,/BRACS_RoI/latest_version/train/1_PB/BRACS_1324_PB_7.png
train,1_PB,BRACS_1324,PB,BRACS_1324_PB_8.png,19394530,/BRACS_RoI/latest_version/train/1_PB/BRACS_1324_PB_8.png
train,1_PB,BRACS_1324,PB,BRACS_1324_PB_9.png,49501095,/BRACS_RoI/latest_version/train/1_PB/BRACS_1324_PB_9.png
train,1_PB,BRACS_1325,PB,BRACS_1325_PB_10.png,7062343,/BRACS_RoI/latest_version/train/1_PB/BRACS_1325_PB_10.png
train,1_PB,BRACS_1325,PB,BRACS_1325_PB_11.png,6711325,/BRACS_RoI/latest_version/train/1_PB/BRACS_1325_PB_11.png
train,1_PB,BRACS_1325,PB,BRACS_1325_PB_12.png,18802122,/BRACS_RoI/latest_version/train/1_PB/BRACS_1325_PB_12.png
train,1_PB,BRACS_1325,PB,BRACS_1325_PB_13.png,6190801,/BRACS_RoI/latest_version/train/1_PB/BRACS_1325_PB_13.png
train,1_PB,BRACS_1325,PB,BRACS_1325_PB_2.png,14553626,/BRACS_RoI/latest_version/train/1_PB/BRACS_1325_PB_2.png
train,1_PB,BRACS_1325,PB,BRACS_1325_PB_5.png,3772862,/BRACS_RoI/latest_version/train/1_PB/BRACS_1325_PB_5.png
train,1_PB,BRACS_1326,PB,BRACS_1326_PB_1.png,12854138,/BRACS_RoI/latest_version/train/1_PB/BRACS_1326_PB_1.png
train,1_PB,BRACS_1326,PB,BRACS_1326_PB_9.png,22321827,/BRACS_RoI/latest_version/train/1_PB/BRACS_1326_PB_9.png
train,1_PB,BRACS_1327,PB,BRACS_1327_PB_8.png,10799436,/BRACS_RoI/latest_version/train/1_PB/BRACS_1327_PB_8.png
train,1_PB,BRACS_1329,PB,BRACS_1329_PB_1.png,26678653,/BRACS_RoI/latest_version/train/1_PB/BRACS_1329_PB_1.png
train,1_PB,BRACS_1329,PB,BRACS_1329_PB_2.png,11251714,/BRACS_RoI/latest_version/train/1_PB/BRACS_1329_PB_2.png
train,1_PB,BRACS_1329,PB,BRACS_1329_PB_3.png,31396659,/BRACS_RoI/latest_version/train/1_PB/BRACS_1329_PB_3.png
train,1_PB,BRACS_1329,PB,BRACS_1329_PB_4.png,4484357,/BRACS_RoI/latest_version/train/1_PB/BRACS_1329_PB_4.png
train,1_PB,BRACS_1329,PB,BRACS_1329_PB_5.png,7925265,/BRACS_RoI/latest_version/train/1_PB/BRACS_1329_PB_5.png
train,1_PB,BRACS_1335,PB,BRACS_1335_PB_2.png,16432323,/BRACS_RoI/latest_version/train/1_PB/BRACS_1335_PB_2.png
train,1_PB,BRACS_1335,PB,BRACS_1335_PB_3.png,25019222,/BRACS_RoI/latest_version/train/1_PB/BRACS_1335_PB_3.png
train,1_PB,BRACS_1335,PB,BRACS_1335_PB_4.png,47396361,/BRACS_RoI/latest_version/train/1_PB/BRACS_1335_PB_4.png
train,1_PB,BRACS_1335,PB,BRACS_1335_PB_5.png,43603152,/BRACS_RoI/latest_version/train/1_PB/BRACS_1335_PB_5.png
train,1_PB,BRACS_1336,PB,BRACS_1336_PB_1.png,24807233,/BRACS_RoI/latest_version/train/1_PB/BRACS_1336_PB_1.png
train,1_PB,BRACS_1336,PB,BRACS_1336_PB_2.png,32044643,/BRACS_RoI/latest_version/train/1_PB/BRACS_1336_PB_2.png
train,1_PB,BRACS_1336,PB,BRACS_1336_PB_3.png,22643558,/BRACS_RoI/latest_version/train/1_PB/BRACS_1336_PB_3.png
train,1_PB,BRACS_1336,PB,BRACS_1336_PB_4.png,20097250,/BRACS_RoI/latest_version/train/1_PB/BRACS_1336_PB_4.png
train,1_PB,BRACS_1336,PB,BRACS_1336_PB_5.png,25500294,/BRACS_RoI/latest_version/train/1_PB/BRACS_1336_PB_5.png
train,1_PB,BRACS_1337,PB,BRACS_1337_PB_2.png,16205827,/BRACS_RoI/latest_version/train/1_PB/BRACS_1337_PB_2.png
train,1_PB,BRACS_1338,PB,BRACS_1338_PB_1.png,34923804,/BRACS_RoI/latest_version/train/1_PB/BRACS_1338_PB_1.png
train,1_PB,BRACS_1338,PB,BRACS_1338_PB_2.png,18847137,/BRACS_RoI/latest_version/train/1_PB/BRACS_1338_PB_2.png
train,1_PB,BRACS_1338,PB,BRACS_1338_PB_3.png,11648008,/BRACS_RoI/latest_version/train/1_PB/BRACS_1338_PB_3.png
train,1_PB,BRACS_1370,PB,BRACS_1370_PB_1.png,6352567,/BRACS_RoI/latest_version/train/1_PB/BRACS_1370_PB_1.png
train,1_PB,BRACS_1370,PB,BRACS_1370_PB_4.png,5380037,/BRACS_RoI/latest_version/train/1_PB/BRACS_1370_PB_4.png
train,1_PB,BRACS_1477,PB,BRACS_1477_PB_7.png,4301534,/BRACS_RoI/latest_version/train/1_PB/BRACS_1477_PB_7.png
train,1_PB,BRACS_1480,PB,BRACS_1480_PB_1.png,40735685,/BRACS_RoI/latest_version/train/1_PB/BRACS_1480_PB_1.png
train,1_PB,BRACS_1480,PB,BRACS_1480_PB_2.png,8861433,/BRACS_RoI/latest_version/train/1_PB/BRACS_1480_PB_2.png
train,1_PB,BRACS_1483,PB,BRACS_1483_PB_2.png,2543180,/BRACS_RoI/latest_version/train/1_PB/BRACS_1483_PB_2.png
train,1_PB,BRACS_1485,PB,BRACS_1485_PB_1.png,11939467,/BRACS_RoI/latest_version/train/1_PB/BRACS_1485_PB_1.png
train,1_PB,BRACS_1485,PB,BRACS_1485_PB_2.png,4801250,/BRACS_RoI/latest_version/train/1_PB/BRACS_1485_PB_2.png
train,1_PB,BRACS_1485,PB,BRACS_1485_PB_5.png,5878894,/BRACS_RoI/latest_version/train/1_PB/BRACS_1485_PB_5.png
train,1_PB,BRACS_1485,PB,BRACS_1485_PB_6.png,5118891,/BRACS_RoI/latest_version/train/1_PB/BRACS_1485_PB_6.png
train,1_PB,BRACS_1485,PB,BRACS_1485_PB_7.png,5587556,/BRACS_RoI/latest_version/train/1_PB/BRACS_1485_PB_7.png
train,1_PB,BRACS_1486,PB,BRACS_1486_PB_10.png,22328069,/BRACS_RoI/latest_version/train/1_PB/BRACS_1486_PB_10.png
train,1_PB,BRACS_1486,PB,BRACS_1486_PB_13.png,10352734,/BRACS_RoI/latest_version/train/1_PB/BRACS_1486_PB_13.png
train,1_PB,BRACS_1486,PB,BRACS_1486_PB_2.png,25914051,/BRACS_RoI/latest_version/train/1_PB/BRACS_1486_PB_2.png
train,1_PB,BRACS_1486,PB,BRACS_1486_PB_3.png,13929407,/BRACS_RoI/latest_version/train/1_PB/BRACS_1486_PB_3.png
train,1_PB,BRACS_1486,PB,BRACS_1486_PB_7.png,16694361,/BRACS_RoI/latest_version/train/1_PB/BRACS_1486_PB_7.png
train,1_PB,BRACS_1486,PB,BRACS_1486_PB_9.png,20532878,/BRACS_RoI/latest_version/train/1_PB/BRACS_1486_PB_9.png
train,1_PB,BRACS_1487,PB,BRACS_1487_PB_33.png,3600420,/BRACS_RoI/latest_version/train/1_PB/BRACS_1487_PB_33.png
train,1_PB,BRACS_1490,PB,BRACS_1490_PB_6.png,18232591,/BRACS_RoI/latest_version/train/1_PB/BRACS_1490_PB_6.png
train,1_PB,BRACS_1493,PB,BRACS_1493_PB_1.png,9907821,/BRACS_RoI/latest_version/train/1_PB/BRACS_1493_PB_1.png
train,1_PB,BRACS_1493,PB,BRACS_1493_PB_2.png,6286357,/BRACS_RoI/latest_version/train/1_PB/BRACS_1493_PB_2.png
train,1_PB,BRACS_1493,PB,BRACS_1493_PB_5.png,9260875,/BRACS_RoI/latest_version/train/1_PB/BRACS_1493_PB_5.png
train,1_PB,BRACS_1494,PB,BRACS_1494_PB_17.png,2629958,/BRACS_RoI/latest_version/train/1_PB/BRACS_1494_PB_17.png
train,1_PB,BRACS_1494,PB,BRACS_1494_PB_22.png,5440591,/BRACS_RoI/latest_version/train/1_PB/BRACS_1494_PB_22.png
train,1_PB,BRACS_1494,PB,BRACS_1494_PB_25.png,15652830,/BRACS_RoI/latest_version/train/1_PB/BRACS_1494_PB_25.png
train,1_PB,BRACS_1494,PB,BRACS_1494_PB_48.png,13421391,/BRACS_RoI/latest_version/train/1_PB/BRACS_1494_PB_48.png
train,1_PB,BRACS_1494,PB,BRACS_1494_PB_6.png,7849012,/BRACS_RoI/latest_version/train/1_PB/BRACS_1494_PB_6.png
train,1_PB,BRACS_1496,PB,BRACS_1496_PB_20.png,10977417,/BRACS_RoI/latest_version/train/1_PB/BRACS_1496_PB_20.png
train,1_PB,BRACS_1496,PB,BRACS_1496_PB_23.png,5607696,/BRACS_RoI/latest_version/train/1_PB/BRACS_1496_PB_23.png
train,1_PB,BRACS_1496,PB,BRACS_1496_PB_36.png,7198637,/BRACS_RoI/latest_version/train/1_PB/BRACS_1496_PB_36.png
train,1_PB,BRACS_1496,PB,BRACS_1496_PB_40.png,1690021,/BRACS_RoI/latest_version/train/1_PB/BRACS_1496_PB_40.png
train,1_PB,BRACS_1496,PB,BRACS_1496_PB_6.png,7411011,/BRACS_RoI/latest_version/train/1_PB/BRACS_1496_PB_6.png
train,1_PB,BRACS_1499,PB,BRACS_1499_PB_10.png,12110257,/BRACS_RoI/latest_version/train/1_PB/BRACS_1499_PB_10.png
train,1_PB,BRACS_1499,PB,BRACS_1499_PB_3.png,695304,/BRACS_RoI/latest_version/train/1_PB/BRACS_1499_PB_3.png
train,1_PB,BRACS_1499,PB,BRACS_1499_PB_4.png,2619385,/BRACS_RoI/latest_version/train/1_PB/BRACS_1499_PB_4.png
train,1_PB,BRACS_1499,PB,BRACS_1499_PB_9.png,13386499,/BRACS_RoI/latest_version/train/1_PB/BRACS_1499_PB_9.png
train,1_PB,BRACS_1506,PB,BRACS_1506_PB_10.png,9834486,/BRACS_RoI/latest_version/train/1_PB/BRACS_1506_PB_10.png
train,1_PB,BRACS_1506,PB,BRACS_1506_PB_5.png,16683813,/BRACS_RoI/latest_version/train/1_PB/BRACS_1506_PB_5.png
train,1_PB,BRACS_1506,PB,BRACS_1506_PB_6.png,30712226,/BRACS_RoI/latest_version/train/1_PB/BRACS_1506_PB_6.png
train,1_PB,BRACS_1508,PB,BRACS_1508_PB_2.png,9181643,/BRACS_RoI/latest_version/train/1_PB/BRACS_1508_PB_2.png
train,1_PB,BRACS_1509,PB,BRACS_1509_PB_20.png,9043999,/BRACS_RoI/latest_version/train/1_PB/BRACS_1509_PB_20.png
train,1_PB,BRACS_1509,PB,BRACS_1509_PB_6.png,35158996,/BRACS_RoI/latest_version/train/1_PB/BRACS_1509_PB_6.png
train,1_PB,BRACS_1510,PB,BRACS_1510_PB_12.png,2801369,/BRACS_RoI/latest_version/train/1_PB/BRACS_1510_PB_12.png
train,1_PB,BRACS_1510,PB,BRACS_1510_PB_13.png,2429499,/BRACS_RoI/latest_version/train/1_PB/BRACS_1510_PB_13.png
train,1_PB,BRACS_1510,PB,BRACS_1510_PB_14.png,6618959,/BRACS_RoI/latest_version/train/1_PB/BRACS_1510_PB_14.png
train,1_PB,BRACS_1510,PB,BRACS_1510_PB_17.png,4100177,/BRACS_RoI/latest_version/train/1_PB/BRACS_1510_PB_17.png
train,1_PB,BRACS_1510,PB,BRACS_1510_PB_5.png,10607730,/BRACS_RoI/latest_version/train/1_PB/BRACS_1510_PB_5.png
train,1_PB,BRACS_1510,PB,BRACS_1510_PB_8.png,720718,/BRACS_RoI/latest_version/train/1_PB/BRACS_1510_PB_8.png
train,1_PB,BRACS_1511,PB,BRACS_1511_PB_2.png,5085053,/BRACS_RoI/latest_version/train/1_PB/BRACS_1511_PB_2.png
train,1_PB,BRACS_1581,PB,BRACS_1581_PB_1.png,8199646,/BRACS_RoI/latest_version/train/1_PB/BRACS_1581_PB_1.png
train,1_PB,BRACS_1581,PB,BRACS_1581_PB_2.png,4026179,/BRACS_RoI/latest_version/train/1_PB/BRACS_1581_PB_2.png
train,1_PB,BRACS_1581,PB,BRACS_1581_PB_3.png,21759995,/BRACS_RoI/latest_version/train/1_PB/BRACS_1581_PB_3.png
train,1_PB,BRACS_1581,PB,BRACS_1581_PB_5.png,58948363,/BRACS_RoI/latest_version/train/1_PB/BRACS_1581_PB_5.png
train,1_PB,BRACS_1582,PB,BRACS_1582_PB_1.png,22826835,/BRACS_RoI/latest_version/train/1_PB/BRACS_1582_PB_1.png
train,1_PB,BRACS_1582,PB,BRACS_1582_PB_2.png,25174394,/BRACS_RoI/latest_version/train/1_PB/BRACS_1582_PB_2.png
train,1_PB,BRACS_1582,PB,BRACS_1582_PB_3.png,16782972,/BRACS_RoI/latest_version/train/1_PB/BRACS_1582_PB_3.png
train,1_PB,BRACS_1583,PB,BRACS_1583_PB_1.png,9433212,/BRACS_RoI/latest_version/train/1_PB/BRACS_1583_PB_1.png
train,1_PB,BRACS_1593,PB,BRACS_1593_PB_4.png,5928348,/BRACS_RoI/latest_version/train/1_PB/BRACS_1593_PB_4.png
train,1_PB,BRACS_1594,PB,BRACS_1594_PB_2.png,2159780,/BRACS_RoI/latest_version/train/1_PB/BRACS_1594_PB_2.png
train,1_PB,BRACS_1594,PB,BRACS_1594_PB_4.png,5923262,/BRACS_RoI/latest_version/train/1_PB/BRACS_1594_PB_4.png
train,1_PB,BRACS_1594,PB,BRACS_1594_PB_6.png,1646925,/BRACS_RoI/latest_version/train/1_PB/BRACS_1594_PB_6.png
train,1_PB,BRACS_1594,PB,BRACS_1594_PB_7.png,21049534,/BRACS_RoI/latest_version/train/1_PB/BRACS_1594_PB_7.png
train,1_PB,BRACS_1594,PB,BRACS_1594_PB_8.png,2028703,/BRACS_RoI/latest_version/train/1_PB/BRACS_1594_PB_8.png
train,1_PB,BRACS_1603,PB,BRACS_1603_PB_1.png,38684544,/BRACS_RoI/latest_version/train/1_PB/BRACS_1603_PB_1.png
train,1_PB,BRACS_1603,PB,BRACS_1603_PB_10.png,10951482,/BRACS_RoI/latest_version/train/1_PB/BRACS_1603_PB_10.png
train,1_PB,BRACS_1603,PB,BRACS_1603_PB_11.png,10511054,/BRACS_RoI/latest_version/train/1_PB/BRACS_1603_PB_11.png
train,1_PB,BRACS_1603,PB,BRACS_1603_PB_12.png,22010346,/BRACS_RoI/latest_version/train/1_PB/BRACS_1603_PB_12.png
train,1_PB,BRACS_1603,PB,BRACS_1603_PB_13.png,13592701,/BRACS_RoI/latest_version/train/1_PB/BRACS_1603_PB_13.png
train,1_PB,BRACS_1603,PB,BRACS_1603_PB_2.png,9330597,/BRACS_RoI/latest_version/train/1_PB/BRACS_1603_PB_2.png
train,1_PB,BRACS_1603,PB,BRACS_1603_PB_3.png,22507264,/BRACS_RoI/latest_version/train/1_PB/BRACS_1603_PB_3.png
train,1_PB,BRACS_1603,PB,BRACS_1603_PB_4.png,23791049,/BRACS_RoI/latest_version/train/1_PB/BRACS_1603_PB_4.png
train,1_PB,BRACS_1603,PB,BRACS_1603_PB_6.png,4960429,/BRACS_RoI/latest_version/train/1_PB/BRACS_1603_PB_6.png
train,1_PB,BRACS_1603,PB,BRACS_1603_PB_8.png,18238772,/BRACS_RoI/latest_version/train/1_PB/BRACS_1603_PB_8.png
train,1_PB,BRACS_1603,PB,BRACS_1603_PB_9.png,14668902,/BRACS_RoI/latest_version/train/1_PB/BRACS_1603_PB_9.png
train,1_PB,BRACS_1604,PB,BRACS_1604_PB_1.png,2707979,/BRACS_RoI/latest_version/train/1_PB/BRACS_1604_PB_1.png
train,1_PB,BRACS_1604,PB,BRACS_1604_PB_10.png,10137150,/BRACS_RoI/latest_version/train/1_PB/BRACS_1604_PB_10.png
train,1_PB,BRACS_1604,PB,BRACS_1604_PB_11.png,12911441,/BRACS_RoI/latest_version/train/1_PB/BRACS_1604_PB_11.png
train,1_PB,BRACS_1604,PB,BRACS_1604_PB_13.png,10684586,/BRACS_RoI/latest_version/train/1_PB/BRACS_1604_PB_13.png
train,1_PB,BRACS_1604,PB,BRACS_1604_PB_14.png,6351578,/BRACS_RoI/latest_version/train/1_PB/BRACS_1604_PB_14.png
train,1_PB,BRACS_1604,PB,BRACS_1604_PB_5.png,7009851,/BRACS_RoI/latest_version/train/1_PB/BRACS_1604_PB_5.png
train,1_PB,BRACS_1604,PB,BRACS_1604_PB_6.png,17214647,/BRACS_RoI/latest_version/train/1_PB/BRACS_1604_PB_6.png
train,1_PB,BRACS_1604,PB,BRACS_1604_PB_7.png,9554759,/BRACS_RoI/latest_version/train/1_PB/BRACS_1604_PB_7.png
train,1_PB,BRACS_1604,PB,BRACS_1604_PB_9.png,9466775,/BRACS_RoI/latest_version/train/1_PB/BRACS_1604_PB_9.png
train,1_PB,BRACS_1605,PB,BRACS_1605_PB_1.png,4794211,/BRACS_RoI/latest_version/train/1_PB/BRACS_1605_PB_1.png
train,1_PB,BRACS_1605,PB,BRACS_1605_PB_10.png,7021588,/BRACS_RoI/latest_version/train/1_PB/BRACS_1605_PB_10.png
train,1_PB,BRACS_1605,PB,BRACS_1605_PB_11.png,5950866,/BRACS_RoI/latest_version/train/1_PB/BRACS_1605_PB_11.png
train,1_PB,BRACS_1605,PB,BRACS_1605_PB_12.png,4951820,/BRACS_RoI/latest_version/train/1_PB/BRACS_1605_PB_12.png
train,1_PB,BRACS_1605,PB,BRACS_1605_PB_13.png,9483209,/BRACS_RoI/latest_version/train/1_PB/BRACS_1605_PB_13.png
train,1_PB,BRACS_1605,PB,BRACS_1605_PB_14.png,6160621,/BRACS_RoI/latest_version/train/1_PB/BRACS_1605_PB_14.png
train,1_PB,BRACS_1605,PB,BRACS_1605_PB_15.png,6467107,/BRACS_RoI/latest_version/train/1_PB/BRACS_1605_PB_15.png
train,1_PB,BRACS_1605,PB,BRACS_1605_PB_16.png,30214066,/BRACS_RoI/latest_version/train/1_PB/BRACS_1605_PB_16.png
train,1_PB,BRACS_1605,PB,BRACS_1605_PB_17.png,13130646,/BRACS_RoI/latest_version/train/1_PB/BRACS_1605_PB_17.png
train,1_PB,BRACS_1605,PB,BRACS_1605_PB_18.png,18831194,/BRACS_RoI/latest_version/train/1_PB/BRACS_1605_PB_18.png
train,1_PB,BRACS_1605,PB,BRACS_1605_PB_19.png,15026555,/BRACS_RoI/latest_version/train/1_PB/BRACS_1605_PB_19.png
train,1_PB,BRACS_1605,PB,BRACS_1605_PB_2.png,19382644,/BRACS_RoI/latest_version/train/1_PB/BRACS_1605_PB_2.png
train,1_PB,BRACS_1605,PB,BRACS_1605_PB_20.png,24353943,/BRACS_RoI/latest_version/train/1_PB/BRACS_1605_PB_20.png
train,1_PB,BRACS_1605,PB,BRACS_1605_PB_3.png,7172469,/BRACS_RoI/latest_version/train/1_PB/BRACS_1605_PB_3.png
train,1_PB,BRACS_1605,PB,BRACS_1605_PB_4.png,12085056,/BRACS_RoI/latest_version/train/1_PB/BRACS_1605_PB_4.png
train,1_PB,BRACS_1605,PB,BRACS_1605_PB_5.png,23804194,/BRACS_RoI/latest_version/train/1_PB/BRACS_1605_PB_5.png
train,1_PB,BRACS_1605,PB,BRACS_1605_PB_6.png,11049581,/BRACS_RoI/latest_version/train/1_PB/BRACS_1605_PB_6.png
train,1_PB,BRACS_1605,PB,BRACS_1605_PB_7.png,8342479,/BRACS_RoI/latest_version/train/1_PB/BRACS_1605_PB_7.png
train,1_PB,BRACS_1605,PB,BRACS_1605_PB_8.png,13792983,/BRACS_RoI/latest_version/train/1_PB/BRACS_1605_PB_8.png
train,1_PB,BRACS_1605,PB,BRACS_1605_PB_9.png,20630335,/BRACS_RoI/latest_version/train/1_PB/BRACS_1605_PB_9.png
train,1_PB,BRACS_1606,PB,BRACS_1606_PB_10.png,25759522,/BRACS_RoI/latest_version/train/1_PB/BRACS_1606_PB_10.png
train,1_PB,BRACS_1606,PB,BRACS_1606_PB_11.png,20701566,/BRACS_RoI/latest_version/train/1_PB/BRACS_1606_PB_11.png
train,1_PB,BRACS_1606,PB,BRACS_1606_PB_13.png,12262362,/BRACS_RoI/latest_version/train/1_PB/BRACS_1606_PB_13.png
train,1_PB,BRACS_1606,PB,BRACS_1606_PB_14.png,19941322,/BRACS_RoI/latest_version/train/1_PB/BRACS_1606_PB_14.png
train,1_PB,BRACS_1606,PB,BRACS_1606_PB_15.png,10285586,/BRACS_RoI/latest_version/train/1_PB/BRACS_1606_PB_15.png
train,1_PB,BRACS_1606,PB,BRACS_1606_PB_2.png,19681842,/BRACS_RoI/latest_version/train/1_PB/BRACS_1606_PB_2.png
train,1_PB,BRACS_1606,PB,BRACS_1606_PB_3.png,20163744,/BRACS_RoI/latest_version/train/1_PB/BRACS_1606_PB_3.png
train,1_PB,BRACS_1606,PB,BRACS_1606_PB_4.png,16199716,/BRACS_RoI/latest_version/train/1_PB/BRACS_1606_PB_4.png
train,1_PB,BRACS_1606,PB,BRACS_1606_PB_5.png,10865738,/BRACS_RoI/latest_version/train/1_PB/BRACS_1606_PB_5.png
train,1_PB,BRACS_1606,PB,BRACS_1606_PB_6.png,2656760,/BRACS_RoI/latest_version/train/1_PB/BRACS_1606_PB_6.png
train,1_PB,BRACS_1606,PB,BRACS_1606_PB_7.png,32356279,/BRACS_RoI/latest_version/train/1_PB/BRACS_1606_PB_7.png
train,1_PB,BRACS_1606,PB,BRACS_1606_PB_9.png,17707948,/BRACS_RoI/latest_version/train/1_PB/BRACS_1606_PB_9.png
train,1_PB,BRACS_1612,PB,BRACS_1612_PB_1.png,9932786,/BRACS_RoI/latest_version/train/1_PB/BRACS_1612_PB_1.png
train,1_PB,BRACS_1612,PB,BRACS_1612_PB_10.png,7587818,/BRACS_RoI/latest_version/train/1_PB/BRACS_1612_PB_10.png
train,1_PB,BRACS_1612,PB,BRACS_1612_PB_2.png,9611481,/BRACS_RoI/latest_version/train/1_PB/BRACS_1612_PB_2.png
train,1_PB,BRACS_1612,PB,BRACS_1612_PB_3.png,20713956,/BRACS_RoI/latest_version/train/1_PB/BRACS_1612_PB_3.png
train,1_PB,BRACS_1612,PB,BRACS_1612_PB_4.png,17371704,/BRACS_RoI/latest_version/train/1_PB/BRACS_1612_PB_4.png
train,1_PB,BRACS_1612,PB,BRACS_1612_PB_5.png,23421799,/BRACS_RoI/latest_version/train/1_PB/BRACS_1612_PB_5.png
train,1_PB,BRACS_1612,PB,BRACS_1612_PB_6.png,26373722,/BRACS_RoI/latest_version/train/1_PB/BRACS_1612_PB_6.png
train,1_PB,BRACS_1612,PB,BRACS_1612_PB_7.png,12297389,/BRACS_RoI/latest_version/train/1_PB/BRACS_1612_PB_7.png
train,1_PB,BRACS_1612,PB,BRACS_1612_PB_8.png,13413371,/BRACS_RoI/latest_version/train/1_PB/BRACS_1612_PB_8.png
train,1_PB,BRACS_1612,PB,BRACS_1612_PB_9.png,20429783,/BRACS_RoI/latest_version/train/1_PB/BRACS_1612_PB_9.png
train,1_PB,BRACS_1617,PB,BRACS_1617_PB_14.png,10498115,/BRACS_RoI/latest_version/train/1_PB/BRACS_1617_PB_14.png
train,1_PB,BRACS_1617,PB,BRACS_1617_PB_15.png,3931708,/BRACS_RoI/latest_version/train/1_PB/BRACS_1617_PB_15.png
train,1_PB,BRACS_1617,PB,BRACS_1617_PB_7.png,6234328,/BRACS_RoI/latest_version/train/1_PB/BRACS_1617_PB_7.png
train,1_PB,BRACS_1620,PB,BRACS_1620_PB_1.png,12083373,/BRACS_RoI/latest_version/train/1_PB/BRACS_1620_PB_1.png
train,1_PB,BRACS_1620,PB,BRACS_1620_PB_2.png,24182884,/BRACS_RoI/latest_version/train/1_PB/BRACS_1620_PB_2.png
train,1_PB,BRACS_1620,PB,BRACS_1620_PB_3.png,1762875,/BRACS_RoI/latest_version/train/1_PB/BRACS_1620_PB_3.png
train,1_PB,BRACS_1621,PB,BRACS_1621_PB_1.png,3574432,/BRACS_RoI/latest_version/train/1_PB/BRACS_1621_PB_1.png
train,1_PB,BRACS_1622,PB,BRACS_1622_PB_10.png,1158858,/BRACS_RoI/latest_version/train/1_PB/BRACS_1622_PB_10.png
train,1_PB,BRACS_1622,PB,BRACS_1622_PB_12.png,4389248,/BRACS_RoI/latest_version/train/1_PB/BRACS_1622_PB_12.png
train,1_PB,BRACS_1622,PB,BRACS_1622_PB_8.png,7245597,/BRACS_RoI/latest_version/train/1_PB/BRACS_1622_PB_8.png
train,1_PB,BRACS_1631,PB,BRACS_1631_PB_1.png,3565973,/BRACS_RoI/latest_version/train/1_PB/BRACS_1631_PB_1.png
train,1_PB,BRACS_1631,PB,BRACS_1631_PB_10.png,2397491,/BRACS_RoI/latest_version/train/1_PB/BRACS_1631_PB_10.png
train,1_PB,BRACS_1631,PB,BRACS_1631_PB_2.png,5223923,/BRACS_RoI/latest_version/train/1_PB/BRACS_1631_PB_2.png
train,1_PB,BRACS_1631,PB,BRACS_1631_PB_3.png,2135869,/BRACS_RoI/latest_version/train/1_PB/BRACS_1631_PB_3.png
train,1_PB,BRACS_1631,PB,BRACS_1631_PB_4.png,2783263,/BRACS_RoI/latest_version/train/1_PB/BRACS_1631_PB_4.png
train,1_PB,BRACS_1631,PB,BRACS_1631_PB_5.png,6371171,/BRACS_RoI/latest_version/train/1_PB/BRACS_1631_PB_5.png
train,1_PB,BRACS_1631,PB,BRACS_1631_PB_6.png,2408666,/BRACS_RoI/latest_version/train/1_PB/BRACS_1631_PB_6.png
train,1_PB,BRACS_1631,PB,BRACS_1631_PB_7.png,6648794,/BRACS_RoI/latest_version/train/1_PB/BRACS_1631_PB_7.png
train,1_PB,BRACS_1631,PB,BRACS_1631_PB_8.png,1683607,/BRACS_RoI/latest_version/train/1_PB/BRACS_1631_PB_8.png
train,1_PB,BRACS_1633,PB,BRACS_1633_PB_4.png,2853630,/BRACS_RoI/latest_version/train/1_PB/BRACS_1633_PB_4.png
train,1_PB,BRACS_1634,PB,BRACS_1634_PB_1.png,4536172,/BRACS_RoI/latest_version/train/1_PB/BRACS_1634_PB_1.png
train,1_PB,BRACS_1638,PB,BRACS_1638_PB_17.png,24689855,/BRACS_RoI/latest_version/train/1_PB/BRACS_1638_PB_17.png
train,1_PB,BRACS_1640,PB,BRACS_1640_PB_1.png,24071871,/BRACS_RoI/latest_version/train/1_PB/BRACS_1640_PB_1.png
train,1_PB,BRACS_1640,PB,BRACS_1640_PB_6.png,16646077,/BRACS_RoI/latest_version/train/1_PB/BRACS_1640_PB_6.png
train,1_PB,BRACS_1642,PB,BRACS_1642_PB_1.png,3002033,/BRACS_RoI/latest_version/train/1_PB/BRACS_1642_PB_1.png
train,1_PB,BRACS_1642,PB,BRACS_1642_PB_3.png,1026072,/BRACS_RoI/latest_version/train/1_PB/BRACS_1642_PB_3.png
train,1_PB,BRACS_1642,PB,BRACS_1642_PB_4.png,2869434,/BRACS_RoI/latest_version/train/1_PB/BRACS_1642_PB_4.png
train,1_PB,BRACS_1642,PB,BRACS_1642_PB_5.png,2676572,/BRACS_RoI/latest_version/train/1_PB/BRACS_1642_PB_5.png
train,1_PB,BRACS_1642,PB,BRACS_1642_PB_6.png,5477495,/BRACS_RoI/latest_version/train/1_PB/BRACS_1642_PB_6.png
train,1_PB,BRACS_1642,PB,BRACS_1642_PB_7.png,3993683,/BRACS_RoI/latest_version/train/1_PB/BRACS_1642_PB_7.png
train,1_PB,BRACS_1667,PB,BRACS_1667_PB_4.png,59533805,/BRACS_RoI/latest_version/train/1_PB/BRACS_1667_PB_4.png
train,1_PB,BRACS_1667,PB,BRACS_1667_PB_6.png,72761690,/BRACS_RoI/latest_version/train/1_PB/BRACS_1667_PB_6.png
train,1_PB,BRACS_1771,PB,BRACS_1771_PB_56.png,1182286,/BRACS_RoI/latest_version/train/1_PB/BRACS_1771_PB_56.png
train,1_PB,BRACS_1772,PB,BRACS_1772_PB_1.png,8845689,/BRACS_RoI/latest_version/train/1_PB/BRACS_1772_PB_1.png
train,1_PB,BRACS_1772,PB,BRACS_1772_PB_2.png,25340506,/BRACS_RoI/latest_version/train/1_PB/BRACS_1772_PB_2.png
train,1_PB,BRACS_1772,PB,BRACS_1772_PB_3.png,23234008,/BRACS_RoI/latest_version/train/1_PB/BRACS_1772_PB_3.png
train,1_PB,BRACS_1772,PB,BRACS_1772_PB_4.png,23995363,/BRACS_RoI/latest_version/train/1_PB/BRACS_1772_PB_4.png
train,1_PB,BRACS_1772,PB,BRACS_1772_PB_5.png,21993943,/BRACS_RoI/latest_version/train/1_PB/BRACS_1772_PB_5.png
train,1_PB,BRACS_1772,PB,BRACS_1772_PB_6.png,6538470,/BRACS_RoI/latest_version/train/1_PB/BRACS_1772_PB_6.png
train,1_PB,BRACS_1772,PB,BRACS_1772_PB_7.png,6027347,/BRACS_RoI/latest_version/train/1_PB/BRACS_1772_PB_7.png
train,1_PB,BRACS_1773,PB,BRACS_1773_PB_13.png,2413867,/BRACS_RoI/latest_version/train/1_PB/BRACS_1773_PB_13.png
train,1_PB,BRACS_1773,PB,BRACS_1773_PB_4.png,6596384,/BRACS_RoI/latest_version/train/1_PB/BRACS_1773_PB_4.png
train,1_PB,BRACS_1773,PB,BRACS_1773_PB_5.png,7777969,/BRACS_RoI/latest_version/train/1_PB/BRACS_1773_PB_5.png
train,1_PB,BRACS_1774,PB,BRACS_1774_PB_10.png,2341173,/BRACS_RoI/latest_version/train/1_PB/BRACS_1774_PB_10.png
train,1_PB,BRACS_1774,PB,BRACS_1774_PB_11.png,1599326,/BRACS_RoI/latest_version/train/1_PB/BRACS_1774_PB_11.png
train,1_PB,BRACS_1774,PB,BRACS_1774_PB_3.png,1691238,/BRACS_RoI/latest_version/train/1_PB/BRACS_1774_PB_3.png
train,1_PB,BRACS_1774,PB,BRACS_1774_PB_8.png,1499885,/BRACS_RoI/latest_version/train/1_PB/BRACS_1774_PB_8.png
train,1_PB,BRACS_1778,PB,BRACS_1778_PB_1.png,3576092,/BRACS_RoI/latest_version/train/1_PB/BRACS_1778_PB_1.png
train,1_PB,BRACS_1778,PB,BRACS_1778_PB_3.png,5714675,/BRACS_RoI/latest_version/train/1_PB/BRACS_1778_PB_3.png
train,1_PB,BRACS_1779,PB,BRACS_1779_PB_1.png,7399525,/BRACS_RoI/latest_version/train/1_PB/BRACS_1779_PB_1.png
train,1_PB,BRACS_1779,PB,BRACS_1779_PB_10.png,7067833,/BRACS_RoI/latest_version/train/1_PB/BRACS_1779_PB_10.png
train,1_PB,BRACS_1779,PB,BRACS_1779_PB_11.png,3569685,/BRACS_RoI/latest_version/train/1_PB/BRACS_1779_PB_11.png
train,1_PB,BRACS_1779,PB,BRACS_1779_PB_12.png,5057510,/BRACS_RoI/latest_version/train/1_PB/BRACS_1779_PB_12.png
train,1_PB,BRACS_1779,PB,BRACS_1779_PB_15.png,4074685,/BRACS_RoI/latest_version/train/1_PB/BRACS_1779_PB_15.png
train,1_PB,BRACS_1779,PB,BRACS_1779_PB_16.png,9468165,/BRACS_RoI/latest_version/train/1_PB/BRACS_1779_PB_16.png
train,1_PB,BRACS_1779,PB,BRACS_1779_PB_17.png,5306598,/BRACS_RoI/latest_version/train/1_PB/BRACS_1779_PB_17.png
train,1_PB,BRACS_1779,PB,BRACS_1779_PB_2.png,2990436,/BRACS_RoI/latest_version/train/1_PB/BRACS_1779_PB_2.png
train,1_PB,BRACS_1779,PB,BRACS_1779_PB_3.png,13362152,/BRACS_RoI/latest_version/train/1_PB/BRACS_1779_PB_3.png
train,1_PB,BRACS_1779,PB,BRACS_1779_PB_4.png,4043181,/BRACS_RoI/latest_version/train/1_PB/BRACS_1779_PB_4.png
train,1_PB,BRACS_1779,PB,BRACS_1779_PB_5.png,7129982,/BRACS_RoI/latest_version/train/1_PB/BRACS_1779_PB_5.png
train,1_PB,BRACS_1779,PB,BRACS_1779_PB_7.png,8167180,/BRACS_RoI/latest_version/train/1_PB/BRACS_1779_PB_7.png
train,1_PB,BRACS_1779,PB,BRACS_1779_PB_8.png,34157941,/BRACS_RoI/latest_version/train/1_PB/BRACS_1779_PB_8.png
train,1_PB,BRACS_1779,PB,BRACS_1779_PB_9.png,10822581,/BRACS_RoI/latest_version/train/1_PB/BRACS_1779_PB_9.png
train,1_PB,BRACS_1780,PB,BRACS_1780_PB_10.png,12612169,/BRACS_RoI/latest_version/train/1_PB/BRACS_1780_PB_10.png
train,1_PB,BRACS_1780,PB,BRACS_1780_PB_12.png,23516141,/BRACS_RoI/latest_version/train/1_PB/BRACS_1780_PB_12.png
train,1_PB,BRACS_1780,PB,BRACS_1780_PB_13.png,10764512,/BRACS_RoI/latest_version/train/1_PB/BRACS_1780_PB_13.png
train,1_PB,BRACS_1780,PB,BRACS_1780_PB_2.png,13438682,/BRACS_RoI/latest_version/train/1_PB/BRACS_1780_PB_2.png
train,1_PB,BRACS_1780,PB,BRACS_1780_PB_4.png,16684229,/BRACS_RoI/latest_version/train/1_PB/BRACS_1780_PB_4.png
train,1_PB,BRACS_1780,PB,BRACS_1780_PB_8.png,12794332,/BRACS_RoI/latest_version/train/1_PB/BRACS_1780_PB_8.png
train,1_PB,BRACS_1780,PB,BRACS_1780_PB_9.png,10915979,/BRACS_RoI/latest_version/train/1_PB/BRACS_1780_PB_9.png
train,1_PB,BRACS_1782,PB,BRACS_1782_PB_2.png,6592616,/BRACS_RoI/latest_version/train/1_PB/BRACS_1782_PB_2.png
train,1_PB,BRACS_1783,PB,BRACS_1783_PB_10.png,9647723,/BRACS_RoI/latest_version/train/1_PB/BRACS_1783_PB_10.png
train,1_PB,BRACS_1783,PB,BRACS_1783_PB_2.png,3727466,/BRACS_RoI/latest_version/train/1_PB/BRACS_1783_PB_2.png
train,1_PB,BRACS_1783,PB,BRACS_1783_PB_4.png,14263099,/BRACS_RoI/latest_version/train/1_PB/BRACS_1783_PB_4.png
train,1_PB,BRACS_1783,PB,BRACS_1783_PB_5.png,18545042,/BRACS_RoI/latest_version/train/1_PB/BRACS_1783_PB_5.png
train,1_PB,BRACS_1783,PB,BRACS_1783_PB_6.png,19912779,/BRACS_RoI/latest_version/train/1_PB/BRACS_1783_PB_6.png
train,1_PB,BRACS_1783,PB,BRACS_1783_PB_7.png,8707930,/BRACS_RoI/latest_version/train/1_PB/BRACS_1783_PB_7.png
train,1_PB,BRACS_1783,PB,BRACS_1783_PB_8.png,10661839,/BRACS_RoI/latest_version/train/1_PB/BRACS_1783_PB_8.png
train,1_PB,BRACS_1783,PB,BRACS_1783_PB_9.png,12499772,/BRACS_RoI/latest_version/train/1_PB/BRACS_1783_PB_9.png
train,1_PB,BRACS_1787,PB,BRACS_1787_PB_2.png,5058333,/BRACS_RoI/latest_version/train/1_PB/BRACS_1787_PB_2.png
train,1_PB,BRACS_1787,PB,BRACS_1787_PB_4.png,22145015,/BRACS_RoI/latest_version/train/1_PB/BRACS_1787_PB_4.png
train,1_PB,BRACS_1788,PB,BRACS_1788_PB_5.png,3000703,/BRACS_RoI/latest_version/train/1_PB/BRACS_1788_PB_5.png
train,1_PB,BRACS_1789,PB,BRACS_1789_PB_1.png,16910778,/BRACS_RoI/latest_version/train/1_PB/BRACS_1789_PB_1.png
train,1_PB,BRACS_1789,PB,BRACS_1789_PB_3.png,24367315,/BRACS_RoI/latest_version/train/1_PB/BRACS_1789_PB_3.png
train,1_PB,BRACS_1791,PB,BRACS_1791_PB_3.png,3414507,/BRACS_RoI/latest_version/train/1_PB/BRACS_1791_PB_3.png
train,1_PB,BRACS_1791,PB,BRACS_1791_PB_5.png,5604080,/BRACS_RoI/latest_version/train/1_PB/BRACS_1791_PB_5.png
train,1_PB,BRACS_1791,PB,BRACS_1791_PB_6.png,6120353,/BRACS_RoI/latest_version/train/1_PB/BRACS_1791_PB_6.png
train,1_PB,BRACS_1791,PB,BRACS_1791_PB_7.png,10068052,/BRACS_RoI/latest_version/train/1_PB/BRACS_1791_PB_7.png
train,1_PB,BRACS_1795,PB,BRACS_1795_PB_13.png,1785523,/BRACS_RoI/latest_version/train/1_PB/BRACS_1795_PB_13.png
train,1_PB,BRACS_1795,PB,BRACS_1795_PB_22.png,1251566,/BRACS_RoI/latest_version/train/1_PB/BRACS_1795_PB_22.png
train,1_PB,BRACS_1795,PB,BRACS_1795_PB_26.png,1826749,/BRACS_RoI/latest_version/train/1_PB/BRACS_1795_PB_26.png
train,1_PB,BRACS_1795,PB,BRACS_1795_PB_27.png,750029,/BRACS_RoI/latest_version/train/1_PB/BRACS_1795_PB_27.png
train,1_PB,BRACS_1795,PB,BRACS_1795_PB_28.png,1575610,/BRACS_RoI/latest_version/train/1_PB/BRACS_1795_PB_28.png
train,1_PB,BRACS_1795,PB,BRACS_1795_PB_3.png,3196008,/BRACS_RoI/latest_version/train/1_PB/BRACS_1795_PB_3.png
train,1_PB,BRACS_1795,PB,BRACS_1795_PB_33.png,2334681,/BRACS_RoI/latest_version/train/1_PB/BRACS_1795_PB_33.png
train,1_PB,BRACS_1795,PB,BRACS_1795_PB_35.png,1185385,/BRACS_RoI/latest_version/train/1_PB/BRACS_1795_PB_35.png
train,1_PB,BRACS_1795,PB,BRACS_1795_PB_37.png,1366232,/BRACS_RoI/latest_version/train/1_PB/BRACS_1795_PB_37.png
train,1_PB,BRACS_1795,PB,BRACS_1795_PB_40.png,2227061,/BRACS_RoI/latest_version/train/1_PB/BRACS_1795_PB_40.png
train,1_PB,BRACS_1795,PB,BRACS_1795_PB_41.png,1051317,/BRACS_RoI/latest_version/train/1_PB/BRACS_1795_PB_41.png
train,1_PB,BRACS_1795,PB,BRACS_1795_PB_42.png,1293904,/BRACS_RoI/latest_version/train/1_PB/BRACS_1795_PB_42.png
train,1_PB,BRACS_1795,PB,BRACS_1795_PB_48.png,1662744,/BRACS_RoI/latest_version/train/1_PB/BRACS_1795_PB_48.png
train,1_PB,BRACS_1795,PB,BRACS_1795_PB_49.png,1934690,/BRACS_RoI/latest_version/train/1_PB/BRACS_1795_PB_49.png
train,1_PB,BRACS_1795,PB,BRACS_1795_PB_56.png,1303036,/BRACS_RoI/latest_version/train/1_PB/BRACS_1795_PB_56.png
train,1_PB,BRACS_1795,PB,BRACS_1795_PB_57.png,1515748,/BRACS_RoI/latest_version/train/1_PB/BRACS_1795_PB_57.png
train,1_PB,BRACS_1795,PB,BRACS_1795_PB_58.png,1321336,/BRACS_RoI/latest_version/train/1_PB/BRACS_1795_PB_58.png
train,1_PB,BRACS_1795,PB,BRACS_1795_PB_63.png,1369605,/BRACS_RoI/latest_version/train/1_PB/BRACS_1795_PB_63.png
train,1_PB,BRACS_1808,PB,BRACS_1808_PB_11.png,2958960,/BRACS_RoI/latest_version/train/1_PB/BRACS_1808_PB_11.png
train,1_PB,BRACS_1808,PB,BRACS_1808_PB_12.png,2127379,/BRACS_RoI/latest_version/train/1_PB/BRACS_1808_PB_12.png
train,1_PB,BRACS_1808,PB,BRACS_1808_PB_17.png,9711136,/BRACS_RoI/latest_version/train/1_PB/BRACS_1808_PB_17.png
train,1_PB,BRACS_1808,PB,BRACS_1808_PB_39.png,2957422,/BRACS_RoI/latest_version/train/1_PB/BRACS_1808_PB_39.png
train,1_PB,BRACS_1808,PB,BRACS_1808_PB_41.png,1300167,/BRACS_RoI/latest_version/train/1_PB/BRACS_1808_PB_41.png
train,1_PB,BRACS_1808,PB,BRACS_1808_PB_48.png,1769526,/BRACS_RoI/latest_version/train/1_PB/BRACS_1808_PB_48.png
train,1_PB,BRACS_1808,PB,BRACS_1808_PB_75.png,1337829,/BRACS_RoI/latest_version/train/1_PB/BRACS_1808_PB_75.png
train,1_PB,BRACS_1808,PB,BRACS_1808_PB_78.png,1661439,/BRACS_RoI/latest_version/train/1_PB/BRACS_1808_PB_78.png
train,1_PB,BRACS_1808,PB,BRACS_1808_PB_80.png,2000220,/BRACS_RoI/latest_version/train/1_PB/BRACS_1808_PB_80.png
train,1_PB,BRACS_1810,PB,BRACS_1810_PB_53.png,1015857,/BRACS_RoI/latest_version/train/1_PB/BRACS_1810_PB_53.png
train,1_PB,BRACS_1810,PB,BRACS_1810_PB_62.png,2354763,/BRACS_RoI/latest_version/train/1_PB/BRACS_1810_PB_62.png
train,1_PB,BRACS_1815,PB,BRACS_1815_PB_2.png,3914218,/BRACS_RoI/latest_version/train/1_PB/BRACS_1815_PB_2.png
train,1_PB,BRACS_1838,PB,BRACS_1838_PB_2.png,1936252,/BRACS_RoI/latest_version/train/1_PB/BRACS_1838_PB_2.png
train,1_PB,BRACS_1857,PB,BRACS_1857_PB_1.png,10148022,/BRACS_RoI/latest_version/train/1_PB/BRACS_1857_PB_1.png
train,1_PB,BRACS_1858,PB,BRACS_1858_PB_2.png,16646559,/BRACS_RoI/latest_version/train/1_PB/BRACS_1858_PB_2.png
train,1_PB,BRACS_1861,PB,BRACS_1861_PB_1.png,10740989,/BRACS_RoI/latest_version/train/1_PB/BRACS_1861_PB_1.png
train,1_PB,BRACS_1864,PB,BRACS_1864_PB_19.png,13523176,/BRACS_RoI/latest_version/train/1_PB/BRACS_1864_PB_19.png
train,1_PB,BRACS_1864,PB,BRACS_1864_PB_4.png,19377891,/BRACS_RoI/latest_version/train/1_PB/BRACS_1864_PB_4.png
train,1_PB,BRACS_1866,PB,BRACS_1866_PB_2.png,53112968,/BRACS_RoI/latest_version/train/1_PB/BRACS_1866_PB_2.png
train,1_PB,BRACS_1866,PB,BRACS_1866_PB_3.png,65936505,/BRACS_RoI/latest_version/train/1_PB/BRACS_1866_PB_3.png
train,1_PB,BRACS_1869,PB,BRACS_1869_PB_1.png,13375778,/BRACS_RoI/latest_version/train/1_PB/BRACS_1869_PB_1.png
train,1_PB,BRACS_1869,PB,BRACS_1869_PB_2.png,26515066,/BRACS_RoI/latest_version/train/1_PB/BRACS_1869_PB_2.png
train,1_PB,BRACS_1877,PB,BRACS_1877_PB_19.png,1474792,/BRACS_RoI/latest_version/train/1_PB/BRACS_1877_PB_19.png
train,1_PB,BRACS_1879,PB,BRACS_1879_PB_1.png,8087622,/BRACS_RoI/latest_version/train/1_PB/BRACS_1879_PB_1.png
train,1_PB,BRACS_1879,PB,BRACS_1879_PB_2.png,8817612,/BRACS_RoI/latest_version/train/1_PB/BRACS_1879_PB_2.png
train,1_PB,BRACS_1879,PB,BRACS_1879_PB_3.png,7921714,/BRACS_RoI/latest_version/train/1_PB/BRACS_1879_PB_3.png
train,1_PB,BRACS_1879,PB,BRACS_1879_PB_4.png,9474814,/BRACS_RoI/latest_version/train/1_PB/BRACS_1879_PB_4.png
train,1_PB,BRACS_1879,PB,BRACS_1879_PB_5.png,19474355,/BRACS_RoI/latest_version/train/1_PB/BRACS_1879_PB_5.png
train,1_PB,BRACS_1880,PB,BRACS_1880_PB_1.png,4840960,/BRACS_RoI/latest_version/train/1_PB/BRACS_1880_PB_1.png
train,1_PB,BRACS_1881,PB,BRACS_1881_PB_1.png,6714028,/BRACS_RoI/latest_version/train/1_PB/BRACS_1881_PB_1.png
train,1_PB,BRACS_1881,PB,BRACS_1881_PB_11.png,4688198,/BRACS_RoI/latest_version/train/1_PB/BRACS_1881_PB_11.png
train,1_PB,BRACS_1881,PB,BRACS_1881_PB_12.png,3843668,/BRACS_RoI/latest_version/train/1_PB/BRACS_1881_PB_12.png
train,1_PB,BRACS_1881,PB,BRACS_1881_PB_14.png,3821768,/BRACS_RoI/latest_version/train/1_PB/BRACS_1881_PB_14.png
train,1_PB,BRACS_1881,PB,BRACS_1881_PB_15.png,3385505,/BRACS_RoI/latest_version/train/1_PB/BRACS_1881_PB_15.png
train,1_PB,BRACS_1881,PB,BRACS_1881_PB_2.png,7003254,/BRACS_RoI/latest_version/train/1_PB/BRACS_1881_PB_2.png
train,1_PB,BRACS_1881,PB,BRACS_1881_PB_3.png,2892534,/BRACS_RoI/latest_version/train/1_PB/BRACS_1881_PB_3.png
train,1_PB,BRACS_1881,PB,BRACS_1881_PB_4.png,4498430,/BRACS_RoI/latest_version/train/1_PB/BRACS_1881_PB_4.png
train,1_PB,BRACS_1881,PB,BRACS_1881_PB_5.png,4295606,/BRACS_RoI/latest_version/train/1_PB/BRACS_1881_PB_5.png
train,1_PB,BRACS_1881,PB,BRACS_1881_PB_6.png,3393068,/BRACS_RoI/latest_version/train/1_PB/BRACS_1881_PB_6.png
train,1_PB,BRACS_1881,PB,BRACS_1881_PB_7.png,6715430,/BRACS_RoI/latest_version/train/1_PB/BRACS_1881_PB_7.png
train,1_PB,BRACS_1881,PB,BRACS_1881_PB_9.png,939020,/BRACS_RoI/latest_version/train/1_PB/BRACS_1881_PB_9.png
train,1_PB,BRACS_1890,PB,BRACS_1890_PB_1.png,11465934,/BRACS_RoI/latest_version/train/1_PB/BRACS_1890_PB_1.png
train,1_PB,BRACS_1890,PB,BRACS_1890_PB_10.png,27533936,/BRACS_RoI/latest_version/train/1_PB/BRACS_1890_PB_10.png
train,1_PB,BRACS_1890,PB,BRACS_1890_PB_11.png,11960873,/BRACS_RoI/latest_version/train/1_PB/BRACS_1890_PB_11.png
train,1_PB,BRACS_1890,PB,BRACS_1890_PB_2.png,15227475,/BRACS_RoI/latest_version/train/1_PB/BRACS_1890_PB_2.png
train,1_PB,BRACS_1890,PB,BRACS_1890_PB_3.png,21155239,/BRACS_RoI/latest_version/train/1_PB/BRACS_1890_PB_3.png
train,1_PB,BRACS_1890,PB,BRACS_1890_PB_4.png,15022582,/BRACS_RoI/latest_version/train/1_PB/BRACS_1890_PB_4.png
train,1_PB,BRACS_1890,PB,BRACS_1890_PB_5.png,9951305,/BRACS_RoI/latest_version/train/1_PB/BRACS_1890_PB_5.png
train,1_PB,BRACS_1890,PB,BRACS_1890_PB_6.png,7641111,/BRACS_RoI/latest_version/train/1_PB/BRACS_1890_PB_6.png
train,1_PB,BRACS_1890,PB,BRACS_1890_PB_7.png,13306653,/BRACS_RoI/latest_version/train/1_PB/BRACS_1890_PB_7.png
train,1_PB,BRACS_1890,PB,BRACS_1890_PB_8.png,4120221,/BRACS_RoI/latest_version/train/1_PB/BRACS_1890_PB_8.png
train,1_PB,BRACS_1890,PB,BRACS_1890_PB_9.png,6749216,/BRACS_RoI/latest_version/train/1_PB/BRACS_1890_PB_9.png
train,1_PB,BRACS_1893,PB,BRACS_1893_PB_1.png,25477370,/BRACS_RoI/latest_version/train/1_PB/BRACS_1893_PB_1.png
train,1_PB,BRACS_1893,PB,BRACS_1893_PB_2.png,13556160,/BRACS_RoI/latest_version/train/1_PB/BRACS_1893_PB_2.png
train,1_PB,BRACS_1893,PB,BRACS_1893_PB_3.png,13555486,/BRACS_RoI/latest_version/train/1_PB/BRACS_1893_PB_3.png
train,1_PB,BRACS_1899,PB,BRACS_1899_PB_11.png,9840880,/BRACS_RoI/latest_version/train/1_PB/BRACS_1899_PB_11.png
train,1_PB,BRACS_1899,PB,BRACS_1899_PB_6.png,53003604,/BRACS_RoI/latest_version/train/1_PB/BRACS_1899_PB_6.png
train,1_PB,BRACS_1899,PB,BRACS_1899_PB_7.png,30329418,/BRACS_RoI/latest_version/train/1_PB/BRACS_1899_PB_7.png
train,1_PB,BRACS_1899,PB,BRACS_1899_PB_9.png,31442198,/BRACS_RoI/latest_version/train/1_PB/BRACS_1899_PB_9.png
train,1_PB,BRACS_1900,PB,BRACS_1900_PB_1.png,64808690,/BRACS_RoI/latest_version/train/1_PB/BRACS_1900_PB_1.png
train,1_PB,BRACS_1900,PB,BRACS_1900_PB_3.png,23597398,/BRACS_RoI/latest_version/train/1_PB/BRACS_1900_PB_3.png
train,1_PB,BRACS_1900,PB,BRACS_1900_PB_5.png,52521786,/BRACS_RoI/latest_version/train/1_PB/BRACS_1900_PB_5.png
train,1_PB,BRACS_1901,PB,BRACS_1901_PB_1.png,9686813,/BRACS_RoI/latest_version/train/1_PB/BRACS_1901_PB_1.png
train,1_PB,BRACS_1901,PB,BRACS_1901_PB_10.png,4899953,/BRACS_RoI/latest_version/train/1_PB/BRACS_1901_PB_10.png
train,1_PB,BRACS_1901,PB,BRACS_1901_PB_11.png,4437545,/BRACS_RoI/latest_version/train/1_PB/BRACS_1901_PB_11.png
train,1_PB,BRACS_1901,PB,BRACS_1901_PB_3.png,12482550,/BRACS_RoI/latest_version/train/1_PB/BRACS_1901_PB_3.png
train,1_PB,BRACS_1901,PB,BRACS_1901_PB_4.png,13306226,/BRACS_RoI/latest_version/train/1_PB/BRACS_1901_PB_4.png
train,1_PB,BRACS_1901,PB,BRACS_1901_PB_5.png,6470786,/BRACS_RoI/latest_version/train/1_PB/BRACS_1901_PB_5.png
train,1_PB,BRACS_1901,PB,BRACS_1901_PB_6.png,7728041,/BRACS_RoI/latest_version/train/1_PB/BRACS_1901_PB_6.png
train,1_PB,BRACS_1901,PB,BRACS_1901_PB_7.png,12478970,/BRACS_RoI/latest_version/train/1_PB/BRACS_1901_PB_7.png
train,1_PB,BRACS_1901,PB,BRACS_1901_PB_8.png,7917512,/BRACS_RoI/latest_version/train/1_PB/BRACS_1901_PB_8.png
train,1_PB,BRACS_1901,PB,BRACS_1901_PB_9.png,9147453,/BRACS_RoI/latest_version/train/1_PB/BRACS_1901_PB_9.png
train,1_PB,BRACS_1902,PB,BRACS_1902_PB_1.png,3945666,/BRACS_RoI/latest_version/train/1_PB/BRACS_1902_PB_1.png
train,1_PB,BRACS_1902,PB,BRACS_1902_PB_2.png,6085557,/BRACS_RoI/latest_version/train/1_PB/BRACS_1902_PB_2.png
train,1_PB,BRACS_1902,PB,BRACS_1902_PB_3.png,3613402,/BRACS_RoI/latest_version/train/1_PB/BRACS_1902_PB_3.png
train,1_PB,BRACS_1902,PB,BRACS_1902_PB_4.png,2808738,/BRACS_RoI/latest_version/train/1_PB/BRACS_1902_PB_4.png
train,1_PB,BRACS_1902,PB,BRACS_1902_PB_5.png,8529615,/BRACS_RoI/latest_version/train/1_PB/BRACS_1902_PB_5.png
train,1_PB,BRACS_1902,PB,BRACS_1902_PB_6.png,3229972,/BRACS_RoI/latest_version/train/1_PB/BRACS_1902_PB_6.png
train,1_PB,BRACS_1902,PB,BRACS_1902_PB_7.png,18285566,/BRACS_RoI/latest_version/train/1_PB/BRACS_1902_PB_7.png
train,1_PB,BRACS_1902,PB,BRACS_1902_PB_8.png,6146075,/BRACS_RoI/latest_version/train/1_PB/BRACS_1902_PB_8.png
train,1_PB,BRACS_1902,PB,BRACS_1902_PB_9.png,8581692,/BRACS_RoI/latest_version/train/1_PB/BRACS_1902_PB_9.png
train,1_PB,BRACS_1903,PB,BRACS_1903_PB_11.png,25195638,/BRACS_RoI/latest_version/train/1_PB/BRACS_1903_PB_11.png
train,1_PB,BRACS_1903,PB,BRACS_1903_PB_13.png,29425975,/BRACS_RoI/latest_version/train/1_PB/BRACS_1903_PB_13.png
train,1_PB,BRACS_1903,PB,BRACS_1903_PB_6.png,35956504,/BRACS_RoI/latest_version/train/1_PB/BRACS_1903_PB_6.png
train,1_PB,BRACS_1904,PB,BRACS_1904_PB_2.png,17674946,/BRACS_RoI/latest_version/train/1_PB/BRACS_1904_PB_2.png
train,1_PB,BRACS_1905,PB,BRACS_1905_PB_1.png,26000319,/BRACS_RoI/latest_version/train/1_PB/BRACS_1905_PB_1.png
train,1_PB,BRACS_1905,PB,BRACS_1905_PB_3.png,25751302,/BRACS_RoI/latest_version/train/1_PB/BRACS_1905_PB_3.png
train,1_PB,BRACS_1914,PB,BRACS_1914_PB_1.png,29832993,/BRACS_RoI/latest_version/train/1_PB/BRACS_1914_PB_1.png
train,1_PB,BRACS_1914,PB,BRACS_1914_PB_2.png,30222651,/BRACS_RoI/latest_version/train/1_PB/BRACS_1914_PB_2.png
train,1_PB,BRACS_1914,PB,BRACS_1914_PB_3.png,34483735,/BRACS_RoI/latest_version/train/1_PB/BRACS_1914_PB_3.png
train,1_PB,BRACS_1916,PB,BRACS_1916_PB_1.png,8896057,/BRACS_RoI/latest_version/train/1_PB/BRACS_1916_PB_1.png
train,1_PB,BRACS_1916,PB,BRACS_1916_PB_2.png,20391352,/BRACS_RoI/latest_version/train/1_PB/BRACS_1916_PB_2.png
train,1_PB,BRACS_1916,PB,BRACS_1916_PB_3.png,14568692,/BRACS_RoI/latest_version/train/1_PB/BRACS_1916_PB_3.png
train,1_PB,BRACS_1916,PB,BRACS_1916_PB_4.png,12289929,/BRACS_RoI/latest_version/train/1_PB/BRACS_1916_PB_4.png
train,1_PB,BRACS_1916,PB,BRACS_1916_PB_7.png,10834314,/BRACS_RoI/latest_version/train/1_PB/BRACS_1916_PB_7.png
train,1_PB,BRACS_1916,PB,BRACS_1916_PB_8.png,17779317,/BRACS_RoI/latest_version/train/1_PB/BRACS_1916_PB_8.png
train,1_PB,BRACS_1916,PB,BRACS_1916_PB_9.png,7656055,/BRACS_RoI/latest_version/train/1_PB/BRACS_1916_PB_9.png
train,1_PB,BRACS_1917,PB,BRACS_1917_PB_3.png,11624484,/BRACS_RoI/latest_version/train/1_PB/BRACS_1917_PB_3.png
train,1_PB,BRACS_1918,PB,BRACS_1918_PB_1.png,5054439,/BRACS_RoI/latest_version/train/1_PB/BRACS_1918_PB_1.png
train,1_PB,BRACS_1918,PB,BRACS_1918_PB_10.png,5398810,/BRACS_RoI/latest_version/train/1_PB/BRACS_1918_PB_10.png
train,1_PB,BRACS_1918,PB,BRACS_1918_PB_2.png,2451115,/BRACS_RoI/latest_version/train/1_PB/BRACS_1918_PB_2.png
train,1_PB,BRACS_1918,PB,BRACS_1918_PB_4.png,9020913,/BRACS_RoI/latest_version/train/1_PB/BRACS_1918_PB_4.png
train,1_PB,BRACS_1918,PB,BRACS_1918_PB_6.png,5504865,/BRACS_RoI/latest_version/train/1_PB/BRACS_1918_PB_6.png
train,1_PB,BRACS_1918,PB,BRACS_1918_PB_7.png,7785092,/BRACS_RoI/latest_version/train/1_PB/BRACS_1918_PB_7.png
train,1_PB,BRACS_1918,PB,BRACS_1918_PB_9.png,4814346,/BRACS_RoI/latest_version/train/1_PB/BRACS_1918_PB_9.png
train,1_PB,BRACS_1919,PB,BRACS_1919_PB_3.png,8727468,/BRACS_RoI/latest_version/train/1_PB/BRACS_1919_PB_3.png
train,1_PB,BRACS_1921,PB,BRACS_1921_PB_6.png,34294967,/BRACS_RoI/latest_version/train/1_PB/BRACS_1921_PB_6.png
train,1_PB,BRACS_1923,PB,BRACS_1923_PB_13.png,23076027,/BRACS_RoI/latest_version/train/1_PB/BRACS_1923_PB_13.png
train,1_PB,BRACS_1923,PB,BRACS_1923_PB_15.png,15743487,/BRACS_RoI/latest_version/train/1_PB/BRACS_1923_PB_15.png
train,1_PB,BRACS_1923,PB,BRACS_1923_PB_16.png,17427501,/BRACS_RoI/latest_version/train/1_PB/BRACS_1923_PB_16.png
train,1_PB,BRACS_1923,PB,BRACS_1923_PB_2.png,23446070,/BRACS_RoI/latest_version/train/1_PB/BRACS_1923_PB_2.png
train,1_PB,BRACS_1923,PB,BRACS_1923_PB_3.png,23059635,/BRACS_RoI/latest_version/train/1_PB/BRACS_1923_PB_3.png
train,1_PB,BRACS_1923,PB,BRACS_1923_PB_6.png,27000923,/BRACS_RoI/latest_version/train/1_PB/BRACS_1923_PB_6.png
train,1_PB,BRACS_1925,PB,BRACS_1925_PB_3.png,1236107,/BRACS_RoI/latest_version/train/1_PB/BRACS_1925_PB_3.png
train,1_PB,BRACS_1925,PB,BRACS_1925_PB_4.png,7977136,/BRACS_RoI/latest_version/train/1_PB/BRACS_1925_PB_4.png
train,1_PB,BRACS_1925,PB,BRACS_1925_PB_6.png,20670441,/BRACS_RoI/latest_version/train/1_PB/BRACS_1925_PB_6.png
train,1_PB,BRACS_1926,PB,BRACS_1926_PB_1.png,10509220,/BRACS_RoI/latest_version/train/1_PB/BRACS_1926_PB_1.png
train,1_PB,BRACS_1926,PB,BRACS_1926_PB_2.png,21052581,/BRACS_RoI/latest_version/train/1_PB/BRACS_1926_PB_2.png
train,1_PB,BRACS_1926,PB,BRACS_1926_PB_3.png,4806622,/BRACS_RoI/latest_version/train/1_PB/BRACS_1926_PB_3.png
train,1_PB,BRACS_1926,PB,BRACS_1926_PB_5.png,9149377,/BRACS_RoI/latest_version/train/1_PB/BRACS_1926_PB_5.png
train,1_PB,BRACS_1927,PB,BRACS_1927_PB_4.png,5014939,/BRACS_RoI/latest_version/train/1_PB/BRACS_1927_PB_4.png
train,1_PB,BRACS_1927,PB,BRACS_1927_PB_8.png,6595782,/BRACS_RoI/latest_version/train/1_PB/BRACS_1927_PB_8.png
train,1_PB,BRACS_1928,PB,BRACS_1928_PB_3.png,10653437,/BRACS_RoI/latest_version/train/1_PB/BRACS_1928_PB_3.png
train,1_PB,BRACS_1928,PB,BRACS_1928_PB_5.png,9456258,/BRACS_RoI/latest_version/train/1_PB/BRACS_1928_PB_5.png
train,1_PB,BRACS_1931,PB,BRACS_1931_PB_1.png,8738620,/BRACS_RoI/latest_version/train/1_PB/BRACS_1931_PB_1.png
train,1_PB,BRACS_1931,PB,BRACS_1931_PB_7.png,8247362,/BRACS_RoI/latest_version/train/1_PB/BRACS_1931_PB_7.png
train,1_PB,BRACS_1932,PB,BRACS_1932_PB_5.png,11056942,/BRACS_RoI/latest_version/train/1_PB/BRACS_1932_PB_5.png
train,1_PB,BRACS_1932,PB,BRACS_1932_PB_7.png,7526033,/BRACS_RoI/latest_version/train/1_PB/BRACS_1932_PB_7.png
train,1_PB,BRACS_1933,PB,BRACS_1933_PB_10.png,3428114,/BRACS_RoI/latest_version/train/1_PB/BRACS_1933_PB_10.png
train,1_PB,BRACS_1933,PB,BRACS_1933_PB_13.png,2378958,/BRACS_RoI/latest_version/train/1_PB/BRACS_1933_PB_13.png
train,1_PB,BRACS_1933,PB,BRACS_1933_PB_14.png,6710901,/BRACS_RoI/latest_version/train/1_PB/BRACS_1933_PB_14.png
train,1_PB,BRACS_1933,PB,BRACS_1933_PB_5.png,6384836,/BRACS_RoI/latest_version/train/1_PB/BRACS_1933_PB_5.png
train,1_PB,BRACS_1933,PB,BRACS_1933_PB_7.png,780256,/BRACS_RoI/latest_version/train/1_PB/BRACS_1933_PB_7.png
train,1_PB,BRACS_1934,PB,BRACS_1934_PB_13.png,5372086,/BRACS_RoI/latest_version/train/1_PB/BRACS_1934_PB_13.png
train,1_PB,BRACS_1946,PB,BRACS_1946_PB_10.png,8468051,/BRACS_RoI/latest_version/train/1_PB/BRACS_1946_PB_10.png
train,1_PB,BRACS_1946,PB,BRACS_1946_PB_11.png,8764339,/BRACS_RoI/latest_version/train/1_PB/BRACS_1946_PB_11.png
train,1_PB,BRACS_1946,PB,BRACS_1946_PB_12.png,5245157,/BRACS_RoI/latest_version/train/1_PB/BRACS_1946_PB_12.png
train,1_PB,BRACS_1946,PB,BRACS_1946_PB_13.png,6117830,/BRACS_RoI/latest_version/train/1_PB/BRACS_1946_PB_13.png
train,1_PB,BRACS_1946,PB,BRACS_1946_PB_15.png,5890139,/BRACS_RoI/latest_version/train/1_PB/BRACS_1946_PB_15.png
train,1_PB,BRACS_1946,PB,BRACS_1946_PB_16.png,2695493,/BRACS_RoI/latest_version/train/1_PB/BRACS_1946_PB_16.png
train,1_PB,BRACS_1946,PB,BRACS_1946_PB_17.png,4981856,/BRACS_RoI/latest_version/train/1_PB/BRACS_1946_PB_17.png
train,1_PB,BRACS_1946,PB,BRACS_1946_PB_18.png,8725139,/BRACS_RoI/latest_version/train/1_PB/BRACS_1946_PB_18.png
train,1_PB,BRACS_1946,PB,BRACS_1946_PB_2.png,5676179,/BRACS_RoI/latest_version/train/1_PB/BRACS_1946_PB_2.png
train,1_PB,BRACS_1946,PB,BRACS_1946_PB_4.png,4833696,/BRACS_RoI/latest_version/train/1_PB/BRACS_1946_PB_4.png
train,1_PB,BRACS_1946,PB,BRACS_1946_PB_5.png,6515282,/BRACS_RoI/latest_version/train/1_PB/BRACS_1946_PB_5.png
train,1_PB,BRACS_1946,PB,BRACS_1946_PB_7.png,2779640,/BRACS_RoI/latest_version/train/1_PB/BRACS_1946_PB_7.png
train,1_PB,BRACS_1946,PB,BRACS_1946_PB_8.png,4529703,/BRACS_RoI/latest_version/train/1_PB/BRACS_1946_PB_8.png
train,1_PB,BRACS_1947,PB,BRACS_1947_PB_1.png,6649861,/BRACS_RoI/latest_version/train/1_PB/BRACS_1947_PB_1.png
train,1_PB,BRACS_1947,PB,BRACS_1947_PB_2.png,17847643,/BRACS_RoI/latest_version/train/1_PB/BRACS_1947_PB_2.png
train,1_PB,BRACS_1947,PB,BRACS_1947_PB_6.png,6907126,/BRACS_RoI/latest_version/train/1_PB/BRACS_1947_PB_6.png
train,1_PB,BRACS_1947,PB,BRACS_1947_PB_9.png,14226348,/BRACS_RoI/latest_version/train/1_PB/BRACS_1947_PB_9.png
train,1_PB,BRACS_1948,PB,BRACS_1948_PB_2.png,5646363,/BRACS_RoI/latest_version/train/1_PB/BRACS_1948_PB_2.png
train,1_PB,BRACS_1948,PB,BRACS_1948_PB_3.png,6610766,/BRACS_RoI/latest_version/train/1_PB/BRACS_1948_PB_3.png
train,1_PB,BRACS_1948,PB,BRACS_1948_PB_4.png,15606864,/BRACS_RoI/latest_version/train/1_PB/BRACS_1948_PB_4.png
train,1_PB,BRACS_1948,PB,BRACS_1948_PB_5.png,7727314,/BRACS_RoI/latest_version/train/1_PB/BRACS_1948_PB_5.png
train,1_PB,BRACS_1948,PB,BRACS_1948_PB_6.png,11005341,/BRACS_RoI/latest_version/train/1_PB/BRACS_1948_PB_6.png
train,1_PB,BRACS_1949,PB,BRACS_1949_PB_3.png,6670359,/BRACS_RoI/latest_version/train/1_PB/BRACS_1949_PB_3.png
train,1_PB,BRACS_281,PB,BRACS_281_PB_10.png,837527,/BRACS_RoI/latest_version/train/1_PB/BRACS_281_PB_10.png
train,1_PB,BRACS_281,PB,BRACS_281_PB_2.png,5840712,/BRACS_RoI/latest_version/train/1_PB/BRACS_281_PB_2.png
train,1_PB,BRACS_281,PB,BRACS_281_PB_30.png,8528580,/BRACS_RoI/latest_version/train/1_PB/BRACS_281_PB_30.png
train,1_PB,BRACS_281,PB,BRACS_281_PB_33.png,9662832,/BRACS_RoI/latest_version/train/1_PB/BRACS_281_PB_33.png
train,1_PB,BRACS_281,PB,BRACS_281_PB_36.png,8151035,/BRACS_RoI/latest_version/train/1_PB/BRACS_281_PB_36.png
train,1_PB,BRACS_281,PB,BRACS_281_PB_37.png,12375739,/BRACS_RoI/latest_version/train/1_PB/BRACS_281_PB_37.png
train,1_PB,BRACS_281,PB,BRACS_281_PB_5.png,4572051,/BRACS_RoI/latest_version/train/1_PB/BRACS_281_PB_5.png
train,1_PB,BRACS_283,PB,BRACS_283_PB_14.png,10922206,/BRACS_RoI/latest_version/train/1_PB/BRACS_283_PB_14.png
train,1_PB,BRACS_283,PB,BRACS_283_PB_18.png,4167081,/BRACS_RoI/latest_version/train/1_PB/BRACS_283_PB_18.png
train,1_PB,BRACS_291,PB,BRACS_291_PB_10.png,449434,/BRACS_RoI/latest_version/train/1_PB/BRACS_291_PB_10.png
train,1_PB,BRACS_291,PB,BRACS_291_PB_15.png,178890,/BRACS_RoI/latest_version/train/1_PB/BRACS_291_PB_15.png
train,1_PB,BRACS_291,PB,BRACS_291_PB_16.png,3033607,/BRACS_RoI/latest_version/train/1_PB/BRACS_291_PB_16.png
train,1_PB,BRACS_291,PB,BRACS_291_PB_21.png,171746,/BRACS_RoI/latest_version/train/1_PB/BRACS_291_PB_21.png
train,1_PB,BRACS_291,PB,BRACS_291_PB_24.png,356161,/BRACS_RoI/latest_version/train/1_PB/BRACS_291_PB_24.png
train,1_PB,BRACS_291,PB,BRACS_291_PB_3.png,1841858,/BRACS_RoI/latest_version/train/1_PB/BRACS_291_PB_3.png
train,1_PB,BRACS_291,PB,BRACS_291_PB_6.png,625124,/BRACS_RoI/latest_version/train/1_PB/BRACS_291_PB_6.png
train,1_PB,BRACS_291,PB,BRACS_291_PB_7.png,913740,/BRACS_RoI/latest_version/train/1_PB/BRACS_291_PB_7.png
train,1_PB,BRACS_291,PB,BRACS_291_PB_9.png,1249387,/BRACS_RoI/latest_version/train/1_PB/BRACS_291_PB_9.png
train,1_PB,BRACS_297,PB,BRACS_297_PB_10.png,2142596,/BRACS_RoI/latest_version/train/1_PB/BRACS_297_PB_10.png
train,1_PB,BRACS_297,PB,BRACS_297_PB_3.png,1890255,/BRACS_RoI/latest_version/train/1_PB/BRACS_297_PB_3.png
train,1_PB,BRACS_311,PB,BRACS_311_PB_26.png,508064,/BRACS_RoI/latest_version/train/1_PB/BRACS_311_PB_26.png
train,1_PB,BRACS_311,PB,BRACS_311_PB_4.png,748948,/BRACS_RoI/latest_version/train/1_PB/BRACS_311_PB_4.png
train,1_PB,BRACS_311,PB,BRACS_311_PB_50.png,2323126,/BRACS_RoI/latest_version/train/1_PB/BRACS_311_PB_50.png
train,1_PB,BRACS_311,PB,BRACS_311_PB_51.png,986663,/BRACS_RoI/latest_version/train/1_PB/BRACS_311_PB_51.png
train,1_PB,BRACS_734,PB,BRACS_734_PB_100.png,1567857,/BRACS_RoI/latest_version/train/1_PB/BRACS_734_PB_100.png
train,1_PB,BRACS_734,PB,BRACS_734_PB_16.png,1544594,/BRACS_RoI/latest_version/train/1_PB/BRACS_734_PB_16.png
train,1_PB,BRACS_734,PB,BRACS_734_PB_4.png,1013483,/BRACS_RoI/latest_version/train/1_PB/BRACS_734_PB_4.png
train,1_PB,BRACS_734,PB,BRACS_734_PB_60.png,1716222,/BRACS_RoI/latest_version/train/1_PB/BRACS_734_PB_60.png
train,1_PB,BRACS_734,PB,BRACS_734_PB_69.png,1048138,/BRACS_RoI/latest_version/train/1_PB/BRACS_734_PB_69.png
train,1_PB,BRACS_743,PB,BRACS_743_PB_1.png,2191414,/BRACS_RoI/latest_version/train/1_PB/BRACS_743_PB_1.png
train,1_PB,BRACS_743,PB,BRACS_743_PB_10.png,15387837,/BRACS_RoI/latest_version/train/1_PB/BRACS_743_PB_10.png
train,1_PB,BRACS_743,PB,BRACS_743_PB_11.png,7633375,/BRACS_RoI/latest_version/train/1_PB/BRACS_743_PB_11.png
train,1_PB,BRACS_743,PB,BRACS_743_PB_13.png,19165914,/BRACS_RoI/latest_version/train/1_PB/BRACS_743_PB_13.png
train,1_PB,BRACS_743,PB,BRACS_743_PB_14.png,17426214,/BRACS_RoI/latest_version/train/1_PB/BRACS_743_PB_14.png
train,1_PB,BRACS_743,PB,BRACS_743_PB_15.png,16371438,/BRACS_RoI/latest_version/train/1_PB/BRACS_743_PB_15.png
train,1_PB,BRACS_743,PB,BRACS_743_PB_16.png,15782484,/BRACS_RoI/latest_version/train/1_PB/BRACS_743_PB_16.png
train,1_PB,BRACS_743,PB,BRACS_743_PB_17.png,7443249,/BRACS_RoI/latest_version/train/1_PB/BRACS_743_PB_17.png
train,1_PB,BRACS_743,PB,BRACS_743_PB_18.png,19983651,/BRACS_RoI/latest_version/train/1_PB/BRACS_743_PB_18.png
train,1_PB,BRACS_743,PB,BRACS_743_PB_2.png,28075337,/BRACS_RoI/latest_version/train/1_PB/BRACS_743_PB_2.png
train,1_PB,BRACS_743,PB,BRACS_743_PB_20.png,31573623,/BRACS_RoI/latest_version/train/1_PB/BRACS_743_PB_20.png
train,1_PB,BRACS_743,PB,BRACS_743_PB_21.png,32794137,/BRACS_RoI/latest_version/train/1_PB/BRACS_743_PB_21.png
train,1_PB,BRACS_743,PB,BRACS_743_PB_24.png,11083569,/BRACS_RoI/latest_version/train/1_PB/BRACS_743_PB_24.png
train,1_PB,BRACS_743,PB,BRACS_743_PB_25.png,24278299,/BRACS_RoI/latest_version/train/1_PB/BRACS_743_PB_25.png
train,1_PB,BRACS_743,PB,BRACS_743_PB_27.png,38104910,/BRACS_RoI/latest_version/train/1_PB/BRACS_743_PB_27.png
train,1_PB,BRACS_743,PB,BRACS_743_PB_28.png,21791884,/BRACS_RoI/latest_version/train/1_PB/BRACS_743_PB_28.png
train,1_PB,BRACS_743,PB,BRACS_743_PB_3.png,20351230,/BRACS_RoI/latest_version/train/1_PB/BRACS_743_PB_3.png
train,1_PB,BRACS_743,PB,BRACS_743_PB_6.png,14883868,/BRACS_RoI/latest_version/train/1_PB/BRACS_743_PB_6.png
train,1_PB,BRACS_743,PB,BRACS_743_PB_8.png,25882537,/BRACS_RoI/latest_version/train/1_PB/BRACS_743_PB_8.png
train,1_PB,BRACS_745,PB,BRACS_745_PB_10.png,7498465,/BRACS_RoI/latest_version/train/1_PB/BRACS_745_PB_10.png
train,1_PB,BRACS_745,PB,BRACS_745_PB_16.png,10641050,/BRACS_RoI/latest_version/train/1_PB/BRACS_745_PB_16.png
train,1_PB,BRACS_745,PB,BRACS_745_PB_2.png,16071029,/BRACS_RoI/latest_version/train/1_PB/BRACS_745_PB_2.png
train,1_PB,BRACS_745,PB,BRACS_745_PB_21.png,18099071,/BRACS_RoI/latest_version/train/1_PB/BRACS_745_PB_21.png
train,1_PB,BRACS_745,PB,BRACS_745_PB_22.png,8351452,/BRACS_RoI/latest_version/train/1_PB/BRACS_745_PB_22.png
train,1_PB,BRACS_745,PB,BRACS_745_PB_3.png,27225705,/BRACS_RoI/latest_version/train/1_PB/BRACS_745_PB_3.png
train,1_PB,BRACS_745,PB,BRACS_745_PB_5.png,15067968,/BRACS_RoI/latest_version/train/1_PB/BRACS_745_PB_5.png
train,1_PB,BRACS_745,PB,BRACS_745_PB_8.png,14138202,/BRACS_RoI/latest_version/train/1_PB/BRACS_745_PB_8.png
train,1_PB,BRACS_747,PB,BRACS_747_PB_11.png,4759762,/BRACS_RoI/latest_version/train/1_PB/BRACS_747_PB_11.png
train,1_PB,BRACS_747,PB,BRACS_747_PB_28.png,5550189,/BRACS_RoI/latest_version/train/1_PB/BRACS_747_PB_28.png
train,1_PB,BRACS_747,PB,BRACS_747_PB_36.png,2526263,/BRACS_RoI/latest_version/train/1_PB/BRACS_747_PB_36.png
train,1_PB,BRACS_747,PB,BRACS_747_PB_38.png,1259066,/BRACS_RoI/latest_version/train/1_PB/BRACS_747_PB_38.png
train,1_PB,BRACS_747,PB,BRACS_747_PB_44.png,3388105,/BRACS_RoI/latest_version/train/1_PB/BRACS_747_PB_44.png
train,1_PB,BRACS_747,PB,BRACS_747_PB_66.png,4125678,/BRACS_RoI/latest_version/train/1_PB/BRACS_747_PB_66.png
train,1_PB,BRACS_758,PB,BRACS_758_PB_1.png,4121857,/BRACS_RoI/latest_version/train/1_PB/BRACS_758_PB_1.png
train,1_PB,BRACS_758,PB,BRACS_758_PB_2.png,1997610,/BRACS_RoI/latest_version/train/1_PB/BRACS_758_PB_2.png
train,1_PB,BRACS_758,PB,BRACS_758_PB_3.png,4090078,/BRACS_RoI/latest_version/train/1_PB/BRACS_758_PB_3.png
train,1_PB,BRACS_760,PB,BRACS_760_PB_1.png,6162294,/BRACS_RoI/latest_version/train/1_PB/BRACS_760_PB_1.png
train,1_PB,BRACS_760,PB,BRACS_760_PB_11.png,1896160,/BRACS_RoI/latest_version/train/1_PB/BRACS_760_PB_11.png
train,1_PB,BRACS_760,PB,BRACS_760_PB_13.png,6444260,/BRACS_RoI/latest_version/train/1_PB/BRACS_760_PB_13.png
train,1_PB,BRACS_760,PB,BRACS_760_PB_16.png,4332416,/BRACS_RoI/latest_version/train/1_PB/BRACS_760_PB_16.png
train,1_PB,BRACS_760,PB,BRACS_760_PB_9.png,8247232,/BRACS_RoI/latest_version/train/1_PB/BRACS_760_PB_9.png
train,1_PB,BRACS_761,PB,BRACS_761_PB_3.png,6916308,/BRACS_RoI/latest_version/train/1_PB/BRACS_761_PB_3.png
train,1_PB,BRACS_762,PB,BRACS_762_PB_10.png,11555678,/BRACS_RoI/latest_version/train/1_PB/BRACS_762_PB_10.png
train,1_PB,BRACS_762,PB,BRACS_762_PB_12.png,7807493,/BRACS_RoI/latest_version/train/1_PB/BRACS_762_PB_12.png
train,1_PB,BRACS_762,PB,BRACS_762_PB_3.png,8504965,/BRACS_RoI/latest_version/train/1_PB/BRACS_762_PB_3.png
train,1_PB,BRACS_762,PB,BRACS_762_PB_8.png,10966149,/BRACS_RoI/latest_version/train/1_PB/BRACS_762_PB_8.png
train,1_PB,BRACS_762,PB,BRACS_762_PB_9.png,6839833,/BRACS_RoI/latest_version/train/1_PB/BRACS_762_PB_9.png
train,1_PB,BRACS_773,PB,BRACS_773_PB_98.png,11268730,/BRACS_RoI/latest_version/train/1_PB/BRACS_773_PB_98.png
train,2_UDH,BRACS_1003685,UDH,BRACS_1003685_UDH_1.png,7813303,/BRACS_RoI/latest_version/train/2_UDH/BRACS_1003685_UDH_1.png
train,2_UDH,BRACS_1003705,UDH,BRACS_1003705_UDH_1.png,2695728,/BRACS_RoI/latest_version/train/2_UDH/BRACS_1003705_UDH_1.png
train,2_UDH,BRACS_1003707,UDH,BRACS_1003707_UDH_1.png,9227513,/BRACS_RoI/latest_version/train/2_UDH/BRACS_1003707_UDH_1.png
train,2_UDH,BRACS_1231,UDH,BRACS_1231_UDH_1.png,2373218,/BRACS_RoI/latest_version/train/2_UDH/BRACS_1231_UDH_1.png
train,2_UDH,BRACS_1231,UDH,BRACS_1231_UDH_15.png,10247361,/BRACS_RoI/latest_version/train/2_UDH/BRACS_1231_UDH_15.png
train,2_UDH,BRACS_1231,UDH,BRACS_1231_UDH_2.png,19477329,/BRACS_RoI/latest_version/train/2_UDH/BRACS_1231_UDH_2.png
train,2_UDH,BRACS_1231,UDH,BRACS_1231_UDH_21.png,5974995,/BRACS_RoI/latest_version/train/2_UDH/BRACS_1231_UDH_21.png
train,2_UDH,BRACS_1231,UDH,BRACS_1231_UDH_23.png,3156800,/BRACS_RoI/latest_version/train/2_UDH/BRACS_1231_UDH_23.png
train,2_UDH,BRACS_1231,UDH,BRACS_1231_UDH_25.png,1323901,/BRACS_RoI/latest_version/train/2_UDH/BRACS_1231_UDH_25.png
train,2_UDH,BRACS_1231,UDH,BRACS_1231_UDH_26.png,775951,/BRACS_RoI/latest_version/train/2_UDH/BRACS_1231_UDH_26.png
train,2_UDH,BRACS_1231,UDH,BRACS_1231_UDH_3.png,1516970,/BRACS_RoI/latest_version/train/2_UDH/BRACS_1231_UDH_3.png
train,2_UDH,BRACS_1231,UDH,BRACS_1231_UDH_36.png,7861447,/BRACS_RoI/latest_version/train/2_UDH/BRACS_1231_UDH_36.png
train,2_UDH,BRACS_1231,UDH,BRACS_1231_UDH_4.png,5776324,/BRACS_RoI/latest_version/train/2_UDH/BRACS_1231_UDH_4.png
train,2_UDH,BRACS_1231,UDH,BRACS_1231_UDH_42.png,3387257,/BRACS_RoI/latest_version/train/2_UDH/BRACS_1231_UDH_42.png
train,2_UDH,BRACS_1231,UDH,BRACS_1231_UDH_53.png,3193364,/BRACS_RoI/latest_version/train/2_UDH/BRACS_1231_UDH_53.png
train,2_UDH,BRACS_1231,UDH,BRACS_1231_UDH_59.png,7179824,/BRACS_RoI/latest_version/train/2_UDH/BRACS_1231_UDH_59.png
train,2_UDH,BRACS_1231,UDH,BRACS_1231_UDH_9.png,3231963,/BRACS_RoI/latest_version/train/2_UDH/BRACS_1231_UDH_9.png
train,2_UDH,BRACS_1235,UDH,BRACS_1235_UDH_14.png,570590,/BRACS_RoI/latest_version/train/2_UDH/BRACS_1235_UDH_14.png
train,2_UDH,BRACS_1235,UDH,BRACS_1235_UDH_15.png,749359,/BRACS_RoI/latest_version/train/2_UDH/BRACS_1235_UDH_15.png
train,2_UDH,BRACS_1235,UDH,BRACS_1235_UDH_19.png,12656242,/BRACS_RoI/latest_version/train/2_UDH/BRACS_1235_UDH_19.png
train,2_UDH,BRACS_1238,UDH,BRACS_1238_UDH_14.png,1893490,/BRACS_RoI/latest_version/train/2_UDH/BRACS_1238_UDH_14.png
train,2_UDH,BRACS_1238,UDH,BRACS_1238_UDH_19.png,3357986,/BRACS_RoI/latest_version/train/2_UDH/BRACS_1238_UDH_19.png
train,2_UDH,BRACS_1238,UDH,BRACS_1238_UDH_20.png,3748269,/BRACS_RoI/latest_version/train/2_UDH/BRACS_1238_UDH_20.png
train,2_UDH,BRACS_1238,UDH,BRACS_1238_UDH_23.png,2502384,/BRACS_RoI/latest_version/train/2_UDH/BRACS_1238_UDH_23.png
train,2_UDH,BRACS_1238,UDH,BRACS_1238_UDH_30.png,2703700,/BRACS_RoI/latest_version/train/2_UDH/BRACS_1238_UDH_30.png
train,2_UDH,BRACS_1238,UDH,BRACS_1238_UDH_31.png,5662611,/BRACS_RoI/latest_version/train/2_UDH/BRACS_1238_UDH_31.png
train,2_UDH,BRACS_1238,UDH,BRACS_1238_UDH_34.png,10537118,/BRACS_RoI/latest_version/train/2_UDH/BRACS_1238_UDH_34.png
train,2_UDH,BRACS_1238,UDH,BRACS_1238_UDH_35.png,10430920,/BRACS_RoI/latest_version/train/2_UDH/BRACS_1238_UDH_35.png
train,2_UDH,BRACS_1238,UDH,BRACS_1238_UDH_43.png,3765300,/BRACS_RoI/latest_version/train/2_UDH/BRACS_1238_UDH_43.png
train,2_UDH,BRACS_1238,UDH,BRACS_1238_UDH_49.png,3682166,/BRACS_RoI/latest_version/train/2_UDH/BRACS_1238_UDH_49.png
train,2_UDH,BRACS_1238,UDH,BRACS_1238_UDH_5.png,3578067,/BRACS_RoI/latest_version/train/2_UDH/BRACS_1238_UDH_5.png
train,2_UDH,BRACS_1238,UDH,BRACS_1238_UDH_58.png,2875255,/BRACS_RoI/latest_version/train/2_UDH/BRACS_1238_UDH_58.png
train,2_UDH,BRACS_1244,UDH,BRACS_1244_UDH_2.png,6303397,/BRACS_RoI/latest_version/train/2_UDH/BRACS_1244_UDH_2.png
train,2_UDH,BRACS_1247,UDH,BRACS_1247_UDH_34.png,25234350,/BRACS_RoI/latest_version/train/2_UDH/BRACS_1247_UDH_34.png
train,2_UDH,BRACS_1270,UDH,BRACS_1270_UDH_4.png,3174816,/BRACS_RoI/latest_version/train/2_UDH/BRACS_1270_UDH_4.png
train,2_UDH,BRACS_1272,UDH,BRACS_1272_UDH_1.png,10459232,/BRACS_RoI/latest_version/train/2_UDH/BRACS_1272_UDH_1.png
train,2_UDH,BRACS_1272,UDH,BRACS_1272_UDH_11.png,3580255,/BRACS_RoI/latest_version/train/2_UDH/BRACS_1272_UDH_11.png
train,2_UDH,BRACS_1272,UDH,BRACS_1272_UDH_12.png,4122232,/BRACS_RoI/latest_version/train/2_UDH/BRACS_1272_UDH_12.png
train,2_UDH,BRACS_1272,UDH,BRACS_1272_UDH_13.png,3254508,/BRACS_RoI/latest_version/train/2_UDH/BRACS_1272_UDH_13.png
train,2_UDH,BRACS_1272,UDH,BRACS_1272_UDH_15.png,19684747,/BRACS_RoI/latest_version/train/2_UDH/BRACS_1272_UDH_15.png
train,2_UDH,BRACS_1272,UDH,BRACS_1272_UDH_16.png,3248236,/BRACS_RoI/latest_version/train/2_UDH/BRACS_1272_UDH_16.png
train,2_UDH,BRACS_1272,UDH,BRACS_1272_UDH_19.png,3655579,/BRACS_RoI/latest_version/train/2_UDH/BRACS_1272_UDH_19.png
train,2_UDH,BRACS_1272,UDH,BRACS_1272_UDH_24.png,12251240,/BRACS_RoI/latest_version/train/2_UDH/BRACS_1272_UDH_24.png
train,2_UDH,BRACS_1272,UDH,BRACS_1272_UDH_28.png,1314804,/BRACS_RoI/latest_version/train/2_UDH/BRACS_1272_UDH_28.png
train,2_UDH,BRACS_1272,UDH,BRACS_1272_UDH_30.png,1283161,/BRACS_RoI/latest_version/train/2_UDH/BRACS_1272_UDH_30.png
train,2_UDH,BRACS_1272,UDH,BRACS_1272_UDH_31.png,2243500,/BRACS_RoI/latest_version/train/2_UDH/BRACS_1272_UDH_31.png
train,2_UDH,BRACS_1272,UDH,BRACS_1272_UDH_32.png,1698866,/BRACS_RoI/latest_version/train/2_UDH/BRACS_1272_UDH_32.png
train,2_UDH,BRACS_1272,UDH,BRACS_1272_UDH_34.png,11315635,/BRACS_RoI/latest_version/train/2_UDH/BRACS_1272_UDH_34.png
train,2_UDH,BRACS_1272,UDH,BRACS_1272_UDH_38.png,2765677,/BRACS_RoI/latest_version/train/2_UDH/BRACS_1272_UDH_38.png
train,2_UDH,BRACS_1272,UDH,BRACS_1272_UDH_39.png,5245744,/BRACS_RoI/latest_version/train/2_UDH/BRACS_1272_UDH_39.png
train,2_UDH,BRACS_1272,UDH,BRACS_1272_UDH_4.png,10408264,/BRACS_RoI/latest_version/train/2_UDH/BRACS_1272_UDH_4.png
train,2_UDH,BRACS_1272,UDH,BRACS_1272_UDH_41.png,3707946,/BRACS_RoI/latest_version/train/2_UDH/BRACS_1272_UDH_41.png
train,2_UDH,BRACS_1272,UDH,BRACS_1272_UDH_44.png,18582161,/BRACS_RoI/latest_version/train/2_UDH/BRACS_1272_UDH_44.png
train,2_UDH,BRACS_1272,UDH,BRACS_1272_UDH_6.png,4435238,/BRACS_RoI/latest_version/train/2_UDH/BRACS_1272_UDH_6.png
train,2_UDH,BRACS_1272,UDH,BRACS_1272_UDH_7.png,2696725,/BRACS_RoI/latest_version/train/2_UDH/BRACS_1272_UDH_7.png
train,2_UDH,BRACS_1326,UDH,BRACS_1326_UDH_12.png,3435870,/BRACS_RoI/latest_version/train/2_UDH/BRACS_1326_UDH_12.png
train,2_UDH,BRACS_1326,UDH,BRACS_1326_UDH_3.png,12277451,/BRACS_RoI/latest_version/train/2_UDH/BRACS_1326_UDH_3.png
train,2_UDH,BRACS_1326,UDH,BRACS_1326_UDH_4.png,5225993,/BRACS_RoI/latest_version/train/2_UDH/BRACS_1326_UDH_4.png
train,2_UDH,BRACS_1335,UDH,BRACS_1335_UDH_1.png,23329321,/BRACS_RoI/latest_version/train/2_UDH/BRACS_1335_UDH_1.png
train,2_UDH,BRACS_1337,UDH,BRACS_1337_UDH_1.png,4024000,/BRACS_RoI/latest_version/train/2_UDH/BRACS_1337_UDH_1.png
train,2_UDH,BRACS_1337,UDH,BRACS_1337_UDH_4.png,4147663,/BRACS_RoI/latest_version/train/2_UDH/BRACS_1337_UDH_4.png
train,2_UDH,BRACS_1369,UDH,BRACS_1369_UDH_4.png,5049791,/BRACS_RoI/latest_version/train/2_UDH/BRACS_1369_UDH_4.png
train,2_UDH,BRACS_1407,UDH,BRACS_1407_UDH_1.png,8002234,/BRACS_RoI/latest_version/train/2_UDH/BRACS_1407_UDH_1.png
train,2_UDH,BRACS_1407,UDH,BRACS_1407_UDH_4.png,4584870,/BRACS_RoI/latest_version/train/2_UDH/BRACS_1407_UDH_4.png
train,2_UDH,BRACS_1409,UDH,BRACS_1409_UDH_1.png,30176353,/BRACS_RoI/latest_version/train/2_UDH/BRACS_1409_UDH_1.png
train,2_UDH,BRACS_1409,UDH,BRACS_1409_UDH_10.png,2417523,/BRACS_RoI/latest_version/train/2_UDH/BRACS_1409_UDH_10.png
train,2_UDH,BRACS_1409,UDH,BRACS_1409_UDH_11.png,8137214,/BRACS_RoI/latest_version/train/2_UDH/BRACS_1409_UDH_11.png
train,2_UDH,BRACS_1409,UDH,BRACS_1409_UDH_12.png,1242309,/BRACS_RoI/latest_version/train/2_UDH/BRACS_1409_UDH_12.png
train,2_UDH,BRACS_1409,UDH,BRACS_1409_UDH_2.png,8092035,/BRACS_RoI/latest_version/train/2_UDH/BRACS_1409_UDH_2.png
train,2_UDH,BRACS_1409,UDH,BRACS_1409_UDH_3.png,2606600,/BRACS_RoI/latest_version/train/2_UDH/BRACS_1409_UDH_3.png
train,2_UDH,BRACS_1409,UDH,BRACS_1409_UDH_4.png,1980950,/BRACS_RoI/latest_version/train/2_UDH/BRACS_1409_UDH_4.png
train,2_UDH,BRACS_1409,UDH,BRACS_1409_UDH_5.png,5398028,/BRACS_RoI/latest_version/train/2_UDH/BRACS_1409_UDH_5.png
train,2_UDH,BRACS_1409,UDH,BRACS_1409_UDH_6.png,1721487,/BRACS_RoI/latest_version/train/2_UDH/BRACS_1409_UDH_6.png
train,2_UDH,BRACS_1409,UDH,BRACS_1409_UDH_7.png,5502552,/BRACS_RoI/latest_version/train/2_UDH/BRACS_1409_UDH_7.png
train,2_UDH,BRACS_1409,UDH,BRACS_1409_UDH_8.png,2442779,/BRACS_RoI/latest_version/train/2_UDH/BRACS_1409_UDH_8.png
train,2_UDH,BRACS_1409,UDH,BRACS_1409_UDH_9.png,1725325,/BRACS_RoI/latest_version/train/2_UDH/BRACS_1409_UDH_9.png
train,2_UDH,BRACS_1484,UDH,BRACS_1484_UDH_12.png,1293464,/BRACS_RoI/latest_version/train/2_UDH/BRACS_1484_UDH_12.png
train,2_UDH,BRACS_1484,UDH,BRACS_1484_UDH_26.png,29140595,/BRACS_RoI/latest_version/train/2_UDH/BRACS_1484_UDH_26.png
train,2_UDH,BRACS_1484,UDH,BRACS_1484_UDH_44.png,2199381,/BRACS_RoI/latest_version/train/2_UDH/BRACS_1484_UDH_44.png
train,2_UDH,BRACS_1486,UDH,BRACS_1486_UDH_5.png,7043568,/BRACS_RoI/latest_version/train/2_UDH/BRACS_1486_UDH_5.png
train,2_UDH,BRACS_1486,UDH,BRACS_1486_UDH_6.png,33385984,/BRACS_RoI/latest_version/train/2_UDH/BRACS_1486_UDH_6.png
train,2_UDH,BRACS_1487,UDH,BRACS_1487_UDH_1.png,40908745,/BRACS_RoI/latest_version/train/2_UDH/BRACS_1487_UDH_1.png
train,2_UDH,BRACS_1487,UDH,BRACS_1487_UDH_10.png,55247943,/BRACS_RoI/latest_version/train/2_UDH/BRACS_1487_UDH_10.png
train,2_UDH,BRACS_1487,UDH,BRACS_1487_UDH_13.png,48120881,/BRACS_RoI/latest_version/train/2_UDH/BRACS_1487_UDH_13.png
train,2_UDH,BRACS_1487,UDH,BRACS_1487_UDH_14.png,35681345,/BRACS_RoI/latest_version/train/2_UDH/BRACS_1487_UDH_14.png
train,2_UDH,BRACS_1487,UDH,BRACS_1487_UDH_30.png,6377692,/BRACS_RoI/latest_version/train/2_UDH/BRACS_1487_UDH_30.png
train,2_UDH,BRACS_1487,UDH,BRACS_1487_UDH_31.png,13312467,/BRACS_RoI/latest_version/train/2_UDH/BRACS_1487_UDH_31.png
train,2_UDH,BRACS_1487,UDH,BRACS_1487_UDH_32.png,65815300,/BRACS_RoI/latest_version/train/2_UDH/BRACS_1487_UDH_32.png
train,2_UDH,BRACS_1487,UDH,BRACS_1487_UDH_36.png,4883563,/BRACS_RoI/latest_version/train/2_UDH/BRACS_1487_UDH_36.png
train,2_UDH,BRACS_1487,UDH,BRACS_1487_UDH_5.png,5252971,/BRACS_RoI/latest_version/train/2_UDH/BRACS_1487_UDH_5.png
train,2_UDH,BRACS_1487,UDH,BRACS_1487_UDH_7.png,16602150,/BRACS_RoI/latest_version/train/2_UDH/BRACS_1487_UDH_7.png
train,2_UDH,BRACS_1494,UDH,BRACS_1494_UDH_1.png,1632572,/BRACS_RoI/latest_version/train/2_UDH/BRACS_1494_UDH_1.png
train,2_UDH,BRACS_1494,UDH,BRACS_1494_UDH_10.png,2462217,/BRACS_RoI/latest_version/train/2_UDH/BRACS_1494_UDH_10.png
train,2_UDH,BRACS_1494,UDH,BRACS_1494_UDH_12.png,4444808,/BRACS_RoI/latest_version/train/2_UDH/BRACS_1494_UDH_12.png
train,2_UDH,BRACS_1494,UDH,BRACS_1494_UDH_14.png,3221867,/BRACS_RoI/latest_version/train/2_UDH/BRACS_1494_UDH_14.png
train,2_UDH,BRACS_1494,UDH,BRACS_1494_UDH_15.png,954042,/BRACS_RoI/latest_version/train/2_UDH/BRACS_1494_UDH_15.png
train,2_UDH,BRACS_1494,UDH,BRACS_1494_UDH_16.png,5298669,/BRACS_RoI/latest_version/train/2_UDH/BRACS_1494_UDH_16.png
train,2_UDH,BRACS_1494,UDH,BRACS_1494_UDH_18.png,6290137,/BRACS_RoI/latest_version/train/2_UDH/BRACS_1494_UDH_18.png
train,2_UDH,BRACS_1494,UDH,BRACS_1494_UDH_19.png,2198715,/BRACS_RoI/latest_version/train/2_UDH/BRACS_1494_UDH_19.png
train,2_UDH,BRACS_1494,UDH,BRACS_1494_UDH_2.png,918609,/BRACS_RoI/latest_version/train/2_UDH/BRACS_1494_UDH_2.png
train,2_UDH,BRACS_1494,UDH,BRACS_1494_UDH_20.png,3099216,/BRACS_RoI/latest_version/train/2_UDH/BRACS_1494_UDH_20.png
train,2_UDH,BRACS_1494,UDH,BRACS_1494_UDH_23.png,3597714,/BRACS_RoI/latest_version/train/2_UDH/BRACS_1494_UDH_23.png
train,2_UDH,BRACS_1494,UDH,BRACS_1494_UDH_24.png,4730670,/BRACS_RoI/latest_version/train/2_UDH/BRACS_1494_UDH_24.png
train,2_UDH,BRACS_1494,UDH,BRACS_1494_UDH_29.png,4589929,/BRACS_RoI/latest_version/train/2_UDH/BRACS_1494_UDH_29.png
train,2_UDH,BRACS_1494,UDH,BRACS_1494_UDH_3.png,2705864,/BRACS_RoI/latest_version/train/2_UDH/BRACS_1494_UDH_3.png
train,2_UDH,BRACS_1494,UDH,BRACS_1494_UDH_30.png,18233006,/BRACS_RoI/latest_version/train/2_UDH/BRACS_1494_UDH_30.png
train,2_UDH,BRACS_1494,UDH,BRACS_1494_UDH_31.png,1491754,/BRACS_RoI/latest_version/train/2_UDH/BRACS_1494_UDH_31.png
train,2_UDH,BRACS_1494,UDH,BRACS_1494_UDH_32.png,988070,/BRACS_RoI/latest_version/train/2_UDH/BRACS_1494_UDH_32.png
train,2_UDH,BRACS_1494,UDH,BRACS_1494_UDH_33.png,23944941,/BRACS_RoI/latest_version/train/2_UDH/BRACS_1494_UDH_33.png
train,2_UDH,BRACS_1494,UDH,BRACS_1494_UDH_35.png,5263502,/BRACS_RoI/latest_version/train/2_UDH/BRACS_1494_UDH_35.png
train,2_UDH,BRACS_1494,UDH,BRACS_1494_UDH_37.png,723903,/BRACS_RoI/latest_version/train/2_UDH/BRACS_1494_UDH_37.png
train,2_UDH,BRACS_1494,UDH,BRACS_1494_UDH_38.png,2227585,/BRACS_RoI/latest_version/train/2_UDH/BRACS_1494_UDH_38.png
train,2_UDH,BRACS_1494,UDH,BRACS_1494_UDH_4.png,11338820,/BRACS_RoI/latest_version/train/2_UDH/BRACS_1494_UDH_4.png
train,2_UDH,BRACS_1494,UDH,BRACS_1494_UDH_40.png,1339286,/BRACS_RoI/latest_version/train/2_UDH/BRACS_1494_UDH_40.png
train,2_UDH,BRACS_1494,UDH,BRACS_1494_UDH_41.png,34766125,/BRACS_RoI/latest_version/train/2_UDH/BRACS_1494_UDH_41.png
train,2_UDH,BRACS_1494,UDH,BRACS_1494_UDH_42.png,11282018,/BRACS_RoI/latest_version/train/2_UDH/BRACS_1494_UDH_42.png
train,2_UDH,BRACS_1494,UDH,BRACS_1494_UDH_44.png,1254854,/BRACS_RoI/latest_version/train/2_UDH/BRACS_1494_UDH_44.png
train,2_UDH,BRACS_1494,UDH,BRACS_1494_UDH_45.png,7863243,/BRACS_RoI/latest_version/train/2_UDH/BRACS_1494_UDH_45.png
train,2_UDH,BRACS_1494,UDH,BRACS_1494_UDH_47.png,755348,/BRACS_RoI/latest_version/train/2_UDH/BRACS_1494_UDH_47.png
train,2_UDH,BRACS_1494,UDH,BRACS_1494_UDH_49.png,947937,/BRACS_RoI/latest_version/train/2_UDH/BRACS_1494_UDH_49.png
train,2_UDH,BRACS_1494,UDH,BRACS_1494_UDH_50.png,2482925,/BRACS_RoI/latest_version/train/2_UDH/BRACS_1494_UDH_50.png
train,2_UDH,BRACS_1494,UDH,BRACS_1494_UDH_51.png,3349388,/BRACS_RoI/latest_version/train/2_UDH/BRACS_1494_UDH_51.png
train,2_UDH,BRACS_1494,UDH,BRACS_1494_UDH_52.png,6497191,/BRACS_RoI/latest_version/train/2_UDH/BRACS_1494_UDH_52.png
train,2_UDH,BRACS_1494,UDH,BRACS_1494_UDH_53.png,965613,/BRACS_RoI/latest_version/train/2_UDH/BRACS_1494_UDH_53.png
train,2_UDH,BRACS_1494,UDH,BRACS_1494_UDH_55.png,4423064,/BRACS_RoI/latest_version/train/2_UDH/BRACS_1494_UDH_55.png
train,2_UDH,BRACS_1494,UDH,BRACS_1494_UDH_7.png,2673896,/BRACS_RoI/latest_version/train/2_UDH/BRACS_1494_UDH_7.png
train,2_UDH,BRACS_1494,UDH,BRACS_1494_UDH_9.png,4859320,/BRACS_RoI/latest_version/train/2_UDH/BRACS_1494_UDH_9.png
train,2_UDH,BRACS_1496,UDH,BRACS_1496_UDH_10.png,3556691,/BRACS_RoI/latest_version/train/2_UDH/BRACS_1496_UDH_10.png
train,2_UDH,BRACS_1496,UDH,BRACS_1496_UDH_12.png,3883257,/BRACS_RoI/latest_version/train/2_UDH/BRACS_1496_UDH_12.png
train,2_UDH,BRACS_1496,UDH,BRACS_1496_UDH_14.png,2888890,/BRACS_RoI/latest_version/train/2_UDH/BRACS_1496_UDH_14.png
train,2_UDH,BRACS_1496,UDH,BRACS_1496_UDH_17.png,1530504,/BRACS_RoI/latest_version/train/2_UDH/BRACS_1496_UDH_17.png
train,2_UDH,BRACS_1496,UDH,BRACS_1496_UDH_18.png,7735820,/BRACS_RoI/latest_version/train/2_UDH/BRACS_1496_UDH_18.png
train,2_UDH,BRACS_1496,UDH,BRACS_1496_UDH_19.png,5813452,/BRACS_RoI/latest_version/train/2_UDH/BRACS_1496_UDH_19.png
train,2_UDH,BRACS_1496,UDH,BRACS_1496_UDH_2.png,1459959,/BRACS_RoI/latest_version/train/2_UDH/BRACS_1496_UDH_2.png
train,2_UDH,BRACS_1496,UDH,BRACS_1496_UDH_24.png,1495583,/BRACS_RoI/latest_version/train/2_UDH/BRACS_1496_UDH_24.png
train,2_UDH,BRACS_1496,UDH,BRACS_1496_UDH_26.png,10623132,/BRACS_RoI/latest_version/train/2_UDH/BRACS_1496_UDH_26.png
train,2_UDH,BRACS_1496,UDH,BRACS_1496_UDH_27.png,3428596,/BRACS_RoI/latest_version/train/2_UDH/BRACS_1496_UDH_27.png
train,2_UDH,BRACS_1496,UDH,BRACS_1496_UDH_28.png,7690665,/BRACS_RoI/latest_version/train/2_UDH/BRACS_1496_UDH_28.png
train,2_UDH,BRACS_1496,UDH,BRACS_1496_UDH_3.png,3994651,/BRACS_RoI/latest_version/train/2_UDH/BRACS_1496_UDH_3.png
train,2_UDH,BRACS_1496,UDH,BRACS_1496_UDH_30.png,3122279,/BRACS_RoI/latest_version/train/2_UDH/BRACS_1496_UDH_30.png
train,2_UDH,BRACS_1496,UDH,BRACS_1496_UDH_31.png,1371874,/BRACS_RoI/latest_version/train/2_UDH/BRACS_1496_UDH_31.png
train,2_UDH,BRACS_1496,UDH,BRACS_1496_UDH_32.png,3442472,/BRACS_RoI/latest_version/train/2_UDH/BRACS_1496_UDH_32.png
train,2_UDH,BRACS_1496,UDH,BRACS_1496_UDH_33.png,6132733,/BRACS_RoI/latest_version/train/2_UDH/BRACS_1496_UDH_33.png
train,2_UDH,BRACS_1496,UDH,BRACS_1496_UDH_34.png,4230881,/BRACS_RoI/latest_version/train/2_UDH/BRACS_1496_UDH_34.png
train,2_UDH,BRACS_1496,UDH,BRACS_1496_UDH_35.png,3054047,/BRACS_RoI/latest_version/train/2_UDH/BRACS_1496_UDH_35.png
train,2_UDH,BRACS_1496,UDH,BRACS_1496_UDH_37.png,2352463,/BRACS_RoI/latest_version/train/2_UDH/BRACS_1496_UDH_37.png
train,2_UDH,BRACS_1496,UDH,BRACS_1496_UDH_38.png,4385555,/BRACS_RoI/latest_version/train/2_UDH/BRACS_1496_UDH_38.png
train,2_UDH,BRACS_1496,UDH,BRACS_1496_UDH_39.png,26688266,/BRACS_RoI/latest_version/train/2_UDH/BRACS_1496_UDH_39.png
train,2_UDH,BRACS_1496,UDH,BRACS_1496_UDH_42.png,3207146,/BRACS_RoI/latest_version/train/2_UDH/BRACS_1496_UDH_42.png
train,2_UDH,BRACS_1496,UDH,BRACS_1496_UDH_45.png,8162994,/BRACS_RoI/latest_version/train/2_UDH/BRACS_1496_UDH_45.png
train,2_UDH,BRACS_1496,UDH,BRACS_1496_UDH_46.png,2332374,/BRACS_RoI/latest_version/train/2_UDH/BRACS_1496_UDH_46.png
train,2_UDH,BRACS_1496,UDH,BRACS_1496_UDH_47.png,2924544,/BRACS_RoI/latest_version/train/2_UDH/BRACS_1496_UDH_47.png
train,2_UDH,BRACS_1496,UDH,BRACS_1496_UDH_5.png,2907733,/BRACS_RoI/latest_version/train/2_UDH/BRACS_1496_UDH_5.png
train,2_UDH,BRACS_1497,UDH,BRACS_1497_UDH_1.png,6636723,/BRACS_RoI/latest_version/train/2_UDH/BRACS_1497_UDH_1.png
train,2_UDH,BRACS_1497,UDH,BRACS_1497_UDH_10.png,7530437,/BRACS_RoI/latest_version/train/2_UDH/BRACS_1497_UDH_10.png
train,2_UDH,BRACS_1497,UDH,BRACS_1497_UDH_11.png,7793756,/BRACS_RoI/latest_version/train/2_UDH/BRACS_1497_UDH_11.png
train,2_UDH,BRACS_1497,UDH,BRACS_1497_UDH_12.png,5643490,/BRACS_RoI/latest_version/train/2_UDH/BRACS_1497_UDH_12.png
train,2_UDH,BRACS_1497,UDH,BRACS_1497_UDH_13.png,19527598,/BRACS_RoI/latest_version/train/2_UDH/BRACS_1497_UDH_13.png
train,2_UDH,BRACS_1497,UDH,BRACS_1497_UDH_14.png,10256583,/BRACS_RoI/latest_version/train/2_UDH/BRACS_1497_UDH_14.png
train,2_UDH,BRACS_1497,UDH,BRACS_1497_UDH_15.png,9203554,/BRACS_RoI/latest_version/train/2_UDH/BRACS_1497_UDH_15.png
train,2_UDH,BRACS_1497,UDH,BRACS_1497_UDH_16.png,2872655,/BRACS_RoI/latest_version/train/2_UDH/BRACS_1497_UDH_16.png
train,2_UDH,BRACS_1497,UDH,BRACS_1497_UDH_17.png,3554730,/BRACS_RoI/latest_version/train/2_UDH/BRACS_1497_UDH_17.png
train,2_UDH,BRACS_1497,UDH,BRACS_1497_UDH_19.png,1129329,/BRACS_RoI/latest_version/train/2_UDH/BRACS_1497_UDH_19.png
train,2_UDH,BRACS_1497,UDH,BRACS_1497_UDH_2.png,5170083,/BRACS_RoI/latest_version/train/2_UDH/BRACS_1497_UDH_2.png
train,2_UDH,BRACS_1497,UDH,BRACS_1497_UDH_20.png,7085926,/BRACS_RoI/latest_version/train/2_UDH/BRACS_1497_UDH_20.png
train,2_UDH,BRACS_1497,UDH,BRACS_1497_UDH_21.png,2164187,/BRACS_RoI/latest_version/train/2_UDH/BRACS_1497_UDH_21.png
train,2_UDH,BRACS_1497,UDH,BRACS_1497_UDH_3.png,3267262,/BRACS_RoI/latest_version/train/2_UDH/BRACS_1497_UDH_3.png
train,2_UDH,BRACS_1497,UDH,BRACS_1497_UDH_4.png,5856770,/BRACS_RoI/latest_version/train/2_UDH/BRACS_1497_UDH_4.png
train,2_UDH,BRACS_1497,UDH,BRACS_1497_UDH_5.png,3333940,/BRACS_RoI/latest_version/train/2_UDH/BRACS_1497_UDH_5.png
train,2_UDH,BRACS_1497,UDH,BRACS_1497_UDH_6.png,935062,/BRACS_RoI/latest_version/train/2_UDH/BRACS_1497_UDH_6.png
train,2_UDH,BRACS_1497,UDH,BRACS_1497_UDH_7.png,6509833,/BRACS_RoI/latest_version/train/2_UDH/BRACS_1497_UDH_7.png
train,2_UDH,BRACS_1498,UDH,BRACS_1498_UDH_1.png,57234373,/BRACS_RoI/latest_version/train/2_UDH/BRACS_1498_UDH_1.png
train,2_UDH,BRACS_1498,UDH,BRACS_1498_UDH_2.png,15442509,/BRACS_RoI/latest_version/train/2_UDH/BRACS_1498_UDH_2.png
train,2_UDH,BRACS_1498,UDH,BRACS_1498_UDH_3.png,10464061,/BRACS_RoI/latest_version/train/2_UDH/BRACS_1498_UDH_3.png
train,2_UDH,BRACS_1498,UDH,BRACS_1498_UDH_4.png,33658929,/BRACS_RoI/latest_version/train/2_UDH/BRACS_1498_UDH_4.png
train,2_UDH,BRACS_1498,UDH,BRACS_1498_UDH_5.png,22618702,/BRACS_RoI/latest_version/train/2_UDH/BRACS_1498_UDH_5.png
train,2_UDH,BRACS_1499,UDH,BRACS_1499_UDH_1.png,8138108,/BRACS_RoI/latest_version/train/2_UDH/BRACS_1499_UDH_1.png
train,2_UDH,BRACS_1499,UDH,BRACS_1499_UDH_11.png,2817332,/BRACS_RoI/latest_version/train/2_UDH/BRACS_1499_UDH_11.png
train,2_UDH,BRACS_1499,UDH,BRACS_1499_UDH_12.png,5568751,/BRACS_RoI/latest_version/train/2_UDH/BRACS_1499_UDH_12.png
train,2_UDH,BRACS_1499,UDH,BRACS_1499_UDH_2.png,1574931,/BRACS_RoI/latest_version/train/2_UDH/BRACS_1499_UDH_2.png
train,2_UDH,BRACS_1499,UDH,BRACS_1499_UDH_6.png,1903969,/BRACS_RoI/latest_version/train/2_UDH/BRACS_1499_UDH_6.png
train,2_UDH,BRACS_1499,UDH,BRACS_1499_UDH_7.png,2865336,/BRACS_RoI/latest_version/train/2_UDH/BRACS_1499_UDH_7.png
train,2_UDH,BRACS_1499,UDH,BRACS_1499_UDH_8.png,7788055,/BRACS_RoI/latest_version/train/2_UDH/BRACS_1499_UDH_8.png
train,2_UDH,BRACS_1581,UDH,BRACS_1581_UDH_4.png,6106416,/BRACS_RoI/latest_version/train/2_UDH/BRACS_1581_UDH_4.png
train,2_UDH,BRACS_1594,UDH,BRACS_1594_UDH_1.png,850078,/BRACS_RoI/latest_version/train/2_UDH/BRACS_1594_UDH_1.png
train,2_UDH,BRACS_1594,UDH,BRACS_1594_UDH_3.png,10257245,/BRACS_RoI/latest_version/train/2_UDH/BRACS_1594_UDH_3.png
train,2_UDH,BRACS_1596,UDH,BRACS_1596_UDH_1.png,13638721,/BRACS_RoI/latest_version/train/2_UDH/BRACS_1596_UDH_1.png
train,2_UDH,BRACS_1596,UDH,BRACS_1596_UDH_2.png,6952844,/BRACS_RoI/latest_version/train/2_UDH/BRACS_1596_UDH_2.png
train,2_UDH,BRACS_1596,UDH,BRACS_1596_UDH_3.png,2841913,/BRACS_RoI/latest_version/train/2_UDH/BRACS_1596_UDH_3.png
train,2_UDH,BRACS_1596,UDH,BRACS_1596_UDH_4.png,3759441,/BRACS_RoI/latest_version/train/2_UDH/BRACS_1596_UDH_4.png
train,2_UDH,BRACS_1596,UDH,BRACS_1596_UDH_5.png,7679668,/BRACS_RoI/latest_version/train/2_UDH/BRACS_1596_UDH_5.png
train,2_UDH,BRACS_1596,UDH,BRACS_1596_UDH_6.png,2568036,/BRACS_RoI/latest_version/train/2_UDH/BRACS_1596_UDH_6.png
train,2_UDH,BRACS_1596,UDH,BRACS_1596_UDH_7.png,9813835,/BRACS_RoI/latest_version/train/2_UDH/BRACS_1596_UDH_7.png
train,2_UDH,BRACS_1596,UDH,BRACS_1596_UDH_8.png,3813381,/BRACS_RoI/latest_version/train/2_UDH/BRACS_1596_UDH_8.png
train,2_UDH,BRACS_1604,UDH,BRACS_1604_UDH_2.png,10045234,/BRACS_RoI/latest_version/train/2_UDH/BRACS_1604_UDH_2.png
train,2_UDH,BRACS_1604,UDH,BRACS_1604_UDH_4.png,3765889,/BRACS_RoI/latest_version/train/2_UDH/BRACS_1604_UDH_4.png
train,2_UDH,BRACS_1606,UDH,BRACS_1606_UDH_1.png,894852,/BRACS_RoI/latest_version/train/2_UDH/BRACS_1606_UDH_1.png
train,2_UDH,BRACS_1606,UDH,BRACS_1606_UDH_12.png,1123827,/BRACS_RoI/latest_version/train/2_UDH/BRACS_1606_UDH_12.png
train,2_UDH,BRACS_1606,UDH,BRACS_1606_UDH_8.png,880629,/BRACS_RoI/latest_version/train/2_UDH/BRACS_1606_UDH_8.png
train,2_UDH,BRACS_1616,UDH,BRACS_1616_UDH_1.png,1062779,/BRACS_RoI/latest_version/train/2_UDH/BRACS_1616_UDH_1.png
train,2_UDH,BRACS_1616,UDH,BRACS_1616_UDH_4.png,2949777,/BRACS_RoI/latest_version/train/2_UDH/BRACS_1616_UDH_4.png
train,2_UDH,BRACS_1617,UDH,BRACS_1617_UDH_1.png,14306420,/BRACS_RoI/latest_version/train/2_UDH/BRACS_1617_UDH_1.png
train,2_UDH,BRACS_1617,UDH,BRACS_1617_UDH_10.png,13603945,/BRACS_RoI/latest_version/train/2_UDH/BRACS_1617_UDH_10.png
train,2_UDH,BRACS_1617,UDH,BRACS_1617_UDH_11.png,5858632,/BRACS_RoI/latest_version/train/2_UDH/BRACS_1617_UDH_11.png
train,2_UDH,BRACS_1617,UDH,BRACS_1617_UDH_12.png,2136727,/BRACS_RoI/latest_version/train/2_UDH/BRACS_1617_UDH_12.png
train,2_UDH,BRACS_1617,UDH,BRACS_1617_UDH_13.png,1842202,/BRACS_RoI/latest_version/train/2_UDH/BRACS_1617_UDH_13.png
train,2_UDH,BRACS_1617,UDH,BRACS_1617_UDH_3.png,4467197,/BRACS_RoI/latest_version/train/2_UDH/BRACS_1617_UDH_3.png
train,2_UDH,BRACS_1617,UDH,BRACS_1617_UDH_4.png,4117457,/BRACS_RoI/latest_version/train/2_UDH/BRACS_1617_UDH_4.png
train,2_UDH,BRACS_1617,UDH,BRACS_1617_UDH_5.png,6514166,/BRACS_RoI/latest_version/train/2_UDH/BRACS_1617_UDH_5.png
train,2_UDH,BRACS_1617,UDH,BRACS_1617_UDH_6.png,2505982,/BRACS_RoI/latest_version/train/2_UDH/BRACS_1617_UDH_6.png
train,2_UDH,BRACS_1617,UDH,BRACS_1617_UDH_8.png,3711594,/BRACS_RoI/latest_version/train/2_UDH/BRACS_1617_UDH_8.png
train,2_UDH,BRACS_1617,UDH,BRACS_1617_UDH_9.png,9379774,/BRACS_RoI/latest_version/train/2_UDH/BRACS_1617_UDH_9.png
train,2_UDH,BRACS_1618,UDH,BRACS_1618_UDH_1.png,1168903,/BRACS_RoI/latest_version/train/2_UDH/BRACS_1618_UDH_1.png
train,2_UDH,BRACS_1618,UDH,BRACS_1618_UDH_10.png,2714112,/BRACS_RoI/latest_version/train/2_UDH/BRACS_1618_UDH_10.png
train,2_UDH,BRACS_1618,UDH,BRACS_1618_UDH_11.png,1816856,/BRACS_RoI/latest_version/train/2_UDH/BRACS_1618_UDH_11.png
train,2_UDH,BRACS_1618,UDH,BRACS_1618_UDH_12.png,1682970,/BRACS_RoI/latest_version/train/2_UDH/BRACS_1618_UDH_12.png
train,2_UDH,BRACS_1618,UDH,BRACS_1618_UDH_13.png,670380,/BRACS_RoI/latest_version/train/2_UDH/BRACS_1618_UDH_13.png
train,2_UDH,BRACS_1618,UDH,BRACS_1618_UDH_2.png,1592025,/BRACS_RoI/latest_version/train/2_UDH/BRACS_1618_UDH_2.png
train,2_UDH,BRACS_1618,UDH,BRACS_1618_UDH_3.png,2396862,/BRACS_RoI/latest_version/train/2_UDH/BRACS_1618_UDH_3.png
train,2_UDH,BRACS_1618,UDH,BRACS_1618_UDH_4.png,2499216,/BRACS_RoI/latest_version/train/2_UDH/BRACS_1618_UDH_4.png
train,2_UDH,BRACS_1618,UDH,BRACS_1618_UDH_5.png,3630599,/BRACS_RoI/latest_version/train/2_UDH/BRACS_1618_UDH_5.png
train,2_UDH,BRACS_1618,UDH,BRACS_1618_UDH_6.png,4346671,/BRACS_RoI/latest_version/train/2_UDH/BRACS_1618_UDH_6.png
train,2_UDH,BRACS_1618,UDH,BRACS_1618_UDH_7.png,1129380,/BRACS_RoI/latest_version/train/2_UDH/BRACS_1618_UDH_7.png
train,2_UDH,BRACS_1618,UDH,BRACS_1618_UDH_8.png,4859614,/BRACS_RoI/latest_version/train/2_UDH/BRACS_1618_UDH_8.png
train,2_UDH,BRACS_1618,UDH,BRACS_1618_UDH_9.png,4042318,/BRACS_RoI/latest_version/train/2_UDH/BRACS_1618_UDH_9.png
train,2_UDH,BRACS_1621,UDH,BRACS_1621_UDH_2.png,2868284,/BRACS_RoI/latest_version/train/2_UDH/BRACS_1621_UDH_2.png
train,2_UDH,BRACS_1622,UDH,BRACS_1622_UDH_1.png,3076485,/BRACS_RoI/latest_version/train/2_UDH/BRACS_1622_UDH_1.png
train,2_UDH,BRACS_1622,UDH,BRACS_1622_UDH_2.png,13492715,/BRACS_RoI/latest_version/train/2_UDH/BRACS_1622_UDH_2.png
train,2_UDH,BRACS_1622,UDH,BRACS_1622_UDH_6.png,2264336,/BRACS_RoI/latest_version/train/2_UDH/BRACS_1622_UDH_6.png
train,2_UDH,BRACS_1622,UDH,BRACS_1622_UDH_7.png,1772495,/BRACS_RoI/latest_version/train/2_UDH/BRACS_1622_UDH_7.png
train,2_UDH,BRACS_1642,UDH,BRACS_1642_UDH_2.png,941025,/BRACS_RoI/latest_version/train/2_UDH/BRACS_1642_UDH_2.png
train,2_UDH,BRACS_1667,UDH,BRACS_1667_UDH_1.png,32448126,/BRACS_RoI/latest_version/train/2_UDH/BRACS_1667_UDH_1.png
train,2_UDH,BRACS_1667,UDH,BRACS_1667_UDH_2.png,5831601,/BRACS_RoI/latest_version/train/2_UDH/BRACS_1667_UDH_2.png
train,2_UDH,BRACS_1667,UDH,BRACS_1667_UDH_3.png,10429565,/BRACS_RoI/latest_version/train/2_UDH/BRACS_1667_UDH_3.png
train,2_UDH,BRACS_1667,UDH,BRACS_1667_UDH_5.png,7081191,/BRACS_RoI/latest_version/train/2_UDH/BRACS_1667_UDH_5.png
train,2_UDH,BRACS_1773,UDH,BRACS_1773_UDH_16.png,518449,/BRACS_RoI/latest_version/train/2_UDH/BRACS_1773_UDH_16.png
train,2_UDH,BRACS_1775,UDH,BRACS_1775_UDH_4.png,874565,/BRACS_RoI/latest_version/train/2_UDH/BRACS_1775_UDH_4.png
train,2_UDH,BRACS_1775,UDH,BRACS_1775_UDH_5.png,748628,/BRACS_RoI/latest_version/train/2_UDH/BRACS_1775_UDH_5.png
train,2_UDH,BRACS_1777,UDH,BRACS_1777_UDH_1.png,623403,/BRACS_RoI/latest_version/train/2_UDH/BRACS_1777_UDH_1.png
train,2_UDH,BRACS_1778,UDH,BRACS_1778_UDH_5.png,516289,/BRACS_RoI/latest_version/train/2_UDH/BRACS_1778_UDH_5.png
train,2_UDH,BRACS_1780,UDH,BRACS_1780_UDH_1.png,6641796,/BRACS_RoI/latest_version/train/2_UDH/BRACS_1780_UDH_1.png
train,2_UDH,BRACS_1780,UDH,BRACS_1780_UDH_11.png,2867770,/BRACS_RoI/latest_version/train/2_UDH/BRACS_1780_UDH_11.png
train,2_UDH,BRACS_1780,UDH,BRACS_1780_UDH_14.png,4047056,/BRACS_RoI/latest_version/train/2_UDH/BRACS_1780_UDH_14.png
train,2_UDH,BRACS_1780,UDH,BRACS_1780_UDH_3.png,2690832,/BRACS_RoI/latest_version/train/2_UDH/BRACS_1780_UDH_3.png
train,2_UDH,BRACS_1780,UDH,BRACS_1780_UDH_5.png,1571079,/BRACS_RoI/latest_version/train/2_UDH/BRACS_1780_UDH_5.png
train,2_UDH,BRACS_1780,UDH,BRACS_1780_UDH_6.png,8871138,/BRACS_RoI/latest_version/train/2_UDH/BRACS_1780_UDH_6.png
train,2_UDH,BRACS_1780,UDH,BRACS_1780_UDH_7.png,3948804,/BRACS_RoI/latest_version/train/2_UDH/BRACS_1780_UDH_7.png
train,2_UDH,BRACS_1782,UDH,BRACS_1782_UDH_1.png,9014127,/BRACS_RoI/latest_version/train/2_UDH/BRACS_1782_UDH_1.png
train,2_UDH,BRACS_1782,UDH,BRACS_1782_UDH_3.png,5526525,/BRACS_RoI/latest_version/train/2_UDH/BRACS_1782_UDH_3.png
train,2_UDH,BRACS_1782,UDH,BRACS_1782_UDH_4.png,2148858,/BRACS_RoI/latest_version/train/2_UDH/BRACS_1782_UDH_4.png
train,2_UDH,BRACS_1782,UDH,BRACS_1782_UDH_5.png,2849998,/BRACS_RoI/latest_version/train/2_UDH/BRACS_1782_UDH_5.png
train,2_UDH,BRACS_1782,UDH,BRACS_1782_UDH_6.png,3899204,/BRACS_RoI/latest_version/train/2_UDH/BRACS_1782_UDH_6.png
train,2_UDH,BRACS_1782,UDH,BRACS_1782_UDH_7.png,2672820,/BRACS_RoI/latest_version/train/2_UDH/BRACS_1782_UDH_7.png
train,2_UDH,BRACS_1783,UDH,BRACS_1783_UDH_1.png,17003671,/BRACS_RoI/latest_version/train/2_UDH/BRACS_1783_UDH_1.png
train,2_UDH,BRACS_1783,UDH,BRACS_1783_UDH_3.png,21937931,/BRACS_RoI/latest_version/train/2_UDH/BRACS_1783_UDH_3.png
train,2_UDH,BRACS_1785,UDH,BRACS_1785_UDH_1.png,2883224,/BRACS_RoI/latest_version/train/2_UDH/BRACS_1785_UDH_1.png
train,2_UDH,BRACS_1786,UDH,BRACS_1786_UDH_1.png,1184909,/BRACS_RoI/latest_version/train/2_UDH/BRACS_1786_UDH_1.png
train,2_UDH,BRACS_1786,UDH,BRACS_1786_UDH_2.png,2093111,/BRACS_RoI/latest_version/train/2_UDH/BRACS_1786_UDH_2.png
train,2_UDH,BRACS_1786,UDH,BRACS_1786_UDH_3.png,13728744,/BRACS_RoI/latest_version/train/2_UDH/BRACS_1786_UDH_3.png
train,2_UDH,BRACS_1786,UDH,BRACS_1786_UDH_4.png,4060735,/BRACS_RoI/latest_version/train/2_UDH/BRACS_1786_UDH_4.png
train,2_UDH,BRACS_1787,UDH,BRACS_1787_UDH_1.png,7600585,/BRACS_RoI/latest_version/train/2_UDH/BRACS_1787_UDH_1.png
train,2_UDH,BRACS_1787,UDH,BRACS_1787_UDH_3.png,10639785,/BRACS_RoI/latest_version/train/2_UDH/BRACS_1787_UDH_3.png
train,2_UDH,BRACS_1788,UDH,BRACS_1788_UDH_1.png,2623330,/BRACS_RoI/latest_version/train/2_UDH/BRACS_1788_UDH_1.png
train,2_UDH,BRACS_1788,UDH,BRACS_1788_UDH_2.png,33226516,/BRACS_RoI/latest_version/train/2_UDH/BRACS_1788_UDH_2.png
train,2_UDH,BRACS_1788,UDH,BRACS_1788_UDH_4.png,3124933,/BRACS_RoI/latest_version/train/2_UDH/BRACS_1788_UDH_4.png
train,2_UDH,BRACS_1789,UDH,BRACS_1789_UDH_2.png,3982900,/BRACS_RoI/latest_version/train/2_UDH/BRACS_1789_UDH_2.png
train,2_UDH,BRACS_1789,UDH,BRACS_1789_UDH_4.png,16044333,/BRACS_RoI/latest_version/train/2_UDH/BRACS_1789_UDH_4.png
train,2_UDH,BRACS_1789,UDH,BRACS_1789_UDH_5.png,5130402,/BRACS_RoI/latest_version/train/2_UDH/BRACS_1789_UDH_5.png
train,2_UDH,BRACS_1791,UDH,BRACS_1791_UDH_1.png,4005760,/BRACS_RoI/latest_version/train/2_UDH/BRACS_1791_UDH_1.png
train,2_UDH,BRACS_1791,UDH,BRACS_1791_UDH_10.png,1350978,/BRACS_RoI/latest_version/train/2_UDH/BRACS_1791_UDH_10.png
train,2_UDH,BRACS_1791,UDH,BRACS_1791_UDH_11.png,3340567,/BRACS_RoI/latest_version/train/2_UDH/BRACS_1791_UDH_11.png
train,2_UDH,BRACS_1791,UDH,BRACS_1791_UDH_2.png,7374889,/BRACS_RoI/latest_version/train/2_UDH/BRACS_1791_UDH_2.png
train,2_UDH,BRACS_1791,UDH,BRACS_1791_UDH_4.png,4337344,/BRACS_RoI/latest_version/train/2_UDH/BRACS_1791_UDH_4.png
train,2_UDH,BRACS_1791,UDH,BRACS_1791_UDH_8.png,2703370,/BRACS_RoI/latest_version/train/2_UDH/BRACS_1791_UDH_8.png
train,2_UDH,BRACS_1791,UDH,BRACS_1791_UDH_9.png,2527314,/BRACS_RoI/latest_version/train/2_UDH/BRACS_1791_UDH_9.png
train,2_UDH,BRACS_1792,UDH,BRACS_1792_UDH_1.png,3221840,/BRACS_RoI/latest_version/train/2_UDH/BRACS_1792_UDH_1.png
train,2_UDH,BRACS_1792,UDH,BRACS_1792_UDH_2.png,6465947,/BRACS_RoI/latest_version/train/2_UDH/BRACS_1792_UDH_2.png
train,2_UDH,BRACS_1792,UDH,BRACS_1792_UDH_3.png,5111720,/BRACS_RoI/latest_version/train/2_UDH/BRACS_1792_UDH_3.png
train,2_UDH,BRACS_1792,UDH,BRACS_1792_UDH_4.png,5470909,/BRACS_RoI/latest_version/train/2_UDH/BRACS_1792_UDH_4.png
train,2_UDH,BRACS_1792,UDH,BRACS_1792_UDH_5.png,4521944,/BRACS_RoI/latest_version/train/2_UDH/BRACS_1792_UDH_5.png
train,2_UDH,BRACS_1793,UDH,BRACS_1793_UDH_1.png,4562981,/BRACS_RoI/latest_version/train/2_UDH/BRACS_1793_UDH_1.png
train,2_UDH,BRACS_1793,UDH,BRACS_1793_UDH_2.png,7503029,/BRACS_RoI/latest_version/train/2_UDH/BRACS_1793_UDH_2.png
train,2_UDH,BRACS_1794,UDH,BRACS_1794_UDH_1.png,511632,/BRACS_RoI/latest_version/train/2_UDH/BRACS_1794_UDH_1.png
train,2_UDH,BRACS_1794,UDH,BRACS_1794_UDH_3.png,1299548,/BRACS_RoI/latest_version/train/2_UDH/BRACS_1794_UDH_3.png
train,2_UDH,BRACS_1794,UDH,BRACS_1794_UDH_4.png,479314,/BRACS_RoI/latest_version/train/2_UDH/BRACS_1794_UDH_4.png
train,2_UDH,BRACS_1794,UDH,BRACS_1794_UDH_5.png,820176,/BRACS_RoI/latest_version/train/2_UDH/BRACS_1794_UDH_5.png
train,2_UDH,BRACS_1795,UDH,BRACS_1795_UDH_19.png,5079779,/BRACS_RoI/latest_version/train/2_UDH/BRACS_1795_UDH_19.png
train,2_UDH,BRACS_1795,UDH,BRACS_1795_UDH_2.png,2305456,/BRACS_RoI/latest_version/train/2_UDH/BRACS_1795_UDH_2.png
train,2_UDH,BRACS_1795,UDH,BRACS_1795_UDH_20.png,3120602,/BRACS_RoI/latest_version/train/2_UDH/BRACS_1795_UDH_20.png
train,2_UDH,BRACS_1795,UDH,BRACS_1795_UDH_21.png,408804,/BRACS_RoI/latest_version/train/2_UDH/BRACS_1795_UDH_21.png
train,2_UDH,BRACS_1795,UDH,BRACS_1795_UDH_38.png,1056472,/BRACS_RoI/latest_version/train/2_UDH/BRACS_1795_UDH_38.png
train,2_UDH,BRACS_1795,UDH,BRACS_1795_UDH_39.png,1148914,/BRACS_RoI/latest_version/train/2_UDH/BRACS_1795_UDH_39.png
train,2_UDH,BRACS_1795,UDH,BRACS_1795_UDH_4.png,4222954,/BRACS_RoI/latest_version/train/2_UDH/BRACS_1795_UDH_4.png
train,2_UDH,BRACS_1795,UDH,BRACS_1795_UDH_59.png,15979112,/BRACS_RoI/latest_version/train/2_UDH/BRACS_1795_UDH_59.png
train,2_UDH,BRACS_1795,UDH,BRACS_1795_UDH_60.png,2225922,/BRACS_RoI/latest_version/train/2_UDH/BRACS_1795_UDH_60.png
train,2_UDH,BRACS_1808,UDH,BRACS_1808_UDH_2.png,14550163,/BRACS_RoI/latest_version/train/2_UDH/BRACS_1808_UDH_2.png
train,2_UDH,BRACS_1808,UDH,BRACS_1808_UDH_42.png,1301910,/BRACS_RoI/latest_version/train/2_UDH/BRACS_1808_UDH_42.png
train,2_UDH,BRACS_1808,UDH,BRACS_1808_UDH_63.png,2174775,/BRACS_RoI/latest_version/train/2_UDH/BRACS_1808_UDH_63.png
train,2_UDH,BRACS_1808,UDH,BRACS_1808_UDH_66.png,2220585,/BRACS_RoI/latest_version/train/2_UDH/BRACS_1808_UDH_66.png
train,2_UDH,BRACS_1808,UDH,BRACS_1808_UDH_72.png,6523167,/BRACS_RoI/latest_version/train/2_UDH/BRACS_1808_UDH_72.png
train,2_UDH,BRACS_1808,UDH,BRACS_1808_UDH_77.png,8706878,/BRACS_RoI/latest_version/train/2_UDH/BRACS_1808_UDH_77.png
train,2_UDH,BRACS_1808,UDH,BRACS_1808_UDH_81.png,2092338,/BRACS_RoI/latest_version/train/2_UDH/BRACS_1808_UDH_81.png
train,2_UDH,BRACS_1808,UDH,BRACS_1808_UDH_97.png,3552171,/BRACS_RoI/latest_version/train/2_UDH/BRACS_1808_UDH_97.png
train,2_UDH,BRACS_1810,UDH,BRACS_1810_UDH_11.png,4478067,/BRACS_RoI/latest_version/train/2_UDH/BRACS_1810_UDH_11.png
train,2_UDH,BRACS_1810,UDH,BRACS_1810_UDH_13.png,11057683,/BRACS_RoI/latest_version/train/2_UDH/BRACS_1810_UDH_13.png
train,2_UDH,BRACS_1810,UDH,BRACS_1810_UDH_16.png,21369038,/BRACS_RoI/latest_version/train/2_UDH/BRACS_1810_UDH_16.png
train,2_UDH,BRACS_1810,UDH,BRACS_1810_UDH_19.png,6466664,/BRACS_RoI/latest_version/train/2_UDH/BRACS_1810_UDH_19.png
train,2_UDH,BRACS_1810,UDH,BRACS_1810_UDH_22.png,22978092,/BRACS_RoI/latest_version/train/2_UDH/BRACS_1810_UDH_22.png
train,2_UDH,BRACS_1810,UDH,BRACS_1810_UDH_31.png,2205283,/BRACS_RoI/latest_version/train/2_UDH/BRACS_1810_UDH_31.png
train,2_UDH,BRACS_1810,UDH,BRACS_1810_UDH_36.png,12993711,/BRACS_RoI/latest_version/train/2_UDH/BRACS_1810_UDH_36.png
train,2_UDH,BRACS_1810,UDH,BRACS_1810_UDH_41.png,3075708,/BRACS_RoI/latest_version/train/2_UDH/BRACS_1810_UDH_41.png
train,2_UDH,BRACS_1810,UDH,BRACS_1810_UDH_44.png,11121372,/BRACS_RoI/latest_version/train/2_UDH/BRACS_1810_UDH_44.png
train,2_UDH,BRACS_1810,UDH,BRACS_1810_UDH_47.png,7772867,/BRACS_RoI/latest_version/train/2_UDH/BRACS_1810_UDH_47.png
train,2_UDH,BRACS_1810,UDH,BRACS_1810_UDH_6.png,6658203,/BRACS_RoI/latest_version/train/2_UDH/BRACS_1810_UDH_6.png
train,2_UDH,BRACS_1810,UDH,BRACS_1810_UDH_7.png,6152938,/BRACS_RoI/latest_version/train/2_UDH/BRACS_1810_UDH_7.png
train,2_UDH,BRACS_1810,UDH,BRACS_1810_UDH_9.png,20710878,/BRACS_RoI/latest_version/train/2_UDH/BRACS_1810_UDH_9.png
train,2_UDH,BRACS_1811,UDH,BRACS_1811_UDH_10.png,7451307,/BRACS_RoI/latest_version/train/2_UDH/BRACS_1811_UDH_10.png
train,2_UDH,BRACS_1811,UDH,BRACS_1811_UDH_11.png,3470282,/BRACS_RoI/latest_version/train/2_UDH/BRACS_1811_UDH_11.png
train,2_UDH,BRACS_1811,UDH,BRACS_1811_UDH_14.png,10325577,/BRACS_RoI/latest_version/train/2_UDH/BRACS_1811_UDH_14.png
train,2_UDH,BRACS_1811,UDH,BRACS_1811_UDH_16.png,8061673,/BRACS_RoI/latest_version/train/2_UDH/BRACS_1811_UDH_16.png
train,2_UDH,BRACS_1811,UDH,BRACS_1811_UDH_17.png,7887247,/BRACS_RoI/latest_version/train/2_UDH/BRACS_1811_UDH_17.png
train,2_UDH,BRACS_1811,UDH,BRACS_1811_UDH_19.png,11627276,/BRACS_RoI/latest_version/train/2_UDH/BRACS_1811_UDH_19.png
train,2_UDH,BRACS_1811,UDH,BRACS_1811_UDH_27.png,5767236,/BRACS_RoI/latest_version/train/2_UDH/BRACS_1811_UDH_27.png
train,2_UDH,BRACS_1811,UDH,BRACS_1811_UDH_28.png,5300649,/BRACS_RoI/latest_version/train/2_UDH/BRACS_1811_UDH_28.png
train,2_UDH,BRACS_1811,UDH,BRACS_1811_UDH_3.png,4275179,/BRACS_RoI/latest_version/train/2_UDH/BRACS_1811_UDH_3.png
train,2_UDH,BRACS_1811,UDH,BRACS_1811_UDH_31.png,4323118,/BRACS_RoI/latest_version/train/2_UDH/BRACS_1811_UDH_31.png
train,2_UDH,BRACS_1811,UDH,BRACS_1811_UDH_38.png,7246679,/BRACS_RoI/latest_version/train/2_UDH/BRACS_1811_UDH_38.png
train,2_UDH,BRACS_1811,UDH,BRACS_1811_UDH_7.png,10130191,/BRACS_RoI/latest_version/train/2_UDH/BRACS_1811_UDH_7.png
train,2_UDH,BRACS_1811,UDH,BRACS_1811_UDH_8.png,9830454,/BRACS_RoI/latest_version/train/2_UDH/BRACS_1811_UDH_8.png
train,2_UDH,BRACS_1811,UDH,BRACS_1811_UDH_9.png,8823362,/BRACS_RoI/latest_version/train/2_UDH/BRACS_1811_UDH_9.png
train,2_UDH,BRACS_1816,UDH,BRACS_1816_UDH_1.png,9439760,/BRACS_RoI/latest_version/train/2_UDH/BRACS_1816_UDH_1.png
train,2_UDH,BRACS_1827,UDH,BRACS_1827_UDH_3.png,2924797,/BRACS_RoI/latest_version/train/2_UDH/BRACS_1827_UDH_3.png
train,2_UDH,BRACS_1835,UDH,BRACS_1835_UDH_1.png,3503488,/BRACS_RoI/latest_version/train/2_UDH/BRACS_1835_UDH_1.png
train,2_UDH,BRACS_1837,UDH,BRACS_1837_UDH_1.png,5239736,/BRACS_RoI/latest_version/train/2_UDH/BRACS_1837_UDH_1.png
train,2_UDH,BRACS_1873,UDH,BRACS_1873_UDH_1.png,22669557,/BRACS_RoI/latest_version/train/2_UDH/BRACS_1873_UDH_1.png
train,2_UDH,BRACS_1873,UDH,BRACS_1873_UDH_2.png,3554979,/BRACS_RoI/latest_version/train/2_UDH/BRACS_1873_UDH_2.png
train,2_UDH,BRACS_1875,UDH,BRACS_1875_UDH_1.png,6922592,/BRACS_RoI/latest_version/train/2_UDH/BRACS_1875_UDH_1.png
train,2_UDH,BRACS_1875,UDH,BRACS_1875_UDH_4.png,3987960,/BRACS_RoI/latest_version/train/2_UDH/BRACS_1875_UDH_4.png
train,2_UDH,BRACS_1877,UDH,BRACS_1877_UDH_10.png,4674988,/BRACS_RoI/latest_version/train/2_UDH/BRACS_1877_UDH_10.png
train,2_UDH,BRACS_1877,UDH,BRACS_1877_UDH_17.png,10686891,/BRACS_RoI/latest_version/train/2_UDH/BRACS_1877_UDH_17.png
train,2_UDH,BRACS_1877,UDH,BRACS_1877_UDH_5.png,7127865,/BRACS_RoI/latest_version/train/2_UDH/BRACS_1877_UDH_5.png
train,2_UDH,BRACS_1881,UDH,BRACS_1881_UDH_10.png,2002408,/BRACS_RoI/latest_version/train/2_UDH/BRACS_1881_UDH_10.png
train,2_UDH,BRACS_1881,UDH,BRACS_1881_UDH_13.png,2362958,/BRACS_RoI/latest_version/train/2_UDH/BRACS_1881_UDH_13.png
train,2_UDH,BRACS_1881,UDH,BRACS_1881_UDH_8.png,5869462,/BRACS_RoI/latest_version/train/2_UDH/BRACS_1881_UDH_8.png
train,2_UDH,BRACS_1899,UDH,BRACS_1899_UDH_8.png,2205627,/BRACS_RoI/latest_version/train/2_UDH/BRACS_1899_UDH_8.png
train,2_UDH,BRACS_1903,UDH,BRACS_1903_UDH_4.png,18111862,/BRACS_RoI/latest_version/train/2_UDH/BRACS_1903_UDH_4.png
train,2_UDH,BRACS_1903,UDH,BRACS_1903_UDH_5.png,15558323,/BRACS_RoI/latest_version/train/2_UDH/BRACS_1903_UDH_5.png
train,2_UDH,BRACS_1912,UDH,BRACS_1912_UDH_1.png,5479599,/BRACS_RoI/latest_version/train/2_UDH/BRACS_1912_UDH_1.png
train,2_UDH,BRACS_1912,UDH,BRACS_1912_UDH_2.png,3922455,/BRACS_RoI/latest_version/train/2_UDH/BRACS_1912_UDH_2.png
train,2_UDH,BRACS_1912,UDH,BRACS_1912_UDH_6.png,7634126,/BRACS_RoI/latest_version/train/2_UDH/BRACS_1912_UDH_6.png
train,2_UDH,BRACS_1913,UDH,BRACS_1913_UDH_1.png,3602408,/BRACS_RoI/latest_version/train/2_UDH/BRACS_1913_UDH_1.png
train,2_UDH,BRACS_1913,UDH,BRACS_1913_UDH_2.png,5565850,/BRACS_RoI/latest_version/train/2_UDH/BRACS_1913_UDH_2.png
train,2_UDH,BRACS_1913,UDH,BRACS_1913_UDH_3.png,2797768,/BRACS_RoI/latest_version/train/2_UDH/BRACS_1913_UDH_3.png
train,2_UDH,BRACS_1913,UDH,BRACS_1913_UDH_5.png,1965830,/BRACS_RoI/latest_version/train/2_UDH/BRACS_1913_UDH_5.png
train,2_UDH,BRACS_1913,UDH,BRACS_1913_UDH_6.png,7422176,/BRACS_RoI/latest_version/train/2_UDH/BRACS_1913_UDH_6.png
train,2_UDH,BRACS_1913,UDH,BRACS_1913_UDH_7.png,4122290,/BRACS_RoI/latest_version/train/2_UDH/BRACS_1913_UDH_7.png
train,2_UDH,BRACS_1914,UDH,BRACS_1914_UDH_4.png,671006,/BRACS_RoI/latest_version/train/2_UDH/BRACS_1914_UDH_4.png
train,2_UDH,BRACS_1915,UDH,BRACS_1915_UDH_1.png,973224,/BRACS_RoI/latest_version/train/2_UDH/BRACS_1915_UDH_1.png
train,2_UDH,BRACS_1915,UDH,BRACS_1915_UDH_2.png,2047365,/BRACS_RoI/latest_version/train/2_UDH/BRACS_1915_UDH_2.png
train,2_UDH,BRACS_1915,UDH,BRACS_1915_UDH_3.png,1002667,/BRACS_RoI/latest_version/train/2_UDH/BRACS_1915_UDH_3.png
train,2_UDH,BRACS_1917,UDH,BRACS_1917_UDH_1.png,1330072,/BRACS_RoI/latest_version/train/2_UDH/BRACS_1917_UDH_1.png
train,2_UDH,BRACS_1917,UDH,BRACS_1917_UDH_2.png,5162074,/BRACS_RoI/latest_version/train/2_UDH/BRACS_1917_UDH_2.png
train,2_UDH,BRACS_1918,UDH,BRACS_1918_UDH_11.png,2364834,/BRACS_RoI/latest_version/train/2_UDH/BRACS_1918_UDH_11.png
train,2_UDH,BRACS_1918,UDH,BRACS_1918_UDH_3.png,3651839,/BRACS_RoI/latest_version/train/2_UDH/BRACS_1918_UDH_3.png
train,2_UDH,BRACS_1918,UDH,BRACS_1918_UDH_5.png,4150568,/BRACS_RoI/latest_version/train/2_UDH/BRACS_1918_UDH_5.png
train,2_UDH,BRACS_1918,UDH,BRACS_1918_UDH_8.png,4097538,/BRACS_RoI/latest_version/train/2_UDH/BRACS_1918_UDH_8.png
train,2_UDH,BRACS_1920,UDH,BRACS_1920_UDH_2.png,1947575,/BRACS_RoI/latest_version/train/2_UDH/BRACS_1920_UDH_2.png
train,2_UDH,BRACS_1925,UDH,BRACS_1925_UDH_1.png,16201098,/BRACS_RoI/latest_version/train/2_UDH/BRACS_1925_UDH_1.png
train,2_UDH,BRACS_1925,UDH,BRACS_1925_UDH_5.png,1955897,/BRACS_RoI/latest_version/train/2_UDH/BRACS_1925_UDH_5.png
train,2_UDH,BRACS_1932,UDH,BRACS_1932_UDH_3.png,7027693,/BRACS_RoI/latest_version/train/2_UDH/BRACS_1932_UDH_3.png
train,2_UDH,BRACS_1934,UDH,BRACS_1934_UDH_11.png,3386236,/BRACS_RoI/latest_version/train/2_UDH/BRACS_1934_UDH_11.png
train,2_UDH,BRACS_1934,UDH,BRACS_1934_UDH_16.png,2425900,/BRACS_RoI/latest_version/train/2_UDH/BRACS_1934_UDH_16.png
train,2_UDH,BRACS_1934,UDH,BRACS_1934_UDH_3.png,3864606,/BRACS_RoI/latest_version/train/2_UDH/BRACS_1934_UDH_3.png
train,2_UDH,BRACS_1934,UDH,BRACS_1934_UDH_7.png,2249040,/BRACS_RoI/latest_version/train/2_UDH/BRACS_1934_UDH_7.png
train,2_UDH,BRACS_1946,UDH,BRACS_1946_UDH_1.png,14282817,/BRACS_RoI/latest_version/train/2_UDH/BRACS_1946_UDH_1.png
train,2_UDH,BRACS_1946,UDH,BRACS_1946_UDH_3.png,10434524,/BRACS_RoI/latest_version/train/2_UDH/BRACS_1946_UDH_3.png
train,2_UDH,BRACS_1946,UDH,BRACS_1946_UDH_9.png,10846101,/BRACS_RoI/latest_version/train/2_UDH/BRACS_1946_UDH_9.png
train,2_UDH,BRACS_1949,UDH,BRACS_1949_UDH_1.png,6907460,/BRACS_RoI/latest_version/train/2_UDH/BRACS_1949_UDH_1.png
train,2_UDH,BRACS_1949,UDH,BRACS_1949_UDH_2.png,20471165,/BRACS_RoI/latest_version/train/2_UDH/BRACS_1949_UDH_2.png
train,2_UDH,BRACS_747,UDH,BRACS_747_UDH_37.png,13533844,/BRACS_RoI/latest_version/train/2_UDH/BRACS_747_UDH_37.png
train,2_UDH,BRACS_747,UDH,BRACS_747_UDH_55.png,6294103,/BRACS_RoI/latest_version/train/2_UDH/BRACS_747_UDH_55.png
train,2_UDH,BRACS_747,UDH,BRACS_747_UDH_57.png,2924108,/BRACS_RoI/latest_version/train/2_UDH/BRACS_747_UDH_57.png
train,2_UDH,BRACS_747,UDH,BRACS_747_UDH_64.png,16086950,/BRACS_RoI/latest_version/train/2_UDH/BRACS_747_UDH_64.png
train,2_UDH,BRACS_762,UDH,BRACS_762_UDH_13.png,8475027,/BRACS_RoI/latest_version/train/2_UDH/BRACS_762_UDH_13.png
train,2_UDH,BRACS_762,UDH,BRACS_762_UDH_6.png,1858696,/BRACS_RoI/latest_version/train/2_UDH/BRACS_762_UDH_6.png
train,2_UDH,BRACS_762,UDH,BRACS_762_UDH_7.png,5605219,/BRACS_RoI/latest_version/train/2_UDH/BRACS_762_UDH_7.png
train,2_UDH,BRACS_773,UDH,BRACS_773_UDH_20.png,1247165,/BRACS_RoI/latest_version/train/2_UDH/BRACS_773_UDH_20.png
train,2_UDH,BRACS_773,UDH,BRACS_773_UDH_67.png,1964511,/BRACS_RoI/latest_version/train/2_UDH/BRACS_773_UDH_67.png
train,2_UDH,BRACS_773,UDH,BRACS_773_UDH_68.png,788364,/BRACS_RoI/latest_version/train/2_UDH/BRACS_773_UDH_68.png
train,3_FEA,BRACS_1003693,FEA,BRACS_1003693_FEA_1.png,21760623,/BRACS_RoI/latest_version/train/3_FEA/BRACS_1003693_FEA_1.png
train,3_FEA,BRACS_1231,FEA,BRACS_1231_FEA_33.png,618708,/BRACS_RoI/latest_version/train/3_FEA/BRACS_1231_FEA_33.png
train,3_FEA,BRACS_1231,FEA,BRACS_1231_FEA_7.png,10768523,/BRACS_RoI/latest_version/train/3_FEA/BRACS_1231_FEA_7.png
train,3_FEA,BRACS_1238,FEA,BRACS_1238_FEA_24.png,7061809,/BRACS_RoI/latest_version/train/3_FEA/BRACS_1238_FEA_24.png
train,3_FEA,BRACS_1238,FEA,BRACS_1238_FEA_28.png,2415259,/BRACS_RoI/latest_version/train/3_FEA/BRACS_1238_FEA_28.png
train,3_FEA,BRACS_1238,FEA,BRACS_1238_FEA_56.png,2265783,/BRACS_RoI/latest_version/train/3_FEA/BRACS_1238_FEA_56.png
train,3_FEA,BRACS_1239,FEA,BRACS_1239_FEA_4.png,36581055,/BRACS_RoI/latest_version/train/3_FEA/BRACS_1239_FEA_4.png
train,3_FEA,BRACS_1250,FEA,BRACS_1250_FEA_1.png,16381978,/BRACS_RoI/latest_version/train/3_FEA/BRACS_1250_FEA_1.png
train,3_FEA,BRACS_1250,FEA,BRACS_1250_FEA_4.png,13051703,/BRACS_RoI/latest_version/train/3_FEA/BRACS_1250_FEA_4.png
train,3_FEA,BRACS_1257,FEA,BRACS_1257_FEA_5.png,13978135,/BRACS_RoI/latest_version/train/3_FEA/BRACS_1257_FEA_5.png
train,3_FEA,BRACS_1319,FEA,BRACS_1319_FEA_19.png,13071745,/BRACS_RoI/latest_version/train/3_FEA/BRACS_1319_FEA_19.png
train,3_FEA,BRACS_1484,FEA,BRACS_1484_FEA_1.png,666708,/BRACS_RoI/latest_version/train/3_FEA/BRACS_1484_FEA_1.png
train,3_FEA,BRACS_1484,FEA,BRACS_1484_FEA_11.png,541450,/BRACS_RoI/latest_version/train/3_FEA/BRACS_1484_FEA_11.png
train,3_FEA,BRACS_1484,FEA,BRACS_1484_FEA_14.png,1632304,/BRACS_RoI/latest_version/train/3_FEA/BRACS_1484_FEA_14.png
train,3_FEA,BRACS_1484,FEA,BRACS_1484_FEA_15.png,999286,/BRACS_RoI/latest_version/train/3_FEA/BRACS_1484_FEA_15.png
train,3_FEA,BRACS_1484,FEA,BRACS_1484_FEA_16.png,700053,/BRACS_RoI/latest_version/train/3_FEA/BRACS_1484_FEA_16.png
train,3_FEA,BRACS_1484,FEA,BRACS_1484_FEA_17.png,1366860,/BRACS_RoI/latest_version/train/3_FEA/BRACS_1484_FEA_17.png
train,3_FEA,BRACS_1484,FEA,BRACS_1484_FEA_18.png,791978,/BRACS_RoI/latest_version/train/3_FEA/BRACS_1484_FEA_18.png
train,3_FEA,BRACS_1484,FEA,BRACS_1484_FEA_19.png,1370729,/BRACS_RoI/latest_version/train/3_FEA/BRACS_1484_FEA_19.png
train,3_FEA,BRACS_1484,FEA,BRACS_1484_FEA_2.png,873841,/BRACS_RoI/latest_version/train/3_FEA/BRACS_1484_FEA_2.png
train,3_FEA,BRACS_1484,FEA,BRACS_1484_FEA_24.png,1380183,/BRACS_RoI/latest_version/train/3_FEA/BRACS_1484_FEA_24.png
train,3_FEA,BRACS_1484,FEA,BRACS_1484_FEA_28.png,774137,/BRACS_RoI/latest_version/train/3_FEA/BRACS_1484_FEA_28.png
train,3_FEA,BRACS_1484,FEA,BRACS_1484_FEA_3.png,1587377,/BRACS_RoI/latest_version/train/3_FEA/BRACS_1484_FEA_3.png
train,3_FEA,BRACS_1484,FEA,BRACS_1484_FEA_32.png,1147256,/BRACS_RoI/latest_version/train/3_FEA/BRACS_1484_FEA_32.png
train,3_FEA,BRACS_1484,FEA,BRACS_1484_FEA_4.png,939246,/BRACS_RoI/latest_version/train/3_FEA/BRACS_1484_FEA_4.png
train,3_FEA,BRACS_1484,FEA,BRACS_1484_FEA_40.png,984271,/BRACS_RoI/latest_version/train/3_FEA/BRACS_1484_FEA_40.png
train,3_FEA,BRACS_1484,FEA,BRACS_1484_FEA_42.png,2069003,/BRACS_RoI/latest_version/train/3_FEA/BRACS_1484_FEA_42.png
train,3_FEA,BRACS_1484,FEA,BRACS_1484_FEA_45.png,637605,/BRACS_RoI/latest_version/train/3_FEA/BRACS_1484_FEA_45.png
train,3_FEA,BRACS_1484,FEA,BRACS_1484_FEA_46.png,2029138,/BRACS_RoI/latest_version/train/3_FEA/BRACS_1484_FEA_46.png
train,3_FEA,BRACS_1484,FEA,BRACS_1484_FEA_47.png,1187905,/BRACS_RoI/latest_version/train/3_FEA/BRACS_1484_FEA_47.png
train,3_FEA,BRACS_1484,FEA,BRACS_1484_FEA_48.png,1030657,/BRACS_RoI/latest_version/train/3_FEA/BRACS_1484_FEA_48.png
train,3_FEA,BRACS_1484,FEA,BRACS_1484_FEA_49.png,1762646,/BRACS_RoI/latest_version/train/3_FEA/BRACS_1484_FEA_49.png
train,3_FEA,BRACS_1484,FEA,BRACS_1484_FEA_5.png,1430164,/BRACS_RoI/latest_version/train/3_FEA/BRACS_1484_FEA_5.png
train,3_FEA,BRACS_1484,FEA,BRACS_1484_FEA_50.png,1182440,/BRACS_RoI/latest_version/train/3_FEA/BRACS_1484_FEA_50.png
train,3_FEA,BRACS_1484,FEA,BRACS_1484_FEA_51.png,1094717,/BRACS_RoI/latest_version/train/3_FEA/BRACS_1484_FEA_51.png
train,3_FEA,BRACS_1484,FEA,BRACS_1484_FEA_52.png,1598791,/BRACS_RoI/latest_version/train/3_FEA/BRACS_1484_FEA_52.png
train,3_FEA,BRACS_1484,FEA,BRACS_1484_FEA_6.png,1059548,/BRACS_RoI/latest_version/train/3_FEA/BRACS_1484_FEA_6.png
train,3_FEA,BRACS_1484,FEA,BRACS_1484_FEA_9.png,892494,/BRACS_RoI/latest_version/train/3_FEA/BRACS_1484_FEA_9.png
train,3_FEA,BRACS_1486,FEA,BRACS_1486_FEA_11.png,11135523,/BRACS_RoI/latest_version/train/3_FEA/BRACS_1486_FEA_11.png
train,3_FEA,BRACS_1486,FEA,BRACS_1486_FEA_12.png,41821380,/BRACS_RoI/latest_version/train/3_FEA/BRACS_1486_FEA_12.png
train,3_FEA,BRACS_1486,FEA,BRACS_1486_FEA_4.png,19210970,/BRACS_RoI/latest_version/train/3_FEA/BRACS_1486_FEA_4.png
train,3_FEA,BRACS_1486,FEA,BRACS_1486_FEA_8.png,17795761,/BRACS_RoI/latest_version/train/3_FEA/BRACS_1486_FEA_8.png
train,3_FEA,BRACS_1487,FEA,BRACS_1487_FEA_15.png,1875739,/BRACS_RoI/latest_version/train/3_FEA/BRACS_1487_FEA_15.png
train,3_FEA,BRACS_1487,FEA,BRACS_1487_FEA_16.png,2575543,/BRACS_RoI/latest_version/train/3_FEA/BRACS_1487_FEA_16.png
train,3_FEA,BRACS_1487,FEA,BRACS_1487_FEA_19.png,3333327,/BRACS_RoI/latest_version/train/3_FEA/BRACS_1487_FEA_19.png
train,3_FEA,BRACS_1487,FEA,BRACS_1487_FEA_21.png,4640085,/BRACS_RoI/latest_version/train/3_FEA/BRACS_1487_FEA_21.png
train,3_FEA,BRACS_1487,FEA,BRACS_1487_FEA_22.png,2464441,/BRACS_RoI/latest_version/train/3_FEA/BRACS_1487_FEA_22.png
train,3_FEA,BRACS_1487,FEA,BRACS_1487_FEA_23.png,2974674,/BRACS_RoI/latest_version/train/3_FEA/BRACS_1487_FEA_23.png
train,3_FEA,BRACS_1487,FEA,BRACS_1487_FEA_26.png,2486705,/BRACS_RoI/latest_version/train/3_FEA/BRACS_1487_FEA_26.png
train,3_FEA,BRACS_1487,FEA,BRACS_1487_FEA_6.png,4602649,/BRACS_RoI/latest_version/train/3_FEA/BRACS_1487_FEA_6.png
train,3_FEA,BRACS_1494,FEA,BRACS_1494_FEA_36.png,1388612,/BRACS_RoI/latest_version/train/3_FEA/BRACS_1494_FEA_36.png
train,3_FEA,BRACS_1496,FEA,BRACS_1496_FEA_13.png,3373693,/BRACS_RoI/latest_version/train/3_FEA/BRACS_1496_FEA_13.png
train,3_FEA,BRACS_1506,FEA,BRACS_1506_FEA_11.png,3786859,/BRACS_RoI/latest_version/train/3_FEA/BRACS_1506_FEA_11.png
train,3_FEA,BRACS_1509,FEA,BRACS_1509_FEA_10.png,1726238,/BRACS_RoI/latest_version/train/3_FEA/BRACS_1509_FEA_10.png
train,3_FEA,BRACS_1509,FEA,BRACS_1509_FEA_17.png,5240866,/BRACS_RoI/latest_version/train/3_FEA/BRACS_1509_FEA_17.png
train,3_FEA,BRACS_1509,FEA,BRACS_1509_FEA_21.png,5507224,/BRACS_RoI/latest_version/train/3_FEA/BRACS_1509_FEA_21.png
train,3_FEA,BRACS_1510,FEA,BRACS_1510_FEA_1.png,2203037,/BRACS_RoI/latest_version/train/3_FEA/BRACS_1510_FEA_1.png
train,3_FEA,BRACS_1510,FEA,BRACS_1510_FEA_10.png,2501514,/BRACS_RoI/latest_version/train/3_FEA/BRACS_1510_FEA_10.png
train,3_FEA,BRACS_1510,FEA,BRACS_1510_FEA_11.png,1347984,/BRACS_RoI/latest_version/train/3_FEA/BRACS_1510_FEA_11.png
train,3_FEA,BRACS_1510,FEA,BRACS_1510_FEA_15.png,2823709,/BRACS_RoI/latest_version/train/3_FEA/BRACS_1510_FEA_15.png
train,3_FEA,BRACS_1510,FEA,BRACS_1510_FEA_16.png,1092586,/BRACS_RoI/latest_version/train/3_FEA/BRACS_1510_FEA_16.png
train,3_FEA,BRACS_1510,FEA,BRACS_1510_FEA_18.png,2596228,/BRACS_RoI/latest_version/train/3_FEA/BRACS_1510_FEA_18.png
train,3_FEA,BRACS_1510,FEA,BRACS_1510_FEA_19.png,3966423,/BRACS_RoI/latest_version/train/3_FEA/BRACS_1510_FEA_19.png
train,3_FEA,BRACS_1510,FEA,BRACS_1510_FEA_20.png,2285638,/BRACS_RoI/latest_version/train/3_FEA/BRACS_1510_FEA_20.png
train,3_FEA,BRACS_1510,FEA,BRACS_1510_FEA_22.png,6696864,/BRACS_RoI/latest_version/train/3_FEA/BRACS_1510_FEA_22.png
train,3_FEA,BRACS_1510,FEA,BRACS_1510_FEA_23.png,1766622,/BRACS_RoI/latest_version/train/3_FEA/BRACS_1510_FEA_23.png
train,3_FEA,BRACS_1510,FEA,BRACS_1510_FEA_3.png,3193907,/BRACS_RoI/latest_version/train/3_FEA/BRACS_1510_FEA_3.png
train,3_FEA,BRACS_1510,FEA,BRACS_1510_FEA_4.png,1284800,/BRACS_RoI/latest_version/train/3_FEA/BRACS_1510_FEA_4.png
train,3_FEA,BRACS_1510,FEA,BRACS_1510_FEA_6.png,1420174,/BRACS_RoI/latest_version/train/3_FEA/BRACS_1510_FEA_6.png
train,3_FEA,BRACS_1510,FEA,BRACS_1510_FEA_7.png,3686799,/BRACS_RoI/latest_version/train/3_FEA/BRACS_1510_FEA_7.png
train,3_FEA,BRACS_1510,FEA,BRACS_1510_FEA_9.png,3845588,/BRACS_RoI/latest_version/train/3_FEA/BRACS_1510_FEA_9.png
train,3_FEA,BRACS_1771,FEA,BRACS_1771_FEA_1.png,1902048,/BRACS_RoI/latest_version/train/3_FEA/BRACS_1771_FEA_1.png
train,3_FEA,BRACS_1771,FEA,BRACS_1771_FEA_10.png,1418127,/BRACS_RoI/latest_version/train/3_FEA/BRACS_1771_FEA_10.png
train,3_FEA,BRACS_1771,FEA,BRACS_1771_FEA_100.png,601557,/BRACS_RoI/latest_version/train/3_FEA/BRACS_1771_FEA_100.png
train,3_FEA,BRACS_1771,FEA,BRACS_1771_FEA_101.png,2201614,/BRACS_RoI/latest_version/train/3_FEA/BRACS_1771_FEA_101.png
train,3_FEA,BRACS_1771,FEA,BRACS_1771_FEA_11.png,3353458,/BRACS_RoI/latest_version/train/3_FEA/BRACS_1771_FEA_11.png
train,3_FEA,BRACS_1771,FEA,BRACS_1771_FEA_12.png,1389751,/BRACS_RoI/latest_version/train/3_FEA/BRACS_1771_FEA_12.png
train,3_FEA,BRACS_1771,FEA,BRACS_1771_FEA_13.png,2936472,/BRACS_RoI/latest_version/train/3_FEA/BRACS_1771_FEA_13.png
train,3_FEA,BRACS_1771,FEA,BRACS_1771_FEA_14.png,1914097,/BRACS_RoI/latest_version/train/3_FEA/BRACS_1771_FEA_14.png
train,3_FEA,BRACS_1771,FEA,BRACS_1771_FEA_15.png,3095839,/BRACS_RoI/latest_version/train/3_FEA/BRACS_1771_FEA_15.png
train,3_FEA,BRACS_1771,FEA,BRACS_1771_FEA_16.png,3974457,/BRACS_RoI/latest_version/train/3_FEA/BRACS_1771_FEA_16.png
train,3_FEA,BRACS_1771,FEA,BRACS_1771_FEA_17.png,1463976,/BRACS_RoI/latest_version/train/3_FEA/BRACS_1771_FEA_17.png
train,3_FEA,BRACS_1771,FEA,BRACS_1771_FEA_18.png,2789460,/BRACS_RoI/latest_version/train/3_FEA/BRACS_1771_FEA_18.png
train,3_FEA,BRACS_1771,FEA,BRACS_1771_FEA_19.png,4258408,/BRACS_RoI/latest_version/train/3_FEA/BRACS_1771_FEA_19.png
train,3_FEA,BRACS_1771,FEA,BRACS_1771_FEA_2.png,4373530,/BRACS_RoI/latest_version/train/3_FEA/BRACS_1771_FEA_2.png
train,3_FEA,BRACS_1771,FEA,BRACS_1771_FEA_20.png,2696821,/BRACS_RoI/latest_version/train/3_FEA/BRACS_1771_FEA_20.png
train,3_FEA,BRACS_1771,FEA,BRACS_1771_FEA_21.png,4206951,/BRACS_RoI/latest_version/train/3_FEA/BRACS_1771_FEA_21.png
train,3_FEA,BRACS_1771,FEA,BRACS_1771_FEA_22.png,2146809,/BRACS_RoI/latest_version/train/3_FEA/BRACS_1771_FEA_22.png
train,3_FEA,BRACS_1771,FEA,BRACS_1771_FEA_23.png,1724985,/BRACS_RoI/latest_version/train/3_FEA/BRACS_1771_FEA_23.png
train,3_FEA,BRACS_1771,FEA,BRACS_1771_FEA_24.png,1798164,/BRACS_RoI/latest_version/train/3_FEA/BRACS_1771_FEA_24.png
train,3_FEA,BRACS_1771,FEA,BRACS_1771_FEA_25.png,3664327,/BRACS_RoI/latest_version/train/3_FEA/BRACS_1771_FEA_25.png
train,3_FEA,BRACS_1771,FEA,BRACS_1771_FEA_26.png,2148084,/BRACS_RoI/latest_version/train/3_FEA/BRACS_1771_FEA_26.png
train,3_FEA,BRACS_1771,FEA,BRACS_1771_FEA_27.png,2543492,/BRACS_RoI/latest_version/train/3_FEA/BRACS_1771_FEA_27.png
train,3_FEA,BRACS_1771,FEA,BRACS_1771_FEA_28.png,2525938,/BRACS_RoI/latest_version/train/3_FEA/BRACS_1771_FEA_28.png
train,3_FEA,BRACS_1771,FEA,BRACS_1771_FEA_29.png,2244288,/BRACS_RoI/latest_version/train/3_FEA/BRACS_1771_FEA_29.png
train,3_FEA,BRACS_1771,FEA,BRACS_1771_FEA_3.png,5131237,/BRACS_RoI/latest_version/train/3_FEA/BRACS_1771_FEA_3.png
train,3_FEA,BRACS_1771,FEA,BRACS_1771_FEA_30.png,1601113,/BRACS_RoI/latest_version/train/3_FEA/BRACS_1771_FEA_30.png
train,3_FEA,BRACS_1771,FEA,BRACS_1771_FEA_31.png,3116202,/BRACS_RoI/latest_version/train/3_FEA/BRACS_1771_FEA_31.png
train,3_FEA,BRACS_1771,FEA,BRACS_1771_FEA_32.png,2612164,/BRACS_RoI/latest_version/train/3_FEA/BRACS_1771_FEA_32.png
train,3_FEA,BRACS_1771,FEA,BRACS_1771_FEA_33.png,3568516,/BRACS_RoI/latest_version/train/3_FEA/BRACS_1771_FEA_33.png
train,3_FEA,BRACS_1771,FEA,BRACS_1771_FEA_34.png,1623598,/BRACS_RoI/latest_version/train/3_FEA/BRACS_1771_FEA_34.png
train,3_FEA,BRACS_1771,FEA,BRACS_1771_FEA_35.png,3110369,/BRACS_RoI/latest_version/train/3_FEA/BRACS_1771_FEA_35.png
train,3_FEA,BRACS_1771,FEA,BRACS_1771_FEA_36.png,1394589,/BRACS_RoI/latest_version/train/3_FEA/BRACS_1771_FEA_36.png
train,3_FEA,BRACS_1771,FEA,BRACS_1771_FEA_37.png,2480914,/BRACS_RoI/latest_version/train/3_FEA/BRACS_1771_FEA_37.png
train,3_FEA,BRACS_1771,FEA,BRACS_1771_FEA_38.png,4380137,/BRACS_RoI/latest_version/train/3_FEA/BRACS_1771_FEA_38.png
train,3_FEA,BRACS_1771,FEA,BRACS_1771_FEA_39.png,3518172,/BRACS_RoI/latest_version/train/3_FEA/BRACS_1771_FEA_39.png
train,3_FEA,BRACS_1771,FEA,BRACS_1771_FEA_4.png,2873171,/BRACS_RoI/latest_version/train/3_FEA/BRACS_1771_FEA_4.png
train,3_FEA,BRACS_1771,FEA,BRACS_1771_FEA_40.png,2068881,/BRACS_RoI/latest_version/train/3_FEA/BRACS_1771_FEA_40.png
train,3_FEA,BRACS_1771,FEA,BRACS_1771_FEA_41.png,1278847,/BRACS_RoI/latest_version/train/3_FEA/BRACS_1771_FEA_41.png
train,3_FEA,BRACS_1771,FEA,BRACS_1771_FEA_42.png,6844098,/BRACS_RoI/latest_version/train/3_FEA/BRACS_1771_FEA_42.png
train,3_FEA,BRACS_1771,FEA,BRACS_1771_FEA_43.png,2829181,/BRACS_RoI/latest_version/train/3_FEA/BRACS_1771_FEA_43.png
train,3_FEA,BRACS_1771,FEA,BRACS_1771_FEA_44.png,3326558,/BRACS_RoI/latest_version/train/3_FEA/BRACS_1771_FEA_44.png
train,3_FEA,BRACS_1771,FEA,BRACS_1771_FEA_45.png,2532662,/BRACS_RoI/latest_version/train/3_FEA/BRACS_1771_FEA_45.png
train,3_FEA,BRACS_1771,FEA,BRACS_1771_FEA_46.png,1566399,/BRACS_RoI/latest_version/train/3_FEA/BRACS_1771_FEA_46.png
train,3_FEA,BRACS_1771,FEA,BRACS_1771_FEA_47.png,2141874,/BRACS_RoI/latest_version/train/3_FEA/BRACS_1771_FEA_47.png
train,3_FEA,BRACS_1771,FEA,BRACS_1771_FEA_48.png,2892024,/BRACS_RoI/latest_version/train/3_FEA/BRACS_1771_FEA_48.png
train,3_FEA,BRACS_1771,FEA,BRACS_1771_FEA_49.png,2663303,/BRACS_RoI/latest_version/train/3_FEA/BRACS_1771_FEA_49.png
train,3_FEA,BRACS_1771,FEA,BRACS_1771_FEA_5.png,2417657,/BRACS_RoI/latest_version/train/3_FEA/BRACS_1771_FEA_5.png
train,3_FEA,BRACS_1771,FEA,BRACS_1771_FEA_50.png,2094641,/BRACS_RoI/latest_version/train/3_FEA/BRACS_1771_FEA_50.png
train,3_FEA,BRACS_1771,FEA,BRACS_1771_FEA_51.png,3556194,/BRACS_RoI/latest_version/train/3_FEA/BRACS_1771_FEA_51.png
train,3_FEA,BRACS_1771,FEA,BRACS_1771_FEA_52.png,2515965,/BRACS_RoI/latest_version/train/3_FEA/BRACS_1771_FEA_52.png
train,3_FEA,BRACS_1771,FEA,BRACS_1771_FEA_53.png,2039349,/BRACS_RoI/latest_version/train/3_FEA/BRACS_1771_FEA_53.png
train,3_FEA,BRACS_1771,FEA,BRACS_1771_FEA_54.png,2076985,/BRACS_RoI/latest_version/train/3_FEA/BRACS_1771_FEA_54.png
train,3_FEA,BRACS_1771,FEA,BRACS_1771_FEA_55.png,2215994,/BRACS_RoI/latest_version/train/3_FEA/BRACS_1771_FEA_55.png
train,3_FEA,BRACS_1771,FEA,BRACS_1771_FEA_57.png,1798796,/BRACS_RoI/latest_version/train/3_FEA/BRACS_1771_FEA_57.png
train,3_FEA,BRACS_1771,FEA,BRACS_1771_FEA_58.png,8335772,/BRACS_RoI/latest_version/train/3_FEA/BRACS_1771_FEA_58.png
train,3_FEA,BRACS_1771,FEA,BRACS_1771_FEA_59.png,2467705,/BRACS_RoI/latest_version/train/3_FEA/BRACS_1771_FEA_59.png
train,3_FEA,BRACS_1771,FEA,BRACS_1771_FEA_6.png,2848646,/BRACS_RoI/latest_version/train/3_FEA/BRACS_1771_FEA_6.png
train,3_FEA,BRACS_1771,FEA,BRACS_1771_FEA_60.png,1079515,/BRACS_RoI/latest_version/train/3_FEA/BRACS_1771_FEA_60.png
train,3_FEA,BRACS_1771,FEA,BRACS_1771_FEA_61.png,2059662,/BRACS_RoI/latest_version/train/3_FEA/BRACS_1771_FEA_61.png
train,3_FEA,BRACS_1771,FEA,BRACS_1771_FEA_62.png,3901512,/BRACS_RoI/latest_version/train/3_FEA/BRACS_1771_FEA_62.png
train,3_FEA,BRACS_1771,FEA,BRACS_1771_FEA_63.png,3321943,/BRACS_RoI/latest_version/train/3_FEA/BRACS_1771_FEA_63.png
train,3_FEA,BRACS_1771,FEA,BRACS_1771_FEA_64.png,1510863,/BRACS_RoI/latest_version/train/3_FEA/BRACS_1771_FEA_64.png
train,3_FEA,BRACS_1771,FEA,BRACS_1771_FEA_65.png,4211936,/BRACS_RoI/latest_version/train/3_FEA/BRACS_1771_FEA_65.png
train,3_FEA,BRACS_1771,FEA,BRACS_1771_FEA_66.png,4372056,/BRACS_RoI/latest_version/train/3_FEA/BRACS_1771_FEA_66.png
train,3_FEA,BRACS_1771,FEA,BRACS_1771_FEA_67.png,3155173,/BRACS_RoI/latest_version/train/3_FEA/BRACS_1771_FEA_67.png
train,3_FEA,BRACS_1771,FEA,BRACS_1771_FEA_68.png,1562969,/BRACS_RoI/latest_version/train/3_FEA/BRACS_1771_FEA_68.png
train,3_FEA,BRACS_1771,FEA,BRACS_1771_FEA_69.png,2331806,/BRACS_RoI/latest_version/train/3_FEA/BRACS_1771_FEA_69.png
train,3_FEA,BRACS_1771,FEA,BRACS_1771_FEA_7.png,3720527,/BRACS_RoI/latest_version/train/3_FEA/BRACS_1771_FEA_7.png
train,3_FEA,BRACS_1771,FEA,BRACS_1771_FEA_70.png,895576,/BRACS_RoI/latest_version/train/3_FEA/BRACS_1771_FEA_70.png
train,3_FEA,BRACS_1771,FEA,BRACS_1771_FEA_71.png,4775873,/BRACS_RoI/latest_version/train/3_FEA/BRACS_1771_FEA_71.png
train,3_FEA,BRACS_1771,FEA,BRACS_1771_FEA_72.png,2344572,/BRACS_RoI/latest_version/train/3_FEA/BRACS_1771_FEA_72.png
train,3_FEA,BRACS_1771,FEA,BRACS_1771_FEA_73.png,2001636,/BRACS_RoI/latest_version/train/3_FEA/BRACS_1771_FEA_73.png
train,3_FEA,BRACS_1771,FEA,BRACS_1771_FEA_74.png,1873459,/BRACS_RoI/latest_version/train/3_FEA/BRACS_1771_FEA_74.png
train,3_FEA,BRACS_1771,FEA,BRACS_1771_FEA_75.png,2388338,/BRACS_RoI/latest_version/train/3_FEA/BRACS_1771_FEA_75.png
train,3_FEA,BRACS_1771,FEA,BRACS_1771_FEA_76.png,1225844,/BRACS_RoI/latest_version/train/3_FEA/BRACS_1771_FEA_76.png
train,3_FEA,BRACS_1771,FEA,BRACS_1771_FEA_77.png,1174877,/BRACS_RoI/latest_version/train/3_FEA/BRACS_1771_FEA_77.png
train,3_FEA,BRACS_1771,FEA,BRACS_1771_FEA_78.png,4729959,/BRACS_RoI/latest_version/train/3_FEA/BRACS_1771_FEA_78.png
train,3_FEA,BRACS_1771,FEA,BRACS_1771_FEA_79.png,847315,/BRACS_RoI/latest_version/train/3_FEA/BRACS_1771_FEA_79.png
train,3_FEA,BRACS_1771,FEA,BRACS_1771_FEA_8.png,5160781,/BRACS_RoI/latest_version/train/3_FEA/BRACS_1771_FEA_8.png
train,3_FEA,BRACS_1771,FEA,BRACS_1771_FEA_81.png,1380128,/BRACS_RoI/latest_version/train/3_FEA/BRACS_1771_FEA_81.png
train,3_FEA,BRACS_1771,FEA,BRACS_1771_FEA_82.png,1264206,/BRACS_RoI/latest_version/train/3_FEA/BRACS_1771_FEA_82.png
train,3_FEA,BRACS_1771,FEA,BRACS_1771_FEA_83.png,2966724,/BRACS_RoI/latest_version/train/3_FEA/BRACS_1771_FEA_83.png
train,3_FEA,BRACS_1771,FEA,BRACS_1771_FEA_84.png,3061641,/BRACS_RoI/latest_version/train/3_FEA/BRACS_1771_FEA_84.png
train,3_FEA,BRACS_1771,FEA,BRACS_1771_FEA_85.png,2919166,/BRACS_RoI/latest_version/train/3_FEA/BRACS_1771_FEA_85.png
train,3_FEA,BRACS_1771,FEA,BRACS_1771_FEA_86.png,2105245,/BRACS_RoI/latest_version/train/3_FEA/BRACS_1771_FEA_86.png
train,3_FEA,BRACS_1771,FEA,BRACS_1771_FEA_87.png,2772482,/BRACS_RoI/latest_version/train/3_FEA/BRACS_1771_FEA_87.png
train,3_FEA,BRACS_1771,FEA,BRACS_1771_FEA_88.png,2333131,/BRACS_RoI/latest_version/train/3_FEA/BRACS_1771_FEA_88.png
train,3_FEA,BRACS_1771,FEA,BRACS_1771_FEA_89.png,3712545,/BRACS_RoI/latest_version/train/3_FEA/BRACS_1771_FEA_89.png
train,3_FEA,BRACS_1771,FEA,BRACS_1771_FEA_9.png,5073534,/BRACS_RoI/latest_version/train/3_FEA/BRACS_1771_FEA_9.png
train,3_FEA,BRACS_1771,FEA,BRACS_1771_FEA_90.png,2059782,/BRACS_RoI/latest_version/train/3_FEA/BRACS_1771_FEA_90.png
train,3_FEA,BRACS_1771,FEA,BRACS_1771_FEA_91.png,3184009,/BRACS_RoI/latest_version/train/3_FEA/BRACS_1771_FEA_91.png
train,3_FEA,BRACS_1771,FEA,BRACS_1771_FEA_92.png,2848051,/BRACS_RoI/latest_version/train/3_FEA/BRACS_1771_FEA_92.png
train,3_FEA,BRACS_1771,FEA,BRACS_1771_FEA_93.png,4582774,/BRACS_RoI/latest_version/train/3_FEA/BRACS_1771_FEA_93.png
train,3_FEA,BRACS_1771,FEA,BRACS_1771_FEA_94.png,2299771,/BRACS_RoI/latest_version/train/3_FEA/BRACS_1771_FEA_94.png
train,3_FEA,BRACS_1771,FEA,BRACS_1771_FEA_95.png,1344396,/BRACS_RoI/latest_version/train/3_FEA/BRACS_1771_FEA_95.png
train,3_FEA,BRACS_1771,FEA,BRACS_1771_FEA_96.png,4032275,/BRACS_RoI/latest_version/train/3_FEA/BRACS_1771_FEA_96.png
train,3_FEA,BRACS_1771,FEA,BRACS_1771_FEA_97.png,2649390,/BRACS_RoI/latest_version/train/3_FEA/BRACS_1771_FEA_97.png
train,3_FEA,BRACS_1771,FEA,BRACS_1771_FEA_98.png,2093840,/BRACS_RoI/latest_version/train/3_FEA/BRACS_1771_FEA_98.png
train,3_FEA,BRACS_1771,FEA,BRACS_1771_FEA_99.png,1545209,/BRACS_RoI/latest_version/train/3_FEA/BRACS_1771_FEA_99.png
train,3_FEA,BRACS_1773,FEA,BRACS_1773_FEA_1.png,2310723,/BRACS_RoI/latest_version/train/3_FEA/BRACS_1773_FEA_1.png
train,3_FEA,BRACS_1773,FEA,BRACS_1773_FEA_10.png,8196536,/BRACS_RoI/latest_version/train/3_FEA/BRACS_1773_FEA_10.png
train,3_FEA,BRACS_1773,FEA,BRACS_1773_FEA_11.png,9538239,/BRACS_RoI/latest_version/train/3_FEA/BRACS_1773_FEA_11.png
train,3_FEA,BRACS_1773,FEA,BRACS_1773_FEA_12.png,7348366,/BRACS_RoI/latest_version/train/3_FEA/BRACS_1773_FEA_12.png
train,3_FEA,BRACS_1773,FEA,BRACS_1773_FEA_14.png,4488642,/BRACS_RoI/latest_version/train/3_FEA/BRACS_1773_FEA_14.png
train,3_FEA,BRACS_1773,FEA,BRACS_1773_FEA_15.png,1253718,/BRACS_RoI/latest_version/train/3_FEA/BRACS_1773_FEA_15.png
train,3_FEA,BRACS_1773,FEA,BRACS_1773_FEA_2.png,9618233,/BRACS_RoI/latest_version/train/3_FEA/BRACS_1773_FEA_2.png
train,3_FEA,BRACS_1773,FEA,BRACS_1773_FEA_3.png,2099463,/BRACS_RoI/latest_version/train/3_FEA/BRACS_1773_FEA_3.png
train,3_FEA,BRACS_1773,FEA,BRACS_1773_FEA_6.png,3322086,/BRACS_RoI/latest_version/train/3_FEA/BRACS_1773_FEA_6.png
train,3_FEA,BRACS_1773,FEA,BRACS_1773_FEA_7.png,1979144,/BRACS_RoI/latest_version/train/3_FEA/BRACS_1773_FEA_7.png
train,3_FEA,BRACS_1773,FEA,BRACS_1773_FEA_8.png,2905016,/BRACS_RoI/latest_version/train/3_FEA/BRACS_1773_FEA_8.png
train,3_FEA,BRACS_1773,FEA,BRACS_1773_FEA_9.png,2511244,/BRACS_RoI/latest_version/train/3_FEA/BRACS_1773_FEA_9.png
train,3_FEA,BRACS_1774,FEA,BRACS_1774_FEA_1.png,1747992,/BRACS_RoI/latest_version/train/3_FEA/BRACS_1774_FEA_1.png
train,3_FEA,BRACS_1774,FEA,BRACS_1774_FEA_12.png,1354972,/BRACS_RoI/latest_version/train/3_FEA/BRACS_1774_FEA_12.png
train,3_FEA,BRACS_1774,FEA,BRACS_1774_FEA_2.png,1297383,/BRACS_RoI/latest_version/train/3_FEA/BRACS_1774_FEA_2.png
train,3_FEA,BRACS_1774,FEA,BRACS_1774_FEA_4.png,1481512,/BRACS_RoI/latest_version/train/3_FEA/BRACS_1774_FEA_4.png
train,3_FEA,BRACS_1774,FEA,BRACS_1774_FEA_5.png,3270716,/BRACS_RoI/latest_version/train/3_FEA/BRACS_1774_FEA_5.png
train,3_FEA,BRACS_1774,FEA,BRACS_1774_FEA_6.png,3997260,/BRACS_RoI/latest_version/train/3_FEA/BRACS_1774_FEA_6.png
train,3_FEA,BRACS_1774,FEA,BRACS_1774_FEA_7.png,2531392,/BRACS_RoI/latest_version/train/3_FEA/BRACS_1774_FEA_7.png
train,3_FEA,BRACS_1774,FEA,BRACS_1774_FEA_9.png,1932376,/BRACS_RoI/latest_version/train/3_FEA/BRACS_1774_FEA_9.png
train,3_FEA,BRACS_1775,FEA,BRACS_1775_FEA_1.png,1490606,/BRACS_RoI/latest_version/train/3_FEA/BRACS_1775_FEA_1.png
train,3_FEA,BRACS_1775,FEA,BRACS_1775_FEA_2.png,1969764,/BRACS_RoI/latest_version/train/3_FEA/BRACS_1775_FEA_2.png
train,3_FEA,BRACS_1775,FEA,BRACS_1775_FEA_3.png,3333011,/BRACS_RoI/latest_version/train/3_FEA/BRACS_1775_FEA_3.png
train,3_FEA,BRACS_1775,FEA,BRACS_1775_FEA_6.png,2605899,/BRACS_RoI/latest_version/train/3_FEA/BRACS_1775_FEA_6.png
train,3_FEA,BRACS_1777,FEA,BRACS_1777_FEA_2.png,505226,/BRACS_RoI/latest_version/train/3_FEA/BRACS_1777_FEA_2.png
train,3_FEA,BRACS_1777,FEA,BRACS_1777_FEA_3.png,2233619,/BRACS_RoI/latest_version/train/3_FEA/BRACS_1777_FEA_3.png
train,3_FEA,BRACS_1777,FEA,BRACS_1777_FEA_4.png,971241,/BRACS_RoI/latest_version/train/3_FEA/BRACS_1777_FEA_4.png
train,3_FEA,BRACS_1777,FEA,BRACS_1777_FEA_5.png,967570,/BRACS_RoI/latest_version/train/3_FEA/BRACS_1777_FEA_5.png
train,3_FEA,BRACS_1777,FEA,BRACS_1777_FEA_6.png,436560,/BRACS_RoI/latest_version/train/3_FEA/BRACS_1777_FEA_6.png
train,3_FEA,BRACS_1778,FEA,BRACS_1778_FEA_2.png,556322,/BRACS_RoI/latest_version/train/3_FEA/BRACS_1778_FEA_2.png
train,3_FEA,BRACS_1778,FEA,BRACS_1778_FEA_4.png,516851,/BRACS_RoI/latest_version/train/3_FEA/BRACS_1778_FEA_4.png
train,3_FEA,BRACS_1779,FEA,BRACS_1779_FEA_13.png,9266802,/BRACS_RoI/latest_version/train/3_FEA/BRACS_1779_FEA_13.png
train,3_FEA,BRACS_1779,FEA,BRACS_1779_FEA_14.png,8663082,/BRACS_RoI/latest_version/train/3_FEA/BRACS_1779_FEA_14.png
train,3_FEA,BRACS_1779,FEA,BRACS_1779_FEA_6.png,10272188,/BRACS_RoI/latest_version/train/3_FEA/BRACS_1779_FEA_6.png
train,3_FEA,BRACS_1788,FEA,BRACS_1788_FEA_3.png,7749471,/BRACS_RoI/latest_version/train/3_FEA/BRACS_1788_FEA_3.png
train,3_FEA,BRACS_1795,FEA,BRACS_1795_FEA_1.png,6831089,/BRACS_RoI/latest_version/train/3_FEA/BRACS_1795_FEA_1.png
train,3_FEA,BRACS_1795,FEA,BRACS_1795_FEA_10.png,3863600,/BRACS_RoI/latest_version/train/3_FEA/BRACS_1795_FEA_10.png
train,3_FEA,BRACS_1795,FEA,BRACS_1795_FEA_11.png,2098195,/BRACS_RoI/latest_version/train/3_FEA/BRACS_1795_FEA_11.png
train,3_FEA,BRACS_1795,FEA,BRACS_1795_FEA_12.png,3801536,/BRACS_RoI/latest_version/train/3_FEA/BRACS_1795_FEA_12.png
train,3_FEA,BRACS_1795,FEA,BRACS_1795_FEA_14.png,4278078,/BRACS_RoI/latest_version/train/3_FEA/BRACS_1795_FEA_14.png
train,3_FEA,BRACS_1795,FEA,BRACS_1795_FEA_15.png,1491301,/BRACS_RoI/latest_version/train/3_FEA/BRACS_1795_FEA_15.png
train,3_FEA,BRACS_1795,FEA,BRACS_1795_FEA_16.png,821917,/BRACS_RoI/latest_version/train/3_FEA/BRACS_1795_FEA_16.png
train,3_FEA,BRACS_1795,FEA,BRACS_1795_FEA_17.png,2069352,/BRACS_RoI/latest_version/train/3_FEA/BRACS_1795_FEA_17.png
train,3_FEA,BRACS_1795,FEA,BRACS_1795_FEA_18.png,1081281,/BRACS_RoI/latest_version/train/3_FEA/BRACS_1795_FEA_18.png
train,3_FEA,BRACS_1795,FEA,BRACS_1795_FEA_23.png,2660956,/BRACS_RoI/latest_version/train/3_FEA/BRACS_1795_FEA_23.png
train,3_FEA,BRACS_1795,FEA,BRACS_1795_FEA_24.png,2164123,/BRACS_RoI/latest_version/train/3_FEA/BRACS_1795_FEA_24.png
train,3_FEA,BRACS_1795,FEA,BRACS_1795_FEA_25.png,4027519,/BRACS_RoI/latest_version/train/3_FEA/BRACS_1795_FEA_25.png
train,3_FEA,BRACS_1795,FEA,BRACS_1795_FEA_29.png,2991504,/BRACS_RoI/latest_version/train/3_FEA/BRACS_1795_FEA_29.png
train,3_FEA,BRACS_1795,FEA,BRACS_1795_FEA_31.png,1670265,/BRACS_RoI/latest_version/train/3_FEA/BRACS_1795_FEA_31.png
train,3_FEA,BRACS_1795,FEA,BRACS_1795_FEA_32.png,1336155,/BRACS_RoI/latest_version/train/3_FEA/BRACS_1795_FEA_32.png
train,3_FEA,BRACS_1795,FEA,BRACS_1795_FEA_34.png,4012831,/BRACS_RoI/latest_version/train/3_FEA/BRACS_1795_FEA_34.png
train,3_FEA,BRACS_1795,FEA,BRACS_1795_FEA_36.png,5975082,/BRACS_RoI/latest_version/train/3_FEA/BRACS_1795_FEA_36.png
train,3_FEA,BRACS_1795,FEA,BRACS_1795_FEA_43.png,2181926,/BRACS_RoI/latest_version/train/3_FEA/BRACS_1795_FEA_43.png
train,3_FEA,BRACS_1795,FEA,BRACS_1795_FEA_44.png,868095,/BRACS_RoI/latest_version/train/3_FEA/BRACS_1795_FEA_44.png
train,3_FEA,BRACS_1795,FEA,BRACS_1795_FEA_45.png,1797511,/BRACS_RoI/latest_version/train/3_FEA/BRACS_1795_FEA_45.png
train,3_FEA,BRACS_1795,FEA,BRACS_1795_FEA_46.png,2671540,/BRACS_RoI/latest_version/train/3_FEA/BRACS_1795_FEA_46.png
train,3_FEA,BRACS_1795,FEA,BRACS_1795_FEA_47.png,5042718,/BRACS_RoI/latest_version/train/3_FEA/BRACS_1795_FEA_47.png
train,3_FEA,BRACS_1795,FEA,BRACS_1795_FEA_5.png,1442187,/BRACS_RoI/latest_version/train/3_FEA/BRACS_1795_FEA_5.png
train,3_FEA,BRACS_1795,FEA,BRACS_1795_FEA_50.png,997600,/BRACS_RoI/latest_version/train/3_FEA/BRACS_1795_FEA_50.png
train,3_FEA,BRACS_1795,FEA,BRACS_1795_FEA_51.png,1571799,/BRACS_RoI/latest_version/train/3_FEA/BRACS_1795_FEA_51.png
train,3_FEA,BRACS_1795,FEA,BRACS_1795_FEA_53.png,4997410,/BRACS_RoI/latest_version/train/3_FEA/BRACS_1795_FEA_53.png
train,3_FEA,BRACS_1795,FEA,BRACS_1795_FEA_54.png,953716,/BRACS_RoI/latest_version/train/3_FEA/BRACS_1795_FEA_54.png
train,3_FEA,BRACS_1795,FEA,BRACS_1795_FEA_55.png,2858039,/BRACS_RoI/latest_version/train/3_FEA/BRACS_1795_FEA_55.png
train,3_FEA,BRACS_1795,FEA,BRACS_1795_FEA_6.png,1266113,/BRACS_RoI/latest_version/train/3_FEA/BRACS_1795_FEA_6.png
train,3_FEA,BRACS_1795,FEA,BRACS_1795_FEA_61.png,1951721,/BRACS_RoI/latest_version/train/3_FEA/BRACS_1795_FEA_61.png
train,3_FEA,BRACS_1795,FEA,BRACS_1795_FEA_62.png,1485063,/BRACS_RoI/latest_version/train/3_FEA/BRACS_1795_FEA_62.png
train,3_FEA,BRACS_1795,FEA,BRACS_1795_FEA_7.png,4377520,/BRACS_RoI/latest_version/train/3_FEA/BRACS_1795_FEA_7.png
train,3_FEA,BRACS_1795,FEA,BRACS_1795_FEA_8.png,1053548,/BRACS_RoI/latest_version/train/3_FEA/BRACS_1795_FEA_8.png
train,3_FEA,BRACS_1795,FEA,BRACS_1795_FEA_9.png,1594456,/BRACS_RoI/latest_version/train/3_FEA/BRACS_1795_FEA_9.png
train,3_FEA,BRACS_1808,FEA,BRACS_1808_FEA_1.png,2594904,/BRACS_RoI/latest_version/train/3_FEA/BRACS_1808_FEA_1.png
train,3_FEA,BRACS_1808,FEA,BRACS_1808_FEA_10.png,1342463,/BRACS_RoI/latest_version/train/3_FEA/BRACS_1808_FEA_10.png
train,3_FEA,BRACS_1808,FEA,BRACS_1808_FEA_13.png,2719009,/BRACS_RoI/latest_version/train/3_FEA/BRACS_1808_FEA_13.png
train,3_FEA,BRACS_1808,FEA,BRACS_1808_FEA_15.png,3426740,/BRACS_RoI/latest_version/train/3_FEA/BRACS_1808_FEA_15.png
train,3_FEA,BRACS_1808,FEA,BRACS_1808_FEA_16.png,1794995,/BRACS_RoI/latest_version/train/3_FEA/BRACS_1808_FEA_16.png
train,3_FEA,BRACS_1808,FEA,BRACS_1808_FEA_18.png,2341134,/BRACS_RoI/latest_version/train/3_FEA/BRACS_1808_FEA_18.png
train,3_FEA,BRACS_1808,FEA,BRACS_1808_FEA_19.png,1920242,/BRACS_RoI/latest_version/train/3_FEA/BRACS_1808_FEA_19.png
train,3_FEA,BRACS_1808,FEA,BRACS_1808_FEA_20.png,2376833,/BRACS_RoI/latest_version/train/3_FEA/BRACS_1808_FEA_20.png
train,3_FEA,BRACS_1808,FEA,BRACS_1808_FEA_22.png,2060909,/BRACS_RoI/latest_version/train/3_FEA/BRACS_1808_FEA_22.png
train,3_FEA,BRACS_1808,FEA,BRACS_1808_FEA_23.png,974863,/BRACS_RoI/latest_version/train/3_FEA/BRACS_1808_FEA_23.png
train,3_FEA,BRACS_1808,FEA,BRACS_1808_FEA_25.png,3205959,/BRACS_RoI/latest_version/train/3_FEA/BRACS_1808_FEA_25.png
train,3_FEA,BRACS_1808,FEA,BRACS_1808_FEA_26.png,2803741,/BRACS_RoI/latest_version/train/3_FEA/BRACS_1808_FEA_26.png
train,3_FEA,BRACS_1808,FEA,BRACS_1808_FEA_27.png,1491334,/BRACS_RoI/latest_version/train/3_FEA/BRACS_1808_FEA_27.png
train,3_FEA,BRACS_1808,FEA,BRACS_1808_FEA_28.png,2433438,/BRACS_RoI/latest_version/train/3_FEA/BRACS_1808_FEA_28.png
train,3_FEA,BRACS_1808,FEA,BRACS_1808_FEA_29.png,1252663,/BRACS_RoI/latest_version/train/3_FEA/BRACS_1808_FEA_29.png
train,3_FEA,BRACS_1808,FEA,BRACS_1808_FEA_3.png,2767677,/BRACS_RoI/latest_version/train/3_FEA/BRACS_1808_FEA_3.png
train,3_FEA,BRACS_1808,FEA,BRACS_1808_FEA_30.png,2162023,/BRACS_RoI/latest_version/train/3_FEA/BRACS_1808_FEA_30.png
train,3_FEA,BRACS_1808,FEA,BRACS_1808_FEA_31.png,1966405,/BRACS_RoI/latest_version/train/3_FEA/BRACS_1808_FEA_31.png
train,3_FEA,BRACS_1808,FEA,BRACS_1808_FEA_32.png,5241818,/BRACS_RoI/latest_version/train/3_FEA/BRACS_1808_FEA_32.png
train,3_FEA,BRACS_1808,FEA,BRACS_1808_FEA_33.png,1782660,/BRACS_RoI/latest_version/train/3_FEA/BRACS_1808_FEA_33.png
train,3_FEA,BRACS_1808,FEA,BRACS_1808_FEA_34.png,2441054,/BRACS_RoI/latest_version/train/3_FEA/BRACS_1808_FEA_34.png
train,3_FEA,BRACS_1808,FEA,BRACS_1808_FEA_35.png,2494779,/BRACS_RoI/latest_version/train/3_FEA/BRACS_1808_FEA_35.png
train,3_FEA,BRACS_1808,FEA,BRACS_1808_FEA_36.png,1608792,/BRACS_RoI/latest_version/train/3_FEA/BRACS_1808_FEA_36.png
train,3_FEA,BRACS_1808,FEA,BRACS_1808_FEA_38.png,1231622,/BRACS_RoI/latest_version/train/3_FEA/BRACS_1808_FEA_38.png
train,3_FEA,BRACS_1808,FEA,BRACS_1808_FEA_4.png,6417793,/BRACS_RoI/latest_version/train/3_FEA/BRACS_1808_FEA_4.png
train,3_FEA,BRACS_1808,FEA,BRACS_1808_FEA_40.png,3766336,/BRACS_RoI/latest_version/train/3_FEA/BRACS_1808_FEA_40.png
train,3_FEA,BRACS_1808,FEA,BRACS_1808_FEA_43.png,1688104,/BRACS_RoI/latest_version/train/3_FEA/BRACS_1808_FEA_43.png
train,3_FEA,BRACS_1808,FEA,BRACS_1808_FEA_44.png,3209336,/BRACS_RoI/latest_version/train/3_FEA/BRACS_1808_FEA_44.png
train,3_FEA,BRACS_1808,FEA,BRACS_1808_FEA_45.png,1729259,/BRACS_RoI/latest_version/train/3_FEA/BRACS_1808_FEA_45.png
train,3_FEA,BRACS_1808,FEA,BRACS_1808_FEA_46.png,2403132,/BRACS_RoI/latest_version/train/3_FEA/BRACS_1808_FEA_46.png
train,3_FEA,BRACS_1808,FEA,BRACS_1808_FEA_47.png,798583,/BRACS_RoI/latest_version/train/3_FEA/BRACS_1808_FEA_47.png
train,3_FEA,BRACS_1808,FEA,BRACS_1808_FEA_49.png,1685949,/BRACS_RoI/latest_version/train/3_FEA/BRACS_1808_FEA_49.png
train,3_FEA,BRACS_1808,FEA,BRACS_1808_FEA_5.png,2998669,/BRACS_RoI/latest_version/train/3_FEA/BRACS_1808_FEA_5.png
train,3_FEA,BRACS_1808,FEA,BRACS_1808_FEA_50.png,7342916,/BRACS_RoI/latest_version/train/3_FEA/BRACS_1808_FEA_50.png
train,3_FEA,BRACS_1808,FEA,BRACS_1808_FEA_53.png,1259369,/BRACS_RoI/latest_version/train/3_FEA/BRACS_1808_FEA_53.png
train,3_FEA,BRACS_1808,FEA,BRACS_1808_FEA_54.png,3665696,/BRACS_RoI/latest_version/train/3_FEA/BRACS_1808_FEA_54.png
train,3_FEA,BRACS_1808,FEA,BRACS_1808_FEA_55.png,1926845,/BRACS_RoI/latest_version/train/3_FEA/BRACS_1808_FEA_55.png
train,3_FEA,BRACS_1808,FEA,BRACS_1808_FEA_56.png,1876366,/BRACS_RoI/latest_version/train/3_FEA/BRACS_1808_FEA_56.png
train,3_FEA,BRACS_1808,FEA,BRACS_1808_FEA_58.png,6044404,/BRACS_RoI/latest_version/train/3_FEA/BRACS_1808_FEA_58.png
train,3_FEA,BRACS_1808,FEA,BRACS_1808_FEA_59.png,4824018,/BRACS_RoI/latest_version/train/3_FEA/BRACS_1808_FEA_59.png
train,3_FEA,BRACS_1808,FEA,BRACS_1808_FEA_60.png,2096713,/BRACS_RoI/latest_version/train/3_FEA/BRACS_1808_FEA_60.png
train,3_FEA,BRACS_1808,FEA,BRACS_1808_FEA_61.png,1948811,/BRACS_RoI/latest_version/train/3_FEA/BRACS_1808_FEA_61.png
train,3_FEA,BRACS_1808,FEA,BRACS_1808_FEA_62.png,1522758,/BRACS_RoI/latest_version/train/3_FEA/BRACS_1808_FEA_62.png
train,3_FEA,BRACS_1808,FEA,BRACS_1808_FEA_64.png,3498401,/BRACS_RoI/latest_version/train/3_FEA/BRACS_1808_FEA_64.png
train,3_FEA,BRACS_1808,FEA,BRACS_1808_FEA_65.png,2047445,/BRACS_RoI/latest_version/train/3_FEA/BRACS_1808_FEA_65.png
train,3_FEA,BRACS_1808,FEA,BRACS_1808_FEA_68.png,1908490,/BRACS_RoI/latest_version/train/3_FEA/BRACS_1808_FEA_68.png
train,3_FEA,BRACS_1808,FEA,BRACS_1808_FEA_69.png,5789370,/BRACS_RoI/latest_version/train/3_FEA/BRACS_1808_FEA_69.png
train,3_FEA,BRACS_1808,FEA,BRACS_1808_FEA_7.png,1669285,/BRACS_RoI/latest_version/train/3_FEA/BRACS_1808_FEA_7.png
train,3_FEA,BRACS_1808,FEA,BRACS_1808_FEA_70.png,1726431,/BRACS_RoI/latest_version/train/3_FEA/BRACS_1808_FEA_70.png
train,3_FEA,BRACS_1808,FEA,BRACS_1808_FEA_71.png,3141615,/BRACS_RoI/latest_version/train/3_FEA/BRACS_1808_FEA_71.png
train,3_FEA,BRACS_1808,FEA,BRACS_1808_FEA_73.png,1885346,/BRACS_RoI/latest_version/train/3_FEA/BRACS_1808_FEA_73.png
train,3_FEA,BRACS_1808,FEA,BRACS_1808_FEA_74.png,1157080,/BRACS_RoI/latest_version/train/3_FEA/BRACS_1808_FEA_74.png
train,3_FEA,BRACS_1808,FEA,BRACS_1808_FEA_76.png,1515123,/BRACS_RoI/latest_version/train/3_FEA/BRACS_1808_FEA_76.png
train,3_FEA,BRACS_1808,FEA,BRACS_1808_FEA_79.png,2615543,/BRACS_RoI/latest_version/train/3_FEA/BRACS_1808_FEA_79.png
train,3_FEA,BRACS_1808,FEA,BRACS_1808_FEA_8.png,2863679,/BRACS_RoI/latest_version/train/3_FEA/BRACS_1808_FEA_8.png
train,3_FEA,BRACS_1808,FEA,BRACS_1808_FEA_83.png,1913637,/BRACS_RoI/latest_version/train/3_FEA/BRACS_1808_FEA_83.png
train,3_FEA,BRACS_1808,FEA,BRACS_1808_FEA_84.png,2081681,/BRACS_RoI/latest_version/train/3_FEA/BRACS_1808_FEA_84.png
train,3_FEA,BRACS_1808,FEA,BRACS_1808_FEA_85.png,4269752,/BRACS_RoI/latest_version/train/3_FEA/BRACS_1808_FEA_85.png
train,3_FEA,BRACS_1808,FEA,BRACS_1808_FEA_86.png,4542206,/BRACS_RoI/latest_version/train/3_FEA/BRACS_1808_FEA_86.png
train,3_FEA,BRACS_1808,FEA,BRACS_1808_FEA_87.png,5176467,/BRACS_RoI/latest_version/train/3_FEA/BRACS_1808_FEA_87.png
train,3_FEA,BRACS_1808,FEA,BRACS_1808_FEA_88.png,4085660,/BRACS_RoI/latest_version/train/3_FEA/BRACS_1808_FEA_88.png
train,3_FEA,BRACS_1808,FEA,BRACS_1808_FEA_89.png,1373117,/BRACS_RoI/latest_version/train/3_FEA/BRACS_1808_FEA_89.png
train,3_FEA,BRACS_1808,FEA,BRACS_1808_FEA_90.png,1200666,/BRACS_RoI/latest_version/train/3_FEA/BRACS_1808_FEA_90.png
train,3_FEA,BRACS_1808,FEA,BRACS_1808_FEA_91.png,3802147,/BRACS_RoI/latest_version/train/3_FEA/BRACS_1808_FEA_91.png
train,3_FEA,BRACS_1808,FEA,BRACS_1808_FEA_92.png,4304824,/BRACS_RoI/latest_version/train/3_FEA/BRACS_1808_FEA_92.png
train,3_FEA,BRACS_1808,FEA,BRACS_1808_FEA_93.png,1864443,/BRACS_RoI/latest_version/train/3_FEA/BRACS_1808_FEA_93.png
train,3_FEA,BRACS_1808,FEA,BRACS_1808_FEA_94.png,2267760,/BRACS_RoI/latest_version/train/3_FEA/BRACS_1808_FEA_94.png
train,3_FEA,BRACS_1808,FEA,BRACS_1808_FEA_96.png,2711757,/BRACS_RoI/latest_version/train/3_FEA/BRACS_1808_FEA_96.png
train,3_FEA,BRACS_1810,FEA,BRACS_1810_FEA_1.png,4043361,/BRACS_RoI/latest_version/train/3_FEA/BRACS_1810_FEA_1.png
train,3_FEA,BRACS_1810,FEA,BRACS_1810_FEA_10.png,3054380,/BRACS_RoI/latest_version/train/3_FEA/BRACS_1810_FEA_10.png
train,3_FEA,BRACS_1810,FEA,BRACS_1810_FEA_12.png,2599314,/BRACS_RoI/latest_version/train/3_FEA/BRACS_1810_FEA_12.png
train,3_FEA,BRACS_1810,FEA,BRACS_1810_FEA_14.png,7563691,/BRACS_RoI/latest_version/train/3_FEA/BRACS_1810_FEA_14.png
train,3_FEA,BRACS_1810,FEA,BRACS_1810_FEA_15.png,2306952,/BRACS_RoI/latest_version/train/3_FEA/BRACS_1810_FEA_15.png
train,3_FEA,BRACS_1810,FEA,BRACS_1810_FEA_17.png,4949525,/BRACS_RoI/latest_version/train/3_FEA/BRACS_1810_FEA_17.png
train,3_FEA,BRACS_1810,FEA,BRACS_1810_FEA_18.png,887985,/BRACS_RoI/latest_version/train/3_FEA/BRACS_1810_FEA_18.png
train,3_FEA,BRACS_1810,FEA,BRACS_1810_FEA_2.png,1111349,/BRACS_RoI/latest_version/train/3_FEA/BRACS_1810_FEA_2.png
train,3_FEA,BRACS_1810,FEA,BRACS_1810_FEA_23.png,1808394,/BRACS_RoI/latest_version/train/3_FEA/BRACS_1810_FEA_23.png
train,3_FEA,BRACS_1810,FEA,BRACS_1810_FEA_24.png,4453018,/BRACS_RoI/latest_version/train/3_FEA/BRACS_1810_FEA_24.png
train,3_FEA,BRACS_1810,FEA,BRACS_1810_FEA_25.png,4017098,/BRACS_RoI/latest_version/train/3_FEA/BRACS_1810_FEA_25.png
train,3_FEA,BRACS_1810,FEA,BRACS_1810_FEA_26.png,5776593,/BRACS_RoI/latest_version/train/3_FEA/BRACS_1810_FEA_26.png
train,3_FEA,BRACS_1810,FEA,BRACS_1810_FEA_27.png,6449666,/BRACS_RoI/latest_version/train/3_FEA/BRACS_1810_FEA_27.png
train,3_FEA,BRACS_1810,FEA,BRACS_1810_FEA_29.png,2097940,/BRACS_RoI/latest_version/train/3_FEA/BRACS_1810_FEA_29.png
train,3_FEA,BRACS_1810,FEA,BRACS_1810_FEA_3.png,2785911,/BRACS_RoI/latest_version/train/3_FEA/BRACS_1810_FEA_3.png
train,3_FEA,BRACS_1810,FEA,BRACS_1810_FEA_30.png,3728139,/BRACS_RoI/latest_version/train/3_FEA/BRACS_1810_FEA_30.png
train,3_FEA,BRACS_1810,FEA,BRACS_1810_FEA_33.png,2546780,/BRACS_RoI/latest_version/train/3_FEA/BRACS_1810_FEA_33.png
train,3_FEA,BRACS_1810,FEA,BRACS_1810_FEA_34.png,3158752,/BRACS_RoI/latest_version/train/3_FEA/BRACS_1810_FEA_34.png
train,3_FEA,BRACS_1810,FEA,BRACS_1810_FEA_35.png,4164014,/BRACS_RoI/latest_version/train/3_FEA/BRACS_1810_FEA_35.png
train,3_FEA,BRACS_1810,FEA,BRACS_1810_FEA_38.png,5157115,/BRACS_RoI/latest_version/train/3_FEA/BRACS_1810_FEA_38.png
train,3_FEA,BRACS_1810,FEA,BRACS_1810_FEA_39.png,3260055,/BRACS_RoI/latest_version/train/3_FEA/BRACS_1810_FEA_39.png
train,3_FEA,BRACS_1810,FEA,BRACS_1810_FEA_42.png,2107481,/BRACS_RoI/latest_version/train/3_FEA/BRACS_1810_FEA_42.png
train,3_FEA,BRACS_1810,FEA,BRACS_1810_FEA_43.png,1834601,/BRACS_RoI/latest_version/train/3_FEA/BRACS_1810_FEA_43.png
train,3_FEA,BRACS_1810,FEA,BRACS_1810_FEA_45.png,1983433,/BRACS_RoI/latest_version/train/3_FEA/BRACS_1810_FEA_45.png
train,3_FEA,BRACS_1810,FEA,BRACS_1810_FEA_46.png,1163191,/BRACS_RoI/latest_version/train/3_FEA/BRACS_1810_FEA_46.png
train,3_FEA,BRACS_1810,FEA,BRACS_1810_FEA_5.png,4451807,/BRACS_RoI/latest_version/train/3_FEA/BRACS_1810_FEA_5.png
train,3_FEA,BRACS_1810,FEA,BRACS_1810_FEA_50.png,3740543,/BRACS_RoI/latest_version/train/3_FEA/BRACS_1810_FEA_50.png
train,3_FEA,BRACS_1810,FEA,BRACS_1810_FEA_51.png,1729793,/BRACS_RoI/latest_version/train/3_FEA/BRACS_1810_FEA_51.png
train,3_FEA,BRACS_1810,FEA,BRACS_1810_FEA_52.png,2544950,/BRACS_RoI/latest_version/train/3_FEA/BRACS_1810_FEA_52.png
train,3_FEA,BRACS_1810,FEA,BRACS_1810_FEA_54.png,7896283,/BRACS_RoI/latest_version/train/3_FEA/BRACS_1810_FEA_54.png
train,3_FEA,BRACS_1810,FEA,BRACS_1810_FEA_55.png,5927877,/BRACS_RoI/latest_version/train/3_FEA/BRACS_1810_FEA_55.png
train,3_FEA,BRACS_1810,FEA,BRACS_1810_FEA_57.png,10955680,/BRACS_RoI/latest_version/train/3_FEA/BRACS_1810_FEA_57.png
train,3_FEA,BRACS_1810,FEA,BRACS_1810_FEA_58.png,4500797,/BRACS_RoI/latest_version/train/3_FEA/BRACS_1810_FEA_58.png
train,3_FEA,BRACS_1810,FEA,BRACS_1810_FEA_59.png,6261933,/BRACS_RoI/latest_version/train/3_FEA/BRACS_1810_FEA_59.png
train,3_FEA,BRACS_1810,FEA,BRACS_1810_FEA_60.png,3893684,/BRACS_RoI/latest_version/train/3_FEA/BRACS_1810_FEA_60.png
train,3_FEA,BRACS_1810,FEA,BRACS_1810_FEA_63.png,2020190,/BRACS_RoI/latest_version/train/3_FEA/BRACS_1810_FEA_63.png
train,3_FEA,BRACS_1810,FEA,BRACS_1810_FEA_64.png,1999094,/BRACS_RoI/latest_version/train/3_FEA/BRACS_1810_FEA_64.png
train,3_FEA,BRACS_1810,FEA,BRACS_1810_FEA_65.png,2177243,/BRACS_RoI/latest_version/train/3_FEA/BRACS_1810_FEA_65.png
train,3_FEA,BRACS_1810,FEA,BRACS_1810_FEA_8.png,4006257,/BRACS_RoI/latest_version/train/3_FEA/BRACS_1810_FEA_8.png
train,3_FEA,BRACS_1811,FEA,BRACS_1811_FEA_1.png,3591045,/BRACS_RoI/latest_version/train/3_FEA/BRACS_1811_FEA_1.png
train,3_FEA,BRACS_1811,FEA,BRACS_1811_FEA_13.png,2178284,/BRACS_RoI/latest_version/train/3_FEA/BRACS_1811_FEA_13.png
train,3_FEA,BRACS_1811,FEA,BRACS_1811_FEA_18.png,1619550,/BRACS_RoI/latest_version/train/3_FEA/BRACS_1811_FEA_18.png
train,3_FEA,BRACS_1811,FEA,BRACS_1811_FEA_20.png,1488376,/BRACS_RoI/latest_version/train/3_FEA/BRACS_1811_FEA_20.png
train,3_FEA,BRACS_1811,FEA,BRACS_1811_FEA_24.png,3437915,/BRACS_RoI/latest_version/train/3_FEA/BRACS_1811_FEA_24.png
train,3_FEA,BRACS_1811,FEA,BRACS_1811_FEA_25.png,1246992,/BRACS_RoI/latest_version/train/3_FEA/BRACS_1811_FEA_25.png
train,3_FEA,BRACS_1811,FEA,BRACS_1811_FEA_33.png,6286098,/BRACS_RoI/latest_version/train/3_FEA/BRACS_1811_FEA_33.png
train,3_FEA,BRACS_1811,FEA,BRACS_1811_FEA_34.png,1141328,/BRACS_RoI/latest_version/train/3_FEA/BRACS_1811_FEA_34.png
train,3_FEA,BRACS_1811,FEA,BRACS_1811_FEA_35.png,1747625,/BRACS_RoI/latest_version/train/3_FEA/BRACS_1811_FEA_35.png
train,3_FEA,BRACS_1811,FEA,BRACS_1811_FEA_37.png,3701555,/BRACS_RoI/latest_version/train/3_FEA/BRACS_1811_FEA_37.png
train,3_FEA,BRACS_1811,FEA,BRACS_1811_FEA_5.png,7790435,/BRACS_RoI/latest_version/train/3_FEA/BRACS_1811_FEA_5.png
train,3_FEA,BRACS_1811,FEA,BRACS_1811_FEA_6.png,8573049,/BRACS_RoI/latest_version/train/3_FEA/BRACS_1811_FEA_6.png
train,3_FEA,BRACS_1812,FEA,BRACS_1812_FEA_2.png,25176194,/BRACS_RoI/latest_version/train/3_FEA/BRACS_1812_FEA_2.png
train,3_FEA,BRACS_1815,FEA,BRACS_1815_FEA_1.png,3187067,/BRACS_RoI/latest_version/train/3_FEA/BRACS_1815_FEA_1.png
train,3_FEA,BRACS_1815,FEA,BRACS_1815_FEA_3.png,4799711,/BRACS_RoI/latest_version/train/3_FEA/BRACS_1815_FEA_3.png
train,3_FEA,BRACS_1815,FEA,BRACS_1815_FEA_4.png,8249359,/BRACS_RoI/latest_version/train/3_FEA/BRACS_1815_FEA_4.png
train,3_FEA,BRACS_1815,FEA,BRACS_1815_FEA_5.png,16211248,/BRACS_RoI/latest_version/train/3_FEA/BRACS_1815_FEA_5.png
train,3_FEA,BRACS_1815,FEA,BRACS_1815_FEA_6.png,5742637,/BRACS_RoI/latest_version/train/3_FEA/BRACS_1815_FEA_6.png
train,3_FEA,BRACS_1827,FEA,BRACS_1827_FEA_2.png,2461882,/BRACS_RoI/latest_version/train/3_FEA/BRACS_1827_FEA_2.png
train,3_FEA,BRACS_1827,FEA,BRACS_1827_FEA_4.png,2488670,/BRACS_RoI/latest_version/train/3_FEA/BRACS_1827_FEA_4.png
train,3_FEA,BRACS_1827,FEA,BRACS_1827_FEA_5.png,3355079,/BRACS_RoI/latest_version/train/3_FEA/BRACS_1827_FEA_5.png
train,3_FEA,BRACS_1827,FEA,BRACS_1827_FEA_6.png,4611467,/BRACS_RoI/latest_version/train/3_FEA/BRACS_1827_FEA_6.png
train,3_FEA,BRACS_1827,FEA,BRACS_1827_FEA_7.png,2376687,/BRACS_RoI/latest_version/train/3_FEA/BRACS_1827_FEA_7.png
train,3_FEA,BRACS_1827,FEA,BRACS_1827_FEA_8.png,4259937,/BRACS_RoI/latest_version/train/3_FEA/BRACS_1827_FEA_8.png
train,3_FEA,BRACS_1828,FEA,BRACS_1828_FEA_1.png,1536793,/BRACS_RoI/latest_version/train/3_FEA/BRACS_1828_FEA_1.png
train,3_FEA,BRACS_1828,FEA,BRACS_1828_FEA_2.png,746214,/BRACS_RoI/latest_version/train/3_FEA/BRACS_1828_FEA_2.png
train,3_FEA,BRACS_1829,FEA,BRACS_1829_FEA_1.png,8231167,/BRACS_RoI/latest_version/train/3_FEA/BRACS_1829_FEA_1.png
train,3_FEA,BRACS_1829,FEA,BRACS_1829_FEA_3.png,4464068,/BRACS_RoI/latest_version/train/3_FEA/BRACS_1829_FEA_3.png
train,3_FEA,BRACS_1829,FEA,BRACS_1829_FEA_4.png,5256111,/BRACS_RoI/latest_version/train/3_FEA/BRACS_1829_FEA_4.png
train,3_FEA,BRACS_1829,FEA,BRACS_1829_FEA_5.png,4054577,/BRACS_RoI/latest_version/train/3_FEA/BRACS_1829_FEA_5.png
train,3_FEA,BRACS_1830,FEA,BRACS_1830_FEA_1.png,4943793,/BRACS_RoI/latest_version/train/3_FEA/BRACS_1830_FEA_1.png
train,3_FEA,BRACS_1830,FEA,BRACS_1830_FEA_2.png,1876201,/BRACS_RoI/latest_version/train/3_FEA/BRACS_1830_FEA_2.png
train,3_FEA,BRACS_1830,FEA,BRACS_1830_FEA_3.png,3620940,/BRACS_RoI/latest_version/train/3_FEA/BRACS_1830_FEA_3.png
train,3_FEA,BRACS_1830,FEA,BRACS_1830_FEA_4.png,4815436,/BRACS_RoI/latest_version/train/3_FEA/BRACS_1830_FEA_4.png
train,3_FEA,BRACS_1830,FEA,BRACS_1830_FEA_5.png,1653906,/BRACS_RoI/latest_version/train/3_FEA/BRACS_1830_FEA_5.png
train,3_FEA,BRACS_1830,FEA,BRACS_1830_FEA_6.png,6547156,/BRACS_RoI/latest_version/train/3_FEA/BRACS_1830_FEA_6.png
train,3_FEA,BRACS_1830,FEA,BRACS_1830_FEA_7.png,2566635,/BRACS_RoI/latest_version/train/3_FEA/BRACS_1830_FEA_7.png
train,3_FEA,BRACS_1830,FEA,BRACS_1830_FEA_8.png,3494675,/BRACS_RoI/latest_version/train/3_FEA/BRACS_1830_FEA_8.png
train,3_FEA,BRACS_1831,FEA,BRACS_1831_FEA_2.png,3546667,/BRACS_RoI/latest_version/train/3_FEA/BRACS_1831_FEA_2.png
train,3_FEA,BRACS_1831,FEA,BRACS_1831_FEA_3.png,5257324,/BRACS_RoI/latest_version/train/3_FEA/BRACS_1831_FEA_3.png
train,3_FEA,BRACS_1838,FEA,BRACS_1838_FEA_1.png,1709159,/BRACS_RoI/latest_version/train/3_FEA/BRACS_1838_FEA_1.png
train,3_FEA,BRACS_1838,FEA,BRACS_1838_FEA_3.png,1346218,/BRACS_RoI/latest_version/train/3_FEA/BRACS_1838_FEA_3.png
train,3_FEA,BRACS_1838,FEA,BRACS_1838_FEA_4.png,2326537,/BRACS_RoI/latest_version/train/3_FEA/BRACS_1838_FEA_4.png
train,3_FEA,BRACS_1838,FEA,BRACS_1838_FEA_5.png,1704304,/BRACS_RoI/latest_version/train/3_FEA/BRACS_1838_FEA_5.png
train,3_FEA,BRACS_1857,FEA,BRACS_1857_FEA_3.png,3798806,/BRACS_RoI/latest_version/train/3_FEA/BRACS_1857_FEA_3.png
train,3_FEA,BRACS_1857,FEA,BRACS_1857_FEA_4.png,4145564,/BRACS_RoI/latest_version/train/3_FEA/BRACS_1857_FEA_4.png
train,3_FEA,BRACS_1858,FEA,BRACS_1858_FEA_3.png,2790444,/BRACS_RoI/latest_version/train/3_FEA/BRACS_1858_FEA_3.png
train,3_FEA,BRACS_1858,FEA,BRACS_1858_FEA_4.png,7611106,/BRACS_RoI/latest_version/train/3_FEA/BRACS_1858_FEA_4.png
train,3_FEA,BRACS_1858,FEA,BRACS_1858_FEA_5.png,1558966,/BRACS_RoI/latest_version/train/3_FEA/BRACS_1858_FEA_5.png
train,3_FEA,BRACS_1858,FEA,BRACS_1858_FEA_6.png,8930353,/BRACS_RoI/latest_version/train/3_FEA/BRACS_1858_FEA_6.png
train,3_FEA,BRACS_1860,FEA,BRACS_1860_FEA_1.png,7384031,/BRACS_RoI/latest_version/train/3_FEA/BRACS_1860_FEA_1.png
train,3_FEA,BRACS_1860,FEA,BRACS_1860_FEA_10.png,4586323,/BRACS_RoI/latest_version/train/3_FEA/BRACS_1860_FEA_10.png
train,3_FEA,BRACS_1860,FEA,BRACS_1860_FEA_2.png,8027992,/BRACS_RoI/latest_version/train/3_FEA/BRACS_1860_FEA_2.png
train,3_FEA,BRACS_1860,FEA,BRACS_1860_FEA_3.png,8760976,/BRACS_RoI/latest_version/train/3_FEA/BRACS_1860_FEA_3.png
train,3_FEA,BRACS_1860,FEA,BRACS_1860_FEA_4.png,6221097,/BRACS_RoI/latest_version/train/3_FEA/BRACS_1860_FEA_4.png
train,3_FEA,BRACS_1860,FEA,BRACS_1860_FEA_5.png,5122385,/BRACS_RoI/latest_version/train/3_FEA/BRACS_1860_FEA_5.png
train,3_FEA,BRACS_1860,FEA,BRACS_1860_FEA_6.png,9717826,/BRACS_RoI/latest_version/train/3_FEA/BRACS_1860_FEA_6.png
train,3_FEA,BRACS_1860,FEA,BRACS_1860_FEA_7.png,4814723,/BRACS_RoI/latest_version/train/3_FEA/BRACS_1860_FEA_7.png
train,3_FEA,BRACS_1860,FEA,BRACS_1860_FEA_9.png,4931063,/BRACS_RoI/latest_version/train/3_FEA/BRACS_1860_FEA_9.png
train,3_FEA,BRACS_1861,FEA,BRACS_1861_FEA_2.png,5291726,/BRACS_RoI/latest_version/train/3_FEA/BRACS_1861_FEA_2.png
train,3_FEA,BRACS_1861,FEA,BRACS_1861_FEA_3.png,8723053,/BRACS_RoI/latest_version/train/3_FEA/BRACS_1861_FEA_3.png
train,3_FEA,BRACS_1861,FEA,BRACS_1861_FEA_4.png,6250862,/BRACS_RoI/latest_version/train/3_FEA/BRACS_1861_FEA_4.png
train,3_FEA,BRACS_1861,FEA,BRACS_1861_FEA_9.png,3339042,/BRACS_RoI/latest_version/train/3_FEA/BRACS_1861_FEA_9.png
train,3_FEA,BRACS_1862,FEA,BRACS_1862_FEA_1.png,4141545,/BRACS_RoI/latest_version/train/3_FEA/BRACS_1862_FEA_1.png
train,3_FEA,BRACS_1862,FEA,BRACS_1862_FEA_10.png,10568021,/BRACS_RoI/latest_version/train/3_FEA/BRACS_1862_FEA_10.png
train,3_FEA,BRACS_1862,FEA,BRACS_1862_FEA_13.png,5002744,/BRACS_RoI/latest_version/train/3_FEA/BRACS_1862_FEA_13.png
train,3_FEA,BRACS_1862,FEA,BRACS_1862_FEA_14.png,12369886,/BRACS_RoI/latest_version/train/3_FEA/BRACS_1862_FEA_14.png
train,3_FEA,BRACS_1862,FEA,BRACS_1862_FEA_15.png,8798661,/BRACS_RoI/latest_version/train/3_FEA/BRACS_1862_FEA_15.png
train,3_FEA,BRACS_1862,FEA,BRACS_1862_FEA_16.png,5028095,/BRACS_RoI/latest_version/train/3_FEA/BRACS_1862_FEA_16.png
train,3_FEA,BRACS_1862,FEA,BRACS_1862_FEA_2.png,2686892,/BRACS_RoI/latest_version/train/3_FEA/BRACS_1862_FEA_2.png
train,3_FEA,BRACS_1862,FEA,BRACS_1862_FEA_3.png,5016698,/BRACS_RoI/latest_version/train/3_FEA/BRACS_1862_FEA_3.png
train,3_FEA,BRACS_1862,FEA,BRACS_1862_FEA_5.png,3917507,/BRACS_RoI/latest_version/train/3_FEA/BRACS_1862_FEA_5.png
train,3_FEA,BRACS_1862,FEA,BRACS_1862_FEA_6.png,2600462,/BRACS_RoI/latest_version/train/3_FEA/BRACS_1862_FEA_6.png
train,3_FEA,BRACS_1862,FEA,BRACS_1862_FEA_7.png,4823736,/BRACS_RoI/latest_version/train/3_FEA/BRACS_1862_FEA_7.png
train,3_FEA,BRACS_1862,FEA,BRACS_1862_FEA_8.png,23482326,/BRACS_RoI/latest_version/train/3_FEA/BRACS_1862_FEA_8.png
train,3_FEA,BRACS_1862,FEA,BRACS_1862_FEA_9.png,4105694,/BRACS_RoI/latest_version/train/3_FEA/BRACS_1862_FEA_9.png
train,3_FEA,BRACS_1863,FEA,BRACS_1863_FEA_1.png,3600457,/BRACS_RoI/latest_version/train/3_FEA/BRACS_1863_FEA_1.png
train,3_FEA,BRACS_1863,FEA,BRACS_1863_FEA_10.png,2134703,/BRACS_RoI/latest_version/train/3_FEA/BRACS_1863_FEA_10.png
train,3_FEA,BRACS_1863,FEA,BRACS_1863_FEA_11.png,4127908,/BRACS_RoI/latest_version/train/3_FEA/BRACS_1863_FEA_11.png
train,3_FEA,BRACS_1863,FEA,BRACS_1863_FEA_2.png,1979845,/BRACS_RoI/latest_version/train/3_FEA/BRACS_1863_FEA_2.png
train,3_FEA,BRACS_1863,FEA,BRACS_1863_FEA_4.png,3022477,/BRACS_RoI/latest_version/train/3_FEA/BRACS_1863_FEA_4.png
train,3_FEA,BRACS_1863,FEA,BRACS_1863_FEA_5.png,4096041,/BRACS_RoI/latest_version/train/3_FEA/BRACS_1863_FEA_5.png
train,3_FEA,BRACS_1863,FEA,BRACS_1863_FEA_7.png,2633637,/BRACS_RoI/latest_version/train/3_FEA/BRACS_1863_FEA_7.png
train,3_FEA,BRACS_1863,FEA,BRACS_1863_FEA_8.png,5231759,/BRACS_RoI/latest_version/train/3_FEA/BRACS_1863_FEA_8.png
train,3_FEA,BRACS_1863,FEA,BRACS_1863_FEA_9.png,5589717,/BRACS_RoI/latest_version/train/3_FEA/BRACS_1863_FEA_9.png
train,3_FEA,BRACS_1864,FEA,BRACS_1864_FEA_10.png,2449321,/BRACS_RoI/latest_version/train/3_FEA/BRACS_1864_FEA_10.png
train,3_FEA,BRACS_1864,FEA,BRACS_1864_FEA_11.png,2944189,/BRACS_RoI/latest_version/train/3_FEA/BRACS_1864_FEA_11.png
train,3_FEA,BRACS_1864,FEA,BRACS_1864_FEA_12.png,1618831,/BRACS_RoI/latest_version/train/3_FEA/BRACS_1864_FEA_12.png
train,3_FEA,BRACS_1864,FEA,BRACS_1864_FEA_13.png,1593355,/BRACS_RoI/latest_version/train/3_FEA/BRACS_1864_FEA_13.png
train,3_FEA,BRACS_1864,FEA,BRACS_1864_FEA_14.png,1124596,/BRACS_RoI/latest_version/train/3_FEA/BRACS_1864_FEA_14.png
train,3_FEA,BRACS_1864,FEA,BRACS_1864_FEA_15.png,2323206,/BRACS_RoI/latest_version/train/3_FEA/BRACS_1864_FEA_15.png
train,3_FEA,BRACS_1864,FEA,BRACS_1864_FEA_16.png,2805179,/BRACS_RoI/latest_version/train/3_FEA/BRACS_1864_FEA_16.png
train,3_FEA,BRACS_1864,FEA,BRACS_1864_FEA_17.png,1466401,/BRACS_RoI/latest_version/train/3_FEA/BRACS_1864_FEA_17.png
train,3_FEA,BRACS_1864,FEA,BRACS_1864_FEA_2.png,3665698,/BRACS_RoI/latest_version/train/3_FEA/BRACS_1864_FEA_2.png
train,3_FEA,BRACS_1864,FEA,BRACS_1864_FEA_3.png,5382084,/BRACS_RoI/latest_version/train/3_FEA/BRACS_1864_FEA_3.png
train,3_FEA,BRACS_1864,FEA,BRACS_1864_FEA_5.png,2751282,/BRACS_RoI/latest_version/train/3_FEA/BRACS_1864_FEA_5.png
train,3_FEA,BRACS_1864,FEA,BRACS_1864_FEA_6.png,2470784,/BRACS_RoI/latest_version/train/3_FEA/BRACS_1864_FEA_6.png
train,3_FEA,BRACS_1864,FEA,BRACS_1864_FEA_7.png,2562856,/BRACS_RoI/latest_version/train/3_FEA/BRACS_1864_FEA_7.png
train,3_FEA,BRACS_1864,FEA,BRACS_1864_FEA_9.png,2908884,/BRACS_RoI/latest_version/train/3_FEA/BRACS_1864_FEA_9.png
train,3_FEA,BRACS_1865,FEA,BRACS_1865_FEA_1.png,2470406,/BRACS_RoI/latest_version/train/3_FEA/BRACS_1865_FEA_1.png
train,3_FEA,BRACS_1865,FEA,BRACS_1865_FEA_10.png,10099065,/BRACS_RoI/latest_version/train/3_FEA/BRACS_1865_FEA_10.png
train,3_FEA,BRACS_1865,FEA,BRACS_1865_FEA_3.png,5366010,/BRACS_RoI/latest_version/train/3_FEA/BRACS_1865_FEA_3.png
train,3_FEA,BRACS_1865,FEA,BRACS_1865_FEA_4.png,6220771,/BRACS_RoI/latest_version/train/3_FEA/BRACS_1865_FEA_4.png
train,3_FEA,BRACS_1865,FEA,BRACS_1865_FEA_5.png,4895501,/BRACS_RoI/latest_version/train/3_FEA/BRACS_1865_FEA_5.png
train,3_FEA,BRACS_1865,FEA,BRACS_1865_FEA_7.png,5971873,/BRACS_RoI/latest_version/train/3_FEA/BRACS_1865_FEA_7.png
train,3_FEA,BRACS_1865,FEA,BRACS_1865_FEA_8.png,5921156,/BRACS_RoI/latest_version/train/3_FEA/BRACS_1865_FEA_8.png
train,3_FEA,BRACS_1865,FEA,BRACS_1865_FEA_9.png,2303648,/BRACS_RoI/latest_version/train/3_FEA/BRACS_1865_FEA_9.png
train,3_FEA,BRACS_1871,FEA,BRACS_1871_FEA_2.png,2455086,/BRACS_RoI/latest_version/train/3_FEA/BRACS_1871_FEA_2.png
train,3_FEA,BRACS_1871,FEA,BRACS_1871_FEA_3.png,9238558,/BRACS_RoI/latest_version/train/3_FEA/BRACS_1871_FEA_3.png
train,3_FEA,BRACS_1871,FEA,BRACS_1871_FEA_4.png,12356122,/BRACS_RoI/latest_version/train/3_FEA/BRACS_1871_FEA_4.png
train,3_FEA,BRACS_1871,FEA,BRACS_1871_FEA_5.png,3028700,/BRACS_RoI/latest_version/train/3_FEA/BRACS_1871_FEA_5.png
train,3_FEA,BRACS_1871,FEA,BRACS_1871_FEA_7.png,2255627,/BRACS_RoI/latest_version/train/3_FEA/BRACS_1871_FEA_7.png
train,3_FEA,BRACS_1874,FEA,BRACS_1874_FEA_1.png,4023023,/BRACS_RoI/latest_version/train/3_FEA/BRACS_1874_FEA_1.png
train,3_FEA,BRACS_1874,FEA,BRACS_1874_FEA_2.png,3095381,/BRACS_RoI/latest_version/train/3_FEA/BRACS_1874_FEA_2.png
train,3_FEA,BRACS_1874,FEA,BRACS_1874_FEA_3.png,5153745,/BRACS_RoI/latest_version/train/3_FEA/BRACS_1874_FEA_3.png
train,3_FEA,BRACS_1874,FEA,BRACS_1874_FEA_6.png,2805140,/BRACS_RoI/latest_version/train/3_FEA/BRACS_1874_FEA_6.png
train,3_FEA,BRACS_1875,FEA,BRACS_1875_FEA_2.png,10162165,/BRACS_RoI/latest_version/train/3_FEA/BRACS_1875_FEA_2.png
train,3_FEA,BRACS_1875,FEA,BRACS_1875_FEA_3.png,1903518,/BRACS_RoI/latest_version/train/3_FEA/BRACS_1875_FEA_3.png
train,3_FEA,BRACS_1875,FEA,BRACS_1875_FEA_7.png,1468678,/BRACS_RoI/latest_version/train/3_FEA/BRACS_1875_FEA_7.png
train,3_FEA,BRACS_1875,FEA,BRACS_1875_FEA_9.png,4073008,/BRACS_RoI/latest_version/train/3_FEA/BRACS_1875_FEA_9.png
train,3_FEA,BRACS_1877,FEA,BRACS_1877_FEA_1.png,2951270,/BRACS_RoI/latest_version/train/3_FEA/BRACS_1877_FEA_1.png
train,3_FEA,BRACS_1877,FEA,BRACS_1877_FEA_11.png,1534662,/BRACS_RoI/latest_version/train/3_FEA/BRACS_1877_FEA_11.png
train,3_FEA,BRACS_1877,FEA,BRACS_1877_FEA_12.png,1176420,/BRACS_RoI/latest_version/train/3_FEA/BRACS_1877_FEA_12.png
train,3_FEA,BRACS_1877,FEA,BRACS_1877_FEA_13.png,16356400,/BRACS_RoI/latest_version/train/3_FEA/BRACS_1877_FEA_13.png
train,3_FEA,BRACS_1877,FEA,BRACS_1877_FEA_14.png,4135115,/BRACS_RoI/latest_version/train/3_FEA/BRACS_1877_FEA_14.png
train,3_FEA,BRACS_1877,FEA,BRACS_1877_FEA_15.png,7486347,/BRACS_RoI/latest_version/train/3_FEA/BRACS_1877_FEA_15.png
train,3_FEA,BRACS_1877,FEA,BRACS_1877_FEA_2.png,1548217,/BRACS_RoI/latest_version/train/3_FEA/BRACS_1877_FEA_2.png
train,3_FEA,BRACS_1877,FEA,BRACS_1877_FEA_20.png,6991720,/BRACS_RoI/latest_version/train/3_FEA/BRACS_1877_FEA_20.png
train,3_FEA,BRACS_1877,FEA,BRACS_1877_FEA_21.png,1352750,/BRACS_RoI/latest_version/train/3_FEA/BRACS_1877_FEA_21.png
train,3_FEA,BRACS_1877,FEA,BRACS_1877_FEA_22.png,4243563,/BRACS_RoI/latest_version/train/3_FEA/BRACS_1877_FEA_22.png
train,3_FEA,BRACS_1877,FEA,BRACS_1877_FEA_23.png,1603057,/BRACS_RoI/latest_version/train/3_FEA/BRACS_1877_FEA_23.png
train,3_FEA,BRACS_1877,FEA,BRACS_1877_FEA_4.png,5944233,/BRACS_RoI/latest_version/train/3_FEA/BRACS_1877_FEA_4.png
train,3_FEA,BRACS_1877,FEA,BRACS_1877_FEA_6.png,1120363,/BRACS_RoI/latest_version/train/3_FEA/BRACS_1877_FEA_6.png
train,3_FEA,BRACS_1877,FEA,BRACS_1877_FEA_7.png,1565213,/BRACS_RoI/latest_version/train/3_FEA/BRACS_1877_FEA_7.png
train,3_FEA,BRACS_1877,FEA,BRACS_1877_FEA_8.png,2711961,/BRACS_RoI/latest_version/train/3_FEA/BRACS_1877_FEA_8.png
train,3_FEA,BRACS_1888,FEA,BRACS_1888_FEA_1.png,2939003,/BRACS_RoI/latest_version/train/3_FEA/BRACS_1888_FEA_1.png
train,3_FEA,BRACS_1888,FEA,BRACS_1888_FEA_10.png,4711469,/BRACS_RoI/latest_version/train/3_FEA/BRACS_1888_FEA_10.png
train,3_FEA,BRACS_1888,FEA,BRACS_1888_FEA_11.png,2503188,/BRACS_RoI/latest_version/train/3_FEA/BRACS_1888_FEA_11.png
train,3_FEA,BRACS_1888,FEA,BRACS_1888_FEA_13.png,4207333,/BRACS_RoI/latest_version/train/3_FEA/BRACS_1888_FEA_13.png
train,3_FEA,BRACS_1888,FEA,BRACS_1888_FEA_14.png,3604575,/BRACS_RoI/latest_version/train/3_FEA/BRACS_1888_FEA_14.png
train,3_FEA,BRACS_1888,FEA,BRACS_1888_FEA_15.png,3325606,/BRACS_RoI/latest_version/train/3_FEA/BRACS_1888_FEA_15.png
train,3_FEA,BRACS_1888,FEA,BRACS_1888_FEA_17.png,13654433,/BRACS_RoI/latest_version/train/3_FEA/BRACS_1888_FEA_17.png
train,3_FEA,BRACS_1888,FEA,BRACS_1888_FEA_18.png,4688238,/BRACS_RoI/latest_version/train/3_FEA/BRACS_1888_FEA_18.png
train,3_FEA,BRACS_1888,FEA,BRACS_1888_FEA_2.png,3407482,/BRACS_RoI/latest_version/train/3_FEA/BRACS_1888_FEA_2.png
train,3_FEA,BRACS_1888,FEA,BRACS_1888_FEA_3.png,4467776,/BRACS_RoI/latest_version/train/3_FEA/BRACS_1888_FEA_3.png
train,3_FEA,BRACS_1888,FEA,BRACS_1888_FEA_4.png,6723524,/BRACS_RoI/latest_version/train/3_FEA/BRACS_1888_FEA_4.png
train,3_FEA,BRACS_1888,FEA,BRACS_1888_FEA_5.png,3459721,/BRACS_RoI/latest_version/train/3_FEA/BRACS_1888_FEA_5.png
train,3_FEA,BRACS_1888,FEA,BRACS_1888_FEA_6.png,2581286,/BRACS_RoI/latest_version/train/3_FEA/BRACS_1888_FEA_6.png
train,3_FEA,BRACS_1888,FEA,BRACS_1888_FEA_7.png,5631218,/BRACS_RoI/latest_version/train/3_FEA/BRACS_1888_FEA_7.png
train,3_FEA,BRACS_1888,FEA,BRACS_1888_FEA_8.png,3810974,/BRACS_RoI/latest_version/train/3_FEA/BRACS_1888_FEA_8.png
train,3_FEA,BRACS_1888,FEA,BRACS_1888_FEA_9.png,3524733,/BRACS_RoI/latest_version/train/3_FEA/BRACS_1888_FEA_9.png
train,3_FEA,BRACS_1899,FEA,BRACS_1899_FEA_12.png,5835322,/BRACS_RoI/latest_version/train/3_FEA/BRACS_1899_FEA_12.png
train,3_FEA,BRACS_1899,FEA,BRACS_1899_FEA_3.png,5802720,/BRACS_RoI/latest_version/train/3_FEA/BRACS_1899_FEA_3.png
train,3_FEA,BRACS_1903,FEA,BRACS_1903_FEA_1.png,8385362,/BRACS_RoI/latest_version/train/3_FEA/BRACS_1903_FEA_1.png
train,3_FEA,BRACS_1903,FEA,BRACS_1903_FEA_10.png,5302942,/BRACS_RoI/latest_version/train/3_FEA/BRACS_1903_FEA_10.png
train,3_FEA,BRACS_1903,FEA,BRACS_1903_FEA_3.png,7129440,/BRACS_RoI/latest_version/train/3_FEA/BRACS_1903_FEA_3.png
train,3_FEA,BRACS_1903,FEA,BRACS_1903_FEA_7.png,6756740,/BRACS_RoI/latest_version/train/3_FEA/BRACS_1903_FEA_7.png
train,3_FEA,BRACS_1916,FEA,BRACS_1916_FEA_5.png,16557772,/BRACS_RoI/latest_version/train/3_FEA/BRACS_1916_FEA_5.png
train,3_FEA,BRACS_1922,FEA,BRACS_1922_FEA_1.png,7158979,/BRACS_RoI/latest_version/train/3_FEA/BRACS_1922_FEA_1.png
train,3_FEA,BRACS_1922,FEA,BRACS_1922_FEA_3.png,18195220,/BRACS_RoI/latest_version/train/3_FEA/BRACS_1922_FEA_3.png
train,3_FEA,BRACS_1922,FEA,BRACS_1922_FEA_4.png,3407920,/BRACS_RoI/latest_version/train/3_FEA/BRACS_1922_FEA_4.png
train,3_FEA,BRACS_1922,FEA,BRACS_1922_FEA_5.png,7082162,/BRACS_RoI/latest_version/train/3_FEA/BRACS_1922_FEA_5.png
train,3_FEA,BRACS_1922,FEA,BRACS_1922_FEA_6.png,8654239,/BRACS_RoI/latest_version/train/3_FEA/BRACS_1922_FEA_6.png
train,3_FEA,BRACS_1922,FEA,BRACS_1922_FEA_7.png,12909249,/BRACS_RoI/latest_version/train/3_FEA/BRACS_1922_FEA_7.png
train,3_FEA,BRACS_1923,FEA,BRACS_1923_FEA_5.png,5242192,/BRACS_RoI/latest_version/train/3_FEA/BRACS_1923_FEA_5.png
train,3_FEA,BRACS_1925,FEA,BRACS_1925_FEA_2.png,4525146,/BRACS_RoI/latest_version/train/3_FEA/BRACS_1925_FEA_2.png
train,3_FEA,BRACS_1926,FEA,BRACS_1926_FEA_4.png,13803050,/BRACS_RoI/latest_version/train/3_FEA/BRACS_1926_FEA_4.png
train,3_FEA,BRACS_1931,FEA,BRACS_1931_FEA_2.png,12715555,/BRACS_RoI/latest_version/train/3_FEA/BRACS_1931_FEA_2.png
train,3_FEA,BRACS_1931,FEA,BRACS_1931_FEA_5.png,2235293,/BRACS_RoI/latest_version/train/3_FEA/BRACS_1931_FEA_5.png
train,3_FEA,BRACS_1932,FEA,BRACS_1932_FEA_6.png,8790235,/BRACS_RoI/latest_version/train/3_FEA/BRACS_1932_FEA_6.png
train,3_FEA,BRACS_1933,FEA,BRACS_1933_FEA_16.png,7687674,/BRACS_RoI/latest_version/train/3_FEA/BRACS_1933_FEA_16.png
train,3_FEA,BRACS_1934,FEA,BRACS_1934_FEA_14.png,1901727,/BRACS_RoI/latest_version/train/3_FEA/BRACS_1934_FEA_14.png
train,3_FEA,BRACS_1934,FEA,BRACS_1934_FEA_2.png,2521041,/BRACS_RoI/latest_version/train/3_FEA/BRACS_1934_FEA_2.png
train,3_FEA,BRACS_1934,FEA,BRACS_1934_FEA_4.png,2814553,/BRACS_RoI/latest_version/train/3_FEA/BRACS_1934_FEA_4.png
train,3_FEA,BRACS_1934,FEA,BRACS_1934_FEA_8.png,2846515,/BRACS_RoI/latest_version/train/3_FEA/BRACS_1934_FEA_8.png
train,3_FEA,BRACS_1950,FEA,BRACS_1950_FEA_1.png,3098446,/BRACS_RoI/latest_version/train/3_FEA/BRACS_1950_FEA_1.png
train,3_FEA,BRACS_1950,FEA,BRACS_1950_FEA_11.png,5448955,/BRACS_RoI/latest_version/train/3_FEA/BRACS_1950_FEA_11.png
train,3_FEA,BRACS_1950,FEA,BRACS_1950_FEA_12.png,2135617,/BRACS_RoI/latest_version/train/3_FEA/BRACS_1950_FEA_12.png
train,3_FEA,BRACS_1950,FEA,BRACS_1950_FEA_13.png,2362982,/BRACS_RoI/latest_version/train/3_FEA/BRACS_1950_FEA_13.png
train,3_FEA,BRACS_1950,FEA,BRACS_1950_FEA_14.png,2617342,/BRACS_RoI/latest_version/train/3_FEA/BRACS_1950_FEA_14.png
train,3_FEA,BRACS_1950,FEA,BRACS_1950_FEA_15.png,2405726,/BRACS_RoI/latest_version/train/3_FEA/BRACS_1950_FEA_15.png
train,3_FEA,BRACS_1950,FEA,BRACS_1950_FEA_16.png,2543074,/BRACS_RoI/latest_version/train/3_FEA/BRACS_1950_FEA_16.png
train,3_FEA,BRACS_1950,FEA,BRACS_1950_FEA_19.png,2832017,/BRACS_RoI/latest_version/train/3_FEA/BRACS_1950_FEA_19.png
train,3_FEA,BRACS_1950,FEA,BRACS_1950_FEA_21.png,2362140,/BRACS_RoI/latest_version/train/3_FEA/BRACS_1950_FEA_21.png
train,3_FEA,BRACS_1950,FEA,BRACS_1950_FEA_24.png,1899241,/BRACS_RoI/latest_version/train/3_FEA/BRACS_1950_FEA_24.png
train,3_FEA,BRACS_1950,FEA,BRACS_1950_FEA_26.png,1737809,/BRACS_RoI/latest_version/train/3_FEA/BRACS_1950_FEA_26.png
train,3_FEA,BRACS_1950,FEA,BRACS_1950_FEA_27.png,1718701,/BRACS_RoI/latest_version/train/3_FEA/BRACS_1950_FEA_27.png
train,3_FEA,BRACS_1950,FEA,BRACS_1950_FEA_28.png,2207589,/BRACS_RoI/latest_version/train/3_FEA/BRACS_1950_FEA_28.png
train,3_FEA,BRACS_1950,FEA,BRACS_1950_FEA_29.png,3410559,/BRACS_RoI/latest_version/train/3_FEA/BRACS_1950_FEA_29.png
train,3_FEA,BRACS_1950,FEA,BRACS_1950_FEA_30.png,1865721,/BRACS_RoI/latest_version/train/3_FEA/BRACS_1950_FEA_30.png
train,3_FEA,BRACS_1950,FEA,BRACS_1950_FEA_4.png,9760026,/BRACS_RoI/latest_version/train/3_FEA/BRACS_1950_FEA_4.png
train,3_FEA,BRACS_1950,FEA,BRACS_1950_FEA_7.png,2248581,/BRACS_RoI/latest_version/train/3_FEA/BRACS_1950_FEA_7.png
train,3_FEA,BRACS_1950,FEA,BRACS_1950_FEA_8.png,2304146,/BRACS_RoI/latest_version/train/3_FEA/BRACS_1950_FEA_8.png
train,3_FEA,BRACS_1950,FEA,BRACS_1950_FEA_9.png,1714585,/BRACS_RoI/latest_version/train/3_FEA/BRACS_1950_FEA_9.png
train,3_FEA,BRACS_311,FEA,BRACS_311_FEA_11.png,606965,/BRACS_RoI/latest_version/train/3_FEA/BRACS_311_FEA_11.png
train,3_FEA,BRACS_311,FEA,BRACS_311_FEA_13.png,1623194,/BRACS_RoI/latest_version/train/3_FEA/BRACS_311_FEA_13.png
train,3_FEA,BRACS_311,FEA,BRACS_311_FEA_14.png,511350,/BRACS_RoI/latest_version/train/3_FEA/BRACS_311_FEA_14.png
train,3_FEA,BRACS_311,FEA,BRACS_311_FEA_17.png,512737,/BRACS_RoI/latest_version/train/3_FEA/BRACS_311_FEA_17.png
train,3_FEA,BRACS_311,FEA,BRACS_311_FEA_18.png,891763,/BRACS_RoI/latest_version/train/3_FEA/BRACS_311_FEA_18.png
train,3_FEA,BRACS_311,FEA,BRACS_311_FEA_2.png,368796,/BRACS_RoI/latest_version/train/3_FEA/BRACS_311_FEA_2.png
train,3_FEA,BRACS_311,FEA,BRACS_311_FEA_20.png,1727647,/BRACS_RoI/latest_version/train/3_FEA/BRACS_311_FEA_20.png
train,3_FEA,BRACS_311,FEA,BRACS_311_FEA_21.png,382658,/BRACS_RoI/latest_version/train/3_FEA/BRACS_311_FEA_21.png
train,3_FEA,BRACS_311,FEA,BRACS_311_FEA_22.png,678533,/BRACS_RoI/latest_version/train/3_FEA/BRACS_311_FEA_22.png
train,3_FEA,BRACS_311,FEA,BRACS_311_FEA_24.png,556230,/BRACS_RoI/latest_version/train/3_FEA/BRACS_311_FEA_24.png
train,3_FEA,BRACS_311,FEA,BRACS_311_FEA_25.png,1090884,/BRACS_RoI/latest_version/train/3_FEA/BRACS_311_FEA_25.png
train,3_FEA,BRACS_311,FEA,BRACS_311_FEA_27.png,733183,/BRACS_RoI/latest_version/train/3_FEA/BRACS_311_FEA_27.png
train,3_FEA,BRACS_311,FEA,BRACS_311_FEA_29.png,1737923,/BRACS_RoI/latest_version/train/3_FEA/BRACS_311_FEA_29.png
train,3_FEA,BRACS_311,FEA,BRACS_311_FEA_33.png,1505532,/BRACS_RoI/latest_version/train/3_FEA/BRACS_311_FEA_33.png
train,3_FEA,BRACS_311,FEA,BRACS_311_FEA_34.png,786668,/BRACS_RoI/latest_version/train/3_FEA/BRACS_311_FEA_34.png
train,3_FEA,BRACS_311,FEA,BRACS_311_FEA_38.png,817393,/BRACS_RoI/latest_version/train/3_FEA/BRACS_311_FEA_38.png
train,3_FEA,BRACS_311,FEA,BRACS_311_FEA_42.png,1088799,/BRACS_RoI/latest_version/train/3_FEA/BRACS_311_FEA_42.png
train,3_FEA,BRACS_311,FEA,BRACS_311_FEA_43.png,380729,/BRACS_RoI/latest_version/train/3_FEA/BRACS_311_FEA_43.png
train,3_FEA,BRACS_311,FEA,BRACS_311_FEA_46.png,714345,/BRACS_RoI/latest_version/train/3_FEA/BRACS_311_FEA_46.png
train,3_FEA,BRACS_311,FEA,BRACS_311_FEA_47.png,319723,/BRACS_RoI/latest_version/train/3_FEA/BRACS_311_FEA_47.png
train,3_FEA,BRACS_311,FEA,BRACS_311_FEA_48.png,390163,/BRACS_RoI/latest_version/train/3_FEA/BRACS_311_FEA_48.png
train,3_FEA,BRACS_311,FEA,BRACS_311_FEA_5.png,423986,/BRACS_RoI/latest_version/train/3_FEA/BRACS_311_FEA_5.png
train,3_FEA,BRACS_311,FEA,BRACS_311_FEA_54.png,983353,/BRACS_RoI/latest_version/train/3_FEA/BRACS_311_FEA_54.png
train,3_FEA,BRACS_311,FEA,BRACS_311_FEA_55.png,487341,/BRACS_RoI/latest_version/train/3_FEA/BRACS_311_FEA_55.png
train,3_FEA,BRACS_311,FEA,BRACS_311_FEA_57.png,787447,/BRACS_RoI/latest_version/train/3_FEA/BRACS_311_FEA_57.png
train,3_FEA,BRACS_311,FEA,BRACS_311_FEA_59.png,2011576,/BRACS_RoI/latest_version/train/3_FEA/BRACS_311_FEA_59.png
train,3_FEA,BRACS_311,FEA,BRACS_311_FEA_6.png,1361193,/BRACS_RoI/latest_version/train/3_FEA/BRACS_311_FEA_6.png
train,3_FEA,BRACS_311,FEA,BRACS_311_FEA_60.png,526597,/BRACS_RoI/latest_version/train/3_FEA/BRACS_311_FEA_60.png
train,3_FEA,BRACS_311,FEA,BRACS_311_FEA_66.png,780390,/BRACS_RoI/latest_version/train/3_FEA/BRACS_311_FEA_66.png
train,3_FEA,BRACS_311,FEA,BRACS_311_FEA_67.png,792761,/BRACS_RoI/latest_version/train/3_FEA/BRACS_311_FEA_67.png
train,3_FEA,BRACS_311,FEA,BRACS_311_FEA_69.png,724039,/BRACS_RoI/latest_version/train/3_FEA/BRACS_311_FEA_69.png
train,3_FEA,BRACS_311,FEA,BRACS_311_FEA_7.png,467304,/BRACS_RoI/latest_version/train/3_FEA/BRACS_311_FEA_7.png
train,3_FEA,BRACS_311,FEA,BRACS_311_FEA_71.png,381976,/BRACS_RoI/latest_version/train/3_FEA/BRACS_311_FEA_71.png
train,3_FEA,BRACS_311,FEA,BRACS_311_FEA_73.png,643935,/BRACS_RoI/latest_version/train/3_FEA/BRACS_311_FEA_73.png
train,3_FEA,BRACS_311,FEA,BRACS_311_FEA_74.png,1339197,/BRACS_RoI/latest_version/train/3_FEA/BRACS_311_FEA_74.png
train,3_FEA,BRACS_311,FEA,BRACS_311_FEA_76.png,1451139,/BRACS_RoI/latest_version/train/3_FEA/BRACS_311_FEA_76.png
train,3_FEA,BRACS_311,FEA,BRACS_311_FEA_78.png,1135871,/BRACS_RoI/latest_version/train/3_FEA/BRACS_311_FEA_78.png
train,3_FEA,BRACS_311,FEA,BRACS_311_FEA_81.png,701537,/BRACS_RoI/latest_version/train/3_FEA/BRACS_311_FEA_81.png
train,3_FEA,BRACS_734,FEA,BRACS_734_FEA_102.png,1675514,/BRACS_RoI/latest_version/train/3_FEA/BRACS_734_FEA_102.png
train,3_FEA,BRACS_734,FEA,BRACS_734_FEA_22.png,2535200,/BRACS_RoI/latest_version/train/3_FEA/BRACS_734_FEA_22.png
train,3_FEA,BRACS_734,FEA,BRACS_734_FEA_35.png,1233711,/BRACS_RoI/latest_version/train/3_FEA/BRACS_734_FEA_35.png
train,3_FEA,BRACS_734,FEA,BRACS_734_FEA_36.png,2898983,/BRACS_RoI/latest_version/train/3_FEA/BRACS_734_FEA_36.png
train,3_FEA,BRACS_734,FEA,BRACS_734_FEA_47.png,1064132,/BRACS_RoI/latest_version/train/3_FEA/BRACS_734_FEA_47.png
train,3_FEA,BRACS_743,FEA,BRACS_743_FEA_12.png,4411930,/BRACS_RoI/latest_version/train/3_FEA/BRACS_743_FEA_12.png
train,3_FEA,BRACS_743,FEA,BRACS_743_FEA_19.png,4801911,/BRACS_RoI/latest_version/train/3_FEA/BRACS_743_FEA_19.png
train,3_FEA,BRACS_743,FEA,BRACS_743_FEA_22.png,4315248,/BRACS_RoI/latest_version/train/3_FEA/BRACS_743_FEA_22.png
train,3_FEA,BRACS_743,FEA,BRACS_743_FEA_23.png,3029259,/BRACS_RoI/latest_version/train/3_FEA/BRACS_743_FEA_23.png
train,3_FEA,BRACS_743,FEA,BRACS_743_FEA_26.png,3611905,/BRACS_RoI/latest_version/train/3_FEA/BRACS_743_FEA_26.png
train,3_FEA,BRACS_743,FEA,BRACS_743_FEA_4.png,14647230,/BRACS_RoI/latest_version/train/3_FEA/BRACS_743_FEA_4.png
train,3_FEA,BRACS_743,FEA,BRACS_743_FEA_5.png,4438937,/BRACS_RoI/latest_version/train/3_FEA/BRACS_743_FEA_5.png
train,3_FEA,BRACS_743,FEA,BRACS_743_FEA_7.png,10264496,/BRACS_RoI/latest_version/train/3_FEA/BRACS_743_FEA_7.png
train,3_FEA,BRACS_747,FEA,BRACS_747_FEA_1.png,3360297,/BRACS_RoI/latest_version/train/3_FEA/BRACS_747_FEA_1.png
train,3_FEA,BRACS_747,FEA,BRACS_747_FEA_20.png,640458,/BRACS_RoI/latest_version/train/3_FEA/BRACS_747_FEA_20.png
train,3_FEA,BRACS_747,FEA,BRACS_747_FEA_24.png,3235918,/BRACS_RoI/latest_version/train/3_FEA/BRACS_747_FEA_24.png
train,3_FEA,BRACS_747,FEA,BRACS_747_FEA_26.png,831927,/BRACS_RoI/latest_version/train/3_FEA/BRACS_747_FEA_26.png
train,3_FEA,BRACS_747,FEA,BRACS_747_FEA_27.png,1544084,/BRACS_RoI/latest_version/train/3_FEA/BRACS_747_FEA_27.png
train,3_FEA,BRACS_747,FEA,BRACS_747_FEA_29.png,2452058,/BRACS_RoI/latest_version/train/3_FEA/BRACS_747_FEA_29.png
train,3_FEA,BRACS_747,FEA,BRACS_747_FEA_31.png,4177890,/BRACS_RoI/latest_version/train/3_FEA/BRACS_747_FEA_31.png
train,3_FEA,BRACS_747,FEA,BRACS_747_FEA_32.png,6301432,/BRACS_RoI/latest_version/train/3_FEA/BRACS_747_FEA_32.png
train,3_FEA,BRACS_747,FEA,BRACS_747_FEA_39.png,2229892,/BRACS_RoI/latest_version/train/3_FEA/BRACS_747_FEA_39.png
train,3_FEA,BRACS_747,FEA,BRACS_747_FEA_4.png,8365724,/BRACS_RoI/latest_version/train/3_FEA/BRACS_747_FEA_4.png
train,3_FEA,BRACS_747,FEA,BRACS_747_FEA_40.png,8931284,/BRACS_RoI/latest_version/train/3_FEA/BRACS_747_FEA_40.png
train,3_FEA,BRACS_747,FEA,BRACS_747_FEA_41.png,1315891,/BRACS_RoI/latest_version/train/3_FEA/BRACS_747_FEA_41.png
train,3_FEA,BRACS_747,FEA,BRACS_747_FEA_42.png,4094312,/BRACS_RoI/latest_version/train/3_FEA/BRACS_747_FEA_42.png
train,3_FEA,BRACS_747,FEA,BRACS_747_FEA_43.png,2167377,/BRACS_RoI/latest_version/train/3_FEA/BRACS_747_FEA_43.png
train,3_FEA,BRACS_747,FEA,BRACS_747_FEA_45.png,3215487,/BRACS_RoI/latest_version/train/3_FEA/BRACS_747_FEA_45.png
train,3_FEA,BRACS_747,FEA,BRACS_747_FEA_48.png,2397600,/BRACS_RoI/latest_version/train/3_FEA/BRACS_747_FEA_48.png
train,3_FEA,BRACS_747,FEA,BRACS_747_FEA_50.png,1654983,/BRACS_RoI/latest_version/train/3_FEA/BRACS_747_FEA_50.png
train,3_FEA,BRACS_747,FEA,BRACS_747_FEA_53.png,2850708,/BRACS_RoI/latest_version/train/3_FEA/BRACS_747_FEA_53.png
train,3_FEA,BRACS_747,FEA,BRACS_747_FEA_56.png,3157873,/BRACS_RoI/latest_version/train/3_FEA/BRACS_747_FEA_56.png
train,3_FEA,BRACS_747,FEA,BRACS_747_FEA_59.png,3204113,/BRACS_RoI/latest_version/train/3_FEA/BRACS_747_FEA_59.png
train,3_FEA,BRACS_747,FEA,BRACS_747_FEA_60.png,3730875,/BRACS_RoI/latest_version/train/3_FEA/BRACS_747_FEA_60.png
train,3_FEA,BRACS_747,FEA,BRACS_747_FEA_61.png,467123,/BRACS_RoI/latest_version/train/3_FEA/BRACS_747_FEA_61.png
train,3_FEA,BRACS_747,FEA,BRACS_747_FEA_65.png,3381401,/BRACS_RoI/latest_version/train/3_FEA/BRACS_747_FEA_65.png
train,3_FEA,BRACS_747,FEA,BRACS_747_FEA_7.png,2179158,/BRACS_RoI/latest_version/train/3_FEA/BRACS_747_FEA_7.png
train,3_FEA,BRACS_747,FEA,BRACS_747_FEA_9.png,1380330,/BRACS_RoI/latest_version/train/3_FEA/BRACS_747_FEA_9.png
train,3_FEA,BRACS_754,FEA,BRACS_754_FEA_16.png,965193,/BRACS_RoI/latest_version/train/3_FEA/BRACS_754_FEA_16.png
train,3_FEA,BRACS_754,FEA,BRACS_754_FEA_24.png,1370381,/BRACS_RoI/latest_version/train/3_FEA/BRACS_754_FEA_24.png
train,3_FEA,BRACS_754,FEA,BRACS_754_FEA_25.png,1008466,/BRACS_RoI/latest_version/train/3_FEA/BRACS_754_FEA_25.png
train,3_FEA,BRACS_754,FEA,BRACS_754_FEA_27.png,979838,/BRACS_RoI/latest_version/train/3_FEA/BRACS_754_FEA_27.png
train,3_FEA,BRACS_754,FEA,BRACS_754_FEA_3.png,696361,/BRACS_RoI/latest_version/train/3_FEA/BRACS_754_FEA_3.png
train,3_FEA,BRACS_754,FEA,BRACS_754_FEA_34.png,9374698,/BRACS_RoI/latest_version/train/3_FEA/BRACS_754_FEA_34.png
train,3_FEA,BRACS_754,FEA,BRACS_754_FEA_51.png,2272833,/BRACS_RoI/latest_version/train/3_FEA/BRACS_754_FEA_51.png
train,3_FEA,BRACS_754,FEA,BRACS_754_FEA_52.png,3018750,/BRACS_RoI/latest_version/train/3_FEA/BRACS_754_FEA_52.png
train,4_ADH,BRACS_1003728,ADH,BRACS_1003728_ADH_1.png,5172826,/BRACS_RoI/latest_version/train/4_ADH/BRACS_1003728_ADH_1.png
train,4_ADH,BRACS_1238,ADH,BRACS_1238_ADH_1.png,1462142,/BRACS_RoI/latest_version/train/4_ADH/BRACS_1238_ADH_1.png
train,4_ADH,BRACS_1238,ADH,BRACS_1238_ADH_10.png,3766589,/BRACS_RoI/latest_version/train/4_ADH/BRACS_1238_ADH_10.png
train,4_ADH,BRACS_1238,ADH,BRACS_1238_ADH_22.png,1511398,/BRACS_RoI/latest_version/train/4_ADH/BRACS_1238_ADH_22.png
train,4_ADH,BRACS_1238,ADH,BRACS_1238_ADH_27.png,2100205,/BRACS_RoI/latest_version/train/4_ADH/BRACS_1238_ADH_27.png
train,4_ADH,BRACS_1238,ADH,BRACS_1238_ADH_36.png,981267,/BRACS_RoI/latest_version/train/4_ADH/BRACS_1238_ADH_36.png
train,4_ADH,BRACS_1238,ADH,BRACS_1238_ADH_38.png,1215599,/BRACS_RoI/latest_version/train/4_ADH/BRACS_1238_ADH_38.png
train,4_ADH,BRACS_1238,ADH,BRACS_1238_ADH_39.png,1396580,/BRACS_RoI/latest_version/train/4_ADH/BRACS_1238_ADH_39.png
train,4_ADH,BRACS_1238,ADH,BRACS_1238_ADH_42.png,1257764,/BRACS_RoI/latest_version/train/4_ADH/BRACS_1238_ADH_42.png
train,4_ADH,BRACS_1238,ADH,BRACS_1238_ADH_44.png,859301,/BRACS_RoI/latest_version/train/4_ADH/BRACS_1238_ADH_44.png
train,4_ADH,BRACS_1238,ADH,BRACS_1238_ADH_50.png,5385982,/BRACS_RoI/latest_version/train/4_ADH/BRACS_1238_ADH_50.png
train,4_ADH,BRACS_1238,ADH,BRACS_1238_ADH_57.png,8714391,/BRACS_RoI/latest_version/train/4_ADH/BRACS_1238_ADH_57.png
train,4_ADH,BRACS_1238,ADH,BRACS_1238_ADH_6.png,948754,/BRACS_RoI/latest_version/train/4_ADH/BRACS_1238_ADH_6.png
train,4_ADH,BRACS_1238,ADH,BRACS_1238_ADH_7.png,1873326,/BRACS_RoI/latest_version/train/4_ADH/BRACS_1238_ADH_7.png
train,4_ADH,BRACS_1238,ADH,BRACS_1238_ADH_8.png,2419936,/BRACS_RoI/latest_version/train/4_ADH/BRACS_1238_ADH_8.png
train,4_ADH,BRACS_1247,ADH,BRACS_1247_ADH_17.png,11679980,/BRACS_RoI/latest_version/train/4_ADH/BRACS_1247_ADH_17.png
train,4_ADH,BRACS_1272,ADH,BRACS_1272_ADH_10.png,2243006,/BRACS_RoI/latest_version/train/4_ADH/BRACS_1272_ADH_10.png
train,4_ADH,BRACS_1272,ADH,BRACS_1272_ADH_17.png,1577576,/BRACS_RoI/latest_version/train/4_ADH/BRACS_1272_ADH_17.png
train,4_ADH,BRACS_1272,ADH,BRACS_1272_ADH_2.png,1561975,/BRACS_RoI/latest_version/train/4_ADH/BRACS_1272_ADH_2.png
train,4_ADH,BRACS_1272,ADH,BRACS_1272_ADH_21.png,3254279,/BRACS_RoI/latest_version/train/4_ADH/BRACS_1272_ADH_21.png
train,4_ADH,BRACS_1272,ADH,BRACS_1272_ADH_22.png,1049497,/BRACS_RoI/latest_version/train/4_ADH/BRACS_1272_ADH_22.png
train,4_ADH,BRACS_1272,ADH,BRACS_1272_ADH_23.png,3832913,/BRACS_RoI/latest_version/train/4_ADH/BRACS_1272_ADH_23.png
train,4_ADH,BRACS_1272,ADH,BRACS_1272_ADH_27.png,862130,/BRACS_RoI/latest_version/train/4_ADH/BRACS_1272_ADH_27.png
train,4_ADH,BRACS_1272,ADH,BRACS_1272_ADH_33.png,756735,/BRACS_RoI/latest_version/train/4_ADH/BRACS_1272_ADH_33.png
train,4_ADH,BRACS_1272,ADH,BRACS_1272_ADH_40.png,2540620,/BRACS_RoI/latest_version/train/4_ADH/BRACS_1272_ADH_40.png
train,4_ADH,BRACS_1272,ADH,BRACS_1272_ADH_43.png,1404428,/BRACS_RoI/latest_version/train/4_ADH/BRACS_1272_ADH_43.png
train,4_ADH,BRACS_1272,ADH,BRACS_1272_ADH_5.png,1321368,/BRACS_RoI/latest_version/train/4_ADH/BRACS_1272_ADH_5.png
train,4_ADH,BRACS_1272,ADH,BRACS_1272_ADH_8.png,4368973,/BRACS_RoI/latest_version/train/4_ADH/BRACS_1272_ADH_8.png
train,4_ADH,BRACS_1369,ADH,BRACS_1369_ADH_1.png,2998584,/BRACS_RoI/latest_version/train/4_ADH/BRACS_1369_ADH_1.png
train,4_ADH,BRACS_1407,ADH,BRACS_1407_ADH_2.png,9641370,/BRACS_RoI/latest_version/train/4_ADH/BRACS_1407_ADH_2.png
train,4_ADH,BRACS_1477,ADH,BRACS_1477_ADH_4.png,6193294,/BRACS_RoI/latest_version/train/4_ADH/BRACS_1477_ADH_4.png
train,4_ADH,BRACS_1477,ADH,BRACS_1477_ADH_6.png,5994318,/BRACS_RoI/latest_version/train/4_ADH/BRACS_1477_ADH_6.png
train,4_ADH,BRACS_1478,ADH,BRACS_1478_ADH_1.png,3743898,/BRACS_RoI/latest_version/train/4_ADH/BRACS_1478_ADH_1.png
train,4_ADH,BRACS_1478,ADH,BRACS_1478_ADH_15.png,6935143,/BRACS_RoI/latest_version/train/4_ADH/BRACS_1478_ADH_15.png
train,4_ADH,BRACS_1478,ADH,BRACS_1478_ADH_17.png,2002395,/BRACS_RoI/latest_version/train/4_ADH/BRACS_1478_ADH_17.png
train,4_ADH,BRACS_1478,ADH,BRACS_1478_ADH_18.png,957668,/BRACS_RoI/latest_version/train/4_ADH/BRACS_1478_ADH_18.png
train,4_ADH,BRACS_1478,ADH,BRACS_1478_ADH_19.png,1104459,/BRACS_RoI/latest_version/train/4_ADH/BRACS_1478_ADH_19.png
train,4_ADH,BRACS_1478,ADH,BRACS_1478_ADH_22.png,694510,/BRACS_RoI/latest_version/train/4_ADH/BRACS_1478_ADH_22.png
train,4_ADH,BRACS_1478,ADH,BRACS_1478_ADH_25.png,1059893,/BRACS_RoI/latest_version/train/4_ADH/BRACS_1478_ADH_25.png
train,4_ADH,BRACS_1478,ADH,BRACS_1478_ADH_26.png,616828,/BRACS_RoI/latest_version/train/4_ADH/BRACS_1478_ADH_26.png
train,4_ADH,BRACS_1478,ADH,BRACS_1478_ADH_29.png,4861194,/BRACS_RoI/latest_version/train/4_ADH/BRACS_1478_ADH_29.png
train,4_ADH,BRACS_1478,ADH,BRACS_1478_ADH_3.png,936852,/BRACS_RoI/latest_version/train/4_ADH/BRACS_1478_ADH_3.png
train,4_ADH,BRACS_1478,ADH,BRACS_1478_ADH_31.png,1048420,/BRACS_RoI/latest_version/train/4_ADH/BRACS_1478_ADH_31.png
train,4_ADH,BRACS_1478,ADH,BRACS_1478_ADH_33.png,5558327,/BRACS_RoI/latest_version/train/4_ADH/BRACS_1478_ADH_33.png
train,4_ADH,BRACS_1478,ADH,BRACS_1478_ADH_35.png,1397367,/BRACS_RoI/latest_version/train/4_ADH/BRACS_1478_ADH_35.png
train,4_ADH,BRACS_1478,ADH,BRACS_1478_ADH_36.png,1098504,/BRACS_RoI/latest_version/train/4_ADH/BRACS_1478_ADH_36.png
train,4_ADH,BRACS_1478,ADH,BRACS_1478_ADH_38.png,9644087,/BRACS_RoI/latest_version/train/4_ADH/BRACS_1478_ADH_38.png
train,4_ADH,BRACS_1484,ADH,BRACS_1484_ADH_10.png,6937038,/BRACS_RoI/latest_version/train/4_ADH/BRACS_1484_ADH_10.png
train,4_ADH,BRACS_1484,ADH,BRACS_1484_ADH_20.png,1339535,/BRACS_RoI/latest_version/train/4_ADH/BRACS_1484_ADH_20.png
train,4_ADH,BRACS_1484,ADH,BRACS_1484_ADH_21.png,13145294,/BRACS_RoI/latest_version/train/4_ADH/BRACS_1484_ADH_21.png
train,4_ADH,BRACS_1484,ADH,BRACS_1484_ADH_23.png,4386817,/BRACS_RoI/latest_version/train/4_ADH/BRACS_1484_ADH_23.png
train,4_ADH,BRACS_1484,ADH,BRACS_1484_ADH_29.png,3559783,/BRACS_RoI/latest_version/train/4_ADH/BRACS_1484_ADH_29.png
train,4_ADH,BRACS_1484,ADH,BRACS_1484_ADH_35.png,2911449,/BRACS_RoI/latest_version/train/4_ADH/BRACS_1484_ADH_35.png
train,4_ADH,BRACS_1484,ADH,BRACS_1484_ADH_37.png,2176150,/BRACS_RoI/latest_version/train/4_ADH/BRACS_1484_ADH_37.png
train,4_ADH,BRACS_1484,ADH,BRACS_1484_ADH_38.png,1338280,/BRACS_RoI/latest_version/train/4_ADH/BRACS_1484_ADH_38.png
train,4_ADH,BRACS_1484,ADH,BRACS_1484_ADH_41.png,24063764,/BRACS_RoI/latest_version/train/4_ADH/BRACS_1484_ADH_41.png
train,4_ADH,BRACS_1486,ADH,BRACS_1486_ADH_1.png,4437954,/BRACS_RoI/latest_version/train/4_ADH/BRACS_1486_ADH_1.png
train,4_ADH,BRACS_1487,ADH,BRACS_1487_ADH_12.png,7477734,/BRACS_RoI/latest_version/train/4_ADH/BRACS_1487_ADH_12.png
train,4_ADH,BRACS_1487,ADH,BRACS_1487_ADH_17.png,3229418,/BRACS_RoI/latest_version/train/4_ADH/BRACS_1487_ADH_17.png
train,4_ADH,BRACS_1487,ADH,BRACS_1487_ADH_18.png,11086773,/BRACS_RoI/latest_version/train/4_ADH/BRACS_1487_ADH_18.png
train,4_ADH,BRACS_1487,ADH,BRACS_1487_ADH_2.png,3256216,/BRACS_RoI/latest_version/train/4_ADH/BRACS_1487_ADH_2.png
train,4_ADH,BRACS_1487,ADH,BRACS_1487_ADH_20.png,22307797,/BRACS_RoI/latest_version/train/4_ADH/BRACS_1487_ADH_20.png
train,4_ADH,BRACS_1487,ADH,BRACS_1487_ADH_25.png,24285497,/BRACS_RoI/latest_version/train/4_ADH/BRACS_1487_ADH_25.png
train,4_ADH,BRACS_1487,ADH,BRACS_1487_ADH_28.png,5531797,/BRACS_RoI/latest_version/train/4_ADH/BRACS_1487_ADH_28.png
train,4_ADH,BRACS_1487,ADH,BRACS_1487_ADH_29.png,5229811,/BRACS_RoI/latest_version/train/4_ADH/BRACS_1487_ADH_29.png
train,4_ADH,BRACS_1487,ADH,BRACS_1487_ADH_3.png,3342570,/BRACS_RoI/latest_version/train/4_ADH/BRACS_1487_ADH_3.png
train,4_ADH,BRACS_1487,ADH,BRACS_1487_ADH_35.png,9765323,/BRACS_RoI/latest_version/train/4_ADH/BRACS_1487_ADH_35.png
train,4_ADH,BRACS_1487,ADH,BRACS_1487_ADH_37.png,4599348,/BRACS_RoI/latest_version/train/4_ADH/BRACS_1487_ADH_37.png
train,4_ADH,BRACS_1487,ADH,BRACS_1487_ADH_8.png,8301028,/BRACS_RoI/latest_version/train/4_ADH/BRACS_1487_ADH_8.png
train,4_ADH,BRACS_1487,ADH,BRACS_1487_ADH_9.png,4202724,/BRACS_RoI/latest_version/train/4_ADH/BRACS_1487_ADH_9.png
train,4_ADH,BRACS_1494,ADH,BRACS_1494_ADH_11.png,10525050,/BRACS_RoI/latest_version/train/4_ADH/BRACS_1494_ADH_11.png
train,4_ADH,BRACS_1494,ADH,BRACS_1494_ADH_13.png,3377923,/BRACS_RoI/latest_version/train/4_ADH/BRACS_1494_ADH_13.png
train,4_ADH,BRACS_1494,ADH,BRACS_1494_ADH_26.png,4687475,/BRACS_RoI/latest_version/train/4_ADH/BRACS_1494_ADH_26.png
train,4_ADH,BRACS_1494,ADH,BRACS_1494_ADH_27.png,1802412,/BRACS_RoI/latest_version/train/4_ADH/BRACS_1494_ADH_27.png
train,4_ADH,BRACS_1494,ADH,BRACS_1494_ADH_28.png,4712801,/BRACS_RoI/latest_version/train/4_ADH/BRACS_1494_ADH_28.png
train,4_ADH,BRACS_1494,ADH,BRACS_1494_ADH_34.png,4779517,/BRACS_RoI/latest_version/train/4_ADH/BRACS_1494_ADH_34.png
train,4_ADH,BRACS_1494,ADH,BRACS_1494_ADH_39.png,3862133,/BRACS_RoI/latest_version/train/4_ADH/BRACS_1494_ADH_39.png
train,4_ADH,BRACS_1494,ADH,BRACS_1494_ADH_43.png,1584156,/BRACS_RoI/latest_version/train/4_ADH/BRACS_1494_ADH_43.png
train,4_ADH,BRACS_1494,ADH,BRACS_1494_ADH_46.png,3162854,/BRACS_RoI/latest_version/train/4_ADH/BRACS_1494_ADH_46.png
train,4_ADH,BRACS_1494,ADH,BRACS_1494_ADH_5.png,3478598,/BRACS_RoI/latest_version/train/4_ADH/BRACS_1494_ADH_5.png
train,4_ADH,BRACS_1494,ADH,BRACS_1494_ADH_8.png,8428027,/BRACS_RoI/latest_version/train/4_ADH/BRACS_1494_ADH_8.png
train,4_ADH,BRACS_1496,ADH,BRACS_1496_ADH_1.png,26541658,/BRACS_RoI/latest_version/train/4_ADH/BRACS_1496_ADH_1.png
train,4_ADH,BRACS_1496,ADH,BRACS_1496_ADH_11.png,1158105,/BRACS_RoI/latest_version/train/4_ADH/BRACS_1496_ADH_11.png
train,4_ADH,BRACS_1496,ADH,BRACS_1496_ADH_15.png,2727113,/BRACS_RoI/latest_version/train/4_ADH/BRACS_1496_ADH_15.png
train,4_ADH,BRACS_1496,ADH,BRACS_1496_ADH_16.png,4458071,/BRACS_RoI/latest_version/train/4_ADH/BRACS_1496_ADH_16.png
train,4_ADH,BRACS_1496,ADH,BRACS_1496_ADH_21.png,3237651,/BRACS_RoI/latest_version/train/4_ADH/BRACS_1496_ADH_21.png
train,4_ADH,BRACS_1496,ADH,BRACS_1496_ADH_25.png,7932177,/BRACS_RoI/latest_version/train/4_ADH/BRACS_1496_ADH_25.png
train,4_ADH,BRACS_1496,ADH,BRACS_1496_ADH_29.png,2017026,/BRACS_RoI/latest_version/train/4_ADH/BRACS_1496_ADH_29.png
train,4_ADH,BRACS_1496,ADH,BRACS_1496_ADH_4.png,13414775,/BRACS_RoI/latest_version/train/4_ADH/BRACS_1496_ADH_4.png
train,4_ADH,BRACS_1496,ADH,BRACS_1496_ADH_43.png,1779558,/BRACS_RoI/latest_version/train/4_ADH/BRACS_1496_ADH_43.png
train,4_ADH,BRACS_1496,ADH,BRACS_1496_ADH_44.png,6541165,/BRACS_RoI/latest_version/train/4_ADH/BRACS_1496_ADH_44.png
train,4_ADH,BRACS_1496,ADH,BRACS_1496_ADH_48.png,12803039,/BRACS_RoI/latest_version/train/4_ADH/BRACS_1496_ADH_48.png
train,4_ADH,BRACS_1496,ADH,BRACS_1496_ADH_7.png,14042001,/BRACS_RoI/latest_version/train/4_ADH/BRACS_1496_ADH_7.png
train,4_ADH,BRACS_1496,ADH,BRACS_1496_ADH_8.png,5424546,/BRACS_RoI/latest_version/train/4_ADH/BRACS_1496_ADH_8.png
train,4_ADH,BRACS_1496,ADH,BRACS_1496_ADH_9.png,4454624,/BRACS_RoI/latest_version/train/4_ADH/BRACS_1496_ADH_9.png
train,4_ADH,BRACS_1497,ADH,BRACS_1497_ADH_22.png,6351900,/BRACS_RoI/latest_version/train/4_ADH/BRACS_1497_ADH_22.png
train,4_ADH,BRACS_1497,ADH,BRACS_1497_ADH_8.png,3919030,/BRACS_RoI/latest_version/train/4_ADH/BRACS_1497_ADH_8.png
train,4_ADH,BRACS_1497,ADH,BRACS_1497_ADH_9.png,10737038,/BRACS_RoI/latest_version/train/4_ADH/BRACS_1497_ADH_9.png
train,4_ADH,BRACS_1499,ADH,BRACS_1499_ADH_5.png,3153323,/BRACS_RoI/latest_version/train/4_ADH/BRACS_1499_ADH_5.png
train,4_ADH,BRACS_1509,ADH,BRACS_1509_ADH_2.png,12226796,/BRACS_RoI/latest_version/train/4_ADH/BRACS_1509_ADH_2.png
train,4_ADH,BRACS_1616,ADH,BRACS_1616_ADH_2.png,1222195,/BRACS_RoI/latest_version/train/4_ADH/BRACS_1616_ADH_2.png
train,4_ADH,BRACS_1616,ADH,BRACS_1616_ADH_3.png,1747207,/BRACS_RoI/latest_version/train/4_ADH/BRACS_1616_ADH_3.png
train,4_ADH,BRACS_1616,ADH,BRACS_1616_ADH_5.png,2143759,/BRACS_RoI/latest_version/train/4_ADH/BRACS_1616_ADH_5.png
train,4_ADH,BRACS_1616,ADH,BRACS_1616_ADH_6.png,5031044,/BRACS_RoI/latest_version/train/4_ADH/BRACS_1616_ADH_6.png
train,4_ADH,BRACS_1622,ADH,BRACS_1622_ADH_4.png,2589062,/BRACS_RoI/latest_version/train/4_ADH/BRACS_1622_ADH_4.png
train,4_ADH,BRACS_1637,ADH,BRACS_1637_ADH_10.png,2931234,/BRACS_RoI/latest_version/train/4_ADH/BRACS_1637_ADH_10.png
train,4_ADH,BRACS_1637,ADH,BRACS_1637_ADH_13.png,5446629,/BRACS_RoI/latest_version/train/4_ADH/BRACS_1637_ADH_13.png
train,4_ADH,BRACS_1637,ADH,BRACS_1637_ADH_14.png,2803672,/BRACS_RoI/latest_version/train/4_ADH/BRACS_1637_ADH_14.png
train,4_ADH,BRACS_1637,ADH,BRACS_1637_ADH_17.png,2496336,/BRACS_RoI/latest_version/train/4_ADH/BRACS_1637_ADH_17.png
train,4_ADH,BRACS_1637,ADH,BRACS_1637_ADH_20.png,2632090,/BRACS_RoI/latest_version/train/4_ADH/BRACS_1637_ADH_20.png
train,4_ADH,BRACS_1637,ADH,BRACS_1637_ADH_5.png,3593471,/BRACS_RoI/latest_version/train/4_ADH/BRACS_1637_ADH_5.png
train,4_ADH,BRACS_1637,ADH,BRACS_1637_ADH_7.png,2744646,/BRACS_RoI/latest_version/train/4_ADH/BRACS_1637_ADH_7.png
train,4_ADH,BRACS_1794,ADH,BRACS_1794_ADH_2.png,2000978,/BRACS_RoI/latest_version/train/4_ADH/BRACS_1794_ADH_2.png
train,4_ADH,BRACS_1795,ADH,BRACS_1795_ADH_30.png,1149291,/BRACS_RoI/latest_version/train/4_ADH/BRACS_1795_ADH_30.png
train,4_ADH,BRACS_1795,ADH,BRACS_1795_ADH_52.png,3228378,/BRACS_RoI/latest_version/train/4_ADH/BRACS_1795_ADH_52.png
train,4_ADH,BRACS_1808,ADH,BRACS_1808_ADH_14.png,12837119,/BRACS_RoI/latest_version/train/4_ADH/BRACS_1808_ADH_14.png
train,4_ADH,BRACS_1808,ADH,BRACS_1808_ADH_21.png,1883510,/BRACS_RoI/latest_version/train/4_ADH/BRACS_1808_ADH_21.png
train,4_ADH,BRACS_1808,ADH,BRACS_1808_ADH_24.png,13109592,/BRACS_RoI/latest_version/train/4_ADH/BRACS_1808_ADH_24.png
train,4_ADH,BRACS_1808,ADH,BRACS_1808_ADH_37.png,1537441,/BRACS_RoI/latest_version/train/4_ADH/BRACS_1808_ADH_37.png
train,4_ADH,BRACS_1808,ADH,BRACS_1808_ADH_51.png,1444198,/BRACS_RoI/latest_version/train/4_ADH/BRACS_1808_ADH_51.png
train,4_ADH,BRACS_1808,ADH,BRACS_1808_ADH_52.png,5059026,/BRACS_RoI/latest_version/train/4_ADH/BRACS_1808_ADH_52.png
train,4_ADH,BRACS_1808,ADH,BRACS_1808_ADH_57.png,17547733,/BRACS_RoI/latest_version/train/4_ADH/BRACS_1808_ADH_57.png
train,4_ADH,BRACS_1808,ADH,BRACS_1808_ADH_6.png,3646565,/BRACS_RoI/latest_version/train/4_ADH/BRACS_1808_ADH_6.png
train,4_ADH,BRACS_1808,ADH,BRACS_1808_ADH_67.png,7849280,/BRACS_RoI/latest_version/train/4_ADH/BRACS_1808_ADH_67.png
train,4_ADH,BRACS_1808,ADH,BRACS_1808_ADH_82.png,4510860,/BRACS_RoI/latest_version/train/4_ADH/BRACS_1808_ADH_82.png
train,4_ADH,BRACS_1808,ADH,BRACS_1808_ADH_9.png,10408345,/BRACS_RoI/latest_version/train/4_ADH/BRACS_1808_ADH_9.png
train,4_ADH,BRACS_1808,ADH,BRACS_1808_ADH_95.png,16264839,/BRACS_RoI/latest_version/train/4_ADH/BRACS_1808_ADH_95.png
train,4_ADH,BRACS_1810,ADH,BRACS_1810_ADH_20.png,10278697,/BRACS_RoI/latest_version/train/4_ADH/BRACS_1810_ADH_20.png
train,4_ADH,BRACS_1810,ADH,BRACS_1810_ADH_21.png,2876570,/BRACS_RoI/latest_version/train/4_ADH/BRACS_1810_ADH_21.png
train,4_ADH,BRACS_1810,ADH,BRACS_1810_ADH_32.png,6751109,/BRACS_RoI/latest_version/train/4_ADH/BRACS_1810_ADH_32.png
train,4_ADH,BRACS_1810,ADH,BRACS_1810_ADH_37.png,12942113,/BRACS_RoI/latest_version/train/4_ADH/BRACS_1810_ADH_37.png
train,4_ADH,BRACS_1810,ADH,BRACS_1810_ADH_4.png,15152642,/BRACS_RoI/latest_version/train/4_ADH/BRACS_1810_ADH_4.png
train,4_ADH,BRACS_1810,ADH,BRACS_1810_ADH_40.png,10214673,/BRACS_RoI/latest_version/train/4_ADH/BRACS_1810_ADH_40.png
train,4_ADH,BRACS_1810,ADH,BRACS_1810_ADH_48.png,12211910,/BRACS_RoI/latest_version/train/4_ADH/BRACS_1810_ADH_48.png
train,4_ADH,BRACS_1810,ADH,BRACS_1810_ADH_49.png,6269554,/BRACS_RoI/latest_version/train/4_ADH/BRACS_1810_ADH_49.png
train,4_ADH,BRACS_1810,ADH,BRACS_1810_ADH_61.png,8978161,/BRACS_RoI/latest_version/train/4_ADH/BRACS_1810_ADH_61.png
train,4_ADH,BRACS_1810,ADH,BRACS_1810_ADH_66.png,2775308,/BRACS_RoI/latest_version/train/4_ADH/BRACS_1810_ADH_66.png
train,4_ADH,BRACS_1810,ADH,BRACS_1810_ADH_67.png,3489443,/BRACS_RoI/latest_version/train/4_ADH/BRACS_1810_ADH_67.png
train,4_ADH,BRACS_1811,ADH,BRACS_1811_ADH_12.png,3366948,/BRACS_RoI/latest_version/train/4_ADH/BRACS_1811_ADH_12.png
train,4_ADH,BRACS_1811,ADH,BRACS_1811_ADH_15.png,5052364,/BRACS_RoI/latest_version/train/4_ADH/BRACS_1811_ADH_15.png
train,4_ADH,BRACS_1811,ADH,BRACS_1811_ADH_2.png,7572008,/BRACS_RoI/latest_version/train/4_ADH/BRACS_1811_ADH_2.png
train,4_ADH,BRACS_1811,ADH,BRACS_1811_ADH_21.png,4115687,/BRACS_RoI/latest_version/train/4_ADH/BRACS_1811_ADH_21.png
train,4_ADH,BRACS_1811,ADH,BRACS_1811_ADH_22.png,3510746,/BRACS_RoI/latest_version/train/4_ADH/BRACS_1811_ADH_22.png
train,4_ADH,BRACS_1811,ADH,BRACS_1811_ADH_23.png,5121225,/BRACS_RoI/latest_version/train/4_ADH/BRACS_1811_ADH_23.png
train,4_ADH,BRACS_1811,ADH,BRACS_1811_ADH_26.png,5342381,/BRACS_RoI/latest_version/train/4_ADH/BRACS_1811_ADH_26.png
train,4_ADH,BRACS_1811,ADH,BRACS_1811_ADH_29.png,8434520,/BRACS_RoI/latest_version/train/4_ADH/BRACS_1811_ADH_29.png
train,4_ADH,BRACS_1811,ADH,BRACS_1811_ADH_30.png,12724827,/BRACS_RoI/latest_version/train/4_ADH/BRACS_1811_ADH_30.png
train,4_ADH,BRACS_1811,ADH,BRACS_1811_ADH_32.png,4620798,/BRACS_RoI/latest_version/train/4_ADH/BRACS_1811_ADH_32.png
train,4_ADH,BRACS_1811,ADH,BRACS_1811_ADH_4.png,31754230,/BRACS_RoI/latest_version/train/4_ADH/BRACS_1811_ADH_4.png
train,4_ADH,BRACS_1812,ADH,BRACS_1812_ADH_1.png,22272006,/BRACS_RoI/latest_version/train/4_ADH/BRACS_1812_ADH_1.png
train,4_ADH,BRACS_1812,ADH,BRACS_1812_ADH_5.png,39415354,/BRACS_RoI/latest_version/train/4_ADH/BRACS_1812_ADH_5.png
train,4_ADH,BRACS_1812,ADH,BRACS_1812_ADH_7.png,69844584,/BRACS_RoI/latest_version/train/4_ADH/BRACS_1812_ADH_7.png
train,4_ADH,BRACS_1812,ADH,BRACS_1812_ADH_9.png,22733808,/BRACS_RoI/latest_version/train/4_ADH/BRACS_1812_ADH_9.png
train,4_ADH,BRACS_1840,ADH,BRACS_1840_ADH_1.png,3381894,/BRACS_RoI/latest_version/train/4_ADH/BRACS_1840_ADH_1.png
train,4_ADH,BRACS_1860,ADH,BRACS_1860_ADH_12.png,3023530,/BRACS_RoI/latest_version/train/4_ADH/BRACS_1860_ADH_12.png
train,4_ADH,BRACS_1860,ADH,BRACS_1860_ADH_13.png,3952819,/BRACS_RoI/latest_version/train/4_ADH/BRACS_1860_ADH_13.png
train,4_ADH,BRACS_1860,ADH,BRACS_1860_ADH_8.png,2407832,/BRACS_RoI/latest_version/train/4_ADH/BRACS_1860_ADH_8.png
train,4_ADH,BRACS_1861,ADH,BRACS_1861_ADH_10.png,2157005,/BRACS_RoI/latest_version/train/4_ADH/BRACS_1861_ADH_10.png
train,4_ADH,BRACS_1861,ADH,BRACS_1861_ADH_5.png,1611042,/BRACS_RoI/latest_version/train/4_ADH/BRACS_1861_ADH_5.png
train,4_ADH,BRACS_1861,ADH,BRACS_1861_ADH_7.png,17708177,/BRACS_RoI/latest_version/train/4_ADH/BRACS_1861_ADH_7.png
train,4_ADH,BRACS_1861,ADH,BRACS_1861_ADH_8.png,4689042,/BRACS_RoI/latest_version/train/4_ADH/BRACS_1861_ADH_8.png
train,4_ADH,BRACS_1863,ADH,BRACS_1863_ADH_12.png,7333078,/BRACS_RoI/latest_version/train/4_ADH/BRACS_1863_ADH_12.png
train,4_ADH,BRACS_1863,ADH,BRACS_1863_ADH_3.png,13894983,/BRACS_RoI/latest_version/train/4_ADH/BRACS_1863_ADH_3.png
train,4_ADH,BRACS_1863,ADH,BRACS_1863_ADH_6.png,7200378,/BRACS_RoI/latest_version/train/4_ADH/BRACS_1863_ADH_6.png
train,4_ADH,BRACS_1864,ADH,BRACS_1864_ADH_18.png,2908502,/BRACS_RoI/latest_version/train/4_ADH/BRACS_1864_ADH_18.png
train,4_ADH,BRACS_1864,ADH,BRACS_1864_ADH_8.png,4596689,/BRACS_RoI/latest_version/train/4_ADH/BRACS_1864_ADH_8.png
train,4_ADH,BRACS_1875,ADH,BRACS_1875_ADH_5.png,8050948,/BRACS_RoI/latest_version/train/4_ADH/BRACS_1875_ADH_5.png
train,4_ADH,BRACS_1875,ADH,BRACS_1875_ADH_6.png,3744086,/BRACS_RoI/latest_version/train/4_ADH/BRACS_1875_ADH_6.png
train,4_ADH,BRACS_1875,ADH,BRACS_1875_ADH_8.png,1832484,/BRACS_RoI/latest_version/train/4_ADH/BRACS_1875_ADH_8.png
train,4_ADH,BRACS_1877,ADH,BRACS_1877_ADH_16.png,4702208,/BRACS_RoI/latest_version/train/4_ADH/BRACS_1877_ADH_16.png
train,4_ADH,BRACS_1877,ADH,BRACS_1877_ADH_18.png,5724315,/BRACS_RoI/latest_version/train/4_ADH/BRACS_1877_ADH_18.png
train,4_ADH,BRACS_1877,ADH,BRACS_1877_ADH_3.png,5002803,/BRACS_RoI/latest_version/train/4_ADH/BRACS_1877_ADH_3.png
train,4_ADH,BRACS_1877,ADH,BRACS_1877_ADH_9.png,3681788,/BRACS_RoI/latest_version/train/4_ADH/BRACS_1877_ADH_9.png
train,4_ADH,BRACS_1882,ADH,BRACS_1882_ADH_1.png,2020356,/BRACS_RoI/latest_version/train/4_ADH/BRACS_1882_ADH_1.png
train,4_ADH,BRACS_1882,ADH,BRACS_1882_ADH_2.png,4084192,/BRACS_RoI/latest_version/train/4_ADH/BRACS_1882_ADH_2.png
train,4_ADH,BRACS_1882,ADH,BRACS_1882_ADH_3.png,2611727,/BRACS_RoI/latest_version/train/4_ADH/BRACS_1882_ADH_3.png
train,4_ADH,BRACS_1882,ADH,BRACS_1882_ADH_5.png,3918364,/BRACS_RoI/latest_version/train/4_ADH/BRACS_1882_ADH_5.png
train,4_ADH,BRACS_1888,ADH,BRACS_1888_ADH_16.png,4802014,/BRACS_RoI/latest_version/train/4_ADH/BRACS_1888_ADH_16.png
train,4_ADH,BRACS_1899,ADH,BRACS_1899_ADH_1.png,1143579,/BRACS_RoI/latest_version/train/4_ADH/BRACS_1899_ADH_1.png
train,4_ADH,BRACS_1899,ADH,BRACS_1899_ADH_13.png,3827254,/BRACS_RoI/latest_version/train/4_ADH/BRACS_1899_ADH_13.png
train,4_ADH,BRACS_1899,ADH,BRACS_1899_ADH_2.png,4587371,/BRACS_RoI/latest_version/train/4_ADH/BRACS_1899_ADH_2.png
train,4_ADH,BRACS_1899,ADH,BRACS_1899_ADH_4.png,3786987,/BRACS_RoI/latest_version/train/4_ADH/BRACS_1899_ADH_4.png
train,4_ADH,BRACS_1899,ADH,BRACS_1899_ADH_5.png,11007200,/BRACS_RoI/latest_version/train/4_ADH/BRACS_1899_ADH_5.png
train,4_ADH,BRACS_1903,ADH,BRACS_1903_ADH_2.png,4168161,/BRACS_RoI/latest_version/train/4_ADH/BRACS_1903_ADH_2.png
train,4_ADH,BRACS_1903,ADH,BRACS_1903_ADH_8.png,3576972,/BRACS_RoI/latest_version/train/4_ADH/BRACS_1903_ADH_8.png
train,4_ADH,BRACS_1903,ADH,BRACS_1903_ADH_9.png,1759437,/BRACS_RoI/latest_version/train/4_ADH/BRACS_1903_ADH_9.png
train,4_ADH,BRACS_1911,ADH,BRACS_1911_ADH_1.png,4670392,/BRACS_RoI/latest_version/train/4_ADH/BRACS_1911_ADH_1.png
train,4_ADH,BRACS_1911,ADH,BRACS_1911_ADH_2.png,2733320,/BRACS_RoI/latest_version/train/4_ADH/BRACS_1911_ADH_2.png
train,4_ADH,BRACS_1911,ADH,BRACS_1911_ADH_3.png,2695115,/BRACS_RoI/latest_version/train/4_ADH/BRACS_1911_ADH_3.png
train,4_ADH,BRACS_1911,ADH,BRACS_1911_ADH_4.png,2429202,/BRACS_RoI/latest_version/train/4_ADH/BRACS_1911_ADH_4.png
train,4_ADH,BRACS_1911,ADH,BRACS_1911_ADH_5.png,5916962,/BRACS_RoI/latest_version/train/4_ADH/BRACS_1911_ADH_5.png
train,4_ADH,BRACS_1911,ADH,BRACS_1911_ADH_6.png,6603071,/BRACS_RoI/latest_version/train/4_ADH/BRACS_1911_ADH_6.png
train,4_ADH,BRACS_1911,ADH,BRACS_1911_ADH_7.png,6511781,/BRACS_RoI/latest_version/train/4_ADH/BRACS_1911_ADH_7.png
train,4_ADH,BRACS_1912,ADH,BRACS_1912_ADH_3.png,4192140,/BRACS_RoI/latest_version/train/4_ADH/BRACS_1912_ADH_3.png
train,4_ADH,BRACS_1912,ADH,BRACS_1912_ADH_4.png,8133120,/BRACS_RoI/latest_version/train/4_ADH/BRACS_1912_ADH_4.png
train,4_ADH,BRACS_1912,ADH,BRACS_1912_ADH_5.png,14299102,/BRACS_RoI/latest_version/train/4_ADH/BRACS_1912_ADH_5.png
train,4_ADH,BRACS_1912,ADH,BRACS_1912_ADH_7.png,3191827,/BRACS_RoI/latest_version/train/4_ADH/BRACS_1912_ADH_7.png
train,4_ADH,BRACS_1912,ADH,BRACS_1912_ADH_8.png,9888571,/BRACS_RoI/latest_version/train/4_ADH/BRACS_1912_ADH_8.png
train,4_ADH,BRACS_1913,ADH,BRACS_1913_ADH_4.png,1681382,/BRACS_RoI/latest_version/train/4_ADH/BRACS_1913_ADH_4.png
train,4_ADH,BRACS_1915,ADH,BRACS_1915_ADH_4.png,4098243,/BRACS_RoI/latest_version/train/4_ADH/BRACS_1915_ADH_4.png
train,4_ADH,BRACS_1920,ADH,BRACS_1920_ADH_1.png,1237627,/BRACS_RoI/latest_version/train/4_ADH/BRACS_1920_ADH_1.png
train,4_ADH,BRACS_1920,ADH,BRACS_1920_ADH_6.png,1608216,/BRACS_RoI/latest_version/train/4_ADH/BRACS_1920_ADH_6.png
train,4_ADH,BRACS_1920,ADH,BRACS_1920_ADH_7.png,1645069,/BRACS_RoI/latest_version/train/4_ADH/BRACS_1920_ADH_7.png
train,4_ADH,BRACS_1921,ADH,BRACS_1921_ADH_1.png,11526857,/BRACS_RoI/latest_version/train/4_ADH/BRACS_1921_ADH_1.png
train,4_ADH,BRACS_1921,ADH,BRACS_1921_ADH_4.png,8499556,/BRACS_RoI/latest_version/train/4_ADH/BRACS_1921_ADH_4.png
train,4_ADH,BRACS_1922,ADH,BRACS_1922_ADH_2.png,35897909,/BRACS_RoI/latest_version/train/4_ADH/BRACS_1922_ADH_2.png
train,4_ADH,BRACS_1922,ADH,BRACS_1922_ADH_8.png,9570443,/BRACS_RoI/latest_version/train/4_ADH/BRACS_1922_ADH_8.png
train,4_ADH,BRACS_1922,ADH,BRACS_1922_ADH_9.png,16907537,/BRACS_RoI/latest_version/train/4_ADH/BRACS_1922_ADH_9.png
train,4_ADH,BRACS_1923,ADH,BRACS_1923_ADH_12.png,15365125,/BRACS_RoI/latest_version/train/4_ADH/BRACS_1923_ADH_12.png
train,4_ADH,BRACS_1923,ADH,BRACS_1923_ADH_7.png,10266899,/BRACS_RoI/latest_version/train/4_ADH/BRACS_1923_ADH_7.png
train,4_ADH,BRACS_1923,ADH,BRACS_1923_ADH_8.png,12296439,/BRACS_RoI/latest_version/train/4_ADH/BRACS_1923_ADH_8.png
train,4_ADH,BRACS_1923,ADH,BRACS_1923_ADH_9.png,17640920,/BRACS_RoI/latest_version/train/4_ADH/BRACS_1923_ADH_9.png
train,4_ADH,BRACS_1925,ADH,BRACS_1925_ADH_7.png,13962155,/BRACS_RoI/latest_version/train/4_ADH/BRACS_1925_ADH_7.png
train,4_ADH,BRACS_1927,ADH,BRACS_1927_ADH_3.png,11865558,/BRACS_RoI/latest_version/train/4_ADH/BRACS_1927_ADH_3.png
train,4_ADH,BRACS_1927,ADH,BRACS_1927_ADH_7.png,10491434,/BRACS_RoI/latest_version/train/4_ADH/BRACS_1927_ADH_7.png
train,4_ADH,BRACS_1928,ADH,BRACS_1928_ADH_1.png,8151041,/BRACS_RoI/latest_version/train/4_ADH/BRACS_1928_ADH_1.png
train,4_ADH,BRACS_1929,ADH,BRACS_1929_ADH_4.png,19817055,/BRACS_RoI/latest_version/train/4_ADH/BRACS_1929_ADH_4.png
train,4_ADH,BRACS_1929,ADH,BRACS_1929_ADH_5.png,13163117,/BRACS_RoI/latest_version/train/4_ADH/BRACS_1929_ADH_5.png
train,4_ADH,BRACS_1930,ADH,BRACS_1930_ADH_15.png,9503667,/BRACS_RoI/latest_version/train/4_ADH/BRACS_1930_ADH_15.png
train,4_ADH,BRACS_1931,ADH,BRACS_1931_ADH_10.png,8414723,/BRACS_RoI/latest_version/train/4_ADH/BRACS_1931_ADH_10.png
train,4_ADH,BRACS_1931,ADH,BRACS_1931_ADH_11.png,6927368,/BRACS_RoI/latest_version/train/4_ADH/BRACS_1931_ADH_11.png
train,4_ADH,BRACS_1931,ADH,BRACS_1931_ADH_6.png,7644031,/BRACS_RoI/latest_version/train/4_ADH/BRACS_1931_ADH_6.png
train,4_ADH,BRACS_1932,ADH,BRACS_1932_ADH_1.png,9281709,/BRACS_RoI/latest_version/train/4_ADH/BRACS_1932_ADH_1.png
train,4_ADH,BRACS_1932,ADH,BRACS_1932_ADH_2.png,7203531,/BRACS_RoI/latest_version/train/4_ADH/BRACS_1932_ADH_2.png
train,4_ADH,BRACS_1933,ADH,BRACS_1933_ADH_12.png,9541694,/BRACS_RoI/latest_version/train/4_ADH/BRACS_1933_ADH_12.png
train,4_ADH,BRACS_1933,ADH,BRACS_1933_ADH_15.png,18501978,/BRACS_RoI/latest_version/train/4_ADH/BRACS_1933_ADH_15.png
train,4_ADH,BRACS_1933,ADH,BRACS_1933_ADH_2.png,8201690,/BRACS_RoI/latest_version/train/4_ADH/BRACS_1933_ADH_2.png
train,4_ADH,BRACS_1933,ADH,BRACS_1933_ADH_3.png,10705389,/BRACS_RoI/latest_version/train/4_ADH/BRACS_1933_ADH_3.png
train,4_ADH,BRACS_1933,ADH,BRACS_1933_ADH_6.png,18410578,/BRACS_RoI/latest_version/train/4_ADH/BRACS_1933_ADH_6.png
train,4_ADH,BRACS_1933,ADH,BRACS_1933_ADH_9.png,9293251,/BRACS_RoI/latest_version/train/4_ADH/BRACS_1933_ADH_9.png
train,4_ADH,BRACS_1934,ADH,BRACS_1934_ADH_9.png,2984451,/BRACS_RoI/latest_version/train/4_ADH/BRACS_1934_ADH_9.png
train,4_ADH,BRACS_1947,ADH,BRACS_1947_ADH_13.png,4193352,/BRACS_RoI/latest_version/train/4_ADH/BRACS_1947_ADH_13.png
train,4_ADH,BRACS_1947,ADH,BRACS_1947_ADH_3.png,2211895,/BRACS_RoI/latest_version/train/4_ADH/BRACS_1947_ADH_3.png
train,4_ADH,BRACS_1950,ADH,BRACS_1950_ADH_18.png,6956424,/BRACS_RoI/latest_version/train/4_ADH/BRACS_1950_ADH_18.png
train,4_ADH,BRACS_1950,ADH,BRACS_1950_ADH_2.png,11452079,/BRACS_RoI/latest_version/train/4_ADH/BRACS_1950_ADH_2.png
train,4_ADH,BRACS_1950,ADH,BRACS_1950_ADH_20.png,13304877,/BRACS_RoI/latest_version/train/4_ADH/BRACS_1950_ADH_20.png
train,4_ADH,BRACS_1950,ADH,BRACS_1950_ADH_22.png,18523042,/BRACS_RoI/latest_version/train/4_ADH/BRACS_1950_ADH_22.png
train,4_ADH,BRACS_1950,ADH,BRACS_1950_ADH_25.png,11276511,/BRACS_RoI/latest_version/train/4_ADH/BRACS_1950_ADH_25.png
train,4_ADH,BRACS_1950,ADH,BRACS_1950_ADH_3.png,6742384,/BRACS_RoI/latest_version/train/4_ADH/BRACS_1950_ADH_3.png
train,4_ADH,BRACS_1950,ADH,BRACS_1950_ADH_31.png,11185665,/BRACS_RoI/latest_version/train/4_ADH/BRACS_1950_ADH_31.png
train,4_ADH,BRACS_1950,ADH,BRACS_1950_ADH_32.png,13470823,/BRACS_RoI/latest_version/train/4_ADH/BRACS_1950_ADH_32.png
train,4_ADH,BRACS_1950,ADH,BRACS_1950_ADH_33.png,9756690,/BRACS_RoI/latest_version/train/4_ADH/BRACS_1950_ADH_33.png
train,4_ADH,BRACS_311,ADH,BRACS_311_ADH_9.png,893671,/BRACS_RoI/latest_version/train/4_ADH/BRACS_311_ADH_9.png
train,4_ADH,BRACS_734,ADH,BRACS_734_ADH_1.png,7224802,/BRACS_RoI/latest_version/train/4_ADH/BRACS_734_ADH_1.png
train,4_ADH,BRACS_734,ADH,BRACS_734_ADH_101.png,3380119,/BRACS_RoI/latest_version/train/4_ADH/BRACS_734_ADH_101.png
train,4_ADH,BRACS_734,ADH,BRACS_734_ADH_104.png,6235782,/BRACS_RoI/latest_version/train/4_ADH/BRACS_734_ADH_104.png
train,4_ADH,BRACS_734,ADH,BRACS_734_ADH_11.png,13864385,/BRACS_RoI/latest_version/train/4_ADH/BRACS_734_ADH_11.png
train,4_ADH,BRACS_734,ADH,BRACS_734_ADH_12.png,3353288,/BRACS_RoI/latest_version/train/4_ADH/BRACS_734_ADH_12.png
train,4_ADH,BRACS_734,ADH,BRACS_734_ADH_13.png,4625744,/BRACS_RoI/latest_version/train/4_ADH/BRACS_734_ADH_13.png
train,4_ADH,BRACS_734,ADH,BRACS_734_ADH_17.png,5920114,/BRACS_RoI/latest_version/train/4_ADH/BRACS_734_ADH_17.png
train,4_ADH,BRACS_734,ADH,BRACS_734_ADH_18.png,7908482,/BRACS_RoI/latest_version/train/4_ADH/BRACS_734_ADH_18.png
train,4_ADH,BRACS_734,ADH,BRACS_734_ADH_2.png,5496076,/BRACS_RoI/latest_version/train/4_ADH/BRACS_734_ADH_2.png
train,4_ADH,BRACS_734,ADH,BRACS_734_ADH_21.png,8213271,/BRACS_RoI/latest_version/train/4_ADH/BRACS_734_ADH_21.png
train,4_ADH,BRACS_734,ADH,BRACS_734_ADH_23.png,5907138,/BRACS_RoI/latest_version/train/4_ADH/BRACS_734_ADH_23.png
train,4_ADH,BRACS_734,ADH,BRACS_734_ADH_25.png,5407662,/BRACS_RoI/latest_version/train/4_ADH/BRACS_734_ADH_25.png
train,4_ADH,BRACS_734,ADH,BRACS_734_ADH_28.png,2175376,/BRACS_RoI/latest_version/train/4_ADH/BRACS_734_ADH_28.png
train,4_ADH,BRACS_734,ADH,BRACS_734_ADH_29.png,5637030,/BRACS_RoI/latest_version/train/4_ADH/BRACS_734_ADH_29.png
train,4_ADH,BRACS_734,ADH,BRACS_734_ADH_30.png,16122517,/BRACS_RoI/latest_version/train/4_ADH/BRACS_734_ADH_30.png
train,4_ADH,BRACS_734,ADH,BRACS_734_ADH_33.png,4598429,/BRACS_RoI/latest_version/train/4_ADH/BRACS_734_ADH_33.png
train,4_ADH,BRACS_734,ADH,BRACS_734_ADH_34.png,8355881,/BRACS_RoI/latest_version/train/4_ADH/BRACS_734_ADH_34.png
train,4_ADH,BRACS_734,ADH,BRACS_734_ADH_37.png,10363799,/BRACS_RoI/latest_version/train/4_ADH/BRACS_734_ADH_37.png
train,4_ADH,BRACS_734,ADH,BRACS_734_ADH_38.png,5833231,/BRACS_RoI/latest_version/train/4_ADH/BRACS_734_ADH_38.png
train,4_ADH,BRACS_734,ADH,BRACS_734_ADH_39.png,8918190,/BRACS_RoI/latest_version/train/4_ADH/BRACS_734_ADH_39.png
train,4_ADH,BRACS_734,ADH,BRACS_734_ADH_41.png,10129785,/BRACS_RoI/latest_version/train/4_ADH/BRACS_734_ADH_41.png
train,4_ADH,BRACS_734,ADH,BRACS_734_ADH_42.png,3766486,/BRACS_RoI/latest_version/train/4_ADH/BRACS_734_ADH_42.png
train,4_ADH,BRACS_734,ADH,BRACS_734_ADH_43.png,3446374,/BRACS_RoI/latest_version/train/4_ADH/BRACS_734_ADH_43.png
train,4_ADH,BRACS_734,ADH,BRACS_734_ADH_45.png,4638056,/BRACS_RoI/latest_version/train/4_ADH/BRACS_734_ADH_45.png
train,4_ADH,BRACS_734,ADH,BRACS_734_ADH_46.png,8180533,/BRACS_RoI/latest_version/train/4_ADH/BRACS_734_ADH_46.png
train,4_ADH,BRACS_734,ADH,BRACS_734_ADH_48.png,6166879,/BRACS_RoI/latest_version/train/4_ADH/BRACS_734_ADH_48.png
train,4_ADH,BRACS_734,ADH,BRACS_734_ADH_49.png,8556778,/BRACS_RoI/latest_version/train/4_ADH/BRACS_734_ADH_49.png
train,4_ADH,BRACS_734,ADH,BRACS_734_ADH_5.png,4697532,/BRACS_RoI/latest_version/train/4_ADH/BRACS_734_ADH_5.png
train,4_ADH,BRACS_734,ADH,BRACS_734_ADH_50.png,5730924,/BRACS_RoI/latest_version/train/4_ADH/BRACS_734_ADH_50.png
train,4_ADH,BRACS_734,ADH,BRACS_734_ADH_51.png,7586197,/BRACS_RoI/latest_version/train/4_ADH/BRACS_734_ADH_51.png
train,4_ADH,BRACS_734,ADH,BRACS_734_ADH_52.png,5792860,/BRACS_RoI/latest_version/train/4_ADH/BRACS_734_ADH_52.png
train,4_ADH,BRACS_734,ADH,BRACS_734_ADH_54.png,4474496,/BRACS_RoI/latest_version/train/4_ADH/BRACS_734_ADH_54.png
train,4_ADH,BRACS_734,ADH,BRACS_734_ADH_55.png,4397790,/BRACS_RoI/latest_version/train/4_ADH/BRACS_734_ADH_55.png
train,4_ADH,BRACS_734,ADH,BRACS_734_ADH_57.png,7210624,/BRACS_RoI/latest_version/train/4_ADH/BRACS_734_ADH_57.png
train,4_ADH,BRACS_734,ADH,BRACS_734_ADH_58.png,1993609,/BRACS_RoI/latest_version/train/4_ADH/BRACS_734_ADH_58.png
train,4_ADH,BRACS_734,ADH,BRACS_734_ADH_59.png,6516180,/BRACS_RoI/latest_version/train/4_ADH/BRACS_734_ADH_59.png
train,4_ADH,BRACS_734,ADH,BRACS_734_ADH_61.png,6365393,/BRACS_RoI/latest_version/train/4_ADH/BRACS_734_ADH_61.png
train,4_ADH,BRACS_734,ADH,BRACS_734_ADH_62.png,9943055,/BRACS_RoI/latest_version/train/4_ADH/BRACS_734_ADH_62.png
train,4_ADH,BRACS_734,ADH,BRACS_734_ADH_63.png,4647197,/BRACS_RoI/latest_version/train/4_ADH/BRACS_734_ADH_63.png
train,4_ADH,BRACS_734,ADH,BRACS_734_ADH_64.png,5323160,/BRACS_RoI/latest_version/train/4_ADH/BRACS_734_ADH_64.png
train,4_ADH,BRACS_734,ADH,BRACS_734_ADH_66.png,4412510,/BRACS_RoI/latest_version/train/4_ADH/BRACS_734_ADH_66.png
train,4_ADH,BRACS_734,ADH,BRACS_734_ADH_68.png,7305028,/BRACS_RoI/latest_version/train/4_ADH/BRACS_734_ADH_68.png
train,4_ADH,BRACS_734,ADH,BRACS_734_ADH_7.png,3564870,/BRACS_RoI/latest_version/train/4_ADH/BRACS_734_ADH_7.png
train,4_ADH,BRACS_734,ADH,BRACS_734_ADH_70.png,4861448,/BRACS_RoI/latest_version/train/4_ADH/BRACS_734_ADH_70.png
train,4_ADH,BRACS_734,ADH,BRACS_734_ADH_72.png,3504423,/BRACS_RoI/latest_version/train/4_ADH/BRACS_734_ADH_72.png
train,4_ADH,BRACS_734,ADH,BRACS_734_ADH_73.png,3378317,/BRACS_RoI/latest_version/train/4_ADH/BRACS_734_ADH_73.png
train,4_ADH,BRACS_734,ADH,BRACS_734_ADH_74.png,6592508,/BRACS_RoI/latest_version/train/4_ADH/BRACS_734_ADH_74.png
train,4_ADH,BRACS_734,ADH,BRACS_734_ADH_76.png,4698597,/BRACS_RoI/latest_version/train/4_ADH/BRACS_734_ADH_76.png
train,4_ADH,BRACS_734,ADH,BRACS_734_ADH_77.png,4101819,/BRACS_RoI/latest_version/train/4_ADH/BRACS_734_ADH_77.png
train,4_ADH,BRACS_734,ADH,BRACS_734_ADH_78.png,3420127,/BRACS_RoI/latest_version/train/4_ADH/BRACS_734_ADH_78.png
train,4_ADH,BRACS_734,ADH,BRACS_734_ADH_79.png,3755349,/BRACS_RoI/latest_version/train/4_ADH/BRACS_734_ADH_79.png
train,4_ADH,BRACS_734,ADH,BRACS_734_ADH_80.png,6448723,/BRACS_RoI/latest_version/train/4_ADH/BRACS_734_ADH_80.png
train,4_ADH,BRACS_734,ADH,BRACS_734_ADH_81.png,4347657,/BRACS_RoI/latest_version/train/4_ADH/BRACS_734_ADH_81.png
train,4_ADH,BRACS_734,ADH,BRACS_734_ADH_82.png,9308703,/BRACS_RoI/latest_version/train/4_ADH/BRACS_734_ADH_82.png
train,4_ADH,BRACS_734,ADH,BRACS_734_ADH_83.png,6093874,/BRACS_RoI/latest_version/train/4_ADH/BRACS_734_ADH_83.png
train,4_ADH,BRACS_734,ADH,BRACS_734_ADH_84.png,9945677,/BRACS_RoI/latest_version/train/4_ADH/BRACS_734_ADH_84.png
train,4_ADH,BRACS_734,ADH,BRACS_734_ADH_85.png,2634587,/BRACS_RoI/latest_version/train/4_ADH/BRACS_734_ADH_85.png
train,4_ADH,BRACS_734,ADH,BRACS_734_ADH_86.png,10530307,/BRACS_RoI/latest_version/train/4_ADH/BRACS_734_ADH_86.png
train,4_ADH,BRACS_734,ADH,BRACS_734_ADH_87.png,3227343,/BRACS_RoI/latest_version/train/4_ADH/BRACS_734_ADH_87.png
train,4_ADH,BRACS_734,ADH,BRACS_734_ADH_88.png,4095974,/BRACS_RoI/latest_version/train/4_ADH/BRACS_734_ADH_88.png
train,4_ADH,BRACS_734,ADH,BRACS_734_ADH_9.png,17971272,/BRACS_RoI/latest_version/train/4_ADH/BRACS_734_ADH_9.png
train,4_ADH,BRACS_734,ADH,BRACS_734_ADH_91.png,3242777,/BRACS_RoI/latest_version/train/4_ADH/BRACS_734_ADH_91.png
train,4_ADH,BRACS_734,ADH,BRACS_734_ADH_92.png,4984596,/BRACS_RoI/latest_version/train/4_ADH/BRACS_734_ADH_92.png
train,4_ADH,BRACS_734,ADH,BRACS_734_ADH_93.png,7006304,/BRACS_RoI/latest_version/train/4_ADH/BRACS_734_ADH_93.png
train,4_ADH,BRACS_734,ADH,BRACS_734_ADH_94.png,8737969,/BRACS_RoI/latest_version/train/4_ADH/BRACS_734_ADH_94.png
train,4_ADH,BRACS_734,ADH,BRACS_734_ADH_96.png,5155916,/BRACS_RoI/latest_version/train/4_ADH/BRACS_734_ADH_96.png
train,4_ADH,BRACS_734,ADH,BRACS_734_ADH_98.png,2684205,/BRACS_RoI/latest_version/train/4_ADH/BRACS_734_ADH_98.png
train,4_ADH,BRACS_747,ADH,BRACS_747_ADH_10.png,1914496,/BRACS_RoI/latest_version/train/4_ADH/BRACS_747_ADH_10.png
train,4_ADH,BRACS_747,ADH,BRACS_747_ADH_12.png,1684602,/BRACS_RoI/latest_version/train/4_ADH/BRACS_747_ADH_12.png
train,4_ADH,BRACS_747,ADH,BRACS_747_ADH_13.png,3884884,/BRACS_RoI/latest_version/train/4_ADH/BRACS_747_ADH_13.png
train,4_ADH,BRACS_747,ADH,BRACS_747_ADH_15.png,6339454,/BRACS_RoI/latest_version/train/4_ADH/BRACS_747_ADH_15.png
train,4_ADH,BRACS_747,ADH,BRACS_747_ADH_17.png,4298802,/BRACS_RoI/latest_version/train/4_ADH/BRACS_747_ADH_17.png
train,4_ADH,BRACS_747,ADH,BRACS_747_ADH_2.png,2260522,/BRACS_RoI/latest_version/train/4_ADH/BRACS_747_ADH_2.png
train,4_ADH,BRACS_747,ADH,BRACS_747_ADH_25.png,1372909,/BRACS_RoI/latest_version/train/4_ADH/BRACS_747_ADH_25.png
train,4_ADH,BRACS_747,ADH,BRACS_747_ADH_3.png,4654224,/BRACS_RoI/latest_version/train/4_ADH/BRACS_747_ADH_3.png
train,4_ADH,BRACS_747,ADH,BRACS_747_ADH_33.png,1091767,/BRACS_RoI/latest_version/train/4_ADH/BRACS_747_ADH_33.png
train,4_ADH,BRACS_747,ADH,BRACS_747_ADH_34.png,1272499,/BRACS_RoI/latest_version/train/4_ADH/BRACS_747_ADH_34.png
train,4_ADH,BRACS_747,ADH,BRACS_747_ADH_46.png,2577531,/BRACS_RoI/latest_version/train/4_ADH/BRACS_747_ADH_46.png
train,4_ADH,BRACS_747,ADH,BRACS_747_ADH_47.png,2322396,/BRACS_RoI/latest_version/train/4_ADH/BRACS_747_ADH_47.png
train,4_ADH,BRACS_747,ADH,BRACS_747_ADH_49.png,2143109,/BRACS_RoI/latest_version/train/4_ADH/BRACS_747_ADH_49.png
train,4_ADH,BRACS_747,ADH,BRACS_747_ADH_5.png,3153731,/BRACS_RoI/latest_version/train/4_ADH/BRACS_747_ADH_5.png
train,4_ADH,BRACS_747,ADH,BRACS_747_ADH_51.png,1187616,/BRACS_RoI/latest_version/train/4_ADH/BRACS_747_ADH_51.png
train,4_ADH,BRACS_747,ADH,BRACS_747_ADH_58.png,2647157,/BRACS_RoI/latest_version/train/4_ADH/BRACS_747_ADH_58.png
train,4_ADH,BRACS_747,ADH,BRACS_747_ADH_6.png,1963723,/BRACS_RoI/latest_version/train/4_ADH/BRACS_747_ADH_6.png
train,4_ADH,BRACS_747,ADH,BRACS_747_ADH_62.png,1469183,/BRACS_RoI/latest_version/train/4_ADH/BRACS_747_ADH_62.png
train,4_ADH,BRACS_747,ADH,BRACS_747_ADH_63.png,14989393,/BRACS_RoI/latest_version/train/4_ADH/BRACS_747_ADH_63.png
train,4_ADH,BRACS_747,ADH,BRACS_747_ADH_8.png,614981,/BRACS_RoI/latest_version/train/4_ADH/BRACS_747_ADH_8.png
train,4_ADH,BRACS_748,ADH,BRACS_748_ADH_23.png,4566126,/BRACS_RoI/latest_version/train/4_ADH/BRACS_748_ADH_23.png
train,4_ADH,BRACS_748,ADH,BRACS_748_ADH_62.png,3069386,/BRACS_RoI/latest_version/train/4_ADH/BRACS_748_ADH_62.png
train,4_ADH,BRACS_748,ADH,BRACS_748_ADH_70.png,8748004,/BRACS_RoI/latest_version/train/4_ADH/BRACS_748_ADH_70.png
train,4_ADH,BRACS_748,ADH,BRACS_748_ADH_94.png,1930400,/BRACS_RoI/latest_version/train/4_ADH/BRACS_748_ADH_94.png
train,4_ADH,BRACS_750,ADH,BRACS_750_ADH_11.png,3393540,/BRACS_RoI/latest_version/train/4_ADH/BRACS_750_ADH_11.png
train,4_ADH,BRACS_750,ADH,BRACS_750_ADH_13.png,2478301,/BRACS_RoI/latest_version/train/4_ADH/BRACS_750_ADH_13.png
train,4_ADH,BRACS_750,ADH,BRACS_750_ADH_20.png,4009419,/BRACS_RoI/latest_version/train/4_ADH/BRACS_750_ADH_20.png
train,4_ADH,BRACS_750,ADH,BRACS_750_ADH_21.png,6670947,/BRACS_RoI/latest_version/train/4_ADH/BRACS_750_ADH_21.png
train,4_ADH,BRACS_750,ADH,BRACS_750_ADH_24.png,5053002,/BRACS_RoI/latest_version/train/4_ADH/BRACS_750_ADH_24.png
train,4_ADH,BRACS_750,ADH,BRACS_750_ADH_3.png,1771038,/BRACS_RoI/latest_version/train/4_ADH/BRACS_750_ADH_3.png
train,4_ADH,BRACS_750,ADH,BRACS_750_ADH_31.png,3257473,/BRACS_RoI/latest_version/train/4_ADH/BRACS_750_ADH_31.png
train,4_ADH,BRACS_750,ADH,BRACS_750_ADH_36.png,1987844,/BRACS_RoI/latest_version/train/4_ADH/BRACS_750_ADH_36.png
train,4_ADH,BRACS_752,ADH,BRACS_752_ADH_10.png,6212786,/BRACS_RoI/latest_version/train/4_ADH/BRACS_752_ADH_10.png
train,4_ADH,BRACS_752,ADH,BRACS_752_ADH_22.png,3163712,/BRACS_RoI/latest_version/train/4_ADH/BRACS_752_ADH_22.png
train,4_ADH,BRACS_752,ADH,BRACS_752_ADH_26.png,3214683,/BRACS_RoI/latest_version/train/4_ADH/BRACS_752_ADH_26.png
train,4_ADH,BRACS_752,ADH,BRACS_752_ADH_29.png,1570243,/BRACS_RoI/latest_version/train/4_ADH/BRACS_752_ADH_29.png
train,4_ADH,BRACS_752,ADH,BRACS_752_ADH_32.png,4895591,/BRACS_RoI/latest_version/train/4_ADH/BRACS_752_ADH_32.png
train,4_ADH,BRACS_752,ADH,BRACS_752_ADH_35.png,3994001,/BRACS_RoI/latest_version/train/4_ADH/BRACS_752_ADH_35.png
train,4_ADH,BRACS_752,ADH,BRACS_752_ADH_39.png,7509681,/BRACS_RoI/latest_version/train/4_ADH/BRACS_752_ADH_39.png
train,4_ADH,BRACS_752,ADH,BRACS_752_ADH_7.png,4638518,/BRACS_RoI/latest_version/train/4_ADH/BRACS_752_ADH_7.png
train,4_ADH,BRACS_752,ADH,BRACS_752_ADH_8.png,7779263,/BRACS_RoI/latest_version/train/4_ADH/BRACS_752_ADH_8.png
train,4_ADH,BRACS_753,ADH,BRACS_753_ADH_1.png,2273839,/BRACS_RoI/latest_version/train/4_ADH/BRACS_753_ADH_1.png
train,4_ADH,BRACS_753,ADH,BRACS_753_ADH_16.png,1137260,/BRACS_RoI/latest_version/train/4_ADH/BRACS_753_ADH_16.png
train,4_ADH,BRACS_753,ADH,BRACS_753_ADH_18.png,3242430,/BRACS_RoI/latest_version/train/4_ADH/BRACS_753_ADH_18.png
train,4_ADH,BRACS_753,ADH,BRACS_753_ADH_19.png,2581849,/BRACS_RoI/latest_version/train/4_ADH/BRACS_753_ADH_19.png
train,4_ADH,BRACS_753,ADH,BRACS_753_ADH_21.png,4012431,/BRACS_RoI/latest_version/train/4_ADH/BRACS_753_ADH_21.png
train,4_ADH,BRACS_753,ADH,BRACS_753_ADH_4.png,5328655,/BRACS_RoI/latest_version/train/4_ADH/BRACS_753_ADH_4.png
train,4_ADH,BRACS_754,ADH,BRACS_754_ADH_20.png,6600355,/BRACS_RoI/latest_version/train/4_ADH/BRACS_754_ADH_20.png
train,4_ADH,BRACS_754,ADH,BRACS_754_ADH_44.png,5883628,/BRACS_RoI/latest_version/train/4_ADH/BRACS_754_ADH_44.png
train,4_ADH,BRACS_755,ADH,BRACS_755_ADH_1.png,3712791,/BRACS_RoI/latest_version/train/4_ADH/BRACS_755_ADH_1.png
train,4_ADH,BRACS_755,ADH,BRACS_755_ADH_10.png,11458227,/BRACS_RoI/latest_version/train/4_ADH/BRACS_755_ADH_10.png
train,4_ADH,BRACS_755,ADH,BRACS_755_ADH_11.png,3578183,/BRACS_RoI/latest_version/train/4_ADH/BRACS_755_ADH_11.png
train,4_ADH,BRACS_755,ADH,BRACS_755_ADH_12.png,4243669,/BRACS_RoI/latest_version/train/4_ADH/BRACS_755_ADH_12.png
train,4_ADH,BRACS_755,ADH,BRACS_755_ADH_13.png,3438751,/BRACS_RoI/latest_version/train/4_ADH/BRACS_755_ADH_13.png
train,4_ADH,BRACS_755,ADH,BRACS_755_ADH_14.png,7698384,/BRACS_RoI/latest_version/train/4_ADH/BRACS_755_ADH_14.png
train,4_ADH,BRACS_755,ADH,BRACS_755_ADH_15.png,4912040,/BRACS_RoI/latest_version/train/4_ADH/BRACS_755_ADH_15.png
train,4_ADH,BRACS_755,ADH,BRACS_755_ADH_16.png,3294642,/BRACS_RoI/latest_version/train/4_ADH/BRACS_755_ADH_16.png
train,4_ADH,BRACS_755,ADH,BRACS_755_ADH_17.png,1458485,/BRACS_RoI/latest_version/train/4_ADH/BRACS_755_ADH_17.png
train,4_ADH,BRACS_755,ADH,BRACS_755_ADH_18.png,2631176,/BRACS_RoI/latest_version/train/4_ADH/BRACS_755_ADH_18.png
train,4_ADH,BRACS_755,ADH,BRACS_755_ADH_19.png,1896919,/BRACS_RoI/latest_version/train/4_ADH/BRACS_755_ADH_19.png
train,4_ADH,BRACS_755,ADH,BRACS_755_ADH_2.png,3201969,/BRACS_RoI/latest_version/train/4_ADH/BRACS_755_ADH_2.png
train,4_ADH,BRACS_755,ADH,BRACS_755_ADH_20.png,5096224,/BRACS_RoI/latest_version/train/4_ADH/BRACS_755_ADH_20.png
train,4_ADH,BRACS_755,ADH,BRACS_755_ADH_21.png,2872438,/BRACS_RoI/latest_version/train/4_ADH/BRACS_755_ADH_21.png
train,4_ADH,BRACS_755,ADH,BRACS_755_ADH_22.png,2014243,/BRACS_RoI/latest_version/train/4_ADH/BRACS_755_ADH_22.png
train,4_ADH,BRACS_755,ADH,BRACS_755_ADH_24.png,2698034,/BRACS_RoI/latest_version/train/4_ADH/BRACS_755_ADH_24.png
train,4_ADH,BRACS_755,ADH,BRACS_755_ADH_25.png,2400400,/BRACS_RoI/latest_version/train/4_ADH/BRACS_755_ADH_25.png
train,4_ADH,BRACS_755,ADH,BRACS_755_ADH_26.png,1984959,/BRACS_RoI/latest_version/train/4_ADH/BRACS_755_ADH_26.png
train,4_ADH,BRACS_755,ADH,BRACS_755_ADH_29.png,2793083,/BRACS_RoI/latest_version/train/4_ADH/BRACS_755_ADH_29.png
train,4_ADH,BRACS_755,ADH,BRACS_755_ADH_3.png,2030758,/BRACS_RoI/latest_version/train/4_ADH/BRACS_755_ADH_3.png
train,4_ADH,BRACS_755,ADH,BRACS_755_ADH_30.png,8803633,/BRACS_RoI/latest_version/train/4_ADH/BRACS_755_ADH_30.png
train,4_ADH,BRACS_755,ADH,BRACS_755_ADH_31.png,2912493,/BRACS_RoI/latest_version/train/4_ADH/BRACS_755_ADH_31.png
train,4_ADH,BRACS_755,ADH,BRACS_755_ADH_4.png,6207840,/BRACS_RoI/latest_version/train/4_ADH/BRACS_755_ADH_4.png
train,4_ADH,BRACS_755,ADH,BRACS_755_ADH_5.png,2539769,/BRACS_RoI/latest_version/train/4_ADH/BRACS_755_ADH_5.png
train,4_ADH,BRACS_755,ADH,BRACS_755_ADH_6.png,3382300,/BRACS_RoI/latest_version/train/4_ADH/BRACS_755_ADH_6.png
train,4_ADH,BRACS_755,ADH,BRACS_755_ADH_7.png,5499545,/BRACS_RoI/latest_version/train/4_ADH/BRACS_755_ADH_7.png
train,4_ADH,BRACS_755,ADH,BRACS_755_ADH_9.png,2080359,/BRACS_RoI/latest_version/train/4_ADH/BRACS_755_ADH_9.png
train,4_ADH,BRACS_762,ADH,BRACS_762_ADH_14.png,3218590,/BRACS_RoI/latest_version/train/4_ADH/BRACS_762_ADH_14.png
train,5_DCIS,BRACS_1003697,DCIS,BRACS_1003697_DCIS_1.png,23806821,/BRACS_RoI/latest_version/train/5_DCIS/BRACS_1003697_DCIS_1.png
train,5_DCIS,BRACS_1238,DCIS,BRACS_1238_DCIS_15.png,7650196,/BRACS_RoI/latest_version/train/5_DCIS/BRACS_1238_DCIS_15.png
train,5_DCIS,BRACS_1238,DCIS,BRACS_1238_DCIS_37.png,5514937,/BRACS_RoI/latest_version/train/5_DCIS/BRACS_1238_DCIS_37.png
train,5_DCIS,BRACS_1238,DCIS,BRACS_1238_DCIS_46.png,16027952,/BRACS_RoI/latest_version/train/5_DCIS/BRACS_1238_DCIS_46.png
train,5_DCIS,BRACS_1238,DCIS,BRACS_1238_DCIS_48.png,11525463,/BRACS_RoI/latest_version/train/5_DCIS/BRACS_1238_DCIS_48.png
train,5_DCIS,BRACS_1238,DCIS,BRACS_1238_DCIS_54.png,4331811,/BRACS_RoI/latest_version/train/5_DCIS/BRACS_1238_DCIS_54.png
train,5_DCIS,BRACS_1238,DCIS,BRACS_1238_DCIS_59.png,18381850,/BRACS_RoI/latest_version/train/5_DCIS/BRACS_1238_DCIS_59.png
train,5_DCIS,BRACS_1247,DCIS,BRACS_1247_DCIS_1.png,29994600,/BRACS_RoI/latest_version/train/5_DCIS/BRACS_1247_DCIS_1.png
train,5_DCIS,BRACS_1247,DCIS,BRACS_1247_DCIS_10.png,26819918,/BRACS_RoI/latest_version/train/5_DCIS/BRACS_1247_DCIS_10.png
train,5_DCIS,BRACS_1247,DCIS,BRACS_1247_DCIS_11.png,7246482,/BRACS_RoI/latest_version/train/5_DCIS/BRACS_1247_DCIS_11.png
train,5_DCIS,BRACS_1247,DCIS,BRACS_1247_DCIS_12.png,42779471,/BRACS_RoI/latest_version/train/5_DCIS/BRACS_1247_DCIS_12.png
train,5_DCIS,BRACS_1247,DCIS,BRACS_1247_DCIS_13.png,65134026,/BRACS_RoI/latest_version/train/5_DCIS/BRACS_1247_DCIS_13.png
train,5_DCIS,BRACS_1247,DCIS,BRACS_1247_DCIS_14.png,34115179,/BRACS_RoI/latest_version/train/5_DCIS/BRACS_1247_DCIS_14.png
train,5_DCIS,BRACS_1247,DCIS,BRACS_1247_DCIS_15.png,13863382,/BRACS_RoI/latest_version/train/5_DCIS/BRACS_1247_DCIS_15.png
train,5_DCIS,BRACS_1247,DCIS,BRACS_1247_DCIS_16.png,28240308,/BRACS_RoI/latest_version/train/5_DCIS/BRACS_1247_DCIS_16.png
train,5_DCIS,BRACS_1247,DCIS,BRACS_1247_DCIS_18.png,19920236,/BRACS_RoI/latest_version/train/5_DCIS/BRACS_1247_DCIS_18.png
train,5_DCIS,BRACS_1247,DCIS,BRACS_1247_DCIS_19.png,46188925,/BRACS_RoI/latest_version/train/5_DCIS/BRACS_1247_DCIS_19.png
train,5_DCIS,BRACS_1247,DCIS,BRACS_1247_DCIS_2.png,10327554,/BRACS_RoI/latest_version/train/5_DCIS/BRACS_1247_DCIS_2.png
train,5_DCIS,BRACS_1247,DCIS,BRACS_1247_DCIS_20.png,10751296,/BRACS_RoI/latest_version/train/5_DCIS/BRACS_1247_DCIS_20.png
train,5_DCIS,BRACS_1247,DCIS,BRACS_1247_DCIS_21.png,5815993,/BRACS_RoI/latest_version/train/5_DCIS/BRACS_1247_DCIS_21.png
train,5_DCIS,BRACS_1247,DCIS,BRACS_1247_DCIS_22.png,37593461,/BRACS_RoI/latest_version/train/5_DCIS/BRACS_1247_DCIS_22.png
train,5_DCIS,BRACS_1247,DCIS,BRACS_1247_DCIS_23.png,34213404,/BRACS_RoI/latest_version/train/5_DCIS/BRACS_1247_DCIS_23.png
train,5_DCIS,BRACS_1247,DCIS,BRACS_1247_DCIS_24.png,28274228,/BRACS_RoI/latest_version/train/5_DCIS/BRACS_1247_DCIS_24.png
train,5_DCIS,BRACS_1247,DCIS,BRACS_1247_DCIS_25.png,40738114,/BRACS_RoI/latest_version/train/5_DCIS/BRACS_1247_DCIS_25.png
train,5_DCIS,BRACS_1247,DCIS,BRACS_1247_DCIS_26.png,41576071,/BRACS_RoI/latest_version/train/5_DCIS/BRACS_1247_DCIS_26.png
train,5_DCIS,BRACS_1247,DCIS,BRACS_1247_DCIS_27.png,14532358,/BRACS_RoI/latest_version/train/5_DCIS/BRACS_1247_DCIS_27.png
train,5_DCIS,BRACS_1247,DCIS,BRACS_1247_DCIS_28.png,52670379,/BRACS_RoI/latest_version/train/5_DCIS/BRACS_1247_DCIS_28.png
train,5_DCIS,BRACS_1247,DCIS,BRACS_1247_DCIS_29.png,27079149,/BRACS_RoI/latest_version/train/5_DCIS/BRACS_1247_DCIS_29.png
train,5_DCIS,BRACS_1247,DCIS,BRACS_1247_DCIS_3.png,37647701,/BRACS_RoI/latest_version/train/5_DCIS/BRACS_1247_DCIS_3.png
train,5_DCIS,BRACS_1247,DCIS,BRACS_1247_DCIS_30.png,16972165,/BRACS_RoI/latest_version/train/5_DCIS/BRACS_1247_DCIS_30.png
train,5_DCIS,BRACS_1247,DCIS,BRACS_1247_DCIS_31.png,8679089,/BRACS_RoI/latest_version/train/5_DCIS/BRACS_1247_DCIS_31.png
train,5_DCIS,BRACS_1247,DCIS,BRACS_1247_DCIS_32.png,50861926,/BRACS_RoI/latest_version/train/5_DCIS/BRACS_1247_DCIS_32.png
train,5_DCIS,BRACS_1247,DCIS,BRACS_1247_DCIS_33.png,6234213,/BRACS_RoI/latest_version/train/5_DCIS/BRACS_1247_DCIS_33.png
train,5_DCIS,BRACS_1247,DCIS,BRACS_1247_DCIS_35.png,17945788,/BRACS_RoI/latest_version/train/5_DCIS/BRACS_1247_DCIS_35.png
train,5_DCIS,BRACS_1247,DCIS,BRACS_1247_DCIS_36.png,26175274,/BRACS_RoI/latest_version/train/5_DCIS/BRACS_1247_DCIS_36.png
train,5_DCIS,BRACS_1247,DCIS,BRACS_1247_DCIS_37.png,34723672,/BRACS_RoI/latest_version/train/5_DCIS/BRACS_1247_DCIS_37.png
train,5_DCIS,BRACS_1247,DCIS,BRACS_1247_DCIS_38.png,23561091,/BRACS_RoI/latest_version/train/5_DCIS/BRACS_1247_DCIS_38.png
train,5_DCIS,BRACS_1247,DCIS,BRACS_1247_DCIS_39.png,26512063,/BRACS_RoI/latest_version/train/5_DCIS/BRACS_1247_DCIS_39.png
train,5_DCIS,BRACS_1247,DCIS,BRACS_1247_DCIS_4.png,5514585,/BRACS_RoI/latest_version/train/5_DCIS/BRACS_1247_DCIS_4.png
train,5_DCIS,BRACS_1247,DCIS,BRACS_1247_DCIS_40.png,16665263,/BRACS_RoI/latest_version/train/5_DCIS/BRACS_1247_DCIS_40.png
train,5_DCIS,BRACS_1247,DCIS,BRACS_1247_DCIS_41.png,25402613,/BRACS_RoI/latest_version/train/5_DCIS/BRACS_1247_DCIS_41.png
train,5_DCIS,BRACS_1247,DCIS,BRACS_1247_DCIS_42.png,9779198,/BRACS_RoI/latest_version/train/5_DCIS/BRACS_1247_DCIS_42.png
train,5_DCIS,BRACS_1247,DCIS,BRACS_1247_DCIS_43.png,27513733,/BRACS_RoI/latest_version/train/5_DCIS/BRACS_1247_DCIS_43.png
train,5_DCIS,BRACS_1247,DCIS,BRACS_1247_DCIS_44.png,9404256,/BRACS_RoI/latest_version/train/5_DCIS/BRACS_1247_DCIS_44.png
train,5_DCIS,BRACS_1247,DCIS,BRACS_1247_DCIS_45.png,68757134,/BRACS_RoI/latest_version/train/5_DCIS/BRACS_1247_DCIS_45.png
train,5_DCIS,BRACS_1247,DCIS,BRACS_1247_DCIS_46.png,55955021,/BRACS_RoI/latest_version/train/5_DCIS/BRACS_1247_DCIS_46.png
train,5_DCIS,BRACS_1247,DCIS,BRACS_1247_DCIS_47.png,21550657,/BRACS_RoI/latest_version/train/5_DCIS/BRACS_1247_DCIS_47.png
train,5_DCIS,BRACS_1247,DCIS,BRACS_1247_DCIS_48.png,55050618,/BRACS_RoI/latest_version/train/5_DCIS/BRACS_1247_DCIS_48.png
train,5_DCIS,BRACS_1247,DCIS,BRACS_1247_DCIS_49.png,34847188,/BRACS_RoI/latest_version/train/5_DCIS/BRACS_1247_DCIS_49.png
train,5_DCIS,BRACS_1247,DCIS,BRACS_1247_DCIS_5.png,14978113,/BRACS_RoI/latest_version/train/5_DCIS/BRACS_1247_DCIS_5.png
train,5_DCIS,BRACS_1247,DCIS,BRACS_1247_DCIS_50.png,8187932,/BRACS_RoI/latest_version/train/5_DCIS/BRACS_1247_DCIS_50.png
train,5_DCIS,BRACS_1247,DCIS,BRACS_1247_DCIS_51.png,41411793,/BRACS_RoI/latest_version/train/5_DCIS/BRACS_1247_DCIS_51.png
train,5_DCIS,BRACS_1247,DCIS,BRACS_1247_DCIS_52.png,23606262,/BRACS_RoI/latest_version/train/5_DCIS/BRACS_1247_DCIS_52.png
train,5_DCIS,BRACS_1247,DCIS,BRACS_1247_DCIS_53.png,46524719,/BRACS_RoI/latest_version/train/5_DCIS/BRACS_1247_DCIS_53.png
train,5_DCIS,BRACS_1247,DCIS,BRACS_1247_DCIS_6.png,15096315,/BRACS_RoI/latest_version/train/5_DCIS/BRACS_1247_DCIS_6.png
train,5_DCIS,BRACS_1247,DCIS,BRACS_1247_DCIS_7.png,40401696,/BRACS_RoI/latest_version/train/5_DCIS/BRACS_1247_DCIS_7.png
train,5_DCIS,BRACS_1247,DCIS,BRACS_1247_DCIS_8.png,47831437,/BRACS_RoI/latest_version/train/5_DCIS/BRACS_1247_DCIS_8.png
train,5_DCIS,BRACS_1247,DCIS,BRACS_1247_DCIS_9.png,40768069,/BRACS_RoI/latest_version/train/5_DCIS/BRACS_1247_DCIS_9.png
train,5_DCIS,BRACS_1272,DCIS,BRACS_1272_DCIS_14.png,10940080,/BRACS_RoI/latest_version/train/5_DCIS/BRACS_1272_DCIS_14.png
train,5_DCIS,BRACS_1292,DCIS,BRACS_1292_DCIS_1.png,3004000,/BRACS_RoI/latest_version/train/5_DCIS/BRACS_1292_DCIS_1.png
train,5_DCIS,BRACS_1292,DCIS,BRACS_1292_DCIS_11.png,5528600,/BRACS_RoI/latest_version/train/5_DCIS/BRACS_1292_DCIS_11.png
train,5_DCIS,BRACS_1292,DCIS,BRACS_1292_DCIS_12.png,4725602,/BRACS_RoI/latest_version/train/5_DCIS/BRACS_1292_DCIS_12.png
train,5_DCIS,BRACS_1292,DCIS,BRACS_1292_DCIS_2.png,1288661,/BRACS_RoI/latest_version/train/5_DCIS/BRACS_1292_DCIS_2.png
train,5_DCIS,BRACS_1292,DCIS,BRACS_1292_DCIS_4.png,3383853,/BRACS_RoI/latest_version/train/5_DCIS/BRACS_1292_DCIS_4.png
train,5_DCIS,BRACS_1292,DCIS,BRACS_1292_DCIS_6.png,1831429,/BRACS_RoI/latest_version/train/5_DCIS/BRACS_1292_DCIS_6.png
train,5_DCIS,BRACS_1292,DCIS,BRACS_1292_DCIS_7.png,4836322,/BRACS_RoI/latest_version/train/5_DCIS/BRACS_1292_DCIS_7.png
train,5_DCIS,BRACS_1292,DCIS,BRACS_1292_DCIS_8.png,2263433,/BRACS_RoI/latest_version/train/5_DCIS/BRACS_1292_DCIS_8.png
train,5_DCIS,BRACS_1369,DCIS,BRACS_1369_DCIS_2.png,18289253,/BRACS_RoI/latest_version/train/5_DCIS/BRACS_1369_DCIS_2.png
train,5_DCIS,BRACS_1477,DCIS,BRACS_1477_DCIS_1.png,19696520,/BRACS_RoI/latest_version/train/5_DCIS/BRACS_1477_DCIS_1.png
train,5_DCIS,BRACS_1477,DCIS,BRACS_1477_DCIS_3.png,31600646,/BRACS_RoI/latest_version/train/5_DCIS/BRACS_1477_DCIS_3.png
train,5_DCIS,BRACS_1477,DCIS,BRACS_1477_DCIS_8.png,7027517,/BRACS_RoI/latest_version/train/5_DCIS/BRACS_1477_DCIS_8.png
train,5_DCIS,BRACS_1478,DCIS,BRACS_1478_DCIS_10.png,5656404,/BRACS_RoI/latest_version/train/5_DCIS/BRACS_1478_DCIS_10.png
train,5_DCIS,BRACS_1478,DCIS,BRACS_1478_DCIS_11.png,1313386,/BRACS_RoI/latest_version/train/5_DCIS/BRACS_1478_DCIS_11.png
train,5_DCIS,BRACS_1478,DCIS,BRACS_1478_DCIS_12.png,3368484,/BRACS_RoI/latest_version/train/5_DCIS/BRACS_1478_DCIS_12.png
train,5_DCIS,BRACS_1478,DCIS,BRACS_1478_DCIS_13.png,3013370,/BRACS_RoI/latest_version/train/5_DCIS/BRACS_1478_DCIS_13.png
train,5_DCIS,BRACS_1478,DCIS,BRACS_1478_DCIS_14.png,9673045,/BRACS_RoI/latest_version/train/5_DCIS/BRACS_1478_DCIS_14.png
train,5_DCIS,BRACS_1478,DCIS,BRACS_1478_DCIS_16.png,1832350,/BRACS_RoI/latest_version/train/5_DCIS/BRACS_1478_DCIS_16.png
train,5_DCIS,BRACS_1478,DCIS,BRACS_1478_DCIS_2.png,1250039,/BRACS_RoI/latest_version/train/5_DCIS/BRACS_1478_DCIS_2.png
train,5_DCIS,BRACS_1478,DCIS,BRACS_1478_DCIS_20.png,10655164,/BRACS_RoI/latest_version/train/5_DCIS/BRACS_1478_DCIS_20.png
train,5_DCIS,BRACS_1478,DCIS,BRACS_1478_DCIS_21.png,4280839,/BRACS_RoI/latest_version/train/5_DCIS/BRACS_1478_DCIS_21.png
train,5_DCIS,BRACS_1478,DCIS,BRACS_1478_DCIS_24.png,2502663,/BRACS_RoI/latest_version/train/5_DCIS/BRACS_1478_DCIS_24.png
train,5_DCIS,BRACS_1478,DCIS,BRACS_1478_DCIS_27.png,2598812,/BRACS_RoI/latest_version/train/5_DCIS/BRACS_1478_DCIS_27.png
train,5_DCIS,BRACS_1478,DCIS,BRACS_1478_DCIS_28.png,1951726,/BRACS_RoI/latest_version/train/5_DCIS/BRACS_1478_DCIS_28.png
train,5_DCIS,BRACS_1478,DCIS,BRACS_1478_DCIS_30.png,9497757,/BRACS_RoI/latest_version/train/5_DCIS/BRACS_1478_DCIS_30.png
train,5_DCIS,BRACS_1478,DCIS,BRACS_1478_DCIS_32.png,1839469,/BRACS_RoI/latest_version/train/5_DCIS/BRACS_1478_DCIS_32.png
train,5_DCIS,BRACS_1478,DCIS,BRACS_1478_DCIS_34.png,3200002,/BRACS_RoI/latest_version/train/5_DCIS/BRACS_1478_DCIS_34.png
train,5_DCIS,BRACS_1478,DCIS,BRACS_1478_DCIS_37.png,8495608,/BRACS_RoI/latest_version/train/5_DCIS/BRACS_1478_DCIS_37.png
train,5_DCIS,BRACS_1478,DCIS,BRACS_1478_DCIS_4.png,7756951,/BRACS_RoI/latest_version/train/5_DCIS/BRACS_1478_DCIS_4.png
train,5_DCIS,BRACS_1478,DCIS,BRACS_1478_DCIS_5.png,2703446,/BRACS_RoI/latest_version/train/5_DCIS/BRACS_1478_DCIS_5.png
train,5_DCIS,BRACS_1478,DCIS,BRACS_1478_DCIS_6.png,1751586,/BRACS_RoI/latest_version/train/5_DCIS/BRACS_1478_DCIS_6.png
train,5_DCIS,BRACS_1478,DCIS,BRACS_1478_DCIS_7.png,4543929,/BRACS_RoI/latest_version/train/5_DCIS/BRACS_1478_DCIS_7.png
train,5_DCIS,BRACS_1478,DCIS,BRACS_1478_DCIS_8.png,14265883,/BRACS_RoI/latest_version/train/5_DCIS/BRACS_1478_DCIS_8.png
train,5_DCIS,BRACS_1478,DCIS,BRACS_1478_DCIS_9.png,1876630,/BRACS_RoI/latest_version/train/5_DCIS/BRACS_1478_DCIS_9.png
train,5_DCIS,BRACS_1484,DCIS,BRACS_1484_DCIS_13.png,66497348,/BRACS_RoI/latest_version/train/5_DCIS/BRACS_1484_DCIS_13.png
train,5_DCIS,BRACS_1484,DCIS,BRACS_1484_DCIS_22.png,16042439,/BRACS_RoI/latest_version/train/5_DCIS/BRACS_1484_DCIS_22.png
train,5_DCIS,BRACS_1484,DCIS,BRACS_1484_DCIS_25.png,11245359,/BRACS_RoI/latest_version/train/5_DCIS/BRACS_1484_DCIS_25.png
train,5_DCIS,BRACS_1484,DCIS,BRACS_1484_DCIS_27.png,9511247,/BRACS_RoI/latest_version/train/5_DCIS/BRACS_1484_DCIS_27.png
train,5_DCIS,BRACS_1484,DCIS,BRACS_1484_DCIS_30.png,41427639,/BRACS_RoI/latest_version/train/5_DCIS/BRACS_1484_DCIS_30.png
train,5_DCIS,BRACS_1484,DCIS,BRACS_1484_DCIS_31.png,21098378,/BRACS_RoI/latest_version/train/5_DCIS/BRACS_1484_DCIS_31.png
train,5_DCIS,BRACS_1484,DCIS,BRACS_1484_DCIS_33.png,17819085,/BRACS_RoI/latest_version/train/5_DCIS/BRACS_1484_DCIS_33.png
train,5_DCIS,BRACS_1484,DCIS,BRACS_1484_DCIS_34.png,49467523,/BRACS_RoI/latest_version/train/5_DCIS/BRACS_1484_DCIS_34.png
train,5_DCIS,BRACS_1484,DCIS,BRACS_1484_DCIS_39.png,11362684,/BRACS_RoI/latest_version/train/5_DCIS/BRACS_1484_DCIS_39.png
train,5_DCIS,BRACS_1484,DCIS,BRACS_1484_DCIS_43.png,8372627,/BRACS_RoI/latest_version/train/5_DCIS/BRACS_1484_DCIS_43.png
train,5_DCIS,BRACS_1484,DCIS,BRACS_1484_DCIS_7.png,59488572,/BRACS_RoI/latest_version/train/5_DCIS/BRACS_1484_DCIS_7.png
train,5_DCIS,BRACS_1484,DCIS,BRACS_1484_DCIS_8.png,9413707,/BRACS_RoI/latest_version/train/5_DCIS/BRACS_1484_DCIS_8.png
train,5_DCIS,BRACS_1487,DCIS,BRACS_1487_DCIS_11.png,30030481,/BRACS_RoI/latest_version/train/5_DCIS/BRACS_1487_DCIS_11.png
train,5_DCIS,BRACS_1487,DCIS,BRACS_1487_DCIS_24.png,7958687,/BRACS_RoI/latest_version/train/5_DCIS/BRACS_1487_DCIS_24.png
train,5_DCIS,BRACS_1487,DCIS,BRACS_1487_DCIS_27.png,24051416,/BRACS_RoI/latest_version/train/5_DCIS/BRACS_1487_DCIS_27.png
train,5_DCIS,BRACS_1487,DCIS,BRACS_1487_DCIS_4.png,16768555,/BRACS_RoI/latest_version/train/5_DCIS/BRACS_1487_DCIS_4.png
train,5_DCIS,BRACS_1489,DCIS,BRACS_1489_DCIS_1.png,32881327,/BRACS_RoI/latest_version/train/5_DCIS/BRACS_1489_DCIS_1.png
train,5_DCIS,BRACS_1489,DCIS,BRACS_1489_DCIS_10.png,22496780,/BRACS_RoI/latest_version/train/5_DCIS/BRACS_1489_DCIS_10.png
train,5_DCIS,BRACS_1489,DCIS,BRACS_1489_DCIS_11.png,47946028,/BRACS_RoI/latest_version/train/5_DCIS/BRACS_1489_DCIS_11.png
train,5_DCIS,BRACS_1489,DCIS,BRACS_1489_DCIS_12.png,49942364,/BRACS_RoI/latest_version/train/5_DCIS/BRACS_1489_DCIS_12.png
train,5_DCIS,BRACS_1489,DCIS,BRACS_1489_DCIS_13.png,36452220,/BRACS_RoI/latest_version/train/5_DCIS/BRACS_1489_DCIS_13.png
train,5_DCIS,BRACS_1489,DCIS,BRACS_1489_DCIS_14.png,44267225,/BRACS_RoI/latest_version/train/5_DCIS/BRACS_1489_DCIS_14.png
train,5_DCIS,BRACS_1489,DCIS,BRACS_1489_DCIS_15.png,90663479,/BRACS_RoI/latest_version/train/5_DCIS/BRACS_1489_DCIS_15.png
train,5_DCIS,BRACS_1489,DCIS,BRACS_1489_DCIS_16.png,9727041,/BRACS_RoI/latest_version/train/5_DCIS/BRACS_1489_DCIS_16.png
train,5_DCIS,BRACS_1489,DCIS,BRACS_1489_DCIS_17.png,14007230,/BRACS_RoI/latest_version/train/5_DCIS/BRACS_1489_DCIS_17.png
train,5_DCIS,BRACS_1489,DCIS,BRACS_1489_DCIS_18.png,30409104,/BRACS_RoI/latest_version/train/5_DCIS/BRACS_1489_DCIS_18.png
train,5_DCIS,BRACS_1489,DCIS,BRACS_1489_DCIS_2.png,21813797,/BRACS_RoI/latest_version/train/5_DCIS/BRACS_1489_DCIS_2.png
train,5_DCIS,BRACS_1489,DCIS,BRACS_1489_DCIS_3.png,9391831,/BRACS_RoI/latest_version/train/5_DCIS/BRACS_1489_DCIS_3.png
train,5_DCIS,BRACS_1489,DCIS,BRACS_1489_DCIS_4.png,13421476,/BRACS_RoI/latest_version/train/5_DCIS/BRACS_1489_DCIS_4.png
train,5_DCIS,BRACS_1489,DCIS,BRACS_1489_DCIS_5.png,9188364,/BRACS_RoI/latest_version/train/5_DCIS/BRACS_1489_DCIS_5.png
train,5_DCIS,BRACS_1489,DCIS,BRACS_1489_DCIS_6.png,9015260,/BRACS_RoI/latest_version/train/5_DCIS/BRACS_1489_DCIS_6.png
train,5_DCIS,BRACS_1489,DCIS,BRACS_1489_DCIS_7.png,9757558,/BRACS_RoI/latest_version/train/5_DCIS/BRACS_1489_DCIS_7.png
train,5_DCIS,BRACS_1489,DCIS,BRACS_1489_DCIS_8.png,15099551,/BRACS_RoI/latest_version/train/5_DCIS/BRACS_1489_DCIS_8.png
train,5_DCIS,BRACS_1489,DCIS,BRACS_1489_DCIS_9.png,10909132,/BRACS_RoI/latest_version/train/5_DCIS/BRACS_1489_DCIS_9.png
train,5_DCIS,BRACS_1490,DCIS,BRACS_1490_DCIS_1.png,12975595,/BRACS_RoI/latest_version/train/5_DCIS/BRACS_1490_DCIS_1.png
train,5_DCIS,BRACS_1490,DCIS,BRACS_1490_DCIS_10.png,2172521,/BRACS_RoI/latest_version/train/5_DCIS/BRACS_1490_DCIS_10.png
train,5_DCIS,BRACS_1490,DCIS,BRACS_1490_DCIS_2.png,24679418,/BRACS_RoI/latest_version/train/5_DCIS/BRACS_1490_DCIS_2.png
train,5_DCIS,BRACS_1490,DCIS,BRACS_1490_DCIS_4.png,32621082,/BRACS_RoI/latest_version/train/5_DCIS/BRACS_1490_DCIS_4.png
train,5_DCIS,BRACS_1490,DCIS,BRACS_1490_DCIS_5.png,8970471,/BRACS_RoI/latest_version/train/5_DCIS/BRACS_1490_DCIS_5.png
train,5_DCIS,BRACS_1490,DCIS,BRACS_1490_DCIS_7.png,4974596,/BRACS_RoI/latest_version/train/5_DCIS/BRACS_1490_DCIS_7.png
train,5_DCIS,BRACS_1490,DCIS,BRACS_1490_DCIS_8.png,11834888,/BRACS_RoI/latest_version/train/5_DCIS/BRACS_1490_DCIS_8.png
train,5_DCIS,BRACS_1491,DCIS,BRACS_1491_DCIS_1.png,24224590,/BRACS_RoI/latest_version/train/5_DCIS/BRACS_1491_DCIS_1.png
train,5_DCIS,BRACS_1491,DCIS,BRACS_1491_DCIS_10.png,21770384,/BRACS_RoI/latest_version/train/5_DCIS/BRACS_1491_DCIS_10.png
train,5_DCIS,BRACS_1491,DCIS,BRACS_1491_DCIS_11.png,18635731,/BRACS_RoI/latest_version/train/5_DCIS/BRACS_1491_DCIS_11.png
train,5_DCIS,BRACS_1491,DCIS,BRACS_1491_DCIS_12.png,13982135,/BRACS_RoI/latest_version/train/5_DCIS/BRACS_1491_DCIS_12.png
train,5_DCIS,BRACS_1491,DCIS,BRACS_1491_DCIS_13.png,7477088,/BRACS_RoI/latest_version/train/5_DCIS/BRACS_1491_DCIS_13.png
train,5_DCIS,BRACS_1491,DCIS,BRACS_1491_DCIS_14.png,18246824,/BRACS_RoI/latest_version/train/5_DCIS/BRACS_1491_DCIS_14.png
train,5_DCIS,BRACS_1491,DCIS,BRACS_1491_DCIS_15.png,7482589,/BRACS_RoI/latest_version/train/5_DCIS/BRACS_1491_DCIS_15.png
train,5_DCIS,BRACS_1491,DCIS,BRACS_1491_DCIS_16.png,23234907,/BRACS_RoI/latest_version/train/5_DCIS/BRACS_1491_DCIS_16.png
train,5_DCIS,BRACS_1491,DCIS,BRACS_1491_DCIS_17.png,20056353,/BRACS_RoI/latest_version/train/5_DCIS/BRACS_1491_DCIS_17.png
train,5_DCIS,BRACS_1491,DCIS,BRACS_1491_DCIS_18.png,5757459,/BRACS_RoI/latest_version/train/5_DCIS/BRACS_1491_DCIS_18.png
train,5_DCIS,BRACS_1491,DCIS,BRACS_1491_DCIS_19.png,2372902,/BRACS_RoI/latest_version/train/5_DCIS/BRACS_1491_DCIS_19.png
train,5_DCIS,BRACS_1491,DCIS,BRACS_1491_DCIS_2.png,12385560,/BRACS_RoI/latest_version/train/5_DCIS/BRACS_1491_DCIS_2.png
train,5_DCIS,BRACS_1491,DCIS,BRACS_1491_DCIS_20.png,11309720,/BRACS_RoI/latest_version/train/5_DCIS/BRACS_1491_DCIS_20.png
train,5_DCIS,BRACS_1491,DCIS,BRACS_1491_DCIS_21.png,18858387,/BRACS_RoI/latest_version/train/5_DCIS/BRACS_1491_DCIS_21.png
train,5_DCIS,BRACS_1491,DCIS,BRACS_1491_DCIS_22.png,25416417,/BRACS_RoI/latest_version/train/5_DCIS/BRACS_1491_DCIS_22.png
train,5_DCIS,BRACS_1491,DCIS,BRACS_1491_DCIS_23.png,5177083,/BRACS_RoI/latest_version/train/5_DCIS/BRACS_1491_DCIS_23.png
train,5_DCIS,BRACS_1491,DCIS,BRACS_1491_DCIS_24.png,5058777,/BRACS_RoI/latest_version/train/5_DCIS/BRACS_1491_DCIS_24.png
train,5_DCIS,BRACS_1491,DCIS,BRACS_1491_DCIS_25.png,27644225,/BRACS_RoI/latest_version/train/5_DCIS/BRACS_1491_DCIS_25.png
train,5_DCIS,BRACS_1491,DCIS,BRACS_1491_DCIS_26.png,4839788,/BRACS_RoI/latest_version/train/5_DCIS/BRACS_1491_DCIS_26.png
train,5_DCIS,BRACS_1491,DCIS,BRACS_1491_DCIS_27.png,10720855,/BRACS_RoI/latest_version/train/5_DCIS/BRACS_1491_DCIS_27.png
train,5_DCIS,BRACS_1491,DCIS,BRACS_1491_DCIS_28.png,18977537,/BRACS_RoI/latest_version/train/5_DCIS/BRACS_1491_DCIS_28.png
train,5_DCIS,BRACS_1491,DCIS,BRACS_1491_DCIS_29.png,10459428,/BRACS_RoI/latest_version/train/5_DCIS/BRACS_1491_DCIS_29.png
train,5_DCIS,BRACS_1491,DCIS,BRACS_1491_DCIS_3.png,8045886,/BRACS_RoI/latest_version/train/5_DCIS/BRACS_1491_DCIS_3.png
train,5_DCIS,BRACS_1491,DCIS,BRACS_1491_DCIS_30.png,5108812,/BRACS_RoI/latest_version/train/5_DCIS/BRACS_1491_DCIS_30.png
train,5_DCIS,BRACS_1491,DCIS,BRACS_1491_DCIS_31.png,31619500,/BRACS_RoI/latest_version/train/5_DCIS/BRACS_1491_DCIS_31.png
train,5_DCIS,BRACS_1491,DCIS,BRACS_1491_DCIS_32.png,9232957,/BRACS_RoI/latest_version/train/5_DCIS/BRACS_1491_DCIS_32.png
train,5_DCIS,BRACS_1491,DCIS,BRACS_1491_DCIS_33.png,5662959,/BRACS_RoI/latest_version/train/5_DCIS/BRACS_1491_DCIS_33.png
train,5_DCIS,BRACS_1491,DCIS,BRACS_1491_DCIS_34.png,8163148,/BRACS_RoI/latest_version/train/5_DCIS/BRACS_1491_DCIS_34.png
train,5_DCIS,BRACS_1491,DCIS,BRACS_1491_DCIS_35.png,16405130,/BRACS_RoI/latest_version/train/5_DCIS/BRACS_1491_DCIS_35.png
train,5_DCIS,BRACS_1491,DCIS,BRACS_1491_DCIS_36.png,11530360,/BRACS_RoI/latest_version/train/5_DCIS/BRACS_1491_DCIS_36.png
train,5_DCIS,BRACS_1491,DCIS,BRACS_1491_DCIS_37.png,4405202,/BRACS_RoI/latest_version/train/5_DCIS/BRACS_1491_DCIS_37.png
train,5_DCIS,BRACS_1491,DCIS,BRACS_1491_DCIS_38.png,9579648,/BRACS_RoI/latest_version/train/5_DCIS/BRACS_1491_DCIS_38.png
train,5_DCIS,BRACS_1491,DCIS,BRACS_1491_DCIS_4.png,5932076,/BRACS_RoI/latest_version/train/5_DCIS/BRACS_1491_DCIS_4.png
train,5_DCIS,BRACS_1491,DCIS,BRACS_1491_DCIS_5.png,19280379,/BRACS_RoI/latest_version/train/5_DCIS/BRACS_1491_DCIS_5.png
train,5_DCIS,BRACS_1491,DCIS,BRACS_1491_DCIS_6.png,8996575,/BRACS_RoI/latest_version/train/5_DCIS/BRACS_1491_DCIS_6.png
train,5_DCIS,BRACS_1491,DCIS,BRACS_1491_DCIS_7.png,10194590,/BRACS_RoI/latest_version/train/5_DCIS/BRACS_1491_DCIS_7.png
train,5_DCIS,BRACS_1491,DCIS,BRACS_1491_DCIS_8.png,5971317,/BRACS_RoI/latest_version/train/5_DCIS/BRACS_1491_DCIS_8.png
train,5_DCIS,BRACS_1491,DCIS,BRACS_1491_DCIS_9.png,5365355,/BRACS_RoI/latest_version/train/5_DCIS/BRACS_1491_DCIS_9.png
train,5_DCIS,BRACS_1492,DCIS,BRACS_1492_DCIS_1.png,6018683,/BRACS_RoI/latest_version/train/5_DCIS/BRACS_1492_DCIS_1.png
train,5_DCIS,BRACS_1492,DCIS,BRACS_1492_DCIS_10.png,39464205,/BRACS_RoI/latest_version/train/5_DCIS/BRACS_1492_DCIS_10.png
train,5_DCIS,BRACS_1492,DCIS,BRACS_1492_DCIS_2.png,11202580,/BRACS_RoI/latest_version/train/5_DCIS/BRACS_1492_DCIS_2.png
train,5_DCIS,BRACS_1492,DCIS,BRACS_1492_DCIS_3.png,2322279,/BRACS_RoI/latest_version/train/5_DCIS/BRACS_1492_DCIS_3.png
train,5_DCIS,BRACS_1492,DCIS,BRACS_1492_DCIS_4.png,7780703,/BRACS_RoI/latest_version/train/5_DCIS/BRACS_1492_DCIS_4.png
train,5_DCIS,BRACS_1492,DCIS,BRACS_1492_DCIS_5.png,3153632,/BRACS_RoI/latest_version/train/5_DCIS/BRACS_1492_DCIS_5.png
train,5_DCIS,BRACS_1492,DCIS,BRACS_1492_DCIS_6.png,1648123,/BRACS_RoI/latest_version/train/5_DCIS/BRACS_1492_DCIS_6.png
train,5_DCIS,BRACS_1492,DCIS,BRACS_1492_DCIS_7.png,9358809,/BRACS_RoI/latest_version/train/5_DCIS/BRACS_1492_DCIS_7.png
train,5_DCIS,BRACS_1492,DCIS,BRACS_1492_DCIS_8.png,27336067,/BRACS_RoI/latest_version/train/5_DCIS/BRACS_1492_DCIS_8.png
train,5_DCIS,BRACS_1492,DCIS,BRACS_1492_DCIS_9.png,14534271,/BRACS_RoI/latest_version/train/5_DCIS/BRACS_1492_DCIS_9.png
train,5_DCIS,BRACS_1496,DCIS,BRACS_1496_DCIS_22.png,7781419,/BRACS_RoI/latest_version/train/5_DCIS/BRACS_1496_DCIS_22.png
train,5_DCIS,BRACS_1496,DCIS,BRACS_1496_DCIS_41.png,19124430,/BRACS_RoI/latest_version/train/5_DCIS/BRACS_1496_DCIS_41.png
train,5_DCIS,BRACS_1496,DCIS,BRACS_1496_DCIS_49.png,11362602,/BRACS_RoI/latest_version/train/5_DCIS/BRACS_1496_DCIS_49.png
train,5_DCIS,BRACS_1497,DCIS,BRACS_1497_DCIS_18.png,9190370,/BRACS_RoI/latest_version/train/5_DCIS/BRACS_1497_DCIS_18.png
train,5_DCIS,BRACS_1509,DCIS,BRACS_1509_DCIS_1.png,17979649,/BRACS_RoI/latest_version/train/5_DCIS/BRACS_1509_DCIS_1.png
train,5_DCIS,BRACS_1509,DCIS,BRACS_1509_DCIS_11.png,11164534,/BRACS_RoI/latest_version/train/5_DCIS/BRACS_1509_DCIS_11.png
train,5_DCIS,BRACS_1509,DCIS,BRACS_1509_DCIS_12.png,22012572,/BRACS_RoI/latest_version/train/5_DCIS/BRACS_1509_DCIS_12.png
train,5_DCIS,BRACS_1509,DCIS,BRACS_1509_DCIS_13.png,21469039,/BRACS_RoI/latest_version/train/5_DCIS/BRACS_1509_DCIS_13.png
train,5_DCIS,BRACS_1509,DCIS,BRACS_1509_DCIS_14.png,13046466,/BRACS_RoI/latest_version/train/5_DCIS/BRACS_1509_DCIS_14.png
train,5_DCIS,BRACS_1509,DCIS,BRACS_1509_DCIS_15.png,18989113,/BRACS_RoI/latest_version/train/5_DCIS/BRACS_1509_DCIS_15.png
train,5_DCIS,BRACS_1509,DCIS,BRACS_1509_DCIS_16.png,20028595,/BRACS_RoI/latest_version/train/5_DCIS/BRACS_1509_DCIS_16.png
train,5_DCIS,BRACS_1509,DCIS,BRACS_1509_DCIS_18.png,20574670,/BRACS_RoI/latest_version/train/5_DCIS/BRACS_1509_DCIS_18.png
train,5_DCIS,BRACS_1509,DCIS,BRACS_1509_DCIS_19.png,29681958,/BRACS_RoI/latest_version/train/5_DCIS/BRACS_1509_DCIS_19.png
train,5_DCIS,BRACS_1509,DCIS,BRACS_1509_DCIS_22.png,37295615,/BRACS_RoI/latest_version/train/5_DCIS/BRACS_1509_DCIS_22.png
train,5_DCIS,BRACS_1509,DCIS,BRACS_1509_DCIS_23.png,14433691,/BRACS_RoI/latest_version/train/5_DCIS/BRACS_1509_DCIS_23.png
train,5_DCIS,BRACS_1509,DCIS,BRACS_1509_DCIS_3.png,33650382,/BRACS_RoI/latest_version/train/5_DCIS/BRACS_1509_DCIS_3.png
train,5_DCIS,BRACS_1509,DCIS,BRACS_1509_DCIS_4.png,22665247,/BRACS_RoI/latest_version/train/5_DCIS/BRACS_1509_DCIS_4.png
train,5_DCIS,BRACS_1509,DCIS,BRACS_1509_DCIS_5.png,10063169,/BRACS_RoI/latest_version/train/5_DCIS/BRACS_1509_DCIS_5.png
train,5_DCIS,BRACS_1509,DCIS,BRACS_1509_DCIS_7.png,10572220,/BRACS_RoI/latest_version/train/5_DCIS/BRACS_1509_DCIS_7.png
train,5_DCIS,BRACS_1509,DCIS,BRACS_1509_DCIS_8.png,23757568,/BRACS_RoI/latest_version/train/5_DCIS/BRACS_1509_DCIS_8.png
train,5_DCIS,BRACS_1509,DCIS,BRACS_1509_DCIS_9.png,11231863,/BRACS_RoI/latest_version/train/5_DCIS/BRACS_1509_DCIS_9.png
train,5_DCIS,BRACS_1512,DCIS,BRACS_1512_DCIS_1.png,45782167,/BRACS_RoI/latest_version/train/5_DCIS/BRACS_1512_DCIS_1.png
train,5_DCIS,BRACS_1512,DCIS,BRACS_1512_DCIS_10.png,12460938,/BRACS_RoI/latest_version/train/5_DCIS/BRACS_1512_DCIS_10.png
train,5_DCIS,BRACS_1512,DCIS,BRACS_1512_DCIS_11.png,20053735,/BRACS_RoI/latest_version/train/5_DCIS/BRACS_1512_DCIS_11.png
train,5_DCIS,BRACS_1512,DCIS,BRACS_1512_DCIS_12.png,13433016,/BRACS_RoI/latest_version/train/5_DCIS/BRACS_1512_DCIS_12.png
train,5_DCIS,BRACS_1512,DCIS,BRACS_1512_DCIS_13.png,8990467,/BRACS_RoI/latest_version/train/5_DCIS/BRACS_1512_DCIS_13.png
train,5_DCIS,BRACS_1512,DCIS,BRACS_1512_DCIS_14.png,40429913,/BRACS_RoI/latest_version/train/5_DCIS/BRACS_1512_DCIS_14.png
train,5_DCIS,BRACS_1512,DCIS,BRACS_1512_DCIS_15.png,8268041,/BRACS_RoI/latest_version/train/5_DCIS/BRACS_1512_DCIS_15.png
train,5_DCIS,BRACS_1512,DCIS,BRACS_1512_DCIS_16.png,9515107,/BRACS_RoI/latest_version/train/5_DCIS/BRACS_1512_DCIS_16.png
train,5_DCIS,BRACS_1512,DCIS,BRACS_1512_DCIS_17.png,4952975,/BRACS_RoI/latest_version/train/5_DCIS/BRACS_1512_DCIS_17.png
train,5_DCIS,BRACS_1512,DCIS,BRACS_1512_DCIS_18.png,18452541,/BRACS_RoI/latest_version/train/5_DCIS/BRACS_1512_DCIS_18.png
train,5_DCIS,BRACS_1512,DCIS,BRACS_1512_DCIS_19.png,13829095,/BRACS_RoI/latest_version/train/5_DCIS/BRACS_1512_DCIS_19.png
train,5_DCIS,BRACS_1512,DCIS,BRACS_1512_DCIS_2.png,13726896,/BRACS_RoI/latest_version/train/5_DCIS/BRACS_1512_DCIS_2.png
train,5_DCIS,BRACS_1512,DCIS,BRACS_1512_DCIS_20.png,32095136,/BRACS_RoI/latest_version/train/5_DCIS/BRACS_1512_DCIS_20.png
train,5_DCIS,BRACS_1512,DCIS,BRACS_1512_DCIS_21.png,36085410,/BRACS_RoI/latest_version/train/5_DCIS/BRACS_1512_DCIS_21.png
train,5_DCIS,BRACS_1512,DCIS,BRACS_1512_DCIS_22.png,6635915,/BRACS_RoI/latest_version/train/5_DCIS/BRACS_1512_DCIS_22.png
train,5_DCIS,BRACS_1512,DCIS,BRACS_1512_DCIS_23.png,14257231,/BRACS_RoI/latest_version/train/5_DCIS/BRACS_1512_DCIS_23.png
train,5_DCIS,BRACS_1512,DCIS,BRACS_1512_DCIS_24.png,10636917,/BRACS_RoI/latest_version/train/5_DCIS/BRACS_1512_DCIS_24.png
train,5_DCIS,BRACS_1512,DCIS,BRACS_1512_DCIS_25.png,19973931,/BRACS_RoI/latest_version/train/5_DCIS/BRACS_1512_DCIS_25.png
train,5_DCIS,BRACS_1512,DCIS,BRACS_1512_DCIS_3.png,29430345,/BRACS_RoI/latest_version/train/5_DCIS/BRACS_1512_DCIS_3.png
train,5_DCIS,BRACS_1512,DCIS,BRACS_1512_DCIS_4.png,6902256,/BRACS_RoI/latest_version/train/5_DCIS/BRACS_1512_DCIS_4.png
train,5_DCIS,BRACS_1512,DCIS,BRACS_1512_DCIS_5.png,61024859,/BRACS_RoI/latest_version/train/5_DCIS/BRACS_1512_DCIS_5.png
train,5_DCIS,BRACS_1512,DCIS,BRACS_1512_DCIS_6.png,9511706,/BRACS_RoI/latest_version/train/5_DCIS/BRACS_1512_DCIS_6.png
train,5_DCIS,BRACS_1512,DCIS,BRACS_1512_DCIS_7.png,27539339,/BRACS_RoI/latest_version/train/5_DCIS/BRACS_1512_DCIS_7.png
train,5_DCIS,BRACS_1512,DCIS,BRACS_1512_DCIS_8.png,5711777,/BRACS_RoI/latest_version/train/5_DCIS/BRACS_1512_DCIS_8.png
train,5_DCIS,BRACS_1512,DCIS,BRACS_1512_DCIS_9.png,28301307,/BRACS_RoI/latest_version/train/5_DCIS/BRACS_1512_DCIS_9.png
train,5_DCIS,BRACS_1636,DCIS,BRACS_1636_DCIS_10.png,6156153,/BRACS_RoI/latest_version/train/5_DCIS/BRACS_1636_DCIS_10.png
train,5_DCIS,BRACS_1636,DCIS,BRACS_1636_DCIS_13.png,12428973,/BRACS_RoI/latest_version/train/5_DCIS/BRACS_1636_DCIS_13.png
train,5_DCIS,BRACS_1636,DCIS,BRACS_1636_DCIS_2.png,7161018,/BRACS_RoI/latest_version/train/5_DCIS/BRACS_1636_DCIS_2.png
train,5_DCIS,BRACS_1636,DCIS,BRACS_1636_DCIS_3.png,22883040,/BRACS_RoI/latest_version/train/5_DCIS/BRACS_1636_DCIS_3.png
train,5_DCIS,BRACS_1636,DCIS,BRACS_1636_DCIS_4.png,10440365,/BRACS_RoI/latest_version/train/5_DCIS/BRACS_1636_DCIS_4.png
train,5_DCIS,BRACS_1636,DCIS,BRACS_1636_DCIS_7.png,35152311,/BRACS_RoI/latest_version/train/5_DCIS/BRACS_1636_DCIS_7.png
train,5_DCIS,BRACS_1637,DCIS,BRACS_1637_DCIS_11.png,7926299,/BRACS_RoI/latest_version/train/5_DCIS/BRACS_1637_DCIS_11.png
train,5_DCIS,BRACS_1637,DCIS,BRACS_1637_DCIS_12.png,2939532,/BRACS_RoI/latest_version/train/5_DCIS/BRACS_1637_DCIS_12.png
train,5_DCIS,BRACS_1637,DCIS,BRACS_1637_DCIS_8.png,9131712,/BRACS_RoI/latest_version/train/5_DCIS/BRACS_1637_DCIS_8.png
train,5_DCIS,BRACS_1638,DCIS,BRACS_1638_DCIS_1.png,20808518,/BRACS_RoI/latest_version/train/5_DCIS/BRACS_1638_DCIS_1.png
train,5_DCIS,BRACS_1638,DCIS,BRACS_1638_DCIS_10.png,37014922,/BRACS_RoI/latest_version/train/5_DCIS/BRACS_1638_DCIS_10.png
train,5_DCIS,BRACS_1638,DCIS,BRACS_1638_DCIS_16.png,32140660,/BRACS_RoI/latest_version/train/5_DCIS/BRACS_1638_DCIS_16.png
train,5_DCIS,BRACS_1638,DCIS,BRACS_1638_DCIS_3.png,23964638,/BRACS_RoI/latest_version/train/5_DCIS/BRACS_1638_DCIS_3.png
train,5_DCIS,BRACS_1638,DCIS,BRACS_1638_DCIS_6.png,20295329,/BRACS_RoI/latest_version/train/5_DCIS/BRACS_1638_DCIS_6.png
train,5_DCIS,BRACS_1638,DCIS,BRACS_1638_DCIS_9.png,25756046,/BRACS_RoI/latest_version/train/5_DCIS/BRACS_1638_DCIS_9.png
train,5_DCIS,BRACS_1771,DCIS,BRACS_1771_DCIS_80.png,9309692,/BRACS_RoI/latest_version/train/5_DCIS/BRACS_1771_DCIS_80.png
train,5_DCIS,BRACS_1811,DCIS,BRACS_1811_DCIS_36.png,27380871,/BRACS_RoI/latest_version/train/5_DCIS/BRACS_1811_DCIS_36.png
train,5_DCIS,BRACS_1812,DCIS,BRACS_1812_DCIS_3.png,4601310,/BRACS_RoI/latest_version/train/5_DCIS/BRACS_1812_DCIS_3.png
train,5_DCIS,BRACS_1812,DCIS,BRACS_1812_DCIS_6.png,13965492,/BRACS_RoI/latest_version/train/5_DCIS/BRACS_1812_DCIS_6.png
train,5_DCIS,BRACS_1816,DCIS,BRACS_1816_DCIS_2.png,11606176,/BRACS_RoI/latest_version/train/5_DCIS/BRACS_1816_DCIS_2.png
train,5_DCIS,BRACS_1827,DCIS,BRACS_1827_DCIS_1.png,51289849,/BRACS_RoI/latest_version/train/5_DCIS/BRACS_1827_DCIS_1.png
train,5_DCIS,BRACS_1835,DCIS,BRACS_1835_DCIS_2.png,22897693,/BRACS_RoI/latest_version/train/5_DCIS/BRACS_1835_DCIS_2.png
train,5_DCIS,BRACS_1840,DCIS,BRACS_1840_DCIS_2.png,4827533,/BRACS_RoI/latest_version/train/5_DCIS/BRACS_1840_DCIS_2.png
train,5_DCIS,BRACS_1862,DCIS,BRACS_1862_DCIS_11.png,5333384,/BRACS_RoI/latest_version/train/5_DCIS/BRACS_1862_DCIS_11.png
train,5_DCIS,BRACS_1864,DCIS,BRACS_1864_DCIS_1.png,2249973,/BRACS_RoI/latest_version/train/5_DCIS/BRACS_1864_DCIS_1.png
train,5_DCIS,BRACS_1874,DCIS,BRACS_1874_DCIS_4.png,12882308,/BRACS_RoI/latest_version/train/5_DCIS/BRACS_1874_DCIS_4.png
train,5_DCIS,BRACS_1874,DCIS,BRACS_1874_DCIS_5.png,8619202,/BRACS_RoI/latest_version/train/5_DCIS/BRACS_1874_DCIS_5.png
train,5_DCIS,BRACS_1888,DCIS,BRACS_1888_DCIS_12.png,14060897,/BRACS_RoI/latest_version/train/5_DCIS/BRACS_1888_DCIS_12.png
train,5_DCIS,BRACS_1903,DCIS,BRACS_1903_DCIS_12.png,7384992,/BRACS_RoI/latest_version/train/5_DCIS/BRACS_1903_DCIS_12.png
train,5_DCIS,BRACS_1919,DCIS,BRACS_1919_DCIS_1.png,6611983,/BRACS_RoI/latest_version/train/5_DCIS/BRACS_1919_DCIS_1.png
train,5_DCIS,BRACS_1919,DCIS,BRACS_1919_DCIS_2.png,10741157,/BRACS_RoI/latest_version/train/5_DCIS/BRACS_1919_DCIS_2.png
train,5_DCIS,BRACS_1919,DCIS,BRACS_1919_DCIS_4.png,16004431,/BRACS_RoI/latest_version/train/5_DCIS/BRACS_1919_DCIS_4.png
train,5_DCIS,BRACS_1919,DCIS,BRACS_1919_DCIS_5.png,3110799,/BRACS_RoI/latest_version/train/5_DCIS/BRACS_1919_DCIS_5.png
train,5_DCIS,BRACS_1919,DCIS,BRACS_1919_DCIS_6.png,10521704,/BRACS_RoI/latest_version/train/5_DCIS/BRACS_1919_DCIS_6.png
train,5_DCIS,BRACS_1919,DCIS,BRACS_1919_DCIS_7.png,4774359,/BRACS_RoI/latest_version/train/5_DCIS/BRACS_1919_DCIS_7.png
train,5_DCIS,BRACS_1919,DCIS,BRACS_1919_DCIS_8.png,7736924,/BRACS_RoI/latest_version/train/5_DCIS/BRACS_1919_DCIS_8.png
train,5_DCIS,BRACS_1920,DCIS,BRACS_1920_DCIS_3.png,2954998,/BRACS_RoI/latest_version/train/5_DCIS/BRACS_1920_DCIS_3.png
train,5_DCIS,BRACS_1920,DCIS,BRACS_1920_DCIS_4.png,1591304,/BRACS_RoI/latest_version/train/5_DCIS/BRACS_1920_DCIS_4.png
train,5_DCIS,BRACS_1920,DCIS,BRACS_1920_DCIS_5.png,1968260,/BRACS_RoI/latest_version/train/5_DCIS/BRACS_1920_DCIS_5.png
train,5_DCIS,BRACS_1921,DCIS,BRACS_1921_DCIS_2.png,16673460,/BRACS_RoI/latest_version/train/5_DCIS/BRACS_1921_DCIS_2.png
train,5_DCIS,BRACS_1921,DCIS,BRACS_1921_DCIS_3.png,6098089,/BRACS_RoI/latest_version/train/5_DCIS/BRACS_1921_DCIS_3.png
train,5_DCIS,BRACS_1921,DCIS,BRACS_1921_DCIS_5.png,16758698,/BRACS_RoI/latest_version/train/5_DCIS/BRACS_1921_DCIS_5.png
train,5_DCIS,BRACS_1923,DCIS,BRACS_1923_DCIS_1.png,37241642,/BRACS_RoI/latest_version/train/5_DCIS/BRACS_1923_DCIS_1.png
train,5_DCIS,BRACS_1923,DCIS,BRACS_1923_DCIS_10.png,45945758,/BRACS_RoI/latest_version/train/5_DCIS/BRACS_1923_DCIS_10.png
train,5_DCIS,BRACS_1923,DCIS,BRACS_1923_DCIS_14.png,24466836,/BRACS_RoI/latest_version/train/5_DCIS/BRACS_1923_DCIS_14.png
train,5_DCIS,BRACS_1923,DCIS,BRACS_1923_DCIS_4.png,22534577,/BRACS_RoI/latest_version/train/5_DCIS/BRACS_1923_DCIS_4.png
train,5_DCIS,BRACS_1927,DCIS,BRACS_1927_DCIS_1.png,5682344,/BRACS_RoI/latest_version/train/5_DCIS/BRACS_1927_DCIS_1.png
train,5_DCIS,BRACS_1927,DCIS,BRACS_1927_DCIS_2.png,43515904,/BRACS_RoI/latest_version/train/5_DCIS/BRACS_1927_DCIS_2.png
train,5_DCIS,BRACS_1928,DCIS,BRACS_1928_DCIS_6.png,6559019,/BRACS_RoI/latest_version/train/5_DCIS/BRACS_1928_DCIS_6.png
train,5_DCIS,BRACS_1929,DCIS,BRACS_1929_DCIS_1.png,30091412,/BRACS_RoI/latest_version/train/5_DCIS/BRACS_1929_DCIS_1.png
train,5_DCIS,BRACS_1929,DCIS,BRACS_1929_DCIS_3.png,65207739,/BRACS_RoI/latest_version/train/5_DCIS/BRACS_1929_DCIS_3.png
train,5_DCIS,BRACS_1929,DCIS,BRACS_1929_DCIS_6.png,10765268,/BRACS_RoI/latest_version/train/5_DCIS/BRACS_1929_DCIS_6.png
train,5_DCIS,BRACS_1929,DCIS,BRACS_1929_DCIS_7.png,13627239,/BRACS_RoI/latest_version/train/5_DCIS/BRACS_1929_DCIS_7.png
train,5_DCIS,BRACS_1929,DCIS,BRACS_1929_DCIS_8.png,20960776,/BRACS_RoI/latest_version/train/5_DCIS/BRACS_1929_DCIS_8.png
train,5_DCIS,BRACS_1930,DCIS,BRACS_1930_DCIS_1.png,6846178,/BRACS_RoI/latest_version/train/5_DCIS/BRACS_1930_DCIS_1.png
train,5_DCIS,BRACS_1930,DCIS,BRACS_1930_DCIS_10.png,13749447,/BRACS_RoI/latest_version/train/5_DCIS/BRACS_1930_DCIS_10.png
train,5_DCIS,BRACS_1930,DCIS,BRACS_1930_DCIS_11.png,19002253,/BRACS_RoI/latest_version/train/5_DCIS/BRACS_1930_DCIS_11.png
train,5_DCIS,BRACS_1930,DCIS,BRACS_1930_DCIS_12.png,16250676,/BRACS_RoI/latest_version/train/5_DCIS/BRACS_1930_DCIS_12.png
train,5_DCIS,BRACS_1930,DCIS,BRACS_1930_DCIS_13.png,8228494,/BRACS_RoI/latest_version/train/5_DCIS/BRACS_1930_DCIS_13.png
train,5_DCIS,BRACS_1930,DCIS,BRACS_1930_DCIS_14.png,7861006,/BRACS_RoI/latest_version/train/5_DCIS/BRACS_1930_DCIS_14.png
train,5_DCIS,BRACS_1930,DCIS,BRACS_1930_DCIS_16.png,18763161,/BRACS_RoI/latest_version/train/5_DCIS/BRACS_1930_DCIS_16.png
train,5_DCIS,BRACS_1930,DCIS,BRACS_1930_DCIS_17.png,7499591,/BRACS_RoI/latest_version/train/5_DCIS/BRACS_1930_DCIS_17.png
train,5_DCIS,BRACS_1930,DCIS,BRACS_1930_DCIS_18.png,11041457,/BRACS_RoI/latest_version/train/5_DCIS/BRACS_1930_DCIS_18.png
train,5_DCIS,BRACS_1930,DCIS,BRACS_1930_DCIS_19.png,7989893,/BRACS_RoI/latest_version/train/5_DCIS/BRACS_1930_DCIS_19.png
train,5_DCIS,BRACS_1930,DCIS,BRACS_1930_DCIS_2.png,6995413,/BRACS_RoI/latest_version/train/5_DCIS/BRACS_1930_DCIS_2.png
train,5_DCIS,BRACS_1930,DCIS,BRACS_1930_DCIS_20.png,4327334,/BRACS_RoI/latest_version/train/5_DCIS/BRACS_1930_DCIS_20.png
train,5_DCIS,BRACS_1930,DCIS,BRACS_1930_DCIS_21.png,11708712,/BRACS_RoI/latest_version/train/5_DCIS/BRACS_1930_DCIS_21.png
train,5_DCIS,BRACS_1930,DCIS,BRACS_1930_DCIS_3.png,13397787,/BRACS_RoI/latest_version/train/5_DCIS/BRACS_1930_DCIS_3.png
train,5_DCIS,BRACS_1930,DCIS,BRACS_1930_DCIS_4.png,6887933,/BRACS_RoI/latest_version/train/5_DCIS/BRACS_1930_DCIS_4.png
train,5_DCIS,BRACS_1930,DCIS,BRACS_1930_DCIS_5.png,9923456,/BRACS_RoI/latest_version/train/5_DCIS/BRACS_1930_DCIS_5.png
train,5_DCIS,BRACS_1930,DCIS,BRACS_1930_DCIS_6.png,9844431,/BRACS_RoI/latest_version/train/5_DCIS/BRACS_1930_DCIS_6.png
train,5_DCIS,BRACS_1930,DCIS,BRACS_1930_DCIS_7.png,11338073,/BRACS_RoI/latest_version/train/5_DCIS/BRACS_1930_DCIS_7.png
train,5_DCIS,BRACS_1930,DCIS,BRACS_1930_DCIS_8.png,13458209,/BRACS_RoI/latest_version/train/5_DCIS/BRACS_1930_DCIS_8.png
train,5_DCIS,BRACS_1931,DCIS,BRACS_1931_DCIS_12.png,6118692,/BRACS_RoI/latest_version/train/5_DCIS/BRACS_1931_DCIS_12.png
train,5_DCIS,BRACS_1931,DCIS,BRACS_1931_DCIS_3.png,7391836,/BRACS_RoI/latest_version/train/5_DCIS/BRACS_1931_DCIS_3.png
train,5_DCIS,BRACS_1931,DCIS,BRACS_1931_DCIS_4.png,4375044,/BRACS_RoI/latest_version/train/5_DCIS/BRACS_1931_DCIS_4.png
train,5_DCIS,BRACS_1931,DCIS,BRACS_1931_DCIS_8.png,7020738,/BRACS_RoI/latest_version/train/5_DCIS/BRACS_1931_DCIS_8.png
train,5_DCIS,BRACS_1931,DCIS,BRACS_1931_DCIS_9.png,10629628,/BRACS_RoI/latest_version/train/5_DCIS/BRACS_1931_DCIS_9.png
train,5_DCIS,BRACS_1947,DCIS,BRACS_1947_DCIS_10.png,17488972,/BRACS_RoI/latest_version/train/5_DCIS/BRACS_1947_DCIS_10.png
train,5_DCIS,BRACS_1947,DCIS,BRACS_1947_DCIS_11.png,11348053,/BRACS_RoI/latest_version/train/5_DCIS/BRACS_1947_DCIS_11.png
train,5_DCIS,BRACS_1947,DCIS,BRACS_1947_DCIS_12.png,7268280,/BRACS_RoI/latest_version/train/5_DCIS/BRACS_1947_DCIS_12.png
train,5_DCIS,BRACS_1947,DCIS,BRACS_1947_DCIS_4.png,11586652,/BRACS_RoI/latest_version/train/5_DCIS/BRACS_1947_DCIS_4.png
train,5_DCIS,BRACS_1947,DCIS,BRACS_1947_DCIS_5.png,16629431,/BRACS_RoI/latest_version/train/5_DCIS/BRACS_1947_DCIS_5.png
train,5_DCIS,BRACS_1947,DCIS,BRACS_1947_DCIS_7.png,8160239,/BRACS_RoI/latest_version/train/5_DCIS/BRACS_1947_DCIS_7.png
train,5_DCIS,BRACS_1947,DCIS,BRACS_1947_DCIS_8.png,13944752,/BRACS_RoI/latest_version/train/5_DCIS/BRACS_1947_DCIS_8.png
train,5_DCIS,BRACS_1950,DCIS,BRACS_1950_DCIS_10.png,20486132,/BRACS_RoI/latest_version/train/5_DCIS/BRACS_1950_DCIS_10.png
train,5_DCIS,BRACS_1950,DCIS,BRACS_1950_DCIS_17.png,8852257,/BRACS_RoI/latest_version/train/5_DCIS/BRACS_1950_DCIS_17.png
train,5_DCIS,BRACS_1950,DCIS,BRACS_1950_DCIS_23.png,18428339,/BRACS_RoI/latest_version/train/5_DCIS/BRACS_1950_DCIS_23.png
train,5_DCIS,BRACS_1950,DCIS,BRACS_1950_DCIS_5.png,7097124,/BRACS_RoI/latest_version/train/5_DCIS/BRACS_1950_DCIS_5.png
train,5_DCIS,BRACS_1950,DCIS,BRACS_1950_DCIS_6.png,9563202,/BRACS_RoI/latest_version/train/5_DCIS/BRACS_1950_DCIS_6.png
train,5_DCIS,BRACS_283,DCIS,BRACS_283_DCIS_1.png,3377029,/BRACS_RoI/latest_version/train/5_DCIS/BRACS_283_DCIS_1.png
train,5_DCIS,BRACS_283,DCIS,BRACS_283_DCIS_13.png,4287479,/BRACS_RoI/latest_version/train/5_DCIS/BRACS_283_DCIS_13.png
train,5_DCIS,BRACS_283,DCIS,BRACS_283_DCIS_19.png,2601829,/BRACS_RoI/latest_version/train/5_DCIS/BRACS_283_DCIS_19.png
train,5_DCIS,BRACS_283,DCIS,BRACS_283_DCIS_26.png,6224086,/BRACS_RoI/latest_version/train/5_DCIS/BRACS_283_DCIS_26.png
train,5_DCIS,BRACS_283,DCIS,BRACS_283_DCIS_27.png,3422753,/BRACS_RoI/latest_version/train/5_DCIS/BRACS_283_DCIS_27.png
train,5_DCIS,BRACS_283,DCIS,BRACS_283_DCIS_28.png,3073546,/BRACS_RoI/latest_version/train/5_DCIS/BRACS_283_DCIS_28.png
train,5_DCIS,BRACS_283,DCIS,BRACS_283_DCIS_29.png,16786352,/BRACS_RoI/latest_version/train/5_DCIS/BRACS_283_DCIS_29.png
train,5_DCIS,BRACS_283,DCIS,BRACS_283_DCIS_34.png,20501953,/BRACS_RoI/latest_version/train/5_DCIS/BRACS_283_DCIS_34.png
train,5_DCIS,BRACS_283,DCIS,BRACS_283_DCIS_4.png,10618932,/BRACS_RoI/latest_version/train/5_DCIS/BRACS_283_DCIS_4.png
train,5_DCIS,BRACS_283,DCIS,BRACS_283_DCIS_41.png,12594550,/BRACS_RoI/latest_version/train/5_DCIS/BRACS_283_DCIS_41.png
train,5_DCIS,BRACS_283,DCIS,BRACS_283_DCIS_46.png,19368355,/BRACS_RoI/latest_version/train/5_DCIS/BRACS_283_DCIS_46.png
train,5_DCIS,BRACS_283,DCIS,BRACS_283_DCIS_6.png,8292156,/BRACS_RoI/latest_version/train/5_DCIS/BRACS_283_DCIS_6.png
train,5_DCIS,BRACS_291,DCIS,BRACS_291_DCIS_1.png,11306217,/BRACS_RoI/latest_version/train/5_DCIS/BRACS_291_DCIS_1.png
train,5_DCIS,BRACS_291,DCIS,BRACS_291_DCIS_11.png,12268182,/BRACS_RoI/latest_version/train/5_DCIS/BRACS_291_DCIS_11.png
train,5_DCIS,BRACS_291,DCIS,BRACS_291_DCIS_14.png,17887122,/BRACS_RoI/latest_version/train/5_DCIS/BRACS_291_DCIS_14.png
train,5_DCIS,BRACS_291,DCIS,BRACS_291_DCIS_19.png,10156907,/BRACS_RoI/latest_version/train/5_DCIS/BRACS_291_DCIS_19.png
train,5_DCIS,BRACS_291,DCIS,BRACS_291_DCIS_20.png,27461811,/BRACS_RoI/latest_version/train/5_DCIS/BRACS_291_DCIS_20.png
train,5_DCIS,BRACS_291,DCIS,BRACS_291_DCIS_5.png,15495996,/BRACS_RoI/latest_version/train/5_DCIS/BRACS_291_DCIS_5.png
train,5_DCIS,BRACS_295,DCIS,BRACS_295_DCIS_10.png,1438689,/BRACS_RoI/latest_version/train/5_DCIS/BRACS_295_DCIS_10.png
train,5_DCIS,BRACS_295,DCIS,BRACS_295_DCIS_11.png,1275440,/BRACS_RoI/latest_version/train/5_DCIS/BRACS_295_DCIS_11.png
train,5_DCIS,BRACS_295,DCIS,BRACS_295_DCIS_13.png,3804228,/BRACS_RoI/latest_version/train/5_DCIS/BRACS_295_DCIS_13.png
train,5_DCIS,BRACS_295,DCIS,BRACS_295_DCIS_14.png,1476853,/BRACS_RoI/latest_version/train/5_DCIS/BRACS_295_DCIS_14.png
train,5_DCIS,BRACS_295,DCIS,BRACS_295_DCIS_15.png,1363068,/BRACS_RoI/latest_version/train/5_DCIS/BRACS_295_DCIS_15.png
train,5_DCIS,BRACS_295,DCIS,BRACS_295_DCIS_17.png,2743076,/BRACS_RoI/latest_version/train/5_DCIS/BRACS_295_DCIS_17.png
train,5_DCIS,BRACS_295,DCIS,BRACS_295_DCIS_18.png,7313237,/BRACS_RoI/latest_version/train/5_DCIS/BRACS_295_DCIS_18.png
train,5_DCIS,BRACS_295,DCIS,BRACS_295_DCIS_19.png,2954637,/BRACS_RoI/latest_version/train/5_DCIS/BRACS_295_DCIS_19.png
train,5_DCIS,BRACS_295,DCIS,BRACS_295_DCIS_2.png,1737078,/BRACS_RoI/latest_version/train/5_DCIS/BRACS_295_DCIS_2.png
train,5_DCIS,BRACS_295,DCIS,BRACS_295_DCIS_20.png,810457,/BRACS_RoI/latest_version/train/5_DCIS/BRACS_295_DCIS_20.png
train,5_DCIS,BRACS_295,DCIS,BRACS_295_DCIS_21.png,2138634,/BRACS_RoI/latest_version/train/5_DCIS/BRACS_295_DCIS_21.png
train,5_DCIS,BRACS_295,DCIS,BRACS_295_DCIS_22.png,3198774,/BRACS_RoI/latest_version/train/5_DCIS/BRACS_295_DCIS_22.png
train,5_DCIS,BRACS_295,DCIS,BRACS_295_DCIS_25.png,1191106,/BRACS_RoI/latest_version/train/5_DCIS/BRACS_295_DCIS_25.png
train,5_DCIS,BRACS_295,DCIS,BRACS_295_DCIS_27.png,2130289,/BRACS_RoI/latest_version/train/5_DCIS/BRACS_295_DCIS_27.png
train,5_DCIS,BRACS_295,DCIS,BRACS_295_DCIS_28.png,727748,/BRACS_RoI/latest_version/train/5_DCIS/BRACS_295_DCIS_28.png
train,5_DCIS,BRACS_295,DCIS,BRACS_295_DCIS_29.png,3811425,/BRACS_RoI/latest_version/train/5_DCIS/BRACS_295_DCIS_29.png
train,5_DCIS,BRACS_295,DCIS,BRACS_295_DCIS_3.png,2398039,/BRACS_RoI/latest_version/train/5_DCIS/BRACS_295_DCIS_3.png
train,5_DCIS,BRACS_295,DCIS,BRACS_295_DCIS_30.png,1903357,/BRACS_RoI/latest_version/train/5_DCIS/BRACS_295_DCIS_30.png
train,5_DCIS,BRACS_295,DCIS,BRACS_295_DCIS_31.png,2171186,/BRACS_RoI/latest_version/train/5_DCIS/BRACS_295_DCIS_31.png
train,5_DCIS,BRACS_295,DCIS,BRACS_295_DCIS_32.png,1858661,/BRACS_RoI/latest_version/train/5_DCIS/BRACS_295_DCIS_32.png
train,5_DCIS,BRACS_295,DCIS,BRACS_295_DCIS_34.png,5773620,/BRACS_RoI/latest_version/train/5_DCIS/BRACS_295_DCIS_34.png
train,5_DCIS,BRACS_295,DCIS,BRACS_295_DCIS_35.png,1262717,/BRACS_RoI/latest_version/train/5_DCIS/BRACS_295_DCIS_35.png
train,5_DCIS,BRACS_295,DCIS,BRACS_295_DCIS_36.png,1422965,/BRACS_RoI/latest_version/train/5_DCIS/BRACS_295_DCIS_36.png
train,5_DCIS,BRACS_295,DCIS,BRACS_295_DCIS_38.png,1973294,/BRACS_RoI/latest_version/train/5_DCIS/BRACS_295_DCIS_38.png
train,5_DCIS,BRACS_295,DCIS,BRACS_295_DCIS_39.png,3839096,/BRACS_RoI/latest_version/train/5_DCIS/BRACS_295_DCIS_39.png
train,5_DCIS,BRACS_295,DCIS,BRACS_295_DCIS_4.png,2879516,/BRACS_RoI/latest_version/train/5_DCIS/BRACS_295_DCIS_4.png
train,5_DCIS,BRACS_295,DCIS,BRACS_295_DCIS_41.png,3227255,/BRACS_RoI/latest_version/train/5_DCIS/BRACS_295_DCIS_41.png
train,5_DCIS,BRACS_295,DCIS,BRACS_295_DCIS_42.png,1585327,/BRACS_RoI/latest_version/train/5_DCIS/BRACS_295_DCIS_42.png
train,5_DCIS,BRACS_295,DCIS,BRACS_295_DCIS_44.png,2314964,/BRACS_RoI/latest_version/train/5_DCIS/BRACS_295_DCIS_44.png
train,5_DCIS,BRACS_295,DCIS,BRACS_295_DCIS_45.png,2566976,/BRACS_RoI/latest_version/train/5_DCIS/BRACS_295_DCIS_45.png
train,5_DCIS,BRACS_295,DCIS,BRACS_295_DCIS_46.png,1546434,/BRACS_RoI/latest_version/train/5_DCIS/BRACS_295_DCIS_46.png
train,5_DCIS,BRACS_295,DCIS,BRACS_295_DCIS_47.png,3162052,/BRACS_RoI/latest_version/train/5_DCIS/BRACS_295_DCIS_47.png
train,5_DCIS,BRACS_295,DCIS,BRACS_295_DCIS_48.png,4202826,/BRACS_RoI/latest_version/train/5_DCIS/BRACS_295_DCIS_48.png
train,5_DCIS,BRACS_295,DCIS,BRACS_295_DCIS_5.png,6243768,/BRACS_RoI/latest_version/train/5_DCIS/BRACS_295_DCIS_5.png
train,5_DCIS,BRACS_295,DCIS,BRACS_295_DCIS_51.png,2412409,/BRACS_RoI/latest_version/train/5_DCIS/BRACS_295_DCIS_51.png
train,5_DCIS,BRACS_295,DCIS,BRACS_295_DCIS_52.png,2999476,/BRACS_RoI/latest_version/train/5_DCIS/BRACS_295_DCIS_52.png
train,5_DCIS,BRACS_295,DCIS,BRACS_295_DCIS_53.png,4454987,/BRACS_RoI/latest_version/train/5_DCIS/BRACS_295_DCIS_53.png
train,5_DCIS,BRACS_295,DCIS,BRACS_295_DCIS_54.png,2107114,/BRACS_RoI/latest_version/train/5_DCIS/BRACS_295_DCIS_54.png
train,5_DCIS,BRACS_295,DCIS,BRACS_295_DCIS_56.png,4424760,/BRACS_RoI/latest_version/train/5_DCIS/BRACS_295_DCIS_56.png
train,5_DCIS,BRACS_295,DCIS,BRACS_295_DCIS_57.png,676331,/BRACS_RoI/latest_version/train/5_DCIS/BRACS_295_DCIS_57.png
train,5_DCIS,BRACS_295,DCIS,BRACS_295_DCIS_58.png,1898126,/BRACS_RoI/latest_version/train/5_DCIS/BRACS_295_DCIS_58.png
train,5_DCIS,BRACS_295,DCIS,BRACS_295_DCIS_61.png,551985,/BRACS_RoI/latest_version/train/5_DCIS/BRACS_295_DCIS_61.png
train,5_DCIS,BRACS_295,DCIS,BRACS_295_DCIS_62.png,1439328,/BRACS_RoI/latest_version/train/5_DCIS/BRACS_295_DCIS_62.png
train,5_DCIS,BRACS_295,DCIS,BRACS_295_DCIS_64.png,2492830,/BRACS_RoI/latest_version/train/5_DCIS/BRACS_295_DCIS_64.png
train,5_DCIS,BRACS_295,DCIS,BRACS_295_DCIS_8.png,1634321,/BRACS_RoI/latest_version/train/5_DCIS/BRACS_295_DCIS_8.png
train,5_DCIS,BRACS_311,DCIS,BRACS_311_DCIS_10.png,2753219,/BRACS_RoI/latest_version/train/5_DCIS/BRACS_311_DCIS_10.png
train,5_DCIS,BRACS_311,DCIS,BRACS_311_DCIS_16.png,2923091,/BRACS_RoI/latest_version/train/5_DCIS/BRACS_311_DCIS_16.png
train,5_DCIS,BRACS_311,DCIS,BRACS_311_DCIS_19.png,1032953,/BRACS_RoI/latest_version/train/5_DCIS/BRACS_311_DCIS_19.png
train,5_DCIS,BRACS_311,DCIS,BRACS_311_DCIS_28.png,885146,/BRACS_RoI/latest_version/train/5_DCIS/BRACS_311_DCIS_28.png
train,5_DCIS,BRACS_311,DCIS,BRACS_311_DCIS_3.png,1123587,/BRACS_RoI/latest_version/train/5_DCIS/BRACS_311_DCIS_3.png
train,5_DCIS,BRACS_311,DCIS,BRACS_311_DCIS_30.png,2606606,/BRACS_RoI/latest_version/train/5_DCIS/BRACS_311_DCIS_30.png
train,5_DCIS,BRACS_311,DCIS,BRACS_311_DCIS_31.png,1658701,/BRACS_RoI/latest_version/train/5_DCIS/BRACS_311_DCIS_31.png
train,5_DCIS,BRACS_311,DCIS,BRACS_311_DCIS_32.png,1907386,/BRACS_RoI/latest_version/train/5_DCIS/BRACS_311_DCIS_32.png
train,5_DCIS,BRACS_311,DCIS,BRACS_311_DCIS_35.png,1802100,/BRACS_RoI/latest_version/train/5_DCIS/BRACS_311_DCIS_35.png
train,5_DCIS,BRACS_311,DCIS,BRACS_311_DCIS_39.png,931739,/BRACS_RoI/latest_version/train/5_DCIS/BRACS_311_DCIS_39.png
train,5_DCIS,BRACS_311,DCIS,BRACS_311_DCIS_40.png,2555852,/BRACS_RoI/latest_version/train/5_DCIS/BRACS_311_DCIS_40.png
train,5_DCIS,BRACS_311,DCIS,BRACS_311_DCIS_41.png,1978380,/BRACS_RoI/latest_version/train/5_DCIS/BRACS_311_DCIS_41.png
train,5_DCIS,BRACS_311,DCIS,BRACS_311_DCIS_44.png,732942,/BRACS_RoI/latest_version/train/5_DCIS/BRACS_311_DCIS_44.png
train,5_DCIS,BRACS_311,DCIS,BRACS_311_DCIS_45.png,2426054,/BRACS_RoI/latest_version/train/5_DCIS/BRACS_311_DCIS_45.png
train,5_DCIS,BRACS_311,DCIS,BRACS_311_DCIS_49.png,1120510,/BRACS_RoI/latest_version/train/5_DCIS/BRACS_311_DCIS_49.png
train,5_DCIS,BRACS_311,DCIS,BRACS_311_DCIS_52.png,1902394,/BRACS_RoI/latest_version/train/5_DCIS/BRACS_311_DCIS_52.png
train,5_DCIS,BRACS_311,DCIS,BRACS_311_DCIS_53.png,5823423,/BRACS_RoI/latest_version/train/5_DCIS/BRACS_311_DCIS_53.png
train,5_DCIS,BRACS_311,DCIS,BRACS_311_DCIS_56.png,2191883,/BRACS_RoI/latest_version/train/5_DCIS/BRACS_311_DCIS_56.png
train,5_DCIS,BRACS_311,DCIS,BRACS_311_DCIS_61.png,2133598,/BRACS_RoI/latest_version/train/5_DCIS/BRACS_311_DCIS_61.png
train,5_DCIS,BRACS_311,DCIS,BRACS_311_DCIS_62.png,2407578,/BRACS_RoI/latest_version/train/5_DCIS/BRACS_311_DCIS_62.png
train,5_DCIS,BRACS_311,DCIS,BRACS_311_DCIS_63.png,1656337,/BRACS_RoI/latest_version/train/5_DCIS/BRACS_311_DCIS_63.png
train,5_DCIS,BRACS_311,DCIS,BRACS_311_DCIS_64.png,1327698,/BRACS_RoI/latest_version/train/5_DCIS/BRACS_311_DCIS_64.png
train,5_DCIS,BRACS_311,DCIS,BRACS_311_DCIS_65.png,1648860,/BRACS_RoI/latest_version/train/5_DCIS/BRACS_311_DCIS_65.png
train,5_DCIS,BRACS_311,DCIS,BRACS_311_DCIS_70.png,1638274,/BRACS_RoI/latest_version/train/5_DCIS/BRACS_311_DCIS_70.png
train,5_DCIS,BRACS_311,DCIS,BRACS_311_DCIS_72.png,2758870,/BRACS_RoI/latest_version/train/5_DCIS/BRACS_311_DCIS_72.png
train,5_DCIS,BRACS_311,DCIS,BRACS_311_DCIS_75.png,2934078,/BRACS_RoI/latest_version/train/5_DCIS/BRACS_311_DCIS_75.png
train,5_DCIS,BRACS_311,DCIS,BRACS_311_DCIS_77.png,2536720,/BRACS_RoI/latest_version/train/5_DCIS/BRACS_311_DCIS_77.png
train,5_DCIS,BRACS_734,DCIS,BRACS_734_DCIS_20.png,12901565,/BRACS_RoI/latest_version/train/5_DCIS/BRACS_734_DCIS_20.png
train,5_DCIS,BRACS_734,DCIS,BRACS_734_DCIS_8.png,6816574,/BRACS_RoI/latest_version/train/5_DCIS/BRACS_734_DCIS_8.png
train,5_DCIS,BRACS_734,DCIS,BRACS_734_DCIS_97.png,23955322,/BRACS_RoI/latest_version/train/5_DCIS/BRACS_734_DCIS_97.png
train,5_DCIS,BRACS_747,DCIS,BRACS_747_DCIS_22.png,5489640,/BRACS_RoI/latest_version/train/5_DCIS/BRACS_747_DCIS_22.png
train,5_DCIS,BRACS_747,DCIS,BRACS_747_DCIS_52.png,12098719,/BRACS_RoI/latest_version/train/5_DCIS/BRACS_747_DCIS_52.png
train,5_DCIS,BRACS_747,DCIS,BRACS_747_DCIS_54.png,6846850,/BRACS_RoI/latest_version/train/5_DCIS/BRACS_747_DCIS_54.png
train,5_DCIS,BRACS_748,DCIS,BRACS_748_DCIS_1.png,19994442,/BRACS_RoI/latest_version/train/5_DCIS/BRACS_748_DCIS_1.png
train,5_DCIS,BRACS_748,DCIS,BRACS_748_DCIS_10.png,4461884,/BRACS_RoI/latest_version/train/5_DCIS/BRACS_748_DCIS_10.png
train,5_DCIS,BRACS_748,DCIS,BRACS_748_DCIS_11.png,12636736,/BRACS_RoI/latest_version/train/5_DCIS/BRACS_748_DCIS_11.png
train,5_DCIS,BRACS_748,DCIS,BRACS_748_DCIS_12.png,4135426,/BRACS_RoI/latest_version/train/5_DCIS/BRACS_748_DCIS_12.png
train,5_DCIS,BRACS_748,DCIS,BRACS_748_DCIS_13.png,17194945,/BRACS_RoI/latest_version/train/5_DCIS/BRACS_748_DCIS_13.png
train,5_DCIS,BRACS_748,DCIS,BRACS_748_DCIS_14.png,13469461,/BRACS_RoI/latest_version/train/5_DCIS/BRACS_748_DCIS_14.png
train,5_DCIS,BRACS_748,DCIS,BRACS_748_DCIS_15.png,14175615,/BRACS_RoI/latest_version/train/5_DCIS/BRACS_748_DCIS_15.png
train,5_DCIS,BRACS_748,DCIS,BRACS_748_DCIS_16.png,8383918,/BRACS_RoI/latest_version/train/5_DCIS/BRACS_748_DCIS_16.png
train,5_DCIS,BRACS_748,DCIS,BRACS_748_DCIS_17.png,43844307,/BRACS_RoI/latest_version/train/5_DCIS/BRACS_748_DCIS_17.png
train,5_DCIS,BRACS_748,DCIS,BRACS_748_DCIS_18.png,16445784,/BRACS_RoI/latest_version/train/5_DCIS/BRACS_748_DCIS_18.png
train,5_DCIS,BRACS_748,DCIS,BRACS_748_DCIS_19.png,27444547,/BRACS_RoI/latest_version/train/5_DCIS/BRACS_748_DCIS_19.png
train,5_DCIS,BRACS_748,DCIS,BRACS_748_DCIS_2.png,6253761,/BRACS_RoI/latest_version/train/5_DCIS/BRACS_748_DCIS_2.png
train,5_DCIS,BRACS_748,DCIS,BRACS_748_DCIS_20.png,2999783,/BRACS_RoI/latest_version/train/5_DCIS/BRACS_748_DCIS_20.png
train,5_DCIS,BRACS_748,DCIS,BRACS_748_DCIS_21.png,11727275,/BRACS_RoI/latest_version/train/5_DCIS/BRACS_748_DCIS_21.png
train,5_DCIS,BRACS_748,DCIS,BRACS_748_DCIS_22.png,17429018,/BRACS_RoI/latest_version/train/5_DCIS/BRACS_748_DCIS_22.png
train,5_DCIS,BRACS_748,DCIS,BRACS_748_DCIS_24.png,19939071,/BRACS_RoI/latest_version/train/5_DCIS/BRACS_748_DCIS_24.png
train,5_DCIS,BRACS_748,DCIS,BRACS_748_DCIS_25.png,8490636,/BRACS_RoI/latest_version/train/5_DCIS/BRACS_748_DCIS_25.png
train,5_DCIS,BRACS_748,DCIS,BRACS_748_DCIS_26.png,49287574,/BRACS_RoI/latest_version/train/5_DCIS/BRACS_748_DCIS_26.png
train,5_DCIS,BRACS_748,DCIS,BRACS_748_DCIS_27.png,5646000,/BRACS_RoI/latest_version/train/5_DCIS/BRACS_748_DCIS_27.png
train,5_DCIS,BRACS_748,DCIS,BRACS_748_DCIS_28.png,6362969,/BRACS_RoI/latest_version/train/5_DCIS/BRACS_748_DCIS_28.png
train,5_DCIS,BRACS_748,DCIS,BRACS_748_DCIS_29.png,16886190,/BRACS_RoI/latest_version/train/5_DCIS/BRACS_748_DCIS_29.png
train,5_DCIS,BRACS_748,DCIS,BRACS_748_DCIS_3.png,4239597,/BRACS_RoI/latest_version/train/5_DCIS/BRACS_748_DCIS_3.png
train,5_DCIS,BRACS_748,DCIS,BRACS_748_DCIS_30.png,9753544,/BRACS_RoI/latest_version/train/5_DCIS/BRACS_748_DCIS_30.png
train,5_DCIS,BRACS_748,DCIS,BRACS_748_DCIS_31.png,34143487,/BRACS_RoI/latest_version/train/5_DCIS/BRACS_748_DCIS_31.png
train,5_DCIS,BRACS_748,DCIS,BRACS_748_DCIS_32.png,10904596,/BRACS_RoI/latest_version/train/5_DCIS/BRACS_748_DCIS_32.png
train,5_DCIS,BRACS_748,DCIS,BRACS_748_DCIS_34.png,9712372,/BRACS_RoI/latest_version/train/5_DCIS/BRACS_748_DCIS_34.png
train,5_DCIS,BRACS_748,DCIS,BRACS_748_DCIS_35.png,6762368,/BRACS_RoI/latest_version/train/5_DCIS/BRACS_748_DCIS_35.png
train,5_DCIS,BRACS_748,DCIS,BRACS_748_DCIS_36.png,9477572,/BRACS_RoI/latest_version/train/5_DCIS/BRACS_748_DCIS_36.png
train,5_DCIS,BRACS_748,DCIS,BRACS_748_DCIS_37.png,5811869,/BRACS_RoI/latest_version/train/5_DCIS/BRACS_748_DCIS_37.png
train,5_DCIS,BRACS_748,DCIS,BRACS_748_DCIS_38.png,5237984,/BRACS_RoI/latest_version/train/5_DCIS/BRACS_748_DCIS_38.png
train,5_DCIS,BRACS_748,DCIS,BRACS_748_DCIS_39.png,11754513,/BRACS_RoI/latest_version/train/5_DCIS/BRACS_748_DCIS_39.png
train,5_DCIS,BRACS_748,DCIS,BRACS_748_DCIS_4.png,26603548,/BRACS_RoI/latest_version/train/5_DCIS/BRACS_748_DCIS_4.png
train,5_DCIS,BRACS_748,DCIS,BRACS_748_DCIS_40.png,9813172,/BRACS_RoI/latest_version/train/5_DCIS/BRACS_748_DCIS_40.png
train,5_DCIS,BRACS_748,DCIS,BRACS_748_DCIS_42.png,10182874,/BRACS_RoI/latest_version/train/5_DCIS/BRACS_748_DCIS_42.png
train,5_DCIS,BRACS_748,DCIS,BRACS_748_DCIS_43.png,13181614,/BRACS_RoI/latest_version/train/5_DCIS/BRACS_748_DCIS_43.png
train,5_DCIS,BRACS_748,DCIS,BRACS_748_DCIS_44.png,19954112,/BRACS_RoI/latest_version/train/5_DCIS/BRACS_748_DCIS_44.png
train,5_DCIS,BRACS_748,DCIS,BRACS_748_DCIS_45.png,29422062,/BRACS_RoI/latest_version/train/5_DCIS/BRACS_748_DCIS_45.png
train,5_DCIS,BRACS_748,DCIS,BRACS_748_DCIS_46.png,7743964,/BRACS_RoI/latest_version/train/5_DCIS/BRACS_748_DCIS_46.png
train,5_DCIS,BRACS_748,DCIS,BRACS_748_DCIS_47.png,28132935,/BRACS_RoI/latest_version/train/5_DCIS/BRACS_748_DCIS_47.png
train,5_DCIS,BRACS_748,DCIS,BRACS_748_DCIS_48.png,26108164,/BRACS_RoI/latest_version/train/5_DCIS/BRACS_748_DCIS_48.png
train,5_DCIS,BRACS_748,DCIS,BRACS_748_DCIS_5.png,43477311,/BRACS_RoI/latest_version/train/5_DCIS/BRACS_748_DCIS_5.png
train,5_DCIS,BRACS_748,DCIS,BRACS_748_DCIS_50.png,16470796,/BRACS_RoI/latest_version/train/5_DCIS/BRACS_748_DCIS_50.png
train,5_DCIS,BRACS_748,DCIS,BRACS_748_DCIS_51.png,13120262,/BRACS_RoI/latest_version/train/5_DCIS/BRACS_748_DCIS_51.png
train,5_DCIS,BRACS_748,DCIS,BRACS_748_DCIS_52.png,12565492,/BRACS_RoI/latest_version/train/5_DCIS/BRACS_748_DCIS_52.png
train,5_DCIS,BRACS_748,DCIS,BRACS_748_DCIS_53.png,5305681,/BRACS_RoI/latest_version/train/5_DCIS/BRACS_748_DCIS_53.png
train,5_DCIS,BRACS_748,DCIS,BRACS_748_DCIS_54.png,11425332,/BRACS_RoI/latest_version/train/5_DCIS/BRACS_748_DCIS_54.png
train,5_DCIS,BRACS_748,DCIS,BRACS_748_DCIS_55.png,7290619,/BRACS_RoI/latest_version/train/5_DCIS/BRACS_748_DCIS_55.png
train,5_DCIS,BRACS_748,DCIS,BRACS_748_DCIS_56.png,5817487,/BRACS_RoI/latest_version/train/5_DCIS/BRACS_748_DCIS_56.png
train,5_DCIS,BRACS_748,DCIS,BRACS_748_DCIS_57.png,6497258,/BRACS_RoI/latest_version/train/5_DCIS/BRACS_748_DCIS_57.png
train,5_DCIS,BRACS_748,DCIS,BRACS_748_DCIS_59.png,6862776,/BRACS_RoI/latest_version/train/5_DCIS/BRACS_748_DCIS_59.png
train,5_DCIS,BRACS_748,DCIS,BRACS_748_DCIS_6.png,4428623,/BRACS_RoI/latest_version/train/5_DCIS/BRACS_748_DCIS_6.png
train,5_DCIS,BRACS_748,DCIS,BRACS_748_DCIS_60.png,8673130,/BRACS_RoI/latest_version/train/5_DCIS/BRACS_748_DCIS_60.png
train,5_DCIS,BRACS_748,DCIS,BRACS_748_DCIS_61.png,10813390,/BRACS_RoI/latest_version/train/5_DCIS/BRACS_748_DCIS_61.png
train,5_DCIS,BRACS_748,DCIS,BRACS_748_DCIS_63.png,18111879,/BRACS_RoI/latest_version/train/5_DCIS/BRACS_748_DCIS_63.png
train,5_DCIS,BRACS_748,DCIS,BRACS_748_DCIS_64.png,23028695,/BRACS_RoI/latest_version/train/5_DCIS/BRACS_748_DCIS_64.png
train,5_DCIS,BRACS_748,DCIS,BRACS_748_DCIS_65.png,9277057,/BRACS_RoI/latest_version/train/5_DCIS/BRACS_748_DCIS_65.png
train,5_DCIS,BRACS_748,DCIS,BRACS_748_DCIS_68.png,19544470,/BRACS_RoI/latest_version/train/5_DCIS/BRACS_748_DCIS_68.png
train,5_DCIS,BRACS_748,DCIS,BRACS_748_DCIS_69.png,40414283,/BRACS_RoI/latest_version/train/5_DCIS/BRACS_748_DCIS_69.png
train,5_DCIS,BRACS_748,DCIS,BRACS_748_DCIS_7.png,29556324,/BRACS_RoI/latest_version/train/5_DCIS/BRACS_748_DCIS_7.png
train,5_DCIS,BRACS_748,DCIS,BRACS_748_DCIS_71.png,18078396,/BRACS_RoI/latest_version/train/5_DCIS/BRACS_748_DCIS_71.png
train,5_DCIS,BRACS_748,DCIS,BRACS_748_DCIS_72.png,20817447,/BRACS_RoI/latest_version/train/5_DCIS/BRACS_748_DCIS_72.png
train,5_DCIS,BRACS_748,DCIS,BRACS_748_DCIS_73.png,14033148,/BRACS_RoI/latest_version/train/5_DCIS/BRACS_748_DCIS_73.png
train,5_DCIS,BRACS_748,DCIS,BRACS_748_DCIS_74.png,31854578,/BRACS_RoI/latest_version/train/5_DCIS/BRACS_748_DCIS_74.png
train,5_DCIS,BRACS_748,DCIS,BRACS_748_DCIS_76.png,5128485,/BRACS_RoI/latest_version/train/5_DCIS/BRACS_748_DCIS_76.png
train,5_DCIS,BRACS_748,DCIS,BRACS_748_DCIS_77.png,4068587,/BRACS_RoI/latest_version/train/5_DCIS/BRACS_748_DCIS_77.png
train,5_DCIS,BRACS_748,DCIS,BRACS_748_DCIS_78.png,8492905,/BRACS_RoI/latest_version/train/5_DCIS/BRACS_748_DCIS_78.png
train,5_DCIS,BRACS_748,DCIS,BRACS_748_DCIS_79.png,56726706,/BRACS_RoI/latest_version/train/5_DCIS/BRACS_748_DCIS_79.png
train,5_DCIS,BRACS_748,DCIS,BRACS_748_DCIS_8.png,8384471,/BRACS_RoI/latest_version/train/5_DCIS/BRACS_748_DCIS_8.png
train,5_DCIS,BRACS_748,DCIS,BRACS_748_DCIS_80.png,6342540,/BRACS_RoI/latest_version/train/5_DCIS/BRACS_748_DCIS_80.png
train,5_DCIS,BRACS_748,DCIS,BRACS_748_DCIS_81.png,28195430,/BRACS_RoI/latest_version/train/5_DCIS/BRACS_748_DCIS_81.png
train,5_DCIS,BRACS_748,DCIS,BRACS_748_DCIS_84.png,22602563,/BRACS_RoI/latest_version/train/5_DCIS/BRACS_748_DCIS_84.png
train,5_DCIS,BRACS_748,DCIS,BRACS_748_DCIS_85.png,3422217,/BRACS_RoI/latest_version/train/5_DCIS/BRACS_748_DCIS_85.png
train,5_DCIS,BRACS_748,DCIS,BRACS_748_DCIS_86.png,11642549,/BRACS_RoI/latest_version/train/5_DCIS/BRACS_748_DCIS_86.png
train,5_DCIS,BRACS_748,DCIS,BRACS_748_DCIS_87.png,13174415,/BRACS_RoI/latest_version/train/5_DCIS/BRACS_748_DCIS_87.png
train,5_DCIS,BRACS_748,DCIS,BRACS_748_DCIS_88.png,8058906,/BRACS_RoI/latest_version/train/5_DCIS/BRACS_748_DCIS_88.png
train,5_DCIS,BRACS_748,DCIS,BRACS_748_DCIS_9.png,39560332,/BRACS_RoI/latest_version/train/5_DCIS/BRACS_748_DCIS_9.png
train,5_DCIS,BRACS_748,DCIS,BRACS_748_DCIS_90.png,10553984,/BRACS_RoI/latest_version/train/5_DCIS/BRACS_748_DCIS_90.png
train,5_DCIS,BRACS_748,DCIS,BRACS_748_DCIS_91.png,7308279,/BRACS_RoI/latest_version/train/5_DCIS/BRACS_748_DCIS_91.png
train,5_DCIS,BRACS_748,DCIS,BRACS_748_DCIS_92.png,70942539,/BRACS_RoI/latest_version/train/5_DCIS/BRACS_748_DCIS_92.png
train,5_DCIS,BRACS_748,DCIS,BRACS_748_DCIS_93.png,22329942,/BRACS_RoI/latest_version/train/5_DCIS/BRACS_748_DCIS_93.png
train,5_DCIS,BRACS_748,DCIS,BRACS_748_DCIS_95.png,6019339,/BRACS_RoI/latest_version/train/5_DCIS/BRACS_748_DCIS_95.png
train,5_DCIS,BRACS_748,DCIS,BRACS_748_DCIS_96.png,38061715,/BRACS_RoI/latest_version/train/5_DCIS/BRACS_748_DCIS_96.png
train,5_DCIS,BRACS_748,DCIS,BRACS_748_DCIS_97.png,16630267,/BRACS_RoI/latest_version/train/5_DCIS/BRACS_748_DCIS_97.png
train,5_DCIS,BRACS_748,DCIS,BRACS_748_DCIS_98.png,19417784,/BRACS_RoI/latest_version/train/5_DCIS/BRACS_748_DCIS_98.png
train,5_DCIS,BRACS_749,DCIS,BRACS_749_DCIS_12.png,4002299,/BRACS_RoI/latest_version/train/5_DCIS/BRACS_749_DCIS_12.png
train,5_DCIS,BRACS_749,DCIS,BRACS_749_DCIS_2.png,8386684,/BRACS_RoI/latest_version/train/5_DCIS/BRACS_749_DCIS_2.png
train,5_DCIS,BRACS_749,DCIS,BRACS_749_DCIS_3.png,10474797,/BRACS_RoI/latest_version/train/5_DCIS/BRACS_749_DCIS_3.png
train,5_DCIS,BRACS_749,DCIS,BRACS_749_DCIS_6.png,2713613,/BRACS_RoI/latest_version/train/5_DCIS/BRACS_749_DCIS_6.png
train,5_DCIS,BRACS_749,DCIS,BRACS_749_DCIS_7.png,5791356,/BRACS_RoI/latest_version/train/5_DCIS/BRACS_749_DCIS_7.png
train,5_DCIS,BRACS_750,DCIS,BRACS_750_DCIS_1.png,8905317,/BRACS_RoI/latest_version/train/5_DCIS/BRACS_750_DCIS_1.png
train,5_DCIS,BRACS_750,DCIS,BRACS_750_DCIS_10.png,11194110,/BRACS_RoI/latest_version/train/5_DCIS/BRACS_750_DCIS_10.png
train,5_DCIS,BRACS_750,DCIS,BRACS_750_DCIS_12.png,15979900,/BRACS_RoI/latest_version/train/5_DCIS/BRACS_750_DCIS_12.png
train,5_DCIS,BRACS_750,DCIS,BRACS_750_DCIS_14.png,20568834,/BRACS_RoI/latest_version/train/5_DCIS/BRACS_750_DCIS_14.png
train,5_DCIS,BRACS_750,DCIS,BRACS_750_DCIS_15.png,18820135,/BRACS_RoI/latest_version/train/5_DCIS/BRACS_750_DCIS_15.png
train,5_DCIS,BRACS_750,DCIS,BRACS_750_DCIS_16.png,5708676,/BRACS_RoI/latest_version/train/5_DCIS/BRACS_750_DCIS_16.png
train,5_DCIS,BRACS_750,DCIS,BRACS_750_DCIS_17.png,24431281,/BRACS_RoI/latest_version/train/5_DCIS/BRACS_750_DCIS_17.png
train,5_DCIS,BRACS_750,DCIS,BRACS_750_DCIS_18.png,6473650,/BRACS_RoI/latest_version/train/5_DCIS/BRACS_750_DCIS_18.png
train,5_DCIS,BRACS_750,DCIS,BRACS_750_DCIS_19.png,11919350,/BRACS_RoI/latest_version/train/5_DCIS/BRACS_750_DCIS_19.png
train,5_DCIS,BRACS_750,DCIS,BRACS_750_DCIS_2.png,6014781,/BRACS_RoI/latest_version/train/5_DCIS/BRACS_750_DCIS_2.png
train,5_DCIS,BRACS_750,DCIS,BRACS_750_DCIS_22.png,13216357,/BRACS_RoI/latest_version/train/5_DCIS/BRACS_750_DCIS_22.png
train,5_DCIS,BRACS_750,DCIS,BRACS_750_DCIS_23.png,7831541,/BRACS_RoI/latest_version/train/5_DCIS/BRACS_750_DCIS_23.png
train,5_DCIS,BRACS_750,DCIS,BRACS_750_DCIS_25.png,28799409,/BRACS_RoI/latest_version/train/5_DCIS/BRACS_750_DCIS_25.png
train,5_DCIS,BRACS_750,DCIS,BRACS_750_DCIS_26.png,4502767,/BRACS_RoI/latest_version/train/5_DCIS/BRACS_750_DCIS_26.png
train,5_DCIS,BRACS_750,DCIS,BRACS_750_DCIS_27.png,1517406,/BRACS_RoI/latest_version/train/5_DCIS/BRACS_750_DCIS_27.png
train,5_DCIS,BRACS_750,DCIS,BRACS_750_DCIS_28.png,13675392,/BRACS_RoI/latest_version/train/5_DCIS/BRACS_750_DCIS_28.png
train,5_DCIS,BRACS_750,DCIS,BRACS_750_DCIS_29.png,6997859,/BRACS_RoI/latest_version/train/5_DCIS/BRACS_750_DCIS_29.png
train,5_DCIS,BRACS_750,DCIS,BRACS_750_DCIS_30.png,14788547,/BRACS_RoI/latest_version/train/5_DCIS/BRACS_750_DCIS_30.png
train,5_DCIS,BRACS_750,DCIS,BRACS_750_DCIS_32.png,26624060,/BRACS_RoI/latest_version/train/5_DCIS/BRACS_750_DCIS_32.png
train,5_DCIS,BRACS_750,DCIS,BRACS_750_DCIS_33.png,14325698,/BRACS_RoI/latest_version/train/5_DCIS/BRACS_750_DCIS_33.png
train,5_DCIS,BRACS_750,DCIS,BRACS_750_DCIS_34.png,18156979,/BRACS_RoI/latest_version/train/5_DCIS/BRACS_750_DCIS_34.png
train,5_DCIS,BRACS_750,DCIS,BRACS_750_DCIS_35.png,37770208,/BRACS_RoI/latest_version/train/5_DCIS/BRACS_750_DCIS_35.png
train,5_DCIS,BRACS_750,DCIS,BRACS_750_DCIS_37.png,11096724,/BRACS_RoI/latest_version/train/5_DCIS/BRACS_750_DCIS_37.png
train,5_DCIS,BRACS_750,DCIS,BRACS_750_DCIS_5.png,2787344,/BRACS_RoI/latest_version/train/5_DCIS/BRACS_750_DCIS_5.png
train,5_DCIS,BRACS_750,DCIS,BRACS_750_DCIS_6.png,6446810,/BRACS_RoI/latest_version/train/5_DCIS/BRACS_750_DCIS_6.png
train,5_DCIS,BRACS_750,DCIS,BRACS_750_DCIS_7.png,3756475,/BRACS_RoI/latest_version/train/5_DCIS/BRACS_750_DCIS_7.png
train,5_DCIS,BRACS_750,DCIS,BRACS_750_DCIS_8.png,1782587,/BRACS_RoI/latest_version/train/5_DCIS/BRACS_750_DCIS_8.png
train,5_DCIS,BRACS_750,DCIS,BRACS_750_DCIS_9.png,5051965,/BRACS_RoI/latest_version/train/5_DCIS/BRACS_750_DCIS_9.png
train,5_DCIS,BRACS_752,DCIS,BRACS_752_DCIS_11.png,14303135,/BRACS_RoI/latest_version/train/5_DCIS/BRACS_752_DCIS_11.png
train,5_DCIS,BRACS_752,DCIS,BRACS_752_DCIS_12.png,14128555,/BRACS_RoI/latest_version/train/5_DCIS/BRACS_752_DCIS_12.png
train,5_DCIS,BRACS_752,DCIS,BRACS_752_DCIS_13.png,21688637,/BRACS_RoI/latest_version/train/5_DCIS/BRACS_752_DCIS_13.png
train,5_DCIS,BRACS_752,DCIS,BRACS_752_DCIS_14.png,8443191,/BRACS_RoI/latest_version/train/5_DCIS/BRACS_752_DCIS_14.png
train,5_DCIS,BRACS_752,DCIS,BRACS_752_DCIS_15.png,12720795,/BRACS_RoI/latest_version/train/5_DCIS/BRACS_752_DCIS_15.png
train,5_DCIS,BRACS_752,DCIS,BRACS_752_DCIS_16.png,12721305,/BRACS_RoI/latest_version/train/5_DCIS/BRACS_752_DCIS_16.png
train,5_DCIS,BRACS_752,DCIS,BRACS_752_DCIS_17.png,2533205,/BRACS_RoI/latest_version/train/5_DCIS/BRACS_752_DCIS_17.png
train,5_DCIS,BRACS_752,DCIS,BRACS_752_DCIS_18.png,12280009,/BRACS_RoI/latest_version/train/5_DCIS/BRACS_752_DCIS_18.png
train,5_DCIS,BRACS_752,DCIS,BRACS_752_DCIS_19.png,24104991,/BRACS_RoI/latest_version/train/5_DCIS/BRACS_752_DCIS_19.png
train,5_DCIS,BRACS_752,DCIS,BRACS_752_DCIS_2.png,8237447,/BRACS_RoI/latest_version/train/5_DCIS/BRACS_752_DCIS_2.png
train,5_DCIS,BRACS_752,DCIS,BRACS_752_DCIS_20.png,6431152,/BRACS_RoI/latest_version/train/5_DCIS/BRACS_752_DCIS_20.png
train,5_DCIS,BRACS_752,DCIS,BRACS_752_DCIS_21.png,4720821,/BRACS_RoI/latest_version/train/5_DCIS/BRACS_752_DCIS_21.png
train,5_DCIS,BRACS_752,DCIS,BRACS_752_DCIS_24.png,16082254,/BRACS_RoI/latest_version/train/5_DCIS/BRACS_752_DCIS_24.png
train,5_DCIS,BRACS_752,DCIS,BRACS_752_DCIS_25.png,4575943,/BRACS_RoI/latest_version/train/5_DCIS/BRACS_752_DCIS_25.png
train,5_DCIS,BRACS_752,DCIS,BRACS_752_DCIS_27.png,3208868,/BRACS_RoI/latest_version/train/5_DCIS/BRACS_752_DCIS_27.png
train,5_DCIS,BRACS_752,DCIS,BRACS_752_DCIS_28.png,9384721,/BRACS_RoI/latest_version/train/5_DCIS/BRACS_752_DCIS_28.png
train,5_DCIS,BRACS_752,DCIS,BRACS_752_DCIS_3.png,5845704,/BRACS_RoI/latest_version/train/5_DCIS/BRACS_752_DCIS_3.png
train,5_DCIS,BRACS_752,DCIS,BRACS_752_DCIS_30.png,8235766,/BRACS_RoI/latest_version/train/5_DCIS/BRACS_752_DCIS_30.png
train,5_DCIS,BRACS_752,DCIS,BRACS_752_DCIS_31.png,11261074,/BRACS_RoI/latest_version/train/5_DCIS/BRACS_752_DCIS_31.png
train,5_DCIS,BRACS_752,DCIS,BRACS_752_DCIS_33.png,16757666,/BRACS_RoI/latest_version/train/5_DCIS/BRACS_752_DCIS_33.png
train,5_DCIS,BRACS_752,DCIS,BRACS_752_DCIS_34.png,52673388,/BRACS_RoI/latest_version/train/5_DCIS/BRACS_752_DCIS_34.png
train,5_DCIS,BRACS_752,DCIS,BRACS_752_DCIS_36.png,12138794,/BRACS_RoI/latest_version/train/5_DCIS/BRACS_752_DCIS_36.png
train,5_DCIS,BRACS_752,DCIS,BRACS_752_DCIS_38.png,11230062,/BRACS_RoI/latest_version/train/5_DCIS/BRACS_752_DCIS_38.png
train,5_DCIS,BRACS_752,DCIS,BRACS_752_DCIS_4.png,4711528,/BRACS_RoI/latest_version/train/5_DCIS/BRACS_752_DCIS_4.png
train,5_DCIS,BRACS_752,DCIS,BRACS_752_DCIS_40.png,3484595,/BRACS_RoI/latest_version/train/5_DCIS/BRACS_752_DCIS_40.png
train,5_DCIS,BRACS_752,DCIS,BRACS_752_DCIS_41.png,32080367,/BRACS_RoI/latest_version/train/5_DCIS/BRACS_752_DCIS_41.png
train,5_DCIS,BRACS_752,DCIS,BRACS_752_DCIS_42.png,5897527,/BRACS_RoI/latest_version/train/5_DCIS/BRACS_752_DCIS_42.png
train,5_DCIS,BRACS_752,DCIS,BRACS_752_DCIS_43.png,7714359,/BRACS_RoI/latest_version/train/5_DCIS/BRACS_752_DCIS_43.png
train,5_DCIS,BRACS_752,DCIS,BRACS_752_DCIS_5.png,15563417,/BRACS_RoI/latest_version/train/5_DCIS/BRACS_752_DCIS_5.png
train,5_DCIS,BRACS_752,DCIS,BRACS_752_DCIS_6.png,17511173,/BRACS_RoI/latest_version/train/5_DCIS/BRACS_752_DCIS_6.png
train,5_DCIS,BRACS_752,DCIS,BRACS_752_DCIS_9.png,11604438,/BRACS_RoI/latest_version/train/5_DCIS/BRACS_752_DCIS_9.png
train,5_DCIS,BRACS_753,DCIS,BRACS_753_DCIS_10.png,1582937,/BRACS_RoI/latest_version/train/5_DCIS/BRACS_753_DCIS_10.png
train,5_DCIS,BRACS_753,DCIS,BRACS_753_DCIS_11.png,8548388,/BRACS_RoI/latest_version/train/5_DCIS/BRACS_753_DCIS_11.png
train,5_DCIS,BRACS_753,DCIS,BRACS_753_DCIS_12.png,22743343,/BRACS_RoI/latest_version/train/5_DCIS/BRACS_753_DCIS_12.png
train,5_DCIS,BRACS_753,DCIS,BRACS_753_DCIS_13.png,7738452,/BRACS_RoI/latest_version/train/5_DCIS/BRACS_753_DCIS_13.png
train,5_DCIS,BRACS_753,DCIS,BRACS_753_DCIS_14.png,30800807,/BRACS_RoI/latest_version/train/5_DCIS/BRACS_753_DCIS_14.png
train,5_DCIS,BRACS_753,DCIS,BRACS_753_DCIS_15.png,29465724,/BRACS_RoI/latest_version/train/5_DCIS/BRACS_753_DCIS_15.png
train,5_DCIS,BRACS_753,DCIS,BRACS_753_DCIS_17.png,39099937,/BRACS_RoI/latest_version/train/5_DCIS/BRACS_753_DCIS_17.png
train,5_DCIS,BRACS_753,DCIS,BRACS_753_DCIS_2.png,6373369,/BRACS_RoI/latest_version/train/5_DCIS/BRACS_753_DCIS_2.png
train,5_DCIS,BRACS_753,DCIS,BRACS_753_DCIS_20.png,28099745,/BRACS_RoI/latest_version/train/5_DCIS/BRACS_753_DCIS_20.png
train,5_DCIS,BRACS_753,DCIS,BRACS_753_DCIS_22.png,23707195,/BRACS_RoI/latest_version/train/5_DCIS/BRACS_753_DCIS_22.png
train,5_DCIS,BRACS_753,DCIS,BRACS_753_DCIS_24.png,7998209,/BRACS_RoI/latest_version/train/5_DCIS/BRACS_753_DCIS_24.png
train,5_DCIS,BRACS_753,DCIS,BRACS_753_DCIS_25.png,5601916,/BRACS_RoI/latest_version/train/5_DCIS/BRACS_753_DCIS_25.png
train,5_DCIS,BRACS_753,DCIS,BRACS_753_DCIS_26.png,9547157,/BRACS_RoI/latest_version/train/5_DCIS/BRACS_753_DCIS_26.png
train,5_DCIS,BRACS_753,DCIS,BRACS_753_DCIS_27.png,27700596,/BRACS_RoI/latest_version/train/5_DCIS/BRACS_753_DCIS_27.png
train,5_DCIS,BRACS_753,DCIS,BRACS_753_DCIS_28.png,13071175,/BRACS_RoI/latest_version/train/5_DCIS/BRACS_753_DCIS_28.png
train,5_DCIS,BRACS_753,DCIS,BRACS_753_DCIS_29.png,45482384,/BRACS_RoI/latest_version/train/5_DCIS/BRACS_753_DCIS_29.png
train,5_DCIS,BRACS_753,DCIS,BRACS_753_DCIS_3.png,2745226,/BRACS_RoI/latest_version/train/5_DCIS/BRACS_753_DCIS_3.png
train,5_DCIS,BRACS_753,DCIS,BRACS_753_DCIS_30.png,22581420,/BRACS_RoI/latest_version/train/5_DCIS/BRACS_753_DCIS_30.png
train,5_DCIS,BRACS_753,DCIS,BRACS_753_DCIS_31.png,8724783,/BRACS_RoI/latest_version/train/5_DCIS/BRACS_753_DCIS_31.png
train,5_DCIS,BRACS_753,DCIS,BRACS_753_DCIS_32.png,28223334,/BRACS_RoI/latest_version/train/5_DCIS/BRACS_753_DCIS_32.png
train,5_DCIS,BRACS_753,DCIS,BRACS_753_DCIS_33.png,26642263,/BRACS_RoI/latest_version/train/5_DCIS/BRACS_753_DCIS_33.png
train,5_DCIS,BRACS_753,DCIS,BRACS_753_DCIS_36.png,9831161,/BRACS_RoI/latest_version/train/5_DCIS/BRACS_753_DCIS_36.png
train,5_DCIS,BRACS_753,DCIS,BRACS_753_DCIS_38.png,19970305,/BRACS_RoI/latest_version/train/5_DCIS/BRACS_753_DCIS_38.png
train,5_DCIS,BRACS_753,DCIS,BRACS_753_DCIS_39.png,8173909,/BRACS_RoI/latest_version/train/5_DCIS/BRACS_753_DCIS_39.png
train,5_DCIS,BRACS_753,DCIS,BRACS_753_DCIS_40.png,2712179,/BRACS_RoI/latest_version/train/5_DCIS/BRACS_753_DCIS_40.png
train,5_DCIS,BRACS_753,DCIS,BRACS_753_DCIS_41.png,4705351,/BRACS_RoI/latest_version/train/5_DCIS/BRACS_753_DCIS_41.png
train,5_DCIS,BRACS_753,DCIS,BRACS_753_DCIS_43.png,16590849,/BRACS_RoI/latest_version/train/5_DCIS/BRACS_753_DCIS_43.png
train,5_DCIS,BRACS_753,DCIS,BRACS_753_DCIS_5.png,37414156,/BRACS_RoI/latest_version/train/5_DCIS/BRACS_753_DCIS_5.png
train,5_DCIS,BRACS_753,DCIS,BRACS_753_DCIS_6.png,2809191,/BRACS_RoI/latest_version/train/5_DCIS/BRACS_753_DCIS_6.png
train,5_DCIS,BRACS_753,DCIS,BRACS_753_DCIS_7.png,7498024,/BRACS_RoI/latest_version/train/5_DCIS/BRACS_753_DCIS_7.png
train,5_DCIS,BRACS_753,DCIS,BRACS_753_DCIS_8.png,2480384,/BRACS_RoI/latest_version/train/5_DCIS/BRACS_753_DCIS_8.png
train,5_DCIS,BRACS_753,DCIS,BRACS_753_DCIS_9.png,16164078,/BRACS_RoI/latest_version/train/5_DCIS/BRACS_753_DCIS_9.png
train,5_DCIS,BRACS_754,DCIS,BRACS_754_DCIS_1.png,17082508,/BRACS_RoI/latest_version/train/5_DCIS/BRACS_754_DCIS_1.png
train,5_DCIS,BRACS_754,DCIS,BRACS_754_DCIS_10.png,9981221,/BRACS_RoI/latest_version/train/5_DCIS/BRACS_754_DCIS_10.png
train,5_DCIS,BRACS_754,DCIS,BRACS_754_DCIS_12.png,15967376,/BRACS_RoI/latest_version/train/5_DCIS/BRACS_754_DCIS_12.png
train,5_DCIS,BRACS_754,DCIS,BRACS_754_DCIS_13.png,5057079,/BRACS_RoI/latest_version/train/5_DCIS/BRACS_754_DCIS_13.png
train,5_DCIS,BRACS_754,DCIS,BRACS_754_DCIS_15.png,10440405,/BRACS_RoI/latest_version/train/5_DCIS/BRACS_754_DCIS_15.png
train,5_DCIS,BRACS_754,DCIS,BRACS_754_DCIS_17.png,9087875,/BRACS_RoI/latest_version/train/5_DCIS/BRACS_754_DCIS_17.png
train,5_DCIS,BRACS_754,DCIS,BRACS_754_DCIS_18.png,10128425,/BRACS_RoI/latest_version/train/5_DCIS/BRACS_754_DCIS_18.png
train,5_DCIS,BRACS_754,DCIS,BRACS_754_DCIS_21.png,9760266,/BRACS_RoI/latest_version/train/5_DCIS/BRACS_754_DCIS_21.png
train,5_DCIS,BRACS_754,DCIS,BRACS_754_DCIS_22.png,4448047,/BRACS_RoI/latest_version/train/5_DCIS/BRACS_754_DCIS_22.png
train,5_DCIS,BRACS_754,DCIS,BRACS_754_DCIS_23.png,18125159,/BRACS_RoI/latest_version/train/5_DCIS/BRACS_754_DCIS_23.png
train,5_DCIS,BRACS_754,DCIS,BRACS_754_DCIS_28.png,10280810,/BRACS_RoI/latest_version/train/5_DCIS/BRACS_754_DCIS_28.png
train,5_DCIS,BRACS_754,DCIS,BRACS_754_DCIS_29.png,6444908,/BRACS_RoI/latest_version/train/5_DCIS/BRACS_754_DCIS_29.png
train,5_DCIS,BRACS_754,DCIS,BRACS_754_DCIS_31.png,12646067,/BRACS_RoI/latest_version/train/5_DCIS/BRACS_754_DCIS_31.png
train,5_DCIS,BRACS_754,DCIS,BRACS_754_DCIS_33.png,5872488,/BRACS_RoI/latest_version/train/5_DCIS/BRACS_754_DCIS_33.png
train,5_DCIS,BRACS_754,DCIS,BRACS_754_DCIS_36.png,7897237,/BRACS_RoI/latest_version/train/5_DCIS/BRACS_754_DCIS_36.png
train,5_DCIS,BRACS_754,DCIS,BRACS_754_DCIS_40.png,2654928,/BRACS_RoI/latest_version/train/5_DCIS/BRACS_754_DCIS_40.png
train,5_DCIS,BRACS_754,DCIS,BRACS_754_DCIS_41.png,12375121,/BRACS_RoI/latest_version/train/5_DCIS/BRACS_754_DCIS_41.png
train,5_DCIS,BRACS_754,DCIS,BRACS_754_DCIS_43.png,14670233,/BRACS_RoI/latest_version/train/5_DCIS/BRACS_754_DCIS_43.png
train,5_DCIS,BRACS_754,DCIS,BRACS_754_DCIS_45.png,9043308,/BRACS_RoI/latest_version/train/5_DCIS/BRACS_754_DCIS_45.png
train,5_DCIS,BRACS_754,DCIS,BRACS_754_DCIS_46.png,7229825,/BRACS_RoI/latest_version/train/5_DCIS/BRACS_754_DCIS_46.png
train,5_DCIS,BRACS_754,DCIS,BRACS_754_DCIS_47.png,33086132,/BRACS_RoI/latest_version/train/5_DCIS/BRACS_754_DCIS_47.png
train,5_DCIS,BRACS_754,DCIS,BRACS_754_DCIS_5.png,15942999,/BRACS_RoI/latest_version/train/5_DCIS/BRACS_754_DCIS_5.png
train,5_DCIS,BRACS_754,DCIS,BRACS_754_DCIS_50.png,4736112,/BRACS_RoI/latest_version/train/5_DCIS/BRACS_754_DCIS_50.png
train,5_DCIS,BRACS_754,DCIS,BRACS_754_DCIS_6.png,5996617,/BRACS_RoI/latest_version/train/5_DCIS/BRACS_754_DCIS_6.png
train,5_DCIS,BRACS_754,DCIS,BRACS_754_DCIS_7.png,34926027,/BRACS_RoI/latest_version/train/5_DCIS/BRACS_754_DCIS_7.png
train,5_DCIS,BRACS_754,DCIS,BRACS_754_DCIS_8.png,10841637,/BRACS_RoI/latest_version/train/5_DCIS/BRACS_754_DCIS_8.png
train,5_DCIS,BRACS_754,DCIS,BRACS_754_DCIS_9.png,11078514,/BRACS_RoI/latest_version/train/5_DCIS/BRACS_754_DCIS_9.png
train,5_DCIS,BRACS_755,DCIS,BRACS_755_DCIS_23.png,3196793,/BRACS_RoI/latest_version/train/5_DCIS/BRACS_755_DCIS_23.png
train,5_DCIS,BRACS_755,DCIS,BRACS_755_DCIS_27.png,2312209,/BRACS_RoI/latest_version/train/5_DCIS/BRACS_755_DCIS_27.png
train,5_DCIS,BRACS_755,DCIS,BRACS_755_DCIS_28.png,13868587,/BRACS_RoI/latest_version/train/5_DCIS/BRACS_755_DCIS_28.png
train,5_DCIS,BRACS_755,DCIS,BRACS_755_DCIS_8.png,1289105,/BRACS_RoI/latest_version/train/5_DCIS/BRACS_755_DCIS_8.png
train,5_DCIS,BRACS_756,DCIS,BRACS_756_DCIS_3.png,4409214,/BRACS_RoI/latest_version/train/5_DCIS/BRACS_756_DCIS_3.png
train,5_DCIS,BRACS_756,DCIS,BRACS_756_DCIS_4.png,4007395,/BRACS_RoI/latest_version/train/5_DCIS/BRACS_756_DCIS_4.png
train,5_DCIS,BRACS_762,DCIS,BRACS_762_DCIS_11.png,9982901,/BRACS_RoI/latest_version/train/5_DCIS/BRACS_762_DCIS_11.png
train,5_DCIS,BRACS_762,DCIS,BRACS_762_DCIS_16.png,6794742,/BRACS_RoI/latest_version/train/5_DCIS/BRACS_762_DCIS_16.png
train,5_DCIS,BRACS_773,DCIS,BRACS_773_DCIS_100.png,7178708,/BRACS_RoI/latest_version/train/5_DCIS/BRACS_773_DCIS_100.png
train,5_DCIS,BRACS_773,DCIS,BRACS_773_DCIS_105.png,6612356,/BRACS_RoI/latest_version/train/5_DCIS/BRACS_773_DCIS_105.png
train,5_DCIS,BRACS_773,DCIS,BRACS_773_DCIS_106.png,12672065,/BRACS_RoI/latest_version/train/5_DCIS/BRACS_773_DCIS_106.png
train,5_DCIS,BRACS_773,DCIS,BRACS_773_DCIS_11.png,9099088,/BRACS_RoI/latest_version/train/5_DCIS/BRACS_773_DCIS_11.png
train,5_DCIS,BRACS_773,DCIS,BRACS_773_DCIS_110.png,17249465,/BRACS_RoI/latest_version/train/5_DCIS/BRACS_773_DCIS_110.png
train,5_DCIS,BRACS_773,DCIS,BRACS_773_DCIS_12.png,2817284,/BRACS_RoI/latest_version/train/5_DCIS/BRACS_773_DCIS_12.png
train,5_DCIS,BRACS_773,DCIS,BRACS_773_DCIS_120.png,8383365,/BRACS_RoI/latest_version/train/5_DCIS/BRACS_773_DCIS_120.png
train,5_DCIS,BRACS_773,DCIS,BRACS_773_DCIS_21.png,5145940,/BRACS_RoI/latest_version/train/5_DCIS/BRACS_773_DCIS_21.png
train,5_DCIS,BRACS_773,DCIS,BRACS_773_DCIS_26.png,8515107,/BRACS_RoI/latest_version/train/5_DCIS/BRACS_773_DCIS_26.png
train,5_DCIS,BRACS_773,DCIS,BRACS_773_DCIS_28.png,8453873,/BRACS_RoI/latest_version/train/5_DCIS/BRACS_773_DCIS_28.png
train,5_DCIS,BRACS_773,DCIS,BRACS_773_DCIS_31.png,3972676,/BRACS_RoI/latest_version/train/5_DCIS/BRACS_773_DCIS_31.png
train,5_DCIS,BRACS_773,DCIS,BRACS_773_DCIS_32.png,3860558,/BRACS_RoI/latest_version/train/5_DCIS/BRACS_773_DCIS_32.png
train,5_DCIS,BRACS_773,DCIS,BRACS_773_DCIS_39.png,18841244,/BRACS_RoI/latest_version/train/5_DCIS/BRACS_773_DCIS_39.png
train,5_DCIS,BRACS_773,DCIS,BRACS_773_DCIS_4.png,13463857,/BRACS_RoI/latest_version/train/5_DCIS/BRACS_773_DCIS_4.png
train,5_DCIS,BRACS_773,DCIS,BRACS_773_DCIS_40.png,4856085,/BRACS_RoI/latest_version/train/5_DCIS/BRACS_773_DCIS_40.png
train,5_DCIS,BRACS_773,DCIS,BRACS_773_DCIS_41.png,2693010,/BRACS_RoI/latest_version/train/5_DCIS/BRACS_773_DCIS_41.png
train,5_DCIS,BRACS_773,DCIS,BRACS_773_DCIS_44.png,1010848,/BRACS_RoI/latest_version/train/5_DCIS/BRACS_773_DCIS_44.png
train,5_DCIS,BRACS_773,DCIS,BRACS_773_DCIS_46.png,2843062,/BRACS_RoI/latest_version/train/5_DCIS/BRACS_773_DCIS_46.png
train,5_DCIS,BRACS_773,DCIS,BRACS_773_DCIS_48.png,2932483,/BRACS_RoI/latest_version/train/5_DCIS/BRACS_773_DCIS_48.png
train,5_DCIS,BRACS_773,DCIS,BRACS_773_DCIS_53.png,6064563,/BRACS_RoI/latest_version/train/5_DCIS/BRACS_773_DCIS_53.png
train,5_DCIS,BRACS_773,DCIS,BRACS_773_DCIS_59.png,3633042,/BRACS_RoI/latest_version/train/5_DCIS/BRACS_773_DCIS_59.png
train,5_DCIS,BRACS_773,DCIS,BRACS_773_DCIS_6.png,49163343,/BRACS_RoI/latest_version/train/5_DCIS/BRACS_773_DCIS_6.png
train,5_DCIS,BRACS_773,DCIS,BRACS_773_DCIS_60.png,2450395,/BRACS_RoI/latest_version/train/5_DCIS/BRACS_773_DCIS_60.png
train,5_DCIS,BRACS_773,DCIS,BRACS_773_DCIS_61.png,11772992,/BRACS_RoI/latest_version/train/5_DCIS/BRACS_773_DCIS_61.png
train,5_DCIS,BRACS_773,DCIS,BRACS_773_DCIS_64.png,5479784,/BRACS_RoI/latest_version/train/5_DCIS/BRACS_773_DCIS_64.png
train,5_DCIS,BRACS_773,DCIS,BRACS_773_DCIS_65.png,20785402,/BRACS_RoI/latest_version/train/5_DCIS/BRACS_773_DCIS_65.png
train,5_DCIS,BRACS_773,DCIS,BRACS_773_DCIS_69.png,6082022,/BRACS_RoI/latest_version/train/5_DCIS/BRACS_773_DCIS_69.png
train,5_DCIS,BRACS_773,DCIS,BRACS_773_DCIS_70.png,5813582,/BRACS_RoI/latest_version/train/5_DCIS/BRACS_773_DCIS_70.png
train,5_DCIS,BRACS_773,DCIS,BRACS_773_DCIS_76.png,9779485,/BRACS_RoI/latest_version/train/5_DCIS/BRACS_773_DCIS_76.png
train,5_DCIS,BRACS_773,DCIS,BRACS_773_DCIS_79.png,1248285,/BRACS_RoI/latest_version/train/5_DCIS/BRACS_773_DCIS_79.png
train,5_DCIS,BRACS_773,DCIS,BRACS_773_DCIS_8.png,4937370,/BRACS_RoI/latest_version/train/5_DCIS/BRACS_773_DCIS_8.png
train,5_DCIS,BRACS_773,DCIS,BRACS_773_DCIS_80.png,5471445,/BRACS_RoI/latest_version/train/5_DCIS/BRACS_773_DCIS_80.png
train,5_DCIS,BRACS_773,DCIS,BRACS_773_DCIS_84.png,17843231,/BRACS_RoI/latest_version/train/5_DCIS/BRACS_773_DCIS_84.png
train,5_DCIS,BRACS_773,DCIS,BRACS_773_DCIS_87.png,8935141,/BRACS_RoI/latest_version/train/5_DCIS/BRACS_773_DCIS_87.png
train,5_DCIS,BRACS_773,DCIS,BRACS_773_DCIS_95.png,1313709,/BRACS_RoI/latest_version/train/5_DCIS/BRACS_773_DCIS_95.png
train,5_DCIS,BRACS_773,DCIS,BRACS_773_DCIS_97.png,7136311,/BRACS_RoI/latest_version/train/5_DCIS/BRACS_773_DCIS_97.png
train,6_IC,BRACS_1003667,IC,BRACS_1003667_IC_1.png,2329920,/BRACS_RoI/latest_version/train/6_IC/BRACS_1003667_IC_1.png
train,6_IC,BRACS_1003670,IC,BRACS_1003670_IC_1.png,3117638,/BRACS_RoI/latest_version/train/6_IC/BRACS_1003670_IC_1.png
train,6_IC,BRACS_1003673,IC,BRACS_1003673_IC_1.png,1468081,/BRACS_RoI/latest_version/train/6_IC/BRACS_1003673_IC_1.png
train,6_IC,BRACS_1003677,IC,BRACS_1003677_IC_1.png,9676388,/BRACS_RoI/latest_version/train/6_IC/BRACS_1003677_IC_1.png
train,6_IC,BRACS_1003678,IC,BRACS_1003678_IC_1.png,52491670,/BRACS_RoI/latest_version/train/6_IC/BRACS_1003678_IC_1.png
train,6_IC,BRACS_1003684,IC,BRACS_1003684_IC_1.png,5524834,/BRACS_RoI/latest_version/train/6_IC/BRACS_1003684_IC_1.png
train,6_IC,BRACS_1003692,IC,BRACS_1003692_IC_1.png,159358007,/BRACS_RoI/latest_version/train/6_IC/BRACS_1003692_IC_1.png
train,6_IC,BRACS_1003698,IC,BRACS_1003698_IC_1.png,2638718,/BRACS_RoI/latest_version/train/6_IC/BRACS_1003698_IC_1.png
train,6_IC,BRACS_1003699,IC,BRACS_1003699_IC_1.png,12540515,/BRACS_RoI/latest_version/train/6_IC/BRACS_1003699_IC_1.png
train,6_IC,BRACS_1003703,IC,BRACS_1003703_IC_1.png,23658999,/BRACS_RoI/latest_version/train/6_IC/BRACS_1003703_IC_1.png
train,6_IC,BRACS_1003708,IC,BRACS_1003708_IC_1.png,22339875,/BRACS_RoI/latest_version/train/6_IC/BRACS_1003708_IC_1.png
train,6_IC,BRACS_1003709,IC,BRACS_1003709_IC_1.png,11607387,/BRACS_RoI/latest_version/train/6_IC/BRACS_1003709_IC_1.png
train,6_IC,BRACS_1003721,IC,BRACS_1003721_IC_1.png,59737446,/BRACS_RoI/latest_version/train/6_IC/BRACS_1003721_IC_1.png
train,6_IC,BRACS_1003722,IC,BRACS_1003722_IC_1.png,24927018,/BRACS_RoI/latest_version/train/6_IC/BRACS_1003722_IC_1.png
train,6_IC,BRACS_1003723,IC,BRACS_1003723_IC_1.png,210876324,/BRACS_RoI/latest_version/train/6_IC/BRACS_1003723_IC_1.png
train,6_IC,BRACS_1003727,IC,BRACS_1003727_IC_1.png,3846590,/BRACS_RoI/latest_version/train/6_IC/BRACS_1003727_IC_1.png
train,6_IC,BRACS_1003731,IC,BRACS_1003731_IC_1.png,182756755,/BRACS_RoI/latest_version/train/6_IC/BRACS_1003731_IC_1.png
train,6_IC,BRACS_1003732,IC,BRACS_1003732_IC_1.png,23865345,/BRACS_RoI/latest_version/train/6_IC/BRACS_1003732_IC_1.png
train,6_IC,BRACS_1231,IC,BRACS_1231_IC_63.png,1419687,/BRACS_RoI/latest_version/train/6_IC/BRACS_1231_IC_63.png
train,6_IC,BRACS_1232,IC,BRACS_1232_IC_1.png,35839757,/BRACS_RoI/latest_version/train/6_IC/BRACS_1232_IC_1.png
train,6_IC,BRACS_1232,IC,BRACS_1232_IC_10.png,34536472,/BRACS_RoI/latest_version/train/6_IC/BRACS_1232_IC_10.png
train,6_IC,BRACS_1232,IC,BRACS_1232_IC_11.png,26967065,/BRACS_RoI/latest_version/train/6_IC/BRACS_1232_IC_11.png
train,6_IC,BRACS_1232,IC,BRACS_1232_IC_12.png,42868483,/BRACS_RoI/latest_version/train/6_IC/BRACS_1232_IC_12.png
train,6_IC,BRACS_1232,IC,BRACS_1232_IC_2.png,41278950,/BRACS_RoI/latest_version/train/6_IC/BRACS_1232_IC_2.png
train,6_IC,BRACS_1232,IC,BRACS_1232_IC_3.png,38833594,/BRACS_RoI/latest_version/train/6_IC/BRACS_1232_IC_3.png
train,6_IC,BRACS_1232,IC,BRACS_1232_IC_4.png,44948435,/BRACS_RoI/latest_version/train/6_IC/BRACS_1232_IC_4.png
train,6_IC,BRACS_1232,IC,BRACS_1232_IC_5.png,29274387,/BRACS_RoI/latest_version/train/6_IC/BRACS_1232_IC_5.png
train,6_IC,BRACS_1232,IC,BRACS_1232_IC_6.png,39275330,/BRACS_RoI/latest_version/train/6_IC/BRACS_1232_IC_6.png
train,6_IC,BRACS_1232,IC,BRACS_1232_IC_7.png,44598982,/BRACS_RoI/latest_version/train/6_IC/BRACS_1232_IC_7.png
train,6_IC,BRACS_1232,IC,BRACS_1232_IC_8.png,39586398,/BRACS_RoI/latest_version/train/6_IC/BRACS_1232_IC_8.png
train,6_IC,BRACS_1232,IC,BRACS_1232_IC_9.png,39951068,/BRACS_RoI/latest_version/train/6_IC/BRACS_1232_IC_9.png
train,6_IC,BRACS_1233,IC,BRACS_1233_IC_1.png,61376491,/BRACS_RoI/latest_version/train/6_IC/BRACS_1233_IC_1.png
train,6_IC,BRACS_1233,IC,BRACS_1233_IC_2.png,65651094,/BRACS_RoI/latest_version/train/6_IC/BRACS_1233_IC_2.png
train,6_IC,BRACS_1233,IC,BRACS_1233_IC_3.png,49188408,/BRACS_RoI/latest_version/train/6_IC/BRACS_1233_IC_3.png
train,6_IC,BRACS_1233,IC,BRACS_1233_IC_4.png,49609698,/BRACS_RoI/latest_version/train/6_IC/BRACS_1233_IC_4.png
train,6_IC,BRACS_1233,IC,BRACS_1233_IC_5.png,64698675,/BRACS_RoI/latest_version/train/6_IC/BRACS_1233_IC_5.png
train,6_IC,BRACS_1235,IC,BRACS_1235_IC_11.png,23613552,/BRACS_RoI/latest_version/train/6_IC/BRACS_1235_IC_11.png
train,6_IC,BRACS_1235,IC,BRACS_1235_IC_18.png,30315266,/BRACS_RoI/latest_version/train/6_IC/BRACS_1235_IC_18.png
train,6_IC,BRACS_1235,IC,BRACS_1235_IC_38.png,25319832,/BRACS_RoI/latest_version/train/6_IC/BRACS_1235_IC_38.png
train,6_IC,BRACS_1263,IC,BRACS_1263_IC_1.png,27458144,/BRACS_RoI/latest_version/train/6_IC/BRACS_1263_IC_1.png
train,6_IC,BRACS_1263,IC,BRACS_1263_IC_2.png,20056364,/BRACS_RoI/latest_version/train/6_IC/BRACS_1263_IC_2.png
train,6_IC,BRACS_1263,IC,BRACS_1263_IC_3.png,35367432,/BRACS_RoI/latest_version/train/6_IC/BRACS_1263_IC_3.png
train,6_IC,BRACS_1263,IC,BRACS_1263_IC_4.png,30871258,/BRACS_RoI/latest_version/train/6_IC/BRACS_1263_IC_4.png
train,6_IC,BRACS_1263,IC,BRACS_1263_IC_5.png,36436032,/BRACS_RoI/latest_version/train/6_IC/BRACS_1263_IC_5.png
train,6_IC,BRACS_1265,IC,BRACS_1265_IC_1.png,64276299,/BRACS_RoI/latest_version/train/6_IC/BRACS_1265_IC_1.png
train,6_IC,BRACS_1265,IC,BRACS_1265_IC_2.png,33481228,/BRACS_RoI/latest_version/train/6_IC/BRACS_1265_IC_2.png
train,6_IC,BRACS_1265,IC,BRACS_1265_IC_3.png,53467444,/BRACS_RoI/latest_version/train/6_IC/BRACS_1265_IC_3.png
train,6_IC,BRACS_1265,IC,BRACS_1265_IC_4.png,59645168,/BRACS_RoI/latest_version/train/6_IC/BRACS_1265_IC_4.png
train,6_IC,BRACS_1265,IC,BRACS_1265_IC_5.png,50850550,/BRACS_RoI/latest_version/train/6_IC/BRACS_1265_IC_5.png
train,6_IC,BRACS_1265,IC,BRACS_1265_IC_6.png,63227083,/BRACS_RoI/latest_version/train/6_IC/BRACS_1265_IC_6.png
train,6_IC,BRACS_1265,IC,BRACS_1265_IC_7.png,72406527,/BRACS_RoI/latest_version/train/6_IC/BRACS_1265_IC_7.png
train,6_IC,BRACS_1265,IC,BRACS_1265_IC_8.png,58864097,/BRACS_RoI/latest_version/train/6_IC/BRACS_1265_IC_8.png
train,6_IC,BRACS_1265,IC,BRACS_1265_IC_9.png,48426027,/BRACS_RoI/latest_version/train/6_IC/BRACS_1265_IC_9.png
train,6_IC,BRACS_1272,IC,BRACS_1272_IC_18.png,17741182,/BRACS_RoI/latest_version/train/6_IC/BRACS_1272_IC_18.png
train,6_IC,BRACS_1272,IC,BRACS_1272_IC_20.png,16404697,/BRACS_RoI/latest_version/train/6_IC/BRACS_1272_IC_20.png
train,6_IC,BRACS_1272,IC,BRACS_1272_IC_25.png,34109181,/BRACS_RoI/latest_version/train/6_IC/BRACS_1272_IC_25.png
train,6_IC,BRACS_1272,IC,BRACS_1272_IC_26.png,27327314,/BRACS_RoI/latest_version/train/6_IC/BRACS_1272_IC_26.png
train,6_IC,BRACS_1272,IC,BRACS_1272_IC_35.png,30136232,/BRACS_RoI/latest_version/train/6_IC/BRACS_1272_IC_35.png
train,6_IC,BRACS_1272,IC,BRACS_1272_IC_36.png,40105613,/BRACS_RoI/latest_version/train/6_IC/BRACS_1272_IC_36.png
train,6_IC,BRACS_1272,IC,BRACS_1272_IC_37.png,24409471,/BRACS_RoI/latest_version/train/6_IC/BRACS_1272_IC_37.png
train,6_IC,BRACS_1272,IC,BRACS_1272_IC_42.png,37918111,/BRACS_RoI/latest_version/train/6_IC/BRACS_1272_IC_42.png
train,6_IC,BRACS_1277,IC,BRACS_1277_IC_1.png,32408180,/BRACS_RoI/latest_version/train/6_IC/BRACS_1277_IC_1.png
train,6_IC,BRACS_1279,IC,BRACS_1279_IC_1.png,37157522,/BRACS_RoI/latest_version/train/6_IC/BRACS_1279_IC_1.png
train,6_IC,BRACS_1287,IC,BRACS_1287_IC_1.png,37323709,/BRACS_RoI/latest_version/train/6_IC/BRACS_1287_IC_1.png
train,6_IC,BRACS_1287,IC,BRACS_1287_IC_2.png,18097895,/BRACS_RoI/latest_version/train/6_IC/BRACS_1287_IC_2.png
train,6_IC,BRACS_1287,IC,BRACS_1287_IC_3.png,21329206,/BRACS_RoI/latest_version/train/6_IC/BRACS_1287_IC_3.png
train,6_IC,BRACS_1287,IC,BRACS_1287_IC_4.png,36869384,/BRACS_RoI/latest_version/train/6_IC/BRACS_1287_IC_4.png
train,6_IC,BRACS_1287,IC,BRACS_1287_IC_5.png,11535790,/BRACS_RoI/latest_version/train/6_IC/BRACS_1287_IC_5.png
train,6_IC,BRACS_1287,IC,BRACS_1287_IC_6.png,16439195,/BRACS_RoI/latest_version/train/6_IC/BRACS_1287_IC_6.png
train,6_IC,BRACS_1287,IC,BRACS_1287_IC_7.png,29033161,/BRACS_RoI/latest_version/train/6_IC/BRACS_1287_IC_7.png
train,6_IC,BRACS_1288,IC,BRACS_1288_IC_1.png,35289129,/BRACS_RoI/latest_version/train/6_IC/BRACS_1288_IC_1.png
train,6_IC,BRACS_1288,IC,BRACS_1288_IC_2.png,35342966,/BRACS_RoI/latest_version/train/6_IC/BRACS_1288_IC_2.png
train,6_IC,BRACS_1288,IC,BRACS_1288_IC_3.png,37757040,/BRACS_RoI/latest_version/train/6_IC/BRACS_1288_IC_3.png
train,6_IC,BRACS_1288,IC,BRACS_1288_IC_4.png,20789107,/BRACS_RoI/latest_version/train/6_IC/BRACS_1288_IC_4.png
train,6_IC,BRACS_1288,IC,BRACS_1288_IC_5.png,48824308,/BRACS_RoI/latest_version/train/6_IC/BRACS_1288_IC_5.png
train,6_IC,BRACS_1288,IC,BRACS_1288_IC_6.png,36672472,/BRACS_RoI/latest_version/train/6_IC/BRACS_1288_IC_6.png
train,6_IC,BRACS_1288,IC,BRACS_1288_IC_7.png,39976979,/BRACS_RoI/latest_version/train/6_IC/BRACS_1288_IC_7.png
train,6_IC,BRACS_1288,IC,BRACS_1288_IC_8.png,49633005,/BRACS_RoI/latest_version/train/6_IC/BRACS_1288_IC_8.png
train,6_IC,BRACS_1288,IC,BRACS_1288_IC_9.png,42084574,/BRACS_RoI/latest_version/train/6_IC/BRACS_1288_IC_9.png
train,6_IC,BRACS_1289,IC,BRACS_1289_IC_1.png,61314498,/BRACS_RoI/latest_version/train/6_IC/BRACS_1289_IC_1.png
train,6_IC,BRACS_1289,IC,BRACS_1289_IC_2.png,45384708,/BRACS_RoI/latest_version/train/6_IC/BRACS_1289_IC_2.png
train,6_IC,BRACS_1289,IC,BRACS_1289_IC_3.png,55131755,/BRACS_RoI/latest_version/train/6_IC/BRACS_1289_IC_3.png
train,6_IC,BRACS_1289,IC,BRACS_1289_IC_4.png,67987824,/BRACS_RoI/latest_version/train/6_IC/BRACS_1289_IC_4.png
train,6_IC,BRACS_1289,IC,BRACS_1289_IC_5.png,59441728,/BRACS_RoI/latest_version/train/6_IC/BRACS_1289_IC_5.png
train,6_IC,BRACS_1289,IC,BRACS_1289_IC_6.png,27339678,/BRACS_RoI/latest_version/train/6_IC/BRACS_1289_IC_6.png
train,6_IC,BRACS_1289,IC,BRACS_1289_IC_7.png,51599367,/BRACS_RoI/latest_version/train/6_IC/BRACS_1289_IC_7.png
train,6_IC,BRACS_1289,IC,BRACS_1289_IC_8.png,71383660,/BRACS_RoI/latest_version/train/6_IC/BRACS_1289_IC_8.png
train,6_IC,BRACS_1289,IC,BRACS_1289_IC_9.png,53955328,/BRACS_RoI/latest_version/train/6_IC/BRACS_1289_IC_9.png
train,6_IC,BRACS_1292,IC,BRACS_1292_IC_10.png,18123925,/BRACS_RoI/latest_version/train/6_IC/BRACS_1292_IC_10.png
train,6_IC,BRACS_1292,IC,BRACS_1292_IC_13.png,19188822,/BRACS_RoI/latest_version/train/6_IC/BRACS_1292_IC_13.png
train,6_IC,BRACS_1292,IC,BRACS_1292_IC_3.png,18741176,/BRACS_RoI/latest_version/train/6_IC/BRACS_1292_IC_3.png
train,6_IC,BRACS_1292,IC,BRACS_1292_IC_5.png,17203794,/BRACS_RoI/latest_version/train/6_IC/BRACS_1292_IC_5.png
train,6_IC,BRACS_1292,IC,BRACS_1292_IC_9.png,16186780,/BRACS_RoI/latest_version/train/6_IC/BRACS_1292_IC_9.png
train,6_IC,BRACS_1293,IC,BRACS_1293_IC_1.png,26886134,/BRACS_RoI/latest_version/train/6_IC/BRACS_1293_IC_1.png
train,6_IC,BRACS_1293,IC,BRACS_1293_IC_2.png,37114247,/BRACS_RoI/latest_version/train/6_IC/BRACS_1293_IC_2.png
train,6_IC,BRACS_1293,IC,BRACS_1293_IC_3.png,50744941,/BRACS_RoI/latest_version/train/6_IC/BRACS_1293_IC_3.png
train,6_IC,BRACS_1293,IC,BRACS_1293_IC_4.png,35246832,/BRACS_RoI/latest_version/train/6_IC/BRACS_1293_IC_4.png
train,6_IC,BRACS_1293,IC,BRACS_1293_IC_5.png,20167150,/BRACS_RoI/latest_version/train/6_IC/BRACS_1293_IC_5.png
train,6_IC,BRACS_1293,IC,BRACS_1293_IC_6.png,17549856,/BRACS_RoI/latest_version/train/6_IC/BRACS_1293_IC_6.png
train,6_IC,BRACS_1293,IC,BRACS_1293_IC_7.png,33809799,/BRACS_RoI/latest_version/train/6_IC/BRACS_1293_IC_7.png
train,6_IC,BRACS_1356,IC,BRACS_1356_IC_1.png,26699934,/BRACS_RoI/latest_version/train/6_IC/BRACS_1356_IC_1.png
train,6_IC,BRACS_1356,IC,BRACS_1356_IC_2.png,17368642,/BRACS_RoI/latest_version/train/6_IC/BRACS_1356_IC_2.png
train,6_IC,BRACS_1356,IC,BRACS_1356_IC_3.png,26201506,/BRACS_RoI/latest_version/train/6_IC/BRACS_1356_IC_3.png
train,6_IC,BRACS_1356,IC,BRACS_1356_IC_4.png,19434765,/BRACS_RoI/latest_version/train/6_IC/BRACS_1356_IC_4.png
train,6_IC,BRACS_1356,IC,BRACS_1356_IC_5.png,25900868,/BRACS_RoI/latest_version/train/6_IC/BRACS_1356_IC_5.png
train,6_IC,BRACS_1357,IC,BRACS_1357_IC_1.png,26974192,/BRACS_RoI/latest_version/train/6_IC/BRACS_1357_IC_1.png
train,6_IC,BRACS_1357,IC,BRACS_1357_IC_2.png,20098696,/BRACS_RoI/latest_version/train/6_IC/BRACS_1357_IC_2.png
train,6_IC,BRACS_1357,IC,BRACS_1357_IC_3.png,25034238,/BRACS_RoI/latest_version/train/6_IC/BRACS_1357_IC_3.png
train,6_IC,BRACS_1358,IC,BRACS_1358_IC_1.png,18758958,/BRACS_RoI/latest_version/train/6_IC/BRACS_1358_IC_1.png
train,6_IC,BRACS_1358,IC,BRACS_1358_IC_2.png,31614948,/BRACS_RoI/latest_version/train/6_IC/BRACS_1358_IC_2.png
train,6_IC,BRACS_1358,IC,BRACS_1358_IC_3.png,26884731,/BRACS_RoI/latest_version/train/6_IC/BRACS_1358_IC_3.png
train,6_IC,BRACS_1360,IC,BRACS_1360_IC_1.png,25733195,/BRACS_RoI/latest_version/train/6_IC/BRACS_1360_IC_1.png
train,6_IC,BRACS_1360,IC,BRACS_1360_IC_2.png,29211702,/BRACS_RoI/latest_version/train/6_IC/BRACS_1360_IC_2.png
train,6_IC,BRACS_1360,IC,BRACS_1360_IC_3.png,28172805,/BRACS_RoI/latest_version/train/6_IC/BRACS_1360_IC_3.png
train,6_IC,BRACS_1360,IC,BRACS_1360_IC_4.png,19155817,/BRACS_RoI/latest_version/train/6_IC/BRACS_1360_IC_4.png
train,6_IC,BRACS_1360,IC,BRACS_1360_IC_5.png,35068747,/BRACS_RoI/latest_version/train/6_IC/BRACS_1360_IC_5.png
train,6_IC,BRACS_1406,IC,BRACS_1406_IC_1.png,37831911,/BRACS_RoI/latest_version/train/6_IC/BRACS_1406_IC_1.png
train,6_IC,BRACS_1406,IC,BRACS_1406_IC_2.png,32894079,/BRACS_RoI/latest_version/train/6_IC/BRACS_1406_IC_2.png
train,6_IC,BRACS_1406,IC,BRACS_1406_IC_3.png,36240707,/BRACS_RoI/latest_version/train/6_IC/BRACS_1406_IC_3.png
train,6_IC,BRACS_1406,IC,BRACS_1406_IC_4.png,27974442,/BRACS_RoI/latest_version/train/6_IC/BRACS_1406_IC_4.png
train,6_IC,BRACS_1406,IC,BRACS_1406_IC_5.png,44214875,/BRACS_RoI/latest_version/train/6_IC/BRACS_1406_IC_5.png
train,6_IC,BRACS_1407,IC,BRACS_1407_IC_3.png,28933853,/BRACS_RoI/latest_version/train/6_IC/BRACS_1407_IC_3.png
train,6_IC,BRACS_1477,IC,BRACS_1477_IC_10.png,12574171,/BRACS_RoI/latest_version/train/6_IC/BRACS_1477_IC_10.png
train,6_IC,BRACS_1477,IC,BRACS_1477_IC_11.png,8219441,/BRACS_RoI/latest_version/train/6_IC/BRACS_1477_IC_11.png
train,6_IC,BRACS_1477,IC,BRACS_1477_IC_12.png,7679862,/BRACS_RoI/latest_version/train/6_IC/BRACS_1477_IC_12.png
train,6_IC,BRACS_1477,IC,BRACS_1477_IC_2.png,13556030,/BRACS_RoI/latest_version/train/6_IC/BRACS_1477_IC_2.png
train,6_IC,BRACS_1477,IC,BRACS_1477_IC_5.png,5792464,/BRACS_RoI/latest_version/train/6_IC/BRACS_1477_IC_5.png
train,6_IC,BRACS_1477,IC,BRACS_1477_IC_9.png,8156454,/BRACS_RoI/latest_version/train/6_IC/BRACS_1477_IC_9.png
train,6_IC,BRACS_1478,IC,BRACS_1478_IC_23.png,12688693,/BRACS_RoI/latest_version/train/6_IC/BRACS_1478_IC_23.png
train,6_IC,BRACS_1484,IC,BRACS_1484_IC_36.png,41661762,/BRACS_RoI/latest_version/train/6_IC/BRACS_1484_IC_36.png
train,6_IC,BRACS_1487,IC,BRACS_1487_IC_34.png,11818500,/BRACS_RoI/latest_version/train/6_IC/BRACS_1487_IC_34.png
train,6_IC,BRACS_1635,IC,BRACS_1635_IC_1.png,5203991,/BRACS_RoI/latest_version/train/6_IC/BRACS_1635_IC_1.png
train,6_IC,BRACS_1635,IC,BRACS_1635_IC_10.png,1770789,/BRACS_RoI/latest_version/train/6_IC/BRACS_1635_IC_10.png
train,6_IC,BRACS_1635,IC,BRACS_1635_IC_11.png,3993424,/BRACS_RoI/latest_version/train/6_IC/BRACS_1635_IC_11.png
train,6_IC,BRACS_1635,IC,BRACS_1635_IC_12.png,3462164,/BRACS_RoI/latest_version/train/6_IC/BRACS_1635_IC_12.png
train,6_IC,BRACS_1635,IC,BRACS_1635_IC_13.png,6352989,/BRACS_RoI/latest_version/train/6_IC/BRACS_1635_IC_13.png
train,6_IC,BRACS_1635,IC,BRACS_1635_IC_2.png,3229547,/BRACS_RoI/latest_version/train/6_IC/BRACS_1635_IC_2.png
train,6_IC,BRACS_1635,IC,BRACS_1635_IC_3.png,9614869,/BRACS_RoI/latest_version/train/6_IC/BRACS_1635_IC_3.png
train,6_IC,BRACS_1635,IC,BRACS_1635_IC_4.png,1963520,/BRACS_RoI/latest_version/train/6_IC/BRACS_1635_IC_4.png
train,6_IC,BRACS_1635,IC,BRACS_1635_IC_5.png,1631897,/BRACS_RoI/latest_version/train/6_IC/BRACS_1635_IC_5.png
train,6_IC,BRACS_1635,IC,BRACS_1635_IC_6.png,2261108,/BRACS_RoI/latest_version/train/6_IC/BRACS_1635_IC_6.png
train,6_IC,BRACS_1635,IC,BRACS_1635_IC_7.png,1936291,/BRACS_RoI/latest_version/train/6_IC/BRACS_1635_IC_7.png
train,6_IC,BRACS_1635,IC,BRACS_1635_IC_8.png,2347890,/BRACS_RoI/latest_version/train/6_IC/BRACS_1635_IC_8.png
train,6_IC,BRACS_1635,IC,BRACS_1635_IC_9.png,2372700,/BRACS_RoI/latest_version/train/6_IC/BRACS_1635_IC_9.png
train,6_IC,BRACS_1636,IC,BRACS_1636_IC_1.png,22336928,/BRACS_RoI/latest_version/train/6_IC/BRACS_1636_IC_1.png
train,6_IC,BRACS_1636,IC,BRACS_1636_IC_11.png,5164811,/BRACS_RoI/latest_version/train/6_IC/BRACS_1636_IC_11.png
train,6_IC,BRACS_1636,IC,BRACS_1636_IC_12.png,1343969,/BRACS_RoI/latest_version/train/6_IC/BRACS_1636_IC_12.png
train,6_IC,BRACS_1636,IC,BRACS_1636_IC_14.png,1810423,/BRACS_RoI/latest_version/train/6_IC/BRACS_1636_IC_14.png
train,6_IC,BRACS_1636,IC,BRACS_1636_IC_5.png,39276557,/BRACS_RoI/latest_version/train/6_IC/BRACS_1636_IC_5.png
train,6_IC,BRACS_1636,IC,BRACS_1636_IC_6.png,7196926,/BRACS_RoI/latest_version/train/6_IC/BRACS_1636_IC_6.png
train,6_IC,BRACS_1636,IC,BRACS_1636_IC_8.png,1155171,/BRACS_RoI/latest_version/train/6_IC/BRACS_1636_IC_8.png
train,6_IC,BRACS_1636,IC,BRACS_1636_IC_9.png,1170667,/BRACS_RoI/latest_version/train/6_IC/BRACS_1636_IC_9.png
train,6_IC,BRACS_1637,IC,BRACS_1637_IC_1.png,7678131,/BRACS_RoI/latest_version/train/6_IC/BRACS_1637_IC_1.png
train,6_IC,BRACS_1637,IC,BRACS_1637_IC_15.png,26402241,/BRACS_RoI/latest_version/train/6_IC/BRACS_1637_IC_15.png
train,6_IC,BRACS_1637,IC,BRACS_1637_IC_16.png,5485419,/BRACS_RoI/latest_version/train/6_IC/BRACS_1637_IC_16.png
train,6_IC,BRACS_1637,IC,BRACS_1637_IC_18.png,7721098,/BRACS_RoI/latest_version/train/6_IC/BRACS_1637_IC_18.png
train,6_IC,BRACS_1637,IC,BRACS_1637_IC_19.png,5858730,/BRACS_RoI/latest_version/train/6_IC/BRACS_1637_IC_19.png
train,6_IC,BRACS_1637,IC,BRACS_1637_IC_2.png,4765903,/BRACS_RoI/latest_version/train/6_IC/BRACS_1637_IC_2.png
train,6_IC,BRACS_1637,IC,BRACS_1637_IC_3.png,3929965,/BRACS_RoI/latest_version/train/6_IC/BRACS_1637_IC_3.png
train,6_IC,BRACS_1637,IC,BRACS_1637_IC_4.png,4791615,/BRACS_RoI/latest_version/train/6_IC/BRACS_1637_IC_4.png
train,6_IC,BRACS_1637,IC,BRACS_1637_IC_6.png,3050879,/BRACS_RoI/latest_version/train/6_IC/BRACS_1637_IC_6.png
train,6_IC,BRACS_1637,IC,BRACS_1637_IC_9.png,3196369,/BRACS_RoI/latest_version/train/6_IC/BRACS_1637_IC_9.png
train,6_IC,BRACS_1638,IC,BRACS_1638_IC_11.png,3226565,/BRACS_RoI/latest_version/train/6_IC/BRACS_1638_IC_11.png
train,6_IC,BRACS_1638,IC,BRACS_1638_IC_12.png,9103258,/BRACS_RoI/latest_version/train/6_IC/BRACS_1638_IC_12.png
train,6_IC,BRACS_1638,IC,BRACS_1638_IC_13.png,5173513,/BRACS_RoI/latest_version/train/6_IC/BRACS_1638_IC_13.png
train,6_IC,BRACS_1638,IC,BRACS_1638_IC_14.png,4013117,/BRACS_RoI/latest_version/train/6_IC/BRACS_1638_IC_14.png
train,6_IC,BRACS_1638,IC,BRACS_1638_IC_15.png,3478734,/BRACS_RoI/latest_version/train/6_IC/BRACS_1638_IC_15.png
train,6_IC,BRACS_1638,IC,BRACS_1638_IC_4.png,4015870,/BRACS_RoI/latest_version/train/6_IC/BRACS_1638_IC_4.png
train,6_IC,BRACS_1638,IC,BRACS_1638_IC_5.png,18453715,/BRACS_RoI/latest_version/train/6_IC/BRACS_1638_IC_5.png
train,6_IC,BRACS_1638,IC,BRACS_1638_IC_7.png,4869529,/BRACS_RoI/latest_version/train/6_IC/BRACS_1638_IC_7.png
train,6_IC,BRACS_1638,IC,BRACS_1638_IC_8.png,5606274,/BRACS_RoI/latest_version/train/6_IC/BRACS_1638_IC_8.png
train,6_IC,BRACS_1639,IC,BRACS_1639_IC_1.png,4277814,/BRACS_RoI/latest_version/train/6_IC/BRACS_1639_IC_1.png
train,6_IC,BRACS_1639,IC,BRACS_1639_IC_2.png,7224127,/BRACS_RoI/latest_version/train/6_IC/BRACS_1639_IC_2.png
train,6_IC,BRACS_1639,IC,BRACS_1639_IC_3.png,8843719,/BRACS_RoI/latest_version/train/6_IC/BRACS_1639_IC_3.png
train,6_IC,BRACS_1639,IC,BRACS_1639_IC_4.png,3520243,/BRACS_RoI/latest_version/train/6_IC/BRACS_1639_IC_4.png
train,6_IC,BRACS_1639,IC,BRACS_1639_IC_5.png,5991177,/BRACS_RoI/latest_version/train/6_IC/BRACS_1639_IC_5.png
train,6_IC,BRACS_1639,IC,BRACS_1639_IC_6.png,16871220,/BRACS_RoI/latest_version/train/6_IC/BRACS_1639_IC_6.png
train,6_IC,BRACS_1639,IC,BRACS_1639_IC_7.png,21251309,/BRACS_RoI/latest_version/train/6_IC/BRACS_1639_IC_7.png
train,6_IC,BRACS_1639,IC,BRACS_1639_IC_8.png,12072600,/BRACS_RoI/latest_version/train/6_IC/BRACS_1639_IC_8.png
train,6_IC,BRACS_1639,IC,BRACS_1639_IC_9.png,6755787,/BRACS_RoI/latest_version/train/6_IC/BRACS_1639_IC_9.png
train,6_IC,BRACS_1643,IC,BRACS_1643_IC_1.png,4136734,/BRACS_RoI/latest_version/train/6_IC/BRACS_1643_IC_1.png
train,6_IC,BRACS_1643,IC,BRACS_1643_IC_10.png,10299285,/BRACS_RoI/latest_version/train/6_IC/BRACS_1643_IC_10.png
train,6_IC,BRACS_1643,IC,BRACS_1643_IC_11.png,2764915,/BRACS_RoI/latest_version/train/6_IC/BRACS_1643_IC_11.png
train,6_IC,BRACS_1643,IC,BRACS_1643_IC_12.png,2388919,/BRACS_RoI/latest_version/train/6_IC/BRACS_1643_IC_12.png
train,6_IC,BRACS_1643,IC,BRACS_1643_IC_15.png,3267048,/BRACS_RoI/latest_version/train/6_IC/BRACS_1643_IC_15.png
train,6_IC,BRACS_1643,IC,BRACS_1643_IC_16.png,2952771,/BRACS_RoI/latest_version/train/6_IC/BRACS_1643_IC_16.png
train,6_IC,BRACS_1643,IC,BRACS_1643_IC_3.png,1578639,/BRACS_RoI/latest_version/train/6_IC/BRACS_1643_IC_3.png
train,6_IC,BRACS_1643,IC,BRACS_1643_IC_4.png,4239674,/BRACS_RoI/latest_version/train/6_IC/BRACS_1643_IC_4.png
train,6_IC,BRACS_1643,IC,BRACS_1643_IC_5.png,9300253,/BRACS_RoI/latest_version/train/6_IC/BRACS_1643_IC_5.png
train,6_IC,BRACS_1643,IC,BRACS_1643_IC_6.png,12361056,/BRACS_RoI/latest_version/train/6_IC/BRACS_1643_IC_6.png
train,6_IC,BRACS_1643,IC,BRACS_1643_IC_7.png,2038817,/BRACS_RoI/latest_version/train/6_IC/BRACS_1643_IC_7.png
train,6_IC,BRACS_1643,IC,BRACS_1643_IC_8.png,5759534,/BRACS_RoI/latest_version/train/6_IC/BRACS_1643_IC_8.png
train,6_IC,BRACS_1643,IC,BRACS_1643_IC_9.png,2502105,/BRACS_RoI/latest_version/train/6_IC/BRACS_1643_IC_9.png
train,6_IC,BRACS_1646,IC,BRACS_1646_IC_1.png,4852253,/BRACS_RoI/latest_version/train/6_IC/BRACS_1646_IC_1.png
train,6_IC,BRACS_1646,IC,BRACS_1646_IC_10.png,3679963,/BRACS_RoI/latest_version/train/6_IC/BRACS_1646_IC_10.png
train,6_IC,BRACS_1646,IC,BRACS_1646_IC_11.png,4302150,/BRACS_RoI/latest_version/train/6_IC/BRACS_1646_IC_11.png
train,6_IC,BRACS_1646,IC,BRACS_1646_IC_12.png,3253786,/BRACS_RoI/latest_version/train/6_IC/BRACS_1646_IC_12.png
train,6_IC,BRACS_1646,IC,BRACS_1646_IC_13.png,6058298,/BRACS_RoI/latest_version/train/6_IC/BRACS_1646_IC_13.png
train,6_IC,BRACS_1646,IC,BRACS_1646_IC_14.png,4731311,/BRACS_RoI/latest_version/train/6_IC/BRACS_1646_IC_14.png
train,6_IC,BRACS_1646,IC,BRACS_1646_IC_15.png,3795165,/BRACS_RoI/latest_version/train/6_IC/BRACS_1646_IC_15.png
train,6_IC,BRACS_1646,IC,BRACS_1646_IC_16.png,7638914,/BRACS_RoI/latest_version/train/6_IC/BRACS_1646_IC_16.png
train,6_IC,BRACS_1646,IC,BRACS_1646_IC_2.png,10212242,/BRACS_RoI/latest_version/train/6_IC/BRACS_1646_IC_2.png
train,6_IC,BRACS_1646,IC,BRACS_1646_IC_3.png,3310535,/BRACS_RoI/latest_version/train/6_IC/BRACS_1646_IC_3.png
train,6_IC,BRACS_1646,IC,BRACS_1646_IC_4.png,6210807,/BRACS_RoI/latest_version/train/6_IC/BRACS_1646_IC_4.png
train,6_IC,BRACS_1646,IC,BRACS_1646_IC_5.png,6260007,/BRACS_RoI/latest_version/train/6_IC/BRACS_1646_IC_5.png
train,6_IC,BRACS_1646,IC,BRACS_1646_IC_6.png,6074201,/BRACS_RoI/latest_version/train/6_IC/BRACS_1646_IC_6.png
train,6_IC,BRACS_1646,IC,BRACS_1646_IC_7.png,3760023,/BRACS_RoI/latest_version/train/6_IC/BRACS_1646_IC_7.png
train,6_IC,BRACS_1646,IC,BRACS_1646_IC_8.png,10195792,/BRACS_RoI/latest_version/train/6_IC/BRACS_1646_IC_8.png
train,6_IC,BRACS_1646,IC,BRACS_1646_IC_9.png,5233168,/BRACS_RoI/latest_version/train/6_IC/BRACS_1646_IC_9.png
train,6_IC,BRACS_1647,IC,BRACS_1647_IC_1.png,11108597,/BRACS_RoI/latest_version/train/6_IC/BRACS_1647_IC_1.png
train,6_IC,BRACS_1647,IC,BRACS_1647_IC_10.png,11766679,/BRACS_RoI/latest_version/train/6_IC/BRACS_1647_IC_10.png
train,6_IC,BRACS_1647,IC,BRACS_1647_IC_11.png,2190642,/BRACS_RoI/latest_version/train/6_IC/BRACS_1647_IC_11.png
train,6_IC,BRACS_1647,IC,BRACS_1647_IC_12.png,9453760,/BRACS_RoI/latest_version/train/6_IC/BRACS_1647_IC_12.png
train,6_IC,BRACS_1647,IC,BRACS_1647_IC_2.png,4874820,/BRACS_RoI/latest_version/train/6_IC/BRACS_1647_IC_2.png
train,6_IC,BRACS_1647,IC,BRACS_1647_IC_3.png,8546146,/BRACS_RoI/latest_version/train/6_IC/BRACS_1647_IC_3.png
train,6_IC,BRACS_1647,IC,BRACS_1647_IC_4.png,9344341,/BRACS_RoI/latest_version/train/6_IC/BRACS_1647_IC_4.png
train,6_IC,BRACS_1647,IC,BRACS_1647_IC_5.png,14000392,/BRACS_RoI/latest_version/train/6_IC/BRACS_1647_IC_5.png
train,6_IC,BRACS_1647,IC,BRACS_1647_IC_6.png,8748034,/BRACS_RoI/latest_version/train/6_IC/BRACS_1647_IC_6.png
train,6_IC,BRACS_1647,IC,BRACS_1647_IC_7.png,3667881,/BRACS_RoI/latest_version/train/6_IC/BRACS_1647_IC_7.png
train,6_IC,BRACS_1647,IC,BRACS_1647_IC_8.png,8805633,/BRACS_RoI/latest_version/train/6_IC/BRACS_1647_IC_8.png
train,6_IC,BRACS_1647,IC,BRACS_1647_IC_9.png,9583878,/BRACS_RoI/latest_version/train/6_IC/BRACS_1647_IC_9.png
train,6_IC,BRACS_1648,IC,BRACS_1648_IC_1.png,3235501,/BRACS_RoI/latest_version/train/6_IC/BRACS_1648_IC_1.png
train,6_IC,BRACS_1648,IC,BRACS_1648_IC_2.png,4572352,/BRACS_RoI/latest_version/train/6_IC/BRACS_1648_IC_2.png
train,6_IC,BRACS_1648,IC,BRACS_1648_IC_3.png,1434322,/BRACS_RoI/latest_version/train/6_IC/BRACS_1648_IC_3.png
train,6_IC,BRACS_1649,IC,BRACS_1649_IC_1.png,16275218,/BRACS_RoI/latest_version/train/6_IC/BRACS_1649_IC_1.png
train,6_IC,BRACS_1649,IC,BRACS_1649_IC_2.png,89051043,/BRACS_RoI/latest_version/train/6_IC/BRACS_1649_IC_2.png
train,6_IC,BRACS_1649,IC,BRACS_1649_IC_3.png,13814080,/BRACS_RoI/latest_version/train/6_IC/BRACS_1649_IC_3.png
train,6_IC,BRACS_1649,IC,BRACS_1649_IC_4.png,20824331,/BRACS_RoI/latest_version/train/6_IC/BRACS_1649_IC_4.png
train,6_IC,BRACS_1649,IC,BRACS_1649_IC_5.png,13417452,/BRACS_RoI/latest_version/train/6_IC/BRACS_1649_IC_5.png
train,6_IC,BRACS_1650,IC,BRACS_1650_IC_1.png,131063631,/BRACS_RoI/latest_version/train/6_IC/BRACS_1650_IC_1.png
train,6_IC,BRACS_1650,IC,BRACS_1650_IC_2.png,37426265,/BRACS_RoI/latest_version/train/6_IC/BRACS_1650_IC_2.png
train,6_IC,BRACS_1650,IC,BRACS_1650_IC_3.png,37989743,/BRACS_RoI/latest_version/train/6_IC/BRACS_1650_IC_3.png
train,6_IC,BRACS_1650,IC,BRACS_1650_IC_4.png,41875240,/BRACS_RoI/latest_version/train/6_IC/BRACS_1650_IC_4.png
train,6_IC,BRACS_1650,IC,BRACS_1650_IC_5.png,30397089,/BRACS_RoI/latest_version/train/6_IC/BRACS_1650_IC_5.png
train,6_IC,BRACS_1654,IC,BRACS_1654_IC_1.png,6951907,/BRACS_RoI/latest_version/train/6_IC/BRACS_1654_IC_1.png
train,6_IC,BRACS_1654,IC,BRACS_1654_IC_2.png,9037718,/BRACS_RoI/latest_version/train/6_IC/BRACS_1654_IC_2.png
train,6_IC,BRACS_1654,IC,BRACS_1654_IC_3.png,8201256,/BRACS_RoI/latest_version/train/6_IC/BRACS_1654_IC_3.png
train,6_IC,BRACS_1654,IC,BRACS_1654_IC_4.png,8927815,/BRACS_RoI/latest_version/train/6_IC/BRACS_1654_IC_4.png
train,6_IC,BRACS_1654,IC,BRACS_1654_IC_5.png,9636081,/BRACS_RoI/latest_version/train/6_IC/BRACS_1654_IC_5.png
train,6_IC,BRACS_1810,IC,BRACS_1810_IC_28.png,20477602,/BRACS_RoI/latest_version/train/6_IC/BRACS_1810_IC_28.png
train,6_IC,BRACS_1810,IC,BRACS_1810_IC_56.png,12110931,/BRACS_RoI/latest_version/train/6_IC/BRACS_1810_IC_56.png
train,6_IC,BRACS_1812,IC,BRACS_1812_IC_4.png,8616658,/BRACS_RoI/latest_version/train/6_IC/BRACS_1812_IC_4.png
train,6_IC,BRACS_1812,IC,BRACS_1812_IC_8.png,9814263,/BRACS_RoI/latest_version/train/6_IC/BRACS_1812_IC_8.png
train,6_IC,BRACS_1827,IC,BRACS_1827_IC_9.png,1226040,/BRACS_RoI/latest_version/train/6_IC/BRACS_1827_IC_9.png
train,6_IC,BRACS_1828,IC,BRACS_1828_IC_3.png,10597283,/BRACS_RoI/latest_version/train/6_IC/BRACS_1828_IC_3.png
train,6_IC,BRACS_1829,IC,BRACS_1829_IC_2.png,5713512,/BRACS_RoI/latest_version/train/6_IC/BRACS_1829_IC_2.png
train,6_IC,BRACS_1830,IC,BRACS_1830_IC_9.png,18114812,/BRACS_RoI/latest_version/train/6_IC/BRACS_1830_IC_9.png
train,6_IC,BRACS_1831,IC,BRACS_1831_IC_1.png,19132855,/BRACS_RoI/latest_version/train/6_IC/BRACS_1831_IC_1.png
train,6_IC,BRACS_1875,IC,BRACS_1875_IC_10.png,1599847,/BRACS_RoI/latest_version/train/6_IC/BRACS_1875_IC_10.png
train,6_IC,BRACS_280,IC,BRACS_280_IC_10.png,20100602,/BRACS_RoI/latest_version/train/6_IC/BRACS_280_IC_10.png
train,6_IC,BRACS_280,IC,BRACS_280_IC_11.png,23154681,/BRACS_RoI/latest_version/train/6_IC/BRACS_280_IC_11.png
train,6_IC,BRACS_280,IC,BRACS_280_IC_15.png,17231171,/BRACS_RoI/latest_version/train/6_IC/BRACS_280_IC_15.png
train,6_IC,BRACS_281,IC,BRACS_281_IC_1.png,59587928,/BRACS_RoI/latest_version/train/6_IC/BRACS_281_IC_1.png
train,6_IC,BRACS_281,IC,BRACS_281_IC_12.png,27910735,/BRACS_RoI/latest_version/train/6_IC/BRACS_281_IC_12.png
train,6_IC,BRACS_281,IC,BRACS_281_IC_14.png,26971482,/BRACS_RoI/latest_version/train/6_IC/BRACS_281_IC_14.png
train,6_IC,BRACS_281,IC,BRACS_281_IC_15.png,45137837,/BRACS_RoI/latest_version/train/6_IC/BRACS_281_IC_15.png
train,6_IC,BRACS_281,IC,BRACS_281_IC_19.png,30135966,/BRACS_RoI/latest_version/train/6_IC/BRACS_281_IC_19.png
train,6_IC,BRACS_281,IC,BRACS_281_IC_20.png,36552737,/BRACS_RoI/latest_version/train/6_IC/BRACS_281_IC_20.png
train,6_IC,BRACS_281,IC,BRACS_281_IC_23.png,30546416,/BRACS_RoI/latest_version/train/6_IC/BRACS_281_IC_23.png
train,6_IC,BRACS_281,IC,BRACS_281_IC_27.png,36300617,/BRACS_RoI/latest_version/train/6_IC/BRACS_281_IC_27.png
train,6_IC,BRACS_281,IC,BRACS_281_IC_28.png,51061357,/BRACS_RoI/latest_version/train/6_IC/BRACS_281_IC_28.png
train,6_IC,BRACS_281,IC,BRACS_281_IC_3.png,29838665,/BRACS_RoI/latest_version/train/6_IC/BRACS_281_IC_3.png
train,6_IC,BRACS_281,IC,BRACS_281_IC_32.png,57406181,/BRACS_RoI/latest_version/train/6_IC/BRACS_281_IC_32.png
train,6_IC,BRACS_281,IC,BRACS_281_IC_35.png,35043250,/BRACS_RoI/latest_version/train/6_IC/BRACS_281_IC_35.png
train,6_IC,BRACS_281,IC,BRACS_281_IC_7.png,24895892,/BRACS_RoI/latest_version/train/6_IC/BRACS_281_IC_7.png
train,6_IC,BRACS_283,IC,BRACS_283_IC_15.png,22572684,/BRACS_RoI/latest_version/train/6_IC/BRACS_283_IC_15.png
train,6_IC,BRACS_283,IC,BRACS_283_IC_16.png,27039938,/BRACS_RoI/latest_version/train/6_IC/BRACS_283_IC_16.png
train,6_IC,BRACS_283,IC,BRACS_283_IC_17.png,34407580,/BRACS_RoI/latest_version/train/6_IC/BRACS_283_IC_17.png
train,6_IC,BRACS_283,IC,BRACS_283_IC_22.png,15123945,/BRACS_RoI/latest_version/train/6_IC/BRACS_283_IC_22.png
train,6_IC,BRACS_283,IC,BRACS_283_IC_30.png,24434674,/BRACS_RoI/latest_version/train/6_IC/BRACS_283_IC_30.png
train,6_IC,BRACS_283,IC,BRACS_283_IC_32.png,23872020,/BRACS_RoI/latest_version/train/6_IC/BRACS_283_IC_32.png
train,6_IC,BRACS_283,IC,BRACS_283_IC_39.png,13222646,/BRACS_RoI/latest_version/train/6_IC/BRACS_283_IC_39.png
train,6_IC,BRACS_283,IC,BRACS_283_IC_42.png,28721177,/BRACS_RoI/latest_version/train/6_IC/BRACS_283_IC_42.png
train,6_IC,BRACS_283,IC,BRACS_283_IC_43.png,6882896,/BRACS_RoI/latest_version/train/6_IC/BRACS_283_IC_43.png
train,6_IC,BRACS_283,IC,BRACS_283_IC_44.png,21423117,/BRACS_RoI/latest_version/train/6_IC/BRACS_283_IC_44.png
train,6_IC,BRACS_283,IC,BRACS_283_IC_45.png,26309175,/BRACS_RoI/latest_version/train/6_IC/BRACS_283_IC_45.png
train,6_IC,BRACS_283,IC,BRACS_283_IC_47.png,27065592,/BRACS_RoI/latest_version/train/6_IC/BRACS_283_IC_47.png
train,6_IC,BRACS_283,IC,BRACS_283_IC_48.png,12527136,/BRACS_RoI/latest_version/train/6_IC/BRACS_283_IC_48.png
train,6_IC,BRACS_283,IC,BRACS_283_IC_5.png,16228895,/BRACS_RoI/latest_version/train/6_IC/BRACS_283_IC_5.png
train,6_IC,BRACS_283,IC,BRACS_283_IC_7.png,30500685,/BRACS_RoI/latest_version/train/6_IC/BRACS_283_IC_7.png
train,6_IC,BRACS_288,IC,BRACS_288_IC_10.png,18372121,/BRACS_RoI/latest_version/train/6_IC/BRACS_288_IC_10.png
train,6_IC,BRACS_288,IC,BRACS_288_IC_8.png,58543056,/BRACS_RoI/latest_version/train/6_IC/BRACS_288_IC_8.png
train,6_IC,BRACS_291,IC,BRACS_291_IC_12.png,29359686,/BRACS_RoI/latest_version/train/6_IC/BRACS_291_IC_12.png
train,6_IC,BRACS_291,IC,BRACS_291_IC_2.png,17279324,/BRACS_RoI/latest_version/train/6_IC/BRACS_291_IC_2.png
train,6_IC,BRACS_291,IC,BRACS_291_IC_22.png,20026037,/BRACS_RoI/latest_version/train/6_IC/BRACS_291_IC_22.png
train,6_IC,BRACS_291,IC,BRACS_291_IC_8.png,22695005,/BRACS_RoI/latest_version/train/6_IC/BRACS_291_IC_8.png
train,6_IC,BRACS_295,IC,BRACS_295_IC_1.png,14397229,/BRACS_RoI/latest_version/train/6_IC/BRACS_295_IC_1.png
train,6_IC,BRACS_295,IC,BRACS_295_IC_12.png,6232000,/BRACS_RoI/latest_version/train/6_IC/BRACS_295_IC_12.png
train,6_IC,BRACS_295,IC,BRACS_295_IC_16.png,15492674,/BRACS_RoI/latest_version/train/6_IC/BRACS_295_IC_16.png
train,6_IC,BRACS_295,IC,BRACS_295_IC_23.png,10279460,/BRACS_RoI/latest_version/train/6_IC/BRACS_295_IC_23.png
train,6_IC,BRACS_295,IC,BRACS_295_IC_24.png,9798180,/BRACS_RoI/latest_version/train/6_IC/BRACS_295_IC_24.png
train,6_IC,BRACS_295,IC,BRACS_295_IC_33.png,11031181,/BRACS_RoI/latest_version/train/6_IC/BRACS_295_IC_33.png
train,6_IC,BRACS_295,IC,BRACS_295_IC_37.png,4870094,/BRACS_RoI/latest_version/train/6_IC/BRACS_295_IC_37.png
train,6_IC,BRACS_295,IC,BRACS_295_IC_40.png,16136775,/BRACS_RoI/latest_version/train/6_IC/BRACS_295_IC_40.png
train,6_IC,BRACS_295,IC,BRACS_295_IC_43.png,12924908,/BRACS_RoI/latest_version/train/6_IC/BRACS_295_IC_43.png
train,6_IC,BRACS_295,IC,BRACS_295_IC_49.png,11580628,/BRACS_RoI/latest_version/train/6_IC/BRACS_295_IC_49.png
train,6_IC,BRACS_295,IC,BRACS_295_IC_50.png,8840660,/BRACS_RoI/latest_version/train/6_IC/BRACS_295_IC_50.png
train,6_IC,BRACS_295,IC,BRACS_295_IC_55.png,12730503,/BRACS_RoI/latest_version/train/6_IC/BRACS_295_IC_55.png
train,6_IC,BRACS_295,IC,BRACS_295_IC_59.png,9794942,/BRACS_RoI/latest_version/train/6_IC/BRACS_295_IC_59.png
train,6_IC,BRACS_295,IC,BRACS_295_IC_60.png,8711124,/BRACS_RoI/latest_version/train/6_IC/BRACS_295_IC_60.png
train,6_IC,BRACS_295,IC,BRACS_295_IC_63.png,16362120,/BRACS_RoI/latest_version/train/6_IC/BRACS_295_IC_63.png
train,6_IC,BRACS_295,IC,BRACS_295_IC_7.png,6009756,/BRACS_RoI/latest_version/train/6_IC/BRACS_295_IC_7.png
train,6_IC,BRACS_295,IC,BRACS_295_IC_9.png,13287950,/BRACS_RoI/latest_version/train/6_IC/BRACS_295_IC_9.png
train,6_IC,BRACS_297,IC,BRACS_297_IC_1.png,16944526,/BRACS_RoI/latest_version/train/6_IC/BRACS_297_IC_1.png
train,6_IC,BRACS_297,IC,BRACS_297_IC_12.png,22316396,/BRACS_RoI/latest_version/train/6_IC/BRACS_297_IC_12.png
train,6_IC,BRACS_297,IC,BRACS_297_IC_13.png,20164579,/BRACS_RoI/latest_version/train/6_IC/BRACS_297_IC_13.png
train,6_IC,BRACS_297,IC,BRACS_297_IC_14.png,20489609,/BRACS_RoI/latest_version/train/6_IC/BRACS_297_IC_14.png
train,6_IC,BRACS_297,IC,BRACS_297_IC_15.png,20626267,/BRACS_RoI/latest_version/train/6_IC/BRACS_297_IC_15.png
train,6_IC,BRACS_297,IC,BRACS_297_IC_16.png,15208435,/BRACS_RoI/latest_version/train/6_IC/BRACS_297_IC_16.png
train,6_IC,BRACS_297,IC,BRACS_297_IC_17.png,14767306,/BRACS_RoI/latest_version/train/6_IC/BRACS_297_IC_17.png
train,6_IC,BRACS_297,IC,BRACS_297_IC_18.png,22158451,/BRACS_RoI/latest_version/train/6_IC/BRACS_297_IC_18.png
train,6_IC,BRACS_297,IC,BRACS_297_IC_2.png,21080492,/BRACS_RoI/latest_version/train/6_IC/BRACS_297_IC_2.png
train,6_IC,BRACS_297,IC,BRACS_297_IC_21.png,11989285,/BRACS_RoI/latest_version/train/6_IC/BRACS_297_IC_21.png
train,6_IC,BRACS_297,IC,BRACS_297_IC_22.png,9472091,/BRACS_RoI/latest_version/train/6_IC/BRACS_297_IC_22.png
train,6_IC,BRACS_297,IC,BRACS_297_IC_23.png,20148335,/BRACS_RoI/latest_version/train/6_IC/BRACS_297_IC_23.png
train,6_IC,BRACS_297,IC,BRACS_297_IC_24.png,16649718,/BRACS_RoI/latest_version/train/6_IC/BRACS_297_IC_24.png
train,6_IC,BRACS_297,IC,BRACS_297_IC_25.png,17538415,/BRACS_RoI/latest_version/train/6_IC/BRACS_297_IC_25.png
train,6_IC,BRACS_297,IC,BRACS_297_IC_27.png,22529366,/BRACS_RoI/latest_version/train/6_IC/BRACS_297_IC_27.png
train,6_IC,BRACS_297,IC,BRACS_297_IC_28.png,13290375,/BRACS_RoI/latest_version/train/6_IC/BRACS_297_IC_28.png
train,6_IC,BRACS_297,IC,BRACS_297_IC_29.png,23061529,/BRACS_RoI/latest_version/train/6_IC/BRACS_297_IC_29.png
train,6_IC,BRACS_297,IC,BRACS_297_IC_30.png,16911106,/BRACS_RoI/latest_version/train/6_IC/BRACS_297_IC_30.png
train,6_IC,BRACS_297,IC,BRACS_297_IC_4.png,23791207,/BRACS_RoI/latest_version/train/6_IC/BRACS_297_IC_4.png
train,6_IC,BRACS_297,IC,BRACS_297_IC_5.png,15129205,/BRACS_RoI/latest_version/train/6_IC/BRACS_297_IC_5.png
train,6_IC,BRACS_297,IC,BRACS_297_IC_7.png,17337718,/BRACS_RoI/latest_version/train/6_IC/BRACS_297_IC_7.png
train,6_IC,BRACS_297,IC,BRACS_297_IC_9.png,8075640,/BRACS_RoI/latest_version/train/6_IC/BRACS_297_IC_9.png
train,6_IC,BRACS_298,IC,BRACS_298_IC_1.png,20018973,/BRACS_RoI/latest_version/train/6_IC/BRACS_298_IC_1.png
train,6_IC,BRACS_298,IC,BRACS_298_IC_2.png,32048852,/BRACS_RoI/latest_version/train/6_IC/BRACS_298_IC_2.png
train,6_IC,BRACS_298,IC,BRACS_298_IC_3.png,11997778,/BRACS_RoI/latest_version/train/6_IC/BRACS_298_IC_3.png
train,6_IC,BRACS_298,IC,BRACS_298_IC_5.png,10976448,/BRACS_RoI/latest_version/train/6_IC/BRACS_298_IC_5.png
train,6_IC,BRACS_298,IC,BRACS_298_IC_6.png,30164412,/BRACS_RoI/latest_version/train/6_IC/BRACS_298_IC_6.png
train,6_IC,BRACS_298,IC,BRACS_298_IC_7.png,14231288,/BRACS_RoI/latest_version/train/6_IC/BRACS_298_IC_7.png
train,6_IC,BRACS_311,IC,BRACS_311_IC_1.png,2968319,/BRACS_RoI/latest_version/train/6_IC/BRACS_311_IC_1.png
train,6_IC,BRACS_311,IC,BRACS_311_IC_15.png,3577154,/BRACS_RoI/latest_version/train/6_IC/BRACS_311_IC_15.png
train,6_IC,BRACS_311,IC,BRACS_311_IC_36.png,6177165,/BRACS_RoI/latest_version/train/6_IC/BRACS_311_IC_36.png
train,6_IC,BRACS_311,IC,BRACS_311_IC_37.png,3543462,/BRACS_RoI/latest_version/train/6_IC/BRACS_311_IC_37.png
train,6_IC,BRACS_311,IC,BRACS_311_IC_79.png,7228711,/BRACS_RoI/latest_version/train/6_IC/BRACS_311_IC_79.png
train,6_IC,BRACS_3319,IC,BRACS_3319_IC_1.png,19713302,/BRACS_RoI/latest_version/train/6_IC/BRACS_3319_IC_1.png
train,6_IC,BRACS_3319,IC,BRACS_3319_IC_10.png,1129711,/BRACS_RoI/latest_version/train/6_IC/BRACS_3319_IC_10.png
train,6_IC,BRACS_3319,IC,BRACS_3319_IC_11.png,1100836,/BRACS_RoI/latest_version/train/6_IC/BRACS_3319_IC_11.png
train,6_IC,BRACS_3319,IC,BRACS_3319_IC_12.png,59281330,/BRACS_RoI/latest_version/train/6_IC/BRACS_3319_IC_12.png
train,6_IC,BRACS_3319,IC,BRACS_3319_IC_13.png,13648771,/BRACS_RoI/latest_version/train/6_IC/BRACS_3319_IC_13.png
train,6_IC,BRACS_3319,IC,BRACS_3319_IC_14.png,30733312,/BRACS_RoI/latest_version/train/6_IC/BRACS_3319_IC_14.png
train,6_IC,BRACS_3319,IC,BRACS_3319_IC_15.png,1157141,/BRACS_RoI/latest_version/train/6_IC/BRACS_3319_IC_15.png
train,6_IC,BRACS_3319,IC,BRACS_3319_IC_16.png,28995208,/BRACS_RoI/latest_version/train/6_IC/BRACS_3319_IC_16.png
train,6_IC,BRACS_3319,IC,BRACS_3319_IC_17.png,9204502,/BRACS_RoI/latest_version/train/6_IC/BRACS_3319_IC_17.png
train,6_IC,BRACS_3319,IC,BRACS_3319_IC_18.png,708339,/BRACS_RoI/latest_version/train/6_IC/BRACS_3319_IC_18.png
train,6_IC,BRACS_3319,IC,BRACS_3319_IC_2.png,610375,/BRACS_RoI/latest_version/train/6_IC/BRACS_3319_IC_2.png
train,6_IC,BRACS_3319,IC,BRACS_3319_IC_3.png,1661603,/BRACS_RoI/latest_version/train/6_IC/BRACS_3319_IC_3.png
train,6_IC,BRACS_3319,IC,BRACS_3319_IC_4.png,21574043,/BRACS_RoI/latest_version/train/6_IC/BRACS_3319_IC_4.png
train,6_IC,BRACS_3319,IC,BRACS_3319_IC_5.png,6164782,/BRACS_RoI/latest_version/train/6_IC/BRACS_3319_IC_5.png
train,6_IC,BRACS_3319,IC,BRACS_3319_IC_6.png,1082036,/BRACS_RoI/latest_version/train/6_IC/BRACS_3319_IC_6.png
train,6_IC,BRACS_3319,IC,BRACS_3319_IC_7.png,18401072,/BRACS_RoI/latest_version/train/6_IC/BRACS_3319_IC_7.png
train,6_IC,BRACS_3319,IC,BRACS_3319_IC_8.png,20988366,/BRACS_RoI/latest_version/train/6_IC/BRACS_3319_IC_8.png
train,6_IC,BRACS_3319,IC,BRACS_3319_IC_9.png,2785727,/BRACS_RoI/latest_version/train/6_IC/BRACS_3319_IC_9.png
train,6_IC,BRACS_3320,IC,BRACS_3320_IC_1.png,4392173,/BRACS_RoI/latest_version/train/6_IC/BRACS_3320_IC_1.png
train,6_IC,BRACS_3320,IC,BRACS_3320_IC_2.png,18207206,/BRACS_RoI/latest_version/train/6_IC/BRACS_3320_IC_2.png
train,6_IC,BRACS_3320,IC,BRACS_3320_IC_3.png,6725029,/BRACS_RoI/latest_version/train/6_IC/BRACS_3320_IC_3.png
train,6_IC,BRACS_3320,IC,BRACS_3320_IC_4.png,21650656,/BRACS_RoI/latest_version/train/6_IC/BRACS_3320_IC_4.png
train,6_IC,BRACS_3320,IC,BRACS_3320_IC_5.png,9138271,/BRACS_RoI/latest_version/train/6_IC/BRACS_3320_IC_5.png
train,6_IC,BRACS_3320,IC,BRACS_3320_IC_6.png,21008874,/BRACS_RoI/latest_version/train/6_IC/BRACS_3320_IC_6.png
train,6_IC,BRACS_3320,IC,BRACS_3320_IC_7.png,16784314,/BRACS_RoI/latest_version/train/6_IC/BRACS_3320_IC_7.png
train,6_IC,BRACS_3320,IC,BRACS_3320_IC_8.png,1337519,/BRACS_RoI/latest_version/train/6_IC/BRACS_3320_IC_8.png
train,6_IC,BRACS_3320,IC,BRACS_3320_IC_9.png,7988435,/BRACS_RoI/latest_version/train/6_IC/BRACS_3320_IC_9.png
train,6_IC,BRACS_734,IC,BRACS_734_IC_15.png,19552977,/BRACS_RoI/latest_version/train/6_IC/BRACS_734_IC_15.png
train,6_IC,BRACS_734,IC,BRACS_734_IC_27.png,16221826,/BRACS_RoI/latest_version/train/6_IC/BRACS_734_IC_27.png
train,6_IC,BRACS_734,IC,BRACS_734_IC_65.png,28004724,/BRACS_RoI/latest_version/train/6_IC/BRACS_734_IC_65.png
train,6_IC,BRACS_734,IC,BRACS_734_IC_71.png,18934126,/BRACS_RoI/latest_version/train/6_IC/BRACS_734_IC_71.png
train,6_IC,BRACS_734,IC,BRACS_734_IC_99.png,19372642,/BRACS_RoI/latest_version/train/6_IC/BRACS_734_IC_99.png
train,6_IC,BRACS_747,IC,BRACS_747_IC_16.png,13830949,/BRACS_RoI/latest_version/train/6_IC/BRACS_747_IC_16.png
train,6_IC,BRACS_747,IC,BRACS_747_IC_18.png,11650847,/BRACS_RoI/latest_version/train/6_IC/BRACS_747_IC_18.png
train,6_IC,BRACS_747,IC,BRACS_747_IC_19.png,21122683,/BRACS_RoI/latest_version/train/6_IC/BRACS_747_IC_19.png
train,6_IC,BRACS_747,IC,BRACS_747_IC_21.png,10059734,/BRACS_RoI/latest_version/train/6_IC/BRACS_747_IC_21.png
train,6_IC,BRACS_747,IC,BRACS_747_IC_23.png,21308365,/BRACS_RoI/latest_version/train/6_IC/BRACS_747_IC_23.png
train,6_IC,BRACS_747,IC,BRACS_747_IC_30.png,11224258,/BRACS_RoI/latest_version/train/6_IC/BRACS_747_IC_30.png
train,6_IC,BRACS_748,IC,BRACS_748_IC_33.png,32141895,/BRACS_RoI/latest_version/train/6_IC/BRACS_748_IC_33.png
train,6_IC,BRACS_748,IC,BRACS_748_IC_41.png,18655751,/BRACS_RoI/latest_version/train/6_IC/BRACS_748_IC_41.png
train,6_IC,BRACS_748,IC,BRACS_748_IC_49.png,33216387,/BRACS_RoI/latest_version/train/6_IC/BRACS_748_IC_49.png
train,6_IC,BRACS_748,IC,BRACS_748_IC_58.png,32315578,/BRACS_RoI/latest_version/train/6_IC/BRACS_748_IC_58.png
train,6_IC,BRACS_748,IC,BRACS_748_IC_66.png,30224054,/BRACS_RoI/latest_version/train/6_IC/BRACS_748_IC_66.png
train,6_IC,BRACS_748,IC,BRACS_748_IC_67.png,36602194,/BRACS_RoI/latest_version/train/6_IC/BRACS_748_IC_67.png
train,6_IC,BRACS_748,IC,BRACS_748_IC_75.png,45068231,/BRACS_RoI/latest_version/train/6_IC/BRACS_748_IC_75.png
train,6_IC,BRACS_748,IC,BRACS_748_IC_82.png,37625278,/BRACS_RoI/latest_version/train/6_IC/BRACS_748_IC_82.png
train,6_IC,BRACS_748,IC,BRACS_748_IC_83.png,30556648,/BRACS_RoI/latest_version/train/6_IC/BRACS_748_IC_83.png
train,6_IC,BRACS_748,IC,BRACS_748_IC_89.png,35474310,/BRACS_RoI/latest_version/train/6_IC/BRACS_748_IC_89.png
train,6_IC,BRACS_749,IC,BRACS_749_IC_1.png,33188082,/BRACS_RoI/latest_version/train/6_IC/BRACS_749_IC_1.png
train,6_IC,BRACS_749,IC,BRACS_749_IC_10.png,29736131,/BRACS_RoI/latest_version/train/6_IC/BRACS_749_IC_10.png
train,6_IC,BRACS_749,IC,BRACS_749_IC_11.png,30521138,/BRACS_RoI/latest_version/train/6_IC/BRACS_749_IC_11.png
train,6_IC,BRACS_749,IC,BRACS_749_IC_13.png,29816277,/BRACS_RoI/latest_version/train/6_IC/BRACS_749_IC_13.png
train,6_IC,BRACS_749,IC,BRACS_749_IC_4.png,26015830,/BRACS_RoI/latest_version/train/6_IC/BRACS_749_IC_4.png
train,6_IC,BRACS_749,IC,BRACS_749_IC_5.png,37078607,/BRACS_RoI/latest_version/train/6_IC/BRACS_749_IC_5.png
train,6_IC,BRACS_749,IC,BRACS_749_IC_8.png,31374642,/BRACS_RoI/latest_version/train/6_IC/BRACS_749_IC_8.png
train,6_IC,BRACS_749,IC,BRACS_749_IC_9.png,21139145,/BRACS_RoI/latest_version/train/6_IC/BRACS_749_IC_9.png
train,6_IC,BRACS_750,IC,BRACS_750_IC_4.png,34909242,/BRACS_RoI/latest_version/train/6_IC/BRACS_750_IC_4.png
train,6_IC,BRACS_752,IC,BRACS_752_IC_1.png,24210442,/BRACS_RoI/latest_version/train/6_IC/BRACS_752_IC_1.png
train,6_IC,BRACS_752,IC,BRACS_752_IC_23.png,28001818,/BRACS_RoI/latest_version/train/6_IC/BRACS_752_IC_23.png
train,6_IC,BRACS_752,IC,BRACS_752_IC_37.png,30958348,/BRACS_RoI/latest_version/train/6_IC/BRACS_752_IC_37.png
train,6_IC,BRACS_753,IC,BRACS_753_IC_23.png,15913151,/BRACS_RoI/latest_version/train/6_IC/BRACS_753_IC_23.png
train,6_IC,BRACS_753,IC,BRACS_753_IC_34.png,19151425,/BRACS_RoI/latest_version/train/6_IC/BRACS_753_IC_34.png
train,6_IC,BRACS_753,IC,BRACS_753_IC_35.png,12829243,/BRACS_RoI/latest_version/train/6_IC/BRACS_753_IC_35.png
train,6_IC,BRACS_753,IC,BRACS_753_IC_37.png,27946474,/BRACS_RoI/latest_version/train/6_IC/BRACS_753_IC_37.png
train,6_IC,BRACS_753,IC,BRACS_753_IC_42.png,13645597,/BRACS_RoI/latest_version/train/6_IC/BRACS_753_IC_42.png
train,6_IC,BRACS_753,IC,BRACS_753_IC_44.png,30599808,/BRACS_RoI/latest_version/train/6_IC/BRACS_753_IC_44.png
train,6_IC,BRACS_754,IC,BRACS_754_IC_11.png,26108472,/BRACS_RoI/latest_version/train/6_IC/BRACS_754_IC_11.png
train,6_IC,BRACS_754,IC,BRACS_754_IC_14.png,27979031,/BRACS_RoI/latest_version/train/6_IC/BRACS_754_IC_14.png
train,6_IC,BRACS_754,IC,BRACS_754_IC_19.png,31522925,/BRACS_RoI/latest_version/train/6_IC/BRACS_754_IC_19.png
train,6_IC,BRACS_754,IC,BRACS_754_IC_2.png,27040384,/BRACS_RoI/latest_version/train/6_IC/BRACS_754_IC_2.png
train,6_IC,BRACS_754,IC,BRACS_754_IC_26.png,25958171,/BRACS_RoI/latest_version/train/6_IC/BRACS_754_IC_26.png
train,6_IC,BRACS_754,IC,BRACS_754_IC_30.png,28874035,/BRACS_RoI/latest_version/train/6_IC/BRACS_754_IC_30.png
train,6_IC,BRACS_754,IC,BRACS_754_IC_32.png,5486064,/BRACS_RoI/latest_version/train/6_IC/BRACS_754_IC_32.png
train,6_IC,BRACS_754,IC,BRACS_754_IC_35.png,28452035,/BRACS_RoI/latest_version/train/6_IC/BRACS_754_IC_35.png
train,6_IC,BRACS_754,IC,BRACS_754_IC_37.png,27229060,/BRACS_RoI/latest_version/train/6_IC/BRACS_754_IC_37.png
train,6_IC,BRACS_754,IC,BRACS_754_IC_38.png,21142392,/BRACS_RoI/latest_version/train/6_IC/BRACS_754_IC_38.png
train,6_IC,BRACS_754,IC,BRACS_754_IC_39.png,34259686,/BRACS_RoI/latest_version/train/6_IC/BRACS_754_IC_39.png
train,6_IC,BRACS_754,IC,BRACS_754_IC_4.png,25677793,/BRACS_RoI/latest_version/train/6_IC/BRACS_754_IC_4.png
train,6_IC,BRACS_754,IC,BRACS_754_IC_42.png,26235443,/BRACS_RoI/latest_version/train/6_IC/BRACS_754_IC_42.png
train,6_IC,BRACS_754,IC,BRACS_754_IC_48.png,24200629,/BRACS_RoI/latest_version/train/6_IC/BRACS_754_IC_48.png
train,6_IC,BRACS_754,IC,BRACS_754_IC_49.png,36016773,/BRACS_RoI/latest_version/train/6_IC/BRACS_754_IC_49.png
train,6_IC,BRACS_756,IC,BRACS_756_IC_1.png,24461034,/BRACS_RoI/latest_version/train/6_IC/BRACS_756_IC_1.png
train,6_IC,BRACS_756,IC,BRACS_756_IC_10.png,29391917,/BRACS_RoI/latest_version/train/6_IC/BRACS_756_IC_10.png
train,6_IC,BRACS_756,IC,BRACS_756_IC_11.png,28279722,/BRACS_RoI/latest_version/train/6_IC/BRACS_756_IC_11.png
train,6_IC,BRACS_756,IC,BRACS_756_IC_2.png,29092566,/BRACS_RoI/latest_version/train/6_IC/BRACS_756_IC_2.png
train,6_IC,BRACS_756,IC,BRACS_756_IC_5.png,31090658,/BRACS_RoI/latest_version/train/6_IC/BRACS_756_IC_5.png
train,6_IC,BRACS_756,IC,BRACS_756_IC_6.png,25486006,/BRACS_RoI/latest_version/train/6_IC/BRACS_756_IC_6.png
train,6_IC,BRACS_756,IC,BRACS_756_IC_7.png,31014834,/BRACS_RoI/latest_version/train/6_IC/BRACS_756_IC_7.png
train,6_IC,BRACS_756,IC,BRACS_756_IC_8.png,28199388,/BRACS_RoI/latest_version/train/6_IC/BRACS_756_IC_8.png
train,6_IC,BRACS_756,IC,BRACS_756_IC_9.png,35443237,/BRACS_RoI/latest_version/train/6_IC/BRACS_756_IC_9.png
train,6_IC,BRACS_757,IC,BRACS_757_IC_1.png,13904175,/BRACS_RoI/latest_version/train/6_IC/BRACS_757_IC_1.png
train,6_IC,BRACS_757,IC,BRACS_757_IC_2.png,18311597,/BRACS_RoI/latest_version/train/6_IC/BRACS_757_IC_2.png
train,6_IC,BRACS_757,IC,BRACS_757_IC_3.png,21163176,/BRACS_RoI/latest_version/train/6_IC/BRACS_757_IC_3.png
train,6_IC,BRACS_757,IC,BRACS_757_IC_4.png,18276956,/BRACS_RoI/latest_version/train/6_IC/BRACS_757_IC_4.png
train,6_IC,BRACS_757,IC,BRACS_757_IC_5.png,23502339,/BRACS_RoI/latest_version/train/6_IC/BRACS_757_IC_5.png
train,6_IC,BRACS_759,IC,BRACS_759_IC_1.png,17352412,/BRACS_RoI/latest_version/train/6_IC/BRACS_759_IC_1.png
train,6_IC,BRACS_759,IC,BRACS_759_IC_10.png,21108806,/BRACS_RoI/latest_version/train/6_IC/BRACS_759_IC_10.png
train,6_IC,BRACS_759,IC,BRACS_759_IC_11.png,20710808,/BRACS_RoI/latest_version/train/6_IC/BRACS_759_IC_11.png
train,6_IC,BRACS_759,IC,BRACS_759_IC_12.png,14951409,/BRACS_RoI/latest_version/train/6_IC/BRACS_759_IC_12.png
train,6_IC,BRACS_759,IC,BRACS_759_IC_2.png,16787268,/BRACS_RoI/latest_version/train/6_IC/BRACS_759_IC_2.png
train,6_IC,BRACS_759,IC,BRACS_759_IC_3.png,13212300,/BRACS_RoI/latest_version/train/6_IC/BRACS_759_IC_3.png
train,6_IC,BRACS_759,IC,BRACS_759_IC_4.png,17646057,/BRACS_RoI/latest_version/train/6_IC/BRACS_759_IC_4.png
train,6_IC,BRACS_759,IC,BRACS_759_IC_5.png,25942811,/BRACS_RoI/latest_version/train/6_IC/BRACS_759_IC_5.png
train,6_IC,BRACS_759,IC,BRACS_759_IC_6.png,12177882,/BRACS_RoI/latest_version/train/6_IC/BRACS_759_IC_6.png
train,6_IC,BRACS_759,IC,BRACS_759_IC_7.png,18881681,/BRACS_RoI/latest_version/train/6_IC/BRACS_759_IC_7.png
train,6_IC,BRACS_759,IC,BRACS_759_IC_8.png,16952807,/BRACS_RoI/latest_version/train/6_IC/BRACS_759_IC_8.png
train,6_IC,BRACS_759,IC,BRACS_759_IC_9.png,17709178,/BRACS_RoI/latest_version/train/6_IC/BRACS_759_IC_9.png
train,6_IC,BRACS_773,IC,BRACS_773_IC_1.png,24320524,/BRACS_RoI/latest_version/train/6_IC/BRACS_773_IC_1.png
train,6_IC,BRACS_773,IC,BRACS_773_IC_10.png,44688864,/BRACS_RoI/latest_version/train/6_IC/BRACS_773_IC_10.png
train,6_IC,BRACS_773,IC,BRACS_773_IC_101.png,36961073,/BRACS_RoI/latest_version/train/6_IC/BRACS_773_IC_101.png
train,6_IC,BRACS_773,IC,BRACS_773_IC_102.png,38720990,/BRACS_RoI/latest_version/train/6_IC/BRACS_773_IC_102.png
train,6_IC,BRACS_773,IC,BRACS_773_IC_103.png,44949643,/BRACS_RoI/latest_version/train/6_IC/BRACS_773_IC_103.png
train,6_IC,BRACS_773,IC,BRACS_773_IC_104.png,24860894,/BRACS_RoI/latest_version/train/6_IC/BRACS_773_IC_104.png
train,6_IC,BRACS_773,IC,BRACS_773_IC_107.png,32636044,/BRACS_RoI/latest_version/train/6_IC/BRACS_773_IC_107.png
train,6_IC,BRACS_773,IC,BRACS_773_IC_108.png,25963298,/BRACS_RoI/latest_version/train/6_IC/BRACS_773_IC_108.png
train,6_IC,BRACS_773,IC,BRACS_773_IC_109.png,39174645,/BRACS_RoI/latest_version/train/6_IC/BRACS_773_IC_109.png
train,6_IC,BRACS_773,IC,BRACS_773_IC_111.png,31082266,/BRACS_RoI/latest_version/train/6_IC/BRACS_773_IC_111.png
train,6_IC,BRACS_773,IC,BRACS_773_IC_112.png,35153542,/BRACS_RoI/latest_version/train/6_IC/BRACS_773_IC_112.png
train,6_IC,BRACS_773,IC,BRACS_773_IC_113.png,23919721,/BRACS_RoI/latest_version/train/6_IC/BRACS_773_IC_113.png
train,6_IC,BRACS_773,IC,BRACS_773_IC_114.png,44067525,/BRACS_RoI/latest_version/train/6_IC/BRACS_773_IC_114.png
train,6_IC,BRACS_773,IC,BRACS_773_IC_115.png,40155696,/BRACS_RoI/latest_version/train/6_IC/BRACS_773_IC_115.png
train,6_IC,BRACS_773,IC,BRACS_773_IC_116.png,25150881,/BRACS_RoI/latest_version/train/6_IC/BRACS_773_IC_116.png
train,6_IC,BRACS_773,IC,BRACS_773_IC_117.png,28068126,/BRACS_RoI/latest_version/train/6_IC/BRACS_773_IC_117.png
train,6_IC,BRACS_773,IC,BRACS_773_IC_118.png,39266986,/BRACS_RoI/latest_version/train/6_IC/BRACS_773_IC_118.png
train,6_IC,BRACS_773,IC,BRACS_773_IC_119.png,27405149,/BRACS_RoI/latest_version/train/6_IC/BRACS_773_IC_119.png
train,6_IC,BRACS_773,IC,BRACS_773_IC_13.png,28750779,/BRACS_RoI/latest_version/train/6_IC/BRACS_773_IC_13.png
train,6_IC,BRACS_773,IC,BRACS_773_IC_14.png,36162616,/BRACS_RoI/latest_version/train/6_IC/BRACS_773_IC_14.png
train,6_IC,BRACS_773,IC,BRACS_773_IC_15.png,33712646,/BRACS_RoI/latest_version/train/6_IC/BRACS_773_IC_15.png
train,6_IC,BRACS_773,IC,BRACS_773_IC_16.png,38048178,/BRACS_RoI/latest_version/train/6_IC/BRACS_773_IC_16.png
train,6_IC,BRACS_773,IC,BRACS_773_IC_17.png,36804312,/BRACS_RoI/latest_version/train/6_IC/BRACS_773_IC_17.png
train,6_IC,BRACS_773,IC,BRACS_773_IC_18.png,35794909,/BRACS_RoI/latest_version/train/6_IC/BRACS_773_IC_18.png
train,6_IC,BRACS_773,IC,BRACS_773_IC_19.png,34466236,/BRACS_RoI/latest_version/train/6_IC/BRACS_773_IC_19.png
train,6_IC,BRACS_773,IC,BRACS_773_IC_2.png,30515608,/BRACS_RoI/latest_version/train/6_IC/BRACS_773_IC_2.png
train,6_IC,BRACS_773,IC,BRACS_773_IC_22.png,48526482,/BRACS_RoI/latest_version/train/6_IC/BRACS_773_IC_22.png
train,6_IC,BRACS_773,IC,BRACS_773_IC_23.png,22872197,/BRACS_RoI/latest_version/train/6_IC/BRACS_773_IC_23.png
train,6_IC,BRACS_773,IC,BRACS_773_IC_24.png,28151870,/BRACS_RoI/latest_version/train/6_IC/BRACS_773_IC_24.png
train,6_IC,BRACS_773,IC,BRACS_773_IC_25.png,26903504,/BRACS_RoI/latest_version/train/6_IC/BRACS_773_IC_25.png
train,6_IC,BRACS_773,IC,BRACS_773_IC_27.png,28122308,/BRACS_RoI/latest_version/train/6_IC/BRACS_773_IC_27.png
train,6_IC,BRACS_773,IC,BRACS_773_IC_29.png,32187922,/BRACS_RoI/latest_version/train/6_IC/BRACS_773_IC_29.png
train,6_IC,BRACS_773,IC,BRACS_773_IC_3.png,28617242,/BRACS_RoI/latest_version/train/6_IC/BRACS_773_IC_3.png
train,6_IC,BRACS_773,IC,BRACS_773_IC_30.png,28242314,/BRACS_RoI/latest_version/train/6_IC/BRACS_773_IC_30.png
train,6_IC,BRACS_773,IC,BRACS_773_IC_34.png,32461715,/BRACS_RoI/latest_version/train/6_IC/BRACS_773_IC_34.png
train,6_IC,BRACS_773,IC,BRACS_773_IC_35.png,33506060,/BRACS_RoI/latest_version/train/6_IC/BRACS_773_IC_35.png
train,6_IC,BRACS_773,IC,BRACS_773_IC_36.png,41514240,/BRACS_RoI/latest_version/train/6_IC/BRACS_773_IC_36.png
train,6_IC,BRACS_773,IC,BRACS_773_IC_37.png,39537750,/BRACS_RoI/latest_version/train/6_IC/BRACS_773_IC_37.png
train,6_IC,BRACS_773,IC,BRACS_773_IC_38.png,40585818,/BRACS_RoI/latest_version/train/6_IC/BRACS_773_IC_38.png
train,6_IC,BRACS_773,IC,BRACS_773_IC_42.png,32700316,/BRACS_RoI/latest_version/train/6_IC/BRACS_773_IC_42.png
train,6_IC,BRACS_773,IC,BRACS_773_IC_43.png,35906434,/BRACS_RoI/latest_version/train/6_IC/BRACS_773_IC_43.png
train,6_IC,BRACS_773,IC,BRACS_773_IC_45.png,41234156,/BRACS_RoI/latest_version/train/6_IC/BRACS_773_IC_45.png
train,6_IC,BRACS_773,IC,BRACS_773_IC_47.png,30833545,/BRACS_RoI/latest_version/train/6_IC/BRACS_773_IC_47.png
train,6_IC,BRACS_773,IC,BRACS_773_IC_49.png,53042742,/BRACS_RoI/latest_version/train/6_IC/BRACS_773_IC_49.png
train,6_IC,BRACS_773,IC,BRACS_773_IC_5.png,36345949,/BRACS_RoI/latest_version/train/6_IC/BRACS_773_IC_5.png
train,6_IC,BRACS_773,IC,BRACS_773_IC_50.png,34188848,/BRACS_RoI/latest_version/train/6_IC/BRACS_773_IC_50.png
train,6_IC,BRACS_773,IC,BRACS_773_IC_51.png,49440967,/BRACS_RoI/latest_version/train/6_IC/BRACS_773_IC_51.png
train,6_IC,BRACS_773,IC,BRACS_773_IC_54.png,28485404,/BRACS_RoI/latest_version/train/6_IC/BRACS_773_IC_54.png
train,6_IC,BRACS_773,IC,BRACS_773_IC_55.png,38457305,/BRACS_RoI/latest_version/train/6_IC/BRACS_773_IC_55.png
train,6_IC,BRACS_773,IC,BRACS_773_IC_56.png,44768050,/BRACS_RoI/latest_version/train/6_IC/BRACS_773_IC_56.png
train,6_IC,BRACS_773,IC,BRACS_773_IC_57.png,35408800,/BRACS_RoI/latest_version/train/6_IC/BRACS_773_IC_57.png
train,6_IC,BRACS_773,IC,BRACS_773_IC_58.png,41143850,/BRACS_RoI/latest_version/train/6_IC/BRACS_773_IC_58.png
train,6_IC,BRACS_773,IC,BRACS_773_IC_62.png,26219868,/BRACS_RoI/latest_version/train/6_IC/BRACS_773_IC_62.png
train,6_IC,BRACS_773,IC,BRACS_773_IC_63.png,26281428,/BRACS_RoI/latest_version/train/6_IC/BRACS_773_IC_63.png
train,6_IC,BRACS_773,IC,BRACS_773_IC_66.png,38702281,/BRACS_RoI/latest_version/train/6_IC/BRACS_773_IC_66.png
train,6_IC,BRACS_773,IC,BRACS_773_IC_7.png,37003513,/BRACS_RoI/latest_version/train/6_IC/BRACS_773_IC_7.png
train,6_IC,BRACS_773,IC,BRACS_773_IC_71.png,29288206,/BRACS_RoI/latest_version/train/6_IC/BRACS_773_IC_71.png
train,6_IC,BRACS_773,IC,BRACS_773_IC_72.png,33375151,/BRACS_RoI/latest_version/train/6_IC/BRACS_773_IC_72.png
train,6_IC,BRACS_773,IC,BRACS_773_IC_73.png,27332445,/BRACS_RoI/latest_version/train/6_IC/BRACS_773_IC_73.png
train,6_IC,BRACS_773,IC,BRACS_773_IC_74.png,45053460,/BRACS_RoI/latest_version/train/6_IC/BRACS_773_IC_74.png
train,6_IC,BRACS_773,IC,BRACS_773_IC_75.png,38770320,/BRACS_RoI/latest_version/train/6_IC/BRACS_773_IC_75.png
train,6_IC,BRACS_773,IC,BRACS_773_IC_77.png,35452061,/BRACS_RoI/latest_version/train/6_IC/BRACS_773_IC_77.png
train,6_IC,BRACS_773,IC,BRACS_773_IC_78.png,40380247,/BRACS_RoI/latest_version/train/6_IC/BRACS_773_IC_78.png
train,6_IC,BRACS_773,IC,BRACS_773_IC_81.png,43885030,/BRACS_RoI/latest_version/train/6_IC/BRACS_773_IC_81.png
train,6_IC,BRACS_773,IC,BRACS_773_IC_82.png,33604664,/BRACS_RoI/latest_version/train/6_IC/BRACS_773_IC_82.png
train,6_IC,BRACS_773,IC,BRACS_773_IC_83.png,31200022,/BRACS_RoI/latest_version/train/6_IC/BRACS_773_IC_83.png
train,6_IC,BRACS_773,IC,BRACS_773_IC_85.png,26036715,/BRACS_RoI/latest_version/train/6_IC/BRACS_773_IC_85.png
train,6_IC,BRACS_773,IC,BRACS_773_IC_86.png,31622930,/BRACS_RoI/latest_version/train/6_IC/BRACS_773_IC_86.png
train,6_IC,BRACS_773,IC,BRACS_773_IC_88.png,36769298,/BRACS_RoI/latest_version/train/6_IC/BRACS_773_IC_88.png
train,6_IC,BRACS_773,IC,BRACS_773_IC_89.png,40328241,/BRACS_RoI/latest_version/train/6_IC/BRACS_773_IC_89.png
train,6_IC,BRACS_773,IC,BRACS_773_IC_9.png,37422812,/BRACS_RoI/latest_version/train/6_IC/BRACS_773_IC_9.png
train,6_IC,BRACS_773,IC,BRACS_773_IC_90.png,27774439,/BRACS_RoI/latest_version/train/6_IC/BRACS_773_IC_90.png
train,6_IC,BRACS_773,IC,BRACS_773_IC_91.png,46117211,/BRACS_RoI/latest_version/train/6_IC/BRACS_773_IC_91.png
train,6_IC,BRACS_773,IC,BRACS_773_IC_92.png,28431977,/BRACS_RoI/latest_version/train/6_IC/BRACS_773_IC_92.png
train,6_IC,BRACS_773,IC,BRACS_773_IC_93.png,37524922,/BRACS_RoI/latest_version/train/6_IC/BRACS_773_IC_93.png
train,6_IC,BRACS_773,IC,BRACS_773_IC_94.png,30097611,/BRACS_RoI/latest_version/train/6_IC/BRACS_773_IC_94.png
train,6_IC,BRACS_773,IC,BRACS_773_IC_96.png,25505248,/BRACS_RoI/latest_version/train/6_IC/BRACS_773_IC_96.png
train,6_IC,BRACS_773,IC,BRACS_773_IC_99.png,29131024,/BRACS_RoI/latest_version/train/6_IC/BRACS_773_IC_99.png
val,0_N,BRACS_1295,N,BRACS_1295_N_1.png,19544227,/BRACS_RoI/latest_version/val/0_N/BRACS_1295_N_1.png
val,0_N,BRACS_1295,N,BRACS_1295_N_2.png,23457171,/BRACS_RoI/latest_version/val/0_N/BRACS_1295_N_2.png
val,0_N,BRACS_1295,N,BRACS_1295_N_3.png,15119338,/BRACS_RoI/latest_version/val/0_N/BRACS_1295_N_3.png
val,0_N,BRACS_1295,N,BRACS_1295_N_5.png,15050778,/BRACS_RoI/latest_version/val/0_N/BRACS_1295_N_5.png
val,0_N,BRACS_1296,N,BRACS_1296_N_1.png,21451571,/BRACS_RoI/latest_version/val/0_N/BRACS_1296_N_1.png
val,0_N,BRACS_1296,N,BRACS_1296_N_2.png,36151162,/BRACS_RoI/latest_version/val/0_N/BRACS_1296_N_2.png
val,0_N,BRACS_1296,N,BRACS_1296_N_3.png,7596676,/BRACS_RoI/latest_version/val/0_N/BRACS_1296_N_3.png
val,0_N,BRACS_1584,N,BRACS_1584_N_1.png,11366831,/BRACS_RoI/latest_version/val/0_N/BRACS_1584_N_1.png
val,0_N,BRACS_1584,N,BRACS_1584_N_2.png,19347136,/BRACS_RoI/latest_version/val/0_N/BRACS_1584_N_2.png
val,0_N,BRACS_1585,N,BRACS_1585_N_1.png,16219515,/BRACS_RoI/latest_version/val/0_N/BRACS_1585_N_1.png
val,0_N,BRACS_1585,N,BRACS_1585_N_2.png,4971579,/BRACS_RoI/latest_version/val/0_N/BRACS_1585_N_2.png
val,0_N,BRACS_1591,N,BRACS_1591_N_5.png,6518284,/BRACS_RoI/latest_version/val/0_N/BRACS_1591_N_5.png
val,0_N,BRACS_1591,N,BRACS_1591_N_6.png,5707933,/BRACS_RoI/latest_version/val/0_N/BRACS_1591_N_6.png
val,0_N,BRACS_1592,N,BRACS_1592_N_2.png,11085237,/BRACS_RoI/latest_version/val/0_N/BRACS_1592_N_2.png
val,0_N,BRACS_1608,N,BRACS_1608_N_1.png,8621709,/BRACS_RoI/latest_version/val/0_N/BRACS_1608_N_1.png
val,0_N,BRACS_1608,N,BRACS_1608_N_2.png,6839253,/BRACS_RoI/latest_version/val/0_N/BRACS_1608_N_2.png
val,0_N,BRACS_1608,N,BRACS_1608_N_3.png,6236688,/BRACS_RoI/latest_version/val/0_N/BRACS_1608_N_3.png
val,0_N,BRACS_1608,N,BRACS_1608_N_4.png,6984095,/BRACS_RoI/latest_version/val/0_N/BRACS_1608_N_4.png
val,0_N,BRACS_1609,N,BRACS_1609_N_2.png,10912301,/BRACS_RoI/latest_version/val/0_N/BRACS_1609_N_2.png
val,0_N,BRACS_1610,N,BRACS_1610_N_3.png,9319412,/BRACS_RoI/latest_version/val/0_N/BRACS_1610_N_3.png
val,0_N,BRACS_1876,N,BRACS_1876_N_3.png,20502558,/BRACS_RoI/latest_version/val/0_N/BRACS_1876_N_3.png
val,0_N,BRACS_1876,N,BRACS_1876_N_6.png,22775019,/BRACS_RoI/latest_version/val/0_N/BRACS_1876_N_6.png
val,0_N,BRACS_1885,N,BRACS_1885_N_1.png,14640637,/BRACS_RoI/latest_version/val/0_N/BRACS_1885_N_1.png
val,0_N,BRACS_1886,N,BRACS_1886_N_5.png,3048808,/BRACS_RoI/latest_version/val/0_N/BRACS_1886_N_5.png
val,0_N,BRACS_1886,N,BRACS_1886_N_7.png,2565554,/BRACS_RoI/latest_version/val/0_N/BRACS_1886_N_7.png
val,0_N,BRACS_265,N,BRACS_265_N_1.png,873341,/BRACS_RoI/latest_version/val/0_N/BRACS_265_N_1.png
val,0_N,BRACS_265,N,BRACS_265_N_11.png,270966,/BRACS_RoI/latest_version/val/0_N/BRACS_265_N_11.png
val,0_N,BRACS_265,N,BRACS_265_N_13.png,289395,/BRACS_RoI/latest_version/val/0_N/BRACS_265_N_13.png
val,0_N,BRACS_265,N,BRACS_265_N_15.png,2433114,/BRACS_RoI/latest_version/val/0_N/BRACS_265_N_15.png
val,0_N,BRACS_265,N,BRACS_265_N_16.png,8530260,/BRACS_RoI/latest_version/val/0_N/BRACS_265_N_16.png
val,0_N,BRACS_265,N,BRACS_265_N_2.png,695396,/BRACS_RoI/latest_version/val/0_N/BRACS_265_N_2.png
val,0_N,BRACS_265,N,BRACS_265_N_3.png,731941,/BRACS_RoI/latest_version/val/0_N/BRACS_265_N_3.png
val,0_N,BRACS_265,N,BRACS_265_N_4.png,569043,/BRACS_RoI/latest_version/val/0_N/BRACS_265_N_4.png
val,0_N,BRACS_265,N,BRACS_265_N_5.png,253581,/BRACS_RoI/latest_version/val/0_N/BRACS_265_N_5.png
val,0_N,BRACS_265,N,BRACS_265_N_6.png,2771536,/BRACS_RoI/latest_version/val/0_N/BRACS_265_N_6.png
val,0_N,BRACS_265,N,BRACS_265_N_8.png,874520,/BRACS_RoI/latest_version/val/0_N/BRACS_265_N_8.png
val,0_N,BRACS_735,N,BRACS_735_N_4.png,4912921,/BRACS_RoI/latest_version/val/0_N/BRACS_735_N_4.png
val,0_N,BRACS_735,N,BRACS_735_N_5.png,10005278,/BRACS_RoI/latest_version/val/0_N/BRACS_735_N_5.png
val,0_N,BRACS_735,N,BRACS_735_N_6.png,10712861,/BRACS_RoI/latest_version/val/0_N/BRACS_735_N_6.png
val,0_N,BRACS_735,N,BRACS_735_N_7.png,10944149,/BRACS_RoI/latest_version/val/0_N/BRACS_735_N_7.png
val,0_N,BRACS_736,N,BRACS_736_N_11.png,3512823,/BRACS_RoI/latest_version/val/0_N/BRACS_736_N_11.png
val,0_N,BRACS_736,N,BRACS_736_N_3.png,9612549,/BRACS_RoI/latest_version/val/0_N/BRACS_736_N_3.png
val,0_N,BRACS_736,N,BRACS_736_N_4.png,3080829,/BRACS_RoI/latest_version/val/0_N/BRACS_736_N_4.png
val,0_N,BRACS_736,N,BRACS_736_N_6.png,5704150,/BRACS_RoI/latest_version/val/0_N/BRACS_736_N_6.png
val,0_N,BRACS_736,N,BRACS_736_N_8.png,8984816,/BRACS_RoI/latest_version/val/0_N/BRACS_736_N_8.png
val,0_N,BRACS_738,N,BRACS_738_N_29.png,5940470,/BRACS_RoI/latest_version/val/0_N/BRACS_738_N_29.png
val,1_PB,BRACS_1271,PB,BRACS_1271_PB_11.png,17588634,/BRACS_RoI/latest_version/val/1_PB/BRACS_1271_PB_11.png
val,1_PB,BRACS_1271,PB,BRACS_1271_PB_12.png,5004361,/BRACS_RoI/latest_version/val/1_PB/BRACS_1271_PB_12.png
val,1_PB,BRACS_1395,PB,BRACS_1395_PB_5.png,6018512,/BRACS_RoI/latest_version/val/1_PB/BRACS_1395_PB_5.png
val,1_PB,BRACS_1591,PB,BRACS_1591_PB_1.png,4275263,/BRACS_RoI/latest_version/val/1_PB/BRACS_1591_PB_1.png
val,1_PB,BRACS_1595,PB,BRACS_1595_PB_1.png,15011463,/BRACS_RoI/latest_version/val/1_PB/BRACS_1595_PB_1.png
val,1_PB,BRACS_1595,PB,BRACS_1595_PB_13.png,8653906,/BRACS_RoI/latest_version/val/1_PB/BRACS_1595_PB_13.png
val,1_PB,BRACS_1595,PB,BRACS_1595_PB_4.png,51694718,/BRACS_RoI/latest_version/val/1_PB/BRACS_1595_PB_4.png
val,1_PB,BRACS_1595,PB,BRACS_1595_PB_5.png,10675480,/BRACS_RoI/latest_version/val/1_PB/BRACS_1595_PB_5.png
val,1_PB,BRACS_1595,PB,BRACS_1595_PB_7.png,19189964,/BRACS_RoI/latest_version/val/1_PB/BRACS_1595_PB_7.png
val,1_PB,BRACS_1595,PB,BRACS_1595_PB_9.png,60965938,/BRACS_RoI/latest_version/val/1_PB/BRACS_1595_PB_9.png
val,1_PB,BRACS_1608,PB,BRACS_1608_PB_5.png,26573269,/BRACS_RoI/latest_version/val/1_PB/BRACS_1608_PB_5.png
val,1_PB,BRACS_1610,PB,BRACS_1610_PB_11.png,9576926,/BRACS_RoI/latest_version/val/1_PB/BRACS_1610_PB_11.png
val,1_PB,BRACS_1610,PB,BRACS_1610_PB_12.png,11340589,/BRACS_RoI/latest_version/val/1_PB/BRACS_1610_PB_12.png
val,1_PB,BRACS_1610,PB,BRACS_1610_PB_4.png,50351677,/BRACS_RoI/latest_version/val/1_PB/BRACS_1610_PB_4.png
val,1_PB,BRACS_1610,PB,BRACS_1610_PB_5.png,769372,/BRACS_RoI/latest_version/val/1_PB/BRACS_1610_PB_5.png
val,1_PB,BRACS_1610,PB,BRACS_1610_PB_6.png,2269849,/BRACS_RoI/latest_version/val/1_PB/BRACS_1610_PB_6.png
val,1_PB,BRACS_1610,PB,BRACS_1610_PB_7.png,1472984,/BRACS_RoI/latest_version/val/1_PB/BRACS_1610_PB_7.png
val,1_PB,BRACS_1610,PB,BRACS_1610_PB_8.png,731231,/BRACS_RoI/latest_version/val/1_PB/BRACS_1610_PB_8.png
val,1_PB,BRACS_1886,PB,BRACS_1886_PB_1.png,2549832,/BRACS_RoI/latest_version/val/1_PB/BRACS_1886_PB_1.png
val,1_PB,BRACS_1886,PB,BRACS_1886_PB_10.png,6209857,/BRACS_RoI/latest_version/val/1_PB/BRACS_1886_PB_10.png
val,1_PB,BRACS_1886,PB,BRACS_1886_PB_3.png,1937036,/BRACS_RoI/latest_version/val/1_PB/BRACS_1886_PB_3.png
val,1_PB,BRACS_1886,PB,BRACS_1886_PB_4.png,2847940,/BRACS_RoI/latest_version/val/1_PB/BRACS_1886_PB_4.png
val,1_PB,BRACS_1886,PB,BRACS_1886_PB_6.png,2902749,/BRACS_RoI/latest_version/val/1_PB/BRACS_1886_PB_6.png
val,1_PB,BRACS_1886,PB,BRACS_1886_PB_8.png,5714249,/BRACS_RoI/latest_version/val/1_PB/BRACS_1886_PB_8.png
val,1_PB,BRACS_1886,PB,BRACS_1886_PB_9.png,5302063,/BRACS_RoI/latest_version/val/1_PB/BRACS_1886_PB_9.png
val,1_PB,BRACS_265,PB,BRACS_265_PB_10.png,785742,/BRACS_RoI/latest_version/val/1_PB/BRACS_265_PB_10.png
val,1_PB,BRACS_265,PB,BRACS_265_PB_12.png,1786999,/BRACS_RoI/latest_version/val/1_PB/BRACS_265_PB_12.png
val,1_PB,BRACS_265,PB,BRACS_265_PB_14.png,3186785,/BRACS_RoI/latest_version/val/1_PB/BRACS_265_PB_14.png
val,1_PB,BRACS_265,PB,BRACS_265_PB_7.png,1155473,/BRACS_RoI/latest_version/val/1_PB/BRACS_265_PB_7.png
val,1_PB,BRACS_736,PB,BRACS_736_PB_5.png,7170201,/BRACS_RoI/latest_version/val/1_PB/BRACS_736_PB_5.png
val,1_PB,BRACS_738,PB,BRACS_738_PB_22.png,3066922,/BRACS_RoI/latest_version/val/1_PB/BRACS_738_PB_22.png
val,1_PB,BRACS_738,PB,BRACS_738_PB_30.png,6415984,/BRACS_RoI/latest_version/val/1_PB/BRACS_738_PB_30.png
val,1_PB,BRACS_739,PB,BRACS_739_PB_15.png,1685648,/BRACS_RoI/latest_version/val/1_PB/BRACS_739_PB_15.png
val,1_PB,BRACS_739,PB,BRACS_739_PB_28.png,4594892,/BRACS_RoI/latest_version/val/1_PB/BRACS_739_PB_28.png
val,1_PB,BRACS_739,PB,BRACS_739_PB_30.png,5091066,/BRACS_RoI/latest_version/val/1_PB/BRACS_739_PB_30.png
val,1_PB,BRACS_739,PB,BRACS_739_PB_4.png,4248968,/BRACS_RoI/latest_version/val/1_PB/BRACS_739_PB_4.png
val,1_PB,BRACS_739,PB,BRACS_739_PB_8.png,4055031,/BRACS_RoI/latest_version/val/1_PB/BRACS_739_PB_8.png
val,1_PB,BRACS_740,PB,BRACS_740_PB_10.png,12961371,/BRACS_RoI/latest_version/val/1_PB/BRACS_740_PB_10.png
val,1_PB,BRACS_740,PB,BRACS_740_PB_12.png,4924448,/BRACS_RoI/latest_version/val/1_PB/BRACS_740_PB_12.png
val,1_PB,BRACS_740,PB,BRACS_740_PB_15.png,1000483,/BRACS_RoI/latest_version/val/1_PB/BRACS_740_PB_15.png
val,1_PB,BRACS_740,PB,BRACS_740_PB_17.png,2643602,/BRACS_RoI/latest_version/val/1_PB/BRACS_740_PB_17.png
val,1_PB,BRACS_740,PB,BRACS_740_PB_3.png,1541909,/BRACS_RoI/latest_version/val/1_PB/BRACS_740_PB_3.png
val,1_PB,BRACS_740,PB,BRACS_740_PB_7.png,6695039,/BRACS_RoI/latest_version/val/1_PB/BRACS_740_PB_7.png
val,2_UDH,BRACS_1003660,UDH,BRACS_1003660_UDH_1.png,2416740,/BRACS_RoI/latest_version/val/2_UDH/BRACS_1003660_UDH_1.png
val,2_UDH,BRACS_1003661,UDH,BRACS_1003661_UDH_1.png,2249693,/BRACS_RoI/latest_version/val/2_UDH/BRACS_1003661_UDH_1.png
val,2_UDH,BRACS_1271,UDH,BRACS_1271_UDH_13.png,1709809,/BRACS_RoI/latest_version/val/2_UDH/BRACS_1271_UDH_13.png
val,2_UDH,BRACS_1271,UDH,BRACS_1271_UDH_2.png,7974620,/BRACS_RoI/latest_version/val/2_UDH/BRACS_1271_UDH_2.png
val,2_UDH,BRACS_1271,UDH,BRACS_1271_UDH_7.png,2628413,/BRACS_RoI/latest_version/val/2_UDH/BRACS_1271_UDH_7.png
val,2_UDH,BRACS_1271,UDH,BRACS_1271_UDH_8.png,2138447,/BRACS_RoI/latest_version/val/2_UDH/BRACS_1271_UDH_8.png
val,2_UDH,BRACS_1295,UDH,BRACS_1295_UDH_4.png,6016839,/BRACS_RoI/latest_version/val/2_UDH/BRACS_1295_UDH_4.png
val,2_UDH,BRACS_1591,UDH,BRACS_1591_UDH_2.png,2980340,/BRACS_RoI/latest_version/val/2_UDH/BRACS_1591_UDH_2.png
val,2_UDH,BRACS_1591,UDH,BRACS_1591_UDH_3.png,10521433,/BRACS_RoI/latest_version/val/2_UDH/BRACS_1591_UDH_3.png
val,2_UDH,BRACS_1591,UDH,BRACS_1591_UDH_4.png,9462075,/BRACS_RoI/latest_version/val/2_UDH/BRACS_1591_UDH_4.png
val,2_UDH,BRACS_1592,UDH,BRACS_1592_UDH_1.png,3544875,/BRACS_RoI/latest_version/val/2_UDH/BRACS_1592_UDH_1.png
val,2_UDH,BRACS_1595,UDH,BRACS_1595_UDH_10.png,7333695,/BRACS_RoI/latest_version/val/2_UDH/BRACS_1595_UDH_10.png
val,2_UDH,BRACS_1595,UDH,BRACS_1595_UDH_11.png,6758977,/BRACS_RoI/latest_version/val/2_UDH/BRACS_1595_UDH_11.png
val,2_UDH,BRACS_1595,UDH,BRACS_1595_UDH_12.png,8725808,/BRACS_RoI/latest_version/val/2_UDH/BRACS_1595_UDH_12.png
val,2_UDH,BRACS_1595,UDH,BRACS_1595_UDH_2.png,2826426,/BRACS_RoI/latest_version/val/2_UDH/BRACS_1595_UDH_2.png
val,2_UDH,BRACS_1595,UDH,BRACS_1595_UDH_3.png,5151632,/BRACS_RoI/latest_version/val/2_UDH/BRACS_1595_UDH_3.png
val,2_UDH,BRACS_1595,UDH,BRACS_1595_UDH_6.png,3009241,/BRACS_RoI/latest_version/val/2_UDH/BRACS_1595_UDH_6.png
val,2_UDH,BRACS_1595,UDH,BRACS_1595_UDH_8.png,8913716,/BRACS_RoI/latest_version/val/2_UDH/BRACS_1595_UDH_8.png
val,2_UDH,BRACS_1609,UDH,BRACS_1609_UDH_1.png,1341050,/BRACS_RoI/latest_version/val/2_UDH/BRACS_1609_UDH_1.png
val,2_UDH,BRACS_1609,UDH,BRACS_1609_UDH_3.png,2228656,/BRACS_RoI/latest_version/val/2_UDH/BRACS_1609_UDH_3.png
val,2_UDH,BRACS_1609,UDH,BRACS_1609_UDH_4.png,962176,/BRACS_RoI/latest_version/val/2_UDH/BRACS_1609_UDH_4.png
val,2_UDH,BRACS_1610,UDH,BRACS_1610_UDH_13.png,8096000,/BRACS_RoI/latest_version/val/2_UDH/BRACS_1610_UDH_13.png
val,2_UDH,BRACS_1610,UDH,BRACS_1610_UDH_2.png,1250527,/BRACS_RoI/latest_version/val/2_UDH/BRACS_1610_UDH_2.png
val,2_UDH,BRACS_1610,UDH,BRACS_1610_UDH_9.png,4816574,/BRACS_RoI/latest_version/val/2_UDH/BRACS_1610_UDH_9.png
val,2_UDH,BRACS_1876,UDH,BRACS_1876_UDH_7.png,4967584,/BRACS_RoI/latest_version/val/2_UDH/BRACS_1876_UDH_7.png
val,2_UDH,BRACS_1885,UDH,BRACS_1885_UDH_2.png,1041519,/BRACS_RoI/latest_version/val/2_UDH/BRACS_1885_UDH_2.png
val,2_UDH,BRACS_1885,UDH,BRACS_1885_UDH_3.png,1939802,/BRACS_RoI/latest_version/val/2_UDH/BRACS_1885_UDH_3.png
val,2_UDH,BRACS_1935,UDH,BRACS_1935_UDH_2.png,3837328,/BRACS_RoI/latest_version/val/2_UDH/BRACS_1935_UDH_2.png
val,2_UDH,BRACS_1935,UDH,BRACS_1935_UDH_6.png,2544975,/BRACS_RoI/latest_version/val/2_UDH/BRACS_1935_UDH_6.png
val,2_UDH,BRACS_1953,UDH,BRACS_1953_UDH_7.png,4584649,/BRACS_RoI/latest_version/val/2_UDH/BRACS_1953_UDH_7.png
val,2_UDH,BRACS_265,UDH,BRACS_265_UDH_17.png,10327346,/BRACS_RoI/latest_version/val/2_UDH/BRACS_265_UDH_17.png
val,2_UDH,BRACS_265,UDH,BRACS_265_UDH_18.png,4066149,/BRACS_RoI/latest_version/val/2_UDH/BRACS_265_UDH_18.png
val,2_UDH,BRACS_265,UDH,BRACS_265_UDH_19.png,37715313,/BRACS_RoI/latest_version/val/2_UDH/BRACS_265_UDH_19.png
val,2_UDH,BRACS_738,UDH,BRACS_738_UDH_14.png,6339769,/BRACS_RoI/latest_version/val/2_UDH/BRACS_738_UDH_14.png
val,2_UDH,BRACS_739,UDH,BRACS_739_UDH_1.png,8103762,/BRACS_RoI/latest_version/val/2_UDH/BRACS_739_UDH_1.png
val,2_UDH,BRACS_739,UDH,BRACS_739_UDH_10.png,3272050,/BRACS_RoI/latest_version/val/2_UDH/BRACS_739_UDH_10.png
val,2_UDH,BRACS_739,UDH,BRACS_739_UDH_16.png,8509439,/BRACS_RoI/latest_version/val/2_UDH/BRACS_739_UDH_16.png
val,2_UDH,BRACS_739,UDH,BRACS_739_UDH_22.png,4078686,/BRACS_RoI/latest_version/val/2_UDH/BRACS_739_UDH_22.png
val,2_UDH,BRACS_739,UDH,BRACS_739_UDH_27.png,11473453,/BRACS_RoI/latest_version/val/2_UDH/BRACS_739_UDH_27.png
val,2_UDH,BRACS_739,UDH,BRACS_739_UDH_33.png,8058340,/BRACS_RoI/latest_version/val/2_UDH/BRACS_739_UDH_33.png
val,2_UDH,BRACS_740,UDH,BRACS_740_UDH_11.png,1826426,/BRACS_RoI/latest_version/val/2_UDH/BRACS_740_UDH_11.png
val,2_UDH,BRACS_740,UDH,BRACS_740_UDH_16.png,980829,/BRACS_RoI/latest_version/val/2_UDH/BRACS_740_UDH_16.png
val,2_UDH,BRACS_740,UDH,BRACS_740_UDH_18.png,862619,/BRACS_RoI/latest_version/val/2_UDH/BRACS_740_UDH_18.png
val,2_UDH,BRACS_740,UDH,BRACS_740_UDH_20.png,3676081,/BRACS_RoI/latest_version/val/2_UDH/BRACS_740_UDH_20.png
val,2_UDH,BRACS_740,UDH,BRACS_740_UDH_21.png,9980302,/BRACS_RoI/latest_version/val/2_UDH/BRACS_740_UDH_21.png
val,2_UDH,BRACS_740,UDH,BRACS_740_UDH_5.png,1878152,/BRACS_RoI/latest_version/val/2_UDH/BRACS_740_UDH_5.png
val,3_FEA,BRACS_1271,FEA,BRACS_1271_FEA_1.png,13089464,/BRACS_RoI/latest_version/val/3_FEA/BRACS_1271_FEA_1.png
val,3_FEA,BRACS_1271,FEA,BRACS_1271_FEA_10.png,3025786,/BRACS_RoI/latest_version/val/3_FEA/BRACS_1271_FEA_10.png
val,3_FEA,BRACS_1271,FEA,BRACS_1271_FEA_14.png,1577918,/BRACS_RoI/latest_version/val/3_FEA/BRACS_1271_FEA_14.png
val,3_FEA,BRACS_1271,FEA,BRACS_1271_FEA_15.png,10435849,/BRACS_RoI/latest_version/val/3_FEA/BRACS_1271_FEA_15.png
val,3_FEA,BRACS_1271,FEA,BRACS_1271_FEA_16.png,5245088,/BRACS_RoI/latest_version/val/3_FEA/BRACS_1271_FEA_16.png
val,3_FEA,BRACS_1271,FEA,BRACS_1271_FEA_6.png,10116355,/BRACS_RoI/latest_version/val/3_FEA/BRACS_1271_FEA_6.png
val,3_FEA,BRACS_1610,FEA,BRACS_1610_FEA_1.png,2309481,/BRACS_RoI/latest_version/val/3_FEA/BRACS_1610_FEA_1.png
val,3_FEA,BRACS_1610,FEA,BRACS_1610_FEA_10.png,2884265,/BRACS_RoI/latest_version/val/3_FEA/BRACS_1610_FEA_10.png
val,3_FEA,BRACS_1797,FEA,BRACS_1797_FEA_1.png,17658249,/BRACS_RoI/latest_version/val/3_FEA/BRACS_1797_FEA_1.png
val,3_FEA,BRACS_1797,FEA,BRACS_1797_FEA_2.png,14575167,/BRACS_RoI/latest_version/val/3_FEA/BRACS_1797_FEA_2.png
val,3_FEA,BRACS_1797,FEA,BRACS_1797_FEA_4.png,35663059,/BRACS_RoI/latest_version/val/3_FEA/BRACS_1797_FEA_4.png
val,3_FEA,BRACS_1798,FEA,BRACS_1798_FEA_2.png,36245151,/BRACS_RoI/latest_version/val/3_FEA/BRACS_1798_FEA_2.png
val,3_FEA,BRACS_1798,FEA,BRACS_1798_FEA_3.png,37986079,/BRACS_RoI/latest_version/val/3_FEA/BRACS_1798_FEA_3.png
val,3_FEA,BRACS_1798,FEA,BRACS_1798_FEA_4.png,32193639,/BRACS_RoI/latest_version/val/3_FEA/BRACS_1798_FEA_4.png
val,3_FEA,BRACS_1876,FEA,BRACS_1876_FEA_1.png,1094151,/BRACS_RoI/latest_version/val/3_FEA/BRACS_1876_FEA_1.png
val,3_FEA,BRACS_1876,FEA,BRACS_1876_FEA_4.png,2858629,/BRACS_RoI/latest_version/val/3_FEA/BRACS_1876_FEA_4.png
val,3_FEA,BRACS_1876,FEA,BRACS_1876_FEA_5.png,1090906,/BRACS_RoI/latest_version/val/3_FEA/BRACS_1876_FEA_5.png
val,3_FEA,BRACS_1886,FEA,BRACS_1886_FEA_2.png,1950216,/BRACS_RoI/latest_version/val/3_FEA/BRACS_1886_FEA_2.png
val,3_FEA,BRACS_1953,FEA,BRACS_1953_FEA_1.png,1978276,/BRACS_RoI/latest_version/val/3_FEA/BRACS_1953_FEA_1.png
val,3_FEA,BRACS_1953,FEA,BRACS_1953_FEA_10.png,1863681,/BRACS_RoI/latest_version/val/3_FEA/BRACS_1953_FEA_10.png
val,3_FEA,BRACS_1953,FEA,BRACS_1953_FEA_11.png,3191323,/BRACS_RoI/latest_version/val/3_FEA/BRACS_1953_FEA_11.png
val,3_FEA,BRACS_1953,FEA,BRACS_1953_FEA_12.png,9242009,/BRACS_RoI/latest_version/val/3_FEA/BRACS_1953_FEA_12.png
val,3_FEA,BRACS_1953,FEA,BRACS_1953_FEA_4.png,2945143,/BRACS_RoI/latest_version/val/3_FEA/BRACS_1953_FEA_4.png
val,3_FEA,BRACS_1953,FEA,BRACS_1953_FEA_5.png,1978305,/BRACS_RoI/latest_version/val/3_FEA/BRACS_1953_FEA_5.png
val,3_FEA,BRACS_1953,FEA,BRACS_1953_FEA_6.png,11661723,/BRACS_RoI/latest_version/val/3_FEA/BRACS_1953_FEA_6.png
val,3_FEA,BRACS_1953,FEA,BRACS_1953_FEA_8.png,1776805,/BRACS_RoI/latest_version/val/3_FEA/BRACS_1953_FEA_8.png
val,3_FEA,BRACS_1953,FEA,BRACS_1953_FEA_9.png,4351752,/BRACS_RoI/latest_version/val/3_FEA/BRACS_1953_FEA_9.png
val,3_FEA,BRACS_738,FEA,BRACS_738_FEA_10.png,2703714,/BRACS_RoI/latest_version/val/3_FEA/BRACS_738_FEA_10.png
val,3_FEA,BRACS_738,FEA,BRACS_738_FEA_12.png,3626629,/BRACS_RoI/latest_version/val/3_FEA/BRACS_738_FEA_12.png
val,3_FEA,BRACS_738,FEA,BRACS_738_FEA_13.png,1886936,/BRACS_RoI/latest_version/val/3_FEA/BRACS_738_FEA_13.png
val,3_FEA,BRACS_738,FEA,BRACS_738_FEA_15.png,10708144,/BRACS_RoI/latest_version/val/3_FEA/BRACS_738_FEA_15.png
val,3_FEA,BRACS_738,FEA,BRACS_738_FEA_19.png,1781766,/BRACS_RoI/latest_version/val/3_FEA/BRACS_738_FEA_19.png
val,3_FEA,BRACS_738,FEA,BRACS_738_FEA_21.png,7643485,/BRACS_RoI/latest_version/val/3_FEA/BRACS_738_FEA_21.png
val,3_FEA,BRACS_738,FEA,BRACS_738_FEA_24.png,6409676,/BRACS_RoI/latest_version/val/3_FEA/BRACS_738_FEA_24.png
val,3_FEA,BRACS_738,FEA,BRACS_738_FEA_25.png,4149203,/BRACS_RoI/latest_version/val/3_FEA/BRACS_738_FEA_25.png
val,3_FEA,BRACS_738,FEA,BRACS_738_FEA_27.png,2932858,/BRACS_RoI/latest_version/val/3_FEA/BRACS_738_FEA_27.png
val,3_FEA,BRACS_738,FEA,BRACS_738_FEA_3.png,7234484,/BRACS_RoI/latest_version/val/3_FEA/BRACS_738_FEA_3.png
val,3_FEA,BRACS_738,FEA,BRACS_738_FEA_31.png,3795133,/BRACS_RoI/latest_version/val/3_FEA/BRACS_738_FEA_31.png
val,3_FEA,BRACS_738,FEA,BRACS_738_FEA_33.png,8369022,/BRACS_RoI/latest_version/val/3_FEA/BRACS_738_FEA_33.png
val,3_FEA,BRACS_738,FEA,BRACS_738_FEA_4.png,11375114,/BRACS_RoI/latest_version/val/3_FEA/BRACS_738_FEA_4.png
val,3_FEA,BRACS_738,FEA,BRACS_738_FEA_6.png,8190635,/BRACS_RoI/latest_version/val/3_FEA/BRACS_738_FEA_6.png
val,3_FEA,BRACS_738,FEA,BRACS_738_FEA_8.png,3999924,/BRACS_RoI/latest_version/val/3_FEA/BRACS_738_FEA_8.png
val,3_FEA,BRACS_739,FEA,BRACS_739_FEA_18.png,7013154,/BRACS_RoI/latest_version/val/3_FEA/BRACS_739_FEA_18.png
val,3_FEA,BRACS_739,FEA,BRACS_739_FEA_2.png,4434507,/BRACS_RoI/latest_version/val/3_FEA/BRACS_739_FEA_2.png
val,3_FEA,BRACS_739,FEA,BRACS_739_FEA_32.png,5836323,/BRACS_RoI/latest_version/val/3_FEA/BRACS_739_FEA_32.png
val,3_FEA,BRACS_739,FEA,BRACS_739_FEA_36.png,3781930,/BRACS_RoI/latest_version/val/3_FEA/BRACS_739_FEA_36.png
val,3_FEA,BRACS_739,FEA,BRACS_739_FEA_38.png,4132424,/BRACS_RoI/latest_version/val/3_FEA/BRACS_739_FEA_38.png
val,3_FEA,BRACS_739,FEA,BRACS_739_FEA_5.png,2488789,/BRACS_RoI/latest_version/val/3_FEA/BRACS_739_FEA_5.png
val,3_FEA,BRACS_740,FEA,BRACS_740_FEA_6.png,612859,/BRACS_RoI/latest_version/val/3_FEA/BRACS_740_FEA_6.png
val,4_ADH,BRACS_1271,ADH,BRACS_1271_ADH_3.png,2972418,/BRACS_RoI/latest_version/val/4_ADH/BRACS_1271_ADH_3.png
val,4_ADH,BRACS_1271,ADH,BRACS_1271_ADH_4.png,2065989,/BRACS_RoI/latest_version/val/4_ADH/BRACS_1271_ADH_4.png
val,4_ADH,BRACS_1271,ADH,BRACS_1271_ADH_5.png,3365116,/BRACS_RoI/latest_version/val/4_ADH/BRACS_1271_ADH_5.png
val,4_ADH,BRACS_1271,ADH,BRACS_1271_ADH_9.png,2199836,/BRACS_RoI/latest_version/val/4_ADH/BRACS_1271_ADH_9.png
val,4_ADH,BRACS_1361,ADH,BRACS_1361_ADH_4.png,6862422,/BRACS_RoI/latest_version/val/4_ADH/BRACS_1361_ADH_4.png
val,4_ADH,BRACS_1367,ADH,BRACS_1367_ADH_2.png,5324163,/BRACS_RoI/latest_version/val/4_ADH/BRACS_1367_ADH_2.png
val,4_ADH,BRACS_1395,ADH,BRACS_1395_ADH_2.png,4471575,/BRACS_RoI/latest_version/val/4_ADH/BRACS_1395_ADH_2.png
val,4_ADH,BRACS_1395,ADH,BRACS_1395_ADH_3.png,4676977,/BRACS_RoI/latest_version/val/4_ADH/BRACS_1395_ADH_3.png
val,4_ADH,BRACS_1395,ADH,BRACS_1395_ADH_6.png,8017567,/BRACS_RoI/latest_version/val/4_ADH/BRACS_1395_ADH_6.png
val,4_ADH,BRACS_1607,ADH,BRACS_1607_ADH_10.png,2383103,/BRACS_RoI/latest_version/val/4_ADH/BRACS_1607_ADH_10.png
val,4_ADH,BRACS_1607,ADH,BRACS_1607_ADH_11.png,1005117,/BRACS_RoI/latest_version/val/4_ADH/BRACS_1607_ADH_11.png
val,4_ADH,BRACS_1607,ADH,BRACS_1607_ADH_12.png,4696840,/BRACS_RoI/latest_version/val/4_ADH/BRACS_1607_ADH_12.png
val,4_ADH,BRACS_1607,ADH,BRACS_1607_ADH_13.png,2080379,/BRACS_RoI/latest_version/val/4_ADH/BRACS_1607_ADH_13.png
val,4_ADH,BRACS_1607,ADH,BRACS_1607_ADH_14.png,3358049,/BRACS_RoI/latest_version/val/4_ADH/BRACS_1607_ADH_14.png
val,4_ADH,BRACS_1607,ADH,BRACS_1607_ADH_15.png,2311289,/BRACS_RoI/latest_version/val/4_ADH/BRACS_1607_ADH_15.png
val,4_ADH,BRACS_1607,ADH,BRACS_1607_ADH_3.png,1200601,/BRACS_RoI/latest_version/val/4_ADH/BRACS_1607_ADH_3.png
val,4_ADH,BRACS_1607,ADH,BRACS_1607_ADH_4.png,1790643,/BRACS_RoI/latest_version/val/4_ADH/BRACS_1607_ADH_4.png
val,4_ADH,BRACS_1607,ADH,BRACS_1607_ADH_5.png,2416278,/BRACS_RoI/latest_version/val/4_ADH/BRACS_1607_ADH_5.png
val,4_ADH,BRACS_1607,ADH,BRACS_1607_ADH_6.png,2367685,/BRACS_RoI/latest_version/val/4_ADH/BRACS_1607_ADH_6.png
val,4_ADH,BRACS_1607,ADH,BRACS_1607_ADH_7.png,5007018,/BRACS_RoI/latest_version/val/4_ADH/BRACS_1607_ADH_7.png
val,4_ADH,BRACS_1607,ADH,BRACS_1607_ADH_8.png,2579652,/BRACS_RoI/latest_version/val/4_ADH/BRACS_1607_ADH_8.png
val,4_ADH,BRACS_1607,ADH,BRACS_1607_ADH_9.png,1089112,/BRACS_RoI/latest_version/val/4_ADH/BRACS_1607_ADH_9.png
val,4_ADH,BRACS_1797,ADH,BRACS_1797_ADH_3.png,38758188,/BRACS_RoI/latest_version/val/4_ADH/BRACS_1797_ADH_3.png
val,4_ADH,BRACS_1876,ADH,BRACS_1876_ADH_2.png,2996322,/BRACS_RoI/latest_version/val/4_ADH/BRACS_1876_ADH_2.png
val,4_ADH,BRACS_1876,ADH,BRACS_1876_ADH_8.png,10609716,/BRACS_RoI/latest_version/val/4_ADH/BRACS_1876_ADH_8.png
val,4_ADH,BRACS_1885,ADH,BRACS_1885_ADH_4.png,4775649,/BRACS_RoI/latest_version/val/4_ADH/BRACS_1885_ADH_4.png
val,4_ADH,BRACS_1935,ADH,BRACS_1935_ADH_4.png,9675971,/BRACS_RoI/latest_version/val/4_ADH/BRACS_1935_ADH_4.png
val,4_ADH,BRACS_1953,ADH,BRACS_1953_ADH_2.png,6800905,/BRACS_RoI/latest_version/val/4_ADH/BRACS_1953_ADH_2.png
val,4_ADH,BRACS_1953,ADH,BRACS_1953_ADH_3.png,1661839,/BRACS_RoI/latest_version/val/4_ADH/BRACS_1953_ADH_3.png
val,4_ADH,BRACS_738,ADH,BRACS_738_ADH_16.png,15071731,/BRACS_RoI/latest_version/val/4_ADH/BRACS_738_ADH_16.png
val,4_ADH,BRACS_738,ADH,BRACS_738_ADH_18.png,4570675,/BRACS_RoI/latest_version/val/4_ADH/BRACS_738_ADH_18.png
val,4_ADH,BRACS_739,ADH,BRACS_739_ADH_14.png,4522303,/BRACS_RoI/latest_version/val/4_ADH/BRACS_739_ADH_14.png
val,4_ADH,BRACS_739,ADH,BRACS_739_ADH_17.png,3555764,/BRACS_RoI/latest_version/val/4_ADH/BRACS_739_ADH_17.png
val,4_ADH,BRACS_739,ADH,BRACS_739_ADH_19.png,5816284,/BRACS_RoI/latest_version/val/4_ADH/BRACS_739_ADH_19.png
val,4_ADH,BRACS_739,ADH,BRACS_739_ADH_20.png,8154723,/BRACS_RoI/latest_version/val/4_ADH/BRACS_739_ADH_20.png
val,4_ADH,BRACS_739,ADH,BRACS_739_ADH_21.png,7599344,/BRACS_RoI/latest_version/val/4_ADH/BRACS_739_ADH_21.png
val,4_ADH,BRACS_739,ADH,BRACS_739_ADH_23.png,8134057,/BRACS_RoI/latest_version/val/4_ADH/BRACS_739_ADH_23.png
val,4_ADH,BRACS_739,ADH,BRACS_739_ADH_26.png,8399357,/BRACS_RoI/latest_version/val/4_ADH/BRACS_739_ADH_26.png
val,4_ADH,BRACS_739,ADH,BRACS_739_ADH_31.png,2731662,/BRACS_RoI/latest_version/val/4_ADH/BRACS_739_ADH_31.png
val,4_ADH,BRACS_739,ADH,BRACS_739_ADH_34.png,12396219,/BRACS_RoI/latest_version/val/4_ADH/BRACS_739_ADH_34.png
val,4_ADH,BRACS_740,ADH,BRACS_740_ADH_4.png,2095835,/BRACS_RoI/latest_version/val/4_ADH/BRACS_740_ADH_4.png
val,5_DCIS,BRACS_1361,DCIS,BRACS_1361_DCIS_1.png,38072118,/BRACS_RoI/latest_version/val/5_DCIS/BRACS_1361_DCIS_1.png
val,5_DCIS,BRACS_1361,DCIS,BRACS_1361_DCIS_3.png,15266260,/BRACS_RoI/latest_version/val/5_DCIS/BRACS_1361_DCIS_3.png
val,5_DCIS,BRACS_1361,DCIS,BRACS_1361_DCIS_5.png,7871250,/BRACS_RoI/latest_version/val/5_DCIS/BRACS_1361_DCIS_5.png
val,5_DCIS,BRACS_1366,DCIS,BRACS_1366_DCIS_1.png,18756291,/BRACS_RoI/latest_version/val/5_DCIS/BRACS_1366_DCIS_1.png
val,5_DCIS,BRACS_1366,DCIS,BRACS_1366_DCIS_2.png,13456986,/BRACS_RoI/latest_version/val/5_DCIS/BRACS_1366_DCIS_2.png
val,5_DCIS,BRACS_1366,DCIS,BRACS_1366_DCIS_3.png,20064699,/BRACS_RoI/latest_version/val/5_DCIS/BRACS_1366_DCIS_3.png
val,5_DCIS,BRACS_1366,DCIS,BRACS_1366_DCIS_4.png,24700420,/BRACS_RoI/latest_version/val/5_DCIS/BRACS_1366_DCIS_4.png
val,5_DCIS,BRACS_1366,DCIS,BRACS_1366_DCIS_5.png,19444406,/BRACS_RoI/latest_version/val/5_DCIS/BRACS_1366_DCIS_5.png
val,5_DCIS,BRACS_1366,DCIS,BRACS_1366_DCIS_6.png,56681485,/BRACS_RoI/latest_version/val/5_DCIS/BRACS_1366_DCIS_6.png
val,5_DCIS,BRACS_1366,DCIS,BRACS_1366_DCIS_7.png,19877745,/BRACS_RoI/latest_version/val/5_DCIS/BRACS_1366_DCIS_7.png
val,5_DCIS,BRACS_1366,DCIS,BRACS_1366_DCIS_8.png,17632606,/BRACS_RoI/latest_version/val/5_DCIS/BRACS_1366_DCIS_8.png
val,5_DCIS,BRACS_1366,DCIS,BRACS_1366_DCIS_9.png,42929860,/BRACS_RoI/latest_version/val/5_DCIS/BRACS_1366_DCIS_9.png
val,5_DCIS,BRACS_1367,DCIS,BRACS_1367_DCIS_1.png,6857567,/BRACS_RoI/latest_version/val/5_DCIS/BRACS_1367_DCIS_1.png
val,5_DCIS,BRACS_1368,DCIS,BRACS_1368_DCIS_1.png,20126913,/BRACS_RoI/latest_version/val/5_DCIS/BRACS_1368_DCIS_1.png
val,5_DCIS,BRACS_1368,DCIS,BRACS_1368_DCIS_3.png,14599257,/BRACS_RoI/latest_version/val/5_DCIS/BRACS_1368_DCIS_3.png
val,5_DCIS,BRACS_1368,DCIS,BRACS_1368_DCIS_4.png,5189534,/BRACS_RoI/latest_version/val/5_DCIS/BRACS_1368_DCIS_4.png
val,5_DCIS,BRACS_1368,DCIS,BRACS_1368_DCIS_5.png,9398276,/BRACS_RoI/latest_version/val/5_DCIS/BRACS_1368_DCIS_5.png
val,5_DCIS,BRACS_1368,DCIS,BRACS_1368_DCIS_6.png,12386106,/BRACS_RoI/latest_version/val/5_DCIS/BRACS_1368_DCIS_6.png
val,5_DCIS,BRACS_1395,DCIS,BRACS_1395_DCIS_1.png,14582457,/BRACS_RoI/latest_version/val/5_DCIS/BRACS_1395_DCIS_1.png
val,5_DCIS,BRACS_1607,DCIS,BRACS_1607_DCIS_1.png,6066808,/BRACS_RoI/latest_version/val/5_DCIS/BRACS_1607_DCIS_1.png
val,5_DCIS,BRACS_1607,DCIS,BRACS_1607_DCIS_2.png,5150210,/BRACS_RoI/latest_version/val/5_DCIS/BRACS_1607_DCIS_2.png
val,5_DCIS,BRACS_1883,DCIS,BRACS_1883_DCIS_1.png,4878575,/BRACS_RoI/latest_version/val/5_DCIS/BRACS_1883_DCIS_1.png
val,5_DCIS,BRACS_1935,DCIS,BRACS_1935_DCIS_1.png,9711365,/BRACS_RoI/latest_version/val/5_DCIS/BRACS_1935_DCIS_1.png
val,5_DCIS,BRACS_1935,DCIS,BRACS_1935_DCIS_3.png,7287791,/BRACS_RoI/latest_version/val/5_DCIS/BRACS_1935_DCIS_3.png
val,5_DCIS,BRACS_1935,DCIS,BRACS_1935_DCIS_5.png,8524533,/BRACS_RoI/latest_version/val/5_DCIS/BRACS_1935_DCIS_5.png
val,5_DCIS,BRACS_735,DCIS,BRACS_735_DCIS_1.png,17856770,/BRACS_RoI/latest_version/val/5_DCIS/BRACS_735_DCIS_1.png
val,5_DCIS,BRACS_735,DCIS,BRACS_735_DCIS_2.png,11022726,/BRACS_RoI/latest_version/val/5_DCIS/BRACS_735_DCIS_2.png
val,5_DCIS,BRACS_735,DCIS,BRACS_735_DCIS_3.png,19183056,/BRACS_RoI/latest_version/val/5_DCIS/BRACS_735_DCIS_3.png
val,5_DCIS,BRACS_735,DCIS,BRACS_735_DCIS_8.png,69049238,/BRACS_RoI/latest_version/val/5_DCIS/BRACS_735_DCIS_8.png
val,5_DCIS,BRACS_735,DCIS,BRACS_735_DCIS_9.png,1512096,/BRACS_RoI/latest_version/val/5_DCIS/BRACS_735_DCIS_9.png
val,5_DCIS,BRACS_736,DCIS,BRACS_736_DCIS_1.png,39657752,/BRACS_RoI/latest_version/val/5_DCIS/BRACS_736_DCIS_1.png
val,5_DCIS,BRACS_736,DCIS,BRACS_736_DCIS_10.png,14019096,/BRACS_RoI/latest_version/val/5_DCIS/BRACS_736_DCIS_10.png
val,5_DCIS,BRACS_736,DCIS,BRACS_736_DCIS_12.png,12326635,/BRACS_RoI/latest_version/val/5_DCIS/BRACS_736_DCIS_12.png
val,5_DCIS,BRACS_736,DCIS,BRACS_736_DCIS_2.png,34376658,/BRACS_RoI/latest_version/val/5_DCIS/BRACS_736_DCIS_2.png
val,5_DCIS,BRACS_736,DCIS,BRACS_736_DCIS_7.png,21438410,/BRACS_RoI/latest_version/val/5_DCIS/BRACS_736_DCIS_7.png
val,5_DCIS,BRACS_736,DCIS,BRACS_736_DCIS_9.png,53074632,/BRACS_RoI/latest_version/val/5_DCIS/BRACS_736_DCIS_9.png
val,5_DCIS,BRACS_737,DCIS,BRACS_737_DCIS_1.png,10994594,/BRACS_RoI/latest_version/val/5_DCIS/BRACS_737_DCIS_1.png
val,5_DCIS,BRACS_737,DCIS,BRACS_737_DCIS_2.png,13104957,/BRACS_RoI/latest_version/val/5_DCIS/BRACS_737_DCIS_2.png
val,5_DCIS,BRACS_737,DCIS,BRACS_737_DCIS_3.png,22992899,/BRACS_RoI/latest_version/val/5_DCIS/BRACS_737_DCIS_3.png
val,5_DCIS,BRACS_737,DCIS,BRACS_737_DCIS_4.png,74363638,/BRACS_RoI/latest_version/val/5_DCIS/BRACS_737_DCIS_4.png
val,6_IC,BRACS_1361,IC,BRACS_1361_IC_2.png,26321785,/BRACS_RoI/latest_version/val/6_IC/BRACS_1361_IC_2.png
val,6_IC,BRACS_1362,IC,BRACS_1362_IC_1.png,61882727,/BRACS_RoI/latest_version/val/6_IC/BRACS_1362_IC_1.png
val,6_IC,BRACS_1368,IC,BRACS_1368_IC_2.png,48618147,/BRACS_RoI/latest_version/val/6_IC/BRACS_1368_IC_2.png
val,6_IC,BRACS_1392,IC,BRACS_1392_IC_1.png,62417393,/BRACS_RoI/latest_version/val/6_IC/BRACS_1392_IC_1.png
val,6_IC,BRACS_1392,IC,BRACS_1392_IC_2.png,78554367,/BRACS_RoI/latest_version/val/6_IC/BRACS_1392_IC_2.png
val,6_IC,BRACS_1392,IC,BRACS_1392_IC_3.png,16643863,/BRACS_RoI/latest_version/val/6_IC/BRACS_1392_IC_3.png
val,6_IC,BRACS_1392,IC,BRACS_1392_IC_4.png,38173917,/BRACS_RoI/latest_version/val/6_IC/BRACS_1392_IC_4.png
val,6_IC,BRACS_1392,IC,BRACS_1392_IC_5.png,70356679,/BRACS_RoI/latest_version/val/6_IC/BRACS_1392_IC_5.png
val,6_IC,BRACS_1394,IC,BRACS_1394_IC_1.png,22530048,/BRACS_RoI/latest_version/val/6_IC/BRACS_1394_IC_1.png
val,6_IC,BRACS_1394,IC,BRACS_1394_IC_2.png,25991631,/BRACS_RoI/latest_version/val/6_IC/BRACS_1394_IC_2.png
val,6_IC,BRACS_1394,IC,BRACS_1394_IC_3.png,26158473,/BRACS_RoI/latest_version/val/6_IC/BRACS_1394_IC_3.png
val,6_IC,BRACS_1394,IC,BRACS_1394_IC_4.png,42946735,/BRACS_RoI/latest_version/val/6_IC/BRACS_1394_IC_4.png
val,6_IC,BRACS_1394,IC,BRACS_1394_IC_5.png,27136381,/BRACS_RoI/latest_version/val/6_IC/BRACS_1394_IC_5.png
val,6_IC,BRACS_1395,IC,BRACS_1395_IC_4.png,9907480,/BRACS_RoI/latest_version/val/6_IC/BRACS_1395_IC_4.png
val,6_IC,BRACS_1798,IC,BRACS_1798_IC_1.png,14710626,/BRACS_RoI/latest_version/val/6_IC/BRACS_1798_IC_1.png
val,6_IC,BRACS_738,IC,BRACS_738_IC_1.png,33517058,/BRACS_RoI/latest_version/val/6_IC/BRACS_738_IC_1.png
val,6_IC,BRACS_738,IC,BRACS_738_IC_11.png,34085016,/BRACS_RoI/latest_version/val/6_IC/BRACS_738_IC_11.png
val,6_IC,BRACS_738,IC,BRACS_738_IC_17.png,45766980,/BRACS_RoI/latest_version/val/6_IC/BRACS_738_IC_17.png
val,6_IC,BRACS_738,IC,BRACS_738_IC_2.png,50002211,/BRACS_RoI/latest_version/val/6_IC/BRACS_738_IC_2.png
val,6_IC,BRACS_738,IC,BRACS_738_IC_20.png,45580195,/BRACS_RoI/latest_version/val/6_IC/BRACS_738_IC_20.png
val,6_IC,BRACS_738,IC,BRACS_738_IC_23.png,37771062,/BRACS_RoI/latest_version/val/6_IC/BRACS_738_IC_23.png
val,6_IC,BRACS_738,IC,BRACS_738_IC_26.png,50883910,/BRACS_RoI/latest_version/val/6_IC/BRACS_738_IC_26.png
val,6_IC,BRACS_738,IC,BRACS_738_IC_28.png,53432887,/BRACS_RoI/latest_version/val/6_IC/BRACS_738_IC_28.png
val,6_IC,BRACS_738,IC,BRACS_738_IC_32.png,42383793,/BRACS_RoI/latest_version/val/6_IC/BRACS_738_IC_32.png
val,6_IC,BRACS_738,IC,BRACS_738_IC_5.png,48962781,/BRACS_RoI/latest_version/val/6_IC/BRACS_738_IC_5.png
val,6_IC,BRACS_738,IC,BRACS_738_IC_7.png,46213960,/BRACS_RoI/latest_version/val/6_IC/BRACS_738_IC_7.png
val,6_IC,BRACS_738,IC,BRACS_738_IC_9.png,46506861,/BRACS_RoI/latest_version/val/6_IC/BRACS_738_IC_9.png
val,6_IC,BRACS_739,IC,BRACS_739_IC_11.png,16172507,/BRACS_RoI/latest_version/val/6_IC/BRACS_739_IC_11.png
val,6_IC,BRACS_739,IC,BRACS_739_IC_12.png,29099407,/BRACS_RoI/latest_version/val/6_IC/BRACS_739_IC_12.png
val,6_IC,BRACS_739,IC,BRACS_739_IC_13.png,27969577,/BRACS_RoI/latest_version/val/6_IC/BRACS_739_IC_13.png
val,6_IC,BRACS_739,IC,BRACS_739_IC_24.png,21896170,/BRACS_RoI/latest_version/val/6_IC/BRACS_739_IC_24.png
val,6_IC,BRACS_739,IC,BRACS_739_IC_25.png,26015176,/BRACS_RoI/latest_version/val/6_IC/BRACS_739_IC_25.png
val,6_IC,BRACS_739,IC,BRACS_739_IC_29.png,26856465,/BRACS_RoI/latest_version/val/6_IC/BRACS_739_IC_29.png
val,6_IC,BRACS_739,IC,BRACS_739_IC_3.png,22077577,/BRACS_RoI/latest_version/val/6_IC/BRACS_739_IC_3.png
val,6_IC,BRACS_739,IC,BRACS_739_IC_35.png,22046997,/BRACS_RoI/latest_version/val/6_IC/BRACS_739_IC_35.png
val,6_IC,BRACS_739,IC,BRACS_739_IC_37.png,28972073,/BRACS_RoI/latest_version/val/6_IC/BRACS_739_IC_37.png
val,6_IC,BRACS_739,IC,BRACS_739_IC_6.png,15025953,/BRACS_RoI/latest_version/val/6_IC/BRACS_739_IC_6.png
val,6_IC,BRACS_739,IC,BRACS_739_IC_7.png,24307099,/BRACS_RoI/latest_version/val/6_IC/BRACS_739_IC_7.png
val,6_IC,BRACS_739,IC,BRACS_739_IC_9.png,26690808,/BRACS_RoI/latest_version/val/6_IC/BRACS_739_IC_9.png
val,6_IC,BRACS_740,IC,BRACS_740_IC_1.png,27912669,/BRACS_RoI/latest_version/val/6_IC/BRACS_740_IC_1.png
val,6_IC,BRACS_740,IC,BRACS_740_IC_13.png,60845178,/BRACS_RoI/latest_version/val/6_IC/BRACS_740_IC_13.png
val,6_IC,BRACS_740,IC,BRACS_740_IC_14.png,32952993,/BRACS_RoI/latest_version/val/6_IC/BRACS_740_IC_14.png
val,6_IC,BRACS_740,IC,BRACS_740_IC_19.png,66367263,/BRACS_RoI/latest_version/val/6_IC/BRACS_740_IC_19.png
val,6_IC,BRACS_740,IC,BRACS_740_IC_2.png,62406341,/BRACS_RoI/latest_version/val/6_IC/BRACS_740_IC_2.png
val,6_IC,BRACS_740,IC,BRACS_740_IC_22.png,40373685,/BRACS_RoI/latest_version/val/6_IC/BRACS_740_IC_22.png
val,6_IC,BRACS_740,IC,BRACS_740_IC_8.png,60951963,/BRACS_RoI/latest_version/val/6_IC/BRACS_740_IC_8.png
val,6_IC,BRACS_740,IC,BRACS_740_IC_9.png,20689201,/BRACS_RoI/latest_version/val/6_IC/BRACS_740_IC_9.png
