patient,seed,fraction,method,repeat,predicted_class_drop
101,11,0.05,gnnexplainer,-1,0.020439976826310158
101,11,0.05,random,0,0.00718868151307106
101,11,0.05,random,1,-0.0015859650447964668
101,11,0.05,random,2,0.01450435072183609
101,11,0.05,random,3,0.0016665533185005188
101,11,0.05,random,4,0.004625266417860985
101,11,0.05,random,5,0.01155807450413704
101,11,0.05,random,6,0.010692138224840164
101,11,0.05,random,7,0.01071489229798317
101,11,0.05,random,8,0.00905921682715416
101,11,0.05,random,9,-0.002214827574789524
101,11,0.05,random,10,0.002971947193145752
101,11,0.05,random,11,0.010474953800439835
101,11,0.05,random,12,0.0019290652126073837
101,11,0.05,random,13,0.009167075157165527
101,11,0.05,random,14,0.0034241918474435806
101,11,0.05,random,15,0.008998874574899673
101,11,0.05,random,16,0.008939240127801895
101,11,0.05,random,17,0.004052290692925453
101,11,0.05,random,18,0.004743039608001709
101,11,0.05,random,19,0.0025647860020399094
101,11,0.1,gnnexplainer,-1,0.05408661626279354
101,11,0.1,random,0,0.0033461563289165497
101,11,0.1,random,1,0.004989515990018845
101,11,0.1,random,2,0.006230121478438377
101,11,0.1,random,3,0.01239735633134842
101,11,0.1,random,4,0.0037311241030693054
101,11,0.1,random,5,0.00556853786110878
101,11,0.1,random,6,0.01759267784655094
101,11,0.1,random,7,0.008830977603793144
101,11,0.1,random,8,0.010841412469744682
101,11,0.1,random,9,0.003945782780647278
101,11,0.1,random,10,0.016411850228905678
101,11,0.1,random,11,0.0029560141265392303
101,11,0.1,random,12,0.011166803538799286
101,11,0.1,random,13,0.0066842567175626755
101,11,0.1,random,14,0.011871807277202606
101,11,0.1,random,15,0.00494791567325592
101,11,0.1,random,16,-0.0021232720464468002
101,11,0.1,random,17,0.010426245629787445
101,11,0.1,random,18,0.01580549217760563
101,11,0.1,random,19,0.008010681718587875
101,11,0.2,gnnexplainer,-1,0.0926972534507513
101,11,0.2,random,0,0.027678215876221657
101,11,0.2,random,1,0.030838722363114357
101,11,0.2,random,2,0.024133319035172462
101,11,0.2,random,3,0.008915312588214874
101,11,0.2,random,4,0.015938984230160713
101,11,0.2,random,5,0.018398752436041832
101,11,0.2,random,6,0.013166084885597229
101,11,0.2,random,7,0.022096356377005577
101,11,0.2,random,8,0.02542467601597309
101,11,0.2,random,9,0.013070657849311829
101,11,0.2,random,10,0.02915135957300663
101,11,0.2,random,11,0.02217426709830761
101,11,0.2,random,12,0.023921387270092964
101,11,0.2,random,13,0.029031584039330482
101,11,0.2,random,14,0.02964683808386326
101,11,0.2,random,15,0.012420617043972015
101,11,0.2,random,16,0.004111466929316521
101,11,0.2,random,17,0.009286938235163689
101,11,0.2,random,18,0.026765229180455208
101,11,0.2,random,19,0.011885154992341995
101,23,0.05,gnnexplainer,-1,0.021337611600756645
101,23,0.05,random,0,0.007856575772166252
101,23,0.05,random,1,0.010282251983880997
101,23,0.05,random,2,0.0032217931002378464
101,23,0.05,random,3,0.007362775504589081
101,23,0.05,random,4,0.003797275945544243
101,23,0.05,random,5,0.0037361569702625275
101,23,0.05,random,6,0.005491344258189201
101,23,0.05,random,7,0.0009162724018096924
101,23,0.05,random,8,0.0018936879932880402
101,23,0.05,random,9,0.004179675132036209
101,23,0.05,random,10,0.003667552024126053
101,23,0.05,random,11,0.0022095870226621628
101,23,0.05,random,12,0.004872255027294159
101,23,0.05,random,13,0.003259662538766861
101,23,0.05,random,14,0.014437716454267502
101,23,0.05,random,15,0.0041884928941726685
101,23,0.05,random,16,0.006422286853194237
101,23,0.05,random,17,0.012679381296038628
101,23,0.05,random,18,0.005324710160493851
101,23,0.05,random,19,0.006004784256219864
101,23,0.1,gnnexplainer,-1,0.05250035040080547
101,23,0.1,random,0,0.0162325669080019
101,23,0.1,random,1,0.0153421051800251
101,23,0.1,random,2,0.007667055353522301
101,23,0.1,random,3,0.012743405997753143
101,23,0.1,random,4,0.01092582754790783
101,23,0.1,random,5,0.009331006556749344
101,23,0.1,random,6,0.0098244808614254
101,23,0.1,random,7,0.004113499075174332
101,23,0.1,random,8,0.006777895614504814
101,23,0.1,random,9,0.009036077186465263
101,23,0.1,random,10,0.004713702946901321
101,23,0.1,random,11,0.005410641431808472
101,23,0.1,random,12,0.002162432298064232
101,23,0.1,random,13,0.005064802244305611
101,23,0.1,random,14,0.019823936745524406
101,23,0.1,random,15,0.02246771939098835
101,23,0.1,random,16,0.014555906876921654
101,23,0.1,random,17,0.003645922988653183
101,23,0.1,random,18,0.014768583700060844
101,23,0.1,random,19,0.011879345402121544
101,23,0.2,gnnexplainer,-1,0.07711411826312542
101,23,0.2,random,0,0.02221536450088024
101,23,0.2,random,1,0.014399407431483269
101,23,0.2,random,2,0.02265542931854725
101,23,0.2,random,3,0.0241438839584589
101,23,0.2,random,4,0.015636662021279335
101,23,0.2,random,5,0.024299347773194313
101,23,0.2,random,6,0.0035576820373535156
101,23,0.2,random,7,0.01897370256483555
101,23,0.2,random,8,0.022017480805516243
101,23,0.2,random,9,0.00617816299200058
101,23,0.2,random,10,0.021570401266217232
101,23,0.2,random,11,0.019457513466477394
101,23,0.2,random,12,0.03509531728923321
101,23,0.2,random,13,0.0162427369505167
101,23,0.2,random,14,0.020452825352549553
101,23,0.2,random,15,0.013347558677196503
101,23,0.2,random,16,0.017356114462018013
101,23,0.2,random,17,0.035047950223088264
101,23,0.2,random,18,0.006934676319360733
101,23,0.2,random,19,0.03715708293020725
101,37,0.05,gnnexplainer,-1,0.023412028327584267
101,37,0.05,random,0,0.004774412140250206
101,37,0.05,random,1,0.005323199555277824
101,37,0.05,random,2,0.001111334189772606
101,37,0.05,random,3,0.004064349457621574
101,37,0.05,random,4,0.004828959703445435
101,37,0.05,random,5,0.0038435477763414383
101,37,0.05,random,6,0.007334955036640167
101,37,0.05,random,7,0.0018512196838855743
101,37,0.05,random,8,0.00298314169049263
101,37,0.05,random,9,0.003931298851966858
101,37,0.05,random,10,0.009491242468357086
101,37,0.05,random,11,0.007971389219164848
101,37,0.05,random,12,0.0028775520622730255
101,37,0.05,random,13,0.0015673059970140457
101,37,0.05,random,14,0.0012505799531936646
101,37,0.05,random,15,0.006469309329986572
101,37,0.05,random,16,0.005380166694521904
101,37,0.05,random,17,0.0025876499712467194
101,37,0.05,random,18,0.006528530269861221
101,37,0.05,random,19,0.0064487215131521225
101,37,0.1,gnnexplainer,-1,0.05173822306096554
101,37,0.1,random,0,0.012659285217523575
101,37,0.1,random,1,0.012569833546876907
101,37,0.1,random,2,0.001688910648226738
101,37,0.1,random,3,0.0033207349479198456
101,37,0.1,random,4,0.010107768699526787
101,37,0.1,random,5,0.01000358909368515
101,37,0.1,random,6,0.012377563863992691
101,37,0.1,random,7,0.010778654366731644
101,37,0.1,random,8,0.0012575704604387283
101,37,0.1,random,9,0.016903700307011604
101,37,0.1,random,10,0.010951153934001923
101,37,0.1,random,11,0.001978246495127678
101,37,0.1,random,12,0.006608929485082626
101,37,0.1,random,13,0.010264597833156586
101,37,0.1,random,14,0.009409544989466667
101,37,0.1,random,15,0.005042023956775665
101,37,0.1,random,16,0.009635720402002335
101,37,0.1,random,17,0.005300354212522507
101,37,0.1,random,18,0.00808672234416008
101,37,0.1,random,19,0.008509393781423569
101,37,0.2,gnnexplainer,-1,0.13653063587844372
101,37,0.2,random,0,0.03565857745707035
101,37,0.2,random,1,0.022266337648034096
101,37,0.2,random,2,0.027715710923075676
101,37,0.2,random,3,0.010861886665225029
101,37,0.2,random,4,0.03600207157433033
101,37,0.2,random,5,0.00928988866508007
101,37,0.2,random,6,0.010074792429804802
101,37,0.2,random,7,0.034751513972878456
101,37,0.2,random,8,0.018103180453181267
101,37,0.2,random,9,0.01761269010603428
101,37,0.2,random,10,0.018474223092198372
101,37,0.2,random,11,0.016086598858237267
101,37,0.2,random,12,0.03344210796058178
101,37,0.2,random,13,0.01923973299562931
101,37,0.2,random,14,0.012719271704554558
101,37,0.2,random,15,0.03277437202632427
101,37,0.2,random,16,0.000597802922129631
101,37,0.2,random,17,0.016129830852150917
101,37,0.2,random,18,0.016533704474568367
101,37,0.2,random,19,0.028424570336937904
102,11,0.05,gnnexplainer,-1,0.03779973275959492
102,11,0.05,random,0,3.6507844924926758e-06
102,11,0.05,random,1,0.003017265349626541
102,11,0.05,random,2,0.0064486172050237656
102,11,0.05,random,3,0.023258956149220467
102,11,0.05,random,4,0.022835860028862953
102,11,0.05,random,5,0.018415646627545357
102,11,0.05,random,6,0.006374932825565338
102,11,0.05,random,7,0.0029885433614253998
102,11,0.05,random,8,0.00517684780061245
102,11,0.05,random,9,0.003310173749923706
102,11,0.05,random,10,-0.0029532257467508316
102,11,0.05,random,11,0.01352890394628048
102,11,0.05,random,12,0.0025439560413360596
102,11,0.05,random,13,0.006274035200476646
102,11,0.05,random,14,0.010920325294137001
102,11,0.05,random,15,0.016046443954110146
102,11,0.05,random,16,0.01295383833348751
102,11,0.05,random,17,0.024108702316880226
102,11,0.05,random,18,0.0013333670794963837
102,11,0.05,random,19,0.01268000341951847
102,11,0.1,gnnexplainer,-1,0.08943903259932995
102,11,0.1,random,0,0.008495593443512917
102,11,0.1,random,1,0.006500251591205597
102,11,0.1,random,2,-0.005489936098456383
102,11,0.1,random,3,0.03712853975594044
102,11,0.1,random,4,-0.0027946699410676956
102,11,0.1,random,5,0.012912670150399208
102,11,0.1,random,6,0.022687191143631935
102,11,0.1,random,7,0.009502658620476723
102,11,0.1,random,8,0.029469778761267662
102,11,0.1,random,9,0.02381301112473011
102,11,0.1,random,10,0.010490218177437782
102,11,0.1,random,11,0.009418847039341927
102,11,0.1,random,12,0.005738427862524986
102,11,0.1,random,13,0.00730261392891407
102,11,0.1,random,14,0.016102323308587074
102,11,0.1,random,15,0.027287015691399574
102,11,0.1,random,16,0.018417904153466225
102,11,0.1,random,17,0.003535887226462364
102,11,0.1,random,18,0.02424859069287777
102,11,0.1,random,19,0.010056139901280403
102,11,0.2,gnnexplainer,-1,0.23416434787213802
102,11,0.2,random,0,0.0036680828779935837
102,11,0.2,random,1,0.055406978353857994
102,11,0.2,random,2,0.04131367616355419
102,11,0.2,random,3,0.0026888903230428696
102,11,0.2,random,4,0.033686110749840736
102,11,0.2,random,5,0.011249011382460594
102,11,0.2,random,6,0.04501110129058361
102,11,0.2,random,7,0.06790707819163799
102,11,0.2,random,8,0.024333002045750618
102,11,0.2,random,9,0.042001185938715935
102,11,0.2,random,10,0.027397828176617622
102,11,0.2,random,11,0.04965025745332241
102,11,0.2,random,12,0.05380655638873577
102,11,0.2,random,13,0.030753860250115395
102,11,0.2,random,14,0.03271723724901676
102,11,0.2,random,15,0.061977943405508995
102,11,0.2,random,16,0.022807622328400612
102,11,0.2,random,17,0.01668647490441799
102,11,0.2,random,18,0.038050564005970955
102,11,0.2,random,19,0.026235492900013924
102,23,0.05,gnnexplainer,-1,0.03589043952524662
102,23,0.05,random,0,0.009215233847498894
102,23,0.05,random,1,0.015418002381920815
102,23,0.05,random,2,0.003710513934493065
102,23,0.05,random,3,0.003712531179189682
102,23,0.05,random,4,0.01451019011437893
102,23,0.05,random,5,0.0024180859327316284
102,23,0.05,random,6,0.006926676258444786
102,23,0.05,random,7,0.0134353656321764
102,23,0.05,random,8,0.004687782377004623
102,23,0.05,random,9,0.0018742308020591736
102,23,0.05,random,10,9.730271995067596e-05
102,23,0.05,random,11,-0.0006416104733943939
102,23,0.05,random,12,0.0003427155315876007
102,23,0.05,random,13,0.017068961635231972
102,23,0.05,random,14,0.0030060522258281708
102,23,0.05,random,15,0.025043847039341927
102,23,0.05,random,16,0.008062506094574928
102,23,0.05,random,17,0.014666950330138206
102,23,0.05,random,18,0.012412110343575478
102,23,0.05,random,19,0.00019166246056556702
102,23,0.1,gnnexplainer,-1,0.08638153783977032
102,23,0.1,random,0,0.0009634010493755341
102,23,0.1,random,1,0.015824830159544945
102,23,0.1,random,2,0.01120123453438282
102,23,0.1,random,3,0.020028283819556236
102,23,0.1,random,4,0.020315757021307945
102,23,0.1,random,5,0.003061950206756592
102,23,0.1,random,6,0.004733473062515259
102,23,0.1,random,7,0.01351437158882618
102,23,0.1,random,8,0.009352387860417366
102,23,0.1,random,9,0.009198969230055809
102,23,0.1,random,10,0.024978285655379295
102,23,0.1,random,11,-0.006014211103320122
102,23,0.1,random,12,0.005439769476652145
102,23,0.1,random,13,0.017158830538392067
102,23,0.1,random,14,0.006406750530004501
102,23,0.1,random,15,0.01547817699611187
102,23,0.1,random,16,0.0018081720918416977
102,23,0.1,random,17,0.015103349462151527
102,23,0.1,random,18,0.026737546548247337
102,23,0.1,random,19,0.040824322029948235
102,23,0.2,gnnexplainer,-1,0.238525053486228
102,23,0.2,random,0,0.00623982772231102
102,23,0.2,random,1,0.03891381435096264
102,23,0.2,random,2,0.020611518993973732
102,23,0.2,random,3,0.04408851079642773
102,23,0.2,random,4,0.044229550287127495
102,23,0.2,random,5,0.024288317188620567
102,23,0.2,random,6,0.026852907612919807
102,23,0.2,random,7,0.028665816411376
102,23,0.2,random,8,0.04277983121573925
102,23,0.2,random,9,0.015153324231505394
102,23,0.2,random,10,0.042469946667551994
102,23,0.2,random,11,0.03688325546681881
102,23,0.2,random,12,0.026092326268553734
102,23,0.2,random,13,0.018748538568615913
102,23,0.2,random,14,0.012847339734435081
102,23,0.2,random,15,0.0482668187469244
102,23,0.2,random,16,0.026692023500800133
102,23,0.2,random,17,0.03416048549115658
102,23,0.2,random,18,0.04243430308997631
102,23,0.2,random,19,0.03852934204041958
102,37,0.05,gnnexplainer,-1,0.034344667568802834
102,37,0.05,random,0,0.006856020539999008
102,37,0.05,random,1,0.015368299558758736
102,37,0.05,random,2,0.001959078013896942
102,37,0.05,random,3,0.00761820562183857
102,37,0.05,random,4,0.017601842060685158
102,37,0.05,random,5,0.018156977370381355
102,37,0.05,random,6,0.005422379821538925
102,37,0.05,random,7,0.0018611997365951538
102,37,0.05,random,8,0.0037023480981588364
102,37,0.05,random,9,0.013712184503674507
102,37,0.05,random,10,0.006525140255689621
102,37,0.05,random,11,-0.00020240992307662964
102,37,0.05,random,12,0.0005456842482089996
102,37,0.05,random,13,0.009978273883461952
102,37,0.05,random,14,0.009125703945755959
102,37,0.05,random,15,0.0036935340613126755
102,37,0.05,random,16,0.0054237209260463715
102,37,0.05,random,17,0.009476067498326302
102,37,0.05,random,18,-0.004069410264492035
102,37,0.05,random,19,0.03242211602628231
102,37,0.1,gnnexplainer,-1,0.0809043850749731
102,37,0.1,random,0,0.006353486329317093
102,37,0.1,random,1,0.026935579255223274
102,37,0.1,random,2,0.006357904523611069
102,37,0.1,random,3,0.0028730295598506927
102,37,0.1,random,4,0.01335994340479374
102,37,0.1,random,5,0.023755809292197227
102,37,0.1,random,6,0.019406931474804878
102,37,0.1,random,7,0.002035662531852722
102,37,0.1,random,8,0.025886839255690575
102,37,0.1,random,9,0.012593870982527733
102,37,0.1,random,10,0.02623560093343258
102,37,0.1,random,11,0.02074342407286167
102,37,0.1,random,12,0.020282885059714317
102,37,0.1,random,13,0.020392896607518196
102,37,0.1,random,14,0.016334975138306618
102,37,0.1,random,15,0.010373944416642189
102,37,0.1,random,16,0.002676021307706833
102,37,0.1,random,17,-0.0006076060235500336
102,37,0.1,random,18,0.03901432268321514
102,37,0.1,random,19,0.01795591600239277
102,37,0.2,gnnexplainer,-1,0.23331939242780209
102,37,0.2,random,0,0.031247468665242195
102,37,0.2,random,1,0.02371438778936863
102,37,0.2,random,2,0.005755728110671043
102,37,0.2,random,3,0.04695547930896282
102,37,0.2,random,4,0.047334520146250725
102,37,0.2,random,5,0.02456093393266201
102,37,0.2,random,6,0.008559858426451683
102,37,0.2,random,7,0.03177969343960285
102,37,0.2,random,8,0.03782934136688709
102,37,0.2,random,9,0.035655202344059944
102,37,0.2,random,10,0.03528525494039059
102,37,0.2,random,11,0.03664434142410755
102,37,0.2,random,12,0.05802851729094982
102,37,0.2,random,13,0.008831487968564034
102,37,0.2,random,14,0.006099855527281761
102,37,0.2,random,15,0.011746259406208992
102,37,0.2,random,16,0.0014581438153982162
102,37,0.2,random,17,0.004888158291578293
102,37,0.2,random,18,0.04520886950194836
102,37,0.2,random,19,0.048139920458197594
106,11,0.05,gnnexplainer,-1,0.012666198424994946
106,11,0.05,random,0,0.0031992075964808464
106,11,0.05,random,1,0.0079890051856637
106,11,0.05,random,2,0.006701773963868618
106,11,0.05,random,3,-0.0005473755300045013
106,11,0.05,random,4,0.005254973657429218
106,11,0.05,random,5,0.002893798053264618
106,11,0.05,random,6,0.0005091503262519836
106,11,0.05,random,7,0.0021284492686390877
106,11,0.05,random,8,0.009493294171988964
106,11,0.05,random,9,0.004904505796730518
106,11,0.05,random,10,0.006176087073981762
106,11,0.05,random,11,0.0014413902536034584
106,11,0.05,random,12,0.0012625288218259811
106,11,0.05,random,13,-0.002460646443068981
106,11,0.05,random,14,0.0037580756470561028
106,11,0.05,random,15,0.0016936594620347023
106,11,0.05,random,16,0.0015282277017831802
106,11,0.05,random,17,0.00764594879001379
106,11,0.05,random,18,0.000720808282494545
106,11,0.05,random,19,0.0027051400393247604
106,11,0.1,gnnexplainer,-1,0.039384045638144016
106,11,0.1,random,0,0.008988467045128345
106,11,0.1,random,1,0.0014990950003266335
106,11,0.1,random,2,0.015434368513524532
106,11,0.1,random,3,0.01249289233237505
106,11,0.1,random,4,0.007217743434011936
106,11,0.1,random,5,0.011866885237395763
106,11,0.1,random,6,0.0002237679436802864
106,11,0.1,random,7,0.004671015776693821
106,11,0.1,random,8,0.003156122751533985
106,11,0.1,random,9,0.014172119088470936
106,11,0.1,random,10,0.008585651405155659
106,11,0.1,random,11,0.0028039831668138504
106,11,0.1,random,12,0.005056214518845081
106,11,0.1,random,13,0.01403531339019537
106,11,0.1,random,14,0.013849792070686817
106,11,0.1,random,15,0.00719547551125288
106,11,0.1,random,16,0.011068898253142834
106,11,0.1,random,17,0.008993481285870075
106,11,0.1,random,18,0.01209735032171011
106,11,0.1,random,19,0.00952631700783968
106,11,0.2,gnnexplainer,-1,0.1564708324149251
106,11,0.2,random,0,0.005769089795649052
106,11,0.2,random,1,0.00472839642316103
106,11,0.2,random,2,0.00927786249667406
106,11,0.2,random,3,0.02586411777883768
106,11,0.2,random,4,0.036586430855095387
106,11,0.2,random,5,0.012104573659598827
106,11,0.2,random,6,0.01905203703790903
106,11,0.2,random,7,0.003059876151382923
106,11,0.2,random,8,0.0654725106433034
106,11,0.2,random,9,0.006801356561481953
106,11,0.2,random,10,0.020543807186186314
106,11,0.2,random,11,0.012274510227143764
106,11,0.2,random,12,0.033534795977175236
106,11,0.2,random,13,0.03006842453032732
106,11,0.2,random,14,0.018018255941569805
106,11,0.2,random,15,0.025845096446573734
106,11,0.2,random,16,0.025765025056898594
106,11,0.2,random,17,0.014879842288792133
106,11,0.2,random,18,0.012323263101279736
106,11,0.2,random,19,0.01743131596595049
106,23,0.05,gnnexplainer,-1,0.01764554437249899
106,23,0.05,random,0,0.0046287355944514275
106,23,0.05,random,1,0.017445932142436504
106,23,0.05,random,2,0.003164638765156269
106,23,0.05,random,3,0.010407154448330402
106,23,0.05,random,4,0.005558687262237072
106,23,0.05,random,5,-0.00020755082368850708
106,23,0.05,random,6,0.008863343857228756
106,23,0.05,random,7,0.00168660469353199
106,23,0.05,random,8,0.005774061195552349
106,23,0.05,random,9,0.0005392897874116898
106,23,0.05,random,10,0.0023975279182195663
106,23,0.05,random,11,0.004477235488593578
106,23,0.05,random,12,0.0016696583479642868
106,23,0.05,random,13,0.007271199487149715
106,23,0.05,random,14,0.003068573772907257
106,23,0.05,random,15,-0.00048069562762975693
106,23,0.05,random,16,0.0035332487896084785
106,23,0.05,random,17,0.009875762276351452
106,23,0.05,random,18,0.001514652743935585
106,23,0.05,random,19,0.006790137849748135
106,23,0.1,gnnexplainer,-1,0.03768808487802744
106,23,0.1,random,0,0.010009861551225185
106,23,0.1,random,1,0.00836454052478075
106,23,0.1,random,2,0.003097319044172764
106,23,0.1,random,3,0.01578058023005724
106,23,0.1,random,4,0.01813951786607504
106,23,0.1,random,5,0.005707121454179287
106,23,0.1,random,6,0.003951455466449261
106,23,0.1,random,7,0.005243263207376003
106,23,0.1,random,8,0.010920894332230091
106,23,0.1,random,9,0.020393249578773975
106,23,0.1,random,10,0.0038644103333353996
106,23,0.1,random,11,0.009167020209133625
106,23,0.1,random,12,0.0032429201528429985
106,23,0.1,random,13,0.006227678619325161
106,23,0.1,random,14,0.005090623162686825
106,23,0.1,random,15,0.011562499217689037
106,23,0.1,random,16,0.00936234463006258
106,23,0.1,random,17,0.00891431700438261
106,23,0.1,random,18,0.012171824462711811
106,23,0.1,random,19,0.014873533509671688
106,23,0.2,gnnexplainer,-1,0.1390390219166875
106,23,0.2,random,0,0.019519330002367496
106,23,0.2,random,1,0.024547395296394825
106,23,0.2,random,2,0.010962414555251598
106,23,0.2,random,3,0.020522081293165684
106,23,0.2,random,4,0.026136339642107487
106,23,0.2,random,5,0.0069131916388869286
106,23,0.2,random,6,0.009987960569560528
106,23,0.2,random,7,0.02696032915264368
106,23,0.2,random,8,0.025334143079817295
106,23,0.2,random,9,0.020560377277433872
106,23,0.2,random,10,0.027170141227543354
106,23,0.2,random,11,0.022137203253805637
106,23,0.2,random,12,0.01640194933861494
106,23,0.2,random,13,0.03712205309420824
106,23,0.2,random,14,0.008157712407410145
106,23,0.2,random,15,0.04551671165972948
106,23,0.2,random,16,0.01776744704693556
106,23,0.2,random,17,0.03144324664026499
106,23,0.2,random,18,0.028645032085478306
106,23,0.2,random,19,0.013729664497077465
106,37,0.05,gnnexplainer,-1,0.012994355522096157
106,37,0.05,random,0,0.004516276530921459
106,37,0.05,random,1,-0.0005579721182584763
106,37,0.05,random,2,0.012212845496833324
106,37,0.05,random,3,0.003016764298081398
106,37,0.05,random,4,0.004662397317588329
106,37,0.05,random,5,0.002117754891514778
106,37,0.05,random,6,0.0032389508560299873
106,37,0.05,random,7,0.008668872527778149
106,37,0.05,random,8,0.005760428495705128
106,37,0.05,random,9,0.008430666290223598
106,37,0.05,random,10,0.0023828018456697464
106,37,0.05,random,11,0.002922961488366127
106,37,0.05,random,12,0.0033725155517458916
106,37,0.05,random,13,0.002581961452960968
106,37,0.05,random,14,0.0052270432934165
106,37,0.05,random,15,0.005639790557324886
106,37,0.05,random,16,0.00408345740288496
106,37,0.05,random,17,0.012824743054807186
106,37,0.05,random,18,0.0024921344593167305
106,37,0.05,random,19,0.007850668393075466
106,37,0.1,gnnexplainer,-1,0.04186464939266443
106,37,0.1,random,0,0.006913085468113422
106,37,0.1,random,1,0.010079164989292622
106,37,0.1,random,2,0.012533086352050304
106,37,0.1,random,3,0.004102221690118313
106,37,0.1,random,4,0.0033432533964514732
106,37,0.1,random,5,0.00784269254654646
106,37,0.1,random,6,0.016369245015084743
106,37,0.1,random,7,0.01042803842574358
106,37,0.1,random,8,0.013530089519917965
106,37,0.1,random,9,0.005542038939893246
106,37,0.1,random,10,0.012128490023314953
106,37,0.1,random,11,0.014850112609565258
106,37,0.1,random,12,0.0003457227721810341
106,37,0.1,random,13,-0.0005200495943427086
106,37,0.1,random,14,0.009631305001676083
106,37,0.1,random,15,0.013472779653966427
106,37,0.1,random,16,0.006466417573392391
106,37,0.1,random,17,0.013182205148041248
106,37,0.1,random,18,0.008737710304558277
106,37,0.1,random,19,-0.0002220161259174347
106,37,0.2,gnnexplainer,-1,0.1564708324149251
106,37,0.2,random,0,0.004513098858296871
106,37,0.2,random,1,0.01875689346343279
106,37,0.2,random,2,0.018292601220309734
106,37,0.2,random,3,0.017304313369095325
106,37,0.2,random,4,0.024672252126038074
106,37,0.2,random,5,0.0337901720777154
106,37,0.2,random,6,0.010364986024796963
106,37,0.2,random,7,0.015339496545493603
106,37,0.2,random,8,0.03619589004665613
106,37,0.2,random,9,0.020563439466059208
106,37,0.2,random,10,0.015129673294723034
106,37,0.2,random,11,0.01693106722086668
106,37,0.2,random,12,0.010343995876610279
106,37,0.2,random,13,-0.0010348586365580559
106,37,0.2,random,14,0.02680388931185007
106,37,0.2,random,15,0.020225410349667072
106,37,0.2,random,16,0.015477185137569904
106,37,0.2,random,17,0.02069427166134119
106,37,0.2,random,18,0.007553561590611935
106,37,0.2,random,19,0.01897642482072115
118,11,0.05,gnnexplainer,-1,0.07695764303207397
118,11,0.05,random,0,0.0054364800453186035
118,11,0.05,random,1,0.001823127269744873
118,11,0.05,random,2,-0.0011484026908874512
118,11,0.05,random,3,0.0017138123512268066
118,11,0.05,random,4,0.005776882171630859
118,11,0.05,random,5,0.027675211429595947
118,11,0.05,random,6,0.010922729969024658
118,11,0.05,random,7,-0.005718529224395752
118,11,0.05,random,8,0.001249849796295166
118,11,0.05,random,9,-0.006861269474029541
118,11,0.05,random,10,0.01284092664718628
118,11,0.05,random,11,-0.0013874173164367676
118,11,0.05,random,12,0.029091179370880127
118,11,0.05,random,13,0.02289050817489624
118,11,0.05,random,14,0.02403932809829712
118,11,0.05,random,15,0.005229175090789795
118,11,0.05,random,16,0.005291879177093506
118,11,0.05,random,17,0.005528151988983154
118,11,0.05,random,18,-0.005448341369628906
118,11,0.05,random,19,0.02108597755432129
118,11,0.1,gnnexplainer,-1,0.15344101190567017
118,11,0.1,random,0,0.01564127206802368
118,11,0.1,random,1,0.023625314235687256
118,11,0.1,random,2,0.0412023663520813
118,11,0.1,random,3,0.011383056640625
118,11,0.1,random,4,0.05431175231933594
118,11,0.1,random,5,0.014432668685913086
118,11,0.1,random,6,0.03701573610305786
118,11,0.1,random,7,0.00707244873046875
118,11,0.1,random,8,0.021310508251190186
118,11,0.1,random,9,-0.007626533508300781
118,11,0.1,random,10,0.018997371196746826
118,11,0.1,random,11,0.026348352432250977
118,11,0.1,random,12,0.00831061601638794
118,11,0.1,random,13,0.040560245513916016
118,11,0.1,random,14,0.008539915084838867
118,11,0.1,random,15,0.015732228755950928
118,11,0.1,random,16,0.02557593584060669
118,11,0.1,random,17,0.0018131732940673828
118,11,0.1,random,18,0.003013789653778076
118,11,0.1,random,19,0.008404254913330078
118,11,0.2,gnnexplainer,-1,0.21898603439331055
118,11,0.2,random,0,0.04226785898208618
118,11,0.2,random,1,0.04479265213012695
118,11,0.2,random,2,0.03845500946044922
118,11,0.2,random,3,0.0022695064544677734
118,11,0.2,random,4,0.030069053173065186
118,11,0.2,random,5,0.04915875196456909
118,11,0.2,random,6,0.004065513610839844
118,11,0.2,random,7,0.04904365539550781
118,11,0.2,random,8,0.00891643762588501
118,11,0.2,random,9,0.02711254358291626
118,11,0.2,random,10,0.02461528778076172
118,11,0.2,random,11,0.013418972492218018
118,11,0.2,random,12,0.09905868768692017
118,11,0.2,random,13,0.023367464542388916
118,11,0.2,random,14,0.060065269470214844
118,11,0.2,random,15,0.10229271650314331
118,11,0.2,random,16,-0.002757251262664795
118,11,0.2,random,17,0.04082536697387695
118,11,0.2,random,18,0.07354742288589478
118,11,0.2,random,19,0.02396172285079956
118,23,0.05,gnnexplainer,-1,0.06897372007369995
118,23,0.05,random,0,0.014478921890258789
118,23,0.05,random,1,0.011164665222167969
118,23,0.05,random,2,0.032535552978515625
118,23,0.05,random,3,0.008689403533935547
118,23,0.05,random,4,0.01993662118911743
118,23,0.05,random,5,-0.0027160048484802246
118,23,0.05,random,6,0.004389822483062744
118,23,0.05,random,7,-0.001354992389678955
118,23,0.05,random,8,0.02884596586227417
118,23,0.05,random,9,-0.00570601224899292
118,23,0.05,random,10,0.00024813413619995117
118,23,0.05,random,11,0.019011318683624268
118,23,0.05,random,12,0.016606509685516357
118,23,0.05,random,13,-0.0035149455070495605
118,23,0.05,random,14,0.013851463794708252
118,23,0.05,random,15,0.009453296661376953
118,23,0.05,random,16,0.014461815357208252
118,23,0.05,random,17,0.013511180877685547
118,23,0.05,random,18,-0.006808340549468994
118,23,0.05,random,19,0.04714393615722656
118,23,0.1,gnnexplainer,-1,0.15344101190567017
118,23,0.1,random,0,0.0031662583351135254
118,23,0.1,random,1,0.005849778652191162
118,23,0.1,random,2,0.015038013458251953
118,23,0.1,random,3,0.035807788372039795
118,23,0.1,random,4,0.03213435411453247
118,23,0.1,random,5,0.024830996990203857
118,23,0.1,random,6,0.011606454849243164
118,23,0.1,random,7,0.0009073615074157715
118,23,0.1,random,8,-0.0013461112976074219
118,23,0.1,random,9,-0.014049530029296875
118,23,0.1,random,10,-0.013182640075683594
118,23,0.1,random,11,0.022332191467285156
118,23,0.1,random,12,0.013552844524383545
118,23,0.1,random,13,0.006588280200958252
118,23,0.1,random,14,0.0766744613647461
118,23,0.1,random,15,0.017366409301757812
118,23,0.1,random,16,0.04042845964431763
118,23,0.1,random,17,-0.0015659928321838379
118,23,0.1,random,18,0.008456707000732422
118,23,0.1,random,19,0.050952255725860596
118,23,0.2,gnnexplainer,-1,0.2623438835144043
118,23,0.2,random,0,0.03953367471694946
118,23,0.2,random,1,-0.008620738983154297
118,23,0.2,random,2,-0.010023117065429688
118,23,0.2,random,3,0.030424654483795166
118,23,0.2,random,4,0.00054168701171875
118,23,0.2,random,5,0.061924517154693604
118,23,0.2,random,6,0.031029045581817627
118,23,0.2,random,7,0.03603774309158325
118,23,0.2,random,8,0.07866829633712769
118,23,0.2,random,9,0.0578959584236145
118,23,0.2,random,10,0.07663196325302124
118,23,0.2,random,11,0.04566878080368042
118,23,0.2,random,12,0.07630354166030884
118,23,0.2,random,13,0.06653088331222534
118,23,0.2,random,14,0.054636240005493164
118,23,0.2,random,15,0.013659536838531494
118,23,0.2,random,16,0.04980015754699707
118,23,0.2,random,17,-0.005772590637207031
118,23,0.2,random,18,-0.00010019540786743164
118,23,0.2,random,19,0.05817669630050659
118,37,0.05,gnnexplainer,-1,0.06897372007369995
118,37,0.05,random,0,0.013829529285430908
118,37,0.05,random,1,0.005182206630706787
118,37,0.05,random,2,-0.017853915691375732
118,37,0.05,random,3,0.03960150480270386
118,37,0.05,random,4,0.00396353006362915
118,37,0.05,random,5,0.03238081932067871
118,37,0.05,random,6,-0.005489170551300049
118,37,0.05,random,7,0.019454538822174072
118,37,0.05,random,8,0.014189302921295166
118,37,0.05,random,9,0.011537730693817139
118,37,0.05,random,10,0.005818784236907959
118,37,0.05,random,11,0.025972306728363037
118,37,0.05,random,12,0.022981643676757812
118,37,0.05,random,13,0.007934749126434326
118,37,0.05,random,14,0.015459716320037842
118,37,0.05,random,15,0.015567481517791748
118,37,0.05,random,16,0.008816242218017578
118,37,0.05,random,17,0.007367849349975586
118,37,0.05,random,18,0.016372978687286377
118,37,0.05,random,19,0.009732067584991455
118,37,0.1,gnnexplainer,-1,0.15365618467330933
118,37,0.1,random,0,0.014143407344818115
118,37,0.1,random,1,-0.008930206298828125
118,37,0.1,random,2,-0.022675693035125732
118,37,0.1,random,3,0.0034069418907165527
118,37,0.1,random,4,0.05365806818008423
118,37,0.1,random,5,0.04358857870101929
118,37,0.1,random,6,0.0035036206245422363
118,37,0.1,random,7,0.02133089303970337
118,37,0.1,random,8,0.01807302236557007
118,37,0.1,random,9,0.03658372163772583
118,37,0.1,random,10,0.03125232458114624
118,37,0.1,random,11,-0.008449971675872803
118,37,0.1,random,12,0.008830010890960693
118,37,0.1,random,13,0.015452682971954346
118,37,0.1,random,14,-0.002501249313354492
118,37,0.1,random,15,-0.0030524730682373047
118,37,0.1,random,16,0.010179758071899414
118,37,0.1,random,17,-0.008897244930267334
118,37,0.1,random,18,-0.009454786777496338
118,37,0.1,random,19,0.003950595855712891
118,37,0.2,gnnexplainer,-1,0.1481054425239563
118,37,0.2,random,0,0.04315298795700073
118,37,0.2,random,1,0.0672045350074768
118,37,0.2,random,2,0.06976675987243652
118,37,0.2,random,3,0.01886892318725586
118,37,0.2,random,4,0.05260390043258667
118,37,0.2,random,5,0.0275723934173584
118,37,0.2,random,6,0.016086578369140625
118,37,0.2,random,7,0.02592569589614868
118,37,0.2,random,8,0.055925846099853516
118,37,0.2,random,9,0.08476662635803223
118,37,0.2,random,10,0.042968928813934326
118,37,0.2,random,11,0.024566471576690674
118,37,0.2,random,12,0.07933717966079712
118,37,0.2,random,13,0.03683203458786011
118,37,0.2,random,14,0.006640493869781494
118,37,0.2,random,15,0.03809171915054321
118,37,0.2,random,16,-0.004661619663238525
118,37,0.2,random,17,-0.0044934749603271484
118,37,0.2,random,18,0.021839618682861328
118,37,0.2,random,19,-0.004479110240936279
120,11,0.05,gnnexplainer,-1,0.13639938831329346
120,11,0.05,random,0,0.015510082244873047
120,11,0.05,random,1,0.018458843231201172
120,11,0.05,random,2,0.010480135679244995
120,11,0.05,random,3,0.03876033425331116
120,11,0.05,random,4,0.036963820457458496
120,11,0.05,random,5,-0.015402913093566895
120,11,0.05,random,6,0.0237082839012146
120,11,0.05,random,7,0.059819966554641724
120,11,0.05,random,8,-0.00890880823135376
120,11,0.05,random,9,0.01066732406616211
120,11,0.05,random,10,-0.015592455863952637
120,11,0.05,random,11,-0.010388821363449097
120,11,0.05,random,12,0.0033016204833984375
120,11,0.05,random,13,-0.013208985328674316
120,11,0.05,random,14,-0.016292691230773926
120,11,0.05,random,15,-0.04172414541244507
120,11,0.05,random,16,-0.04318714141845703
120,11,0.05,random,17,0.003203660249710083
120,11,0.05,random,18,0.020931601524353027
120,11,0.05,random,19,0.03921690583229065
120,11,0.1,gnnexplainer,-1,0.23943790793418884
120,11,0.1,random,0,0.0818403959274292
120,11,0.1,random,1,0.08763301372528076
120,11,0.1,random,2,0.03891628980636597
120,11,0.1,random,3,0.03518366813659668
120,11,0.1,random,4,-0.08776836097240448
120,11,0.1,random,5,-0.011030793190002441
120,11,0.1,random,6,0.003006488084793091
120,11,0.1,random,7,0.05179789662361145
120,11,0.1,random,8,0.02738344669342041
120,11,0.1,random,9,-0.018425941467285156
120,11,0.1,random,10,0.02090519666671753
120,11,0.1,random,11,0.03572946786880493
120,11,0.1,random,12,0.059936702251434326
120,11,0.1,random,13,-0.020156681537628174
120,11,0.1,random,14,0.09065881371498108
120,11,0.1,random,15,0.0709482729434967
120,11,0.1,random,16,0.039032936096191406
120,11,0.1,random,17,0.018139779567718506
120,11,0.1,random,18,0.12773779034614563
120,11,0.1,random,19,0.08462756872177124
120,11,0.2,gnnexplainer,-1,0.36460694670677185
120,11,0.2,random,0,0.01776587963104248
120,11,0.2,random,1,-0.06306542456150055
120,11,0.2,random,2,-0.09788629412651062
120,11,0.2,random,3,0.04638725519180298
120,11,0.2,random,4,-0.04952692985534668
120,11,0.2,random,5,0.0012715458869934082
120,11,0.2,random,6,0.05547630786895752
120,11,0.2,random,7,-0.01315164566040039
120,11,0.2,random,8,0.13903969526290894
120,11,0.2,random,9,0.10637354850769043
120,11,0.2,random,10,0.08170062303543091
120,11,0.2,random,11,0.08918800950050354
120,11,0.2,random,12,0.05914109945297241
120,11,0.2,random,13,0.127873957157135
120,11,0.2,random,14,0.004208266735076904
120,11,0.2,random,15,0.048379093408584595
120,11,0.2,random,16,-0.06237784028053284
120,11,0.2,random,17,0.051895320415496826
120,11,0.2,random,18,0.1406135857105255
120,11,0.2,random,19,0.07287222146987915
120,23,0.05,gnnexplainer,-1,0.13719826936721802
120,23,0.05,random,0,0.030941128730773926
120,23,0.05,random,1,0.024596452713012695
120,23,0.05,random,2,-0.004150301218032837
120,23,0.05,random,3,0.049038082361221313
120,23,0.05,random,4,0.001742929220199585
120,23,0.05,random,5,0.02053666114807129
120,23,0.05,random,6,0.07828354835510254
120,23,0.05,random,7,-0.056227609515190125
120,23,0.05,random,8,0.047073185443878174
120,23,0.05,random,9,0.0733838677406311
120,23,0.05,random,10,0.05563008785247803
120,23,0.05,random,11,0.07338753342628479
120,23,0.05,random,12,0.05911290645599365
120,23,0.05,random,13,0.034204065799713135
120,23,0.05,random,14,0.04682701826095581
120,23,0.05,random,15,-0.03062582015991211
120,23,0.05,random,16,-0.0047188401222229
120,23,0.05,random,17,0.015483438968658447
120,23,0.05,random,18,0.012982398271560669
120,23,0.05,random,19,0.024237781763076782
120,23,0.1,gnnexplainer,-1,0.2408527433872223
120,23,0.1,random,0,0.03829959034919739
120,23,0.1,random,1,0.1435028612613678
120,23,0.1,random,2,0.058904290199279785
120,23,0.1,random,3,0.060358673334121704
120,23,0.1,random,4,0.011287838220596313
120,23,0.1,random,5,0.08571958541870117
120,23,0.1,random,6,0.12289959192276001
120,23,0.1,random,7,0.03214603662490845
120,23,0.1,random,8,0.008037596940994263
120,23,0.1,random,9,0.03905490040779114
120,23,0.1,random,10,0.010248839855194092
120,23,0.1,random,11,0.04059624671936035
120,23,0.1,random,12,0.020758777856826782
120,23,0.1,random,13,0.07553154230117798
120,23,0.1,random,14,-0.009011834859848022
120,23,0.1,random,15,0.12865209579467773
120,23,0.1,random,16,-0.05522865056991577
120,23,0.1,random,17,-0.08445592224597931
120,23,0.1,random,18,0.04281678795814514
120,23,0.1,random,19,0.07802128791809082
120,23,0.2,gnnexplainer,-1,0.3341306746006012
120,23,0.2,random,0,-0.02341592311859131
120,23,0.2,random,1,-0.03577348589897156
120,23,0.2,random,2,0.07128992676734924
120,23,0.2,random,3,0.10856562852859497
120,23,0.2,random,4,0.10564976930618286
120,23,0.2,random,5,0.03938257694244385
120,23,0.2,random,6,0.10666418075561523
120,23,0.2,random,7,0.007044017314910889
120,23,0.2,random,8,0.08309996128082275
120,23,0.2,random,9,-0.004372239112854004
120,23,0.2,random,10,-0.05728067457675934
120,23,0.2,random,11,0.16501033306121826
120,23,0.2,random,12,-0.01045459508895874
120,23,0.2,random,13,0.0282476544380188
120,23,0.2,random,14,-0.03435230255126953
120,23,0.2,random,15,-0.09461595118045807
120,23,0.2,random,16,0.09372967481613159
120,23,0.2,random,17,0.07088115811347961
120,23,0.2,random,18,-0.006500244140625
120,23,0.2,random,19,0.006399571895599365
120,37,0.05,gnnexplainer,-1,0.13639938831329346
120,37,0.05,random,0,-0.03854462504386902
120,37,0.05,random,1,0.037811100482940674
120,37,0.05,random,2,-0.0042629241943359375
120,37,0.05,random,3,0.06128755211830139
120,37,0.05,random,4,0.015049725770950317
120,37,0.05,random,5,-0.021090388298034668
120,37,0.05,random,6,0.02243742346763611
120,37,0.05,random,7,0.03352692723274231
120,37,0.05,random,8,0.05024075508117676
120,37,0.05,random,9,0.056650519371032715
120,37,0.05,random,10,-0.017335355281829834
120,37,0.05,random,11,0.05475834012031555
120,37,0.05,random,12,-0.07142864167690277
120,37,0.05,random,13,0.06558972597122192
120,37,0.05,random,14,0.02631443738937378
120,37,0.05,random,15,-0.014689326286315918
120,37,0.05,random,16,0.05401688814163208
120,37,0.05,random,17,0.011225104331970215
120,37,0.05,random,18,0.045898228883743286
120,37,0.05,random,19,0.027173876762390137
120,37,0.1,gnnexplainer,-1,0.23504969477653503
120,37,0.1,random,0,0.03011825680732727
120,37,0.1,random,1,-0.0439285933971405
120,37,0.1,random,2,0.0665426254272461
120,37,0.1,random,3,0.0383296012878418
120,37,0.1,random,4,0.03987836837768555
120,37,0.1,random,5,0.01547423005104065
120,37,0.1,random,6,0.028083592653274536
120,37,0.1,random,7,-0.006745636463165283
120,37,0.1,random,8,0.019491374492645264
120,37,0.1,random,9,0.039349377155303955
120,37,0.1,random,10,-0.00420793890953064
120,37,0.1,random,11,0.012027442455291748
120,37,0.1,random,12,0.01750272512435913
120,37,0.1,random,13,0.11366799473762512
120,37,0.1,random,14,0.10517421364784241
120,37,0.1,random,15,0.005280017852783203
120,37,0.1,random,16,0.08220559358596802
120,37,0.1,random,17,0.01903855800628662
120,37,0.1,random,18,0.03441685438156128
120,37,0.1,random,19,0.048224836587905884
120,37,0.2,gnnexplainer,-1,0.3024430572986603
120,37,0.2,random,0,0.03291803598403931
120,37,0.2,random,1,-0.05289506912231445
120,37,0.2,random,2,0.056534916162490845
120,37,0.2,random,3,-0.06398467719554901
120,37,0.2,random,4,0.010639548301696777
120,37,0.2,random,5,0.03881627321243286
120,37,0.2,random,6,0.13313889503479004
120,37,0.2,random,7,0.08916622400283813
120,37,0.2,random,8,0.03224062919616699
120,37,0.2,random,9,-0.08195652067661285
120,37,0.2,random,10,0.17113953828811646
120,37,0.2,random,11,0.07443872094154358
120,37,0.2,random,12,0.0878027081489563
120,37,0.2,random,13,0.07742255926132202
120,37,0.2,random,14,0.021212458610534668
120,37,0.2,random,15,0.11116474866867065
120,37,0.2,random,16,0.03150561451911926
120,37,0.2,random,17,0.10812908411026001
120,37,0.2,random,18,-0.06479933857917786
120,37,0.2,random,19,0.0431789755821228
124,11,0.05,gnnexplainer,-1,0.0727996677160263
124,11,0.05,random,0,0.018883518874645233
124,11,0.05,random,1,0.0018623694777488708
124,11,0.05,random,2,0.01952270418405533
124,11,0.05,random,3,0.010335922241210938
124,11,0.05,random,4,0.021333903074264526
124,11,0.05,random,5,0.0207163468003273
124,11,0.05,random,6,0.015143521130084991
124,11,0.05,random,7,0.02436220645904541
124,11,0.05,random,8,0.015857182443141937
124,11,0.05,random,9,0.013471990823745728
124,11,0.05,random,10,0.012250445783138275
124,11,0.05,random,11,0.00754818320274353
124,11,0.05,random,12,0.015930213034152985
124,11,0.05,random,13,0.006536759436130524
124,11,0.05,random,14,0.010757111012935638
124,11,0.05,random,15,0.01644080877304077
124,11,0.05,random,16,-0.006346255540847778
124,11,0.05,random,17,0.026555217802524567
124,11,0.05,random,18,0.003206968307495117
124,11,0.05,random,19,-0.0026640668511390686
124,11,0.1,gnnexplainer,-1,0.18299731612205505
124,11,0.1,random,0,-0.022771649062633514
124,11,0.1,random,1,0.018342100083827972
124,11,0.1,random,2,0.007176749408245087
124,11,0.1,random,3,0.00962088257074356
124,11,0.1,random,4,0.03268364816904068
124,11,0.1,random,5,0.00694633275270462
124,11,0.1,random,6,-0.009964056313037872
124,11,0.1,random,7,0.01691541075706482
124,11,0.1,random,8,-0.0019406676292419434
124,11,0.1,random,9,0.050698503851890564
124,11,0.1,random,10,0.04527647793292999
124,11,0.1,random,11,0.03818663954734802
124,11,0.1,random,12,6.914883852005005e-05
124,11,0.1,random,13,0.045427799224853516
124,11,0.1,random,14,0.009409844875335693
124,11,0.1,random,15,0.0025943517684936523
124,11,0.1,random,16,-0.02118183672428131
124,11,0.1,random,17,0.012896381318569183
124,11,0.1,random,18,0.004847235977649689
124,11,0.1,random,19,0.008745439350605011
124,11,0.2,gnnexplainer,-1,0.35863611102104187
124,11,0.2,random,0,0.09548307955265045
124,11,0.2,random,1,0.07790550589561462
124,11,0.2,random,2,0.002026565372943878
124,11,0.2,random,3,0.029739998281002045
124,11,0.2,random,4,0.05455879867076874
124,11,0.2,random,5,0.0810844749212265
124,11,0.2,random,6,-0.003368474543094635
124,11,0.2,random,7,0.0935230702161789
124,11,0.2,random,8,0.018432997167110443
124,11,0.2,random,9,0.0342898964881897
124,11,0.2,random,10,0.09889249503612518
124,11,0.2,random,11,-0.03243860974907875
124,11,0.2,random,12,0.09435619413852692
124,11,0.2,random,13,0.00686374306678772
124,11,0.2,random,14,-0.0074370503425598145
124,11,0.2,random,15,0.07287946343421936
124,11,0.2,random,16,0.06636793911457062
124,11,0.2,random,17,0.04492364823818207
124,11,0.2,random,18,0.047405049204826355
124,11,0.2,random,19,0.01910492032766342
124,23,0.05,gnnexplainer,-1,0.08278508484363556
124,23,0.05,random,0,0.0023530051112174988
124,23,0.05,random,1,0.00491633266210556
124,23,0.05,random,2,-0.007401563227176666
124,23,0.05,random,3,0.008210383355617523
124,23,0.05,random,4,0.002761274576187134
124,23,0.05,random,5,-0.0012052953243255615
124,23,0.05,random,6,-0.013189241290092468
124,23,0.05,random,7,0.023914925754070282
124,23,0.05,random,8,0.00468793511390686
124,23,0.05,random,9,0.016713224351406097
124,23,0.05,random,10,0.04486238956451416
124,23,0.05,random,11,0.017686478793621063
124,23,0.05,random,12,-0.022864069789648056
124,23,0.05,random,13,-0.03078746795654297
124,23,0.05,random,14,0.015688806772232056
124,23,0.05,random,15,0.008979178965091705
124,23,0.05,random,16,0.006259359419345856
124,23,0.05,random,17,0.024460814893245697
124,23,0.05,random,18,0.025732874870300293
124,23,0.05,random,19,0.015289545059204102
124,23,0.1,gnnexplainer,-1,0.1724432408809662
124,23,0.1,random,0,0.010284356772899628
124,23,0.1,random,1,0.013056688010692596
124,23,0.1,random,2,0.009791642427444458
124,23,0.1,random,3,0.0005722716450691223
124,23,0.1,random,4,0.08396004140377045
124,23,0.1,random,5,0.04478047788143158
124,23,0.1,random,6,0.004010356962680817
124,23,0.1,random,7,0.001881629228591919
124,23,0.1,random,8,0.015330314636230469
124,23,0.1,random,9,-0.0015818774700164795
124,23,0.1,random,10,0.04824307560920715
124,23,0.1,random,11,0.023560501635074615
124,23,0.1,random,12,0.01721089333295822
124,23,0.1,random,13,-0.005363762378692627
124,23,0.1,random,14,0.0431990772485733
124,23,0.1,random,15,0.012939326465129852
124,23,0.1,random,16,0.0568089634180069
124,23,0.1,random,17,-0.008812390267848969
124,23,0.1,random,18,-0.0014991089701652527
124,23,0.1,random,19,0.02147757261991501
124,23,0.2,gnnexplainer,-1,0.35863611102104187
124,23,0.2,random,0,-0.02529420331120491
124,23,0.2,random,1,0.015346713364124298
124,23,0.2,random,2,-0.014642342925071716
124,23,0.2,random,3,0.058454692363739014
124,23,0.2,random,4,-0.026506226509809494
124,23,0.2,random,5,0.0896005630493164
124,23,0.2,random,6,0.06916584074497223
124,23,0.2,random,7,0.013528682291507721
124,23,0.2,random,8,0.04389895498752594
124,23,0.2,random,9,0.017557628452777863
124,23,0.2,random,10,0.013372428715229034
124,23,0.2,random,11,-0.00735580176115036
124,23,0.2,random,12,0.030789248645305634
124,23,0.2,random,13,-0.011896006762981415
124,23,0.2,random,14,0.06638522446155548
124,23,0.2,random,15,0.00349242240190506
124,23,0.2,random,16,0.02708756923675537
124,23,0.2,random,17,0.10506169497966766
124,23,0.2,random,18,-0.007286101579666138
124,23,0.2,random,19,0.07154874503612518
124,37,0.05,gnnexplainer,-1,0.06508229672908783
124,37,0.05,random,0,0.03476160019636154
124,37,0.05,random,1,0.015129484236240387
124,37,0.05,random,2,0.026232875883579254
124,37,0.05,random,3,0.0051048025488853455
124,37,0.05,random,4,-0.030133645981550217
124,37,0.05,random,5,0.02106776088476181
124,37,0.05,random,6,-0.004459597170352936
124,37,0.05,random,7,0.0034224987030029297
124,37,0.05,random,8,0.030103325843811035
124,37,0.05,random,9,0.0046602413058280945
124,37,0.05,random,10,0.001981683075428009
124,37,0.05,random,11,0.015159018337726593
124,37,0.05,random,12,-0.003735452890396118
124,37,0.05,random,13,0.006054602563381195
124,37,0.05,random,14,0.020190872251987457
124,37,0.05,random,15,0.00601612776517868
124,37,0.05,random,16,0.012642286717891693
124,37,0.05,random,17,-0.002577453851699829
124,37,0.05,random,18,0.008866965770721436
124,37,0.05,random,19,0.0003039166331291199
124,37,0.1,gnnexplainer,-1,0.1683845818042755
124,37,0.1,random,0,0.001933760941028595
124,37,0.1,random,1,0.018686622381210327
124,37,0.1,random,2,0.017620503902435303
124,37,0.1,random,3,0.03929247707128525
124,37,0.1,random,4,0.013831071555614471
124,37,0.1,random,5,0.014262177050113678
124,37,0.1,random,6,0.05782531201839447
124,37,0.1,random,7,0.05450119078159332
124,37,0.1,random,8,0.011113040149211884
124,37,0.1,random,9,0.025955505669116974
124,37,0.1,random,10,0.04456746578216553
124,37,0.1,random,11,-0.006551027297973633
124,37,0.1,random,12,-0.008834443986415863
124,37,0.1,random,13,0.008014082908630371
124,37,0.1,random,14,0.03175532817840576
124,37,0.1,random,15,0.011979453265666962
124,37,0.1,random,16,0.03619980812072754
124,37,0.1,random,17,0.04390685260295868
124,37,0.1,random,18,0.057777658104896545
124,37,0.1,random,19,0.04482516646385193
124,37,0.2,gnnexplainer,-1,0.3521466553211212
124,37,0.2,random,0,0.05079403519630432
124,37,0.2,random,1,0.014658093452453613
124,37,0.2,random,2,0.035121649503707886
124,37,0.2,random,3,0.1505475491285324
124,37,0.2,random,4,0.004951484501361847
124,37,0.2,random,5,0.015158645808696747
124,37,0.2,random,6,0.006984136998653412
124,37,0.2,random,7,0.00043380260467529297
124,37,0.2,random,8,-0.006402701139450073
124,37,0.2,random,9,0.04206635057926178
124,37,0.2,random,10,0.09698081016540527
124,37,0.2,random,11,0.12259310483932495
124,37,0.2,random,12,0.011576749384403229
124,37,0.2,random,13,0.016900204122066498
124,37,0.2,random,14,0.05669926106929779
124,37,0.2,random,15,0.06312762200832367
124,37,0.2,random,16,0.018869780004024506
124,37,0.2,random,17,0.03282352536916733
124,37,0.2,random,18,0.010899901390075684
124,37,0.2,random,19,0.07106123864650726
132,11,0.05,gnnexplainer,-1,0.008994358591735363
132,11,0.05,random,0,0.0023533040657639503
132,11,0.05,random,1,0.001136899460107088
132,11,0.05,random,2,0.0012683919630944729
132,11,0.05,random,3,0.0025418614968657494
132,11,0.05,random,4,0.002385503612458706
132,11,0.05,random,5,0.0008141421712934971
132,11,0.05,random,6,9.17930155992508e-05
132,11,0.05,random,7,0.0009531672112643719
132,11,0.05,random,8,0.0016076769679784775
132,11,0.05,random,9,0.002856663428246975
132,11,0.05,random,10,0.0011583883315324783
132,11,0.05,random,11,-0.00013442151248455048
132,11,0.05,random,12,0.001479830127209425
132,11,0.05,random,13,0.0008672359399497509
132,11,0.05,random,14,0.0035827169194817543
132,11,0.05,random,15,0.0021716225892305374
132,11,0.05,random,16,0.0042208340018987656
132,11,0.05,random,17,0.0018527149222791195
132,11,0.05,random,18,0.0028233490884304047
132,11,0.05,random,19,0.0018314365297555923
132,11,0.1,gnnexplainer,-1,0.020145010203123093
132,11,0.1,random,0,0.004121976904571056
132,11,0.1,random,1,0.00816286075860262
132,11,0.1,random,2,0.0021882029250264168
132,11,0.1,random,3,0.002128821797668934
132,11,0.1,random,4,0.003735010512173176
132,11,0.1,random,5,0.0025822166353464127
132,11,0.1,random,6,0.007697666063904762
132,11,0.1,random,7,0.003121498040854931
132,11,0.1,random,8,0.006208573468029499
132,11,0.1,random,9,0.00458514504134655
132,11,0.1,random,10,0.007840020582079887
132,11,0.1,random,11,0.007009607739746571
132,11,0.1,random,12,0.007460357621312141
132,11,0.1,random,13,0.007579213939607143
132,11,0.1,random,14,0.00277124997228384
132,11,0.1,random,15,0.002369821071624756
132,11,0.1,random,16,0.004641844891011715
132,11,0.1,random,17,0.002197754569351673
132,11,0.1,random,18,0.005071981810033321
132,11,0.1,random,19,0.006185734644532204
132,11,0.2,gnnexplainer,-1,0.061062322929501534
132,11,0.2,random,0,0.011547556146979332
132,11,0.2,random,1,0.012822652235627174
132,11,0.2,random,2,0.011075491085648537
132,11,0.2,random,3,0.009531197138130665
132,11,0.2,random,4,0.00993342325091362
132,11,0.2,random,5,0.012083657085895538
132,11,0.2,random,6,0.01111900806427002
132,11,0.2,random,7,0.013094116002321243
132,11,0.2,random,8,0.007476469501852989
132,11,0.2,random,9,0.014884017407894135
132,11,0.2,random,10,0.01941879838705063
132,11,0.2,random,11,0.009480776265263557
132,11,0.2,random,12,0.012694232165813446
132,11,0.2,random,13,0.018690448254346848
132,11,0.2,random,14,0.003883121535181999
132,11,0.2,random,15,0.009041846729815006
132,11,0.2,random,16,0.007027996703982353
132,11,0.2,random,17,0.016361409798264503
132,11,0.2,random,18,0.009336510673165321
132,11,0.2,random,19,0.008440805599093437
132,23,0.05,gnnexplainer,-1,0.008719225414097309
132,23,0.05,random,0,0.0018583429045975208
132,23,0.05,random,1,0.003593815490603447
132,23,0.05,random,2,0.005607827566564083
132,23,0.05,random,3,0.0037309443578124046
132,23,0.05,random,4,0.0035207942128181458
132,23,0.05,random,5,0.002582947723567486
132,23,0.05,random,6,0.004693255759775639
132,23,0.05,random,7,0.002228180877864361
132,23,0.05,random,8,0.0027729151770472527
132,23,0.05,random,9,0.002011952456086874
132,23,0.05,random,10,0.002263330854475498
132,23,0.05,random,11,0.0008492749184370041
132,23,0.05,random,12,0.004613922908902168
132,23,0.05,random,13,0.0010923836380243301
132,23,0.05,random,14,0.0021535949781537056
132,23,0.05,random,15,0.001191684976220131
132,23,0.05,random,16,0.003058808855712414
132,23,0.05,random,17,0.0012499559670686722
132,23,0.05,random,18,0.004058101214468479
132,23,0.05,random,19,0.0029668044298887253
132,23,0.1,gnnexplainer,-1,0.020440537482500076
132,23,0.1,random,0,0.00359183456748724
132,23,0.1,random,1,0.0036289850249886513
132,23,0.1,random,2,0.0012436006218194962
132,23,0.1,random,3,0.005519515834748745
132,23,0.1,random,4,0.00675609614700079
132,23,0.1,random,5,0.0025619622319936752
132,23,0.1,random,6,0.003865269012749195
132,23,0.1,random,7,0.00689010601490736
132,23,0.1,random,8,0.004397476091980934
132,23,0.1,random,9,0.006146246567368507
132,23,0.1,random,10,0.004193355329334736
132,23,0.1,random,11,0.004775119945406914
132,23,0.1,random,12,0.0028681913390755653
132,23,0.1,random,13,0.0031713685020804405
132,23,0.1,random,14,0.004733082838356495
132,23,0.1,random,15,0.004490905441343784
132,23,0.1,random,16,0.0024138493463397026
132,23,0.1,random,17,0.006035427562892437
132,23,0.1,random,18,0.005100803449749947
132,23,0.1,random,19,0.004260205663740635
132,23,0.2,gnnexplainer,-1,0.06215439923107624
132,23,0.2,random,0,0.010925419628620148
132,23,0.2,random,1,0.010528745129704475
132,23,0.2,random,2,0.01050400361418724
132,23,0.2,random,3,0.008008488453924656
132,23,0.2,random,4,0.012591037899255753
132,23,0.2,random,5,0.005014196969568729
132,23,0.2,random,6,0.010541917756199837
132,23,0.2,random,7,0.010111965239048004
132,23,0.2,random,8,0.012789331376552582
132,23,0.2,random,9,0.009582928381860256
132,23,0.2,random,10,0.010657655075192451
132,23,0.2,random,11,0.005865560844540596
132,23,0.2,random,12,0.0165385901927948
132,23,0.2,random,13,0.007852739654481411
132,23,0.2,random,14,0.01201651617884636
132,23,0.2,random,15,0.01363992691040039
132,23,0.2,random,16,0.012412520125508308
132,23,0.2,random,17,0.013745350763201714
132,23,0.2,random,18,0.010882558301091194
132,23,0.2,random,19,0.006952888332307339
132,37,0.05,gnnexplainer,-1,0.008752304129302502
132,37,0.05,random,0,0.002154039219021797
132,37,0.05,random,1,0.0020242519676685333
132,37,0.05,random,2,0.0006735711358487606
132,37,0.05,random,3,0.002110057510435581
132,37,0.05,random,4,0.0017207791097462177
132,37,0.05,random,5,-1.1863186955451965e-05
132,37,0.05,random,6,0.0026346640661358833
132,37,0.05,random,7,0.0016039474867284298
132,37,0.05,random,8,0.002956419251859188
132,37,0.05,random,9,0.0025977259501814842
132,37,0.05,random,10,0.0023070042952895164
132,37,0.05,random,11,0.002220725640654564
132,37,0.05,random,12,0.0006672143936157227
132,37,0.05,random,13,0.0025966065004467964
132,37,0.05,random,14,0.0027273129671812057
132,37,0.05,random,15,0.00273932795971632
132,37,0.05,random,16,0.0013390923850238323
132,37,0.05,random,17,0.0020968858152627945
132,37,0.05,random,18,0.0016154083423316479
132,37,0.05,random,19,0.0026173917576670647
132,37,0.1,gnnexplainer,-1,0.02338581159710884
132,37,0.1,random,0,0.009473093785345554
132,37,0.1,random,1,0.002223476767539978
132,37,0.1,random,2,0.0027692411094903946
132,37,0.1,random,3,0.0055292267352342606
132,37,0.1,random,4,0.007335378788411617
132,37,0.1,random,5,0.007566223852336407
132,37,0.1,random,6,0.005419398657977581
132,37,0.1,random,7,0.007860084064304829
132,37,0.1,random,8,0.004640741273760796
132,37,0.1,random,9,0.002618507482111454
132,37,0.1,random,10,0.005312947556376457
132,37,0.1,random,11,0.005617146380245686
132,37,0.1,random,12,0.002960645593702793
132,37,0.1,random,13,0.003713705576956272
132,37,0.1,random,14,0.003959299065172672
132,37,0.1,random,15,0.0075782062485814095
132,37,0.1,random,16,0.005169498734176159
132,37,0.1,random,17,0.004526139236986637
132,37,0.1,random,18,0.003775743767619133
132,37,0.1,random,19,0.0037739165127277374
132,37,0.2,gnnexplainer,-1,0.06658154167234898
132,37,0.2,random,0,0.008291748352348804
132,37,0.2,random,1,0.007095214910805225
132,37,0.2,random,2,0.01952831819653511
132,37,0.2,random,3,0.0054231127724051476
132,37,0.2,random,4,0.004402696155011654
132,37,0.2,random,5,0.009248658083379269
132,37,0.2,random,6,0.007299202494323254
132,37,0.2,random,7,0.008489268831908703
132,37,0.2,random,8,0.008364187553524971
132,37,0.2,random,9,0.0126944649964571
132,37,0.2,random,10,0.00885613914579153
132,37,0.2,random,11,0.009540008381009102
132,37,0.2,random,12,0.010643145069479942
132,37,0.2,random,13,0.012664051726460457
132,37,0.2,random,14,0.014826986938714981
132,37,0.2,random,15,0.007775194011628628
132,37,0.2,random,16,0.010510940104722977
132,37,0.2,random,17,0.0090146129950881
132,37,0.2,random,18,0.010372031480073929
132,37,0.2,random,19,0.008194072172045708
144,11,0.05,gnnexplainer,-1,0.09267282485961914
144,11,0.05,random,0,0.051427602767944336
144,11,0.05,random,1,0.02191019058227539
144,11,0.05,random,2,0.008376836776733398
144,11,0.05,random,3,0.0026299357414245605
144,11,0.05,random,4,-0.008198857307434082
144,11,0.05,random,5,0.023486316204071045
144,11,0.05,random,6,-0.006739616394042969
144,11,0.05,random,7,0.027667880058288574
144,11,0.05,random,8,-0.010464310646057129
144,11,0.05,random,9,-0.009895920753479004
144,11,0.05,random,10,0.000919342041015625
144,11,0.05,random,11,0.02169889211654663
144,11,0.05,random,12,0.01990985870361328
144,11,0.05,random,13,0.03178304433822632
144,11,0.05,random,14,0.04385894536972046
144,11,0.05,random,15,0.012517154216766357
144,11,0.05,random,16,-0.007280826568603516
144,11,0.05,random,17,-0.026582539081573486
144,11,0.05,random,18,0.03335374593734741
144,11,0.05,random,19,0.01693648099899292
144,11,0.1,gnnexplainer,-1,0.1977628469467163
144,11,0.1,random,0,0.09034240245819092
144,11,0.1,random,1,0.035722970962524414
144,11,0.1,random,2,0.02900141477584839
144,11,0.1,random,3,0.07539862394332886
144,11,0.1,random,4,-0.013554692268371582
144,11,0.1,random,5,0.014781594276428223
144,11,0.1,random,6,0.04744315147399902
144,11,0.1,random,7,0.003967642784118652
144,11,0.1,random,8,-0.01936781406402588
144,11,0.1,random,9,-0.005307495594024658
144,11,0.1,random,10,-0.006801724433898926
144,11,0.1,random,11,0.03715968132019043
144,11,0.1,random,12,0.0066454410552978516
144,11,0.1,random,13,0.013218164443969727
144,11,0.1,random,14,0.0014728307723999023
144,11,0.1,random,15,0.019794464111328125
144,11,0.1,random,16,0.044578731060028076
144,11,0.1,random,17,0.046705007553100586
144,11,0.1,random,18,-0.0034506916999816895
144,11,0.1,random,19,0.03348040580749512
144,11,0.2,gnnexplainer,-1,0.3542807102203369
144,11,0.2,random,0,0.05389058589935303
144,11,0.2,random,1,-0.02575206756591797
144,11,0.2,random,2,0.02540367841720581
144,11,0.2,random,3,0.04771387577056885
144,11,0.2,random,4,-0.010594844818115234
144,11,0.2,random,5,0.0709943175315857
144,11,0.2,random,6,0.11753511428833008
144,11,0.2,random,7,0.05331200361251831
144,11,0.2,random,8,0.03170078992843628
144,11,0.2,random,9,0.07155859470367432
144,11,0.2,random,10,0.030286073684692383
144,11,0.2,random,11,0.08226323127746582
144,11,0.2,random,12,0.012188613414764404
144,11,0.2,random,13,-0.005089282989501953
144,11,0.2,random,14,0.05551910400390625
144,11,0.2,random,15,-0.003946423530578613
144,11,0.2,random,16,0.010504722595214844
144,11,0.2,random,17,0.02819746732711792
144,11,0.2,random,18,0.041146039962768555
144,11,0.2,random,19,0.004583835601806641
144,23,0.05,gnnexplainer,-1,0.0886082649230957
144,23,0.05,random,0,0.02706998586654663
144,23,0.05,random,1,0.004974007606506348
144,23,0.05,random,2,0.04016256332397461
144,23,0.05,random,3,0.008607149124145508
144,23,0.05,random,4,7.081031799316406e-05
144,23,0.05,random,5,0.02693861722946167
144,23,0.05,random,6,0.007654845714569092
144,23,0.05,random,7,0.013894081115722656
144,23,0.05,random,8,-0.007160961627960205
144,23,0.05,random,9,0.007605791091918945
144,23,0.05,random,10,0.019234538078308105
144,23,0.05,random,11,0.015367269515991211
144,23,0.05,random,12,0.023485660552978516
144,23,0.05,random,13,0.012502074241638184
144,23,0.05,random,14,-0.03135514259338379
144,23,0.05,random,15,-0.03034210205078125
144,23,0.05,random,16,0.005130767822265625
144,23,0.05,random,17,0.017142176628112793
144,23,0.05,random,18,-0.0027551651000976562
144,23,0.05,random,19,0.04377073049545288
144,23,0.1,gnnexplainer,-1,0.19783943891525269
144,23,0.1,random,0,0.054110705852508545
144,23,0.1,random,1,0.05381649732589722
144,23,0.1,random,2,0.07159870862960815
144,23,0.1,random,3,0.04041695594787598
144,23,0.1,random,4,0.051480889320373535
144,23,0.1,random,5,0.018188893795013428
144,23,0.1,random,6,0.03844594955444336
144,23,0.1,random,7,0.037476420402526855
144,23,0.1,random,8,0.046782732009887695
144,23,0.1,random,9,0.0009121894836425781
144,23,0.1,random,10,0.009930610656738281
144,23,0.1,random,11,0.016186177730560303
144,23,0.1,random,12,0.010006427764892578
144,23,0.1,random,13,-0.030647337436676025
144,23,0.1,random,14,0.11042189598083496
144,23,0.1,random,15,0.0036020278930664062
144,23,0.1,random,16,0.016910195350646973
144,23,0.1,random,17,0.042589545249938965
144,23,0.1,random,18,0.004253268241882324
144,23,0.1,random,19,0.04422903060913086
144,23,0.2,gnnexplainer,-1,0.36065220832824707
144,23,0.2,random,0,0.005365729331970215
144,23,0.2,random,1,0.18064308166503906
144,23,0.2,random,2,0.01445239782333374
144,23,0.2,random,3,0.030770719051361084
144,23,0.2,random,4,0.05823779106140137
144,23,0.2,random,5,0.028324782848358154
144,23,0.2,random,6,0.06995630264282227
144,23,0.2,random,7,0.042034029960632324
144,23,0.2,random,8,0.0018165111541748047
144,23,0.2,random,9,-0.006214737892150879
144,23,0.2,random,10,0.06714361906051636
144,23,0.2,random,11,0.024664342403411865
144,23,0.2,random,12,0.14134836196899414
144,23,0.2,random,13,0.03486502170562744
144,23,0.2,random,14,0.1318642497062683
144,23,0.2,random,15,0.056980133056640625
144,23,0.2,random,16,0.05341649055480957
144,23,0.2,random,17,0.0783090591430664
144,23,0.2,random,18,0.005338430404663086
144,23,0.2,random,19,-0.0011816620826721191
144,37,0.05,gnnexplainer,-1,0.09605348110198975
144,37,0.05,random,0,0.023131489753723145
144,37,0.05,random,1,0.0706019401550293
144,37,0.05,random,2,-0.020772576332092285
144,37,0.05,random,3,-0.006682693958282471
144,37,0.05,random,4,0.04879963397979736
144,37,0.05,random,5,0.027315735816955566
144,37,0.05,random,6,-0.02084040641784668
144,37,0.05,random,7,0.024335622787475586
144,37,0.05,random,8,-0.007650911808013916
144,37,0.05,random,9,-0.02494955062866211
144,37,0.05,random,10,0.012448787689208984
144,37,0.05,random,11,0.02341240644454956
144,37,0.05,random,12,0.017632007598876953
144,37,0.05,random,13,0.00180739164352417
144,37,0.05,random,14,-0.002825796604156494
144,37,0.05,random,15,-0.025001049041748047
144,37,0.05,random,16,-0.013544201850891113
144,37,0.05,random,17,0.010859251022338867
144,37,0.05,random,18,0.03821384906768799
144,37,0.05,random,19,-0.014131128787994385
144,37,0.1,gnnexplainer,-1,0.1977628469467163
144,37,0.1,random,0,0.005264461040496826
144,37,0.1,random,1,0.04528629779815674
144,37,0.1,random,2,0.022902846336364746
144,37,0.1,random,3,-0.015288472175598145
144,37,0.1,random,4,0.03749442100524902
144,37,0.1,random,5,0.00853872299194336
144,37,0.1,random,6,-0.013563215732574463
144,37,0.1,random,7,0.07826316356658936
144,37,0.1,random,8,0.019856572151184082
144,37,0.1,random,9,0.03907215595245361
144,37,0.1,random,10,0.01148378849029541
144,37,0.1,random,11,-0.019653618335723877
144,37,0.1,random,12,0.021546363830566406
144,37,0.1,random,13,0.023813903331756592
144,37,0.1,random,14,-0.02383708953857422
144,37,0.1,random,15,0.06903207302093506
144,37,0.1,random,16,-0.005497097969055176
144,37,0.1,random,17,-0.006611347198486328
144,37,0.1,random,18,-0.015046477317810059
144,37,0.1,random,19,0.06277841329574585
144,37,0.2,gnnexplainer,-1,0.3188568353652954
144,37,0.2,random,0,0.062093913555145264
144,37,0.2,random,1,0.050097644329071045
144,37,0.2,random,2,-0.011430799961090088
144,37,0.2,random,3,0.013912439346313477
144,37,0.2,random,4,0.17018914222717285
144,37,0.2,random,5,-0.010975420475006104
144,37,0.2,random,6,0.07449960708618164
144,37,0.2,random,7,0.008806169033050537
144,37,0.2,random,8,0.022804737091064453
144,37,0.2,random,9,0.04620969295501709
144,37,0.2,random,10,0.00951242446899414
144,37,0.2,random,11,-0.005667984485626221
144,37,0.2,random,12,0.022036433219909668
144,37,0.2,random,13,-0.03411376476287842
144,37,0.2,random,14,0.1211245059967041
144,37,0.2,random,15,0.007464289665222168
144,37,0.2,random,16,0.005173861980438232
144,37,0.2,random,17,0.03969240188598633
144,37,0.2,random,18,0.09234476089477539
144,37,0.2,random,19,0.013958454132080078
151,11,0.05,gnnexplainer,-1,0.11349523067474365
151,11,0.05,random,0,-0.02783048152923584
151,11,0.05,random,1,0.010959208011627197
151,11,0.05,random,2,0.00022864341735839844
151,11,0.05,random,3,0.021230220794677734
151,11,0.05,random,4,0.005921483039855957
151,11,0.05,random,5,0.046229779720306396
151,11,0.05,random,6,0.04710870981216431
151,11,0.05,random,7,0.08352792263031006
151,11,0.05,random,8,-0.02086561918258667
151,11,0.05,random,9,0.10793769359588623
151,11,0.05,random,10,0.017705917358398438
151,11,0.05,random,11,0.04814976453781128
151,11,0.05,random,12,-0.04356992244720459
151,11,0.05,random,13,-0.022839128971099854
151,11,0.05,random,14,-0.017641901969909668
151,11,0.05,random,15,0.03629791736602783
151,11,0.05,random,16,0.06800132989883423
151,11,0.05,random,17,0.0638166069984436
151,11,0.05,random,18,-0.0295865535736084
151,11,0.05,random,19,0.017424285411834717
151,11,0.1,gnnexplainer,-1,0.19216161966323853
151,11,0.1,random,0,-0.01196587085723877
151,11,0.1,random,1,-0.007548153400421143
151,11,0.1,random,2,-0.009960412979125977
151,11,0.1,random,3,0.04883718490600586
151,11,0.1,random,4,0.019120097160339355
151,11,0.1,random,5,-0.0014219284057617188
151,11,0.1,random,6,0.003276348114013672
151,11,0.1,random,7,-0.025334656238555908
151,11,0.1,random,8,0.0011090636253356934
151,11,0.1,random,9,0.015536904335021973
151,11,0.1,random,10,0.0034524202346801758
151,11,0.1,random,11,0.0589560866355896
151,11,0.1,random,12,0.04302281141281128
151,11,0.1,random,13,-0.040081918239593506
151,11,0.1,random,14,-0.011365294456481934
151,11,0.1,random,15,0.027939021587371826
151,11,0.1,random,16,-0.005902290344238281
151,11,0.1,random,17,-0.03357875347137451
151,11,0.1,random,18,0.010136961936950684
151,11,0.1,random,19,-0.03351473808288574
151,11,0.2,gnnexplainer,-1,0.245793879032135
151,11,0.2,random,0,0.023908555507659912
151,11,0.2,random,1,0.05622434616088867
151,11,0.2,random,2,0.05608534812927246
151,11,0.2,random,3,-0.034391045570373535
151,11,0.2,random,4,0.04675626754760742
151,11,0.2,random,5,0.0027675628662109375
151,11,0.2,random,6,-0.10386919975280762
151,11,0.2,random,7,-0.061323344707489014
151,11,0.2,random,8,0.027914583683013916
151,11,0.2,random,9,-0.03977334499359131
151,11,0.2,random,10,0.026291608810424805
151,11,0.2,random,11,0.0010018348693847656
151,11,0.2,random,12,0.07621484994888306
151,11,0.2,random,13,-0.03714096546173096
151,11,0.2,random,14,-0.0549587607383728
151,11,0.2,random,15,0.04780220985412598
151,11,0.2,random,16,0.04378408193588257
151,11,0.2,random,17,0.0652276873588562
151,11,0.2,random,18,0.06940186023712158
151,11,0.2,random,19,-0.0018375515937805176
151,23,0.05,gnnexplainer,-1,0.12046265602111816
151,23,0.05,random,0,-0.021084845066070557
151,23,0.05,random,1,0.0746508240699768
151,23,0.05,random,2,0.03886514902114868
151,23,0.05,random,3,-0.007715880870819092
151,23,0.05,random,4,-0.011791884899139404
151,23,0.05,random,5,0.11904144287109375
151,23,0.05,random,6,-0.0048220157623291016
151,23,0.05,random,7,0.008017778396606445
151,23,0.05,random,8,-0.05615580081939697
151,23,0.05,random,9,-0.01643228530883789
151,23,0.05,random,10,0.012341797351837158
151,23,0.05,random,11,-0.005632877349853516
151,23,0.05,random,12,-0.028194069862365723
151,23,0.05,random,13,-0.01127934455871582
151,23,0.05,random,14,-0.05672568082809448
151,23,0.05,random,15,0.0177803635597229
151,23,0.05,random,16,0.01540231704711914
151,23,0.05,random,17,-0.028680741786956787
151,23,0.05,random,18,0.04475045204162598
151,23,0.05,random,19,0.04297357797622681
151,23,0.1,gnnexplainer,-1,0.19546502828598022
151,23,0.1,random,0,-0.058370113372802734
151,23,0.1,random,1,0.013735651969909668
151,23,0.1,random,2,-0.012318849563598633
151,23,0.1,random,3,-0.028926730155944824
151,23,0.1,random,4,-0.0030126571655273438
151,23,0.1,random,5,0.0216217041015625
151,23,0.1,random,6,0.05510050058364868
151,23,0.1,random,7,0.033344388008117676
151,23,0.1,random,8,0.05633723735809326
151,23,0.1,random,9,-0.021524786949157715
151,23,0.1,random,10,0.04381859302520752
151,23,0.1,random,11,-0.025063812732696533
151,23,0.1,random,12,-0.01651310920715332
151,23,0.1,random,13,0.02286165952682495
151,23,0.1,random,14,0.0077059268951416016
151,23,0.1,random,15,-0.0038129091262817383
151,23,0.1,random,16,-0.11945241689682007
151,23,0.1,random,17,0.013216972351074219
151,23,0.1,random,18,0.06607323884963989
151,23,0.1,random,19,-0.0031870007514953613
151,23,0.2,gnnexplainer,-1,0.23031744360923767
151,23,0.2,random,0,-0.00029915571212768555
151,23,0.2,random,1,0.05326962471008301
151,23,0.2,random,2,0.039182305335998535
151,23,0.2,random,3,0.03276801109313965
151,23,0.2,random,4,0.01865530014038086
151,23,0.2,random,5,0.08355343341827393
151,23,0.2,random,6,0.043909549713134766
151,23,0.2,random,7,0.05970203876495361
151,23,0.2,random,8,0.0634148120880127
151,23,0.2,random,9,0.015161871910095215
151,23,0.2,random,10,-0.01854252815246582
151,23,0.2,random,11,0.05791294574737549
151,23,0.2,random,12,-0.03748500347137451
151,23,0.2,random,13,-0.042319536209106445
151,23,0.2,random,14,0.005841374397277832
151,23,0.2,random,15,0.06685531139373779
151,23,0.2,random,16,0.04522961378097534
151,23,0.2,random,17,-0.02353501319885254
151,23,0.2,random,18,0.0434722900390625
151,23,0.2,random,19,0.04104804992675781
151,37,0.05,gnnexplainer,-1,0.12009334564208984
151,37,0.05,random,0,0.02136838436126709
151,37,0.05,random,1,0.011246442794799805
151,37,0.05,random,2,0.011242687702178955
151,37,0.05,random,3,-0.009860515594482422
151,37,0.05,random,4,-0.018410563468933105
151,37,0.05,random,5,0.018974781036376953
151,37,0.05,random,6,0.038372814655303955
151,37,0.05,random,7,0.03955686092376709
151,37,0.05,random,8,-0.017451763153076172
151,37,0.05,random,9,0.04909235239028931
151,37,0.05,random,10,0.01648390293121338
151,37,0.05,random,11,-0.007856547832489014
151,37,0.05,random,12,0.01689589023590088
151,37,0.05,random,13,-0.007078051567077637
151,37,0.05,random,14,-0.005635678768157959
151,37,0.05,random,15,0.07990121841430664
151,37,0.05,random,16,-0.0017305612564086914
151,37,0.05,random,17,0.012496590614318848
151,37,0.05,random,18,0.012336373329162598
151,37,0.05,random,19,-0.032718122005462646
151,37,0.1,gnnexplainer,-1,0.19216161966323853
151,37,0.1,random,0,0.08368301391601562
151,37,0.1,random,1,-0.0022002458572387695
151,37,0.1,random,2,0.016023635864257812
151,37,0.1,random,3,0.010062217712402344
151,37,0.1,random,4,0.024021923542022705
151,37,0.1,random,5,-0.014232516288757324
151,37,0.1,random,6,0.004923105239868164
151,37,0.1,random,7,0.002297043800354004
151,37,0.1,random,8,0.04101210832595825
151,37,0.1,random,9,-0.0398179292678833
151,37,0.1,random,10,-0.03589761257171631
151,37,0.1,random,11,0.0799332857131958
151,37,0.1,random,12,0.009548723697662354
151,37,0.1,random,13,-0.017008662223815918
151,37,0.1,random,14,-0.044931769371032715
151,37,0.1,random,15,-0.023331820964813232
151,37,0.1,random,16,0.005442619323730469
151,37,0.1,random,17,0.027039170265197754
151,37,0.1,random,18,0.08483695983886719
151,37,0.1,random,19,0.03909999132156372
151,37,0.2,gnnexplainer,-1,0.33171582221984863
151,37,0.2,random,0,0.054076969623565674
151,37,0.2,random,1,-0.0021952390670776367
151,37,0.2,random,2,-0.03714531660079956
151,37,0.2,random,3,0.06398594379425049
151,37,0.2,random,4,-0.08634436130523682
151,37,0.2,random,5,0.11068570613861084
151,37,0.2,random,6,0.04710400104522705
151,37,0.2,random,7,0.11041843891143799
151,37,0.2,random,8,0.021498143672943115
151,37,0.2,random,9,0.08259713649749756
151,37,0.2,random,10,0.0016501545906066895
151,37,0.2,random,11,0.024431049823760986
151,37,0.2,random,12,-0.011038422584533691
151,37,0.2,random,13,0.037400245666503906
151,37,0.2,random,14,0.08891189098358154
151,37,0.2,random,15,0.12711834907531738
151,37,0.2,random,16,0.08910846710205078
151,37,0.2,random,17,0.10668134689331055
151,37,0.2,random,18,0.040332794189453125
151,37,0.2,random,19,0.07140934467315674
156,11,0.05,gnnexplainer,-1,0.07604962587356567
156,11,0.05,random,0,0.002018272876739502
156,11,0.05,random,1,-0.017036139965057373
156,11,0.05,random,2,-0.0021219253540039062
156,11,0.05,random,3,0.012858688831329346
156,11,0.05,random,4,-0.0013821125030517578
156,11,0.05,random,5,-0.035094618797302246
156,11,0.05,random,6,0.025954842567443848
156,11,0.05,random,7,0.054893314838409424
156,11,0.05,random,8,0.003774404525756836
156,11,0.05,random,9,0.025268077850341797
156,11,0.05,random,10,0.0037186741828918457
156,11,0.05,random,11,0.031662940979003906
156,11,0.05,random,12,-0.019305944442749023
156,11,0.05,random,13,0.008566021919250488
156,11,0.05,random,14,0.024970412254333496
156,11,0.05,random,15,0.0015366673469543457
156,11,0.05,random,16,0.02726280689239502
156,11,0.05,random,17,0.008352279663085938
156,11,0.05,random,18,0.006937801837921143
156,11,0.05,random,19,0.042332470417022705
156,11,0.1,gnnexplainer,-1,0.12978458404541016
156,11,0.1,random,0,0.030044078826904297
156,11,0.1,random,1,0.09599757194519043
156,11,0.1,random,2,0.09128713607788086
156,11,0.1,random,3,-0.03597491979598999
156,11,0.1,random,4,-0.040929317474365234
156,11,0.1,random,5,-0.0025423765182495117
156,11,0.1,random,6,0.0033159255981445312
156,11,0.1,random,7,0.007228374481201172
156,11,0.1,random,8,0.07646042108535767
156,11,0.1,random,9,0.026032686233520508
156,11,0.1,random,10,0.01335000991821289
156,11,0.1,random,11,-0.004235446453094482
156,11,0.1,random,12,0.05070602893829346
156,11,0.1,random,13,0.04127085208892822
156,11,0.1,random,14,-0.003460824489593506
156,11,0.1,random,15,0.03371649980545044
156,11,0.1,random,16,0.03402674198150635
156,11,0.1,random,17,0.025036871433258057
156,11,0.1,random,18,0.018925070762634277
156,11,0.1,random,19,0.02043759822845459
156,11,0.2,gnnexplainer,-1,0.14130789041519165
156,11,0.2,random,0,0.03448843955993652
156,11,0.2,random,1,0.04540669918060303
156,11,0.2,random,2,0.016101837158203125
156,11,0.2,random,3,0.05374079942703247
156,11,0.2,random,4,0.07288676500320435
156,11,0.2,random,5,0.043277084827423096
156,11,0.2,random,6,-0.009400367736816406
156,11,0.2,random,7,-0.005078434944152832
156,11,0.2,random,8,0.0038754940032958984
156,11,0.2,random,9,-0.009624123573303223
156,11,0.2,random,10,0.04743850231170654
156,11,0.2,random,11,-0.03278416395187378
156,11,0.2,random,12,0.06567960977554321
156,11,0.2,random,13,0.02835845947265625
156,11,0.2,random,14,-0.00185316801071167
156,11,0.2,random,15,0.006131649017333984
156,11,0.2,random,16,0.09620887041091919
156,11,0.2,random,17,0.029325485229492188
156,11,0.2,random,18,0.060387611389160156
156,11,0.2,random,19,-0.0093458890914917
156,23,0.05,gnnexplainer,-1,0.0857466459274292
156,23,0.05,random,0,-0.024878978729248047
156,23,0.05,random,1,-0.0074988603591918945
156,23,0.05,random,2,-0.012094438076019287
156,23,0.05,random,3,0.004867196083068848
156,23,0.05,random,4,0.05438077449798584
156,23,0.05,random,5,0.0006344318389892578
156,23,0.05,random,6,0.0045964717864990234
156,23,0.05,random,7,0.03837519884109497
156,23,0.05,random,8,0.04761147499084473
156,23,0.05,random,9,0.007830262184143066
156,23,0.05,random,10,0.07918864488601685
156,23,0.05,random,11,0.019514143466949463
156,23,0.05,random,12,0.004151821136474609
156,23,0.05,random,13,-0.011898994445800781
156,23,0.05,random,14,0.06045830249786377
156,23,0.05,random,15,0.04024910926818848
156,23,0.05,random,16,0.05094754695892334
156,23,0.05,random,17,0.045389652252197266
156,23,0.05,random,18,-0.020362257957458496
156,23,0.05,random,19,-0.005316615104675293
156,23,0.1,gnnexplainer,-1,0.11863148212432861
156,23,0.1,random,0,0.0019429922103881836
156,23,0.1,random,1,0.023865044116973877
156,23,0.1,random,2,0.0457988977432251
156,23,0.1,random,3,0.071586012840271
156,23,0.1,random,4,-0.005177199840545654
156,23,0.1,random,5,-0.010393798351287842
156,23,0.1,random,6,0.022470295429229736
156,23,0.1,random,7,0.004395782947540283
156,23,0.1,random,8,0.03980886936187744
156,23,0.1,random,9,0.013759255409240723
156,23,0.1,random,10,-0.02473372220993042
156,23,0.1,random,11,0.10037243366241455
156,23,0.1,random,12,0.016515612602233887
156,23,0.1,random,13,0.05361872911453247
156,23,0.1,random,14,-0.027521729469299316
156,23,0.1,random,15,-0.027959704399108887
156,23,0.1,random,16,0.003487229347229004
156,23,0.1,random,17,0.07043242454528809
156,23,0.1,random,18,-0.0710405707359314
156,23,0.1,random,19,0.009437203407287598
156,23,0.2,gnnexplainer,-1,0.18637555837631226
156,23,0.2,random,0,0.032103657722473145
156,23,0.2,random,1,-0.010783195495605469
156,23,0.2,random,2,0.024469971656799316
156,23,0.2,random,3,0.039924442768096924
156,23,0.2,random,4,0.08877420425415039
156,23,0.2,random,5,0.0788118839263916
156,23,0.2,random,6,0.09456712007522583
156,23,0.2,random,7,0.02341639995574951
156,23,0.2,random,8,0.03662300109863281
156,23,0.2,random,9,0.02471935749053955
156,23,0.2,random,10,-0.053685665130615234
156,23,0.2,random,11,0.00116729736328125
156,23,0.2,random,12,0.08439481258392334
156,23,0.2,random,13,0.0030126571655273438
156,23,0.2,random,14,0.015046417713165283
156,23,0.2,random,15,0.015058398246765137
156,23,0.2,random,16,0.006251335144042969
156,23,0.2,random,17,0.0014195442199707031
156,23,0.2,random,18,0.0718427300453186
156,23,0.2,random,19,-0.043231964111328125
156,37,0.05,gnnexplainer,-1,0.10032016038894653
156,37,0.05,random,0,0.004393100738525391
156,37,0.05,random,1,-0.0007036924362182617
156,37,0.05,random,2,-0.04324173927307129
156,37,0.05,random,3,0.04170262813568115
156,37,0.05,random,4,-0.015468060970306396
156,37,0.05,random,5,0.021908879280090332
156,37,0.05,random,6,-0.00015795230865478516
156,37,0.05,random,7,0.006102144718170166
156,37,0.05,random,8,-0.003763556480407715
156,37,0.05,random,9,0.02806568145751953
156,37,0.05,random,10,-0.009358763694763184
156,37,0.05,random,11,0.05066925287246704
156,37,0.05,random,12,-0.011346220970153809
156,37,0.05,random,13,-0.029457807540893555
156,37,0.05,random,14,0.03978562355041504
156,37,0.05,random,15,0.0215303897857666
156,37,0.05,random,16,0.007806897163391113
156,37,0.05,random,17,0.01844656467437744
156,37,0.05,random,18,-0.021221518516540527
156,37,0.05,random,19,0.01111060380935669
156,37,0.1,gnnexplainer,-1,0.14714676141738892
156,37,0.1,random,0,0.04414677619934082
156,37,0.1,random,1,0.022964954376220703
156,37,0.1,random,2,0.004717826843261719
156,37,0.1,random,3,0.005868434906005859
156,37,0.1,random,4,0.1019439697265625
156,37,0.1,random,5,-0.030349373817443848
156,37,0.1,random,6,0.024218201637268066
156,37,0.1,random,7,-0.013864517211914062
156,37,0.1,random,8,0.06467986106872559
156,37,0.1,random,9,0.01105433702468872
156,37,0.1,random,10,0.017276406288146973
156,37,0.1,random,11,0.005631983280181885
156,37,0.1,random,12,0.03814011812210083
156,37,0.1,random,13,0.031957149505615234
156,37,0.1,random,14,0.009799957275390625
156,37,0.1,random,15,-0.03925883769989014
156,37,0.1,random,16,0.0986209511756897
156,37,0.1,random,17,-0.01283806562423706
156,37,0.1,random,18,0.006463110446929932
156,37,0.1,random,19,-0.005550742149353027
156,37,0.2,gnnexplainer,-1,0.11240130662918091
156,37,0.2,random,0,0.11258488893508911
156,37,0.2,random,1,0.021179020404815674
156,37,0.2,random,2,0.01426839828491211
156,37,0.2,random,3,-0.02390873432159424
156,37,0.2,random,4,-0.004879176616668701
156,37,0.2,random,5,0.007953047752380371
156,37,0.2,random,6,0.02789241075515747
156,37,0.2,random,7,0.03427249193191528
156,37,0.2,random,8,-0.00968402624130249
156,37,0.2,random,9,0.06987583637237549
156,37,0.2,random,10,0.08191835880279541
156,37,0.2,random,11,-0.04519248008728027
156,37,0.2,random,12,-0.025395512580871582
156,37,0.2,random,13,0.05784738063812256
156,37,0.2,random,14,0.0030835866928100586
156,37,0.2,random,15,0.03228980302810669
156,37,0.2,random,16,-0.021884441375732422
156,37,0.2,random,17,0.023589730262756348
156,37,0.2,random,18,0.07845032215118408
156,37,0.2,random,19,0.10389041900634766
162,11,0.05,gnnexplainer,-1,0.006687164306640625
162,11,0.05,random,0,0.0009164810180664062
162,11,0.05,random,1,0.0020925402641296387
162,11,0.05,random,2,0.0023819804191589355
162,11,0.05,random,3,0.0021371841430664062
162,11,0.05,random,4,0.0035690665245056152
162,11,0.05,random,5,0.00011140108108520508
162,11,0.05,random,6,-0.00021094083786010742
162,11,0.05,random,7,0.0009164810180664062
162,11,0.05,random,8,0.0012034773826599121
162,11,0.05,random,9,0.0027175545692443848
162,11,0.05,random,10,0.0024037957191467285
162,11,0.05,random,11,0.005166351795196533
162,11,0.05,random,12,0.00301438570022583
162,11,0.05,random,13,0.001773834228515625
162,11,0.05,random,14,0.0020206570625305176
162,11,0.05,random,15,0.0009896159172058105
162,11,0.05,random,16,0.004698812961578369
162,11,0.05,random,17,0.002758800983428955
162,11,0.05,random,18,0.0007371902465820312
162,11,0.05,random,19,0.0014362931251525879
162,11,0.1,gnnexplainer,-1,0.022260963916778564
162,11,0.1,random,0,0.0019442439079284668
162,11,0.1,random,1,0.005794227123260498
162,11,0.1,random,2,0.001043558120727539
162,11,0.1,random,3,0.004910767078399658
162,11,0.1,random,4,0.006479203701019287
162,11,0.1,random,5,0.002644062042236328
162,11,0.1,random,6,0.004304826259613037
162,11,0.1,random,7,0.004941403865814209
162,11,0.1,random,8,0.0025629401206970215
162,11,0.1,random,9,0.0033167004585266113
162,11,0.1,random,10,0.005003750324249268
162,11,0.1,random,11,0.005657196044921875
162,11,0.1,random,12,0.0037696361541748047
162,11,0.1,random,13,0.003179490566253662
162,11,0.1,random,14,0.0032325387001037598
162,11,0.1,random,15,0.003597438335418701
162,11,0.1,random,16,0.00575631856918335
162,11,0.1,random,17,0.0056038498878479
162,11,0.1,random,18,0.006111323833465576
162,11,0.1,random,19,0.0020473599433898926
162,11,0.2,gnnexplainer,-1,0.08042818307876587
162,11,0.2,random,0,0.007813036441802979
162,11,0.2,random,1,0.013288795948028564
162,11,0.2,random,2,0.0057253241539001465
162,11,0.2,random,3,0.007151603698730469
162,11,0.2,random,4,0.007507801055908203
162,11,0.2,random,5,0.011761009693145752
162,11,0.2,random,6,0.0077956318855285645
162,11,0.2,random,7,0.02075672149658203
162,11,0.2,random,8,0.014129698276519775
162,11,0.2,random,9,0.005080699920654297
162,11,0.2,random,10,0.01863771677017212
162,11,0.2,random,11,0.010602176189422607
162,11,0.2,random,12,0.012745082378387451
162,11,0.2,random,13,0.0062996745109558105
162,11,0.2,random,14,0.01346510648727417
162,11,0.2,random,15,0.016895592212677002
162,11,0.2,random,16,0.009022891521453857
162,11,0.2,random,17,0.011476576328277588
162,11,0.2,random,18,0.0064318180084228516
162,11,0.2,random,19,0.007320582866668701
162,23,0.05,gnnexplainer,-1,0.007541358470916748
162,23,0.05,random,0,0.004324138164520264
162,23,0.05,random,1,0.002742946147918701
162,23,0.05,random,2,0.0022947192192077637
162,23,0.05,random,3,0.001464545726776123
162,23,0.05,random,4,0.0021994709968566895
162,23,0.05,random,5,0.002417325973510742
162,23,0.05,random,6,0.0016959309577941895
162,23,0.05,random,7,0.0014134049415588379
162,23,0.05,random,8,0.0018572807312011719
162,23,0.05,random,9,0.0015519261360168457
162,23,0.05,random,10,0.0024190545082092285
162,23,0.05,random,11,0.0030178427696228027
162,23,0.05,random,12,0.0020995140075683594
162,23,0.05,random,13,0.0038766860961914062
162,23,0.05,random,14,0.0013580322265625
162,23,0.05,random,15,0.000769197940826416
162,23,0.05,random,16,0.002992868423461914
162,23,0.05,random,17,0.002202332019805908
162,23,0.05,random,18,0.003238499164581299
162,23,0.05,random,19,0.0014889836311340332
162,23,0.1,gnnexplainer,-1,0.021458327770233154
162,23,0.1,random,0,0.0021345019340515137
162,23,0.1,random,1,0.006350338459014893
162,23,0.1,random,2,0.0043108463287353516
162,23,0.1,random,3,0.003277719020843506
162,23,0.1,random,4,0.00913858413696289
162,23,0.1,random,5,0.0033335089683532715
162,23,0.1,random,6,0.0063242316246032715
162,23,0.1,random,7,0.009557962417602539
162,23,0.1,random,8,0.007770359516143799
162,23,0.1,random,9,-0.0005810856819152832
162,23,0.1,random,10,0.0014841556549072266
162,23,0.1,random,11,0.004631936550140381
162,23,0.1,random,12,0.008503735065460205
162,23,0.1,random,13,0.00397568941116333
162,23,0.1,random,14,0.0036859512329101562
162,23,0.1,random,15,0.003575146198272705
162,23,0.1,random,16,0.0025780200958251953
162,23,0.1,random,17,0.0031120777130126953
162,23,0.1,random,18,0.0033869147300720215
162,23,0.1,random,19,0.0022371411323547363
162,23,0.2,gnnexplainer,-1,0.08011370897293091
162,23,0.2,random,0,0.018084347248077393
162,23,0.2,random,1,0.004192531108856201
162,23,0.2,random,2,0.011069715023040771
162,23,0.2,random,3,0.005175411701202393
162,23,0.2,random,4,0.016404390335083008
162,23,0.2,random,5,0.010481595993041992
162,23,0.2,random,6,0.008768856525421143
162,23,0.2,random,7,0.005944550037384033
162,23,0.2,random,8,0.00923919677734375
162,23,0.2,random,9,0.0013089776039123535
162,23,0.2,random,10,0.011126279830932617
162,23,0.2,random,11,0.015702545642852783
162,23,0.2,random,12,0.01511472463607788
162,23,0.2,random,13,0.005926609039306641
162,23,0.2,random,14,0.009317457675933838
162,23,0.2,random,15,0.0034953951835632324
162,23,0.2,random,16,0.0083274245262146
162,23,0.2,random,17,0.008246898651123047
162,23,0.2,random,18,0.01176983118057251
162,23,0.2,random,19,0.007357597351074219
162,37,0.05,gnnexplainer,-1,0.007909715175628662
162,37,0.05,random,0,0.0022397637367248535
162,37,0.05,random,1,0.00102919340133667
162,37,0.05,random,2,0.0022156834602355957
162,37,0.05,random,3,0.0012937188148498535
162,37,0.05,random,4,0.0018069744110107422
162,37,0.05,random,5,0.00037354230880737305
162,37,0.05,random,6,0.0008785128593444824
162,37,0.05,random,7,0.001497507095336914
162,37,0.05,random,8,0.002827167510986328
162,37,0.05,random,9,0.0016575455665588379
162,37,0.05,random,10,0.0031993985176086426
162,37,0.05,random,11,0.0015395283699035645
162,37,0.05,random,12,0.001621246337890625
162,37,0.05,random,13,0.005686938762664795
162,37,0.05,random,14,-5.27501106262207e-05
162,37,0.05,random,15,0.0024039149284362793
162,37,0.05,random,16,0.0025770068168640137
162,37,0.05,random,17,0.001994788646697998
162,37,0.05,random,18,0.002849102020263672
162,37,0.05,random,19,0.004478514194488525
162,37,0.1,gnnexplainer,-1,0.02022266387939453
162,37,0.1,random,0,0.0026175379753112793
162,37,0.1,random,1,0.005363941192626953
162,37,0.1,random,2,0.004094600677490234
162,37,0.1,random,3,0.003238856792449951
162,37,0.1,random,4,0.003544628620147705
162,37,0.1,random,5,0.009593486785888672
162,37,0.1,random,6,0.00424957275390625
162,37,0.1,random,7,0.0023781657218933105
162,37,0.1,random,8,0.0025832056999206543
162,37,0.1,random,9,0.005164623260498047
162,37,0.1,random,10,0.0006918907165527344
162,37,0.1,random,11,0.003272712230682373
162,37,0.1,random,12,0.001819908618927002
162,37,0.1,random,13,0.002215147018432617
162,37,0.1,random,14,0.003853321075439453
162,37,0.1,random,15,-5.8650970458984375e-05
162,37,0.1,random,16,0.003721773624420166
162,37,0.1,random,17,0.00445866584777832
162,37,0.1,random,18,0.0036182403564453125
162,37,0.1,random,19,0.010229766368865967
162,37,0.2,gnnexplainer,-1,0.08011370897293091
162,37,0.2,random,0,0.011085569858551025
162,37,0.2,random,1,0.0063437819480896
162,37,0.2,random,2,0.012546062469482422
162,37,0.2,random,3,0.00967484712600708
162,37,0.2,random,4,0.0191001296043396
162,37,0.2,random,5,0.013419091701507568
162,37,0.2,random,6,0.01135319471359253
162,37,0.2,random,7,0.016916990280151367
162,37,0.2,random,8,0.004774749279022217
162,37,0.2,random,9,0.007497549057006836
162,37,0.2,random,10,0.015765249729156494
162,37,0.2,random,11,0.009399116039276123
162,37,0.2,random,12,0.016256868839263916
162,37,0.2,random,13,0.011709153652191162
162,37,0.2,random,14,0.009275436401367188
162,37,0.2,random,15,0.005955219268798828
162,37,0.2,random,16,0.013239860534667969
162,37,0.2,random,17,0.005354583263397217
162,37,0.2,random,18,0.014905273914337158
162,37,0.2,random,19,0.006342947483062744
178,11,0.05,gnnexplainer,-1,0.0031493306159973145
178,11,0.05,random,0,0.001836538314819336
178,11,0.05,random,1,0.0018227696418762207
178,11,0.05,random,2,0.0015407800674438477
178,11,0.05,random,3,0.0014706850051879883
178,11,0.05,random,4,0.0016408562660217285
178,11,0.05,random,5,0.001237034797668457
178,11,0.05,random,6,0.00116044282913208
178,11,0.05,random,7,0.0010832548141479492
178,11,0.05,random,8,0.0010453462600708008
178,11,0.05,random,9,0.001134037971496582
178,11,0.05,random,10,0.0012867450714111328
178,11,0.05,random,11,0.001265883445739746
178,11,0.05,random,12,0.001030266284942627
178,11,0.05,random,13,0.002102494239807129
178,11,0.05,random,14,0.0010467171669006348
178,11,0.05,random,15,0.00145721435546875
178,11,0.05,random,16,0.001110851764678955
178,11,0.05,random,17,0.00045013427734375
178,11,0.05,random,18,0.0010057687759399414
178,11,0.05,random,19,0.001421511173248291
178,11,0.1,gnnexplainer,-1,0.005999386310577393
178,11,0.1,random,0,0.003525376319885254
178,11,0.1,random,1,0.002012789249420166
178,11,0.1,random,2,0.0024772286415100098
178,11,0.1,random,3,0.0031174421310424805
178,11,0.1,random,4,0.003011047840118408
178,11,0.1,random,5,0.0033513307571411133
178,11,0.1,random,6,0.003348112106323242
178,11,0.1,random,7,0.0021578073501586914
178,11,0.1,random,8,0.0029864907264709473
178,11,0.1,random,9,0.0039255619049072266
178,11,0.1,random,10,0.0025899410247802734
178,11,0.1,random,11,0.001837313175201416
178,11,0.1,random,12,0.001420736312866211
178,11,0.1,random,13,0.003689885139465332
178,11,0.1,random,14,0.0026137828826904297
178,11,0.1,random,15,0.0018197298049926758
178,11,0.1,random,16,0.0025361180305480957
178,11,0.1,random,17,0.002647697925567627
178,11,0.1,random,18,0.001617729663848877
178,11,0.1,random,19,0.0033901333808898926
178,11,0.2,gnnexplainer,-1,0.013193607330322266
178,11,0.2,random,0,0.007638275623321533
178,11,0.2,random,1,0.007314503192901611
178,11,0.2,random,2,0.009357690811157227
178,11,0.2,random,3,0.007202446460723877
178,11,0.2,random,4,0.006295979022979736
178,11,0.2,random,5,0.005589962005615234
178,11,0.2,random,6,0.006417572498321533
178,11,0.2,random,7,0.006986021995544434
178,11,0.2,random,8,0.00604778528213501
178,11,0.2,random,9,0.0057561397552490234
178,11,0.2,random,10,0.004848003387451172
178,11,0.2,random,11,0.005654871463775635
178,11,0.2,random,12,0.004905104637145996
178,11,0.2,random,13,0.006164610385894775
178,11,0.2,random,14,0.009186863899230957
178,11,0.2,random,15,0.006018996238708496
178,11,0.2,random,16,0.004137158393859863
178,11,0.2,random,17,0.006878018379211426
178,11,0.2,random,18,0.004711031913757324
178,11,0.2,random,19,0.00721508264541626
178,23,0.05,gnnexplainer,-1,0.0031493306159973145
178,23,0.05,random,0,0.0014350414276123047
178,23,0.05,random,1,0.0010948777198791504
178,23,0.05,random,2,0.0007314682006835938
178,23,0.05,random,3,0.0015814900398254395
178,23,0.05,random,4,0.0009687542915344238
178,23,0.05,random,5,0.001244187355041504
178,23,0.05,random,6,0.0009041428565979004
178,23,0.05,random,7,0.0014491081237792969
178,23,0.05,random,8,0.0014472603797912598
178,23,0.05,random,9,0.0007553696632385254
178,23,0.05,random,10,0.0013387203216552734
178,23,0.05,random,11,0.0015485882759094238
178,23,0.05,random,12,0.0013338327407836914
178,23,0.05,random,13,0.001019597053527832
178,23,0.05,random,14,0.0012229084968566895
178,23,0.05,random,15,0.0014415383338928223
178,23,0.05,random,16,0.002205371856689453
178,23,0.05,random,17,0.00136643648147583
178,23,0.05,random,18,0.0011048316955566406
178,23,0.05,random,19,0.001300215721130371
178,23,0.1,gnnexplainer,-1,0.006935834884643555
178,23,0.1,random,0,0.002209007740020752
178,23,0.1,random,1,0.0038814544677734375
178,23,0.1,random,2,0.0024785995483398438
178,23,0.1,random,3,0.0013681650161743164
178,23,0.1,random,4,0.0017604827880859375
178,23,0.1,random,5,0.003154158592224121
178,23,0.1,random,6,0.003343641757965088
178,23,0.1,random,7,0.002683699131011963
178,23,0.1,random,8,0.0021572113037109375
178,23,0.1,random,9,0.003243744373321533
178,23,0.1,random,10,0.0032062530517578125
178,23,0.1,random,11,0.0028718113899230957
178,23,0.1,random,12,0.00367891788482666
178,23,0.1,random,13,0.0025454163551330566
178,23,0.1,random,14,0.0022235512733459473
178,23,0.1,random,15,0.0024750828742980957
178,23,0.1,random,16,0.0025670528411865234
178,23,0.1,random,17,0.001911461353302002
178,23,0.1,random,18,0.0016636848449707031
178,23,0.1,random,19,0.002209305763244629
178,23,0.2,gnnexplainer,-1,0.013890743255615234
178,23,0.2,random,0,0.0059043169021606445
178,23,0.2,random,1,0.007129192352294922
178,23,0.2,random,2,0.006196796894073486
178,23,0.2,random,3,0.0031719207763671875
178,23,0.2,random,4,0.0052977800369262695
178,23,0.2,random,5,0.007816195487976074
178,23,0.2,random,6,0.006326436996459961
178,23,0.2,random,7,0.004381656646728516
178,23,0.2,random,8,0.0073277950286865234
178,23,0.2,random,9,0.00866854190826416
178,23,0.2,random,10,0.005082964897155762
178,23,0.2,random,11,0.009058475494384766
178,23,0.2,random,12,0.005875706672668457
178,23,0.2,random,13,0.007509827613830566
178,23,0.2,random,14,0.007177829742431641
178,23,0.2,random,15,0.007529556751251221
178,23,0.2,random,16,0.008572399616241455
178,23,0.2,random,17,0.008018970489501953
178,23,0.2,random,18,0.004330992698669434
178,23,0.2,random,19,0.004624485969543457
178,37,0.05,gnnexplainer,-1,0.0031834840774536133
178,37,0.05,random,0,0.0012703537940979004
178,37,0.05,random,1,0.0018554925918579102
178,37,0.05,random,2,0.0008926987648010254
178,37,0.05,random,3,0.0011143684387207031
178,37,0.05,random,4,0.0009275674819946289
178,37,0.05,random,5,0.0011092424392700195
178,37,0.05,random,6,0.0013643503189086914
178,37,0.05,random,7,0.0010676383972167969
178,37,0.05,random,8,0.0004990696907043457
178,37,0.05,random,9,0.0014143586158752441
178,37,0.05,random,10,0.001591801643371582
178,37,0.05,random,11,0.0012038946151733398
178,37,0.05,random,12,0.0015807151794433594
178,37,0.05,random,13,0.0014069080352783203
178,37,0.05,random,14,0.0011112689971923828
178,37,0.05,random,15,0.0014756321907043457
178,37,0.05,random,16,0.001004338264465332
178,37,0.05,random,17,0.0012578964233398438
178,37,0.05,random,18,0.0016102790832519531
178,37,0.05,random,19,0.0012872815132141113
178,37,0.1,gnnexplainer,-1,0.006935834884643555
178,37,0.1,random,0,0.002337813377380371
178,37,0.1,random,1,0.0018650293350219727
178,37,0.1,random,2,0.002087891101837158
178,37,0.1,random,3,0.0037523508071899414
178,37,0.1,random,4,0.003422081470489502
178,37,0.1,random,5,0.0014494657516479492
178,37,0.1,random,6,0.002724945545196533
178,37,0.1,random,7,0.0027298927307128906
178,37,0.1,random,8,0.0029094815254211426
178,37,0.1,random,9,0.002816319465637207
178,37,0.1,random,10,0.003243744373321533
178,37,0.1,random,11,0.002698183059692383
178,37,0.1,random,12,0.002441883087158203
178,37,0.1,random,13,0.0010019540786743164
178,37,0.1,random,14,0.0024314522743225098
178,37,0.1,random,15,0.0027832984924316406
178,37,0.1,random,16,0.0019307732582092285
178,37,0.1,random,17,0.0029216408729553223
178,37,0.1,random,18,0.002581477165222168
178,37,0.1,random,19,0.0018184185028076172
178,37,0.2,gnnexplainer,-1,0.014598488807678223
178,37,0.2,random,0,0.00391232967376709
178,37,0.2,random,1,0.0044136643409729
178,37,0.2,random,2,0.006376385688781738
178,37,0.2,random,3,0.010608971118927002
178,37,0.2,random,4,0.008492350578308105
178,37,0.2,random,5,0.004911243915557861
178,37,0.2,random,6,0.005753874778747559
178,37,0.2,random,7,0.005267620086669922
178,37,0.2,random,8,0.006498157978057861
178,37,0.2,random,9,0.005910217761993408
178,37,0.2,random,10,0.008217573165893555
178,37,0.2,random,11,0.006629586219787598
178,37,0.2,random,12,0.007180511951446533
178,37,0.2,random,13,0.005831241607666016
178,37,0.2,random,14,0.008649468421936035
178,37,0.2,random,15,0.005403578281402588
178,37,0.2,random,16,0.005774736404418945
178,37,0.2,random,17,0.006537199020385742
178,37,0.2,random,18,0.004429817199707031
178,37,0.2,random,19,0.005690157413482666
179,11,0.05,gnnexplainer,-1,0.004369616508483887
179,11,0.05,random,0,0.0014809370040893555
179,11,0.05,random,1,0.0009166598320007324
179,11,0.05,random,2,0.0008157491683959961
179,11,0.05,random,3,0.0012598037719726562
179,11,0.05,random,4,0.0014444589614868164
179,11,0.05,random,5,0.0009984374046325684
179,11,0.05,random,6,0.0005909204483032227
179,11,0.05,random,7,0.0015780925750732422
179,11,0.05,random,8,0.0007242560386657715
179,11,0.05,random,9,0.0009378790855407715
179,11,0.05,random,10,0.000639796257019043
179,11,0.05,random,11,0.0015170574188232422
179,11,0.05,random,12,0.001117706298828125
179,11,0.05,random,13,0.0006886720657348633
179,11,0.05,random,14,0.0019791126251220703
179,11,0.05,random,15,0.0020152926445007324
179,11,0.05,random,16,0.0009158849716186523
179,11,0.05,random,17,0.0011019706726074219
179,11,0.05,random,18,0.0017251968383789062
179,11,0.05,random,19,0.001159369945526123
179,11,0.1,gnnexplainer,-1,0.008852481842041016
179,11,0.1,random,0,0.004830360412597656
179,11,0.1,random,1,0.0025297999382019043
179,11,0.1,random,2,0.003311753273010254
179,11,0.1,random,3,0.00231093168258667
179,11,0.1,random,4,0.004175543785095215
179,11,0.1,random,5,0.0018759965896606445
179,11,0.1,random,6,0.0031342506408691406
179,11,0.1,random,7,0.0033948421478271484
179,11,0.1,random,8,0.0028864145278930664
179,11,0.1,random,9,0.0018780231475830078
179,11,0.1,random,10,0.0019865036010742188
179,11,0.1,random,11,0.002453923225402832
179,11,0.1,random,12,0.004115283489227295
179,11,0.1,random,13,0.0031054019927978516
179,11,0.1,random,14,0.002293109893798828
179,11,0.1,random,15,0.0025730133056640625
179,11,0.1,random,16,0.005134284496307373
179,11,0.1,random,17,0.001498401165008545
179,11,0.1,random,18,0.001728057861328125
179,11,0.1,random,19,0.001273810863494873
179,11,0.2,gnnexplainer,-1,0.01705402135848999
179,11,0.2,random,0,0.008241891860961914
179,11,0.2,random,1,0.005797088146209717
179,11,0.2,random,2,0.00835120677947998
179,11,0.2,random,3,0.010433554649353027
179,11,0.2,random,4,0.008840978145599365
179,11,0.2,random,5,0.00863349437713623
179,11,0.2,random,6,0.00438159704208374
179,11,0.2,random,7,0.005024611949920654
179,11,0.2,random,8,0.00658869743347168
179,11,0.2,random,9,0.01049131155014038
179,11,0.2,random,10,0.0022687315940856934
179,11,0.2,random,11,0.00823897123336792
179,11,0.2,random,12,0.005132853984832764
179,11,0.2,random,13,0.005937337875366211
179,11,0.2,random,14,0.004080712795257568
179,11,0.2,random,15,0.009599626064300537
179,11,0.2,random,16,0.008726239204406738
179,11,0.2,random,17,0.006036996841430664
179,11,0.2,random,18,0.004364669322967529
179,11,0.2,random,19,0.008352458477020264
179,23,0.05,gnnexplainer,-1,0.004755496978759766
179,23,0.05,random,0,0.0012515783309936523
179,23,0.05,random,1,0.000895380973815918
179,23,0.05,random,2,0.0006880760192871094
179,23,0.05,random,3,0.001344144344329834
179,23,0.05,random,4,0.0009539127349853516
179,23,0.05,random,5,0.0017473697662353516
179,23,0.05,random,6,0.0017325282096862793
179,23,0.05,random,7,0.002699553966522217
179,23,0.05,random,8,0.0007247328758239746
179,23,0.05,random,9,0.0006889700889587402
179,23,0.05,random,10,0.0020221471786499023
179,23,0.05,random,11,0.0017785429954528809
179,23,0.05,random,12,0.0008560419082641602
179,23,0.05,random,13,0.0030760765075683594
179,23,0.05,random,14,0.0017348527908325195
179,23,0.05,random,15,0.00042551755905151367
179,23,0.05,random,16,0.0027341246604919434
179,23,0.05,random,17,0.0025260448455810547
179,23,0.05,random,18,0.0013663768768310547
179,23,0.05,random,19,0.0008714199066162109
179,23,0.1,gnnexplainer,-1,0.008885800838470459
179,23,0.1,random,0,0.0026320815086364746
179,23,0.1,random,1,0.0034543275833129883
179,23,0.1,random,2,0.002561211585998535
179,23,0.1,random,3,0.002167344093322754
179,23,0.1,random,4,0.003635108470916748
179,23,0.1,random,5,0.0026387572288513184
179,23,0.1,random,6,0.0025643110275268555
179,23,0.1,random,7,0.003542602062225342
179,23,0.1,random,8,0.0030449628829956055
179,23,0.1,random,9,0.0013767480850219727
179,23,0.1,random,10,0.0023813247680664062
179,23,0.1,random,11,0.0020723342895507812
179,23,0.1,random,12,0.0020771026611328125
179,23,0.1,random,13,0.0010052919387817383
179,23,0.1,random,14,0.0012519359588623047
179,23,0.1,random,15,0.0015790462493896484
179,23,0.1,random,16,0.003641784191131592
179,23,0.1,random,17,0.0030454397201538086
179,23,0.1,random,18,0.004177451133728027
179,23,0.1,random,19,0.0033509135246276855
179,23,0.2,gnnexplainer,-1,0.01970595121383667
179,23,0.2,random,0,0.007538795471191406
179,23,0.2,random,1,0.008177876472473145
179,23,0.2,random,2,0.007472634315490723
179,23,0.2,random,3,0.007049083709716797
179,23,0.2,random,4,0.006514072418212891
179,23,0.2,random,5,0.00568699836730957
179,23,0.2,random,6,0.006711363792419434
179,23,0.2,random,7,0.01013791561126709
179,23,0.2,random,8,0.005081355571746826
179,23,0.2,random,9,0.004880368709564209
179,23,0.2,random,10,0.004452228546142578
179,23,0.2,random,11,0.007450103759765625
179,23,0.2,random,12,0.006173074245452881
179,23,0.2,random,13,0.005093932151794434
179,23,0.2,random,14,0.004760384559631348
179,23,0.2,random,15,0.007508039474487305
179,23,0.2,random,16,0.0044519901275634766
179,23,0.2,random,17,0.003876626491546631
179,23,0.2,random,18,0.008906126022338867
179,23,0.2,random,19,0.004152774810791016
179,37,0.05,gnnexplainer,-1,0.003849029541015625
179,37,0.05,random,0,0.0017227530479431152
179,37,0.05,random,1,0.0023244619369506836
179,37,0.05,random,2,0.0021229982376098633
179,37,0.05,random,3,0.0008499026298522949
179,37,0.05,random,4,0.0006552934646606445
179,37,0.05,random,5,0.001686692237854004
179,37,0.05,random,6,0.001345813274383545
179,37,0.05,random,7,0.00047576427459716797
179,37,0.05,random,8,0.0013668537139892578
179,37,0.05,random,9,0.0013427138328552246
179,37,0.05,random,10,0.0015909075736999512
179,37,0.05,random,11,0.0009952783584594727
179,37,0.05,random,12,0.0007156133651733398
179,37,0.05,random,13,0.0010859370231628418
179,37,0.05,random,14,0.0017257928848266602
179,37,0.05,random,15,0.0018212199211120605
179,37,0.05,random,16,0.0008778572082519531
179,37,0.05,random,17,0.0010158419609069824
179,37,0.05,random,18,0.0014641284942626953
179,37,0.05,random,19,0.0015147924423217773
179,37,0.1,gnnexplainer,-1,0.009046196937561035
179,37,0.1,random,0,0.0024992823600769043
179,37,0.1,random,1,0.0017600059509277344
179,37,0.1,random,2,0.002856731414794922
179,37,0.1,random,3,0.004383087158203125
179,37,0.1,random,4,0.0023193359375
179,37,0.1,random,5,0.002498030662536621
179,37,0.1,random,6,0.0014848709106445312
179,37,0.1,random,7,0.003289163112640381
179,37,0.1,random,8,0.0022019147872924805
179,37,0.1,random,9,0.003142118453979492
179,37,0.1,random,10,0.002666652202606201
179,37,0.1,random,11,0.0027440786361694336
179,37,0.1,random,12,0.0030721426010131836
179,37,0.1,random,13,0.002681136131286621
179,37,0.1,random,14,0.0026636123657226562
179,37,0.1,random,15,0.002588629722595215
179,37,0.1,random,16,0.0016507506370544434
179,37,0.1,random,17,0.00010395050048828125
179,37,0.1,random,18,0.0035452842712402344
179,37,0.1,random,19,0.004956841468811035
179,37,0.2,gnnexplainer,-1,0.016661643981933594
179,37,0.2,random,0,0.005783677101135254
179,37,0.2,random,1,0.004784703254699707
179,37,0.2,random,2,0.005521953105926514
179,37,0.2,random,3,0.007674813270568848
179,37,0.2,random,4,0.006234526634216309
179,37,0.2,random,5,0.005681216716766357
179,37,0.2,random,6,0.005257070064544678
179,37,0.2,random,7,0.008056044578552246
179,37,0.2,random,8,0.006339550018310547
179,37,0.2,random,9,0.006373107433319092
179,37,0.2,random,10,0.006769418716430664
179,37,0.2,random,11,0.009481370449066162
179,37,0.2,random,12,0.009531855583190918
179,37,0.2,random,13,0.0051964521408081055
179,37,0.2,random,14,0.009890973567962646
179,37,0.2,random,15,0.0043888092041015625
179,37,0.2,random,16,0.008859038352966309
179,37,0.2,random,17,0.008701980113983154
179,37,0.2,random,18,0.009368062019348145
179,37,0.2,random,19,0.004965782165527344
22,11,0.05,gnnexplainer,-1,0.11919932067394257
22,11,0.05,random,0,0.040487051010131836
22,11,0.05,random,1,0.023654073476791382
22,11,0.05,random,2,-0.00837564468383789
22,11,0.05,random,3,0.034821152687072754
22,11,0.05,random,4,0.029258012771606445
22,11,0.05,random,5,0.00899931788444519
22,11,0.05,random,6,0.05474807322025299
22,11,0.05,random,7,-0.02094036340713501
22,11,0.05,random,8,-0.013068556785583496
22,11,0.05,random,9,0.002847045660018921
22,11,0.05,random,10,-0.021822288632392883
22,11,0.05,random,11,-0.03996346890926361
22,11,0.05,random,12,0.031660065054893494
22,11,0.05,random,13,-0.0055314600467681885
22,11,0.05,random,14,-0.00018829107284545898
22,11,0.05,random,15,0.015272378921508789
22,11,0.05,random,16,0.06990410387516022
22,11,0.05,random,17,0.022422119975090027
22,11,0.05,random,18,0.029792040586471558
22,11,0.05,random,19,-0.0012370944023132324
22,11,0.1,gnnexplainer,-1,0.20164747536182404
22,11,0.1,random,0,0.08204604685306549
22,11,0.1,random,1,0.0018900483846664429
22,11,0.1,random,2,-0.008143097162246704
22,11,0.1,random,3,0.07930673658847809
22,11,0.1,random,4,-0.0016334354877471924
22,11,0.1,random,5,-0.059144675731658936
22,11,0.1,random,6,0.015045613050460815
22,11,0.1,random,7,0.03120708465576172
22,11,0.1,random,8,-0.009379297494888306
22,11,0.1,random,9,-0.0003555715084075928
22,11,0.1,random,10,0.02261166274547577
22,11,0.1,random,11,0.027336180210113525
22,11,0.1,random,12,0.023358330130577087
22,11,0.1,random,13,0.04699563980102539
22,11,0.1,random,14,0.03194253146648407
22,11,0.1,random,15,0.060748979449272156
22,11,0.1,random,16,0.006118893623352051
22,11,0.1,random,17,0.011456698179244995
22,11,0.1,random,18,-6.99162483215332e-05
22,11,0.1,random,19,0.04910688102245331
22,11,0.2,gnnexplainer,-1,0.339789554476738
22,11,0.2,random,0,-0.011004894971847534
22,11,0.2,random,1,0.11058951914310455
22,11,0.2,random,2,0.11396555602550507
22,11,0.2,random,3,0.08155025541782379
22,11,0.2,random,4,0.0019054412841796875
22,11,0.2,random,5,0.1025124043226242
22,11,0.2,random,6,0.08464257419109344
22,11,0.2,random,7,0.03447568416595459
22,11,0.2,random,8,0.014440104365348816
22,11,0.2,random,9,0.040045008063316345
22,11,0.2,random,10,0.09258298575878143
22,11,0.2,random,11,0.003200024366378784
22,11,0.2,random,12,0.028018653392791748
22,11,0.2,random,13,-0.039351508021354675
22,11,0.2,random,14,0.0431036651134491
22,11,0.2,random,15,0.07961921393871307
22,11,0.2,random,16,0.10415010154247284
22,11,0.2,random,17,-0.0005877763032913208
22,11,0.2,random,18,0.06856127083301544
22,11,0.2,random,19,0.08448250591754913
22,23,0.05,gnnexplainer,-1,0.11919932067394257
22,23,0.05,random,0,0.03129348158836365
22,23,0.05,random,1,0.0452256053686142
22,23,0.05,random,2,0.03948436677455902
22,23,0.05,random,3,0.04883068799972534
22,23,0.05,random,4,0.023608267307281494
22,23,0.05,random,5,0.040019989013671875
22,23,0.05,random,6,0.01018783450126648
22,23,0.05,random,7,0.03150336444377899
22,23,0.05,random,8,0.0444670170545578
22,23,0.05,random,9,0.027095481753349304
22,23,0.05,random,10,0.012800753116607666
22,23,0.05,random,11,0.04355520009994507
22,23,0.05,random,12,0.017585203051567078
22,23,0.05,random,13,-0.022425860166549683
22,23,0.05,random,14,-0.0055453479290008545
22,23,0.05,random,15,0.030857235193252563
22,23,0.05,random,16,0.017911702394485474
22,23,0.05,random,17,-0.0005409270524978638
22,23,0.05,random,18,0.010181650519371033
22,23,0.05,random,19,0.002283930778503418
22,23,0.1,gnnexplainer,-1,0.20164747536182404
22,23,0.1,random,0,-0.015616923570632935
22,23,0.1,random,1,0.018243640661239624
22,23,0.1,random,2,0.03286486864089966
22,23,0.1,random,3,0.016433298587799072
22,23,0.1,random,4,-0.022591114044189453
22,23,0.1,random,5,0.055272504687309265
22,23,0.1,random,6,-0.0057801008224487305
22,23,0.1,random,7,0.010174781084060669
22,23,0.1,random,8,0.049677684903144836
22,23,0.1,random,9,0.04752223193645477
22,23,0.1,random,10,0.10810638964176178
22,23,0.1,random,11,0.009331285953521729
22,23,0.1,random,12,0.061588093638420105
22,23,0.1,random,13,0.02978050708770752
22,23,0.1,random,14,0.012803837656974792
22,23,0.1,random,15,0.1074758917093277
22,23,0.1,random,16,-0.03148558735847473
22,23,0.1,random,17,0.03672301769256592
22,23,0.1,random,18,0.018158644437789917
22,23,0.1,random,19,0.06046395003795624
22,23,0.2,gnnexplainer,-1,0.30666767060756683
22,23,0.2,random,0,0.0923728197813034
22,23,0.2,random,1,0.023037463426589966
22,23,0.2,random,2,-0.021399319171905518
22,23,0.2,random,3,0.018050551414489746
22,23,0.2,random,4,0.08243794739246368
22,23,0.2,random,5,0.06681396067142487
22,23,0.2,random,6,0.02784942090511322
22,23,0.2,random,7,-0.011193349957466125
22,23,0.2,random,8,0.026933252811431885
22,23,0.2,random,9,0.056282803416252136
22,23,0.2,random,10,0.08979655802249908
22,23,0.2,random,11,0.041462451219558716
22,23,0.2,random,12,0.020521730184555054
22,23,0.2,random,13,0.08332343399524689
22,23,0.2,random,14,0.0974990576505661
22,23,0.2,random,15,0.007319331169128418
22,23,0.2,random,16,0.07365329563617706
22,23,0.2,random,17,-0.03985410928726196
22,23,0.2,random,18,0.05601884424686432
22,23,0.2,random,19,0.085720494389534
22,37,0.05,gnnexplainer,-1,0.11919932067394257
22,37,0.05,random,0,0.020671606063842773
22,37,0.05,random,1,-0.00929047167301178
22,37,0.05,random,2,-0.02456262707710266
22,37,0.05,random,3,0.027846932411193848
22,37,0.05,random,4,-0.041044965386390686
22,37,0.05,random,5,-0.007379546761512756
22,37,0.05,random,6,-0.03265245258808136
22,37,0.05,random,7,0.0019426047801971436
22,37,0.05,random,8,-0.014508038759231567
22,37,0.05,random,9,0.06048695743083954
22,37,0.05,random,10,0.017946898937225342
22,37,0.05,random,11,-0.012194514274597168
22,37,0.05,random,12,0.011865824460983276
22,37,0.05,random,13,0.02130548655986786
22,37,0.05,random,14,-0.02056252956390381
22,37,0.05,random,15,0.011362195014953613
22,37,0.05,random,16,0.016909822821617126
22,37,0.05,random,17,0.0020168274641036987
22,37,0.05,random,18,0.027384787797927856
22,37,0.05,random,19,-0.0007603764533996582
22,37,0.1,gnnexplainer,-1,0.2002507895231247
22,37,0.1,random,0,0.017622217535972595
22,37,0.1,random,1,0.03475138545036316
22,37,0.1,random,2,0.0601990669965744
22,37,0.1,random,3,-0.021908432245254517
22,37,0.1,random,4,0.01958148181438446
22,37,0.1,random,5,0.009322881698608398
22,37,0.1,random,6,0.016388222575187683
22,37,0.1,random,7,0.05990605056285858
22,37,0.1,random,8,0.031107068061828613
22,37,0.1,random,9,-0.001280069351196289
22,37,0.1,random,10,-0.023179352283477783
22,37,0.1,random,11,0.056376829743385315
22,37,0.1,random,12,0.012759372591972351
22,37,0.1,random,13,0.023970723152160645
22,37,0.1,random,14,0.054934218525886536
22,37,0.1,random,15,0.013559877872467041
22,37,0.1,random,16,0.027462884783744812
22,37,0.1,random,17,-0.009229540824890137
22,37,0.1,random,18,0.10475505888462067
22,37,0.1,random,19,-0.0025852471590042114
22,37,0.2,gnnexplainer,-1,0.29307205975055695
22,37,0.2,random,0,0.0646190196275711
22,37,0.2,random,1,0.07772071659564972
22,37,0.2,random,2,-0.0009201765060424805
22,37,0.2,random,3,0.049711957573890686
22,37,0.2,random,4,0.0680650919675827
22,37,0.2,random,5,0.09889523684978485
22,37,0.2,random,6,0.019328594207763672
22,37,0.2,random,7,0.005281120538711548
22,37,0.2,random,8,0.01872079074382782
22,37,0.2,random,9,0.029055878520011902
22,37,0.2,random,10,0.0024985671043395996
22,37,0.2,random,11,0.08962483704090118
22,37,0.2,random,12,0.03264835476875305
22,37,0.2,random,13,0.07309003174304962
22,37,0.2,random,14,0.020330995321273804
22,37,0.2,random,15,0.10511620342731476
22,37,0.2,random,16,0.02722156047821045
22,37,0.2,random,17,-0.023919671773910522
22,37,0.2,random,18,0.050637081265449524
22,37,0.2,random,19,0.036415502429008484
33,11,0.05,gnnexplainer,-1,0.08534811437129974
33,11,0.05,random,0,0.009060695767402649
33,11,0.05,random,1,-0.03566822409629822
33,11,0.05,random,2,-0.0462610125541687
33,11,0.05,random,3,-0.0161818265914917
33,11,0.05,random,4,-0.04089398682117462
33,11,0.05,random,5,0.04323422908782959
33,11,0.05,random,6,-0.021079272031784058
33,11,0.05,random,7,0.01870986819267273
33,11,0.05,random,8,0.012893587350845337
33,11,0.05,random,9,-0.03698664903640747
33,11,0.05,random,10,-0.003173515200614929
33,11,0.05,random,11,-0.05199669301509857
33,11,0.05,random,12,0.06612689793109894
33,11,0.05,random,13,-0.043825000524520874
33,11,0.05,random,14,-0.016168922185897827
33,11,0.05,random,15,0.06466110050678253
33,11,0.05,random,16,0.02941747009754181
33,11,0.05,random,17,0.002609565854072571
33,11,0.05,random,18,-0.011385411024093628
33,11,0.05,random,19,-0.022607356309890747
33,11,0.1,gnnexplainer,-1,0.1930473893880844
33,11,0.1,random,0,0.05470776557922363
33,11,0.1,random,1,0.07069914042949677
33,11,0.1,random,2,-0.0482078492641449
33,11,0.1,random,3,-0.01268923282623291
33,11,0.1,random,4,-0.03801847994327545
33,11,0.1,random,5,-0.012453243136405945
33,11,0.1,random,6,0.006662085652351379
33,11,0.1,random,7,0.04168403148651123
33,11,0.1,random,8,0.03274229168891907
33,11,0.1,random,9,0.0069619715213775635
33,11,0.1,random,10,-0.049909889698028564
33,11,0.1,random,11,-0.048739492893218994
33,11,0.1,random,12,0.024124637246131897
33,11,0.1,random,13,0.03942587971687317
33,11,0.1,random,14,0.004583179950714111
33,11,0.1,random,15,0.01589682698249817
33,11,0.1,random,16,0.029954582452774048
33,11,0.1,random,17,0.025541216135025024
33,11,0.1,random,18,0.00816810131072998
33,11,0.1,random,19,0.005357280373573303
33,11,0.2,gnnexplainer,-1,0.34424735605716705
33,11,0.2,random,0,-0.013714760541915894
33,11,0.2,random,1,0.11326642334461212
33,11,0.2,random,2,0.0065614283084869385
33,11,0.2,random,3,-0.07420552521944046
33,11,0.2,random,4,0.043938398361206055
33,11,0.2,random,5,0.04862558841705322
33,11,0.2,random,6,0.014434814453125
33,11,0.2,random,7,-0.012876510620117188
33,11,0.2,random,8,0.07041560113430023
33,11,0.2,random,9,-0.02819906175136566
33,11,0.2,random,10,0.004362016916275024
33,11,0.2,random,11,0.08659546077251434
33,11,0.2,random,12,-0.02107757329940796
33,11,0.2,random,13,-0.035939574241638184
33,11,0.2,random,14,-0.021660923957824707
33,11,0.2,random,15,0.045839324593544006
33,11,0.2,random,16,-0.00733610987663269
33,11,0.2,random,17,0.010231047868728638
33,11,0.2,random,18,0.03200502693653107
33,11,0.2,random,19,0.06513026356697083
33,23,0.05,gnnexplainer,-1,0.09589909017086029
33,23,0.05,random,0,-0.038898766040802
33,23,0.05,random,1,0.0015693902969360352
33,23,0.05,random,2,0.02434547245502472
33,23,0.05,random,3,0.02413018047809601
33,23,0.05,random,4,0.030876830220222473
33,23,0.05,random,5,0.020327329635620117
33,23,0.05,random,6,0.0022948086261749268
33,23,0.05,random,7,-0.008862614631652832
33,23,0.05,random,8,0.03374817967414856
33,23,0.05,random,9,-0.045412689447402954
33,23,0.05,random,10,0.03105214238166809
33,23,0.05,random,11,0.002234429121017456
33,23,0.05,random,12,-0.011456668376922607
33,23,0.05,random,13,-0.0368233323097229
33,23,0.05,random,14,0.043430835008621216
33,23,0.05,random,15,-0.010150641202926636
33,23,0.05,random,16,-0.022455960512161255
33,23,0.05,random,17,0.053856804966926575
33,23,0.05,random,18,-0.0237453430891037
33,23,0.05,random,19,-0.0238477885723114
33,23,0.1,gnnexplainer,-1,0.1930473893880844
33,23,0.1,random,0,0.027064591646194458
33,23,0.1,random,1,-0.021608352661132812
33,23,0.1,random,2,-0.04102891683578491
33,23,0.1,random,3,0.058438852429389954
33,23,0.1,random,4,0.023888826370239258
33,23,0.1,random,5,-0.006507664918899536
33,23,0.1,random,6,-0.0148887038230896
33,23,0.1,random,7,0.06898052990436554
33,23,0.1,random,8,0.030293196439743042
33,23,0.1,random,9,-0.013498187065124512
33,23,0.1,random,10,-0.0451701283454895
33,23,0.1,random,11,-0.003238007426261902
33,23,0.1,random,12,0.010784178972244263
33,23,0.1,random,13,0.039336204528808594
33,23,0.1,random,14,0.003593161702156067
33,23,0.1,random,15,0.03349161148071289
33,23,0.1,random,16,0.00936920940876007
33,23,0.1,random,17,0.023891285061836243
33,23,0.1,random,18,-0.06486062705516815
33,23,0.1,random,19,-0.04126402735710144
33,23,0.2,gnnexplainer,-1,0.35206426680088043
33,23,0.2,random,0,0.08707194030284882
33,23,0.2,random,1,0.05755960941314697
33,23,0.2,random,2,-0.06186685711145401
33,23,0.2,random,3,0.11306814849376678
33,23,0.2,random,4,0.06649239361286163
33,23,0.2,random,5,0.1194835752248764
33,23,0.2,random,6,0.005435943603515625
33,23,0.2,random,7,0.02277064323425293
33,23,0.2,random,8,-0.028441086411476135
33,23,0.2,random,9,0.025336891412734985
33,23,0.2,random,10,0.05330336093902588
33,23,0.2,random,11,0.028841033577919006
33,23,0.2,random,12,0.04492059350013733
33,23,0.2,random,13,0.004008203744888306
33,23,0.2,random,14,0.010232120752334595
33,23,0.2,random,15,0.04887828230857849
33,23,0.2,random,16,0.03292191028594971
33,23,0.2,random,17,0.04870763421058655
33,23,0.2,random,18,-0.030843913555145264
33,23,0.2,random,19,0.09166805446147919
33,37,0.05,gnnexplainer,-1,0.09752677381038666
33,37,0.05,random,0,0.011552095413208008
33,37,0.05,random,1,-0.038597315549850464
33,37,0.05,random,2,0.038816243410110474
33,37,0.05,random,3,-0.0017028748989105225
33,37,0.05,random,4,-0.05083341896533966
33,37,0.05,random,5,0.005936622619628906
33,37,0.05,random,6,0.03568911552429199
33,37,0.05,random,7,-0.02926352620124817
33,37,0.05,random,8,0.011338084936141968
33,37,0.05,random,9,0.02977430820465088
33,37,0.05,random,10,0.04955454170703888
33,37,0.05,random,11,0.0009896159172058105
33,37,0.05,random,12,-0.0353626012802124
33,37,0.05,random,13,0.08119909465312958
33,37,0.05,random,14,-0.014147236943244934
33,37,0.05,random,15,-0.024327903985977173
33,37,0.05,random,16,0.04421079158782959
33,37,0.05,random,17,0.002018287777900696
33,37,0.05,random,18,0.00763566792011261
33,37,0.05,random,19,-0.032173991203308105
33,37,0.1,gnnexplainer,-1,0.199066624045372
33,37,0.1,random,0,0.014225870370864868
33,37,0.1,random,1,-0.02578243613243103
33,37,0.1,random,2,0.031199544668197632
33,37,0.1,random,3,0.09158428013324738
33,37,0.1,random,4,0.05751259624958038
33,37,0.1,random,5,0.01226043701171875
33,37,0.1,random,6,-0.01785832643508911
33,37,0.1,random,7,-0.04987029731273651
33,37,0.1,random,8,0.0056191980838775635
33,37,0.1,random,9,0.02833712100982666
33,37,0.1,random,10,0.0009479522705078125
33,37,0.1,random,11,-0.028441190719604492
33,37,0.1,random,12,-0.07203120738267899
33,37,0.1,random,13,0.046177059412002563
33,37,0.1,random,14,0.006366446614265442
33,37,0.1,random,15,0.008399516344070435
33,37,0.1,random,16,0.0430397093296051
33,37,0.1,random,17,-0.030759021639823914
33,37,0.1,random,18,-0.050313085317611694
33,37,0.1,random,19,0.047222286462783813
33,37,0.2,gnnexplainer,-1,0.31973566114902496
33,37,0.2,random,0,-0.0004104822874069214
33,37,0.2,random,1,-0.055386438965797424
33,37,0.2,random,2,0.11641441285610199
33,37,0.2,random,3,0.07017235457897186
33,37,0.2,random,4,-0.02921593189239502
33,37,0.2,random,5,-0.012503653764724731
33,37,0.2,random,6,0.03158433735370636
33,37,0.2,random,7,-0.028218239545822144
33,37,0.2,random,8,0.008984282612800598
33,37,0.2,random,9,0.03343665599822998
33,37,0.2,random,10,-0.04727691411972046
33,37,0.2,random,11,0.16273589432239532
33,37,0.2,random,12,-0.03868293762207031
33,37,0.2,random,13,0.014687895774841309
33,37,0.2,random,14,0.005707457661628723
33,37,0.2,random,15,0.017546862363815308
33,37,0.2,random,16,0.06968946754932404
33,37,0.2,random,17,0.026850461959838867
33,37,0.2,random,18,0.10855083167552948
33,37,0.2,random,19,-0.0639762133359909
54,11,0.05,gnnexplainer,-1,0.012535384856164455
54,11,0.05,random,0,0.0003189779818058014
54,11,0.05,random,1,0.0054604243487119675
54,11,0.05,random,2,0.003954940475523472
54,11,0.05,random,3,0.003277968615293503
54,11,0.05,random,4,0.0023850426077842712
54,11,0.05,random,5,0.0023557357490062714
54,11,0.05,random,6,0.0026014503091573715
54,11,0.05,random,7,0.0029471926391124725
54,11,0.05,random,8,0.0021332986652851105
54,11,0.05,random,9,0.007638656534254551
54,11,0.05,random,10,0.0003409711644053459
54,11,0.05,random,11,0.0021962784230709076
54,11,0.05,random,12,0.005088049918413162
54,11,0.05,random,13,0.0022194543853402138
54,11,0.05,random,14,0.0026386836543679237
54,11,0.05,random,15,0.0021334458142518997
54,11,0.05,random,16,0.003962339833378792
54,11,0.05,random,17,0.0014307843521237373
54,11,0.05,random,18,0.006120325066149235
54,11,0.05,random,19,0.004728468134999275
54,11,0.1,gnnexplainer,-1,0.024158538319170475
54,11,0.1,random,0,0.002139352262020111
54,11,0.1,random,1,0.0029688263311982155
54,11,0.1,random,2,0.006311391480267048
54,11,0.1,random,3,0.002675594761967659
54,11,0.1,random,4,0.006845301017165184
54,11,0.1,random,5,0.0021676700562238693
54,11,0.1,random,6,0.0039251260459423065
54,11,0.1,random,7,0.004760541953146458
54,11,0.1,random,8,0.002858915366232395
54,11,0.1,random,9,0.009979347698390484
54,11,0.1,random,10,0.007446610368788242
54,11,0.1,random,11,0.003448180854320526
54,11,0.1,random,12,0.00737070944160223
54,11,0.1,random,13,0.006902171298861504
54,11,0.1,random,14,0.005296338349580765
54,11,0.1,random,15,0.005797874182462692
54,11,0.1,random,16,0.0036910446360707283
54,11,0.1,random,17,0.006677716970443726
54,11,0.1,random,18,0.004556221887469292
54,11,0.1,random,19,0.004471281543374062
54,11,0.2,gnnexplainer,-1,0.057467625476419926
54,11,0.2,random,0,0.003139374777674675
54,11,0.2,random,1,0.01648810040205717
54,11,0.2,random,2,0.01741932425647974
54,11,0.2,random,3,0.013489200733602047
54,11,0.2,random,4,0.009301976300776005
54,11,0.2,random,5,0.011985442601144314
54,11,0.2,random,6,0.012575055472552776
54,11,0.2,random,7,0.02403262723237276
54,11,0.2,random,8,0.017704430036246777
54,11,0.2,random,9,0.020837376825511456
54,11,0.2,random,10,0.009726299904286861
54,11,0.2,random,11,0.007373235188424587
54,11,0.2,random,12,0.010268877260386944
54,11,0.2,random,13,0.027645115740597248
54,11,0.2,random,14,0.011225408874452114
54,11,0.2,random,15,0.020170235075056553
54,11,0.2,random,16,0.00908979307860136
54,11,0.2,random,17,0.013796369545161724
54,11,0.2,random,18,0.024703570641577244
54,11,0.2,random,19,0.003954806365072727
54,23,0.05,gnnexplainer,-1,0.00921377819031477
54,23,0.05,random,0,0.0040338123217225075
54,23,0.05,random,1,0.004038441926240921
54,23,0.05,random,2,0.0021273018792271614
54,23,0.05,random,3,0.0005928501486778259
54,23,0.05,random,4,0.003956683911383152
54,23,0.05,random,5,0.0015635574236512184
54,23,0.05,random,6,0.0026309769600629807
54,23,0.05,random,7,0.0018627159297466278
54,23,0.05,random,8,0.002950729802250862
54,23,0.05,random,9,0.0018178904429078102
54,23,0.05,random,10,0.002736395224928856
54,23,0.05,random,11,0.002786249853670597
54,23,0.05,random,12,0.006141156889498234
54,23,0.05,random,13,0.0025495197623968124
54,23,0.05,random,14,0.00742193590849638
54,23,0.05,random,15,-0.0001256866380572319
54,23,0.05,random,16,0.0017811832949519157
54,23,0.05,random,17,0.005168836563825607
54,23,0.05,random,18,0.0015231957659125328
54,23,0.05,random,19,-0.0005292901769280434
54,23,0.1,gnnexplainer,-1,0.02372503001242876
54,23,0.1,random,0,0.008635804988443851
54,23,0.1,random,1,0.0036600613966584206
54,23,0.1,random,2,0.004390290006995201
54,23,0.1,random,3,0.0036628739908337593
54,23,0.1,random,4,0.008395220153033733
54,23,0.1,random,5,0.007102898322045803
54,23,0.1,random,6,0.008661511354148388
54,23,0.1,random,7,0.004829750396311283
54,23,0.1,random,8,0.006101568229496479
54,23,0.1,random,9,0.0039290450513362885
54,23,0.1,random,10,0.008851650170981884
54,23,0.1,random,11,0.010798259638249874
54,23,0.1,random,12,0.007100502960383892
54,23,0.1,random,13,0.008712231181561947
54,23,0.1,random,14,0.007354660890996456
54,23,0.1,random,15,0.005451635457575321
54,23,0.1,random,16,0.008760645054280758
54,23,0.1,random,17,0.0027938419952988625
54,23,0.1,random,18,0.0030427780002355576
54,23,0.1,random,19,0.0034744450822472572
54,23,0.2,gnnexplainer,-1,0.07340448442846537
54,23,0.2,random,0,0.019352453760802746
54,23,0.2,random,1,0.021539348177611828
54,23,0.2,random,2,0.014425002969801426
54,23,0.2,random,3,0.012024677358567715
54,23,0.2,random,4,0.006344573572278023
54,23,0.2,random,5,0.015018234960734844
54,23,0.2,random,6,0.01852382067590952
54,23,0.2,random,7,0.010161754675209522
54,23,0.2,random,8,0.005711335688829422
54,23,0.2,random,9,0.015241975896060467
54,23,0.2,random,10,0.009426304139196873
54,23,0.2,random,11,0.008809401653707027
54,23,0.2,random,12,0.01029233168810606
54,23,0.2,random,13,0.00981766264885664
54,23,0.2,random,14,0.023408987559378147
54,23,0.2,random,15,0.01325103547424078
54,23,0.2,random,16,0.011724709533154964
54,23,0.2,random,17,0.0037128012627363205
54,23,0.2,random,18,0.0201891353353858
54,23,0.2,random,19,0.004353866912424564
54,37,0.05,gnnexplainer,-1,0.01284653041511774
54,37,0.05,random,0,0.0038276147097349167
54,37,0.05,random,1,0.002623213455080986
54,37,0.05,random,2,0.002379944548010826
54,37,0.05,random,3,0.00486450269818306
54,37,0.05,random,4,0.0007417146116495132
54,37,0.05,random,5,0.0029662195593118668
54,37,0.05,random,6,0.0015702210366725922
54,37,0.05,random,7,0.005135790444910526
54,37,0.05,random,8,0.0025405120104551315
54,37,0.05,random,9,0.004634895361959934
54,37,0.05,random,10,0.0015989458188414574
54,37,0.05,random,11,0.006561841815710068
54,37,0.05,random,12,0.002275858074426651
54,37,0.05,random,13,0.004177403636276722
54,37,0.05,random,14,-0.0004475181922316551
54,37,0.05,random,15,0.00364841241389513
54,37,0.05,random,16,0.0064790137112140656
54,37,0.05,random,17,0.0027298489585518837
54,37,0.05,random,18,0.005029574036598206
54,37,0.05,random,19,0.00196857750415802
54,37,0.1,gnnexplainer,-1,0.025191222317516804
54,37,0.1,random,0,0.0027488479390740395
54,37,0.1,random,1,0.004505575634539127
54,37,0.1,random,2,0.0039771683514118195
54,37,0.1,random,3,0.005190208554267883
54,37,0.1,random,4,0.004642867483198643
54,37,0.1,random,5,0.007737734355032444
54,37,0.1,random,6,0.0032636187970638275
54,37,0.1,random,7,0.005296693183481693
54,37,0.1,random,8,0.007219702936708927
54,37,0.1,random,9,0.007063855417072773
54,37,0.1,random,10,0.0046587297692894936
54,37,0.1,random,11,0.00037104636430740356
54,37,0.1,random,12,0.0036588208749890327
54,37,0.1,random,13,0.00831677857786417
54,37,0.1,random,14,0.011588922701776028
54,37,0.1,random,15,0.016964095644652843
54,37,0.1,random,16,0.006991797126829624
54,37,0.1,random,17,0.004588772542774677
54,37,0.1,random,18,0.0007491065189242363
54,37,0.1,random,19,0.003650067374110222
54,37,0.2,gnnexplainer,-1,0.06425976101309061
54,37,0.2,random,0,0.010737202130258083
54,37,0.2,random,1,0.009218758903443813
54,37,0.2,random,2,0.007952689193189144
54,37,0.2,random,3,0.010247706435620785
54,37,0.2,random,4,0.01807690691202879
54,37,0.2,random,5,0.01546164508908987
54,37,0.2,random,6,0.0044990526512265205
54,37,0.2,random,7,0.010952875949442387
54,37,0.2,random,8,0.015221656300127506
54,37,0.2,random,9,0.011194371618330479
54,37,0.2,random,10,0.011640879325568676
54,37,0.2,random,11,0.016386027447879314
54,37,0.2,random,12,0.009533270262181759
54,37,0.2,random,13,0.010256211273372173
54,37,0.2,random,14,0.0074820490553975105
54,37,0.2,random,15,0.017441517673432827
54,37,0.2,random,16,0.019292020238935947
54,37,0.2,random,17,0.022671344690024853
54,37,0.2,random,18,0.015845722518861294
54,37,0.2,random,19,0.013705275021493435
56,11,0.05,gnnexplainer,-1,0.01036784891039133
56,11,0.05,random,0,0.0031735701486468315
56,11,0.05,random,1,0.0038881152868270874
56,11,0.05,random,2,0.008791645057499409
56,11,0.05,random,3,0.006782072596251965
56,11,0.05,random,4,0.0030092280358076096
56,11,0.05,random,5,0.0014067012816667557
56,11,0.05,random,6,0.009045475162565708
56,11,0.05,random,7,0.004863138310611248
56,11,0.05,random,8,0.007699337787926197
56,11,0.05,random,9,-0.003198211081326008
56,11,0.05,random,10,0.005727204494178295
56,11,0.05,random,11,0.000888315960764885
56,11,0.05,random,12,-1.269020140171051e-05
56,11,0.05,random,13,0.004461483098566532
56,11,0.05,random,14,-5.216337740421295e-05
56,11,0.05,random,15,0.004244324751198292
56,11,0.05,random,16,0.0023794621229171753
56,11,0.05,random,17,0.0042760903015732765
56,11,0.05,random,18,0.001316557638347149
56,11,0.05,random,19,0.0036335643380880356
56,11,0.1,gnnexplainer,-1,0.03246410097926855
56,11,0.1,random,0,0.0012763198465108871
56,11,0.1,random,1,0.007370294071733952
56,11,0.1,random,2,0.0007832376286387444
56,11,0.1,random,3,0.009538250975310802
56,11,0.1,random,4,0.0179744316264987
56,11,0.1,random,5,8.703209459781647e-05
56,11,0.1,random,6,0.004559812135994434
56,11,0.1,random,7,0.0036204084753990173
56,11,0.1,random,8,0.011323424987494946
56,11,0.1,random,9,0.0015153316780924797
56,11,0.1,random,10,0.007630077190697193
56,11,0.1,random,11,-0.0033105695620179176
56,11,0.1,random,12,0.0051354290917515755
56,11,0.1,random,13,0.010781479068100452
56,11,0.1,random,14,0.008753384463489056
56,11,0.1,random,15,-0.001058831810951233
56,11,0.1,random,16,0.006205233745276928
56,11,0.1,random,17,0.0033497679978609085
56,11,0.1,random,18,0.00714957807213068
56,11,0.1,random,19,0.010577934794127941
56,11,0.2,gnnexplainer,-1,0.10218508075922728
56,11,0.2,random,0,0.009178225882351398
56,11,0.2,random,1,0.013699118979275227
56,11,0.2,random,2,0.00549133587628603
56,11,0.2,random,3,0.011956953443586826
56,11,0.2,random,4,0.008794323541224003
56,11,0.2,random,5,0.01657721120864153
56,11,0.2,random,6,0.017007687129080296
56,11,0.2,random,7,0.061027529649436474
56,11,0.2,random,8,0.006680314429104328
56,11,0.2,random,9,0.012425671331584454
56,11,0.2,random,10,0.017674756236374378
56,11,0.2,random,11,0.015814595855772495
56,11,0.2,random,12,0.005963166244328022
56,11,0.2,random,13,0.006717356853187084
56,11,0.2,random,14,0.01876878272742033
56,11,0.2,random,15,0.02378711011260748
56,11,0.2,random,16,0.012129486538469791
56,11,0.2,random,17,0.003923478536307812
56,11,0.2,random,18,0.008243140764534473
56,11,0.2,random,19,0.019441899843513966
56,23,0.05,gnnexplainer,-1,0.015457835979759693
56,23,0.05,random,0,0.004430987872183323
56,23,0.05,random,1,0.005913262255489826
56,23,0.05,random,2,0.006496411748230457
56,23,0.05,random,3,0.009201002307236195
56,23,0.05,random,4,0.0044347671791911125
56,23,0.05,random,5,0.002688947133719921
56,23,0.05,random,6,0.010717795230448246
56,23,0.05,random,7,0.0009275861084461212
56,23,0.05,random,8,0.009410367347300053
56,23,0.05,random,9,0.011795946396887302
56,23,0.05,random,10,0.0044198306277394295
56,23,0.05,random,11,0.0033935140818357468
56,23,0.05,random,12,0.0038688359782099724
56,23,0.05,random,13,0.007085268385708332
56,23,0.05,random,14,0.005581473000347614
56,23,0.05,random,15,0.001844104379415512
56,23,0.05,random,16,0.004538879729807377
56,23,0.05,random,17,0.0007771020755171776
56,23,0.05,random,18,-6.982497870922089e-05
56,23,0.05,random,19,0.006000957451760769
56,23,0.1,gnnexplainer,-1,0.03352523501962423
56,23,0.1,random,0,0.0050665466114878654
56,23,0.1,random,1,0.0005771797150373459
56,23,0.1,random,2,0.006067286245524883
56,23,0.1,random,3,0.010624867863953114
56,23,0.1,random,4,-0.0023529846221208572
56,23,0.1,random,5,0.00792879331856966
56,23,0.1,random,6,0.00759092066437006
56,23,0.1,random,7,0.011879541911184788
56,23,0.1,random,8,0.008788463659584522
56,23,0.1,random,9,0.0022254465147852898
56,23,0.1,random,10,0.006641390733420849
56,23,0.1,random,11,0.0065222205594182014
56,23,0.1,random,12,0.013913792558014393
56,23,0.1,random,13,0.004129278473556042
56,23,0.1,random,14,0.00315913837403059
56,23,0.1,random,15,0.006858319975435734
56,23,0.1,random,16,0.005557839758694172
56,23,0.1,random,17,0.00018331687897443771
56,23,0.1,random,18,0.008912156336009502
56,23,0.1,random,19,0.011891764588654041
56,23,0.2,gnnexplainer,-1,0.09951695334166288
56,23,0.2,random,0,0.015002083964645863
56,23,0.2,random,1,0.015166577883064747
56,23,0.2,random,2,0.019321356900036335
56,23,0.2,random,3,0.0149644510820508
56,23,0.2,random,4,0.01957558933645487
56,23,0.2,random,5,0.010656368918716908
56,23,0.2,random,6,0.021494588814675808
56,23,0.2,random,7,0.009613226167857647
56,23,0.2,random,8,0.017609539441764355
56,23,0.2,random,9,0.018578537739813328
56,23,0.2,random,10,0.024324997328221798
56,23,0.2,random,11,0.018946760334074497
56,23,0.2,random,12,0.0271607032045722
56,23,0.2,random,13,4.454702138900757e-05
56,23,0.2,random,14,0.04494439344853163
56,23,0.2,random,15,0.004059060476720333
56,23,0.2,random,16,0.017241681925952435
56,23,0.2,random,17,0.0022529251873493195
56,23,0.2,random,18,0.012854502536356449
56,23,0.2,random,19,0.015599208883941174
56,37,0.05,gnnexplainer,-1,0.014339144341647625
56,37,0.05,random,0,0.005009974353015423
56,37,0.05,random,1,0.0028195325285196304
56,37,0.05,random,2,0.003893306478857994
56,37,0.05,random,3,0.0036325883120298386
56,37,0.05,random,4,-0.002378108911216259
56,37,0.05,random,5,0.001705765724182129
56,37,0.05,random,6,0.005178998224437237
56,37,0.05,random,7,0.006955605931580067
56,37,0.05,random,8,0.007627365179359913
56,37,0.05,random,9,0.0029937829822301865
56,37,0.05,random,10,0.004235235042870045
56,37,0.05,random,11,-0.000423625111579895
56,37,0.05,random,12,0.0050941528752446175
56,37,0.05,random,13,0.005903090350329876
56,37,0.05,random,14,0.0017060209065675735
56,37,0.05,random,15,0.0014726817607879639
56,37,0.05,random,16,0.00040113553404808044
56,37,0.05,random,17,0.003703942522406578
56,37,0.05,random,18,0.004583035595715046
56,37,0.05,random,19,0.01058932114392519
56,37,0.1,gnnexplainer,-1,0.03204839210957289
56,37,0.1,random,0,0.014683629386126995
56,37,0.1,random,1,0.019318723119795322
56,37,0.1,random,2,0.009829902090132236
56,37,0.1,random,3,0.007704128511250019
56,37,0.1,random,4,0.009096560068428516
56,37,0.1,random,5,0.001851024106144905
56,37,0.1,random,6,0.00020462274551391602
56,37,0.1,random,7,0.00703654158860445
56,37,0.1,random,8,0.012032921425998211
56,37,0.1,random,9,0.007488788105547428
56,37,0.1,random,10,0.0019943146035075188
56,37,0.1,random,11,0.01042561512440443
56,37,0.1,random,12,0.0035493280738592148
56,37,0.1,random,13,0.0041915038600564
56,37,0.1,random,14,0.00935929361730814
56,37,0.1,random,15,0.0004370119422674179
56,37,0.1,random,16,0.009331845678389072
56,37,0.1,random,17,0.010150623507797718
56,37,0.1,random,18,0.004339034669101238
56,37,0.1,random,19,0.009889033623039722
56,37,0.2,gnnexplainer,-1,0.096180553548038
56,37,0.2,random,0,0.0025647636502981186
56,37,0.2,random,1,0.014060591347515583
56,37,0.2,random,2,0.02217113133519888
56,37,0.2,random,3,0.03502090182155371
56,37,0.2,random,4,0.008876017294824123
56,37,0.2,random,5,0.03666340094059706
56,37,0.2,random,6,0.025840735994279385
56,37,0.2,random,7,0.028123351745307446
56,37,0.2,random,8,0.030213474296033382
56,37,0.2,random,9,0.027950718067586422
56,37,0.2,random,10,0.009922218509018421
56,37,0.2,random,11,0.010523864068090916
56,37,0.2,random,12,0.01699689496308565
56,37,0.2,random,13,0.024318291805684566
56,37,0.2,random,14,0.02174620982259512
56,37,0.2,random,15,0.009090038947761059
56,37,0.2,random,16,0.03166621085256338
56,37,0.2,random,17,0.013703380711376667
56,37,0.2,random,18,0.018261545337736607
56,37,0.2,random,19,0.011848472990095615
58,11,0.05,gnnexplainer,-1,0.006965968292206526
58,11,0.05,random,0,-0.0006555910222232342
58,11,0.05,random,1,0.0009991787374019623
58,11,0.05,random,2,0.0024701226502656937
58,11,0.05,random,3,-0.0008750075940042734
58,11,0.05,random,4,0.0022209864109754562
58,11,0.05,random,5,0.0021723629906773567
58,11,0.05,random,6,0.0017500119283795357
58,11,0.05,random,7,0.00136245833709836
58,11,0.05,random,8,0.001504502259194851
58,11,0.05,random,9,1.4550983905792236e-05
58,11,0.05,random,10,0.0038228905759751797
58,11,0.05,random,11,0.002644073683768511
58,11,0.05,random,12,0.002084767911583185
58,11,0.05,random,13,-7.738126441836357e-05
58,11,0.05,random,14,0.001995560247451067
58,11,0.05,random,15,0.003324720077216625
58,11,0.05,random,16,0.0002263193018734455
58,11,0.05,random,17,0.0014213481917977333
58,11,0.05,random,18,-0.0002688160166144371
58,11,0.05,random,19,0.0024169133976101875
58,11,0.1,gnnexplainer,-1,0.014868468511849642
58,11,0.1,random,0,0.009767945390194654
58,11,0.1,random,1,0.0027485061436891556
58,11,0.1,random,2,0.002926954999566078
58,11,0.1,random,3,0.0024567274376749992
58,11,0.1,random,4,0.004560920875519514
58,11,0.1,random,5,0.005450795870274305
58,11,0.1,random,6,0.004126716870814562
58,11,0.1,random,7,0.004513271618634462
58,11,0.1,random,8,0.0017552608624100685
58,11,0.1,random,9,0.003313334658741951
58,11,0.1,random,10,0.002690979279577732
58,11,0.1,random,11,0.0067320470698177814
58,11,0.1,random,12,0.0025616344064474106
58,11,0.1,random,13,-0.0011819885112345219
58,11,0.1,random,14,0.007705105002969503
58,11,0.1,random,15,0.007248062174767256
58,11,0.1,random,16,0.003832667600363493
58,11,0.1,random,17,0.0028205313719809055
58,11,0.1,random,18,0.004480086732655764
58,11,0.1,random,19,0.00509605323895812
58,11,0.2,gnnexplainer,-1,0.04663902195170522
58,11,0.2,random,0,0.008848242927342653
58,11,0.2,random,1,0.005508005153387785
58,11,0.2,random,2,0.007196370046585798
58,11,0.2,random,3,0.008327097166329622
58,11,0.2,random,4,0.008583645801991224
58,11,0.2,random,5,0.009957887697964907
58,11,0.2,random,6,0.007607975509017706
58,11,0.2,random,7,0.008386417757719755
58,11,0.2,random,8,0.014528913889080286
58,11,0.2,random,9,0.004729369189590216
58,11,0.2,random,10,0.005676006432622671
58,11,0.2,random,11,0.005926800426095724
58,11,0.2,random,12,0.007677554618567228
58,11,0.2,random,13,0.008744995575398207
58,11,0.2,random,14,0.027060214895755053
58,11,0.2,random,15,0.00629583140835166
58,11,0.2,random,16,0.003046753816306591
58,11,0.2,random,17,0.010474750306457281
58,11,0.2,random,18,0.02456654468551278
58,11,0.2,random,19,0.006422234233468771
58,23,0.05,gnnexplainer,-1,0.0057692150585353374
58,23,0.05,random,0,0.0015134667046368122
58,23,0.05,random,1,0.0027389121241867542
58,23,0.05,random,2,0.0009005246683955193
58,23,0.05,random,3,0.0005921986885368824
58,23,0.05,random,4,0.0016584084369242191
58,23,0.05,random,5,0.004430856090039015
58,23,0.05,random,6,-0.00040483614429831505
58,23,0.05,random,7,0.0023955516517162323
58,23,0.05,random,8,0.0014676740393042564
58,23,0.05,random,9,0.0019431961700320244
58,23,0.05,random,10,-0.0012947588693350554
58,23,0.05,random,11,0.0036362423561513424
58,23,0.05,random,12,0.002397597301751375
58,23,0.05,random,13,0.0005459235981106758
58,23,0.05,random,14,0.002029125578701496
58,23,0.05,random,15,0.0016377945430576801
58,23,0.05,random,16,0.0023670648224651814
58,23,0.05,random,17,0.005277586635202169
58,23,0.05,random,18,0.00409960700199008
58,23,0.05,random,19,0.0020826500840485096
58,23,0.1,gnnexplainer,-1,0.015169233549386263
58,23,0.1,random,0,0.0027757612988352776
58,23,0.1,random,1,0.006943554151803255
58,23,0.1,random,2,0.0014917519874870777
58,23,0.1,random,3,0.004424661863595247
58,23,0.1,random,4,0.006831452716141939
58,23,0.1,random,5,0.0035686087794601917
58,23,0.1,random,6,0.004933003801852465
58,23,0.1,random,7,0.006756817456334829
58,23,0.1,random,8,0.003798512276262045
58,23,0.1,random,9,0.004012365359812975
58,23,0.1,random,10,-0.00010892143473029137
58,23,0.1,random,11,0.004123109858483076
58,23,0.1,random,12,0.004095764365047216
58,23,0.1,random,13,0.005494607146829367
58,23,0.1,random,14,0.0038225012831389904
58,23,0.1,random,15,0.0035187741741538048
58,23,0.1,random,16,0.005975858774036169
58,23,0.1,random,17,0.004902080167084932
58,23,0.1,random,18,0.006075650919228792
58,23,0.1,random,19,0.004712918307632208
58,23,0.2,gnnexplainer,-1,0.04810417490079999
58,23,0.2,random,0,0.012189705390483141
58,23,0.2,random,1,0.00974959647282958
58,23,0.2,random,2,0.007587150204926729
58,23,0.2,random,3,0.004587221425026655
58,23,0.2,random,4,0.010867738630622625
58,23,0.2,random,5,0.0111788478679955
58,23,0.2,random,6,0.004145790357142687
58,23,0.2,random,7,0.005059682298451662
58,23,0.2,random,8,0.01026905095204711
58,23,0.2,random,9,0.007451639045029879
58,23,0.2,random,10,0.016835218761116266
58,23,0.2,random,11,0.00753764109686017
58,23,0.2,random,12,0.013035873416811228
58,23,0.2,random,13,0.012145633343607187
58,23,0.2,random,14,0.012389963958412409
58,23,0.2,random,15,0.01043864106759429
58,23,0.2,random,16,0.011736901942640543
58,23,0.2,random,17,0.017333193216472864
58,23,0.2,random,18,0.009241551626473665
58,23,0.2,random,19,0.014788194093853235
58,37,0.05,gnnexplainer,-1,0.006186656188219786
58,37,0.05,random,0,0.0018069744110107422
58,37,0.05,random,1,-0.0005051768384873867
58,37,0.05,random,2,0.0022975937463343143
58,37,0.05,random,3,0.0016741235740482807
58,37,0.05,random,4,-0.00010489998385310173
58,37,0.05,random,5,0.0016434593126177788
58,37,0.05,random,6,0.0018802788108587265
58,37,0.05,random,7,0.0011142008006572723
58,37,0.05,random,8,0.0035681691952049732
58,37,0.05,random,9,0.002912169322371483
58,37,0.05,random,10,0.0021798377856612206
58,37,0.05,random,11,0.0005376213230192661
58,37,0.05,random,12,-0.0007061983924359083
58,37,0.05,random,13,0.0022809160873293877
58,37,0.05,random,14,0.005903892684727907
58,37,0.05,random,15,0.0029905959963798523
58,37,0.05,random,16,0.001529170200228691
58,37,0.05,random,17,4.036352038383484e-05
58,37,0.05,random,18,0.002196219749748707
58,37,0.05,random,19,0.00368970213457942
58,37,0.1,gnnexplainer,-1,0.016429754439741373
58,37,0.1,random,0,0.004646361339837313
58,37,0.1,random,1,0.004625437315553427
58,37,0.1,random,2,-0.0003212820738554001
58,37,0.1,random,3,0.004357246216386557
58,37,0.1,random,4,0.0053257266990840435
58,37,0.1,random,5,0.004559497814625502
58,37,0.1,random,6,0.00021701352670788765
58,37,0.1,random,7,0.005647547077387571
58,37,0.1,random,8,0.005737434606999159
58,37,0.1,random,9,0.0029236795380711555
58,37,0.1,random,10,0.0035050776787102222
58,37,0.1,random,11,0.0031371144577860832
58,37,0.1,random,12,0.003690773155540228
58,37,0.1,random,13,0.004999290686100721
58,37,0.1,random,14,0.0027191638946533203
58,37,0.1,random,15,0.0016309963539242744
58,37,0.1,random,16,0.0037177172489464283
58,37,0.1,random,17,0.008136266376823187
58,37,0.1,random,18,0.0036802575923502445
58,37,0.1,random,19,0.005651244428008795
58,37,0.2,gnnexplainer,-1,0.04866443993523717
58,37,0.2,random,0,0.007167715113610029
58,37,0.2,random,1,0.0037122382782399654
58,37,0.2,random,2,0.003430332988500595
58,37,0.2,random,3,0.004235799890011549
58,37,0.2,random,4,0.006674061994999647
58,37,0.2,random,5,0.009760454762727022
58,37,0.2,random,6,0.009003653656691313
58,37,0.2,random,7,0.01496646786108613
58,37,0.2,random,8,0.005868370179086924
58,37,0.2,random,9,0.0192479663528502
58,37,0.2,random,10,0.007716035004705191
58,37,0.2,random,11,0.007804709952324629
58,37,0.2,random,12,0.006139495875686407
58,37,0.2,random,13,0.012004802469164133
58,37,0.2,random,14,0.012388477567583323
58,37,0.2,random,15,0.019889332819730043
58,37,0.2,random,16,0.005727480631321669
58,37,0.2,random,17,0.004900374915450811
58,37,0.2,random,18,0.007633650209754705
58,37,0.2,random,19,0.0063396780751645565
59,11,0.05,gnnexplainer,-1,0.1525421440601349
59,11,0.05,random,0,-0.012174069881439209
59,11,0.05,random,1,0.015147924423217773
59,11,0.05,random,2,0.027810633182525635
59,11,0.05,random,3,0.037197232246398926
59,11,0.05,random,4,0.048125386238098145
59,11,0.05,random,5,-0.02220308780670166
59,11,0.05,random,6,0.0025983452796936035
59,11,0.05,random,7,0.03805890679359436
59,11,0.05,random,8,-0.034130096435546875
59,11,0.05,random,9,-0.005719512701034546
59,11,0.05,random,10,0.09934258460998535
59,11,0.05,random,11,-0.08756066858768463
59,11,0.05,random,12,0.018266618251800537
59,11,0.05,random,13,0.020393788814544678
59,11,0.05,random,14,-0.04308599233627319
59,11,0.05,random,15,0.06669384241104126
59,11,0.05,random,16,-0.030055880546569824
59,11,0.05,random,17,-7.465481758117676e-05
59,11,0.05,random,18,-0.009138524532318115
59,11,0.05,random,19,0.01865142583847046
59,11,0.1,gnnexplainer,-1,0.2726820409297943
59,11,0.1,random,0,0.04544571042060852
59,11,0.1,random,1,0.05461275577545166
59,11,0.1,random,2,-0.09090287983417511
59,11,0.1,random,3,0.023762553930282593
59,11,0.1,random,4,0.051783740520477295
59,11,0.1,random,5,0.10017445683479309
59,11,0.1,random,6,0.08488813042640686
59,11,0.1,random,7,0.042525291442871094
59,11,0.1,random,8,0.008968591690063477
59,11,0.1,random,9,0.0495988130569458
59,11,0.1,random,10,0.07833719253540039
59,11,0.1,random,11,0.0010070204734802246
59,11,0.1,random,12,0.01549607515335083
59,11,0.1,random,13,0.09904336929321289
59,11,0.1,random,14,0.026263892650604248
59,11,0.1,random,15,0.030341267585754395
59,11,0.1,random,16,0.06766155362129211
59,11,0.1,random,17,-0.07708367705345154
59,11,0.1,random,18,0.07317924499511719
59,11,0.1,random,19,-0.01309695839881897
59,11,0.2,gnnexplainer,-1,0.46263203024864197
59,11,0.2,random,0,-0.05206209421157837
59,11,0.2,random,1,0.05424240231513977
59,11,0.2,random,2,-0.09232993423938751
59,11,0.2,random,3,0.10663986206054688
59,11,0.2,random,4,0.09813559055328369
59,11,0.2,random,5,-0.007479250431060791
59,11,0.2,random,6,-0.0504821240901947
59,11,0.2,random,7,-0.012812793254852295
59,11,0.2,random,8,-0.029883861541748047
59,11,0.2,random,9,0.05264583230018616
59,11,0.2,random,10,0.16817748546600342
59,11,0.2,random,11,-0.022582948207855225
59,11,0.2,random,12,0.1344349980354309
59,11,0.2,random,13,0.0956687331199646
59,11,0.2,random,14,0.12465786933898926
59,11,0.2,random,15,0.07805708050727844
59,11,0.2,random,16,-0.052413880825042725
59,11,0.2,random,17,0.07811355590820312
59,11,0.2,random,18,-0.010792970657348633
59,11,0.2,random,19,0.16878104209899902
59,23,0.05,gnnexplainer,-1,0.15461665391921997
59,23,0.05,random,0,0.030376017093658447
59,23,0.05,random,1,-0.006072342395782471
59,23,0.05,random,2,0.05112642049789429
59,23,0.05,random,3,0.05014240741729736
59,23,0.05,random,4,0.031443625688552856
59,23,0.05,random,5,0.010718762874603271
59,23,0.05,random,6,0.04067152738571167
59,23,0.05,random,7,0.017241984605789185
59,23,0.05,random,8,0.032117486000061035
59,23,0.05,random,9,0.043193280696868896
59,23,0.05,random,10,0.0673852264881134
59,23,0.05,random,11,0.03696519136428833
59,23,0.05,random,12,0.03390657901763916
59,23,0.05,random,13,0.04098057746887207
59,23,0.05,random,14,0.03389543294906616
59,23,0.05,random,15,-0.014970362186431885
59,23,0.05,random,16,0.018163681030273438
59,23,0.05,random,17,-0.04146677255630493
59,23,0.05,random,18,0.005311012268066406
59,23,0.05,random,19,-0.05746762454509735
59,23,0.1,gnnexplainer,-1,0.2726820409297943
59,23,0.1,random,0,-0.07622535526752472
59,23,0.1,random,1,0.02121943235397339
59,23,0.1,random,2,-0.11229376494884491
59,23,0.1,random,3,-0.04166996479034424
59,23,0.1,random,4,0.051986128091812134
59,23,0.1,random,5,-0.005773693323135376
59,23,0.1,random,6,0.10677093267440796
59,23,0.1,random,7,-0.001710653305053711
59,23,0.1,random,8,0.025919735431671143
59,23,0.1,random,9,0.02782580256462097
59,23,0.1,random,10,0.045248210430145264
59,23,0.1,random,11,0.11214041709899902
59,23,0.1,random,12,0.11460554599761963
59,23,0.1,random,13,-0.05479221045970917
59,23,0.1,random,14,-0.04203948378562927
59,23,0.1,random,15,-0.04187852144241333
59,23,0.1,random,16,0.05759727954864502
59,23,0.1,random,17,-0.08078320324420929
59,23,0.1,random,18,0.038566142320632935
59,23,0.1,random,19,0.0021610260009765625
59,23,0.2,gnnexplainer,-1,0.4631403386592865
59,23,0.2,random,0,0.061443030834198
59,23,0.2,random,1,0.03544217348098755
59,23,0.2,random,2,0.06888467073440552
59,23,0.2,random,3,0.09934937953948975
59,23,0.2,random,4,0.04659074544906616
59,23,0.2,random,5,-0.007806718349456787
59,23,0.2,random,6,0.029469162225723267
59,23,0.2,random,7,-0.027918517589569092
59,23,0.2,random,8,0.040388643741607666
59,23,0.2,random,9,0.09141987562179565
59,23,0.2,random,10,0.10013401508331299
59,23,0.2,random,11,0.06531345844268799
59,23,0.2,random,12,0.0023571252822875977
59,23,0.2,random,13,0.054725319147109985
59,23,0.2,random,14,-0.08292494714260101
59,23,0.2,random,15,0.14230668544769287
59,23,0.2,random,16,0.1057087779045105
59,23,0.2,random,17,0.18085849285125732
59,23,0.2,random,18,-0.011663675308227539
59,23,0.2,random,19,0.15443986654281616
59,37,0.05,gnnexplainer,-1,0.16674721240997314
59,37,0.05,random,0,0.011547684669494629
59,37,0.05,random,1,0.025013864040374756
59,37,0.05,random,2,0.05080941319465637
59,37,0.05,random,3,0.032959163188934326
59,37,0.05,random,4,-0.0020206570625305176
59,37,0.05,random,5,0.027390003204345703
59,37,0.05,random,6,-0.019090592861175537
59,37,0.05,random,7,0.039459407329559326
59,37,0.05,random,8,-0.009964048862457275
59,37,0.05,random,9,0.025227367877960205
59,37,0.05,random,10,0.003259330987930298
59,37,0.05,random,11,0.016800224781036377
59,37,0.05,random,12,0.04410851001739502
59,37,0.05,random,13,0.06978100538253784
59,37,0.05,random,14,0.04965251684188843
59,37,0.05,random,15,-0.07060417532920837
59,37,0.05,random,16,-0.038837283849716187
59,37,0.05,random,17,0.047321438789367676
59,37,0.05,random,18,-0.014463931322097778
59,37,0.05,random,19,0.061260998249053955
59,37,0.1,gnnexplainer,-1,0.2984808385372162
59,37,0.1,random,0,-0.010463714599609375
59,37,0.1,random,1,0.03699663281440735
59,37,0.1,random,2,0.024214982986450195
59,37,0.1,random,3,0.03313532471656799
59,37,0.1,random,4,-0.005383968353271484
59,37,0.1,random,5,0.015717536211013794
59,37,0.1,random,6,-0.009779274463653564
59,37,0.1,random,7,0.03448787331581116
59,37,0.1,random,8,0.06323078274726868
59,37,0.1,random,9,0.06337827444076538
59,37,0.1,random,10,0.09873631596565247
59,37,0.1,random,11,0.09227406978607178
59,37,0.1,random,12,0.1239662766456604
59,37,0.1,random,13,0.001979827880859375
59,37,0.1,random,14,0.04915088415145874
59,37,0.1,random,15,-0.014084398746490479
59,37,0.1,random,16,0.00867527723312378
59,37,0.1,random,17,-0.053791120648384094
59,37,0.1,random,18,-0.05538026988506317
59,37,0.1,random,19,-0.04860895872116089
59,37,0.2,gnnexplainer,-1,0.4631403386592865
59,37,0.2,random,0,-0.10106435418128967
59,37,0.2,random,1,0.06655973196029663
59,37,0.2,random,2,0.07786789536476135
59,37,0.2,random,3,0.11646321415901184
59,37,0.2,random,4,0.05989789962768555
59,37,0.2,random,5,0.02695786952972412
59,37,0.2,random,6,0.11527633666992188
59,37,0.2,random,7,-0.02989339828491211
59,37,0.2,random,8,0.11060035228729248
59,37,0.2,random,9,0.006819486618041992
59,37,0.2,random,10,-0.10949422419071198
59,37,0.2,random,11,0.032395631074905396
59,37,0.2,random,12,-0.08749116957187653
59,37,0.2,random,13,-0.07266940176486969
59,37,0.2,random,14,0.029287993907928467
59,37,0.2,random,15,0.025248348712921143
59,37,0.2,random,16,0.03000342845916748
59,37,0.2,random,17,0.17282307147979736
59,37,0.2,random,18,0.06082355976104736
59,37,0.2,random,19,0.027956396341323853
7,11,0.05,gnnexplainer,-1,0.052867889404296875
7,11,0.05,random,0,0.014310836791992188
7,11,0.05,random,1,-0.005973339080810547
7,11,0.05,random,2,0.0037288665771484375
7,11,0.05,random,3,0.0011622309684753418
7,11,0.05,random,4,0.0320703387260437
7,11,0.05,random,5,-0.0048642754554748535
7,11,0.05,random,6,0.00883561372756958
7,11,0.05,random,7,-0.0027451515197753906
7,11,0.05,random,8,0.025168240070343018
7,11,0.05,random,9,-0.0022377371788024902
7,11,0.05,random,10,0.007317006587982178
7,11,0.05,random,11,0.01011425256729126
7,11,0.05,random,12,0.012651503086090088
7,11,0.05,random,13,0.01318579912185669
7,11,0.05,random,14,0.0018656253814697266
7,11,0.05,random,15,0.018600940704345703
7,11,0.05,random,16,0.008111238479614258
7,11,0.05,random,17,-0.001643836498260498
7,11,0.05,random,18,0.007383525371551514
7,11,0.05,random,19,0.009592533111572266
7,11,0.1,gnnexplainer,-1,0.12999087572097778
7,11,0.1,random,0,0.02198934555053711
7,11,0.1,random,1,0.033191144466400146
7,11,0.1,random,2,0.027819395065307617
7,11,0.1,random,3,0.006234347820281982
7,11,0.1,random,4,0.02322906255722046
7,11,0.1,random,5,0.057392418384552
7,11,0.1,random,6,0.016200125217437744
7,11,0.1,random,7,0.00263136625289917
7,11,0.1,random,8,0.02314615249633789
7,11,0.1,random,9,0.0064239501953125
7,11,0.1,random,10,0.01513582468032837
7,11,0.1,random,11,0.014507591724395752
7,11,0.1,random,12,0.02610248327255249
7,11,0.1,random,13,0.028181374073028564
7,11,0.1,random,14,0.019532501697540283
7,11,0.1,random,15,0.04894334077835083
7,11,0.1,random,16,0.0294342041015625
7,11,0.1,random,17,0.024738311767578125
7,11,0.1,random,18,0.02550429105758667
7,11,0.1,random,19,0.007170975208282471
7,11,0.2,gnnexplainer,-1,0.34789377450942993
7,11,0.2,random,0,0.13468092679977417
7,11,0.2,random,1,0.016500771045684814
7,11,0.2,random,2,0.06561535596847534
7,11,0.2,random,3,0.027091681957244873
7,11,0.2,random,4,0.08010941743850708
7,11,0.2,random,5,0.006959021091461182
7,11,0.2,random,6,0.008550465106964111
7,11,0.2,random,7,0.004933059215545654
7,11,0.2,random,8,0.027673423290252686
7,11,0.2,random,9,0.013600587844848633
7,11,0.2,random,10,0.02901679277420044
7,11,0.2,random,11,0.021547555923461914
7,11,0.2,random,12,0.07760530710220337
7,11,0.2,random,13,0.025909602642059326
7,11,0.2,random,14,0.00864177942276001
7,11,0.2,random,15,0.0524289608001709
7,11,0.2,random,16,0.00995546579360962
7,11,0.2,random,17,0.043336689472198486
7,11,0.2,random,18,0.027975022792816162
7,11,0.2,random,19,0.05431622266769409
7,23,0.05,gnnexplainer,-1,0.053990066051483154
7,23,0.05,random,0,0.011822044849395752
7,23,0.05,random,1,0.007184326648712158
7,23,0.05,random,2,0.007992088794708252
7,23,0.05,random,3,0.014918982982635498
7,23,0.05,random,4,0.0019066929817199707
7,23,0.05,random,5,0.024951159954071045
7,23,0.05,random,6,0.007037699222564697
7,23,0.05,random,7,0.015276670455932617
7,23,0.05,random,8,0.0023369193077087402
7,23,0.05,random,9,0.015849590301513672
7,23,0.05,random,10,0.019598960876464844
7,23,0.05,random,11,0.00411456823348999
7,23,0.05,random,12,0.04026418924331665
7,23,0.05,random,13,0.001368105411529541
7,23,0.05,random,14,0.015933573246002197
7,23,0.05,random,15,0.017352581024169922
7,23,0.05,random,16,0.019265353679656982
7,23,0.05,random,17,0.019566714763641357
7,23,0.05,random,18,0.005728542804718018
7,23,0.05,random,19,0.022287309169769287
7,23,0.1,gnnexplainer,-1,0.1368204951286316
7,23,0.1,random,0,0.02918154001235962
7,23,0.1,random,1,0.006528913974761963
7,23,0.1,random,2,0.03582972288131714
7,23,0.1,random,3,0.041513144969940186
7,23,0.1,random,4,0.035287439823150635
7,23,0.1,random,5,0.029689133167266846
7,23,0.1,random,6,0.02593296766281128
7,23,0.1,random,7,0.018270671367645264
7,23,0.1,random,8,0.007084548473358154
7,23,0.1,random,9,0.016977131366729736
7,23,0.1,random,10,0.03867453336715698
7,23,0.1,random,11,0.010237395763397217
7,23,0.1,random,12,0.011807680130004883
7,23,0.1,random,13,0.006854534149169922
7,23,0.1,random,14,0.08142375946044922
7,23,0.1,random,15,0.023174285888671875
7,23,0.1,random,16,0.02553802728652954
7,23,0.1,random,17,0.01601332426071167
7,23,0.1,random,18,0.02286052703857422
7,23,0.1,random,19,0.014245033264160156
7,23,0.2,gnnexplainer,-1,0.34789377450942993
7,23,0.2,random,0,0.03609323501586914
7,23,0.2,random,1,0.047516584396362305
7,23,0.2,random,2,0.0753064751625061
7,23,0.2,random,3,0.053419291973114014
7,23,0.2,random,4,0.06787174940109253
7,23,0.2,random,5,0.0457463264465332
7,23,0.2,random,6,0.061990320682525635
7,23,0.2,random,7,0.0057596564292907715
7,23,0.2,random,8,0.06029623746871948
7,23,0.2,random,9,0.039907872676849365
7,23,0.2,random,10,-0.006896913051605225
7,23,0.2,random,11,0.07863301038742065
7,23,0.2,random,12,0.07090067863464355
7,23,0.2,random,13,0.09304302930831909
7,23,0.2,random,14,0.029149234294891357
7,23,0.2,random,15,0.027171790599822998
7,23,0.2,random,16,0.015110790729522705
7,23,0.2,random,17,0.055836379528045654
7,23,0.2,random,18,0.07349300384521484
7,23,0.2,random,19,0.037786781787872314
7,37,0.05,gnnexplainer,-1,0.052867889404296875
7,37,0.05,random,0,-0.0017948150634765625
7,37,0.05,random,1,0.01819610595703125
7,37,0.05,random,2,0.00017589330673217773
7,37,0.05,random,3,0.005214869976043701
7,37,0.05,random,4,0.011270105838775635
7,37,0.05,random,5,-0.003385007381439209
7,37,0.05,random,6,0.006606578826904297
7,37,0.05,random,7,0.005618035793304443
7,37,0.05,random,8,0.016125202178955078
7,37,0.05,random,9,0.004631519317626953
7,37,0.05,random,10,0.009676516056060791
7,37,0.05,random,11,-0.0016658902168273926
7,37,0.05,random,12,0.005979359149932861
7,37,0.05,random,13,0.011828899383544922
7,37,0.05,random,14,0.013429701328277588
7,37,0.05,random,15,0.01947563886642456
7,37,0.05,random,16,0.0029159188270568848
7,37,0.05,random,17,0.01644110679626465
7,37,0.05,random,18,0.004444301128387451
7,37,0.05,random,19,0.020019114017486572
7,37,0.1,gnnexplainer,-1,0.10732299089431763
7,37,0.1,random,0,0.014674484729766846
7,37,0.1,random,1,0.0020897984504699707
7,37,0.1,random,2,0.038625240325927734
7,37,0.1,random,3,0.029431283473968506
7,37,0.1,random,4,0.027660667896270752
7,37,0.1,random,5,-0.007985889911651611
7,37,0.1,random,6,0.01417320966720581
7,37,0.1,random,7,0.014266490936279297
7,37,0.1,random,8,0.015461921691894531
7,37,0.1,random,9,0.02501469850540161
7,37,0.1,random,10,0.021702826023101807
7,37,0.1,random,11,-0.0027957558631896973
7,37,0.1,random,12,0.014181137084960938
7,37,0.1,random,13,0.00801914930343628
7,37,0.1,random,14,0.02671504020690918
7,37,0.1,random,15,0.030450165271759033
7,37,0.1,random,16,0.024809658527374268
7,37,0.1,random,17,0.011222124099731445
7,37,0.1,random,18,0.04228276014328003
7,37,0.1,random,19,0.03100299835205078
7,37,0.2,gnnexplainer,-1,0.34789377450942993
7,37,0.2,random,0,0.023701190948486328
7,37,0.2,random,1,0.07157117128372192
7,37,0.2,random,2,0.06826657056808472
7,37,0.2,random,3,0.08321887254714966
7,37,0.2,random,4,0.057032108306884766
7,37,0.2,random,5,0.046786487102508545
7,37,0.2,random,6,0.021800100803375244
7,37,0.2,random,7,0.04081243276596069
7,37,0.2,random,8,0.026219844818115234
7,37,0.2,random,9,0.021208763122558594
7,37,0.2,random,10,0.03378087282180786
7,37,0.2,random,11,0.14643192291259766
7,37,0.2,random,12,0.016488075256347656
7,37,0.2,random,13,0.009608030319213867
7,37,0.2,random,14,0.04450535774230957
7,37,0.2,random,15,0.06545120477676392
7,37,0.2,random,16,0.043309688568115234
7,37,0.2,random,17,0.032679736614227295
7,37,0.2,random,18,0.04945629835128784
7,37,0.2,random,19,0.023533880710601807
87,11,0.05,gnnexplainer,-1,0.016568930819630623
87,11,0.05,random,0,0.007490856572985649
87,11,0.05,random,1,0.0034203100949525833
87,11,0.05,random,2,0.005098612979054451
87,11,0.05,random,3,0.0017139008268713951
87,11,0.05,random,4,0.003073308616876602
87,11,0.05,random,5,0.004327649250626564
87,11,0.05,random,6,0.001677325926721096
87,11,0.05,random,7,0.001291472464799881
87,11,0.05,random,8,0.004660816863179207
87,11,0.05,random,9,0.0031092502176761627
87,11,0.05,random,10,0.0017934003844857216
87,11,0.05,random,11,0.0036442168056964874
87,11,0.05,random,12,0.006198415532708168
87,11,0.05,random,13,0.007452759891748428
87,11,0.05,random,14,0.006855292245745659
87,11,0.05,random,15,0.010922927409410477
87,11,0.05,random,16,0.003415921702980995
87,11,0.05,random,17,0.0013798661530017853
87,11,0.05,random,18,0.0009239213541150093
87,11,0.05,random,19,0.009198477491736412
87,11,0.1,gnnexplainer,-1,0.038255926221609116
87,11,0.1,random,0,0.007818510755896568
87,11,0.1,random,1,0.01126847043633461
87,11,0.1,random,2,0.0036974046379327774
87,11,0.1,random,3,0.010031497105956078
87,11,0.1,random,4,0.005821293219923973
87,11,0.1,random,5,0.00817028246819973
87,11,0.1,random,6,0.006564667448401451
87,11,0.1,random,7,0.0017377445474267006
87,11,0.1,random,8,0.005253372713923454
87,11,0.1,random,9,0.0017489036545157433
87,11,0.1,random,10,-0.003401520662009716
87,11,0.1,random,11,0.007482046261429787
87,11,0.1,random,12,0.005486724898219109
87,11,0.1,random,13,0.013366935774683952
87,11,0.1,random,14,0.010055433958768845
87,11,0.1,random,15,0.01401708647608757
87,11,0.1,random,16,0.009144233539700508
87,11,0.1,random,17,0.009996619075536728
87,11,0.1,random,18,0.01154518686234951
87,11,0.1,random,19,0.009568685665726662
87,11,0.2,gnnexplainer,-1,0.11766835674643517
87,11,0.2,random,0,0.0215320885181427
87,11,0.2,random,1,0.017179695889353752
87,11,0.2,random,2,0.003953257575631142
87,11,0.2,random,3,0.030186887830495834
87,11,0.2,random,4,0.010886074975132942
87,11,0.2,random,5,0.013498174026608467
87,11,0.2,random,6,0.011507885530591011
87,11,0.2,random,7,0.017931288108229637
87,11,0.2,random,8,0.021002061665058136
87,11,0.2,random,9,0.006733918562531471
87,11,0.2,random,10,0.006646541878581047
87,11,0.2,random,11,0.026325654238462448
87,11,0.2,random,12,0.024354930967092514
87,11,0.2,random,13,0.009741133078932762
87,11,0.2,random,14,0.02240048348903656
87,11,0.2,random,15,0.012476693838834763
87,11,0.2,random,16,0.0170856062322855
87,11,0.2,random,17,0.006550673395395279
87,11,0.2,random,18,0.012281915172934532
87,11,0.2,random,19,0.010960560292005539
87,23,0.05,gnnexplainer,-1,0.0181104838848114
87,23,0.05,random,0,0.00033904239535331726
87,23,0.05,random,1,0.004146866500377655
87,23,0.05,random,2,0.005859667435288429
87,23,0.05,random,3,0.00755942240357399
87,23,0.05,random,4,-9.452924132347107e-05
87,23,0.05,random,5,0.005680928006768227
87,23,0.05,random,6,0.005858287215232849
87,23,0.05,random,7,0.000765540637075901
87,23,0.05,random,8,0.007647033780813217
87,23,0.05,random,9,0.007577572017908096
87,23,0.05,random,10,-0.0012135664001107216
87,23,0.05,random,11,-0.0012162663042545319
87,23,0.05,random,12,-0.0016090432181954384
87,23,0.05,random,13,0.0030269864946603775
87,23,0.05,random,14,0.006218938156962395
87,23,0.05,random,15,0.0017421841621398926
87,23,0.05,random,16,0.0018239831551909447
87,23,0.05,random,17,0.0008724471554160118
87,23,0.05,random,18,0.004103677347302437
87,23,0.05,random,19,0.00420612096786499
87,23,0.1,gnnexplainer,-1,0.042939648032188416
87,23,0.1,random,0,0.014319630339741707
87,23,0.1,random,1,0.017966197803616524
87,23,0.1,random,2,0.003541411831974983
87,23,0.1,random,3,0.009110752493143082
87,23,0.1,random,4,0.00016103964298963547
87,23,0.1,random,5,0.017515281215310097
87,23,0.1,random,6,0.009668445214629173
87,23,0.1,random,7,0.0057594310492277145
87,23,0.1,random,8,0.013061759993433952
87,23,0.1,random,9,0.009911464527249336
87,23,0.1,random,10,0.009623968973755836
87,23,0.1,random,11,0.009326720610260963
87,23,0.1,random,12,0.004581386223435402
87,23,0.1,random,13,0.012093644589185715
87,23,0.1,random,14,0.016399936750531197
87,23,0.1,random,15,0.007635828107595444
87,23,0.1,random,16,0.017664995044469833
87,23,0.1,random,17,0.0017676018178462982
87,23,0.1,random,18,0.010471979156136513
87,23,0.1,random,19,0.0015937453135848045
87,23,0.2,gnnexplainer,-1,0.12104923650622368
87,23,0.2,random,0,0.01668415777385235
87,23,0.2,random,1,0.00794767402112484
87,23,0.2,random,2,0.002619542181491852
87,23,0.2,random,3,0.011316772550344467
87,23,0.2,random,4,0.01917152851819992
87,23,0.2,random,5,0.03905187174677849
87,23,0.2,random,6,0.002932395786046982
87,23,0.2,random,7,0.007614167407155037
87,23,0.2,random,8,0.018972080200910568
87,23,0.2,random,9,0.01494389958679676
87,23,0.2,random,10,0.021030083298683167
87,23,0.2,random,11,0.01950574666261673
87,23,0.2,random,12,0.02277667075395584
87,23,0.2,random,13,0.025014951825141907
87,23,0.2,random,14,0.010892076417803764
87,23,0.2,random,15,0.025301672518253326
87,23,0.2,random,16,0.007908772677183151
87,23,0.2,random,17,0.023489780724048615
87,23,0.2,random,18,0.019990723580121994
87,23,0.2,random,19,0.009059952571988106
87,37,0.05,gnnexplainer,-1,0.01681848242878914
87,37,0.05,random,0,0.0063932668417692184
87,37,0.05,random,1,0.005507422611117363
87,37,0.05,random,2,0.007537323981523514
87,37,0.05,random,3,0.004939625039696693
87,37,0.05,random,4,0.005999602377414703
87,37,0.05,random,5,0.0027909912168979645
87,37,0.05,random,6,0.001882847398519516
87,37,0.05,random,7,0.0003458121791481972
87,37,0.05,random,8,0.004486674442887306
87,37,0.05,random,9,0.0027043353766202927
87,37,0.05,random,10,0.0013760244473814964
87,37,0.05,random,11,0.0029246266931295395
87,37,0.05,random,12,0.010837482288479805
87,37,0.05,random,13,0.001989983953535557
87,37,0.05,random,14,0.002062917686998844
87,37,0.05,random,15,0.004705410450696945
87,37,0.05,random,16,0.0017887167632579803
87,37,0.05,random,17,0.006381021812558174
87,37,0.05,random,18,0.0001562153920531273
87,37,0.05,random,19,0.0040065813809633255
87,37,0.1,gnnexplainer,-1,0.03690554201602936
87,37,0.1,random,0,0.01130012609064579
87,37,0.1,random,1,0.015846919268369675
87,37,0.1,random,2,0.006142960861325264
87,37,0.1,random,3,0.008140018209815025
87,37,0.1,random,4,0.006651652976870537
87,37,0.1,random,5,0.003591323271393776
87,37,0.1,random,6,0.00704619474709034
87,37,0.1,random,7,0.018849454820156097
87,37,0.1,random,8,0.007744243368506432
87,37,0.1,random,9,0.01648046262562275
87,37,0.1,random,10,0.00922398455440998
87,37,0.1,random,11,0.007492957636713982
87,37,0.1,random,12,0.00870208814740181
87,37,0.1,random,13,0.00642046332359314
87,37,0.1,random,14,0.008687930181622505
87,37,0.1,random,15,0.006901305168867111
87,37,0.1,random,16,0.01415240578353405
87,37,0.1,random,17,0.008881743997335434
87,37,0.1,random,18,-0.00046671275049448013
87,37,0.1,random,19,0.008282160386443138
87,37,0.2,gnnexplainer,-1,0.1214599721133709
87,37,0.2,random,0,0.027165140956640244
87,37,0.2,random,1,0.019241105765104294
87,37,0.2,random,2,0.01670549437403679
87,37,0.2,random,3,0.018928147852420807
87,37,0.2,random,4,0.018435943871736526
87,37,0.2,random,5,0.013221146538853645
87,37,0.2,random,6,0.01897987350821495
87,37,0.2,random,7,0.031113438308238983
87,37,0.2,random,8,0.013433253392577171
87,37,0.2,random,9,0.025106996297836304
87,37,0.2,random,10,0.04446955770254135
87,37,0.2,random,11,0.016703730449080467
87,37,0.2,random,12,0.0030493568629026413
87,37,0.2,random,13,0.013417383655905724
87,37,0.2,random,14,0.008501680567860603
87,37,0.2,random,15,0.004059977829456329
87,37,0.2,random,16,0.01015797071158886
87,37,0.2,random,17,0.006880279630422592
87,37,0.2,random,18,0.01146472617983818
87,37,0.2,random,19,0.03272457420825958
9,11,0.05,gnnexplainer,-1,0.08798038214445114
9,11,0.05,random,0,0.024345554411411285
9,11,0.05,random,1,-0.001858040690422058
9,11,0.05,random,2,0.02141251415014267
9,11,0.05,random,3,0.009029470384120941
9,11,0.05,random,4,0.03247781842947006
9,11,0.05,random,5,0.014675818383693695
9,11,0.05,random,6,0.03654872626066208
9,11,0.05,random,7,-0.00313364714384079
9,11,0.05,random,8,0.044035010039806366
9,11,0.05,random,9,0.012413255870342255
9,11,0.05,random,10,-0.010373316705226898
9,11,0.05,random,11,0.017411641776561737
9,11,0.05,random,12,0.01959799975156784
9,11,0.05,random,13,0.011800713837146759
9,11,0.05,random,14,0.010212577879428864
9,11,0.05,random,15,0.012124322354793549
9,11,0.05,random,16,0.011845923960208893
9,11,0.05,random,17,0.03368597477674484
9,11,0.05,random,18,-0.007173970341682434
9,11,0.05,random,19,0.04200749844312668
9,11,0.1,gnnexplainer,-1,0.09200624376535416
9,11,0.1,random,0,0.021164678037166595
9,11,0.1,random,1,0.06269749253988266
9,11,0.1,random,2,-0.01338975876569748
9,11,0.1,random,3,0.013430334627628326
9,11,0.1,random,4,0.049649469554424286
9,11,0.1,random,5,0.06545982509851456
9,11,0.1,random,6,0.012599967420101166
9,11,0.1,random,7,0.008439697325229645
9,11,0.1,random,8,0.05819611996412277
9,11,0.1,random,9,0.017077229917049408
9,11,0.1,random,10,0.024439923465251923
9,11,0.1,random,11,-0.0015778467059135437
9,11,0.1,random,12,0.00781460851430893
9,11,0.1,random,13,0.026646189391613007
9,11,0.1,random,14,0.025499440729618073
9,11,0.1,random,15,0.028486065566539764
9,11,0.1,random,16,0.04728343337774277
9,11,0.1,random,17,0.018521390855312347
9,11,0.1,random,18,0.05183126777410507
9,11,0.1,random,19,0.004815690219402313
9,11,0.2,gnnexplainer,-1,0.09216573089361191
9,11,0.2,random,0,0.04814722388982773
9,11,0.2,random,1,0.04459526389837265
9,11,0.2,random,2,0.07656144350767136
9,11,0.2,random,3,0.09453002363443375
9,11,0.2,random,4,0.013891138136386871
9,11,0.2,random,5,0.07223992794752121
9,11,0.2,random,6,0.06483601778745651
9,11,0.2,random,7,0.05284111946821213
9,11,0.2,random,8,0.06343308836221695
9,11,0.2,random,9,0.04356687515974045
9,11,0.2,random,10,0.019886501133441925
9,11,0.2,random,11,0.11391552537679672
9,11,0.2,random,12,0.01849452406167984
9,11,0.2,random,13,0.09628894180059433
9,11,0.2,random,14,0.03027697652578354
9,11,0.2,random,15,0.1017061248421669
9,11,0.2,random,16,0.11035936325788498
9,11,0.2,random,17,0.041437648236751556
9,11,0.2,random,18,0.015504591166973114
9,11,0.2,random,19,0.011184178292751312
9,23,0.05,gnnexplainer,-1,0.08798038214445114
9,23,0.05,random,0,0.010152585804462433
9,23,0.05,random,1,0.0067916139960289
9,23,0.05,random,2,0.03489872068166733
9,23,0.05,random,3,0.04899819940328598
9,23,0.05,random,4,0.0005348697304725647
9,23,0.05,random,5,0.029939495027065277
9,23,0.05,random,6,0.0229182168841362
9,23,0.05,random,7,0.020207442343235016
9,23,0.05,random,8,0.005493558943271637
9,23,0.05,random,9,0.007205061614513397
9,23,0.05,random,10,0.015433304011821747
9,23,0.05,random,11,0.022007323801517487
9,23,0.05,random,12,0.0372975692152977
9,23,0.05,random,13,0.021047241985797882
9,23,0.05,random,14,0.025376535952091217
9,23,0.05,random,15,0.00316040962934494
9,23,0.05,random,16,0.00425555557012558
9,23,0.05,random,17,0.013901583850383759
9,23,0.05,random,18,0.0286468043923378
9,23,0.05,random,19,0.016864292323589325
9,23,0.1,gnnexplainer,-1,0.0814424380660057
9,23,0.1,random,0,0.011157520115375519
9,23,0.1,random,1,0.034681133925914764
9,23,0.1,random,2,0.03608221560716629
9,23,0.1,random,3,0.029114343225955963
9,23,0.1,random,4,0.04098544269800186
9,23,0.1,random,5,0.04080504924058914
9,23,0.1,random,6,-0.009626194834709167
9,23,0.1,random,7,0.013996519148349762
9,23,0.1,random,8,0.010153137147426605
9,23,0.1,random,9,0.013818062841892242
9,23,0.1,random,10,0.048367731273174286
9,23,0.1,random,11,0.005165450274944305
9,23,0.1,random,12,0.04152090102434158
9,23,0.1,random,13,0.007471837103366852
9,23,0.1,random,14,0.02802135795354843
9,23,0.1,random,15,0.0006318911910057068
9,23,0.1,random,16,0.04161336272954941
9,23,0.1,random,17,0.0033586397767066956
9,23,0.1,random,18,0.053239159286022186
9,23,0.1,random,19,0.009980536997318268
9,23,0.2,gnnexplainer,-1,0.07451710850000381
9,23,0.2,random,0,0.03325340896844864
9,23,0.2,random,1,0.06987740844488144
9,23,0.2,random,2,0.020714111626148224
9,23,0.2,random,3,0.02917083352804184
9,23,0.2,random,4,0.05680052191019058
9,23,0.2,random,5,0.029954291880130768
9,23,0.2,random,6,0.05960538238286972
9,23,0.2,random,7,0.09956105798482895
9,23,0.2,random,8,0.03761937469244003
9,23,0.2,random,9,0.040212325751781464
9,23,0.2,random,10,0.019199125468730927
9,23,0.2,random,11,0.05870770663022995
9,23,0.2,random,12,0.04626648873090744
9,23,0.2,random,13,0.022777341306209564
9,23,0.2,random,14,0.07161984592676163
9,23,0.2,random,15,0.06202010065317154
9,23,0.2,random,16,0.06863420456647873
9,23,0.2,random,17,0.030952297151088715
9,23,0.2,random,18,0.057476840913295746
9,23,0.2,random,19,0.025769956409931183
9,37,0.05,gnnexplainer,-1,0.08798038214445114
9,37,0.05,random,0,0.01049787551164627
9,37,0.05,random,1,-0.009076736867427826
9,37,0.05,random,2,-0.004352688789367676
9,37,0.05,random,3,0.006756000220775604
9,37,0.05,random,4,0.02723916620016098
9,37,0.05,random,5,0.0061668530106544495
9,37,0.05,random,6,0.004368416965007782
9,37,0.05,random,7,-0.002370104193687439
9,37,0.05,random,8,0.01487652212381363
9,37,0.05,random,9,0.013779588043689728
9,37,0.05,random,10,-0.003415808081626892
9,37,0.05,random,11,0.02798011153936386
9,37,0.05,random,12,0.021113015711307526
9,37,0.05,random,13,0.02052239328622818
9,37,0.05,random,14,0.043628059327602386
9,37,0.05,random,15,0.028166554868221283
9,37,0.05,random,16,0.03771979361772537
9,37,0.05,random,17,0.007878236472606659
9,37,0.05,random,18,0.034184254705905914
9,37,0.05,random,19,-0.0016996264457702637
9,37,0.1,gnnexplainer,-1,0.10576172918081284
9,37,0.1,random,0,0.07317417114973068
9,37,0.1,random,1,0.03955516964197159
9,37,0.1,random,2,0.011769987642765045
9,37,0.1,random,3,0.015126325190067291
9,37,0.1,random,4,0.027390681207180023
9,37,0.1,random,5,0.022095434367656708
9,37,0.1,random,6,0.04680725187063217
9,37,0.1,random,7,0.0401366725564003
9,37,0.1,random,8,0.012137718498706818
9,37,0.1,random,9,0.0016024187207221985
9,37,0.1,random,10,0.025982432067394257
9,37,0.1,random,11,0.029947631061077118
9,37,0.1,random,12,-0.008156731724739075
9,37,0.1,random,13,0.03117326647043228
9,37,0.1,random,14,0.038502611219882965
9,37,0.1,random,15,0.09107426553964615
9,37,0.1,random,16,0.0450887456536293
9,37,0.1,random,17,-0.01021815836429596
9,37,0.1,random,18,0.01311057060956955
9,37,0.1,random,19,0.02435138076543808
9,37,0.2,gnnexplainer,-1,0.1131463274359703
9,37,0.2,random,0,0.03056267648935318
9,37,0.2,random,1,0.06627026945352554
9,37,0.2,random,2,0.053192831575870514
9,37,0.2,random,3,0.06054558604955673
9,37,0.2,random,4,0.06217031925916672
9,37,0.2,random,5,0.010640807449817657
9,37,0.2,random,6,0.12309960275888443
9,37,0.2,random,7,0.11624272912740707
9,37,0.2,random,8,0.034831322729587555
9,37,0.2,random,9,0.021699048578739166
9,37,0.2,random,10,0.04914816468954086
9,37,0.2,random,11,0.08534101396799088
9,37,0.2,random,12,0.08675404638051987
9,37,0.2,random,13,0.06095191091299057
9,37,0.2,random,14,0.019878439605236053
9,37,0.2,random,15,0.05038755387067795
9,37,0.2,random,16,0.03272440284490585
9,37,0.2,random,17,0.0018280968070030212
9,37,0.2,random,18,0.0635303184390068
9,37,0.2,random,19,0.006399013102054596
