patient,cluster,mode,kind,repeat,removed,selected_indices,remaining_nodes,remaining_directed_edges,baseline_p_IC,perturbed_p_IC,drop
101,0,node_removal,target,0,62,"[0, 1, 2, 3, 4, 5, 6, 7, 8, 9, 10, 11, 12, 13, 14, 15, 16, 17, 18, 19, 20, 21, 22, 23, 24, 25, 26, 27, 28, 29, 30, 31, 32, 33, 34, 35, 36, 37, 38, 39, 40, 41, 42, 43, 44, 45, 46, 47, 48, 49, 50, 51, 52, 53, 54, 55, 56, 57, 58, 59, 60, 63]",2,2,0.01575981266796589,0.7257075309753418,0.7099477183073759
101,0,node_removal,random,1,62,"[58, 61, 0, 43, 28, 56, 29, 45, 36, 27, 57, 42, 34, 62, 18, 63, 39, 20, 35, 4, 59, 44, 23, 24, 3, 37, 32, 60, 26, 7, 31, 55, 19, 15, 21, 16, 12, 6, 5, 22, 41, 50, 51, 13, 30, 46, 33, 38, 11, 2, 47, 17, 25, 48, 53, 52, 10, 54, 40, 14, 49, 9]",2,2,0.01575981266796589,0.10321442037820816,0.08745460771024227
101,0,node_removal,random,2,62,"[21, 15, 35, 62, 63, 44, 39, 34, 37, 27, 42, 26, 3, 28, 57, 36, 29, 1, 31, 59, 55, 23, 43, 24, 58, 32, 7, 19, 56, 61, 4, 0, 20, 60, 8, 16, 40, 48, 25, 53, 6, 51, 50, 22, 52, 10, 47, 54, 2, 11, 41, 30, 13, 46, 33, 38, 12, 5, 17, 49, 14, 9]",2,0,0.01575981266796589,0.09038709849119186,0.07462728582322598
101,0,node_removal,random,3,62,"[28, 36, 16, 24, 23, 20, 60, 62, 8, 32, 15, 19, 4, 57, 61, 37, 63, 59, 18, 3, 7, 1, 56, 26, 27, 29, 34, 35, 21, 55, 45, 58, 42, 43, 39, 31, 52, 41, 46, 11, 30, 13, 6, 33, 38, 10, 53, 40, 5, 22, 50, 54, 47, 25, 51, 2, 17, 12, 48, 14, 49, 9]",2,0,0.01575981266796589,0.027722762897610664,0.011962950229644775
101,0,node_removal,random,4,62,"[57, 7, 63, 58, 44, 39, 56, 4, 61, 34, 3, 8, 45, 23, 16, 24, 28, 1, 60, 27, 59, 62, 35, 20, 43, 19, 42, 15, 31, 55, 26, 29, 0, 21, 32, 36, 10, 52, 40, 47, 25, 2, 46, 53, 54, 12, 38, 33, 5, 22, 50, 11, 13, 17, 48, 30, 51, 41, 6, 14, 49, 9]",2,0,0.01575981266796589,0.0008206054917536676,-0.014939207176212221
101,0,node_removal,random,5,62,"[16, 15, 3, 26, 61, 57, 36, 27, 31, 28, 59, 32, 23, 0, 18, 62, 56, 29, 34, 44, 43, 20, 39, 63, 42, 55, 7, 4, 37, 45, 35, 19, 58, 1, 8, 24, 17, 2, 12, 5, 13, 11, 52, 54, 30, 46, 53, 25, 47, 41, 40, 50, 33, 38, 6, 22, 10, 51, 48, 49, 14, 9]",2,0,0.01575981266796589,0.006733379792422056,-0.009026432875543833
101,0,node_removal,random,6,62,"[26, 1, 39, 44, 32, 42, 3, 62, 60, 19, 23, 15, 8, 28, 36, 27, 63, 35, 7, 55, 37, 24, 61, 4, 0, 57, 16, 43, 34, 45, 29, 31, 59, 56, 58, 18, 13, 30, 48, 2, 46, 41, 38, 11, 17, 12, 33, 51, 10, 25, 5, 6, 40, 47, 54, 50, 22, 52, 53, 49, 14, 9]",2,2,0.01575981266796589,1.917335066536907e-05,-0.01574063931730052
101,0,node_removal,random,7,62,"[20, 42, 36, 55, 24, 62, 60, 4, 63, 32, 37, 29, 3, 58, 21, 45, 35, 28, 44, 7, 34, 16, 8, 39, 61, 18, 27, 59, 43, 56, 0, 23, 26, 57, 19, 31, 22, 13, 54, 40, 25, 5, 11, 6, 48, 52, 2, 50, 12, 17, 47, 30, 10, 46, 33, 41, 53, 38, 51, 49, 14, 9]",2,0,0.01575981266796589,0.48035570979118347,0.4645958971232176
101,0,node_removal,random,8,62,"[57, 27, 26, 45, 20, 58, 16, 8, 42, 19, 24, 29, 35, 60, 21, 15, 43, 28, 32, 61, 18, 44, 23, 39, 3, 55, 62, 63, 37, 34, 36, 56, 0, 59, 4, 1, 40, 10, 12, 47, 17, 46, 6, 48, 2, 25, 22, 54, 13, 50, 30, 5, 53, 11, 33, 41, 52, 51, 38, 14, 49, 9]",2,0,0.01575981266796589,0.005812598392367363,-0.009947214275598526
101,0,node_removal,random,9,62,"[55, 4, 19, 45, 37, 24, 18, 34, 23, 56, 39, 26, 42, 7, 61, 21, 43, 0, 29, 35, 58, 59, 32, 15, 8, 28, 60, 57, 3, 63, 44, 36, 31, 20, 1, 62, 53, 11, 10, 54, 6, 2, 13, 33, 50, 46, 51, 48, 5, 17, 22, 41, 30, 12, 25, 40, 52, 47, 38, 49, 14, 9]",2,0,0.01575981266796589,0.07502704858779907,0.05926723591983318
101,0,node_removal,random,10,62,"[32, 36, 35, 60, 31, 59, 57, 15, 27, 42, 26, 0, 8, 45, 63, 44, 1, 29, 61, 20, 19, 7, 43, 37, 3, 39, 24, 28, 56, 23, 21, 18, 62, 4, 16, 55, 46, 5, 50, 41, 47, 40, 10, 51, 54, 17, 13, 6, 52, 2, 25, 22, 48, 11, 30, 12, 53, 38, 33, 49, 14, 9]",2,0,0.01575981266796589,0.681213915348053,0.6654541026800871
101,0,node_removal,random,11,62,"[20, 37, 55, 39, 44, 7, 19, 63, 15, 36, 57, 56, 31, 24, 32, 42, 27, 23, 61, 34, 4, 8, 43, 16, 62, 21, 59, 0, 60, 26, 29, 1, 45, 3, 28, 58, 30, 38, 22, 46, 11, 52, 6, 10, 48, 12, 41, 2, 25, 17, 54, 13, 47, 53, 33, 5, 50, 51, 40, 14, 49, 9]",2,0,0.01575981266796589,0.0008470268803648651,-0.014912785787601024
101,0,node_removal,random,12,62,"[7, 19, 35, 3, 45, 61, 59, 55, 56, 8, 20, 24, 60, 23, 37, 42, 15, 32, 29, 58, 44, 36, 27, 62, 26, 18, 31, 0, 63, 57, 16, 21, 1, 34, 39, 43, 53, 10, 2, 33, 12, 52, 22, 41, 51, 50, 6, 48, 46, 47, 11, 13, 30, 40, 17, 38, 25, 54, 5, 49, 14, 9]",2,0,0.01575981266796589,0.18022538721561432,0.16446557454764843
101,0,node_removal,random,13,62,"[16, 60, 59, 26, 28, 43, 44, 7, 27, 62, 37, 32, 31, 3, 19, 61, 20, 55, 18, 4, 29, 21, 39, 1, 63, 35, 36, 15, 56, 23, 42, 8, 0, 34, 58, 45, 5, 41, 46, 22, 11, 47, 12, 13, 30, 53, 2, 48, 10, 52, 38, 54, 6, 17, 40, 51, 50, 25, 33, 49, 14, 9]",2,0,0.01575981266796589,0.08516333252191544,0.06940351985394955
101,0,node_removal,random,14,62,"[39, 35, 45, 16, 26, 0, 56, 20, 59, 4, 27, 29, 63, 19, 8, 3, 7, 23, 43, 34, 1, 61, 24, 18, 58, 28, 44, 42, 15, 37, 57, 36, 32, 60, 31, 55, 46, 47, 5, 41, 11, 17, 25, 2, 30, 38, 10, 40, 6, 33, 22, 12, 13, 52, 48, 53, 51, 50, 54, 49, 14, 9]",2,0,0.01575981266796589,0.29270195960998535,0.27694214694201946
101,0,node_removal,random,15,62,"[57, 43, 45, 21, 27, 24, 29, 35, 36, 19, 44, 55, 23, 42, 56, 18, 15, 63, 20, 8, 28, 1, 0, 58, 4, 62, 26, 61, 32, 39, 59, 34, 37, 60, 3, 16, 33, 46, 52, 10, 40, 17, 2, 38, 12, 11, 13, 25, 30, 50, 22, 51, 5, 53, 54, 48, 47, 41, 6, 14, 49, 9]",2,0,0.01575981266796589,0.005812598392367363,-0.009947214275598526
101,0,node_removal,random,16,62,"[15, 43, 27, 16, 60, 34, 1, 57, 23, 26, 62, 21, 8, 44, 7, 29, 32, 45, 3, 19, 24, 20, 42, 39, 63, 31, 4, 59, 28, 35, 18, 37, 36, 58, 55, 56, 22, 2, 41, 50, 30, 38, 52, 47, 13, 10, 25, 46, 48, 17, 51, 12, 33, 54, 11, 53, 6, 40, 5, 14, 49, 9]",2,0,0.01575981266796589,0.6019169688224792,0.5861571561545134
101,0,node_removal,random,17,62,"[19, 24, 7, 31, 20, 61, 45, 29, 4, 15, 39, 26, 18, 63, 62, 23, 35, 27, 1, 34, 55, 59, 32, 60, 16, 21, 8, 44, 56, 58, 42, 36, 0, 57, 28, 43, 22, 53, 13, 10, 17, 5, 25, 46, 12, 41, 30, 50, 54, 48, 52, 33, 40, 47, 11, 2, 6, 51, 38, 14, 49, 9]",2,0,0.01575981266796589,0.0032035845797508955,-0.012556228088214993
101,0,node_removal,random,18,62,"[36, 60, 35, 8, 62, 43, 4, 16, 21, 23, 37, 42, 63, 58, 15, 39, 7, 29, 3, 20, 56, 28, 34, 61, 44, 0, 55, 32, 24, 31, 1, 26, 18, 57, 45, 27, 5, 47, 46, 53, 52, 12, 30, 22, 17, 54, 25, 48, 51, 13, 11, 50, 10, 40, 41, 33, 6, 38, 2, 14, 49, 9]",2,0,0.01575981266796589,0.006894530262798071,-0.008865282405167818
101,0,node_removal,random,19,62,"[8, 26, 20, 34, 29, 28, 36, 61, 56, 24, 35, 3, 27, 32, 60, 62, 37, 15, 59, 55, 42, 31, 0, 4, 18, 63, 1, 39, 23, 43, 44, 45, 7, 16, 57, 58, 22, 54, 38, 52, 46, 30, 51, 48, 10, 13, 17, 11, 25, 50, 40, 47, 12, 6, 41, 2, 53, 33, 5, 14, 49, 9]",2,0,0.01575981266796589,0.022201577201485634,0.006441764533519745
101,0,node_removal,random,20,62,"[16, 56, 42, 24, 19, 29, 37, 43, 63, 28, 7, 1, 55, 8, 20, 15, 4, 0, 35, 36, 27, 26, 18, 60, 59, 62, 61, 39, 34, 31, 45, 58, 3, 57, 44, 32, 41, 47, 48, 50, 11, 51, 22, 17, 13, 38, 10, 52, 5, 53, 46, 6, 33, 12, 30, 25, 40, 2, 54, 14, 49, 9]",2,0,0.01575981266796589,0.00023100478574633598,-0.015528807882219553
101,0,boundary_removal,target,0,6,"[128, 130, 131, 133, 140, 142]",64,274,0.01575981266796589,0.015401986427605152,-0.00035782624036073685
101,0,boundary_removal,random,1,6,"[83, 72, 93, 56, 122, 63]",64,274,0.01575981266796589,0.01583101414144039,7.120147347450256e-05
101,0,boundary_removal,random,2,6,"[53, 85, 107, 43, 134, 75]",64,274,0.01575981266796589,0.016239749267697334,0.0004799365997314453
101,0,boundary_removal,random,3,6,"[72, 53, 15, 90, 63, 14]",64,274,0.01575981266796589,0.015918610617518425,0.000158797949552536
101,0,boundary_removal,random,4,6,"[70, 0, 45, 60, 131, 75]",64,274,0.01575981266796589,0.015511472709476948,-0.0002483399584889412
101,0,boundary_removal,random,5,6,"[85, 61, 121, 20, 58, 63]",64,274,0.01575981266796589,0.016009295359253883,0.0002494826912879944
101,0,boundary_removal,random,6,6,"[48, 86, 20, 90, 134, 125]",64,274,0.01575981266796589,0.01625421829521656,0.0004944056272506714
101,0,boundary_removal,random,7,6,"[53, 87, 114, 13, 63, 131]",64,274,0.01575981266796589,0.01611739955842495,0.00035758689045906067
101,0,boundary_removal,random,8,6,"[67, 84, 130, 101, 23, 11]",64,274,0.01575981266796589,0.015742361545562744,-1.7451122403144836e-05
101,0,boundary_removal,random,9,6,"[139, 0, 106, 105, 125, 122]",64,274,0.01575981266796589,0.016033530235290527,0.00027371756732463837
101,0,boundary_removal,random,10,6,"[140, 70, 54, 88, 46, 11]",64,274,0.01575981266796589,0.016495471820235252,0.0007356591522693634
101,0,boundary_removal,random,11,6,"[52, 86, 106, 13, 134, 131]",64,274,0.01575981266796589,0.016298474743962288,0.0005386620759963989
101,0,boundary_removal,random,12,6,"[138, 53, 88, 114, 115, 122]",64,274,0.01575981266796589,0.01640011928975582,0.0006403066217899323
101,0,boundary_removal,random,13,6,"[50, 70, 79, 62, 134, 14]",64,274,0.01575981266796589,0.015732338652014732,-2.7474015951156616e-05
101,0,boundary_removal,random,14,6,"[136, 89, 20, 90, 63, 131]",64,274,0.01575981266796589,0.015779541805386543,1.9729137420654297e-05
101,0,boundary_removal,random,15,6,"[51, 102, 88, 60, 134, 110]",64,274,0.01575981266796589,0.01667832024395466,0.0009185075759887695
101,0,boundary_removal,random,16,6,"[104, 48, 90, 15, 125, 23]",64,274,0.01575981266796589,0.015537331812083721,-0.00022248085588216782
101,0,boundary_removal,random,17,6,"[142, 138, 73, 56, 128, 131]",64,274,0.01575981266796589,0.015552646480500698,-0.0002071661874651909
101,0,boundary_removal,random,18,6,"[0, 69, 36, 56, 122, 46]",64,274,0.01575981266796589,0.015911340713500977,0.00015152804553508759
101,0,boundary_removal,random,19,6,"[48, 68, 114, 77, 14, 58]",64,274,0.01575981266796589,0.015116165392100811,-0.000643647275865078
101,0,boundary_removal,random,20,6,"[104, 137, 93, 56, 75, 122]",64,274,0.01575981266796589,0.015595984645187855,-0.0001638280227780342
101,4,node_removal,target,0,2,"[61, 62]",62,272,0.01575981266796589,0.013101589865982533,-0.0026582228019833565
101,4,node_removal,random,1,2,"[34, 63]",62,270,0.01575981266796589,0.014773762784898281,-0.0009860498830676079
101,4,node_removal,random,2,2,"[28, 42]",62,270,0.01575981266796589,0.01756659708917141,0.0018067844212055206
101,4,node_removal,random,3,2,"[8, 27]",62,270,0.01575981266796589,0.014672561548650265,-0.0010872511193156242
101,4,node_removal,random,4,2,"[62, 7]",62,270,0.01575981266796589,0.013917338103055954,-0.001842474564909935
101,4,node_removal,random,5,2,"[56, 61]",62,270,0.01575981266796589,0.01458531990647316,-0.0011744927614927292
101,4,node_removal,random,6,2,"[26, 8]",62,270,0.01575981266796589,0.016829146072268486,0.001069333404302597
101,4,node_removal,random,7,2,"[23, 21]",62,270,0.01575981266796589,0.018846789374947548,0.003086976706981659
101,4,node_removal,random,8,2,"[0, 37]",62,270,0.01575981266796589,0.015348941087722778,-0.00041087158024311066
101,4,node_removal,random,9,2,"[8, 1]",62,272,0.01575981266796589,0.014798435382544994,-0.0009613772854208946
101,4,node_removal,random,10,2,"[27, 24]",62,270,0.01575981266796589,0.015741264447569847,-1.854822039604187e-05
101,4,node_removal,random,11,2,"[44, 34]",62,270,0.01575981266796589,0.015691734850406647,-6.807781755924225e-05
101,4,node_removal,random,12,2,"[19, 18]",62,272,0.01575981266796589,0.016955750063061714,0.0011959373950958252
101,4,node_removal,random,13,2,"[1, 43]",62,270,0.01575981266796589,0.019397195428609848,0.003637382760643959
101,4,node_removal,random,14,2,"[37, 8]",62,270,0.01575981266796589,0.01578633300960064,2.6520341634750366e-05
101,4,node_removal,random,15,2,"[39, 1]",62,270,0.01575981266796589,0.015862176194787025,0.00010236352682113647
101,4,node_removal,random,16,2,"[60, 44]",62,270,0.01575981266796589,0.017898017540574074,0.002138204872608185
101,4,node_removal,random,17,2,"[55, 36]",62,270,0.01575981266796589,0.01634259521961212,0.0005827825516462326
101,4,node_removal,random,18,2,"[31, 26]",62,270,0.01575981266796589,0.018761852756142616,0.0030020400881767273
101,4,node_removal,random,19,2,"[19, 61]",62,270,0.01575981266796589,0.014995393343269825,-0.000764419324696064
101,4,node_removal,random,20,2,"[26, 43]",62,270,0.01575981266796589,0.02221764624118805,0.00645783357322216
101,4,boundary_removal,target,0,6,"[128, 130, 131, 133, 140, 142]",64,274,0.01575981266796589,0.015401986427605152,-0.00035782624036073685
101,4,boundary_removal,random,1,6,"[10, 59, 105, 43, 46, 58]",64,274,0.01575981266796589,0.015894155949354172,0.00013434328138828278
101,4,boundary_removal,random,2,6,"[82, 83, 60, 36, 125, 131]",64,274,0.01575981266796589,0.015688888728618622,-7.092393934726715e-05
101,4,boundary_removal,random,3,6,"[141, 104, 121, 90, 131, 134]",64,274,0.01575981266796589,0.015455707907676697,-0.0003041047602891922
101,4,boundary_removal,random,4,6,"[138, 86, 124, 132, 23, 58]",64,274,0.01575981266796589,0.015861643478274345,0.00010183081030845642
101,4,boundary_removal,random,5,6,"[85, 140, 45, 34, 134, 11]",64,274,0.01575981266796589,0.01658996008336544,0.0008301474153995514
101,4,boundary_removal,random,6,6,"[136, 83, 12, 101, 63, 125]",64,274,0.01575981266796589,0.015722233802080154,-3.757886588573456e-05
101,4,boundary_removal,random,7,6,"[48, 137, 103, 111, 46, 58]",64,274,0.01575981266796589,0.015684455633163452,-7.535703480243683e-05
101,4,boundary_removal,random,8,6,"[136, 138, 121, 105, 131, 11]",64,274,0.01575981266796589,0.015677906572818756,-8.190609514713287e-05
101,4,boundary_removal,random,9,6,"[44, 2, 130, 97, 46, 14]",64,274,0.01575981266796589,0.015345553867518902,-0.00041425880044698715
101,4,boundary_removal,random,10,6,"[138, 66, 7, 130, 125, 115]",64,274,0.01575981266796589,0.01580405980348587,4.4247135519981384e-05
101,4,boundary_removal,random,11,6,"[68, 83, 77, 90, 58, 11]",64,274,0.01575981266796589,0.015636855736374855,-0.00012295693159103394
101,4,boundary_removal,random,12,6,"[65, 51, 13, 101, 115, 58]",64,274,0.01575981266796589,0.015854516997933388,9.470432996749878e-05
101,4,boundary_removal,random,13,6,"[49, 86, 105, 78, 110, 23]",64,274,0.01575981266796589,0.01612326316535473,0.0003634504973888397
101,4,boundary_removal,random,14,6,"[137, 50, 20, 32, 134, 46]",64,274,0.01575981266796589,0.016418080776929855,0.0006582681089639664
101,4,boundary_removal,random,15,6,"[0, 50, 38, 127, 63, 14]",64,274,0.01575981266796589,0.0158617552369833,0.00010194256901741028
101,4,boundary_removal,random,16,6,"[61, 65, 56, 107, 122, 58]",64,274,0.01575981266796589,0.01565953530371189,-0.0001002773642539978
101,4,boundary_removal,random,17,6,"[2, 10, 114, 13, 134, 14]",64,274,0.01575981266796589,0.015567454509437084,-0.00019235815852880478
101,4,boundary_removal,random,18,6,"[135, 48, 127, 32, 58, 131]",64,274,0.01575981266796589,0.015804363414645195,4.455074667930603e-05
101,4,boundary_removal,random,19,6,"[42, 100, 36, 78, 134, 58]",64,274,0.01575981266796589,0.016555042937397957,0.0007952302694320679
101,4,boundary_removal,random,20,6,"[104, 2, 78, 105, 75, 46]",64,274,0.01575981266796589,0.015601248480379581,-0.00015856418758630753
102,0,node_removal,target,0,53,"[0, 1, 2, 3, 4, 5, 9, 10, 11, 12, 13, 14, 17, 18, 20, 21, 22, 23, 24, 25, 28, 29, 30, 31, 32, 33, 36, 37, 38, 39, 40, 41, 43, 44, 45, 46, 47, 48, 49, 50, 51, 52, 53, 54, 55, 56, 57, 58, 59, 60, 61, 62, 63]",11,20,0.023992398753762245,0.9931302666664124,0.9691378679126501
102,0,node_removal,random,1,53,"[7, 3, 36, 27, 4, 18, 28, 32, 8, 20, 23, 29, 56, 24, 45, 42, 15, 63, 34, 1, 39, 0, 26, 19, 61, 44, 59, 31, 17, 38, 5, 54, 25, 46, 2, 47, 41, 13, 40, 33, 50, 30, 53, 22, 12, 52, 10, 6, 48, 51, 14, 49, 9]",11,4,0.023992398753762245,0.07194627076387405,0.04795387201011181
102,0,node_removal,random,2,53,"[57, 20, 36, 23, 43, 61, 3, 21, 0, 29, 45, 34, 1, 63, 19, 7, 56, 8, 28, 59, 35, 60, 27, 24, 42, 32, 44, 4, 25, 38, 12, 50, 2, 30, 5, 41, 10, 52, 54, 6, 47, 11, 51, 48, 17, 33, 46, 13, 22, 53, 49, 14, 9]",11,4,0.023992398753762245,0.07877588272094727,0.05478348396718502
102,0,node_removal,random,3,53,"[56, 44, 43, 35, 61, 15, 55, 24, 29, 57, 27, 16, 4, 18, 0, 28, 3, 8, 7, 34, 63, 39, 62, 19, 36, 42, 1, 21, 33, 30, 11, 10, 46, 5, 53, 13, 47, 48, 38, 51, 54, 40, 12, 50, 22, 2, 25, 17, 52, 6, 14, 49, 9]",11,8,0.023992398753762245,0.007129994686692953,-0.016862404067069292
102,0,node_removal,random,4,53,"[7, 42, 31, 27, 8, 21, 34, 59, 15, 0, 61, 56, 44, 63, 26, 29, 45, 4, 23, 62, 19, 39, 55, 32, 18, 24, 28, 37, 25, 38, 12, 48, 6, 11, 22, 50, 17, 33, 5, 53, 13, 10, 54, 46, 52, 41, 51, 2, 40, 47, 49, 14, 9]",11,6,0.023992398753762245,0.27512964606285095,0.2511372473090887
102,0,node_removal,random,5,53,"[20, 27, 42, 0, 24, 58, 36, 39, 31, 32, 57, 44, 15, 16, 3, 45, 63, 26, 55, 28, 19, 37, 62, 60, 43, 18, 59, 29, 46, 25, 51, 10, 33, 41, 53, 12, 2, 30, 22, 54, 11, 5, 50, 48, 47, 17, 13, 40, 38, 52, 14, 49, 9]",11,6,0.023992398753762245,0.23723429441452026,0.21324189566075802
102,0,node_removal,random,6,53,"[35, 32, 63, 62, 3, 8, 57, 7, 34, 42, 58, 60, 56, 44, 4, 27, 28, 61, 31, 15, 37, 59, 29, 39, 55, 36, 1, 24, 2, 33, 12, 41, 17, 6, 46, 52, 11, 48, 47, 10, 13, 38, 50, 30, 54, 5, 51, 53, 25, 22, 49, 14, 9]",11,8,0.023992398753762245,0.3128839433193207,0.28889154456555843
102,0,node_removal,random,7,53,"[15, 63, 8, 61, 21, 3, 28, 32, 34, 59, 26, 37, 27, 18, 20, 45, 36, 62, 19, 44, 35, 4, 57, 29, 7, 24, 56, 60, 5, 51, 41, 46, 30, 40, 11, 54, 50, 48, 52, 13, 17, 33, 53, 38, 2, 47, 25, 6, 22, 12, 14, 49, 9]",11,8,0.023992398753762245,0.09151151776313782,0.06751911900937557
102,0,node_removal,random,8,53,"[58, 15, 18, 21, 57, 27, 4, 32, 31, 8, 39, 42, 26, 3, 43, 28, 56, 24, 44, 16, 19, 59, 36, 23, 55, 34, 1, 62, 2, 50, 41, 53, 40, 11, 52, 46, 33, 48, 22, 5, 30, 47, 38, 10, 12, 25, 54, 51, 17, 6, 49, 14, 9]",11,6,0.023992398753762245,0.17708449065685272,0.15309209190309048
102,0,node_removal,random,9,53,"[29, 42, 58, 24, 60, 4, 35, 0, 7, 16, 63, 20, 1, 61, 31, 59, 39, 28, 26, 21, 36, 57, 27, 34, 15, 32, 55, 43, 41, 38, 30, 48, 52, 11, 13, 12, 33, 5, 46, 47, 51, 53, 22, 2, 6, 40, 10, 54, 17, 25, 49, 14, 9]",11,6,0.023992398753762245,0.05907927826046944,0.03508687950670719
102,0,node_removal,random,10,53,"[1, 19, 61, 3, 34, 39, 31, 36, 23, 59, 18, 42, 45, 4, 28, 62, 7, 35, 21, 16, 15, 20, 0, 43, 56, 29, 63, 55, 53, 17, 52, 2, 47, 41, 22, 5, 33, 48, 38, 51, 54, 6, 10, 40, 12, 50, 30, 46, 13, 11, 14, 49, 9]",11,12,0.023992398753762245,0.017938749864697456,-0.006053648889064789
102,0,node_removal,random,11,53,"[19, 15, 63, 42, 58, 61, 60, 4, 26, 3, 44, 7, 1, 35, 32, 45, 43, 27, 39, 23, 24, 29, 0, 8, 62, 55, 57, 36, 38, 41, 13, 5, 52, 51, 2, 33, 46, 54, 11, 48, 50, 53, 17, 30, 10, 47, 40, 25, 6, 22, 49, 14, 9]",11,6,0.023992398753762245,0.14463581144809723,0.12064341269433498
102,0,node_removal,random,12,53,"[37, 55, 31, 19, 1, 21, 39, 16, 23, 0, 63, 59, 45, 42, 56, 60, 35, 62, 43, 27, 15, 34, 8, 26, 36, 32, 20, 18, 54, 53, 12, 51, 17, 13, 10, 22, 38, 46, 41, 47, 33, 2, 30, 25, 50, 52, 11, 40, 48, 5, 49, 14, 9]",11,8,0.023992398753762245,0.07308423519134521,0.04909183643758297
102,0,node_removal,random,13,53,"[15, 4, 21, 20, 57, 16, 35, 44, 62, 19, 61, 7, 63, 36, 32, 28, 43, 3, 26, 31, 29, 60, 39, 18, 45, 1, 8, 55, 40, 41, 13, 2, 54, 22, 50, 12, 30, 17, 46, 6, 25, 53, 38, 11, 10, 52, 5, 48, 33, 47, 49, 14, 9]",11,6,0.023992398753762245,0.21875710785388947,0.19476470910012722
102,0,node_removal,random,14,53,"[19, 59, 27, 37, 34, 7, 44, 57, 26, 8, 28, 18, 24, 58, 61, 31, 62, 23, 43, 15, 16, 56, 1, 4, 36, 21, 39, 29, 47, 10, 51, 48, 53, 33, 40, 12, 52, 25, 6, 41, 30, 38, 5, 2, 22, 11, 50, 17, 54, 13, 49, 14, 9]",11,6,0.023992398753762245,0.2705468237400055,0.24655442498624325
102,0,node_removal,random,15,53,"[57, 34, 42, 63, 43, 56, 21, 28, 35, 44, 16, 1, 0, 45, 27, 39, 36, 7, 32, 15, 24, 37, 31, 29, 60, 61, 3, 23, 5, 47, 25, 10, 40, 2, 53, 17, 54, 46, 33, 30, 41, 13, 12, 50, 51, 6, 11, 52, 48, 22, 49, 14, 9]",11,8,0.023992398753762245,0.2827102839946747,0.25871788524091244
102,0,node_removal,random,16,53,"[63, 45, 37, 28, 18, 19, 59, 8, 57, 21, 61, 26, 3, 39, 31, 16, 7, 34, 43, 20, 56, 44, 23, 24, 0, 60, 58, 29, 51, 17, 5, 38, 33, 47, 54, 41, 22, 53, 12, 25, 46, 30, 52, 40, 11, 6, 50, 2, 10, 13, 49, 14, 9]",11,4,0.023992398753762245,0.45382580161094666,0.4298334028571844
102,0,node_removal,random,17,53,"[63, 0, 16, 62, 8, 24, 27, 36, 39, 19, 7, 37, 57, 43, 58, 23, 45, 29, 60, 18, 42, 61, 4, 59, 56, 3, 34, 28, 41, 51, 38, 12, 25, 10, 13, 33, 54, 47, 53, 52, 5, 40, 48, 6, 50, 2, 46, 11, 22, 30, 49, 14, 9]",11,2,0.023992398753762245,0.14078332483768463,0.11679092608392239
102,0,node_removal,random,18,53,"[44, 27, 7, 29, 23, 15, 43, 21, 55, 20, 36, 28, 26, 59, 42, 1, 56, 61, 4, 16, 58, 0, 37, 57, 31, 3, 63, 60, 17, 25, 54, 11, 13, 5, 22, 40, 38, 52, 50, 6, 12, 2, 30, 48, 53, 33, 47, 46, 51, 10, 14, 49, 9]",11,6,0.023992398753762245,0.2712426483631134,0.24725024960935116
102,0,node_removal,random,19,53,"[15, 19, 37, 36, 57, 0, 26, 60, 31, 24, 28, 58, 59, 34, 8, 16, 20, 4, 43, 7, 42, 27, 45, 35, 62, 56, 32, 1, 5, 22, 46, 17, 13, 38, 51, 25, 53, 50, 30, 54, 12, 48, 41, 6, 52, 40, 11, 47, 33, 2, 49, 14, 9]",11,8,0.023992398753762245,0.032872524112463,0.008880125358700752
102,0,node_removal,random,20,53,"[37, 32, 26, 28, 20, 55, 61, 1, 43, 18, 35, 27, 56, 44, 58, 24, 19, 7, 21, 4, 3, 57, 0, 39, 34, 59, 29, 63, 47, 48, 13, 38, 40, 50, 46, 54, 53, 17, 12, 33, 51, 10, 6, 52, 5, 30, 11, 2, 22, 41, 14, 49, 9]",11,6,0.023992398753762245,0.13903741538524628,0.11504501663148403
102,0,boundary_removal,target,0,25,"[2, 5, 16, 17, 21, 22, 24, 26, 29, 34, 39, 42, 43, 44, 48, 49, 50, 62, 67, 79, 84, 85, 97, 100, 101]",64,236,0.023992398753762245,0.027008170261979103,0.003015771508216858
102,0,boundary_removal,random,1,25,"[89, 76, 49, 84, 83, 48, 100, 72, 140, 66, 43, 13, 88, 114, 106, 133, 118, 6, 74, 37, 5, 24, 29, 92, 112]",64,236,0.023992398753762245,0.023636505007743835,-0.00035589374601840973
102,0,boundary_removal,random,2,25,"[140, 49, 68, 61, 65, 69, 52, 137, 136, 102, 114, 121, 107, 56, 77, 62, 39, 26, 126, 113, 5, 41, 3, 80, 17]",64,236,0.023992398753762245,0.03259086236357689,0.008598463609814644
102,0,boundary_removal,random,3,25,"[141, 70, 42, 86, 65, 27, 67, 76, 140, 52, 133, 7, 111, 97, 54, 73, 118, 26, 33, 113, 5, 24, 29, 80, 112]",64,236,0.023992398753762245,0.02490529976785183,0.0009129010140895844
102,0,boundary_removal,random,4,25,"[70, 67, 48, 66, 89, 52, 25, 68, 50, 55, 90, 78, 133, 124, 127, 20, 39, 6, 31, 99, 5, 41, 3, 21, 112]",64,236,0.023992398753762245,0.024034738540649414,4.2339786887168884e-05
102,0,boundary_removal,random,5,25,"[0, 59, 48, 52, 50, 70, 137, 141, 85, 86, 45, 38, 114, 62, 54, 4, 118, 26, 109, 40, 5, 24, 29, 18, 112]",64,236,0.023992398753762245,0.029172822833061218,0.005180424079298973
102,0,boundary_removal,random,6,25,"[49, 142, 100, 53, 72, 61, 85, 83, 68, 89, 15, 34, 71, 106, 107, 38, 118, 26, 91, 37, 5, 24, 3, 80, 112]",64,236,0.023992398753762245,0.02717231959104538,0.0031799208372831345
102,0,boundary_removal,random,7,25,"[139, 100, 52, 10, 104, 55, 67, 87, 51, 76, 56, 34, 78, 107, 106, 79, 39, 26, 19, 22, 5, 24, 29, 98, 112]",64,236,0.023992398753762245,0.026564037427306175,0.00257163867354393
102,0,boundary_removal,random,8,25,"[42, 44, 51, 68, 102, 139, 65, 66, 142, 25, 13, 107, 20, 7, 132, 79, 39, 6, 126, 22, 5, 41, 3, 92, 1]",64,236,0.023992398753762245,0.026238994672894478,0.0022465959191322327
102,0,boundary_removal,random,9,25,"[70, 44, 135, 142, 138, 84, 42, 65, 82, 59, 71, 124, 93, 32, 73, 111, 39, 6, 126, 99, 5, 119, 3, 18, 96]",64,236,0.023992398753762245,0.026876548305153847,0.0028841495513916016
102,0,boundary_removal,random,10,25,"[141, 72, 67, 52, 50, 25, 2, 65, 61, 87, 34, 38, 101, 43, 132, 20, 118, 6, 35, 22, 5, 24, 29, 80, 112]",64,236,0.023992398753762245,0.02461010217666626,0.0006177034229040146
102,0,boundary_removal,random,11,25,"[89, 137, 49, 59, 72, 0, 82, 2, 44, 70, 106, 133, 7, 103, 78, 124, 39, 6, 9, 22, 5, 41, 29, 18, 17]",64,236,0.023992398753762245,0.03209279105067253,0.008100392296910286
102,0,boundary_removal,random,12,25,"[48, 89, 49, 2, 44, 138, 141, 104, 76, 69, 20, 78, 34, 133, 38, 60, 118, 26, 123, 99, 5, 24, 3, 98, 96]",64,236,0.023992398753762245,0.02746008336544037,0.0034676846116781235
102,0,boundary_removal,random,13,25,"[44, 83, 52, 65, 141, 59, 140, 42, 87, 50, 73, 20, 105, 71, 79, 43, 39, 6, 109, 99, 5, 41, 3, 98, 17]",64,236,0.023992398753762245,0.026234447956085205,0.00224204920232296
102,0,boundary_removal,random,14,25,"[69, 55, 72, 53, 52, 141, 44, 100, 137, 83, 36, 60, 107, 73, 32, 133, 118, 26, 31, 22, 5, 24, 29, 92, 17]",64,236,0.023992398753762245,0.028738955035805702,0.004746556282043457
102,0,boundary_removal,random,15,25,"[102, 53, 59, 67, 83, 42, 2, 51, 50, 86, 79, 97, 62, 127, 130, 54, 39, 6, 19, 37, 5, 41, 3, 21, 96]",64,236,0.023992398753762245,0.03268306329846382,0.008690664544701576
102,0,boundary_removal,random,16,25,"[61, 85, 137, 51, 138, 49, 142, 68, 53, 55, 45, 114, 127, 124, 71, 43, 118, 6, 126, 22, 5, 119, 3, 98, 112]",64,236,0.023992398753762245,0.02968103624880314,0.0056886374950408936
102,0,boundary_removal,random,17,25,"[138, 100, 137, 84, 67, 85, 49, 76, 50, 55, 121, 127, 97, 103, 105, 114, 118, 6, 123, 116, 5, 119, 3, 80, 1]",64,236,0.023992398753762245,0.028713494539260864,0.004721095785498619
102,0,boundary_removal,random,18,25,"[0, 53, 140, 52, 100, 66, 27, 59, 104, 142, 13, 34, 111, 71, 114, 43, 118, 6, 91, 22, 5, 117, 29, 92, 96]",64,236,0.023992398753762245,0.02576037310063839,0.0017679743468761444
102,0,boundary_removal,random,19,25,"[85, 72, 70, 52, 140, 100, 86, 135, 10, 66, 54, 12, 106, 20, 56, 88, 118, 6, 31, 37, 5, 24, 29, 18, 17]",64,236,0.023992398753762245,0.026108121499419212,0.002115722745656967
102,0,boundary_removal,random,20,25,"[104, 85, 66, 87, 55, 44, 72, 52, 50, 69, 103, 78, 15, 62, 114, 106, 39, 6, 126, 22, 5, 119, 3, 21, 17]",64,236,0.023992398753762245,0.027483085170388222,0.0034906864166259766
102,2,node_removal,target,0,3,"[19, 27, 35]",61,266,0.023992398753762245,0.013271397911012173,-0.010721000842750072
102,2,node_removal,random,1,3,"[58, 3, 28]",61,262,0.023992398753762245,0.02474217675626278,0.0007497780025005341
102,2,node_removal,random,2,3,"[7, 0, 37]",61,262,0.023992398753762245,0.02132015861570835,-0.002672240138053894
102,2,node_removal,random,3,3,"[23, 60, 28]",61,262,0.023992398753762245,0.02678682468831539,0.0027944259345531464
102,2,node_removal,random,4,3,"[57, 23, 1]",61,262,0.023992398753762245,0.0355011485517025,0.011508749797940254
102,2,node_removal,random,5,3,"[61, 18, 8]",61,262,0.023992398753762245,0.024914123117923737,0.0009217243641614914
102,2,node_removal,random,6,3,"[20, 3, 37]",61,262,0.023992398753762245,0.02490086294710636,0.0009084641933441162
102,2,node_removal,random,7,3,"[43, 20, 23]",61,262,0.023992398753762245,0.025638625025749207,0.0016462262719869614
102,2,node_removal,random,8,3,"[32, 29, 44]",61,262,0.023992398753762245,0.029589606449007988,0.005597207695245743
102,2,node_removal,random,9,3,"[60, 43, 35]",61,264,0.023992398753762245,0.017825111746788025,-0.00616728700697422
102,2,node_removal,random,10,3,"[0, 37, 59]",61,262,0.023992398753762245,0.0227900892496109,-0.0012023095041513443
102,2,node_removal,random,11,3,"[15, 23, 27]",61,264,0.023992398753762245,0.020144520327448845,-0.0038478784263134003
102,2,node_removal,random,12,3,"[62, 23, 29]",61,262,0.023992398753762245,0.029166260734200478,0.005173861980438232
102,2,node_removal,random,13,3,"[1, 37, 16]",61,262,0.023992398753762245,0.02446472831070423,0.0004723295569419861
102,2,node_removal,random,14,3,"[45, 44, 37]",61,266,0.023992398753762245,0.03461233526468277,0.010619936510920525
102,2,node_removal,random,15,3,"[23, 57, 55]",61,262,0.023992398753762245,0.03127424046397209,0.0072818417102098465
102,2,node_removal,random,16,3,"[23, 24, 55]",61,262,0.023992398753762245,0.02578773908317089,0.0017953403294086456
102,2,node_removal,random,17,3,"[24, 23, 43]",61,262,0.023992398753762245,0.023920811712741852,-7.158704102039337e-05
102,2,node_removal,random,18,3,"[15, 32, 28]",61,262,0.023992398753762245,0.02406686544418335,7.446669042110443e-05
102,2,node_removal,random,19,3,"[7, 28, 18]",61,262,0.023992398753762245,0.023021548986434937,-0.0009708497673273087
102,2,node_removal,random,20,3,"[60, 20, 45]",61,262,0.023992398753762245,0.03174944594502449,0.007757047191262245
102,2,boundary_removal,target,0,8,"[34, 48, 50, 65, 67, 82, 84, 85]",64,270,0.023992398753762245,0.018854310736060143,-0.005138088017702103
102,2,boundary_removal,random,1,8,"[27, 53, 87, 50, 2, 104, 84, 121]",64,270,0.023992398753762245,0.02506680227816105,0.0010744035243988037
102,2,boundary_removal,random,2,8,"[44, 72, 2, 69, 59, 52, 135, 105]",64,270,0.023992398753762245,0.0265794824808836,0.002587083727121353
102,2,boundary_removal,random,3,8,"[87, 69, 70, 104, 66, 85, 140, 36]",64,270,0.023992398753762245,0.025090651586651802,0.0010982528328895569
102,2,boundary_removal,random,4,8,"[85, 82, 48, 139, 52, 59, 42, 38]",64,270,0.023992398753762245,0.02217179723083973,-0.0018206015229225159
102,2,boundary_removal,random,5,8,"[48, 100, 104, 65, 136, 55, 139, 103]",64,270,0.023992398753762245,0.02274625189602375,-0.0012461468577384949
102,2,boundary_removal,random,6,8,"[139, 0, 69, 102, 51, 25, 65, 43]",64,270,0.023992398753762245,0.023880422115325928,-0.00011197663843631744
102,2,boundary_removal,random,7,8,"[72, 44, 141, 55, 82, 10, 48, 7]",64,270,0.023992398753762245,0.02263973467051983,-0.0013526640832424164
102,2,boundary_removal,random,8,8,"[137, 59, 42, 66, 67, 55, 27, 60]",64,270,0.023992398753762245,0.024436771869659424,0.00044437311589717865
102,2,boundary_removal,random,9,8,"[0, 141, 102, 44, 84, 142, 50, 62]",64,270,0.023992398753762245,0.026637129485607147,0.002644730731844902
102,2,boundary_removal,random,10,8,"[72, 44, 51, 61, 86, 49, 89, 7]",64,270,0.023992398753762245,0.028221607208251953,0.004229208454489708
102,2,boundary_removal,random,11,8,"[141, 44, 136, 66, 86, 25, 138, 114]",64,270,0.023992398753762245,0.024706974625587463,0.0007145758718252182
102,2,boundary_removal,random,12,8,"[85, 65, 87, 59, 136, 48, 50, 133]",64,270,0.023992398753762245,0.023068571463227272,-0.0009238272905349731
102,2,boundary_removal,random,13,8,"[65, 55, 66, 84, 87, 10, 140, 133]",64,270,0.023992398753762245,0.023242153227329254,-0.000750245526432991
102,2,boundary_removal,random,14,8,"[100, 136, 70, 48, 89, 44, 10, 13]",64,270,0.023992398753762245,0.024870887398719788,0.0008784886449575424
102,2,boundary_removal,random,15,8,"[76, 84, 10, 86, 135, 55, 44, 88]",64,270,0.023992398753762245,0.025409728288650513,0.0014173295348882675
102,2,boundary_removal,random,16,8,"[66, 49, 136, 135, 142, 137, 102, 36]",64,270,0.023992398753762245,0.027692563831806183,0.0037001650780439377
102,2,boundary_removal,random,17,8,"[66, 100, 84, 139, 0, 50, 25, 54]",64,270,0.023992398753762245,0.022030815482139587,-0.0019615832716226578
102,2,boundary_removal,random,18,8,"[89, 138, 48, 61, 137, 102, 49, 133]",64,270,0.023992398753762245,0.026672804728150368,0.0026804059743881226
102,2,boundary_removal,random,19,8,"[51, 100, 67, 49, 50, 55, 65, 93]",64,270,0.023992398753762245,0.02311616949737072,-0.0008762292563915253
102,2,boundary_removal,random,20,8,"[0, 52, 141, 53, 86, 65, 61, 133]",64,270,0.023992398753762245,0.025874391198158264,0.001881992444396019
102,4,node_removal,target,0,8,"[6, 7, 8, 15, 16, 26, 34, 42]",56,232,0.023992398753762245,0.009244361892342567,-0.014748036861419678
102,4,node_removal,random,1,8,"[58, 21, 55, 16, 3, 63, 45, 33]",56,222,0.023992398753762245,0.03114752471446991,0.0071551259607076645
102,4,node_removal,random,2,8,"[61, 29, 26, 20, 7, 35, 55, 41]",56,220,0.023992398753762245,0.021702995523810387,-0.0022894032299518585
102,4,node_removal,random,3,8,"[27, 16, 58, 44, 57, 37, 8, 54]",56,224,0.023992398753762245,0.033551737666130066,0.00955933891236782
102,4,node_removal,random,4,8,"[59, 37, 57, 19, 28, 27, 36, 6]",56,228,0.023992398753762245,0.019722232595086098,-0.0042701661586761475
102,4,node_removal,random,5,8,"[39, 56, 8, 24, 43, 63, 18, 30]",56,222,0.023992398753762245,0.02225392870604992,-0.001738470047712326
102,4,node_removal,random,6,8,"[26, 8, 23, 59, 43, 28, 21, 2]",56,220,0.023992398753762245,0.021965140476822853,-0.002027258276939392
102,4,node_removal,random,7,8,"[32, 4, 3, 35, 58, 39, 59, 33]",56,226,0.023992398753762245,0.024235883727669716,0.0002434849739074707
102,4,node_removal,random,8,8,"[4, 29, 7, 63, 45, 32, 26, 6]",56,222,0.023992398753762245,0.025257432833313942,0.0012650340795516968
102,4,node_removal,random,9,8,"[56, 3, 39, 21, 63, 31, 55, 2]",56,226,0.023992398753762245,0.027500830590724945,0.0035084318369627
102,4,node_removal,random,10,8,"[15, 1, 37, 58, 19, 31, 24, 38]",56,222,0.023992398753762245,0.025810087099671364,0.0018176883459091187
102,4,node_removal,random,11,8,"[24, 26, 20, 28, 21, 43, 27, 13]",56,230,0.023992398753762245,0.02267507277429104,-0.0013173259794712067
102,4,node_removal,random,12,8,"[59, 45, 27, 58, 36, 3, 37, 6]",56,226,0.023992398753762245,0.02372666262090206,-0.0002657361328601837
102,4,node_removal,random,13,8,"[57, 21, 29, 58, 42, 32, 8, 48]",56,226,0.023992398753762245,0.028691366314888,0.004698967561125755
102,4,node_removal,random,14,8,"[62, 60, 58, 29, 35, 31, 24, 2]",56,220,0.023992398753762245,0.0263717919588089,0.0023793932050466537
102,4,node_removal,random,15,8,"[0, 34, 18, 21, 39, 43, 61, 38]",56,222,0.023992398753762245,0.01694870926439762,-0.007043689489364624
102,4,node_removal,random,16,8,"[3, 16, 8, 43, 61, 15, 23, 38]",56,224,0.023992398753762245,0.013168290257453918,-0.010824108496308327
102,4,node_removal,random,17,8,"[16, 18, 7, 58, 39, 61, 31, 53]",56,224,0.023992398753762245,0.028297647833824158,0.0043052490800619125
102,4,node_removal,random,18,8,"[59, 61, 4, 7, 23, 39, 26, 25]",56,222,0.023992398753762245,0.025601595640182495,0.00160919688642025
102,4,node_removal,random,19,8,"[1, 0, 26, 62, 63, 24, 18, 52]",56,226,0.023992398753762245,0.03155754506587982,0.007565146312117577
102,4,node_removal,random,20,8,"[27, 39, 24, 31, 63, 18, 15, 40]",56,222,0.023992398753762245,0.019292142242193222,-0.004700256511569023
102,4,boundary_removal,target,0,21,"[2, 5, 16, 17, 21, 22, 24, 26, 29, 39, 42, 43, 44, 49, 62, 65, 79, 82, 97, 100, 101]",64,244,0.023992398753762245,0.030510686337947845,0.0065182875841856
102,4,boundary_removal,random,1,21,"[52, 53, 55, 102, 69, 76, 87, 56, 130, 54, 13, 73, 39, 26, 47, 116, 5, 41, 3, 98, 112]",64,244,0.023992398753762245,0.02884107269346714,0.004848673939704895
102,4,boundary_removal,random,2,21,"[70, 0, 69, 53, 68, 61, 65, 78, 127, 97, 4, 130, 39, 26, 123, 116, 5, 24, 29, 18, 17]",64,244,0.023992398753762245,0.030286647379398346,0.006294248625636101
102,4,boundary_removal,random,3,21,"[142, 136, 87, 70, 66, 59, 104, 97, 111, 34, 56, 7, 118, 6, 108, 113, 5, 117, 3, 21, 17]",64,244,0.023992398753762245,0.02973972074687481,0.005747321993112564
102,4,boundary_removal,random,4,21,"[135, 0, 55, 82, 25, 10, 138, 130, 77, 56, 93, 88, 118, 6, 74, 99, 5, 41, 3, 21, 112]",64,244,0.023992398753762245,0.024876991286873817,0.0008845925331115723
102,4,boundary_removal,random,5,21,"[104, 137, 86, 27, 50, 140, 100, 77, 90, 20, 56, 62, 118, 6, 94, 40, 5, 24, 29, 98, 1]",64,244,0.023992398753762245,0.02661866508424282,0.0026262663304805756
102,4,boundary_removal,random,6,21,"[69, 53, 48, 50, 135, 136, 72, 71, 62, 93, 77, 38, 118, 26, 129, 37, 5, 117, 3, 80, 96]",64,244,0.023992398753762245,0.029261091724038124,0.005268692970275879
102,4,boundary_removal,random,7,21,"[0, 44, 139, 27, 136, 70, 86, 111, 36, 133, 43, 93, 39, 6, 9, 22, 5, 24, 29, 92, 112]",64,244,0.023992398753762245,0.026686176657676697,0.0026937779039144516
102,4,boundary_removal,random,8,21,"[52, 136, 82, 50, 2, 85, 140, 90, 105, 106, 114, 107, 118, 6, 9, 22, 5, 41, 3, 18, 1]",64,244,0.023992398753762245,0.02526373229920864,0.0012713335454463959
102,4,boundary_removal,random,9,21,"[139, 49, 52, 89, 0, 70, 83, 32, 43, 106, 78, 101, 118, 6, 108, 37, 5, 41, 29, 98, 96]",64,244,0.023992398753762245,0.0293604526668787,0.005368053913116455
102,4,boundary_removal,random,10,21,"[140, 82, 59, 25, 100, 52, 2, 124, 13, 133, 32, 93, 118, 26, 126, 22, 5, 119, 29, 98, 96]",64,244,0.023992398753762245,0.02520941197872162,0.0012170132249593735
102,4,boundary_removal,random,11,21,"[61, 2, 10, 52, 0, 102, 136, 103, 90, 36, 130, 105, 39, 6, 123, 40, 5, 119, 3, 21, 17]",64,244,0.023992398753762245,0.02963087148964405,0.005638472735881805
102,4,boundary_removal,random,12,21,"[69, 65, 67, 102, 42, 100, 72, 78, 79, 4, 7, 106, 118, 26, 33, 40, 5, 24, 29, 98, 112]",64,244,0.023992398753762245,0.025780240073800087,0.0017878413200378418
102,4,boundary_removal,random,13,21,"[69, 25, 104, 70, 10, 139, 61, 88, 101, 20, 32, 12, 39, 6, 94, 40, 5, 41, 29, 80, 112]",64,244,0.023992398753762245,0.0266719963401556,0.0026795975863933563
102,4,boundary_removal,random,14,21,"[87, 72, 50, 59, 49, 48, 66, 77, 127, 107, 13, 32, 39, 26, 74, 116, 5, 119, 3, 18, 17]",64,244,0.023992398753762245,0.02882884256541729,0.0048364438116550446
102,4,boundary_removal,random,15,21,"[85, 55, 50, 142, 10, 89, 48, 45, 73, 133, 4, 43, 118, 6, 57, 116, 5, 119, 3, 18, 1]",64,244,0.023992398753762245,0.02417433261871338,0.00018193386495113373
102,4,boundary_removal,random,16,21,"[72, 135, 104, 27, 89, 141, 59, 43, 106, 130, 77, 62, 118, 6, 47, 37, 5, 117, 3, 21, 1]",64,244,0.023992398753762245,0.030750388279557228,0.006757989525794983
102,4,boundary_removal,random,17,21,"[87, 66, 52, 53, 55, 68, 67, 90, 38, 62, 56, 127, 118, 6, 126, 99, 5, 117, 3, 92, 96]",64,244,0.023992398753762245,0.02716078795492649,0.0031683892011642456
102,4,boundary_removal,random,18,21,"[69, 68, 76, 48, 141, 72, 2, 45, 73, 62, 60, 106, 39, 26, 74, 37, 5, 117, 3, 92, 96]",64,244,0.023992398753762245,0.026460424065589905,0.0024680253118276596
102,4,boundary_removal,random,19,21,"[67, 141, 10, 104, 135, 65, 142, 97, 132, 12, 114, 107, 118, 6, 33, 40, 5, 119, 3, 92, 112]",64,244,0.023992398753762245,0.02709362469613552,0.0031012259423732758
102,4,boundary_removal,random,20,21,"[67, 85, 10, 48, 42, 0, 2, 34, 121, 56, 78, 43, 39, 26, 16, 40, 5, 24, 29, 21, 17]",64,244,0.023992398753762245,0.02234920673072338,-0.0016431920230388641
106,0,node_removal,target,0,49,"[0, 1, 2, 3, 4, 5, 6, 7, 8, 9, 10, 11, 12, 13, 14, 15, 16, 17, 18, 19, 20, 21, 22, 23, 24, 25, 26, 29, 30, 31, 32, 33, 37, 38, 39, 40, 41, 45, 46, 47, 51, 52, 53, 54, 55, 60, 61, 62, 63]",15,46,0.012496295385062695,0.8920431137084961,0.8795468183234334
106,0,node_removal,random,1,49,"[62, 42, 39, 56, 19, 63, 7, 43, 58, 23, 28, 26, 15, 36, 35, 60, 29, 32, 37, 3, 16, 31, 1, 44, 18, 57, 11, 48, 50, 22, 52, 41, 46, 47, 6, 10, 5, 53, 33, 25, 12, 17, 51, 13, 54, 2, 30, 14, 9]",15,4,0.012496295385062695,0.0864403024315834,0.07394400704652071
106,0,node_removal,random,2,49,"[42, 19, 59, 1, 8, 7, 18, 23, 58, 0, 36, 15, 29, 43, 37, 44, 63, 3, 31, 27, 16, 35, 57, 56, 39, 60, 22, 13, 47, 40, 53, 41, 54, 30, 6, 46, 50, 48, 51, 33, 11, 5, 12, 38, 17, 10, 2, 49, 9]",15,18,0.012496295385062695,0.020468709990382195,0.0079724146053195
106,0,node_removal,random,3,49,"[29, 28, 7, 58, 36, 63, 24, 55, 15, 1, 31, 26, 56, 60, 43, 8, 57, 62, 16, 4, 59, 35, 37, 44, 34, 18, 22, 6, 2, 13, 10, 41, 54, 17, 50, 38, 47, 11, 52, 40, 12, 33, 25, 53, 46, 30, 48, 14, 9]",15,6,0.012496295385062695,0.32296618819236755,0.31046989280730486
106,0,node_removal,random,4,49,"[1, 29, 23, 56, 39, 24, 16, 43, 0, 57, 61, 20, 21, 45, 27, 31, 7, 62, 60, 3, 32, 28, 15, 18, 36, 44, 5, 10, 33, 48, 6, 52, 2, 40, 46, 13, 53, 38, 50, 41, 51, 11, 30, 12, 47, 54, 25, 14, 9]",15,12,0.012496295385062695,0.4261529743671417,0.41365667898207903
106,0,node_removal,random,5,49,"[59, 16, 4, 56, 19, 60, 35, 15, 55, 18, 43, 31, 21, 20, 23, 3, 0, 34, 28, 42, 8, 44, 63, 61, 1, 26, 5, 47, 25, 22, 11, 53, 48, 30, 52, 33, 13, 12, 51, 38, 46, 54, 40, 50, 10, 2, 6, 49, 9]",15,14,0.012496295385062695,0.05302629992365837,0.040530004538595676
106,0,node_removal,random,6,49,"[31, 57, 0, 55, 61, 8, 26, 23, 43, 56, 36, 45, 18, 24, 28, 19, 58, 59, 32, 3, 16, 42, 63, 29, 21, 20, 10, 6, 17, 53, 47, 30, 51, 33, 13, 5, 12, 40, 54, 2, 52, 41, 25, 38, 50, 11, 46, 14, 9]",15,8,0.012496295385062695,0.19174210727214813,0.17924581188708544
106,0,node_removal,random,7,49,"[28, 34, 1, 4, 23, 16, 60, 58, 44, 21, 15, 8, 42, 63, 3, 32, 55, 0, 39, 31, 57, 62, 45, 37, 56, 18, 38, 48, 41, 46, 2, 22, 52, 51, 54, 33, 11, 6, 5, 53, 13, 40, 10, 30, 47, 17, 50, 14, 9]",15,18,0.012496295385062695,0.5803869366645813,0.5678906412795186
106,0,node_removal,random,8,49,"[29, 27, 43, 44, 56, 57, 31, 61, 36, 0, 24, 23, 15, 18, 45, 55, 58, 63, 26, 3, 7, 28, 42, 32, 21, 35, 25, 40, 30, 46, 22, 12, 6, 13, 50, 10, 48, 33, 11, 51, 54, 5, 47, 2, 53, 41, 52, 49, 9]",15,14,0.012496295385062695,0.0026090648025274277,-0.009887230582535267
106,0,node_removal,random,9,49,"[44, 32, 19, 27, 55, 57, 61, 26, 16, 8, 28, 3, 29, 42, 43, 35, 20, 23, 0, 58, 59, 7, 36, 60, 31, 45, 10, 25, 11, 38, 53, 51, 2, 17, 30, 22, 40, 33, 47, 50, 54, 41, 6, 52, 5, 48, 46, 49, 9]",15,12,0.012496295385062695,0.003821762278676033,-0.008674533106386662
106,0,node_removal,random,10,49,"[28, 55, 31, 34, 26, 27, 7, 16, 43, 19, 3, 57, 1, 44, 58, 20, 23, 62, 37, 24, 45, 0, 61, 42, 36, 35, 30, 52, 11, 33, 46, 48, 51, 47, 17, 10, 6, 38, 53, 41, 13, 22, 5, 54, 50, 25, 40, 14, 9]",15,8,0.012496295385062695,0.031946320086717606,0.01945002470165491
106,0,node_removal,random,11,49,"[21, 23, 24, 19, 45, 8, 42, 34, 62, 32, 44, 57, 28, 43, 37, 31, 15, 20, 35, 60, 36, 58, 39, 63, 59, 26, 50, 2, 5, 30, 6, 17, 12, 10, 22, 33, 53, 41, 52, 48, 47, 51, 13, 54, 46, 11, 40, 14, 9]",15,6,0.012496295385062695,0.012212363071739674,-0.00028393231332302094
106,0,node_removal,random,12,49,"[16, 43, 37, 21, 26, 4, 35, 55, 7, 15, 58, 42, 20, 3, 60, 32, 56, 57, 36, 34, 45, 8, 19, 27, 31, 1, 51, 48, 25, 47, 22, 17, 41, 2, 38, 53, 33, 6, 30, 52, 54, 50, 13, 11, 10, 40, 5, 14, 9]",15,6,0.012496295385062695,0.1555098444223404,0.1430135490372777
106,0,node_removal,random,13,49,"[44, 28, 45, 24, 34, 1, 16, 61, 29, 57, 27, 58, 7, 31, 26, 0, 32, 39, 37, 42, 8, 62, 23, 19, 56, 35, 30, 2, 5, 38, 53, 25, 10, 47, 11, 13, 17, 22, 6, 40, 54, 52, 46, 12, 51, 33, 41, 49, 9]",15,12,0.012496295385062695,0.018689744174480438,0.006193448789417744
106,0,node_removal,random,14,49,"[29, 42, 63, 1, 36, 58, 26, 27, 60, 56, 16, 24, 34, 35, 21, 45, 31, 57, 8, 61, 23, 0, 39, 18, 20, 44, 6, 33, 11, 46, 41, 40, 53, 54, 50, 12, 51, 30, 10, 48, 52, 5, 38, 2, 22, 47, 13, 49, 9]",15,12,0.012496295385062695,0.008679327555000782,-0.0038169678300619125
106,0,node_removal,random,15,49,"[20, 62, 36, 59, 27, 8, 45, 3, 15, 31, 39, 7, 34, 42, 37, 1, 4, 57, 58, 21, 16, 35, 32, 24, 0, 43, 5, 51, 17, 30, 50, 54, 46, 12, 38, 48, 41, 40, 11, 53, 2, 13, 6, 22, 10, 52, 47, 49, 9]",15,16,0.012496295385062695,0.0790063887834549,0.0665100933983922
106,0,node_removal,random,16,49,"[56, 29, 8, 43, 58, 37, 26, 24, 32, 63, 61, 34, 44, 62, 45, 4, 57, 36, 16, 31, 1, 28, 7, 42, 18, 0, 2, 13, 48, 51, 46, 38, 30, 54, 22, 50, 52, 47, 6, 12, 33, 40, 41, 53, 5, 10, 25, 49, 9]",15,20,0.012496295385062695,0.03973758593201637,0.027241290546953678
106,0,node_removal,random,17,49,"[31, 36, 61, 32, 55, 57, 15, 34, 8, 43, 24, 56, 28, 62, 0, 3, 59, 37, 21, 1, 20, 58, 29, 26, 7, 23, 53, 11, 52, 12, 38, 54, 51, 6, 30, 10, 33, 5, 40, 48, 17, 50, 41, 2, 47, 46, 22, 14, 9]",15,8,0.012496295385062695,0.6838119029998779,0.6713156076148152
106,0,node_removal,random,18,49,"[24, 55, 3, 31, 20, 44, 42, 18, 1, 60, 16, 62, 19, 32, 4, 36, 27, 43, 34, 21, 61, 59, 23, 0, 35, 56, 50, 38, 6, 41, 53, 22, 47, 12, 2, 13, 17, 25, 33, 40, 51, 52, 46, 54, 48, 10, 5, 14, 9]",15,18,0.012496295385062695,0.20699673891067505,0.19450044352561235
106,0,node_removal,random,19,49,"[4, 0, 63, 60, 3, 39, 44, 57, 28, 23, 31, 36, 7, 45, 43, 42, 58, 21, 56, 16, 34, 18, 19, 55, 24, 8, 17, 41, 12, 25, 30, 51, 54, 50, 5, 47, 2, 40, 6, 53, 38, 10, 48, 33, 46, 52, 11, 49, 9]",15,14,0.012496295385062695,0.08896533399820328,0.07646903861314058
106,0,node_removal,random,20,49,"[55, 27, 63, 7, 8, 56, 59, 26, 42, 57, 0, 36, 19, 31, 34, 39, 29, 23, 28, 4, 20, 16, 32, 21, 62, 45, 13, 40, 53, 33, 46, 5, 11, 38, 12, 47, 41, 48, 54, 2, 52, 10, 6, 50, 30, 17, 22, 14, 9]",15,14,0.012496295385062695,0.05518781766295433,0.042691522277891636
106,0,boundary_removal,target,0,18,"[51, 53, 65, 66, 69, 79, 86, 95, 96, 97, 98, 99, 103, 104, 105, 120, 124, 139]",64,250,0.012496295385062695,0.016394255682826042,0.0038979602977633476
106,0,boundary_removal,random,1,18,"[27, 86, 137, 72, 67, 76, 89, 135, 73, 105, 127, 130, 15, 47, 123, 22, 21, 96]",64,250,0.012496295385062695,0.014280685223639011,0.0017843898385763168
106,0,boundary_removal,random,2,18,"[53, 140, 44, 139, 137, 86, 72, 27, 43, 132, 32, 88, 78, 35, 109, 99, 92, 1]",64,250,0.012496295385062695,0.014441651292145252,0.0019453559070825577
106,0,boundary_removal,random,3,18,"[25, 135, 52, 100, 48, 66, 49, 82, 114, 105, 107, 20, 60, 108, 95, 99, 21, 112]",64,250,0.012496295385062695,0.015035665594041348,0.002539370208978653
106,0,boundary_removal,random,4,18,"[27, 53, 104, 89, 136, 2, 102, 86, 77, 36, 73, 97, 32, 81, 109, 40, 98, 96]",64,250,0.012496295385062695,0.013966697268188,0.0014704018831253052
106,0,boundary_removal,random,5,18,"[138, 69, 2, 42, 27, 141, 83, 44, 133, 43, 12, 79, 103, 64, 74, 22, 21, 112]",64,250,0.012496295385062695,0.013725265860557556,0.0012289704754948616
106,0,boundary_removal,random,6,18,"[42, 82, 61, 102, 135, 136, 141, 70, 103, 4, 132, 93, 60, 126, 57, 40, 21, 96]",64,250,0.012496295385062695,0.014075917191803455,0.0015796218067407608
106,0,boundary_removal,random,7,18,"[100, 104, 72, 138, 84, 51, 141, 140, 38, 12, 97, 20, 133, 108, 57, 99, 92, 112]",64,250,0.012496295385062695,0.012429836206138134,-6.645917892456055e-05
106,0,boundary_removal,random,8,18,"[140, 67, 59, 84, 104, 102, 76, 82, 93, 7, 121, 133, 77, 74, 126, 113, 80, 96]",64,250,0.012496295385062695,0.012931651435792446,0.0004353560507297516
106,0,boundary_removal,random,9,18,"[141, 139, 48, 104, 55, 83, 70, 142, 107, 111, 97, 56, 132, 123, 57, 40, 21, 96]",64,250,0.012496295385062695,0.012423952110111713,-7.234327495098114e-05
106,0,boundary_removal,random,10,18,"[67, 65, 66, 89, 136, 84, 10, 83, 60, 90, 15, 43, 103, 33, 123, 40, 80, 96]",64,250,0.012496295385062695,0.013009225018322468,0.0005129296332597733
106,0,boundary_removal,random,11,18,"[70, 25, 138, 83, 53, 48, 27, 135, 103, 78, 114, 107, 7, 94, 31, 40, 80, 17]",64,250,0.012496295385062695,0.012169182300567627,-0.0003271130844950676
106,0,boundary_removal,random,12,18,"[49, 68, 25, 66, 2, 140, 44, 72, 34, 32, 88, 45, 93, 120, 123, 99, 80, 1]",64,250,0.012496295385062695,0.01372275035828352,0.0012264549732208252
106,0,boundary_removal,random,13,18,"[137, 55, 102, 104, 59, 25, 52, 85, 101, 121, 88, 20, 93, 129, 47, 22, 98, 17]",64,250,0.012496295385062695,0.013449189253151417,0.0009528938680887222
106,0,boundary_removal,random,14,18,"[50, 140, 61, 138, 100, 86, 137, 135, 121, 124, 97, 132, 90, 81, 9, 40, 92, 112]",64,250,0.012496295385062695,0.01250322163105011,6.926245987415314e-06
106,0,boundary_removal,random,15,18,"[27, 42, 140, 85, 87, 70, 82, 68, 130, 111, 15, 107, 60, 129, 120, 22, 98, 1]",64,250,0.012496295385062695,0.012932921759784222,0.0004366263747215271
106,0,boundary_removal,random,16,18,"[49, 48, 140, 137, 70, 100, 83, 25, 121, 106, 77, 114, 73, 74, 19, 22, 98, 17]",64,250,0.012496295385062695,0.012938502244651318,0.00044220685958862305
106,0,boundary_removal,random,17,18,"[104, 140, 66, 59, 68, 138, 0, 82, 60, 132, 73, 45, 12, 19, 9, 116, 21, 1]",64,250,0.012496295385062695,0.012666135095059872,0.00016983970999717712
106,0,boundary_removal,random,18,18,"[0, 87, 69, 137, 10, 104, 67, 52, 101, 73, 88, 121, 12, 31, 81, 22, 21, 96]",64,250,0.012496295385062695,0.015043981373310089,0.0025476859882473946
106,0,boundary_removal,random,19,18,"[100, 69, 89, 138, 44, 51, 25, 10, 60, 97, 124, 78, 130, 19, 35, 22, 92, 112]",64,250,0.012496295385062695,0.012940454296767712,0.0004441589117050171
106,0,boundary_removal,random,20,18,"[102, 136, 70, 59, 82, 100, 42, 86, 20, 34, 13, 111, 71, 33, 9, 37, 80, 96]",64,250,0.012496295385062695,0.014477591030299664,0.001981295645236969
106,2,node_removal,target,0,14,"[27, 34, 35, 36, 42, 43, 44, 48, 49, 50, 56, 57, 58, 59]",50,208,0.012496295385062695,0.002835943130776286,-0.009660352254286408
106,2,node_removal,random,1,14,"[43, 57, 31, 15, 61, 35, 36, 21, 45, 0, 29, 51, 6, 49]",50,178,0.012496295385062695,0.007696164771914482,-0.004800130613148212
106,2,node_removal,random,2,14,"[37, 55, 4, 60, 61, 43, 23, 58, 39, 8, 0, 48, 17, 49]",50,174,0.012496295385062695,0.012111193500459194,-0.00038510188460350037
106,2,node_removal,random,3,14,"[43, 3, 15, 44, 8, 39, 32, 34, 23, 16, 61, 10, 53, 49]",50,176,0.012496295385062695,0.01513442862778902,0.002638133242726326
106,2,node_removal,random,4,14,"[55, 45, 4, 35, 32, 18, 58, 7, 27, 21, 62, 47, 12, 14]",50,174,0.012496295385062695,0.007938883267343044,-0.00455741211771965
106,2,node_removal,random,5,14,"[23, 28, 37, 58, 31, 61, 16, 15, 34, 4, 26, 10, 54, 49]",50,174,0.012496295385062695,0.010236107744276524,-0.002260187640786171
106,2,node_removal,random,6,14,"[62, 37, 60, 27, 19, 61, 8, 18, 45, 20, 0, 48, 47, 14]",50,180,0.012496295385062695,0.011149689555168152,-0.0013466058298945427
106,2,node_removal,random,7,14,"[62, 4, 7, 35, 37, 58, 28, 26, 42, 19, 60, 54, 11, 49]",50,174,0.012496295385062695,0.005878010299056768,-0.006618285086005926
106,2,node_removal,random,8,14,"[7, 29, 56, 42, 27, 59, 32, 1, 26, 24, 8, 48, 12, 14]",50,176,0.012496295385062695,0.012585182674229145,8.88872891664505e-05
106,2,node_removal,random,9,14,"[39, 37, 34, 8, 1, 21, 27, 7, 23, 3, 31, 46, 33, 14]",50,178,0.012496295385062695,0.024138784036040306,0.011642488650977612
106,2,node_removal,random,10,14,"[62, 23, 15, 61, 0, 21, 59, 63, 29, 32, 28, 33, 30, 49]",50,180,0.012496295385062695,0.01041659526526928,-0.002079700119793415
106,2,node_removal,random,11,14,"[29, 28, 18, 45, 39, 3, 21, 56, 15, 26, 34, 5, 46, 49]",50,178,0.012496295385062695,0.015275821089744568,0.0027795257046818733
106,2,node_removal,random,12,14,"[20, 43, 37, 29, 15, 8, 23, 21, 60, 31, 42, 47, 40, 49]",50,178,0.012496295385062695,0.011773374862968922,-0.0007229205220937729
106,2,node_removal,random,13,14,"[1, 31, 24, 45, 28, 56, 3, 37, 58, 63, 18, 33, 52, 14]",50,168,0.012496295385062695,0.02044825442135334,0.007951959036290646
106,2,node_removal,random,14,14,"[20, 28, 23, 1, 58, 15, 4, 7, 32, 36, 8, 11, 52, 14]",50,184,0.012496295385062695,0.019198335707187653,0.006702040322124958
106,2,node_removal,random,15,14,"[15, 42, 36, 43, 8, 59, 34, 19, 44, 18, 24, 41, 54, 49]",50,180,0.012496295385062695,0.007214610930532217,-0.0052816844545304775
106,2,node_removal,random,16,14,"[43, 15, 35, 4, 39, 31, 16, 59, 20, 63, 45, 10, 13, 14]",50,174,0.012496295385062695,0.009177797473967075,-0.003318497911095619
106,2,node_removal,random,17,14,"[43, 36, 24, 20, 0, 42, 23, 18, 19, 44, 28, 47, 52, 49]",50,182,0.012496295385062695,0.00516429403796792,-0.007332001347094774
106,2,node_removal,random,18,14,"[39, 29, 31, 24, 1, 3, 16, 26, 8, 20, 21, 47, 41, 14]",50,180,0.012496295385062695,0.021916290745139122,0.009419995360076427
106,2,node_removal,random,19,14,"[34, 15, 20, 26, 56, 7, 44, 23, 29, 42, 57, 30, 6, 14]",50,190,0.012496295385062695,0.012057646177709103,-0.0004386492073535919
106,2,node_removal,random,20,14,"[45, 19, 27, 39, 3, 26, 4, 35, 23, 31, 34, 47, 52, 49]",50,184,0.012496295385062695,0.00579061871394515,-0.006705676671117544
106,2,boundary_removal,target,0,18,"[51, 65, 66, 67, 70, 79, 86, 95, 96, 97, 98, 99, 103, 104, 105, 120, 124, 139]",64,250,0.012496295385062695,0.015835726633667946,0.0033394312486052513
106,2,boundary_removal,random,1,18,"[66, 65, 102, 82, 59, 135, 68, 2, 105, 124, 77, 36, 132, 19, 120, 22, 80, 96]",64,250,0.012496295385062695,0.013604032807052135,0.001107737421989441
106,2,boundary_removal,random,2,18,"[87, 52, 89, 136, 68, 67, 85, 135, 13, 45, 20, 78, 97, 74, 19, 99, 21, 112]",64,250,0.012496295385062695,0.012246458791196346,-0.00024983659386634827
106,2,boundary_removal,random,3,18,"[53, 50, 135, 66, 25, 142, 137, 136, 20, 133, 73, 103, 43, 109, 47, 99, 18, 96]",64,250,0.012496295385062695,0.014027435332536697,0.0015311399474740028
106,2,boundary_removal,random,4,18,"[87, 51, 52, 135, 102, 85, 48, 84, 60, 73, 38, 36, 43, 126, 47, 113, 92, 112]",64,250,0.012496295385062695,0.012710034847259521,0.00021373946219682693
106,2,boundary_removal,random,5,18,"[138, 140, 104, 59, 142, 42, 61, 49, 132, 12, 105, 54, 97, 19, 35, 40, 92, 112]",64,250,0.012496295385062695,0.01275437418371439,0.00025807879865169525
106,2,boundary_removal,random,6,18,"[65, 87, 85, 104, 2, 137, 72, 70, 32, 88, 121, 77, 15, 123, 64, 99, 18, 17]",64,250,0.012496295385062695,0.01372621301561594,0.0012299176305532455
106,2,boundary_removal,random,7,18,"[84, 136, 138, 135, 48, 66, 102, 61, 13, 105, 38, 77, 78, 64, 120, 22, 98, 112]",64,250,0.012496295385062695,0.013159163296222687,0.0006628679111599922
106,2,boundary_removal,random,8,18,"[102, 100, 89, 76, 50, 136, 61, 27, 114, 60, 13, 79, 130, 94, 109, 40, 21, 17]",64,250,0.012496295385062695,0.013748046942055225,0.0012517515569925308
106,2,boundary_removal,random,9,18,"[83, 76, 138, 84, 86, 85, 44, 66, 93, 103, 124, 101, 133, 19, 74, 113, 80, 17]",64,250,0.012496295385062695,0.011511889286339283,-0.0009844060987234116
106,2,boundary_removal,random,10,18,"[136, 140, 86, 68, 69, 67, 27, 66, 20, 60, 121, 114, 38, 33, 9, 22, 21, 1]",64,250,0.012496295385062695,0.012918124906718731,0.0004218295216560364
106,2,boundary_removal,random,11,18,"[69, 2, 136, 48, 65, 137, 59, 44, 106, 124, 101, 56, 43, 16, 91, 40, 80, 1]",64,250,0.012496295385062695,0.014269199222326279,0.0017729038372635841
106,2,boundary_removal,random,12,18,"[44, 139, 68, 100, 2, 51, 135, 59, 114, 106, 13, 101, 111, 81, 57, 113, 18, 96]",64,250,0.012496295385062695,0.012916413135826588,0.00042011775076389313
106,2,boundary_removal,random,13,18,"[137, 142, 86, 141, 42, 104, 65, 52, 114, 43, 45, 111, 130, 35, 95, 22, 21, 17]",64,250,0.012496295385062695,0.013424537144601345,0.0009282417595386505
106,2,boundary_removal,random,14,18,"[104, 42, 72, 142, 53, 136, 141, 137, 133, 13, 7, 43, 15, 126, 129, 22, 18, 112]",64,250,0.012496295385062695,0.013135724700987339,0.0006394293159246445
106,2,boundary_removal,random,15,18,"[140, 135, 102, 53, 48, 69, 136, 87, 45, 32, 20, 62, 78, 57, 129, 113, 98, 112]",64,250,0.012496295385062695,0.014159106649458408,0.0016628112643957138
106,2,boundary_removal,random,16,18,"[49, 65, 69, 42, 86, 136, 83, 138, 12, 32, 106, 93, 15, 120, 123, 99, 18, 17]",64,250,0.012496295385062695,0.013471056707203388,0.0009747613221406937
106,2,boundary_removal,random,17,18,"[84, 50, 51, 55, 61, 44, 139, 10, 15, 62, 121, 130, 124, 74, 31, 37, 80, 96]",64,250,0.012496295385062695,0.01406745333224535,0.0015711579471826553
106,2,boundary_removal,random,18,18,"[69, 84, 10, 104, 85, 87, 141, 61, 78, 133, 77, 114, 132, 19, 120, 113, 80, 1]",64,250,0.012496295385062695,0.013254460878670216,0.0007581654936075211
106,2,boundary_removal,random,19,18,"[72, 10, 68, 25, 141, 66, 53, 138, 12, 93, 13, 105, 62, 47, 74, 22, 98, 17]",64,250,0.012496295385062695,0.013869042508304119,0.0013727471232414246
106,2,boundary_removal,random,20,18,"[102, 10, 49, 82, 136, 0, 137, 100, 77, 34, 7, 93, 60, 91, 129, 116, 80, 17]",64,250,0.012496295385062695,0.014044693671166897,0.0015483982861042023
106,4,node_removal,target,0,1,[28],63,278,0.012496295385062695,0.011161857284605503,-0.0013344381004571915
106,4,node_removal,random,1,1,[45],63,278,0.012496295385062695,0.011707077734172344,-0.0007892176508903503
106,4,node_removal,random,2,1,[24],63,278,0.012496295385062695,0.013593574054539204,0.001097278669476509
106,4,node_removal,random,3,1,[23],63,278,0.012496295385062695,0.013208662159740925,0.0007123667746782303
106,4,node_removal,random,4,1,[59],63,278,0.012496295385062695,0.012242455966770649,-0.0002538394182920456
106,4,node_removal,random,5,1,[63],63,278,0.012496295385062695,0.011549766175448895,-0.0009465292096138
106,4,node_removal,random,6,1,[32],63,278,0.012496295385062695,0.013782448135316372,0.0012861527502536774
106,4,node_removal,random,7,1,[58],63,278,0.012496295385062695,0.010733640752732754,-0.0017626546323299408
106,4,node_removal,random,8,1,[34],63,278,0.012496295385062695,0.013343635946512222,0.0008473405614495277
106,4,node_removal,random,9,1,[39],63,278,0.012496295385062695,0.011322579346597195,-0.0011737160384654999
106,4,node_removal,random,10,1,[16],63,278,0.012496295385062695,0.013899292796850204,0.00140299741178751
106,4,node_removal,random,11,1,[1],63,278,0.012496295385062695,0.013995267450809479,0.0014989720657467842
106,4,node_removal,random,12,1,[55],63,278,0.012496295385062695,0.011798586696386337,-0.0006977086886763573
106,4,node_removal,random,13,1,[34],63,278,0.012496295385062695,0.013343635946512222,0.0008473405614495277
106,4,node_removal,random,14,1,[55],63,278,0.012496295385062695,0.011798586696386337,-0.0006977086886763573
106,4,node_removal,random,15,1,[36],63,278,0.012496295385062695,0.010832518339157104,-0.00166377704590559
106,4,node_removal,random,16,1,[35],63,278,0.012496295385062695,0.009543218649923801,-0.002953076735138893
106,4,node_removal,random,17,1,[1],63,278,0.012496295385062695,0.013995267450809479,0.0014989720657467842
106,4,node_removal,random,18,1,[26],63,278,0.012496295385062695,0.011868174187839031,-0.0006281211972236633
106,4,node_removal,random,19,1,[60],63,278,0.012496295385062695,0.013428043574094772,0.0009317481890320778
106,4,node_removal,random,20,1,[35],63,278,0.012496295385062695,0.009543218649923801,-0.002953076735138893
106,4,boundary_removal,target,0,4,"[53, 67, 69, 70]",64,278,0.012496295385062695,0.012591100297868252,9.480491280555725e-05
106,4,boundary_removal,random,1,4,"[102, 89, 72, 86]",64,278,0.012496295385062695,0.013346600346267223,0.0008503049612045288
106,4,boundary_removal,random,2,4,"[48, 138, 65, 84]",64,278,0.012496295385062695,0.011673481203615665,-0.0008228141814470291
106,4,boundary_removal,random,3,4,"[76, 44, 68, 84]",64,278,0.012496295385062695,0.01127511914819479,-0.0012211762368679047
106,4,boundary_removal,random,4,4,"[52, 69, 27, 89]",64,278,0.012496295385062695,0.012891042046248913,0.00039474666118621826
106,4,boundary_removal,random,5,4,"[135, 66, 142, 139]",64,278,0.012496295385062695,0.012614317238330841,0.00011802185326814651
106,4,boundary_removal,random,6,4,"[104, 2, 82, 102]",64,278,0.012496295385062695,0.012684844434261322,0.00018854904919862747
106,4,boundary_removal,random,7,4,"[69, 68, 82, 2]",64,278,0.012496295385062695,0.012298469431698322,-0.00019782595336437225
106,4,boundary_removal,random,8,4,"[10, 138, 52, 59]",64,278,0.012496295385062695,0.012612409889698029,0.00011611450463533401
106,4,boundary_removal,random,9,4,"[136, 141, 142, 139]",64,278,0.012496295385062695,0.01273655891418457,0.00024026352912187576
106,4,boundary_removal,random,10,4,"[61, 55, 100, 139]",64,278,0.012496295385062695,0.01303646806627512,0.0005401726812124252
106,4,boundary_removal,random,11,4,"[42, 51, 76, 141]",64,278,0.012496295385062695,0.012497521936893463,1.2265518307685852e-06
106,4,boundary_removal,random,12,4,"[84, 86, 50, 70]",64,278,0.012496295385062695,0.01213174220174551,-0.00036455318331718445
106,4,boundary_removal,random,13,4,"[87, 66, 82, 139]",64,278,0.012496295385062695,0.013431777246296406,0.0009354818612337112
106,4,boundary_removal,random,14,4,"[139, 84, 138, 83]",64,278,0.012496295385062695,0.011572413146495819,-0.0009238822385668755
106,4,boundary_removal,random,15,4,"[53, 84, 70, 86]",64,278,0.012496295385062695,0.01213041227310896,-0.00036588311195373535
106,4,boundary_removal,random,16,4,"[42, 87, 104, 136]",64,278,0.012496295385062695,0.012715094722807407,0.00021879933774471283
106,4,boundary_removal,random,17,4,"[139, 136, 51, 83]",64,278,0.012496295385062695,0.012071806006133556,-0.0004244893789291382
106,4,boundary_removal,random,18,4,"[87, 82, 100, 67]",64,278,0.012496295385062695,0.013079446740448475,0.0005831513553857803
106,4,boundary_removal,random,19,4,"[0, 66, 50, 140]",64,278,0.012496295385062695,0.012710434384644032,0.00021413899958133698
106,4,boundary_removal,random,20,4,"[138, 2, 65, 104]",64,278,0.012496295385062695,0.01181760337203741,-0.0006786920130252838
118,0,node_removal,target,0,6,"[5, 6, 7, 13, 49, 57]",58,240,0.9347982406616211,0.976182222366333,-0.041383981704711914
118,0,node_removal,random,1,6,"[44, 20, 53, 25, 38, 49]",58,228,0.9347982406616211,0.9332895278930664,0.0015087127685546875
118,0,node_removal,random,2,6,"[1, 23, 40, 25, 53, 49]",58,228,0.9347982406616211,0.9390705227851868,-0.004272282123565674
118,0,node_removal,random,3,6,"[28, 61, 5, 53, 30, 14]",58,230,0.9347982406616211,0.943825900554657,-0.009027659893035889
118,0,node_removal,random,4,6,"[61, 36, 51, 52, 50, 49]",58,236,0.9347982406616211,0.9462246298789978,-0.011426389217376709
118,0,node_removal,random,5,6,"[4, 27, 52, 54, 11, 14]",58,230,0.9347982406616211,0.9370539784431458,-0.002255737781524658
118,0,node_removal,random,6,6,"[7, 24, 48, 40, 38, 49]",58,232,0.9347982406616211,0.9518420696258545,-0.0170438289642334
118,0,node_removal,random,7,6,"[16, 26, 2, 10, 17, 14]",58,232,0.9347982406616211,0.9218503832817078,0.01294785737991333
118,0,node_removal,random,8,6,"[63, 31, 54, 12, 47, 49]",58,232,0.9347982406616211,0.9505116939544678,-0.01571345329284668
118,0,node_removal,random,9,6,"[3, 56, 33, 46, 40, 14]",58,232,0.9347982406616211,0.9046449065208435,0.030153334140777588
118,0,node_removal,random,10,6,"[61, 15, 38, 47, 22, 49]",58,230,0.9347982406616211,0.9630953669548035,-0.028297126293182373
118,0,node_removal,random,11,6,"[45, 24, 41, 38, 47, 14]",58,230,0.9347982406616211,0.930260956287384,0.0045372843742370605
118,0,node_removal,random,12,6,"[37, 32, 38, 10, 2, 14]",58,232,0.9347982406616211,0.9095356464385986,0.02526259422302246
118,0,node_removal,random,13,6,"[55, 59, 11, 52, 51, 14]",58,232,0.9347982406616211,0.9268710613250732,0.007927179336547852
118,0,node_removal,random,14,6,"[36, 1, 22, 25, 12, 49]",58,228,0.9347982406616211,0.9538065791130066,-0.019008338451385498
118,0,node_removal,random,15,6,"[34, 20, 30, 51, 22, 14]",58,232,0.9347982406616211,0.9428835511207581,-0.008085310459136963
118,0,node_removal,random,16,6,"[62, 39, 48, 10, 53, 49]",58,232,0.9347982406616211,0.9587702751159668,-0.023972034454345703
118,0,node_removal,random,17,6,"[57, 28, 6, 13, 52, 14]",58,234,0.9347982406616211,0.9408569931983948,-0.006058752536773682
118,0,node_removal,random,18,6,"[45, 24, 13, 51, 52, 49]",58,230,0.9347982406616211,0.9532570838928223,-0.018458843231201172
118,0,node_removal,random,19,6,"[24, 27, 47, 17, 10, 49]",58,230,0.9347982406616211,0.9579245448112488,-0.023126304149627686
118,0,node_removal,random,20,6,"[20, 0, 30, 47, 53, 14]",58,228,0.9347982406616211,0.9350924491882324,-0.0002942085266113281
118,0,boundary_removal,target,0,17,"[13, 18, 22, 23, 24, 25, 35, 37, 38, 99, 113, 115, 116, 117, 119, 136, 137]",64,252,0.9347982406616211,0.9466135501861572,-0.011815309524536133
118,0,boundary_removal,random,1,17,"[10, 50, 138, 20, 105, 64, 113, 37, 22, 116, 40, 122, 75, 41, 117, 119, 98]",64,252,0.9347982406616211,0.9427099227905273,-0.00791168212890625
118,0,boundary_removal,random,2,17,"[48, 102, 52, 105, 127, 19, 22, 37, 40, 99, 116, 58, 131, 41, 117, 24, 80]",64,252,0.9347982406616211,0.9382953643798828,-0.0034971237182617188
118,0,boundary_removal,random,3,17,"[138, 44, 139, 133, 71, 16, 22, 40, 99, 116, 113, 11, 14, 41, 117, 24, 92]",64,252,0.9347982406616211,0.9370660781860352,-0.0022678375244140625
118,0,boundary_removal,random,4,17,"[85, 27, 66, 93, 15, 94, 40, 99, 113, 37, 116, 14, 128, 117, 24, 119, 21]",64,252,0.9347982406616211,0.9363225102424622,-0.0015242695808410645
118,0,boundary_removal,random,5,17,"[65, 10, 51, 114, 101, 120, 37, 22, 116, 99, 40, 63, 125, 117, 119, 41, 21]",64,252,0.9347982406616211,0.9380742907524109,-0.003276050090789795
118,0,boundary_removal,random,6,17,"[2, 139, 25, 127, 132, 123, 37, 99, 22, 40, 113, 58, 75, 24, 117, 119, 21]",64,252,0.9347982406616211,0.9413602352142334,-0.006561994552612305
118,0,boundary_removal,random,7,17,"[2, 137, 102, 93, 106, 9, 37, 22, 116, 113, 40, 23, 115, 117, 119, 24, 18]",64,252,0.9347982406616211,0.9442946314811707,-0.00949639081954956
118,0,boundary_removal,random,8,17,"[72, 10, 51, 43, 106, 9, 116, 99, 40, 37, 113, 23, 63, 119, 41, 24, 92]",64,252,0.9347982406616211,0.9373518824577332,-0.0025536417961120605
118,0,boundary_removal,random,9,17,"[137, 141, 76, 106, 54, 33, 116, 40, 99, 113, 37, 131, 115, 24, 119, 41, 80]",64,252,0.9347982406616211,0.9394404292106628,-0.004642188549041748
118,0,boundary_removal,random,10,17,"[2, 104, 102, 15, 97, 94, 40, 37, 99, 116, 22, 128, 115, 117, 119, 41, 92]",64,252,0.9347982406616211,0.931084156036377,0.0037140846252441406
118,0,boundary_removal,random,11,17,"[86, 142, 140, 101, 60, 126, 113, 40, 99, 116, 37, 134, 58, 24, 119, 117, 80]",64,252,0.9347982406616211,0.9382326602935791,-0.003434419631958008
118,0,boundary_removal,random,12,17,"[135, 84, 70, 13, 43, 35, 37, 116, 40, 99, 22, 63, 110, 119, 41, 117, 92]",64,252,0.9347982406616211,0.9359988570213318,-0.0012006163597106934
118,0,boundary_removal,random,13,17,"[100, 0, 55, 34, 4, 108, 40, 99, 22, 116, 113, 63, 46, 117, 41, 119, 92]",64,252,0.9347982406616211,0.9359356760978699,-0.0011374354362487793
118,0,boundary_removal,random,14,17,"[72, 137, 25, 13, 62, 126, 113, 37, 22, 116, 99, 115, 14, 24, 41, 119, 98]",64,252,0.9347982406616211,0.9398347735404968,-0.005036532878875732
118,0,boundary_removal,random,15,17,"[136, 66, 2, 36, 32, 120, 113, 116, 40, 37, 99, 46, 115, 24, 117, 41, 98]",64,252,0.9347982406616211,0.9346138834953308,0.0001843571662902832
118,0,boundary_removal,random,16,17,"[51, 50, 65, 45, 36, 108, 22, 99, 40, 37, 116, 131, 11, 117, 24, 41, 18]",64,252,0.9347982406616211,0.9408619999885559,-0.0060637593269348145
118,0,boundary_removal,random,17,17,"[139, 136, 87, 36, 133, 129, 37, 99, 116, 22, 40, 46, 128, 41, 117, 119, 80]",64,252,0.9347982406616211,0.9331076741218567,0.0016905665397644043
118,0,boundary_removal,random,18,17,"[49, 65, 83, 130, 114, 64, 37, 99, 22, 116, 113, 110, 128, 24, 117, 41, 21]",64,252,0.9347982406616211,0.935715913772583,-0.0009176731109619141
118,0,boundary_removal,random,19,17,"[27, 104, 87, 56, 71, 57, 116, 22, 40, 37, 99, 128, 134, 24, 119, 41, 98]",64,252,0.9347982406616211,0.9342330098152161,0.0005652308464050293
118,0,boundary_removal,random,20,17,"[85, 65, 86, 97, 101, 19, 113, 99, 37, 40, 116, 134, 115, 24, 119, 117, 80]",64,252,0.9347982406616211,0.9383329749107361,-0.0035347342491149902
118,1,node_removal,target,0,19,"[0, 1, 2, 8, 9, 20, 21, 28, 29, 30, 35, 36, 37, 44, 46, 47, 54, 55, 63]",45,172,0.9347982406616211,0.8173121809959412,0.11748605966567993
118,1,node_removal,random,1,19,"[55, 8, 23, 32, 57, 31, 24, 29, 0, 43, 56, 4, 42, 13, 50, 40, 2, 51, 9]",45,146,0.9347982406616211,0.897221565246582,0.03757667541503906
118,1,node_removal,random,2,19,"[61, 24, 16, 34, 20, 36, 63, 15, 27, 44, 4, 57, 21, 50, 5, 11, 6, 13, 9]",45,140,0.9347982406616211,0.9810132384300232,-0.0462149977684021
118,1,node_removal,random,3,19,"[56, 58, 60, 24, 28, 16, 59, 19, 45, 63, 23, 0, 43, 48, 10, 25, 52, 30, 9]",45,136,0.9347982406616211,0.9195516705513,0.015246570110321045
118,1,node_removal,random,4,19,"[57, 59, 55, 29, 36, 27, 26, 24, 15, 19, 16, 7, 39, 30, 41, 22, 10, 50, 9]",45,138,0.9347982406616211,0.9554345011711121,-0.020636260509490967
118,1,node_removal,random,5,19,"[56, 26, 42, 60, 24, 59, 35, 36, 7, 23, 55, 27, 45, 25, 47, 22, 46, 12, 9]",45,140,0.9347982406616211,0.9050259590148926,0.029772281646728516
118,1,node_removal,random,6,19,"[15, 7, 60, 21, 20, 42, 27, 4, 31, 44, 1, 26, 57, 47, 46, 11, 54, 10, 9]",45,136,0.9347982406616211,0.9080896973609924,0.026708543300628662
118,1,node_removal,random,7,19,"[44, 34, 7, 29, 35, 3, 0, 62, 18, 19, 39, 4, 1, 33, 10, 11, 30, 51, 9]",45,150,0.9347982406616211,0.9010643362998962,0.033733904361724854
118,1,node_removal,random,8,19,"[4, 35, 1, 60, 23, 42, 44, 27, 56, 3, 59, 62, 19, 47, 5, 51, 52, 41, 9]",45,142,0.9347982406616211,0.9246408343315125,0.010157406330108643
118,1,node_removal,random,9,19,"[16, 42, 19, 44, 31, 59, 32, 7, 60, 1, 62, 63, 37, 40, 33, 30, 17, 6, 9]",45,140,0.9347982406616211,0.9363736510276794,-0.0015754103660583496
118,1,node_removal,random,10,19,"[19, 3, 44, 60, 57, 20, 18, 7, 31, 55, 4, 63, 62, 12, 52, 10, 22, 54, 9]",45,150,0.9347982406616211,0.944814145565033,-0.010015904903411865
118,1,node_removal,random,11,19,"[16, 58, 18, 29, 31, 8, 63, 61, 24, 55, 32, 23, 34, 22, 10, 38, 33, 25, 9]",45,150,0.9347982406616211,0.9399396777153015,-0.00514143705368042
118,1,node_removal,random,12,19,"[55, 18, 42, 8, 7, 44, 19, 35, 20, 23, 62, 3, 56, 48, 2, 12, 30, 47, 9]",45,134,0.9347982406616211,0.9226134419441223,0.01218479871749878
118,1,node_removal,random,13,19,"[32, 19, 21, 3, 39, 63, 7, 62, 4, 57, 55, 35, 8, 41, 30, 6, 46, 53, 9]",45,134,0.9347982406616211,0.9553272128105164,-0.020528972148895264
118,1,node_removal,random,14,19,"[4, 8, 16, 18, 37, 23, 29, 7, 3, 15, 62, 57, 44, 5, 30, 25, 10, 50, 9]",45,144,0.9347982406616211,0.9530541300773621,-0.018255889415740967
118,1,node_removal,random,15,19,"[36, 18, 61, 23, 37, 4, 32, 44, 39, 43, 24, 0, 20, 12, 47, 30, 40, 53, 9]",45,140,0.9347982406616211,0.908791720867157,0.02600651979446411
118,1,node_removal,random,16,19,"[21, 56, 15, 23, 36, 18, 20, 59, 63, 34, 8, 58, 32, 52, 22, 51, 40, 6, 9]",45,140,0.9347982406616211,0.9554761052131653,-0.02067786455154419
118,1,node_removal,random,17,19,"[63, 3, 31, 55, 16, 21, 7, 59, 61, 0, 4, 45, 34, 10, 33, 47, 5, 11, 9]",45,146,0.9347982406616211,0.9562925696372986,-0.02149432897567749
118,1,node_removal,random,18,19,"[56, 15, 57, 39, 62, 45, 18, 43, 4, 60, 35, 31, 0, 53, 11, 6, 52, 17, 9]",45,142,0.9347982406616211,0.9551022052764893,-0.020303964614868164
118,1,node_removal,random,19,19,"[23, 3, 61, 4, 42, 35, 55, 59, 32, 16, 37, 44, 45, 51, 47, 2, 53, 6, 9]",45,138,0.9347982406616211,0.9151155352592468,0.019682705402374268
118,1,node_removal,random,20,19,"[21, 20, 34, 29, 3, 7, 26, 43, 60, 63, 19, 35, 55, 5, 41, 30, 46, 33, 9]",45,142,0.9347982406616211,0.8998003005981445,0.03499794006347656
118,1,boundary_removal,target,0,30,"[7, 9, 27, 28, 29, 30, 36, 38, 50, 54, 57, 67, 68, 73, 74, 75, 82, 85, 88, 89, 91, 92, 93, 102, 104, 105, 106, 129, 133, 142]",64,226,0.9347982406616211,0.9427793025970459,-0.007981061935424805
118,1,boundary_removal,random,1,30,"[0, 25, 10, 69, 50, 52, 136, 67, 55, 138, 7, 20, 32, 103, 121, 34, 124, 45, 101, 127, 47, 74, 64, 35, 120, 28, 30, 110, 3, 92]",64,226,0.9347982406616211,0.9345613121986389,0.00023692846298217773
118,1,boundary_removal,random,2,30,"[138, 44, 66, 0, 136, 61, 84, 86, 68, 140, 127, 7, 4, 73, 54, 121, 15, 78, 132, 105, 95, 35, 91, 81, 47, 28, 30, 75, 29, 92]",64,226,0.9347982406616211,0.9369370937347412,-0.002138853073120117
118,1,boundary_removal,random,3,30,"[85, 69, 76, 141, 140, 142, 65, 87, 49, 100, 124, 38, 12, 77, 106, 71, 60, 121, 78, 103, 47, 33, 9, 94, 108, 28, 30, 125, 3, 21]",64,226,0.9347982406616211,0.932307779788971,0.0024904608726501465
118,1,boundary_removal,random,4,30,"[42, 100, 44, 10, 59, 102, 48, 66, 0, 104, 78, 36, 93, 127, 45, 12, 56, 105, 121, 106, 94, 81, 64, 123, 47, 28, 30, 131, 3, 98]",64,226,0.9347982406616211,0.9339784979820251,0.0008197426795959473
118,1,boundary_removal,random,5,30,"[104, 25, 51, 76, 135, 89, 53, 140, 52, 86, 90, 56, 107, 114, 97, 13, 36, 121, 101, 133, 94, 9, 126, 74, 95, 30, 28, 115, 3, 80]",64,226,0.9347982406616211,0.9346067309379578,0.00019150972366333008
118,1,boundary_removal,random,6,30,"[142, 44, 66, 89, 100, 50, 140, 49, 87, 52, 105, 34, 15, 88, 106, 101, 133, 124, 90, 56, 64, 57, 74, 108, 81, 30, 28, 46, 3, 80]",64,226,0.9347982406616211,0.9374880790710449,-0.002689838409423828
118,1,boundary_removal,random,7,30,"[50, 141, 142, 66, 72, 87, 138, 59, 83, 136, 4, 78, 36, 124, 107, 45, 13, 121, 111, 133, 129, 123, 109, 9, 47, 28, 30, 23, 3, 18]",64,226,0.9347982406616211,0.9398134350776672,-0.005015194416046143
118,1,boundary_removal,random,8,30,"[68, 100, 70, 48, 61, 89, 10, 136, 138, 140, 127, 60, 97, 90, 101, 114, 73, 43, 121, 133, 120, 109, 31, 91, 95, 30, 28, 23, 29, 21]",64,226,0.9347982406616211,0.9350679516792297,-0.0002697110176086426
118,1,boundary_removal,random,9,30,"[10, 48, 87, 2, 89, 85, 53, 138, 137, 141, 114, 12, 90, 121, 60, 105, 36, 45, 127, 73, 35, 95, 108, 120, 81, 28, 30, 134, 3, 80]",64,226,0.9347982406616211,0.9349694848060608,-0.00017124414443969727
118,1,boundary_removal,random,10,30,"[139, 65, 100, 70, 2, 10, 76, 68, 44, 67, 101, 79, 127, 114, 36, 90, 103, 4, 93, 56, 19, 120, 95, 33, 94, 28, 30, 14, 29, 21]",64,226,0.9347982406616211,0.9353627562522888,-0.0005645155906677246
118,1,boundary_removal,random,11,30,"[138, 59, 42, 142, 100, 104, 136, 69, 141, 44, 133, 93, 43, 132, 7, 36, 103, 107, 62, 34, 109, 57, 129, 47, 123, 30, 28, 63, 3, 92]",64,226,0.9347982406616211,0.9308702349662781,0.003928005695343018
118,1,boundary_removal,random,12,30,"[50, 44, 83, 72, 136, 137, 10, 86, 70, 27, 130, 127, 101, 71, 38, 106, 20, 77, 111, 79, 64, 35, 31, 19, 109, 30, 28, 58, 3, 18]",64,226,0.9347982406616211,0.9433870911598206,-0.008588850498199463
118,1,boundary_removal,random,13,30,"[42, 142, 69, 25, 68, 44, 67, 136, 138, 76, 12, 107, 124, 36, 15, 20, 38, 32, 133, 114, 81, 57, 95, 129, 47, 28, 30, 75, 3, 21]",64,226,0.9347982406616211,0.9322763085365295,0.0025219321250915527
118,1,boundary_removal,random,14,30,"[68, 27, 69, 0, 49, 141, 10, 25, 135, 85, 13, 60, 20, 4, 54, 88, 73, 124, 132, 43, 19, 123, 47, 109, 16, 28, 30, 58, 29, 92]",64,226,0.9347982406616211,0.9394974708557129,-0.004699230194091797
118,1,boundary_removal,random,15,30,"[67, 87, 70, 76, 83, 66, 0, 84, 68, 2, 79, 36, 124, 97, 127, 93, 107, 56, 90, 4, 108, 35, 109, 31, 129, 30, 28, 115, 29, 80]",64,226,0.9347982406616211,0.9281314015388489,0.006666839122772217
118,1,boundary_removal,random,16,30,"[25, 2, 70, 136, 48, 139, 86, 76, 142, 137, 4, 121, 54, 106, 38, 45, 15, 107, 114, 43, 109, 16, 94, 126, 57, 30, 28, 128, 3, 21]",64,226,0.9347982406616211,0.9387863278388977,-0.003988087177276611
118,1,boundary_removal,random,17,30,"[70, 69, 76, 138, 89, 84, 55, 72, 140, 104, 13, 15, 71, 12, 121, 45, 34, 114, 62, 36, 94, 31, 108, 35, 19, 30, 28, 14, 29, 92]",64,226,0.9347982406616211,0.9351696968078613,-0.0003714561462402344
118,1,boundary_removal,random,18,30,"[48, 10, 84, 104, 51, 65, 76, 49, 141, 86, 106, 93, 88, 38, 73, 15, 60, 90, 43, 32, 47, 35, 74, 9, 91, 30, 28, 125, 3, 18]",64,226,0.9347982406616211,0.9413092732429504,-0.006511032581329346
118,1,boundary_removal,random,19,30,"[140, 48, 10, 2, 82, 55, 87, 66, 69, 70, 93, 7, 124, 71, 103, 90, 34, 36, 127, 20, 31, 109, 123, 126, 9, 28, 30, 131, 3, 21]",64,226,0.9347982406616211,0.9311962723731995,0.003601968288421631
118,1,boundary_removal,random,20,30,"[53, 42, 89, 59, 68, 48, 83, 61, 100, 141, 127, 38, 77, 114, 88, 106, 54, 103, 105, 107, 123, 9, 81, 35, 108, 28, 30, 11, 3, 80]",64,226,0.9347982406616211,0.937096357345581,-0.002298116683959961
118,4,node_removal,target,0,39,"[3, 4, 10, 11, 12, 14, 15, 16, 17, 18, 19, 22, 23, 24, 25, 26, 27, 31, 32, 33, 34, 38, 39, 40, 41, 42, 43, 45, 48, 50, 51, 52, 53, 56, 58, 59, 60, 61, 62]",25,68,0.9347982406616211,0.961749792098999,-0.02695155143737793
118,4,node_removal,random,1,39,"[63, 1, 4, 26, 60, 36, 37, 21, 35, 18, 27, 28, 55, 57, 34, 24, 56, 16, 15, 19, 0, 20, 7, 50, 46, 47, 30, 41, 5, 2, 53, 51, 11, 12, 33, 52, 25, 10, 14]",25,36,0.9347982406616211,0.9101154208183289,0.024682819843292236
118,4,node_removal,random,2,39,"[23, 35, 28, 59, 24, 36, 31, 60, 8, 61, 32, 4, 0, 26, 58, 43, 15, 29, 55, 62, 63, 44, 27, 54, 12, 25, 41, 50, 46, 30, 6, 51, 33, 40, 22, 5, 52, 47, 14]",25,60,0.9347982406616211,0.861981213092804,0.07281702756881714
118,4,node_removal,random,3,39,"[62, 43, 8, 27, 18, 60, 42, 58, 55, 34, 21, 16, 4, 7, 19, 35, 28, 31, 20, 3, 44, 29, 15, 17, 10, 25, 33, 51, 48, 47, 54, 12, 40, 5, 6, 2, 30, 53, 14]",25,36,0.9347982406616211,0.9591805338859558,-0.024382293224334717
118,4,node_removal,random,4,39,"[0, 37, 29, 31, 19, 28, 1, 39, 3, 4, 43, 20, 62, 57, 56, 61, 55, 42, 7, 24, 32, 59, 26, 5, 48, 10, 12, 47, 6, 54, 13, 53, 50, 33, 40, 52, 17, 22, 14]",25,32,0.9347982406616211,0.989441454410553,-0.054643213748931885
118,4,node_removal,random,5,39,"[29, 0, 16, 45, 39, 34, 42, 58, 21, 44, 8, 15, 62, 55, 43, 27, 18, 61, 32, 59, 36, 7, 57, 33, 53, 38, 51, 40, 6, 30, 13, 2, 50, 5, 41, 54, 17, 52, 49]",25,46,0.9347982406616211,0.9796690940856934,-0.044870853424072266
118,4,node_removal,random,6,39,"[20, 27, 7, 37, 62, 19, 61, 0, 59, 36, 60, 44, 3, 8, 43, 31, 34, 15, 56, 57, 58, 45, 26, 46, 10, 12, 2, 13, 38, 54, 11, 53, 6, 41, 22, 50, 25, 51, 49]",25,44,0.9347982406616211,0.9586448669433594,-0.02384662628173828
118,4,node_removal,random,7,39,"[42, 15, 37, 32, 58, 16, 24, 27, 43, 7, 59, 56, 34, 0, 20, 8, 18, 3, 26, 39, 36, 57, 60, 17, 50, 38, 12, 30, 54, 25, 13, 11, 41, 5, 2, 48, 22, 46, 14]",25,38,0.9347982406616211,0.9786160588264465,-0.04381781816482544
118,4,node_removal,random,8,39,"[56, 32, 61, 35, 16, 58, 4, 28, 43, 63, 19, 1, 39, 21, 26, 31, 27, 20, 55, 57, 42, 36, 34, 17, 41, 48, 10, 25, 50, 11, 51, 53, 13, 52, 12, 5, 30, 2, 49]",25,50,0.9347982406616211,0.9829193949699402,-0.04812115430831909
118,4,node_removal,random,9,39,"[21, 7, 16, 32, 28, 36, 26, 39, 4, 19, 3, 59, 15, 58, 20, 55, 24, 60, 1, 56, 29, 0, 42, 5, 10, 22, 17, 51, 11, 13, 54, 30, 47, 40, 33, 6, 2, 52, 49]",25,38,0.9347982406616211,0.9930952191352844,-0.05829697847366333
118,4,node_removal,random,10,39,"[4, 0, 28, 43, 55, 16, 32, 42, 26, 37, 27, 19, 39, 35, 58, 7, 8, 21, 15, 61, 23, 24, 20, 41, 22, 25, 33, 47, 12, 54, 5, 38, 50, 6, 2, 30, 51, 52, 49]",25,42,0.9347982406616211,0.9750136733055115,-0.04021543264389038
118,4,node_removal,random,11,39,"[32, 21, 31, 56, 3, 1, 20, 35, 28, 61, 4, 0, 26, 44, 18, 27, 7, 60, 19, 36, 15, 62, 29, 22, 6, 40, 33, 48, 46, 41, 12, 17, 38, 10, 13, 53, 2, 52, 49]",25,48,0.9347982406616211,0.8895418047904968,0.04525643587112427
118,4,node_removal,random,12,39,"[29, 16, 37, 58, 59, 61, 8, 1, 32, 55, 4, 45, 28, 42, 3, 56, 24, 26, 43, 35, 0, 15, 7, 33, 22, 54, 53, 50, 13, 25, 11, 40, 38, 6, 41, 48, 47, 52, 49]",25,40,0.9347982406616211,0.982515275478363,-0.04771703481674194
118,4,node_removal,random,13,39,"[36, 63, 42, 44, 1, 35, 24, 26, 37, 23, 0, 3, 20, 29, 27, 58, 56, 18, 8, 34, 31, 62, 28, 6, 51, 5, 50, 52, 13, 33, 2, 46, 54, 48, 40, 41, 22, 30, 49]",25,44,0.9347982406616211,0.9361533522605896,-0.0013551115989685059
118,4,node_removal,random,14,39,"[8, 3, 56, 4, 59, 61, 27, 39, 35, 32, 36, 0, 24, 62, 58, 1, 26, 63, 15, 7, 20, 29, 44, 12, 5, 40, 51, 10, 17, 46, 48, 53, 41, 50, 13, 38, 11, 52, 49]",25,38,0.9347982406616211,0.9774172902107239,-0.04261904954910278
118,4,node_removal,random,15,39,"[58, 7, 3, 8, 21, 55, 0, 37, 61, 43, 19, 62, 23, 36, 31, 26, 59, 27, 1, 60, 57, 24, 20, 51, 11, 5, 40, 48, 54, 2, 41, 12, 22, 6, 53, 46, 30, 25, 14]",25,40,0.9347982406616211,0.9589765667915344,-0.02417832612991333
118,4,node_removal,random,16,39,"[16, 60, 35, 55, 23, 39, 37, 29, 0, 45, 42, 1, 20, 18, 8, 58, 44, 57, 31, 34, 4, 62, 43, 6, 17, 2, 22, 41, 53, 25, 13, 5, 11, 40, 51, 33, 10, 38, 49]",25,30,0.9347982406616211,0.9830716252326965,-0.04827338457107544
118,4,node_removal,random,17,39,"[63, 35, 59, 32, 62, 4, 43, 39, 34, 28, 21, 29, 57, 1, 37, 58, 15, 45, 23, 56, 27, 55, 16, 51, 52, 10, 22, 5, 17, 25, 54, 53, 2, 40, 12, 46, 13, 50, 14]",25,38,0.9347982406616211,0.9475658535957336,-0.012767612934112549
118,4,node_removal,random,18,39,"[31, 1, 35, 43, 26, 21, 56, 8, 0, 61, 18, 20, 4, 7, 55, 60, 15, 36, 58, 57, 34, 32, 62, 51, 10, 46, 11, 6, 41, 12, 22, 47, 13, 2, 25, 40, 53, 17, 49]",25,36,0.9347982406616211,0.9789662957191467,-0.044168055057525635
118,4,node_removal,random,19,39,"[42, 23, 37, 56, 1, 15, 43, 45, 44, 8, 0, 31, 39, 58, 20, 57, 29, 55, 34, 60, 21, 63, 61, 38, 25, 12, 54, 46, 48, 22, 52, 53, 10, 2, 33, 51, 41, 30, 49]",25,60,0.9347982406616211,0.9037296175956726,0.031068623065948486
118,4,node_removal,random,20,39,"[45, 42, 61, 16, 60, 1, 8, 0, 19, 21, 24, 35, 3, 37, 4, 55, 29, 7, 39, 57, 43, 23, 31, 25, 10, 13, 52, 50, 38, 47, 46, 17, 11, 53, 30, 12, 2, 6, 49]",25,48,0.9347982406616211,0.9765636324882507,-0.04176539182662964
118,4,boundary_removal,target,0,45,"[7, 9, 13, 18, 22, 23, 24, 25, 27, 28, 29, 30, 35, 36, 37, 50, 54, 57, 67, 68, 73, 74, 75, 82, 85, 88, 89, 91, 92, 93, 99, 102, 104, 105, 106, 113, 115, 116, 117, 119, 129, 133, 136, 137, 142]",64,196,0.9347982406616211,0.9533681869506836,-0.0185699462890625
118,4,boundary_removal,random,1,45,"[83, 135, 100, 82, 104, 66, 70, 87, 44, 72, 42, 85, 55, 73, 97, 32, 43, 107, 130, 4, 38, 103, 36, 33, 91, 47, 129, 126, 108, 116, 37, 113, 40, 99, 30, 28, 63, 110, 23, 41, 24, 119, 3, 92, 21]",64,196,0.9347982406616211,0.9326954483985901,0.002102792263031006
118,4,boundary_removal,random,2,45,"[72, 69, 0, 137, 67, 55, 48, 87, 65, 44, 50, 140, 84, 7, 121, 62, 71, 103, 107, 93, 101, 78, 38, 74, 9, 129, 91, 16, 31, 22, 40, 37, 99, 116, 28, 30, 23, 134, 63, 117, 24, 41, 29, 21, 92]",64,196,0.9347982406616211,0.9390535950660706,-0.004255354404449463
118,4,boundary_removal,random,3,45,"[61, 100, 76, 53, 86, 137, 136, 49, 83, 140, 138, 69, 82, 71, 93, 101, 130, 32, 45, 114, 54, 15, 133, 94, 31, 123, 19, 74, 47, 99, 113, 22, 40, 116, 28, 30, 14, 58, 122, 24, 41, 119, 29, 80, 98]",64,196,0.9347982406616211,0.9374032020568848,-0.002604961395263672
118,4,boundary_removal,random,4,45,"[136, 51, 86, 67, 48, 53, 85, 142, 0, 102, 59, 69, 65, 13, 78, 60, 88, 73, 130, 106, 62, 121, 32, 109, 74, 31, 91, 9, 126, 99, 40, 22, 37, 116, 28, 30, 14, 63, 46, 119, 24, 117, 3, 21, 98]",64,196,0.9347982406616211,0.9282569885253906,0.006541252136230469
118,4,boundary_removal,random,5,45,"[85, 65, 140, 83, 86, 138, 50, 100, 25, 53, 87, 44, 102, 13, 97, 106, 71, 43, 4, 32, 90, 12, 36, 64, 33, 109, 108, 120, 9, 22, 116, 99, 37, 40, 30, 28, 58, 23, 46, 119, 24, 117, 3, 80, 18]",64,196,0.9347982406616211,0.9332489967346191,0.0015492439270019531
118,4,boundary_removal,random,6,45,"[100, 137, 138, 65, 67, 83, 141, 89, 2, 69, 70, 136, 61, 90, 93, 60, 88, 56, 36, 62, 132, 103, 77, 9, 109, 108, 120, 31, 95, 113, 22, 37, 116, 40, 28, 30, 122, 46, 14, 41, 119, 117, 29, 92, 21]",64,196,0.9347982406616211,0.9393581748008728,-0.004559934139251709
118,4,boundary_removal,random,7,45,"[44, 84, 65, 68, 136, 2, 72, 50, 141, 138, 67, 53, 66, 43, 56, 88, 133, 45, 132, 54, 107, 90, 36, 35, 9, 95, 64, 109, 74, 99, 113, 37, 22, 40, 30, 28, 75, 14, 115, 24, 119, 117, 3, 92, 21]",64,196,0.9347982406616211,0.9423370957374573,-0.007538855075836182
118,4,boundary_removal,random,8,45,"[42, 48, 68, 70, 135, 27, 50, 51, 76, 72, 69, 66, 142, 12, 43, 7, 56, 36, 103, 97, 111, 13, 106, 19, 123, 120, 16, 64, 109, 37, 113, 40, 116, 22, 28, 30, 58, 63, 110, 117, 24, 119, 3, 80, 98]",64,196,0.9347982406616211,0.9455787539482117,-0.010780513286590576
118,4,boundary_removal,random,9,45,"[59, 52, 65, 135, 27, 76, 61, 48, 82, 10, 102, 50, 87, 13, 36, 71, 73, 32, 107, 62, 121, 77, 101, 95, 35, 126, 108, 123, 47, 37, 40, 116, 113, 99, 30, 28, 14, 128, 125, 24, 41, 117, 3, 80, 21]",64,196,0.9347982406616211,0.9367664456367493,-0.001968204975128174
118,4,boundary_removal,random,10,45,"[66, 55, 102, 87, 70, 89, 10, 59, 68, 61, 139, 135, 82, 111, 97, 62, 88, 133, 36, 32, 43, 7, 101, 123, 74, 57, 91, 64, 16, 22, 116, 113, 99, 37, 30, 28, 46, 125, 122, 41, 117, 24, 3, 92, 18]",64,196,0.9347982406616211,0.9334436058998108,0.0013546347618103027
118,4,boundary_removal,random,11,45,"[55, 65, 100, 42, 61, 138, 25, 68, 136, 76, 49, 48, 0, 124, 127, 133, 45, 101, 62, 106, 93, 15, 90, 109, 16, 47, 123, 81, 94, 22, 37, 113, 116, 99, 28, 30, 23, 14, 75, 41, 24, 117, 3, 80, 21]",64,196,0.9347982406616211,0.9334728121757507,0.0013254284858703613
118,4,boundary_removal,random,12,45,"[10, 136, 135, 76, 102, 69, 85, 140, 68, 141, 49, 50, 100, 88, 4, 77, 124, 38, 121, 133, 111, 32, 93, 57, 35, 31, 64, 19, 129, 22, 116, 40, 113, 37, 30, 28, 125, 11, 58, 41, 119, 24, 29, 80, 21]",64,196,0.9347982406616211,0.9393665194511414,-0.004568278789520264
118,4,boundary_removal,random,13,45,"[59, 142, 67, 104, 70, 53, 135, 0, 84, 102, 85, 65, 44, 54, 106, 101, 111, 15, 12, 130, 43, 34, 79, 64, 31, 47, 35, 16, 57, 22, 113, 37, 99, 116, 30, 28, 110, 128, 23, 41, 24, 117, 3, 92, 21]",64,196,0.9347982406616211,0.931755006313324,0.003043234348297119
118,4,boundary_removal,random,14,45,"[86, 82, 67, 25, 48, 104, 100, 55, 68, 76, 44, 142, 83, 97, 101, 56, 78, 133, 107, 71, 20, 79, 130, 35, 91, 109, 9, 47, 74, 99, 40, 22, 116, 37, 30, 28, 122, 46, 131, 24, 41, 117, 29, 92, 21]",64,196,0.9347982406616211,0.9328768253326416,0.0019214153289794922
118,4,boundary_removal,random,15,45,"[59, 67, 61, 138, 25, 52, 89, 48, 27, 141, 104, 137, 55, 13, 114, 130, 43, 15, 4, 60, 7, 12, 78, 64, 47, 94, 35, 129, 16, 22, 99, 37, 40, 113, 28, 30, 23, 46, 122, 24, 119, 117, 3, 80, 18]",64,196,0.9347982406616211,0.9486920237541199,-0.01389378309249878
118,4,boundary_removal,random,16,45,"[50, 86, 25, 67, 76, 61, 141, 66, 68, 69, 49, 44, 70, 43, 45, 93, 20, 62, 60, 73, 77, 4, 15, 74, 81, 120, 129, 109, 94, 99, 40, 37, 113, 22, 28, 30, 134, 63, 128, 24, 117, 41, 29, 80, 18]",64,196,0.9347982406616211,0.9330418705940247,0.0017563700675964355
118,4,boundary_removal,random,17,45,"[142, 55, 51, 27, 25, 67, 61, 2, 84, 52, 100, 44, 85, 77, 101, 60, 88, 90, 127, 132, 62, 124, 97, 57, 64, 108, 126, 91, 19, 113, 22, 99, 40, 37, 30, 28, 11, 128, 122, 41, 119, 117, 29, 21, 92]",64,196,0.9347982406616211,0.9375283718109131,-0.002730131149291992
118,4,boundary_removal,random,18,45,"[65, 89, 27, 85, 25, 138, 86, 142, 59, 55, 53, 83, 52, 12, 133, 111, 56, 20, 45, 15, 124, 121, 105, 81, 108, 35, 64, 94, 123, 40, 113, 116, 37, 22, 30, 28, 125, 58, 128, 41, 117, 119, 29, 80, 98]",64,196,0.9347982406616211,0.9401569962501526,-0.005358755588531494
118,4,boundary_removal,random,19,45,"[42, 49, 139, 82, 67, 50, 84, 25, 66, 140, 27, 100, 0, 45, 32, 97, 105, 60, 77, 20, 101, 43, 54, 33, 91, 129, 16, 120, 9, 22, 116, 40, 99, 37, 30, 28, 58, 115, 23, 24, 119, 41, 29, 21, 98]",64,196,0.9347982406616211,0.9471962451934814,-0.012398004531860352
118,4,boundary_removal,random,20,45,"[10, 137, 51, 65, 142, 50, 53, 59, 86, 66, 61, 85, 76, 105, 79, 20, 12, 132, 32, 62, 107, 111, 90, 108, 16, 35, 74, 9, 129, 37, 113, 22, 40, 99, 30, 28, 23, 115, 131, 24, 119, 117, 29, 92, 21]",64,196,0.9347982406616211,0.9462406039237976,-0.011442363262176514
120,0,node_removal,target,0,23,"[4, 5, 6, 7, 13, 14, 15, 16, 17, 24, 25, 32, 36, 38, 40, 45, 46, 47, 48, 54, 55, 62, 63]",41,144,0.3061583936214447,0.8266981244087219,0.5205397307872772
120,0,node_removal,random,1,23,"[44, 19, 43, 18, 57, 55, 45, 21, 15, 56, 24, 46, 33, 6, 25, 22, 10, 50, 53, 30, 51, 5, 49]",41,114,0.3061583936214447,0.3711338937282562,0.06497550010681152
120,0,node_removal,random,2,23,"[20, 0, 4, 32, 24, 18, 37, 56, 16, 31, 29, 13, 10, 51, 30, 52, 11, 53, 2, 12, 54, 17, 49]",41,118,0.3061583936214447,0.2720280885696411,-0.03413030505180359
120,0,node_removal,random,3,23,"[59, 61, 27, 63, 4, 57, 15, 26, 56, 37, 31, 38, 6, 46, 17, 40, 11, 54, 12, 30, 53, 51, 49]",41,112,0.3061583936214447,0.5535712838172913,0.24741289019584656
120,0,node_removal,random,4,23,"[55, 4, 28, 8, 36, 0, 26, 1, 7, 43, 27, 52, 5, 41, 25, 12, 30, 10, 48, 17, 50, 51, 49]",41,114,0.3061583936214447,0.5150447487831116,0.20888635516166687
120,0,node_removal,random,5,23,"[29, 8, 44, 57, 43, 19, 16, 28, 15, 35, 4, 25, 11, 52, 54, 33, 40, 51, 22, 50, 10, 17, 49]",41,110,0.3061583936214447,0.37986278533935547,0.07370439171791077
120,0,node_removal,random,6,23,"[55, 32, 62, 26, 0, 42, 7, 29, 61, 4, 59, 17, 22, 53, 47, 51, 2, 11, 40, 25, 5, 6, 49]",41,106,0.3061583936214447,0.48782551288604736,0.18166711926460266
120,0,node_removal,random,7,23,"[55, 58, 61, 32, 23, 16, 1, 18, 19, 4, 24, 47, 5, 25, 40, 50, 54, 51, 38, 12, 53, 17, 14]",41,118,0.3061583936214447,0.5283887982368469,0.22223040461540222
120,0,node_removal,random,8,23,"[42, 37, 21, 55, 3, 27, 45, 31, 34, 4, 15, 30, 46, 48, 38, 40, 2, 50, 41, 10, 12, 51, 14]",41,116,0.3061583936214447,0.43481600284576416,0.12865760922431946
120,0,node_removal,random,9,23,"[28, 42, 31, 45, 27, 26, 44, 57, 21, 23, 16, 50, 33, 46, 11, 12, 47, 38, 17, 30, 51, 13, 14]",41,112,0.3061583936214447,0.46146154403686523,0.15530315041542053
120,0,node_removal,random,10,23,"[28, 24, 45, 21, 18, 57, 1, 8, 60, 59, 36, 48, 40, 52, 2, 51, 10, 17, 54, 46, 41, 12, 14]",41,112,0.3061583936214447,0.5159358382225037,0.20977744460105896
120,0,node_removal,random,11,23,"[16, 42, 15, 35, 61, 21, 18, 57, 37, 43, 63, 30, 51, 40, 53, 50, 22, 12, 10, 46, 2, 11, 49]",41,104,0.3061583936214447,0.45470643043518066,0.14854803681373596
120,0,node_removal,random,12,23,"[7, 37, 63, 27, 21, 57, 62, 32, 60, 19, 36, 6, 12, 51, 22, 25, 5, 17, 11, 2, 52, 48, 14]",41,114,0.3061583936214447,0.39669692516326904,0.09053853154182434
120,0,node_removal,random,13,23,"[31, 23, 56, 28, 37, 63, 21, 44, 34, 1, 60, 53, 11, 46, 30, 25, 13, 33, 41, 12, 54, 38, 49]",41,108,0.3061583936214447,0.4262368977069855,0.12007850408554077
120,0,node_removal,random,14,23,"[63, 36, 62, 61, 37, 44, 19, 21, 31, 3, 20, 5, 22, 17, 38, 12, 30, 48, 54, 25, 41, 10, 49]",41,118,0.3061583936214447,0.4137519896030426,0.1075935959815979
120,0,node_removal,random,15,23,"[24, 1, 62, 58, 56, 28, 15, 32, 37, 20, 59, 10, 12, 5, 22, 25, 48, 47, 41, 11, 17, 2, 14]",41,110,0.3061583936214447,0.5154868960380554,0.20932850241661072
120,0,node_removal,random,16,23,"[28, 8, 19, 20, 27, 21, 60, 37, 56, 35, 62, 47, 50, 46, 12, 38, 40, 10, 53, 33, 52, 5, 14]",41,110,0.3061583936214447,0.30442488193511963,-0.0017335116863250732
120,0,node_removal,random,17,23,"[31, 19, 61, 57, 56, 15, 21, 35, 42, 3, 37, 38, 5, 2, 25, 46, 53, 22, 17, 12, 30, 40, 49]",41,106,0.3061583936214447,0.38532140851020813,0.07916301488876343
120,0,node_removal,random,18,23,"[23, 29, 59, 31, 37, 57, 56, 61, 28, 32, 55, 53, 30, 6, 17, 50, 46, 13, 41, 54, 12, 22, 49]",41,118,0.3061583936214447,0.46851634979248047,0.16235795617103577
120,0,node_removal,random,19,23,"[21, 44, 35, 45, 23, 55, 27, 31, 16, 15, 59, 33, 25, 10, 17, 6, 38, 46, 54, 12, 13, 52, 49]",41,110,0.3061583936214447,0.46196532249450684,0.15580692887306213
120,0,node_removal,random,20,23,"[4, 37, 18, 36, 55, 61, 59, 57, 0, 45, 62, 51, 25, 50, 41, 2, 13, 38, 30, 54, 22, 17, 14]",41,108,0.3061583936214447,0.5331398248672485,0.22698143124580383
120,0,boundary_removal,target,0,37,"[10, 14, 15, 18, 27, 29, 30, 35, 38, 40, 41, 42, 45, 62, 64, 70, 74, 77, 80, 84, 86, 87, 88, 89, 90, 93, 94, 96, 98, 104, 107, 113, 114, 115, 129, 131, 141]",64,212,0.3061583936214447,0.3415159285068512,0.035357534885406494
120,0,boundary_removal,random,1,37,"[61, 65, 135, 100, 72, 83, 68, 137, 87, 136, 97, 106, 78, 88, 7, 107, 121, 32, 12, 79, 74, 95, 31, 108, 123, 116, 99, 30, 58, 11, 125, 119, 29, 92, 80, 18, 96]",64,212,0.3061583936214447,0.3183334767818451,0.01217508316040039
120,0,boundary_removal,random,2,37,"[66, 140, 10, 82, 48, 42, 139, 104, 136, 52, 121, 130, 90, 12, 106, 107, 105, 4, 133, 60, 91, 74, 126, 31, 9, 99, 37, 28, 128, 75, 14, 24, 3, 21, 80, 98, 1]",64,212,0.3061583936214447,0.29789480566978455,-0.008263587951660156
120,0,boundary_removal,random,3,37,"[68, 0, 83, 82, 2, 139, 141, 55, 27, 51, 77, 105, 97, 106, 132, 32, 54, 71, 12, 133, 129, 126, 64, 9, 31, 99, 22, 30, 75, 46, 122, 117, 3, 21, 80, 18, 17]",64,212,0.3061583936214447,0.3008047044277191,-0.005353689193725586
120,0,boundary_removal,random,4,37,"[65, 67, 142, 61, 140, 138, 53, 135, 68, 102, 43, 71, 62, 90, 124, 4, 45, 130, 79, 78, 126, 91, 16, 123, 108, 113, 116, 30, 58, 122, 63, 119, 29, 92, 98, 18, 96]",64,212,0.3061583936214447,0.33549579977989197,0.029337406158447266
120,0,boundary_removal,random,5,37,"[0, 76, 141, 72, 67, 44, 83, 136, 70, 61, 20, 132, 78, 12, 101, 56, 77, 43, 130, 79, 120, 126, 129, 16, 74, 116, 22, 30, 131, 23, 14, 117, 29, 18, 21, 98, 1]",64,212,0.3061583936214447,0.3464125394821167,0.040254145860672
120,0,boundary_removal,random,6,37,"[52, 0, 82, 72, 48, 139, 68, 55, 104, 59, 93, 32, 111, 60, 43, 4, 97, 105, 71, 78, 64, 109, 123, 74, 35, 22, 99, 28, 110, 46, 11, 24, 29, 92, 21, 80, 112]",64,212,0.3061583936214447,0.32446566224098206,0.018307268619537354
120,0,boundary_removal,random,7,37,"[51, 44, 89, 87, 137, 65, 25, 2, 42, 70, 4, 13, 73, 114, 56, 130, 97, 36, 32, 107, 108, 109, 35, 31, 94, 113, 40, 30, 110, 131, 14, 117, 3, 98, 80, 18, 1]",64,212,0.3061583936214447,0.32296431064605713,0.016805917024612427
120,0,boundary_removal,random,8,37,"[86, 68, 76, 2, 25, 42, 100, 44, 66, 27, 77, 130, 73, 103, 107, 36, 105, 32, 4, 111, 33, 120, 123, 35, 47, 22, 99, 28, 131, 110, 122, 24, 29, 92, 21, 80, 96]",64,212,0.3061583936214447,0.32491376996040344,0.01875537633895874
120,0,boundary_removal,random,9,37,"[135, 59, 89, 138, 142, 66, 55, 68, 72, 44, 77, 12, 133, 60, 97, 36, 111, 15, 78, 62, 95, 91, 31, 120, 47, 113, 40, 28, 63, 115, 131, 119, 29, 92, 18, 80, 96]",64,212,0.3061583936214447,0.37216877937316895,0.06601038575172424
120,0,boundary_removal,random,10,37,"[86, 25, 102, 140, 138, 136, 49, 10, 76, 52, 7, 4, 132, 88, 114, 107, 121, 56, 62, 105, 94, 35, 129, 126, 123, 99, 113, 28, 14, 11, 131, 119, 3, 21, 98, 18, 96]",64,212,0.3061583936214447,0.31688961386680603,0.010731220245361328
120,0,boundary_removal,random,11,37,"[50, 61, 86, 89, 135, 67, 136, 100, 2, 76, 107, 133, 77, 105, 132, 79, 56, 4, 111, 36, 16, 126, 33, 81, 19, 116, 99, 30, 128, 122, 125, 41, 29, 80, 18, 92, 17]",64,212,0.3061583936214447,0.3176825940608978,0.011524200439453125
120,0,boundary_removal,random,12,37,"[89, 104, 65, 76, 142, 86, 84, 42, 25, 48, 103, 54, 43, 4, 20, 107, 79, 73, 45, 62, 57, 74, 16, 33, 123, 113, 40, 28, 125, 58, 23, 117, 29, 98, 18, 80, 96]",64,212,0.3061583936214447,0.3452581465244293,0.03909975290298462
120,0,boundary_removal,random,13,37,"[44, 53, 141, 50, 0, 137, 138, 59, 87, 69, 56, 97, 20, 73, 124, 12, 60, 78, 36, 88, 57, 91, 95, 94, 64, 37, 113, 30, 122, 131, 58, 117, 29, 80, 18, 98, 1]",64,212,0.3061583936214447,0.30572542548179626,-0.0004329681396484375
120,0,boundary_removal,random,14,37,"[140, 76, 70, 137, 86, 66, 42, 53, 25, 61, 20, 106, 97, 4, 54, 105, 121, 101, 12, 15, 120, 81, 129, 123, 91, 99, 40, 30, 122, 63, 115, 119, 29, 98, 21, 18, 96]",64,212,0.3061583936214447,0.3263324499130249,0.0201740562915802
120,0,boundary_removal,random,15,37,"[82, 136, 83, 140, 137, 139, 72, 2, 100, 85, 103, 7, 79, 32, 133, 54, 34, 132, 60, 38, 108, 95, 33, 47, 109, 37, 40, 28, 46, 23, 63, 41, 3, 18, 80, 92, 96]",64,212,0.3061583936214447,0.3068360388278961,0.000677645206451416
120,0,boundary_removal,random,16,37,"[82, 27, 61, 136, 140, 2, 87, 89, 48, 76, 7, 12, 127, 13, 79, 36, 93, 88, 38, 20, 120, 31, 35, 95, 129, 40, 22, 28, 23, 110, 131, 117, 3, 18, 92, 80, 112]",64,212,0.3061583936214447,0.3005114495754242,-0.005646944046020508
120,0,boundary_removal,random,17,37,"[83, 44, 10, 59, 102, 27, 2, 72, 67, 141, 15, 43, 7, 101, 60, 103, 90, 107, 88, 20, 64, 109, 33, 94, 126, 113, 37, 30, 23, 122, 115, 117, 3, 18, 80, 92, 1]",64,212,0.3061583936214447,0.33351707458496094,0.027358680963516235
120,0,boundary_removal,random,18,37,"[67, 48, 42, 10, 136, 100, 83, 142, 55, 49, 103, 20, 79, 77, 101, 133, 13, 127, 71, 34, 120, 95, 94, 35, 126, 113, 99, 30, 131, 14, 122, 41, 3, 92, 98, 21, 96]",64,212,0.3061583936214447,0.3350103795528412,0.028851985931396484
120,0,boundary_removal,random,19,37,"[141, 83, 136, 66, 140, 53, 85, 51, 69, 2, 101, 32, 77, 133, 13, 56, 54, 111, 73, 12, 123, 109, 35, 95, 126, 22, 37, 30, 14, 63, 46, 41, 29, 92, 98, 21, 112]",64,212,0.3061583936214447,0.3154256045818329,0.009267210960388184
120,0,boundary_removal,random,20,37,"[85, 2, 49, 86, 66, 55, 61, 44, 140, 72, 4, 71, 93, 45, 130, 127, 20, 121, 43, 13, 74, 31, 47, 9, 95, 40, 37, 30, 128, 58, 46, 119, 29, 92, 21, 80, 17]",64,212,0.3061583936214447,0.31499627232551575,0.008837878704071045
120,2,node_removal,target,0,11,"[12, 20, 21, 22, 23, 28, 29, 30, 31, 37, 39]",53,222,0.3061583936214447,0.24197983741760254,-0.06417855620384216
120,2,node_removal,random,1,11,"[31, 0, 19, 57, 1, 56, 34, 24, 47, 25, 53]",53,198,0.3061583936214447,0.24736790359020233,-0.05879049003124237
120,2,node_removal,random,2,11,"[61, 26, 60, 43, 59, 31, 35, 37, 51, 25, 54]",53,206,0.3061583936214447,0.2557588815689087,-0.05039951205253601
120,2,node_removal,random,3,11,"[56, 26, 31, 44, 62, 29, 36, 23, 48, 5, 30]",53,202,0.3061583936214447,0.3105950653553009,0.004436671733856201
120,2,node_removal,random,4,11,"[59, 63, 0, 18, 44, 57, 24, 58, 11, 48, 25]",53,200,0.3061583936214447,0.3377402722835541,0.031581878662109375
120,2,node_removal,random,5,11,"[63, 29, 34, 16, 45, 27, 28, 59, 40, 51, 47]",53,200,0.3061583936214447,0.2864852845668793,-0.01967310905456543
120,2,node_removal,random,6,11,"[34, 16, 35, 28, 8, 29, 62, 19, 10, 30, 54]",53,202,0.3061583936214447,0.2257225513458252,-0.0804358422756195
120,2,node_removal,random,7,11,"[32, 35, 16, 19, 44, 1, 7, 4, 51, 40, 30]",53,194,0.3061583936214447,0.4188942015171051,0.1127358078956604
120,2,node_removal,random,8,11,"[7, 3, 16, 27, 56, 57, 63, 34, 30, 50, 47]",53,196,0.3061583936214447,0.3570621907711029,0.0509037971496582
120,2,node_removal,random,9,11,"[18, 32, 39, 35, 8, 29, 34, 45, 25, 41, 50]",53,196,0.3061583936214447,0.23158632218837738,-0.07457207143306732
120,2,node_removal,random,10,11,"[16, 34, 32, 44, 57, 0, 55, 37, 53, 6, 11]",53,192,0.3061583936214447,0.27192577719688416,-0.03423261642456055
120,2,node_removal,random,11,11,"[37, 21, 26, 39, 61, 35, 4, 29, 6, 17, 52]",53,198,0.3061583936214447,0.2021840661764145,-0.10397432744503021
120,2,node_removal,random,12,11,"[31, 34, 63, 60, 15, 26, 28, 39, 13, 52, 54]",53,200,0.3061583936214447,0.2172357589006424,-0.08892263472080231
120,2,node_removal,random,13,11,"[31, 61, 8, 60, 26, 63, 34, 43, 51, 17, 5]",53,200,0.3061583936214447,0.2268974632024765,-0.0792609304189682
120,2,node_removal,random,14,11,"[39, 27, 59, 7, 1, 35, 45, 28, 30, 2, 50]",53,202,0.3061583936214447,0.30461350083351135,-0.0015448927879333496
120,2,node_removal,random,15,11,"[18, 39, 55, 58, 7, 37, 24, 43, 30, 17, 50]",53,200,0.3061583936214447,0.3590525686740875,0.05289417505264282
120,2,node_removal,random,16,11,"[43, 21, 63, 26, 61, 42, 4, 59, 47, 50, 12]",53,202,0.3061583936214447,0.355784147977829,0.04962575435638428
120,2,node_removal,random,17,11,"[42, 18, 7, 1, 61, 35, 59, 8, 38, 41, 46]",53,198,0.3061583936214447,0.4293121099472046,0.12315371632575989
120,2,node_removal,random,18,11,"[18, 0, 55, 26, 20, 61, 63, 34, 54, 53, 41]",53,206,0.3061583936214447,0.2940170466899872,-0.01214134693145752
120,2,node_removal,random,19,11,"[63, 43, 58, 57, 4, 60, 39, 37, 6, 51, 53]",53,198,0.3061583936214447,0.24576731026172638,-0.06039108335971832
120,2,node_removal,random,20,11,"[16, 3, 63, 55, 31, 56, 8, 26, 51, 46, 6]",53,198,0.3061583936214447,0.36468610167503357,0.05852770805358887
120,2,boundary_removal,target,0,17,"[15, 18, 33, 35, 38, 40, 41, 42, 50, 67, 70, 74, 86, 88, 89, 90, 93]",64,252,0.3061583936214447,0.3395257294178009,0.0333673357963562
120,2,boundary_removal,random,1,17,"[55, 141, 67, 44, 42, 51, 20, 4, 101, 36, 73, 120, 16, 33, 113, 24, 18]",64,252,0.3061583936214447,0.3112669289112091,0.005108535289764404
120,2,boundary_removal,random,2,17,"[27, 142, 82, 25, 102, 66, 101, 103, 4, 54, 12, 126, 64, 16, 113, 119, 18]",64,252,0.3061583936214447,0.30509844422340393,-0.0010599493980407715
120,2,boundary_removal,random,3,17,"[44, 69, 66, 141, 85, 139, 97, 78, 13, 73, 121, 64, 16, 9, 22, 119, 98]",64,252,0.3061583936214447,0.3069969713687897,0.0008385777473449707
120,2,boundary_removal,random,4,17,"[70, 142, 85, 44, 51, 72, 106, 101, 77, 111, 90, 126, 109, 35, 37, 117, 80]",64,252,0.3061583936214447,0.3173810839653015,0.011222690343856812
120,2,boundary_removal,random,5,17,"[104, 44, 25, 135, 49, 67, 101, 127, 45, 54, 62, 9, 81, 33, 116, 41, 21]",64,252,0.3061583936214447,0.32693397998809814,0.020775586366653442
120,2,boundary_removal,random,6,17,"[52, 61, 68, 82, 84, 86, 60, 62, 34, 121, 13, 64, 9, 95, 116, 119, 92]",64,252,0.3061583936214447,0.31697729229927063,0.010818898677825928
120,2,boundary_removal,random,7,17,"[69, 138, 100, 86, 44, 50, 36, 90, 127, 106, 13, 35, 16, 94, 99, 41, 80]",64,252,0.3061583936214447,0.3020898103713989,-0.004068583250045776
120,2,boundary_removal,random,8,17,"[10, 27, 138, 67, 55, 61, 101, 97, 45, 54, 38, 57, 74, 108, 37, 117, 92]",64,252,0.3061583936214447,0.30543193221092224,-0.0007264614105224609
120,2,boundary_removal,random,9,17,"[48, 69, 25, 82, 84, 83, 130, 90, 97, 88, 132, 9, 33, 31, 40, 119, 18]",64,252,0.3061583936214447,0.30525293946266174,-0.000905454158782959
120,2,boundary_removal,random,10,17,"[0, 100, 142, 42, 67, 87, 103, 60, 71, 20, 93, 33, 35, 16, 22, 117, 80]",64,252,0.3061583936214447,0.3436299264431,0.03747153282165527
120,2,boundary_removal,random,11,17,"[10, 82, 66, 135, 89, 84, 20, 93, 79, 43, 121, 57, 19, 108, 37, 117, 98]",64,252,0.3061583936214447,0.31452175974845886,0.00836336612701416
120,2,boundary_removal,random,12,17,"[83, 67, 140, 59, 142, 51, 13, 90, 101, 114, 79, 94, 9, 57, 116, 24, 98]",64,252,0.3061583936214447,0.3191063702106476,0.01294797658920288
120,2,boundary_removal,random,13,17,"[68, 82, 136, 104, 49, 55, 130, 101, 111, 45, 12, 16, 9, 120, 116, 24, 92]",64,252,0.3061583936214447,0.3056202828884125,-0.0005381107330322266
120,2,boundary_removal,random,14,17,"[87, 141, 65, 138, 42, 142, 71, 38, 105, 60, 56, 126, 91, 19, 37, 119, 92]",64,252,0.3061583936214447,0.3150509297847748,0.008892536163330078
120,2,boundary_removal,random,15,17,"[65, 82, 87, 139, 50, 72, 56, 38, 34, 78, 13, 19, 123, 47, 99, 119, 18]",64,252,0.3061583936214447,0.2783230245113373,-0.027835369110107422
120,2,boundary_removal,random,16,17,"[85, 141, 87, 69, 142, 76, 34, 71, 124, 93, 56, 109, 94, 126, 99, 24, 98]",64,252,0.3061583936214447,0.3214993476867676,0.015340954065322876
120,2,boundary_removal,random,17,17,"[55, 50, 72, 67, 61, 70, 60, 77, 45, 103, 38, 95, 31, 57, 99, 117, 80]",64,252,0.3061583936214447,0.28639915585517883,-0.01975923776626587
120,2,boundary_removal,random,18,17,"[59, 140, 66, 82, 86, 84, 93, 15, 32, 4, 79, 81, 19, 123, 99, 41, 98]",64,252,0.3061583936214447,0.30830806493759155,0.0021496713161468506
120,2,boundary_removal,random,19,17,"[136, 100, 69, 139, 49, 68, 60, 97, 121, 4, 107, 120, 16, 123, 22, 119, 80]",64,252,0.3061583936214447,0.3083817660808563,0.002223372459411621
120,2,boundary_removal,random,20,17,"[104, 100, 136, 89, 50, 65, 114, 45, 56, 62, 133, 108, 64, 16, 116, 41, 21]",64,252,0.3061583936214447,0.31260427832603455,0.006445884704589844
120,4,node_removal,target,0,30,"[0, 1, 2, 3, 8, 9, 10, 11, 18, 19, 26, 27, 33, 34, 35, 41, 42, 43, 44, 49, 50, 51, 52, 53, 56, 57, 58, 59, 60, 61]",34,126,0.3061583936214447,0.06211093068122864,-0.24404746294021606
120,4,node_removal,random,1,30,"[31, 34, 3, 18, 45, 19, 37, 60, 21, 15, 8, 56, 63, 44, 4, 61, 20, 1, 7, 12, 38, 30, 6, 54, 10, 17, 50, 2, 49, 9]",34,78,0.3061583936214447,0.34624192118644714,0.04008352756500244
120,4,node_removal,random,2,30,"[42, 8, 16, 29, 58, 32, 34, 39, 26, 19, 3, 36, 35, 1, 18, 63, 60, 20, 4, 6, 51, 11, 25, 33, 53, 38, 5, 41, 49, 9]",34,76,0.3061583936214447,0.15697801113128662,-0.14918038249015808
120,4,node_removal,random,3,30,"[4, 7, 15, 61, 34, 63, 0, 20, 62, 43, 8, 44, 56, 3, 1, 32, 55, 19, 60, 13, 25, 10, 6, 2, 48, 30, 22, 41, 49, 9]",34,80,0.3061583936214447,0.33748939633369446,0.031331002712249756
120,4,node_removal,random,4,30,"[4, 58, 42, 60, 0, 16, 15, 61, 29, 26, 7, 44, 20, 36, 8, 35, 56, 32, 23, 30, 33, 17, 51, 54, 47, 52, 22, 25, 14, 9]",34,76,0.3061583936214447,0.3622777760028839,0.05611938238143921
120,4,node_removal,random,5,30,"[18, 26, 58, 61, 19, 31, 8, 7, 63, 23, 29, 45, 55, 62, 27, 16, 1, 57, 3, 46, 5, 22, 50, 17, 25, 38, 33, 6, 49, 9]",34,82,0.3061583936214447,0.4165474474430084,0.11038905382156372
120,4,node_removal,random,6,30,"[36, 60, 27, 61, 16, 32, 44, 1, 57, 59, 62, 0, 3, 20, 58, 19, 23, 28, 15, 30, 54, 38, 5, 47, 22, 53, 52, 11, 14, 9]",34,84,0.3061583936214447,0.32555750012397766,0.01939910650253296
120,4,node_removal,random,7,30,"[35, 63, 43, 60, 56, 37, 20, 26, 61, 3, 27, 45, 21, 4, 62, 32, 7, 34, 19, 17, 13, 10, 40, 33, 41, 50, 2, 51, 14, 9]",34,82,0.3061583936214447,0.25886592268943787,-0.047292470932006836
120,4,node_removal,random,8,30,"[24, 7, 60, 27, 16, 15, 28, 20, 18, 34, 29, 61, 55, 43, 32, 36, 21, 45, 8, 53, 6, 47, 46, 22, 2, 11, 48, 52, 14, 9]",34,78,0.3061583936214447,0.33998098969459534,0.033822596073150635
120,4,node_removal,random,9,30,"[39, 31, 0, 36, 28, 37, 19, 56, 27, 29, 23, 26, 34, 61, 58, 62, 45, 57, 35, 53, 5, 17, 33, 41, 13, 38, 30, 40, 49, 9]",34,94,0.3061583936214447,0.1273883730173111,-0.1787700206041336
120,4,node_removal,random,10,30,"[43, 16, 34, 62, 44, 42, 63, 24, 0, 28, 60, 8, 18, 32, 1, 15, 59, 26, 35, 12, 40, 47, 50, 10, 46, 6, 33, 53, 14, 9]",34,84,0.3061583936214447,0.49280989170074463,0.18665149807929993
120,4,node_removal,random,11,30,"[23, 39, 0, 58, 8, 55, 24, 20, 56, 27, 61, 35, 63, 1, 59, 34, 60, 37, 19, 22, 17, 12, 38, 50, 53, 2, 46, 51, 49, 9]",34,86,0.3061583936214447,0.16174517571926117,-0.14441321790218353
120,4,node_removal,random,12,30,"[37, 35, 28, 57, 23, 43, 36, 20, 34, 21, 42, 55, 44, 59, 27, 56, 45, 3, 58, 48, 52, 41, 22, 51, 11, 40, 25, 33, 49, 9]",34,100,0.3061583936214447,0.13082720339298248,-0.17533119022846222
120,4,node_removal,random,13,30,"[45, 56, 21, 23, 34, 20, 60, 16, 7, 57, 55, 36, 44, 1, 58, 61, 28, 18, 15, 50, 5, 46, 52, 33, 25, 41, 47, 40, 14, 9]",34,78,0.3061583936214447,0.4822148382663727,0.17605644464492798
120,4,node_removal,random,14,30,"[23, 32, 61, 18, 24, 19, 57, 31, 28, 55, 58, 62, 56, 59, 35, 45, 60, 15, 63, 48, 22, 40, 6, 30, 47, 52, 13, 51, 49, 9]",34,86,0.3061583936214447,0.2733031213283539,-0.03285527229309082
120,4,node_removal,random,15,30,"[27, 56, 42, 29, 3, 0, 19, 34, 4, 39, 35, 44, 36, 18, 63, 26, 62, 8, 58, 17, 5, 11, 51, 48, 38, 40, 25, 52, 14, 9]",34,76,0.3061583936214447,0.2154707908630371,-0.09068760275840759
120,4,node_removal,random,16,30,"[34, 43, 56, 26, 18, 3, 20, 23, 42, 24, 45, 39, 28, 35, 31, 1, 16, 29, 15, 25, 12, 38, 51, 11, 41, 54, 50, 6, 49, 9]",34,74,0.3061583936214447,0.33747100830078125,0.03131261467933655
120,4,node_removal,random,17,30,"[28, 60, 57, 31, 16, 61, 58, 42, 44, 59, 0, 45, 39, 19, 34, 35, 62, 37, 4, 13, 2, 53, 46, 40, 11, 6, 54, 48, 49, 9]",34,76,0.3061583936214447,0.10686624050140381,-0.1992921531200409
120,4,node_removal,random,18,30,"[27, 35, 19, 21, 26, 37, 36, 42, 56, 28, 57, 59, 8, 1, 4, 34, 0, 63, 60, 5, 6, 52, 11, 10, 41, 12, 53, 47, 14, 9]",34,82,0.3061583936214447,0.21793539822101593,-0.08822299540042877
120,4,node_removal,random,19,30,"[63, 44, 8, 34, 37, 39, 43, 24, 61, 57, 35, 15, 36, 3, 55, 56, 18, 58, 0, 25, 12, 13, 10, 2, 30, 48, 47, 38, 14, 9]",34,84,0.3061583936214447,0.41797080636024475,0.11181241273880005
120,4,node_removal,random,20,30,"[58, 8, 31, 60, 4, 59, 34, 29, 32, 57, 1, 3, 19, 35, 28, 0, 15, 56, 42, 53, 22, 48, 40, 52, 17, 10, 41, 30, 14, 9]",34,84,0.3061583936214447,0.11826261132955551,-0.1878957822918892
120,4,boundary_removal,target,0,26,"[10, 14, 27, 29, 30, 33, 45, 50, 62, 64, 67, 77, 80, 84, 87, 94, 96, 98, 104, 107, 113, 114, 115, 129, 131, 141]",64,234,0.3061583936214447,0.335254430770874,0.02909603714942932
120,4,boundary_removal,random,1,26,"[70, 85, 139, 49, 84, 10, 100, 67, 77, 13, 130, 32, 45, 123, 47, 94, 16, 37, 28, 23, 110, 134, 29, 80, 21, 96]",64,234,0.3061583936214447,0.3448312282562256,0.038672834634780884
120,4,boundary_removal,random,2,26,"[102, 142, 141, 0, 137, 2, 84, 44, 45, 38, 77, 43, 101, 129, 19, 31, 126, 99, 28, 134, 122, 11, 3, 92, 21, 96]",64,234,0.3061583936214447,0.30729910731315613,0.0011407136917114258
120,4,boundary_removal,random,3,26,"[66, 84, 52, 142, 83, 0, 87, 51, 62, 60, 111, 97, 38, 126, 123, 16, 33, 22, 28, 23, 110, 63, 29, 92, 21, 112]",64,234,0.3061583936214447,0.3279286324977875,0.021770238876342773
120,4,boundary_removal,random,4,26,"[51, 68, 25, 27, 65, 10, 85, 136, 7, 79, 88, 90, 15, 91, 9, 108, 57, 99, 28, 58, 75, 23, 29, 21, 92, 1]",64,234,0.3061583936214447,0.33053234219551086,0.024373948574066162
120,4,boundary_removal,random,5,26,"[55, 69, 85, 2, 142, 135, 100, 89, 56, 62, 101, 7, 130, 35, 16, 33, 94, 113, 30, 125, 11, 115, 29, 21, 98, 112]",64,234,0.3061583936214447,0.3120473027229309,0.005888909101486206
120,4,boundary_removal,random,6,26,"[52, 135, 82, 72, 49, 142, 87, 138, 130, 78, 121, 103, 71, 74, 95, 19, 31, 116, 28, 14, 110, 125, 29, 92, 98, 17]",64,234,0.3061583936214447,0.3356455862522125,0.029487192630767822
120,4,boundary_removal,random,7,26,"[142, 138, 0, 137, 66, 49, 2, 87, 127, 43, 78, 79, 130, 64, 129, 16, 35, 37, 28, 125, 11, 46, 29, 80, 21, 17]",64,234,0.3061583936214447,0.2994742691516876,-0.00668412446975708
120,4,boundary_removal,random,8,26,"[53, 85, 86, 138, 25, 102, 139, 84, 62, 34, 60, 79, 121, 129, 109, 94, 33, 37, 28, 23, 58, 46, 29, 80, 21, 96]",64,234,0.3061583936214447,0.33440765738487244,0.028249263763427734
120,4,boundary_removal,random,9,26,"[86, 141, 102, 50, 49, 140, 53, 137, 124, 7, 15, 127, 56, 129, 33, 126, 31, 113, 28, 128, 131, 63, 3, 21, 98, 112]",64,234,0.3061583936214447,0.3020932674407959,-0.004065126180648804
120,4,boundary_removal,random,10,26,"[100, 69, 44, 25, 86, 61, 2, 48, 45, 79, 114, 105, 34, 108, 64, 91, 35, 22, 30, 128, 63, 110, 3, 98, 80, 17]",64,234,0.3061583936214447,0.322663813829422,0.016505420207977295
120,4,boundary_removal,random,11,26,"[102, 139, 100, 89, 142, 49, 83, 65, 90, 106, 36, 32, 107, 9, 108, 126, 31, 113, 30, 58, 11, 110, 3, 80, 21, 96]",64,234,0.3061583936214447,0.31966444849967957,0.013506054878234863
120,4,boundary_removal,random,12,26,"[25, 44, 89, 136, 53, 135, 85, 142, 77, 107, 4, 60, 45, 35, 91, 9, 64, 40, 28, 128, 134, 115, 29, 80, 18, 112]",64,234,0.3061583936214447,0.34378767013549805,0.037629276514053345
120,4,boundary_removal,random,13,26,"[50, 72, 135, 25, 53, 52, 138, 55, 73, 36, 97, 38, 62, 109, 120, 81, 16, 22, 30, 128, 122, 63, 29, 21, 80, 1]",64,234,0.3061583936214447,0.2831806540489197,-0.022977739572525024
120,4,boundary_removal,random,14,26,"[87, 72, 76, 139, 55, 61, 100, 68, 20, 56, 93, 130, 133, 57, 81, 64, 47, 22, 30, 14, 115, 128, 3, 92, 98, 1]",64,234,0.3061583936214447,0.3084913194179535,0.002332925796508789
120,4,boundary_removal,random,15,26,"[140, 85, 42, 100, 139, 65, 141, 142, 121, 78, 38, 93, 106, 109, 47, 9, 33, 113, 30, 128, 14, 11, 29, 80, 92, 112]",64,234,0.3061583936214447,0.32499125599861145,0.018832862377166748
120,4,boundary_removal,random,16,26,"[86, 27, 55, 104, 66, 135, 84, 136, 79, 111, 90, 93, 60, 94, 109, 33, 31, 22, 30, 23, 128, 75, 3, 21, 80, 96]",64,234,0.3061583936214447,0.319254994392395,0.013096600770950317
120,4,boundary_removal,random,17,26,"[70, 87, 137, 53, 55, 59, 84, 82, 73, 45, 103, 90, 56, 19, 126, 33, 81, 99, 30, 46, 122, 115, 29, 18, 80, 1]",64,234,0.3061583936214447,0.30231958627700806,-0.0038388073444366455
120,4,boundary_removal,random,18,26,"[102, 142, 51, 82, 85, 139, 52, 70, 127, 130, 38, 103, 132, 64, 95, 126, 47, 22, 28, 23, 75, 46, 29, 18, 80, 112]",64,234,0.3061583936214447,0.2944648563861847,-0.01169353723526001
120,4,boundary_removal,random,19,26,"[48, 104, 67, 82, 85, 139, 10, 51, 88, 32, 93, 97, 132, 16, 91, 109, 33, 40, 28, 110, 131, 46, 3, 92, 21, 96]",64,234,0.3061583936214447,0.3246105909347534,0.018452197313308716
120,4,boundary_removal,random,20,26,"[137, 50, 100, 87, 49, 84, 66, 59, 54, 38, 106, 60, 88, 81, 74, 120, 31, 37, 28, 115, 75, 11, 3, 18, 80, 1]",64,234,0.3061583936214447,0.3041973114013672,-0.0019610822200775146
124,0,node_removal,target,0,20,"[0, 1, 2, 3, 4, 8, 9, 10, 11, 16, 17, 24, 25, 32, 40, 41, 48, 49, 56, 57]",44,178,0.08529514074325562,0.5538198947906494,0.4685247540473938
124,0,node_removal,random,1,20,"[60, 36, 16, 45, 34, 23, 29, 24, 1, 32, 53, 41, 38, 33, 22, 25, 2, 10, 49, 9]",44,134,0.08529514074325562,0.21731452643871307,0.13201938569545746
124,0,node_removal,random,2,20,"[15, 57, 37, 23, 16, 58, 21, 29, 61, 63, 54, 38, 2, 47, 6, 13, 53, 46, 49, 9]",44,140,0.08529514074325562,0.12756232917308807,0.04226718842983246
124,0,node_removal,random,3,20,"[59, 42, 16, 18, 7, 3, 1, 55, 57, 21, 13, 10, 47, 48, 51, 54, 40, 22, 14, 9]",44,130,0.08529514074325562,0.18100444972515106,0.09570930898189545
124,0,node_removal,random,4,20,"[39, 55, 34, 62, 26, 23, 24, 15, 28, 59, 13, 52, 40, 50, 5, 47, 6, 17, 14, 9]",44,130,0.08529514074325562,0.025408970192074776,-0.05988617055118084
124,0,node_removal,random,5,20,"[34, 21, 29, 18, 45, 58, 55, 8, 43, 28, 51, 6, 54, 41, 38, 25, 33, 53, 14, 9]",44,122,0.08529514074325562,0.054941873997449875,-0.03035326674580574
124,0,node_removal,random,6,20,"[18, 23, 59, 4, 61, 63, 28, 21, 19, 1, 47, 13, 5, 54, 17, 25, 6, 52, 49, 9]",44,126,0.08529514074325562,0.09318819642066956,0.00789305567741394
124,0,node_removal,random,7,20,"[60, 39, 0, 28, 31, 21, 18, 58, 20, 45, 22, 46, 2, 30, 54, 50, 17, 13, 14, 9]",44,138,0.08529514074325562,0.05586332082748413,-0.029431819915771484
124,0,node_removal,random,8,20,"[3, 18, 23, 63, 15, 1, 39, 45, 28, 56, 53, 51, 38, 30, 13, 47, 52, 54, 14, 9]",44,132,0.08529514074325562,0.06445316225290298,-0.02084197849035263
124,0,node_removal,random,9,20,"[59, 42, 29, 20, 32, 62, 55, 36, 3, 63, 2, 53, 22, 12, 33, 47, 17, 5, 14, 9]",44,124,0.08529514074325562,0.07099202275276184,-0.014303117990493774
124,0,node_removal,random,10,20,"[60, 16, 42, 34, 29, 56, 21, 62, 45, 19, 48, 30, 47, 51, 22, 38, 54, 12, 49, 9]",44,126,0.08529514074325562,0.17006094753742218,0.08476580679416656
124,0,node_removal,random,11,20,"[56, 37, 29, 43, 8, 23, 39, 27, 34, 15, 17, 46, 13, 53, 11, 10, 30, 48, 49, 9]",44,122,0.08529514074325562,0.1015353798866272,0.016240239143371582
124,0,node_removal,random,12,20,"[55, 4, 3, 63, 32, 31, 8, 20, 29, 60, 33, 25, 38, 10, 47, 40, 41, 51, 49, 9]",44,134,0.08529514074325562,0.12674517929553986,0.04145003855228424
124,0,node_removal,random,13,20,"[3, 28, 15, 63, 56, 7, 44, 29, 24, 43, 48, 2, 11, 53, 50, 40, 17, 6, 49, 9]",44,132,0.08529514074325562,0.2100793570280075,0.12478421628475189
124,0,node_removal,random,14,20,"[4, 15, 31, 28, 56, 37, 24, 36, 1, 57, 25, 50, 38, 33, 53, 22, 13, 52, 14, 9]",44,124,0.08529514074325562,0.07547066360712051,-0.009824477136135101
124,0,node_removal,random,15,20,"[0, 19, 36, 63, 27, 62, 8, 20, 60, 39, 54, 47, 13, 5, 50, 30, 6, 41, 49, 9]",44,132,0.08529514074325562,0.04493070766329765,-0.04036443307995796
124,0,node_removal,random,16,20,"[27, 34, 45, 29, 31, 8, 59, 19, 60, 43, 40, 33, 48, 38, 22, 13, 5, 50, 49, 9]",44,122,0.08529514074325562,0.08249587565660477,-0.0027992650866508484
124,0,node_removal,random,17,20,"[61, 59, 1, 0, 35, 26, 15, 56, 39, 8, 5, 25, 41, 50, 46, 30, 52, 12, 49, 9]",44,128,0.08529514074325562,0.14194007217884064,0.05664493143558502
124,0,node_removal,random,18,20,"[8, 62, 56, 37, 57, 24, 35, 16, 60, 1, 51, 41, 38, 5, 17, 6, 12, 30, 14, 9]",44,132,0.08529514074325562,0.37617310881614685,0.29087796807289124
124,0,node_removal,random,19,20,"[44, 19, 34, 1, 8, 62, 31, 23, 32, 43, 41, 30, 6, 2, 40, 33, 54, 48, 49, 9]",44,138,0.08529514074325562,0.18168233335018158,0.09638719260692596
124,0,node_removal,random,20,20,"[16, 58, 23, 44, 37, 19, 42, 35, 63, 57, 51, 41, 17, 40, 38, 33, 22, 2, 49, 9]",44,128,0.08529514074325562,0.19532251358032227,0.11002737283706665
124,0,boundary_removal,target,0,15,"[13, 15, 32, 33, 34, 45, 62, 64, 77, 80, 81, 97, 116, 119, 137]",64,256,0.08529514074325562,0.08896532654762268,0.0036701858043670654
124,0,boundary_removal,random,1,15,"[141, 107, 101, 114, 103, 77, 36, 38, 78, 126, 64, 95, 40, 119, 80]",64,256,0.08529514074325562,0.07700749486684799,-0.008287645876407623
124,0,boundary_removal,random,2,15,"[51, 107, 13, 127, 54, 88, 38, 124, 73, 123, 31, 35, 40, 41, 21]",64,256,0.08529514074325562,0.07935037463903427,-0.005944766104221344
124,0,boundary_removal,random,3,15,"[82, 71, 56, 124, 43, 90, 73, 111, 121, 19, 129, 126, 99, 117, 18]",64,256,0.08529514074325562,0.09290096163749695,0.007605820894241333
124,0,boundary_removal,random,4,15,"[0, 20, 36, 7, 132, 34, 32, 121, 12, 64, 94, 108, 37, 117, 98]",64,256,0.08529514074325562,0.1008014902472496,0.015506349503993988
124,0,boundary_removal,random,5,15,"[87, 133, 127, 36, 71, 7, 90, 106, 78, 81, 123, 74, 22, 24, 80]",64,256,0.08529514074325562,0.0803365558385849,-0.004958584904670715
124,0,boundary_removal,random,6,15,"[48, 4, 103, 12, 38, 111, 32, 43, 45, 94, 129, 91, 37, 117, 92]",64,256,0.08529514074325562,0.0853782668709755,8.312612771987915e-05
124,0,boundary_removal,random,7,15,"[85, 111, 36, 97, 43, 79, 107, 103, 56, 95, 47, 109, 113, 119, 18]",64,256,0.08529514074325562,0.08452075719833374,-0.000774383544921875
124,0,boundary_removal,random,8,15,"[2, 114, 107, 78, 93, 43, 32, 7, 20, 31, 35, 126, 22, 119, 80]",64,256,0.08529514074325562,0.08342353254556656,-0.0018716081976890564
124,0,boundary_removal,random,9,15,"[102, 38, 4, 133, 34, 93, 106, 79, 105, 31, 120, 9, 113, 41, 80]",64,256,0.08529514074325562,0.08400718122720718,-0.0012879595160484314
124,0,boundary_removal,random,10,15,"[82, 4, 36, 15, 78, 60, 93, 71, 103, 31, 81, 64, 37, 41, 18]",64,256,0.08529514074325562,0.08409249037504196,-0.0012026503682136536
124,0,boundary_removal,random,11,15,"[104, 56, 133, 32, 38, 107, 111, 73, 121, 33, 47, 19, 22, 24, 21]",64,256,0.08529514074325562,0.08597614616155624,0.0006810054183006287
124,0,boundary_removal,random,12,15,"[142, 132, 88, 13, 130, 73, 56, 111, 107, 9, 120, 16, 113, 119, 80]",64,256,0.08529514074325562,0.08353396505117416,-0.0017611756920814514
124,0,boundary_removal,random,13,15,"[102, 71, 43, 78, 13, 34, 121, 45, 4, 64, 129, 31, 99, 117, 92]",64,256,0.08529514074325562,0.09520906209945679,0.009913921356201172
124,0,boundary_removal,random,14,15,"[137, 105, 106, 121, 77, 13, 107, 32, 73, 16, 81, 47, 116, 24, 18]",64,256,0.08529514074325562,0.08434733748435974,-0.000947803258895874
124,0,boundary_removal,random,15,15,"[136, 62, 105, 130, 111, 43, 124, 97, 93, 64, 35, 91, 113, 24, 98]",64,256,0.08529514074325562,0.07897783070802689,-0.006317310035228729
124,0,boundary_removal,random,16,15,"[59, 79, 36, 43, 12, 88, 4, 105, 78, 47, 120, 64, 113, 117, 92]",64,256,0.08529514074325562,0.08903016895055771,0.0037350282073020935
124,0,boundary_removal,random,17,15,"[65, 36, 4, 79, 101, 127, 114, 93, 15, 33, 129, 108, 116, 41, 80]",64,256,0.08529514074325562,0.08514425903558731,-0.00015088170766830444
124,0,boundary_removal,random,18,15,"[142, 103, 133, 38, 107, 121, 20, 93, 124, 33, 108, 81, 37, 24, 92]",64,256,0.08529514074325562,0.07401181757450104,-0.011283323168754578
124,0,boundary_removal,random,19,15,"[84, 101, 45, 106, 105, 36, 111, 7, 4, 64, 123, 35, 113, 119, 21]",64,256,0.08529514074325562,0.09228646755218506,0.006991326808929443
124,0,boundary_removal,random,20,15,"[82, 90, 130, 88, 106, 54, 71, 101, 60, 94, 91, 57, 113, 117, 80]",64,256,0.08529514074325562,0.087799072265625,0.0025039315223693848
124,2,node_removal,target,0,40,"[5, 6, 7, 12, 13, 14, 15, 18, 19, 21, 22, 23, 26, 30, 31, 33, 34, 35, 36, 37, 38, 39, 42, 43, 44, 45, 46, 47, 50, 51, 52, 53, 54, 55, 58, 59, 60, 61, 62, 63]",24,84,0.08529514074325562,0.006587506737560034,-0.07870763400569558
124,2,node_removal,random,1,40,"[61, 31, 57, 20, 63, 28, 1, 24, 32, 34, 45, 35, 3, 4, 26, 19, 60, 37, 58, 18, 62, 27, 23, 43, 48, 2, 6, 51, 52, 22, 5, 47, 46, 50, 53, 13, 12, 40, 10, 49]",24,42,0.08529514074325562,0.05832517519593239,-0.026969965547323227
124,2,node_removal,random,2,40,"[36, 42, 45, 39, 62, 43, 26, 59, 37, 61, 56, 57, 24, 27, 32, 28, 16, 15, 4, 55, 8, 0, 1, 23, 48, 5, 53, 46, 52, 47, 11, 38, 30, 13, 6, 10, 25, 33, 50, 49]",24,34,0.08529514074325562,0.09980853646993637,0.014513395726680756
124,2,node_removal,random,3,40,"[58, 32, 16, 63, 59, 42, 20, 43, 37, 8, 44, 39, 21, 4, 34, 27, 45, 24, 0, 23, 3, 15, 29, 60, 6, 12, 2, 17, 50, 47, 46, 10, 25, 52, 5, 48, 22, 41, 53, 14]",24,32,0.08529514074325562,0.09535820037126541,0.010063059628009796
124,2,node_removal,random,4,40,"[8, 62, 63, 37, 39, 45, 27, 59, 23, 0, 21, 31, 43, 58, 32, 19, 20, 56, 1, 15, 16, 36, 28, 3, 46, 38, 22, 2, 48, 33, 30, 13, 12, 5, 53, 50, 11, 47, 54, 14]",24,46,0.08529514074325562,0.04077055677771568,-0.04452458396553993
124,2,node_removal,random,5,40,"[7, 19, 61, 43, 29, 57, 37, 44, 16, 4, 15, 8, 27, 23, 58, 20, 24, 36, 56, 21, 63, 1, 0, 3, 40, 6, 13, 46, 12, 17, 52, 48, 33, 53, 25, 11, 5, 22, 10, 49]",24,44,0.08529514074325562,0.1535715013742447,0.06827636063098907
124,2,node_removal,random,6,40,"[16, 28, 42, 31, 23, 61, 8, 21, 32, 60, 24, 36, 62, 56, 59, 45, 43, 58, 27, 44, 39, 35, 19, 29, 47, 33, 13, 17, 6, 46, 50, 22, 12, 30, 25, 53, 48, 38, 5, 49]",24,50,0.08529514074325562,0.09564366936683655,0.010348528623580933
124,2,node_removal,random,7,40,"[8, 19, 27, 34, 31, 35, 37, 58, 18, 1, 28, 42, 24, 32, 61, 55, 45, 44, 57, 39, 20, 7, 60, 43, 6, 52, 13, 12, 51, 5, 33, 30, 47, 11, 22, 48, 50, 53, 54, 14]",24,42,0.08529514074325562,0.06214571371674538,-0.02314942702651024
124,2,node_removal,random,8,40,"[20, 42, 23, 16, 29, 57, 36, 44, 45, 26, 58, 15, 21, 60, 62, 61, 3, 37, 0, 7, 24, 8, 34, 28, 40, 17, 41, 50, 38, 11, 13, 53, 6, 51, 46, 12, 2, 33, 22, 14]",24,42,0.08529514074325562,0.03788985684514046,-0.04740528389811516
124,2,node_removal,random,9,40,"[1, 20, 21, 55, 56, 16, 43, 18, 36, 45, 60, 42, 63, 31, 57, 15, 26, 62, 3, 58, 8, 32, 34, 61, 54, 40, 13, 52, 51, 22, 2, 33, 25, 41, 30, 48, 53, 38, 5, 49]",24,42,0.08529514074325562,0.17972081899642944,0.09442567825317383
124,2,node_removal,random,10,40,"[15, 42, 39, 27, 61, 20, 58, 29, 3, 21, 28, 34, 56, 32, 19, 7, 4, 63, 16, 23, 44, 1, 59, 36, 30, 40, 54, 17, 33, 47, 5, 11, 53, 22, 6, 41, 13, 48, 52, 49]",24,40,0.08529514074325562,0.008923965506255627,-0.07637117523699999
124,2,node_removal,random,11,40,"[60, 18, 0, 28, 37, 34, 58, 8, 62, 42, 4, 45, 44, 21, 15, 1, 32, 7, 27, 43, 61, 20, 56, 24, 33, 30, 17, 48, 41, 6, 11, 22, 13, 38, 25, 54, 51, 47, 53, 14]",24,30,0.08529514074325562,0.08658810704946518,0.0012929663062095642
124,2,node_removal,random,12,40,"[19, 62, 55, 39, 0, 21, 18, 4, 63, 3, 29, 57, 20, 23, 56, 1, 58, 31, 60, 44, 35, 43, 26, 16, 38, 51, 12, 40, 10, 46, 13, 53, 52, 33, 50, 5, 17, 6, 2, 49]",24,32,0.08529514074325562,0.11219219118356705,0.026897050440311432
124,2,node_removal,random,13,40,"[31, 15, 59, 37, 1, 23, 45, 4, 28, 62, 36, 43, 55, 58, 16, 20, 3, 7, 63, 18, 27, 44, 0, 39, 30, 22, 40, 11, 12, 33, 48, 50, 51, 25, 52, 54, 38, 41, 6, 14]",24,38,0.08529514074325562,0.029955387115478516,-0.0553397536277771
124,2,node_removal,random,14,40,"[8, 3, 20, 34, 32, 58, 39, 36, 35, 57, 19, 61, 59, 63, 42, 45, 62, 16, 55, 15, 56, 1, 27, 24, 5, 12, 13, 46, 47, 50, 17, 52, 33, 48, 10, 30, 51, 6, 38, 49]",24,38,0.08529514074325562,0.12781836092472076,0.04252322018146515
124,2,node_removal,random,15,40,"[42, 55, 45, 37, 29, 35, 60, 19, 20, 7, 27, 63, 31, 23, 61, 16, 43, 21, 44, 8, 18, 15, 34, 1, 13, 33, 22, 54, 5, 46, 12, 40, 2, 41, 11, 53, 47, 52, 51, 14]",24,54,0.08529514074325562,0.04902537539601326,-0.036269765347242355
124,2,node_removal,random,16,40,"[62, 20, 55, 18, 27, 45, 29, 24, 0, 58, 28, 36, 32, 19, 57, 59, 44, 61, 16, 4, 31, 39, 63, 3, 17, 46, 13, 22, 25, 12, 41, 33, 54, 5, 6, 2, 48, 11, 52, 49]",24,44,0.08529514074325562,0.13936740159988403,0.05407226085662842
124,2,node_removal,random,17,40,"[59, 23, 15, 61, 34, 36, 1, 27, 4, 21, 43, 8, 31, 39, 32, 3, 18, 44, 24, 29, 7, 57, 62, 19, 33, 52, 38, 41, 11, 30, 12, 40, 2, 5, 54, 48, 17, 10, 22, 14]",24,40,0.08529514074325562,0.16596166789531708,0.08066652715206146
124,2,node_removal,random,18,40,"[7, 63, 55, 27, 8, 34, 57, 42, 61, 15, 56, 18, 21, 31, 16, 19, 1, 60, 3, 28, 35, 0, 32, 29, 25, 40, 11, 17, 53, 41, 2, 46, 12, 13, 22, 10, 33, 30, 38, 14]",24,40,0.08529514074325562,0.3849750757217407,0.2996799349784851
124,2,node_removal,random,19,40,"[26, 19, 44, 35, 32, 58, 4, 8, 23, 20, 57, 27, 42, 43, 31, 63, 45, 61, 28, 3, 34, 39, 16, 62, 30, 40, 52, 50, 17, 6, 46, 10, 13, 33, 38, 25, 2, 53, 12, 49]",24,38,0.08529514074325562,0.02746322751045227,-0.057831913232803345
124,2,node_removal,random,20,40,"[57, 55, 20, 0, 58, 27, 36, 63, 24, 37, 4, 18, 43, 23, 21, 3, 39, 8, 56, 61, 19, 60, 32, 42, 6, 11, 5, 25, 51, 53, 30, 48, 38, 13, 12, 2, 40, 33, 41, 49]",24,40,0.08529514074325562,0.19364722073078156,0.10835207998752594
124,2,boundary_removal,target,0,25,"[13, 15, 32, 33, 34, 36, 45, 50, 51, 52, 55, 62, 64, 65, 68, 70, 71, 72, 77, 80, 81, 97, 116, 119, 137]",64,236,0.08529514074325562,0.07721779495477676,-0.008077345788478851
124,2,boundary_removal,random,1,25,"[42, 49, 27, 82, 59, 70, 102, 140, 84, 13, 130, 7, 56, 15, 78, 107, 77, 97, 43, 95, 47, 35, 113, 41, 98]",64,236,0.08529514074325562,0.07858408987522125,-0.006711050868034363
124,2,boundary_removal,random,2,25,"[102, 72, 42, 51, 85, 49, 104, 83, 44, 43, 132, 4, 62, 130, 32, 121, 114, 103, 111, 108, 109, 16, 116, 41, 21]",64,236,0.08529514074325562,0.05691782757639885,-0.028377313166856766
124,2,boundary_removal,random,3,25,"[141, 65, 66, 0, 69, 86, 87, 59, 89, 132, 54, 93, 90, 103, 15, 77, 78, 73, 88, 123, 35, 109, 116, 24, 98]",64,236,0.08529514074325562,0.07713548094034195,-0.008159659802913666
124,2,boundary_removal,random,4,25,"[70, 61, 10, 100, 44, 42, 139, 137, 66, 15, 4, 20, 106, 107, 77, 103, 88, 79, 62, 95, 16, 81, 40, 24, 18]",64,236,0.08529514074325562,0.07890646904706955,-0.006388671696186066
124,2,boundary_removal,random,5,25,"[142, 49, 51, 139, 2, 83, 65, 84, 89, 77, 13, 121, 103, 73, 56, 15, 90, 133, 101, 120, 47, 123, 37, 117, 92]",64,236,0.08529514074325562,0.05922308936715126,-0.026072051376104355
124,2,boundary_removal,random,6,25,"[50, 42, 69, 136, 76, 102, 67, 86, 142, 127, 7, 101, 60, 12, 20, 88, 43, 93, 97, 81, 47, 74, 113, 24, 80]",64,236,0.08529514074325562,0.07898899912834167,-0.00630614161491394
124,2,boundary_removal,random,7,25,"[68, 142, 135, 42, 44, 25, 138, 141, 137, 93, 71, 133, 13, 4, 103, 79, 12, 127, 132, 16, 64, 129, 113, 119, 92]",64,236,0.08529514074325562,0.07354311645030975,-0.011752024292945862
124,2,boundary_removal,random,8,25,"[0, 139, 70, 138, 83, 104, 53, 42, 44, 133, 88, 60, 56, 101, 73, 78, 121, 132, 79, 16, 81, 74, 37, 117, 92]",64,236,0.08529514074325562,0.07255217432975769,-0.012742966413497925
124,2,boundary_removal,random,9,25,"[142, 137, 86, 89, 104, 136, 102, 2, 69, 20, 130, 12, 73, 78, 124, 107, 132, 56, 90, 16, 74, 91, 22, 119, 18]",64,236,0.08529514074325562,0.08497465401887894,-0.00032048672437667847
124,2,boundary_removal,random,10,25,"[0, 59, 10, 48, 102, 51, 137, 53, 140, 56, 114, 36, 130, 103, 60, 88, 54, 62, 105, 109, 57, 31, 99, 117, 80]",64,236,0.08529514074325562,0.0762634351849556,-0.009031705558300018
124,2,boundary_removal,random,11,25,"[25, 89, 51, 84, 55, 69, 42, 53, 141, 133, 105, 103, 4, 60, 15, 62, 127, 107, 79, 19, 16, 123, 113, 41, 92]",64,236,0.08529514074325562,0.06719473004341125,-0.01810041069984436
124,2,boundary_removal,random,12,25,"[52, 83, 104, 51, 135, 59, 76, 86, 67, 93, 77, 127, 13, 124, 54, 36, 56, 90, 73, 57, 35, 95, 22, 119, 92]",64,236,0.08529514074325562,0.06992516666650772,-0.015369974076747894
124,2,boundary_removal,random,13,25,"[136, 55, 72, 137, 84, 59, 2, 48, 53, 78, 60, 71, 127, 93, 130, 38, 114, 36, 32, 19, 91, 81, 22, 117, 80]",64,236,0.08529514074325562,0.09210839122533798,0.006813250482082367
124,2,boundary_removal,random,14,25,"[84, 140, 50, 138, 59, 89, 102, 42, 25, 93, 101, 38, 15, 97, 105, 88, 133, 34, 60, 123, 35, 9, 113, 41, 21]",64,236,0.08529514074325562,0.09054484218358994,0.00524970144033432
124,2,boundary_removal,random,15,25,"[2, 82, 136, 89, 27, 67, 68, 83, 87, 114, 45, 106, 73, 130, 34, 38, 97, 111, 15, 81, 31, 94, 113, 119, 80]",64,236,0.08529514074325562,0.09702253341674805,0.011727392673492432
124,2,boundary_removal,random,16,25,"[52, 61, 69, 72, 68, 140, 82, 42, 10, 12, 133, 121, 114, 105, 62, 56, 111, 20, 93, 109, 81, 47, 37, 117, 21]",64,236,0.08529514074325562,0.08130035549402237,-0.003994785249233246
124,2,boundary_removal,random,17,25,"[69, 52, 2, 100, 141, 27, 89, 136, 85, 38, 34, 4, 93, 12, 32, 78, 45, 71, 79, 94, 19, 129, 116, 117, 21]",64,236,0.08529514074325562,0.09935394674539566,0.014058806002140045
124,2,boundary_removal,random,18,25,"[89, 48, 59, 86, 53, 141, 100, 51, 55, 20, 4, 88, 105, 107, 15, 121, 7, 79, 62, 126, 57, 47, 22, 41, 18]",64,236,0.08529514074325562,0.080207459628582,-0.0050876811146736145
124,2,boundary_removal,random,19,25,"[69, 85, 87, 44, 48, 100, 0, 27, 82, 56, 103, 133, 79, 88, 71, 106, 130, 132, 107, 33, 129, 126, 40, 119, 92]",64,236,0.08529514074325562,0.07961464673280716,-0.005680494010448456
124,2,boundary_removal,random,20,25,"[61, 142, 42, 52, 67, 48, 100, 65, 10, 20, 43, 60, 45, 121, 77, 13, 106, 34, 71, 91, 108, 31, 37, 119, 92]",64,236,0.08529514074325562,0.09213610738515854,0.006840966641902924
124,3,node_removal,target,0,4,"[20, 27, 28, 29]",60,260,0.08529514074325562,0.038591865450143814,-0.0467032752931118
124,3,node_removal,random,1,4,"[27, 16, 0, 57]",60,254,0.08529514074325562,0.09622921794652939,0.010934077203273773
124,3,node_removal,random,2,4,"[7, 59, 15, 18]",60,256,0.08529514074325562,0.08139614015817642,-0.003899000585079193
124,3,node_removal,random,3,4,"[45, 4, 57, 56]",60,256,0.08529514074325562,0.11958283185958862,0.03428769111633301
124,3,node_removal,random,4,4,"[60, 36, 0, 55]",60,254,0.08529514074325562,0.0751461461186409,-0.010148994624614716
124,3,node_removal,random,5,4,"[3, 18, 36, 31]",60,254,0.08529514074325562,0.07725172489881516,-0.00804341584444046
124,3,node_removal,random,6,4,"[20, 59, 18, 56]",60,254,0.08529514074325562,0.07634254544973373,-0.008952595293521881
124,3,node_removal,random,7,4,"[16, 26, 4, 62]",60,254,0.08529514074325562,0.06313761323690414,-0.02215752750635147
124,3,node_removal,random,8,4,"[28, 44, 37, 61]",60,254,0.08529514074325562,0.06909254938364029,-0.016202591359615326
124,3,node_removal,random,9,4,"[21, 0, 23, 42]",60,254,0.08529514074325562,0.08812817186117172,0.002833031117916107
124,3,node_removal,random,10,4,"[44, 27, 61, 60]",60,256,0.08529514074325562,0.06549996137619019,-0.01979517936706543
124,3,node_removal,random,11,4,"[28, 7, 34, 26]",60,256,0.08529514074325562,0.03828180953860283,-0.047013331204652786
124,3,node_removal,random,12,4,"[15, 21, 62, 39]",60,254,0.08529514074325562,0.06942551583051682,-0.0158696249127388
124,3,node_removal,random,13,4,"[44, 39, 59, 32]",60,254,0.08529514074325562,0.08241943269968033,-0.002875708043575287
124,3,node_removal,random,14,4,"[19, 59, 8, 24]",60,254,0.08529514074325562,0.09812458604574203,0.01282944530248642
124,3,node_removal,random,15,4,"[26, 20, 19, 60]",60,256,0.08529514074325562,0.044063616544008255,-0.04123152419924736
124,3,node_removal,random,16,4,"[62, 23, 24, 21]",60,254,0.08529514074325562,0.09525861591100693,0.009963475167751312
124,3,node_removal,random,17,4,"[59, 58, 20, 27]",60,256,0.08529514074325562,0.04593329131603241,-0.039361849427223206
124,3,node_removal,random,18,4,"[58, 43, 26, 4]",60,254,0.08529514074325562,0.053500425070524216,-0.0317947156727314
124,3,node_removal,random,19,4,"[35, 57, 43, 59]",60,256,0.08529514074325562,0.09862518310546875,0.013330042362213135
124,3,node_removal,random,20,4,"[57, 16, 43, 59]",60,254,0.08529514074325562,0.11250638216733932,0.02721124142408371
124,3,boundary_removal,target,0,10,"[36, 50, 51, 52, 55, 65, 68, 70, 71, 72]",64,266,0.08529514074325562,0.07639621943235397,-0.008898921310901642
124,3,boundary_removal,random,1,10,"[67, 66, 100, 10, 135, 0, 42, 69, 114, 133]",64,266,0.08529514074325562,0.08088874071836472,-0.0044064000248909
124,3,boundary_removal,random,2,10,"[65, 53, 140, 70, 27, 0, 72, 138, 77, 60]",64,266,0.08529514074325562,0.07665696740150452,-0.008638173341751099
124,3,boundary_removal,random,3,10,"[61, 87, 100, 67, 69, 83, 102, 68, 45, 7]",64,266,0.08529514074325562,0.0898708626627922,0.004575721919536591
124,3,boundary_removal,random,4,10,"[100, 83, 86, 104, 69, 27, 140, 142, 105, 73]",64,266,0.08529514074325562,0.08195800334215164,-0.0033371374011039734
124,3,boundary_removal,random,5,10,"[0, 83, 27, 42, 48, 136, 68, 142, 93, 132]",64,266,0.08529514074325562,0.08378516882658005,-0.0015099719166755676
124,3,boundary_removal,random,6,10,"[139, 70, 42, 82, 140, 10, 25, 27, 97, 103]",64,266,0.08529514074325562,0.07910660654306412,-0.006188534200191498
124,3,boundary_removal,random,7,10,"[140, 72, 50, 82, 86, 142, 70, 53, 54, 132]",64,266,0.08529514074325562,0.07665824145078659,-0.008636899292469025
124,3,boundary_removal,random,8,10,"[25, 138, 53, 135, 42, 84, 141, 0, 114, 90]",64,266,0.08529514074325562,0.07741311937570572,-0.007882021367549896
124,3,boundary_removal,random,9,10,"[59, 139, 85, 67, 86, 135, 142, 2, 43, 107]",64,266,0.08529514074325562,0.08602937310934067,0.0007342323660850525
124,3,boundary_removal,random,10,10,"[142, 84, 102, 136, 135, 72, 59, 2, 130, 101]",64,266,0.08529514074325562,0.08533031493425369,3.517419099807739e-05
124,3,boundary_removal,random,11,10,"[76, 52, 104, 49, 136, 69, 89, 139, 133, 71]",64,266,0.08529514074325562,0.07690086960792542,-0.0083942711353302
124,3,boundary_removal,random,12,10,"[104, 68, 135, 51, 59, 52, 137, 140, 101, 127]",64,266,0.08529514074325562,0.07617200911045074,-0.00912313163280487
124,3,boundary_removal,random,13,10,"[69, 82, 66, 102, 50, 52, 100, 89, 4, 73]",64,266,0.08529514074325562,0.07938095927238464,-0.005914181470870972
124,3,boundary_removal,random,14,10,"[136, 140, 86, 137, 85, 76, 49, 48, 132, 78]",64,266,0.08529514074325562,0.08049896359443665,-0.00479617714881897
124,3,boundary_removal,random,15,10,"[55, 27, 72, 61, 49, 42, 86, 139, 88, 77]",64,266,0.08529514074325562,0.07642487436532974,-0.008870266377925873
124,3,boundary_removal,random,16,10,"[72, 87, 55, 76, 25, 135, 0, 52, 127, 32]",64,266,0.08529514074325562,0.08458436280488968,-0.0007107779383659363
124,3,boundary_removal,random,17,10,"[59, 85, 76, 51, 2, 10, 68, 66, 36, 130]",64,266,0.08529514074325562,0.08375360816717148,-0.001541532576084137
124,3,boundary_removal,random,18,10,"[141, 76, 42, 104, 66, 10, 68, 83, 127, 60]",64,266,0.08529514074325562,0.08012612164020538,-0.005169019103050232
124,3,boundary_removal,random,19,10,"[89, 141, 48, 72, 87, 85, 51, 76, 103, 20]",64,266,0.08529514074325562,0.0747918114066124,-0.010503329336643219
124,3,boundary_removal,random,20,10,"[76, 141, 67, 70, 51, 136, 48, 2, 90, 36]",64,266,0.08529514074325562,0.08464019745588303,-0.0006549432873725891
144,2,node_removal,target,0,39,"[0, 1, 2, 3, 8, 9, 10, 11, 16, 17, 18, 19, 20, 21, 22, 24, 25, 26, 27, 28, 29, 30, 31, 32, 33, 34, 35, 36, 37, 38, 39, 42, 43, 44, 45, 50, 51, 58, 59]",25,92,0.8669173121452332,0.8164546489715576,0.05046266317367554
144,2,node_removal,random,1,39,"[29, 63, 58, 45, 59, 37, 34, 39, 1, 28, 15, 0, 42, 57, 43, 23, 4, 3, 16, 18, 21, 60, 7, 26, 24, 20, 56, 5, 40, 2, 38, 54, 25, 6, 41, 48, 10, 52, 9]",25,42,0.8669173121452332,0.5294531583786011,0.3374641537666321
144,2,node_removal,random,2,39,"[24, 0, 39, 3, 45, 34, 37, 18, 23, 36, 60, 21, 26, 61, 27, 29, 8, 20, 42, 59, 62, 32, 43, 44, 4, 56, 16, 6, 17, 25, 30, 5, 46, 48, 12, 33, 54, 11, 9]",25,44,0.8669173121452332,0.9217710494995117,-0.054853737354278564
144,2,node_removal,random,3,39,"[20, 44, 32, 24, 63, 56, 55, 4, 8, 36, 16, 59, 60, 1, 18, 42, 61, 3, 15, 28, 57, 58, 35, 0, 29, 23, 37, 10, 12, 30, 33, 38, 22, 2, 40, 41, 50, 46, 9]",25,50,0.8669173121452332,0.8874483704566956,-0.020531058311462402
144,2,node_removal,random,4,39,"[0, 39, 37, 56, 24, 58, 36, 29, 18, 45, 26, 59, 3, 4, 1, 20, 35, 27, 34, 16, 31, 55, 42, 8, 7, 61, 44, 5, 6, 25, 46, 2, 41, 40, 12, 33, 30, 11, 9]",25,50,0.8669173121452332,0.9043571352958679,-0.037439823150634766
144,2,node_removal,random,5,39,"[15, 62, 42, 43, 24, 28, 21, 36, 61, 8, 3, 19, 0, 37, 18, 1, 23, 55, 32, 34, 59, 58, 56, 4, 45, 20, 44, 11, 51, 48, 6, 47, 53, 22, 33, 17, 54, 25, 9]",25,42,0.8669173121452332,0.840064525604248,0.026852786540985107
144,2,node_removal,random,6,39,"[26, 15, 29, 61, 44, 37, 3, 59, 34, 19, 43, 8, 0, 39, 32, 18, 24, 60, 45, 7, 16, 36, 31, 58, 55, 4, 56, 40, 30, 17, 6, 51, 48, 22, 52, 53, 46, 13, 9]",25,46,0.8669173121452332,0.8302845358848572,0.03663277626037598
144,2,node_removal,random,7,39,"[63, 0, 3, 42, 56, 24, 1, 45, 19, 27, 28, 18, 8, 7, 4, 16, 62, 20, 44, 29, 35, 55, 26, 39, 15, 61, 36, 47, 50, 30, 46, 22, 54, 33, 52, 11, 40, 12, 9]",25,48,0.8669173121452332,0.9425124526023865,-0.07559514045715332
144,2,node_removal,random,8,39,"[36, 62, 21, 34, 3, 56, 26, 20, 1, 16, 15, 18, 42, 44, 37, 0, 58, 27, 39, 32, 59, 19, 28, 7, 24, 55, 35, 47, 52, 50, 17, 12, 2, 41, 53, 13, 30, 48, 9]",25,40,0.8669173121452332,0.7596914768218994,0.10722583532333374
144,2,node_removal,random,9,39,"[39, 58, 45, 16, 26, 55, 44, 24, 61, 60, 4, 3, 8, 29, 32, 42, 31, 57, 59, 35, 18, 15, 0, 56, 28, 7, 34, 11, 17, 13, 38, 46, 50, 2, 22, 10, 6, 40, 9]",25,42,0.8669173121452332,0.8481553196907043,0.01876199245452881
144,2,node_removal,random,10,39,"[37, 26, 1, 36, 27, 21, 35, 34, 31, 32, 62, 19, 18, 8, 56, 7, 42, 57, 45, 43, 24, 61, 59, 20, 63, 0, 23, 41, 6, 54, 48, 40, 47, 22, 2, 11, 13, 38, 9]",25,44,0.8669173121452332,0.8538748621940613,0.013042449951171875
144,2,node_removal,random,11,39,"[34, 1, 23, 8, 3, 27, 35, 58, 19, 21, 39, 56, 44, 15, 0, 37, 18, 43, 62, 26, 31, 42, 45, 60, 29, 63, 4, 41, 48, 10, 47, 33, 46, 51, 50, 53, 6, 17, 9]",25,42,0.8669173121452332,0.7880018353462219,0.07891547679901123
144,2,node_removal,random,12,39,"[44, 60, 3, 4, 21, 56, 19, 31, 18, 34, 43, 59, 23, 45, 28, 57, 26, 27, 42, 39, 37, 58, 16, 63, 15, 8, 20, 53, 33, 11, 48, 40, 51, 46, 10, 47, 52, 30, 9]",25,50,0.8669173121452332,0.7444011569023132,0.12251615524291992
144,2,node_removal,random,13,39,"[32, 62, 27, 37, 8, 15, 63, 3, 0, 18, 57, 4, 42, 26, 60, 43, 44, 55, 29, 56, 7, 34, 16, 39, 23, 19, 24, 10, 41, 11, 50, 25, 47, 2, 5, 17, 54, 51, 9]",25,54,0.8669173121452332,0.7987132668495178,0.06820404529571533
144,2,node_removal,random,14,39,"[32, 39, 45, 3, 0, 31, 37, 62, 63, 56, 18, 58, 4, 27, 19, 57, 8, 29, 20, 34, 43, 36, 35, 55, 60, 7, 26, 25, 5, 12, 54, 2, 50, 11, 53, 13, 46, 51, 9]",25,48,0.8669173121452332,0.9578636288642883,-0.09094631671905518
144,2,node_removal,random,15,39,"[56, 28, 42, 27, 61, 26, 57, 7, 63, 19, 16, 36, 29, 35, 15, 59, 18, 8, 37, 20, 4, 0, 34, 24, 44, 58, 23, 17, 47, 40, 50, 38, 2, 5, 10, 11, 6, 48, 9]",25,56,0.8669173121452332,0.8654229044914246,0.0014944076538085938
144,2,node_removal,random,16,39,"[21, 58, 20, 1, 55, 42, 8, 63, 39, 0, 19, 37, 18, 61, 3, 36, 56, 43, 59, 45, 29, 34, 32, 62, 23, 35, 4, 38, 40, 12, 11, 33, 48, 22, 50, 41, 53, 5, 9]",25,50,0.8669173121452332,0.8118541240692139,0.05506318807601929
144,2,node_removal,random,17,39,"[59, 1, 27, 60, 8, 24, 23, 7, 62, 58, 36, 4, 16, 18, 43, 34, 57, 0, 37, 42, 35, 55, 15, 3, 21, 32, 26, 2, 11, 48, 6, 41, 54, 38, 10, 25, 5, 47, 9]",25,52,0.8669173121452332,0.8561871647834778,0.010730147361755371
144,2,node_removal,random,18,39,"[31, 55, 24, 7, 27, 18, 3, 29, 15, 56, 43, 57, 59, 62, 32, 26, 23, 60, 4, 8, 16, 39, 42, 19, 21, 63, 34, 51, 12, 40, 33, 53, 41, 2, 47, 38, 52, 25, 9]",25,44,0.8669173121452332,0.7772101759910583,0.0897071361541748
144,2,node_removal,random,19,39,"[60, 29, 1, 55, 7, 62, 56, 34, 61, 42, 57, 20, 18, 27, 43, 37, 45, 32, 3, 26, 31, 44, 63, 16, 59, 19, 15, 53, 40, 50, 38, 5, 22, 13, 47, 17, 30, 46, 9]",25,38,0.8669173121452332,0.8104808926582336,0.05643641948699951
144,2,node_removal,random,20,39,"[29, 59, 42, 4, 55, 8, 31, 3, 24, 32, 43, 57, 19, 37, 16, 28, 58, 27, 21, 62, 18, 56, 1, 34, 60, 39, 61, 25, 38, 54, 11, 52, 50, 6, 10, 40, 48, 12, 9]",25,42,0.8669173121452332,0.7375211715698242,0.12939614057540894
144,2,boundary_removal,target,0,24,"[10, 14, 33, 36, 38, 40, 56, 59, 78, 80, 81, 91, 92, 93, 97, 105, 106, 107, 116, 119, 123, 125, 137, 139]",64,238,0.8669173121452332,0.8797184824943542,-0.012801170349121094
144,2,boundary_removal,random,1,24,"[140, 51, 65, 102, 38, 101, 73, 114, 45, 106, 132, 71, 90, 31, 9, 91, 95, 22, 113, 75, 110, 117, 92, 80]",64,238,0.8669173121452332,0.8757092952728271,-0.008791983127593994
144,2,boundary_removal,random,2,24,"[27, 137, 69, 76, 111, 38, 73, 105, 54, 132, 20, 4, 101, 64, 57, 33, 94, 99, 37, 110, 14, 24, 80, 92]",64,238,0.8669173121452332,0.8744804859161377,-0.007563173770904541
144,2,boundary_removal,random,3,24,"[139, 42, 52, 104, 114, 20, 97, 71, 36, 90, 107, 32, 101, 57, 94, 47, 64, 40, 22, 14, 75, 24, 80, 92]",64,238,0.8669173121452332,0.8764268755912781,-0.009509563446044922
144,2,boundary_removal,random,4,24,"[65, 138, 87, 104, 127, 34, 88, 36, 38, 132, 56, 43, 73, 19, 126, 74, 57, 40, 99, 23, 14, 24, 92, 98]",64,238,0.8669173121452332,0.8863700032234192,-0.019452691078186035
144,2,boundary_removal,random,5,24,"[69, 27, 61, 84, 43, 15, 38, 130, 34, 56, 90, 107, 133, 109, 91, 64, 74, 113, 37, 14, 131, 117, 92, 21]",64,238,0.8669173121452332,0.8801438808441162,-0.013226568698883057
144,2,boundary_removal,random,6,24,"[42, 0, 2, 82, 43, 101, 62, 56, 45, 71, 60, 121, 7, 9, 16, 31, 47, 37, 113, 63, 131, 119, 92, 18]",64,238,0.8669173121452332,0.8827500343322754,-0.015832722187042236
144,2,boundary_removal,random,7,24,"[86, 2, 10, 136, 71, 4, 13, 88, 15, 77, 45, 79, 20, 109, 57, 31, 91, 37, 116, 131, 125, 117, 92, 98]",64,238,0.8669173121452332,0.868543803691864,-0.0016264915466308594
144,2,boundary_removal,random,8,24,"[87, 55, 86, 25, 121, 60, 132, 43, 79, 130, 77, 88, 114, 9, 35, 16, 129, 22, 116, 23, 110, 24, 21, 80]",64,238,0.8669173121452332,0.8806211352348328,-0.01370382308959961
144,2,boundary_removal,random,9,24,"[84, 59, 27, 25, 78, 121, 133, 34, 88, 130, 36, 62, 71, 91, 123, 9, 81, 116, 22, 23, 63, 117, 80, 21]",64,238,0.8669173121452332,0.8786473870277405,-0.011730074882507324
144,2,boundary_removal,random,10,24,"[59, 87, 86, 67, 60, 97, 73, 114, 79, 56, 106, 62, 12, 81, 57, 95, 123, 113, 99, 46, 63, 41, 80, 18]",64,238,0.8669173121452332,0.8691980838775635,-0.0022807717323303223
144,2,boundary_removal,random,11,24,"[141, 83, 68, 25, 38, 4, 13, 132, 101, 60, 62, 111, 121, 64, 57, 9, 91, 116, 22, 110, 125, 117, 80, 18]",64,238,0.8669173121452332,0.8787469267845154,-0.011829614639282227
144,2,boundary_removal,random,12,24,"[72, 89, 42, 137, 12, 105, 90, 7, 62, 78, 107, 130, 60, 74, 91, 31, 81, 116, 37, 131, 14, 41, 18, 92]",64,238,0.8669173121452332,0.8626620173454285,0.0042552947998046875
144,2,boundary_removal,random,13,24,"[76, 83, 100, 51, 127, 56, 88, 38, 45, 60, 43, 71, 7, 123, 120, 91, 9, 113, 37, 58, 115, 117, 80, 98]",64,238,0.8669173121452332,0.8712174296379089,-0.004300117492675781
144,2,boundary_removal,random,14,24,"[67, 137, 86, 76, 97, 90, 114, 15, 7, 20, 101, 111, 88, 123, 91, 35, 33, 22, 40, 75, 46, 24, 80, 92]",64,238,0.8669173121452332,0.8792874217033386,-0.012370109558105469
144,2,boundary_removal,random,15,24,"[82, 52, 55, 86, 105, 71, 90, 133, 54, 111, 78, 45, 127, 16, 9, 108, 31, 22, 99, 11, 128, 24, 92, 80]",64,238,0.8669173121452332,0.8837613463401794,-0.01684403419494629
144,2,boundary_removal,random,16,24,"[72, 42, 86, 66, 130, 12, 32, 107, 56, 88, 79, 77, 62, 81, 123, 94, 120, 99, 40, 122, 11, 24, 21, 98]",64,238,0.8669173121452332,0.8745874762535095,-0.007670164108276367
144,2,boundary_removal,random,17,24,"[84, 72, 141, 50, 38, 34, 60, 97, 114, 32, 56, 15, 73, 95, 33, 9, 108, 22, 99, 58, 122, 119, 18, 92]",64,238,0.8669173121452332,0.8831401467323303,-0.016222834587097168
144,2,boundary_removal,random,18,24,"[84, 85, 142, 48, 111, 79, 56, 88, 130, 38, 4, 106, 121, 95, 126, 120, 108, 40, 37, 115, 122, 119, 80, 21]",64,238,0.8669173121452332,0.8835462927818298,-0.01662898063659668
144,2,boundary_removal,random,19,24,"[42, 68, 135, 53, 106, 36, 93, 56, 124, 107, 88, 43, 103, 95, 91, 16, 126, 99, 116, 63, 23, 41, 98, 92]",64,238,0.8669173121452332,0.8784927725791931,-0.011575460433959961
144,2,boundary_removal,random,20,24,"[69, 52, 0, 51, 56, 15, 121, 93, 38, 111, 127, 45, 105, 35, 108, 33, 123, 40, 37, 11, 131, 117, 21, 92]",64,238,0.8669173121452332,0.8836701512336731,-0.01675283908843994
144,3,node_removal,target,0,6,"[40, 41, 48, 49, 56, 57]",58,250,0.8669173121452332,0.786060631275177,0.08085668087005615
144,3,node_removal,random,1,6,"[63, 39, 54, 51, 10, 49]",58,230,0.8669173121452332,0.8813703656196594,-0.01445305347442627
144,3,node_removal,random,2,6,"[36, 4, 54, 33, 11, 14]",58,230,0.8669173121452332,0.9063013195991516,-0.03938400745391846
144,3,node_removal,random,3,6,"[4, 19, 54, 40, 17, 14]",58,228,0.8669173121452332,0.9014647006988525,-0.034547388553619385
144,3,node_removal,random,4,6,"[26, 44, 50, 10, 40, 14]",58,228,0.8669173121452332,0.8997398018836975,-0.032822489738464355
144,3,node_removal,random,5,6,"[1, 43, 10, 5, 47, 49]",58,228,0.8669173121452332,0.8229215145111084,0.043995797634124756
144,3,node_removal,random,6,6,"[27, 7, 2, 12, 25, 49]",58,228,0.8669173121452332,0.893038272857666,-0.02612096071243286
144,3,node_removal,random,7,6,"[21, 57, 46, 2, 52, 14]",58,228,0.8669173121452332,0.9012903571128845,-0.03437304496765137
144,3,node_removal,random,8,6,"[55, 44, 52, 48, 41, 14]",58,232,0.8669173121452332,0.8390147089958191,0.027902603149414062
144,3,node_removal,random,9,6,"[62, 36, 11, 41, 52, 49]",58,230,0.8669173121452332,0.8728721141815186,-0.0059548020362854
144,3,node_removal,random,10,6,"[0, 8, 54, 25, 46, 49]",58,232,0.8669173121452332,0.893748939037323,-0.026831626892089844
144,3,node_removal,random,11,6,"[8, 57, 50, 53, 47, 49]",58,232,0.8669173121452332,0.8644765019416809,0.002440810203552246
144,3,node_removal,random,12,6,"[23, 0, 17, 48, 12, 49]",58,230,0.8669173121452332,0.8573260307312012,0.009591281414031982
144,3,node_removal,random,13,6,"[59, 42, 22, 13, 30, 14]",58,234,0.8669173121452332,0.898303210735321,-0.03138589859008789
144,3,node_removal,random,14,6,"[19, 57, 54, 52, 5, 49]",58,230,0.8669173121452332,0.8640908598899841,0.0028264522552490234
144,3,node_removal,random,15,6,"[31, 43, 5, 50, 47, 14]",58,228,0.8669173121452332,0.8641754984855652,0.0027418136596679688
144,3,node_removal,random,16,6,"[35, 42, 11, 53, 52, 14]",58,230,0.8669173121452332,0.8877502083778381,-0.02083289623260498
144,3,node_removal,random,17,6,"[62, 4, 46, 50, 33, 49]",58,230,0.8669173121452332,0.9035520553588867,-0.036634743213653564
144,3,node_removal,random,18,6,"[4, 35, 51, 11, 47, 49]",58,230,0.8669173121452332,0.89154052734375,-0.024623215198516846
144,3,node_removal,random,19,6,"[34, 60, 38, 53, 11, 49]",58,228,0.8669173121452332,0.9015906453132629,-0.034673333168029785
144,3,node_removal,random,20,6,"[21, 35, 2, 22, 11, 49]",58,230,0.8669173121452332,0.9063122272491455,-0.039394915103912354
144,3,boundary_removal,target,0,7,"[78, 80, 81, 97, 116, 119, 137]",64,272,0.8669173121452332,0.8704158663749695,-0.003498554229736328
144,3,boundary_removal,random,1,7,"[59, 79, 103, 33, 40, 41, 80]",64,272,0.8669173121452332,0.8755351901054382,-0.008617877960205078
144,3,boundary_removal,random,2,7,"[48, 133, 45, 108, 40, 24, 92]",64,272,0.8669173121452332,0.8737621307373047,-0.006844818592071533
144,3,boundary_removal,random,3,7,"[138, 71, 20, 35, 37, 41, 92]",64,272,0.8669173121452332,0.8667600154876709,0.00015729665756225586
144,3,boundary_removal,random,4,7,"[104, 15, 132, 129, 113, 24, 92]",64,272,0.8669173121452332,0.8663079738616943,0.0006093382835388184
144,3,boundary_removal,random,5,7,"[100, 45, 56, 81, 37, 41, 21]",64,272,0.8669173121452332,0.8639971613883972,0.0029201507568359375
144,3,boundary_removal,random,6,7,"[48, 15, 97, 81, 116, 41, 92]",64,272,0.8669173121452332,0.8635134696960449,0.0034038424491882324
144,3,boundary_removal,random,7,7,"[136, 121, 60, 126, 37, 24, 92]",64,272,0.8669173121452332,0.8675717711448669,-0.0006544589996337891
144,3,boundary_removal,random,8,7,"[135, 121, 54, 35, 37, 24, 21]",64,272,0.8669173121452332,0.869339644908905,-0.002422332763671875
144,3,boundary_removal,random,9,7,"[44, 4, 106, 31, 40, 41, 98]",64,272,0.8669173121452332,0.8636160492897034,0.003301262855529785
144,3,boundary_removal,random,10,7,"[136, 43, 121, 126, 116, 117, 98]",64,272,0.8669173121452332,0.8640890717506409,0.002828240394592285
144,3,boundary_removal,random,11,7,"[0, 4, 107, 9, 37, 117, 21]",64,272,0.8669173121452332,0.8681699633598328,-0.0012526512145996094
144,3,boundary_removal,random,12,7,"[49, 36, 7, 16, 113, 117, 98]",64,272,0.8669173121452332,0.8598111271858215,0.007106184959411621
144,3,boundary_removal,random,13,7,"[70, 7, 62, 81, 37, 24, 21]",64,272,0.8669173121452332,0.8631327748298645,0.0037845373153686523
144,3,boundary_removal,random,14,7,"[86, 97, 43, 74, 113, 24, 21]",64,272,0.8669173121452332,0.8660898208618164,0.000827491283416748
144,3,boundary_removal,random,15,7,"[86, 101, 54, 94, 113, 24, 98]",64,272,0.8669173121452332,0.8599740862846375,0.006943225860595703
144,3,boundary_removal,random,16,7,"[140, 45, 132, 47, 116, 41, 98]",64,272,0.8669173121452332,0.8631406426429749,0.0037766695022583008
144,3,boundary_removal,random,17,7,"[2, 90, 60, 74, 99, 117, 98]",64,272,0.8669173121452332,0.8617212772369385,0.005196034908294678
144,3,boundary_removal,random,18,7,"[87, 62, 73, 57, 116, 119, 80]",64,272,0.8669173121452332,0.8774725794792175,-0.010555267333984375
144,3,boundary_removal,random,19,7,"[87, 132, 88, 33, 116, 41, 18]",64,272,0.8669173121452332,0.874768078327179,-0.0078507661819458
144,3,boundary_removal,random,20,7,"[84, 103, 130, 95, 40, 41, 98]",64,272,0.8669173121452332,0.8621408939361572,0.004776418209075928
144,4,node_removal,target,0,19,"[4, 5, 6, 7, 12, 13, 14, 15, 23, 46, 47, 52, 53, 54, 55, 60, 61, 62, 63]",45,182,0.8669173121452332,0.9528772830963135,-0.08595997095108032
144,4,node_removal,random,1,19,"[59, 57, 4, 61, 24, 39, 60, 45, 19, 10, 51, 53, 40, 50, 52, 30, 54, 25, 14]",45,142,0.8669173121452332,0.9107362627983093,-0.04381895065307617
144,4,node_removal,random,2,19,"[4, 42, 32, 63, 8, 55, 29, 23, 60, 51, 5, 41, 11, 46, 12, 38, 53, 25, 14]",45,136,0.8669173121452332,0.8922569751739502,-0.02533966302871704
144,4,node_removal,random,3,19,"[8, 28, 21, 24, 45, 23, 31, 58, 56, 38, 46, 6, 25, 41, 22, 12, 11, 30, 14]",45,140,0.8669173121452332,0.9035351872444153,-0.03661787509918213
144,4,node_removal,random,4,19,"[29, 35, 44, 62, 37, 45, 56, 31, 16, 48, 6, 2, 53, 38, 51, 50, 12, 40, 49]",45,138,0.8669173121452332,0.8579654097557068,0.008951902389526367
144,4,node_removal,random,5,19,"[34, 28, 63, 0, 19, 42, 57, 29, 36, 11, 51, 22, 50, 30, 47, 25, 13, 53, 49]",45,134,0.8669173121452332,0.9236647486686707,-0.0567474365234375
144,4,node_removal,random,6,19,"[58, 31, 28, 35, 20, 57, 26, 60, 29, 53, 17, 2, 50, 12, 51, 33, 48, 25, 49]",45,142,0.8669173121452332,0.8005288243293762,0.06638848781585693
144,4,node_removal,random,7,19,"[57, 18, 26, 63, 0, 43, 58, 16, 42, 52, 50, 53, 11, 30, 38, 47, 13, 5, 14]",45,134,0.8669173121452332,0.9395299553871155,-0.07261264324188232
144,4,node_removal,random,8,19,"[18, 28, 24, 58, 3, 44, 32, 29, 61, 13, 40, 2, 12, 33, 17, 22, 51, 53, 49]",45,134,0.8669173121452332,0.8536326885223389,0.013284623622894287
144,4,node_removal,random,9,19,"[20, 16, 7, 28, 36, 58, 32, 37, 34, 41, 2, 50, 10, 11, 52, 46, 33, 12, 14]",45,136,0.8669173121452332,0.9442427158355713,-0.07732540369033813
144,4,node_removal,random,10,19,"[0, 24, 60, 56, 45, 57, 62, 32, 59, 11, 33, 53, 52, 5, 50, 6, 2, 54, 14]",45,140,0.8669173121452332,0.9476912617683411,-0.08077394962310791
144,4,node_removal,random,11,19,"[35, 44, 58, 63, 19, 21, 18, 27, 39, 30, 10, 52, 41, 46, 38, 17, 40, 2, 49]",45,140,0.8669173121452332,0.932500422000885,-0.06558310985565186
144,4,node_removal,random,12,19,"[32, 8, 0, 20, 34, 55, 21, 62, 59, 54, 33, 50, 38, 2, 48, 17, 41, 6, 14]",45,134,0.8669173121452332,0.92093425989151,-0.054016947746276855
144,4,node_removal,random,13,19,"[1, 59, 35, 26, 0, 31, 56, 19, 4, 22, 40, 10, 52, 41, 6, 5, 12, 11, 14]",45,140,0.8669173121452332,0.8935155868530273,-0.02659827470779419
144,4,node_removal,random,14,19,"[44, 18, 63, 16, 3, 21, 55, 43, 32, 2, 50, 54, 46, 30, 13, 40, 25, 47, 14]",45,140,0.8669173121452332,0.933021068572998,-0.06610375642776489
144,4,node_removal,random,15,19,"[27, 55, 37, 15, 3, 0, 59, 23, 4, 52, 47, 54, 6, 17, 2, 13, 40, 33, 14]",45,138,0.8669173121452332,0.9320806860923767,-0.06516337394714355
144,4,node_removal,random,16,19,"[7, 26, 58, 24, 15, 20, 63, 62, 4, 46, 33, 52, 40, 51, 53, 5, 50, 38, 14]",45,138,0.8669173121452332,0.9582769870758057,-0.09135967493057251
144,4,node_removal,random,17,19,"[18, 21, 20, 3, 27, 31, 57, 19, 55, 11, 52, 33, 47, 12, 50, 40, 2, 48, 49]",45,144,0.8669173121452332,0.885668933391571,-0.01875162124633789
144,4,node_removal,random,18,19,"[57, 42, 45, 15, 61, 28, 36, 63, 3, 41, 46, 47, 52, 10, 48, 40, 53, 5, 14]",45,142,0.8669173121452332,0.8152803778648376,0.05163693428039551
144,4,node_removal,random,19,19,"[16, 27, 36, 23, 37, 61, 18, 28, 3, 47, 17, 13, 10, 53, 38, 48, 46, 5, 49]",45,140,0.8669173121452332,0.8035953640937805,0.06332194805145264
144,4,node_removal,random,20,19,"[61, 42, 20, 21, 57, 15, 7, 28, 59, 41, 12, 33, 52, 6, 11, 13, 50, 53, 14]",45,154,0.8669173121452332,0.8444576263427734,0.022459685802459717
144,4,boundary_removal,target,0,17,"[10, 14, 33, 36, 38, 40, 56, 59, 91, 92, 93, 105, 106, 107, 123, 125, 139]",64,252,0.8669173121452332,0.8757765889167786,-0.00885927677154541
144,4,boundary_removal,random,1,17,"[83, 59, 27, 133, 38, 107, 60, 124, 73, 4, 19, 108, 123, 116, 75, 125, 21]",64,252,0.8669173121452332,0.8715841174125671,-0.004666805267333984
144,4,boundary_removal,random,2,17,"[139, 50, 70, 15, 90, 36, 13, 132, 114, 43, 16, 31, 94, 22, 110, 134, 21]",64,252,0.8669173121452332,0.8674141764640808,-0.0004968643188476562
144,4,boundary_removal,random,3,17,"[100, 135, 70, 78, 45, 43, 34, 103, 73, 77, 81, 35, 74, 37, 134, 46, 21]",64,252,0.8669173121452332,0.8623616695404053,0.004555642604827881
144,4,boundary_removal,random,4,17,"[86, 70, 138, 77, 88, 107, 15, 114, 4, 32, 57, 33, 123, 113, 63, 11, 21]",64,252,0.8669173121452332,0.8713218569755554,-0.004404544830322266
144,4,boundary_removal,random,5,17,"[69, 137, 50, 121, 78, 71, 107, 13, 106, 93, 19, 120, 31, 22, 75, 122, 18]",64,252,0.8669173121452332,0.87045818567276,-0.0035408735275268555
144,4,boundary_removal,random,6,17,"[48, 136, 89, 12, 7, 38, 101, 93, 62, 45, 9, 109, 108, 22, 134, 46, 21]",64,252,0.8669173121452332,0.8831526637077332,-0.0162353515625
144,4,boundary_removal,random,7,17,"[44, 51, 104, 132, 78, 43, 97, 130, 13, 60, 81, 94, 123, 37, 125, 46, 92]",64,252,0.8669173121452332,0.8637198805809021,0.0031974315643310547
144,4,boundary_removal,random,8,17,"[0, 55, 136, 103, 12, 43, 32, 90, 7, 127, 64, 16, 19, 40, 14, 63, 21]",64,252,0.8669173121452332,0.8811176419258118,-0.014200329780578613
144,4,boundary_removal,random,9,17,"[44, 49, 69, 77, 114, 88, 20, 111, 133, 71, 9, 57, 109, 22, 11, 58, 92]",64,252,0.8669173121452332,0.8701879382133484,-0.0032706260681152344
144,4,boundary_removal,random,10,17,"[89, 61, 42, 97, 60, 106, 78, 127, 13, 12, 31, 94, 109, 37, 122, 110, 92]",64,252,0.8669173121452332,0.8587941527366638,0.008123159408569336
144,4,boundary_removal,random,11,17,"[67, 66, 138, 107, 71, 20, 124, 73, 114, 101, 108, 31, 129, 37, 115, 46, 98]",64,252,0.8669173121452332,0.8643932938575745,0.0025240182876586914
144,4,boundary_removal,random,12,17,"[67, 82, 48, 114, 73, 56, 121, 106, 88, 7, 109, 31, 95, 113, 128, 115, 98]",64,252,0.8669173121452332,0.8743433356285095,-0.007426023483276367
144,4,boundary_removal,random,13,17,"[44, 70, 51, 130, 62, 20, 38, 93, 133, 34, 81, 95, 126, 113, 75, 11, 21]",64,252,0.8669173121452332,0.8690510392189026,-0.0021337270736694336
144,4,boundary_removal,random,14,17,"[25, 100, 136, 45, 12, 60, 4, 15, 71, 43, 123, 9, 120, 116, 63, 134, 92]",64,252,0.8669173121452332,0.8603126406669617,0.006604671478271484
144,4,boundary_removal,random,15,17,"[67, 49, 87, 34, 77, 78, 124, 54, 43, 62, 129, 123, 91, 113, 46, 128, 80]",64,252,0.8669173121452332,0.8816819787025452,-0.014764666557312012
144,4,boundary_removal,random,16,17,"[67, 59, 104, 32, 54, 56, 71, 133, 79, 124, 33, 19, 16, 113, 58, 115, 80]",64,252,0.8669173121452332,0.8794004917144775,-0.012483179569244385
144,4,boundary_removal,random,17,17,"[59, 102, 84, 73, 54, 124, 88, 43, 78, 60, 33, 47, 95, 37, 14, 23, 98]",64,252,0.8669173121452332,0.8693354725837708,-0.0024181604385375977
144,4,boundary_removal,random,18,17,"[66, 104, 53, 13, 101, 111, 97, 88, 132, 121, 109, 35, 64, 40, 75, 110, 92]",64,252,0.8669173121452332,0.8727725148200989,-0.005855202674865723
144,4,boundary_removal,random,19,17,"[89, 140, 53, 15, 90, 105, 132, 127, 7, 78, 94, 95, 57, 22, 115, 134, 21]",64,252,0.8669173121452332,0.8812251687049866,-0.014307856559753418
144,4,boundary_removal,random,20,17,"[10, 2, 68, 79, 13, 90, 127, 20, 7, 54, 9, 64, 126, 22, 14, 115, 80]",64,252,0.8669173121452332,0.88540118932724,-0.018483877182006836
151,0,node_removal,target,0,2,"[8, 16]",62,272,0.6382074952125549,0.6776772141456604,-0.03946971893310547
151,0,node_removal,random,1,2,"[1, 7]",62,270,0.6382074952125549,0.6512311100959778,-0.013023614883422852
151,0,node_removal,random,2,2,"[15, 39]",62,270,0.6382074952125549,0.632239818572998,0.005967676639556885
151,0,node_removal,random,3,2,"[42, 37]",62,270,0.6382074952125549,0.6331536173820496,0.005053877830505371
151,0,node_removal,random,4,2,"[26, 63]",62,270,0.6382074952125549,0.6574575304985046,-0.019250035285949707
151,0,node_removal,random,5,2,"[45, 35]",62,270,0.6382074952125549,0.6409278512001038,-0.002720355987548828
151,0,node_removal,random,6,2,"[21, 18]",62,270,0.6382074952125549,0.6268789172172546,0.011328577995300293
151,0,node_removal,random,7,2,"[21, 16]",62,270,0.6382074952125549,0.6645267605781555,-0.026319265365600586
151,0,node_removal,random,8,2,"[21, 37]",62,270,0.6382074952125549,0.6284635663032532,0.009743928909301758
151,0,node_removal,random,9,2,"[45, 42]",62,270,0.6382074952125549,0.6461131572723389,-0.007905662059783936
151,0,node_removal,random,10,2,"[3, 20]",62,270,0.6382074952125549,0.5858023762702942,0.05240511894226074
151,0,node_removal,random,11,2,"[19, 32]",62,270,0.6382074952125549,0.6340305209159851,0.004176974296569824
151,0,node_removal,random,12,2,"[63, 23]",62,270,0.6382074952125549,0.6650307774543762,-0.02682328224182129
151,0,node_removal,random,13,2,"[58, 32]",62,270,0.6382074952125549,0.6436177492141724,-0.005410254001617432
151,0,node_removal,random,14,2,"[27, 18]",62,270,0.6382074952125549,0.6091235280036926,0.029083967208862305
151,0,node_removal,random,15,2,"[8, 26]",62,270,0.6382074952125549,0.6704139709472656,-0.03220647573471069
151,0,node_removal,random,16,2,"[15, 8]",62,270,0.6382074952125549,0.6647999882698059,-0.026592493057250977
151,0,node_removal,random,17,2,"[8, 35]",62,270,0.6382074952125549,0.6487962603569031,-0.010588765144348145
151,0,node_removal,random,18,2,"[42, 61]",62,270,0.6382074952125549,0.6296407580375671,0.008566737174987793
151,0,node_removal,random,19,2,"[3, 35]",62,270,0.6382074952125549,0.604447603225708,0.033759891986846924
151,0,node_removal,random,20,2,"[44, 34]",62,270,0.6382074952125549,0.637892484664917,0.00031501054763793945
151,0,boundary_removal,target,0,6,"[2, 5, 26, 29, 43, 44]",64,274,0.6382074952125549,0.6272794604301453,0.010928034782409668
151,0,boundary_removal,random,1,6,"[70, 50, 45, 26, 5, 3]",64,274,0.6382074952125549,0.6345698833465576,0.0036376118659973145
151,0,boundary_removal,random,2,6,"[72, 82, 93, 26, 5, 3]",64,274,0.6382074952125549,0.6397611498832703,-0.001553654670715332
151,0,boundary_removal,random,3,6,"[85, 44, 38, 6, 5, 3]",64,274,0.6382074952125549,0.6524041295051575,-0.014196634292602539
151,0,boundary_removal,random,4,6,"[25, 0, 121, 26, 5, 29]",64,274,0.6382074952125549,0.6457960605621338,-0.007588565349578857
151,0,boundary_removal,random,5,6,"[59, 69, 34, 26, 5, 3]",64,274,0.6382074952125549,0.6467922329902649,-0.008584737777709961
151,0,boundary_removal,random,6,6,"[55, 137, 73, 26, 5, 29]",64,274,0.6382074952125549,0.6350066661834717,0.003200829029083252
151,0,boundary_removal,random,7,6,"[48, 89, 114, 6, 5, 3]",64,274,0.6382074952125549,0.6519051790237427,-0.013697683811187744
151,0,boundary_removal,random,8,6,"[137, 49, 101, 26, 5, 29]",64,274,0.6382074952125549,0.6416639089584351,-0.003456413745880127
151,0,boundary_removal,random,9,6,"[2, 141, 15, 26, 5, 29]",64,274,0.6382074952125549,0.6396095752716064,-0.0014020800590515137
151,0,boundary_removal,random,10,6,"[69, 135, 106, 26, 5, 29]",64,274,0.6382074952125549,0.6464643478393555,-0.008256852626800537
151,0,boundary_removal,random,11,6,"[137, 102, 88, 26, 5, 29]",64,274,0.6382074952125549,0.6510282754898071,-0.012820780277252197
151,0,boundary_removal,random,12,6,"[136, 53, 88, 6, 5, 3]",64,274,0.6382074952125549,0.6508158445358276,-0.012608349323272705
151,0,boundary_removal,random,13,6,"[69, 55, 114, 26, 5, 29]",64,274,0.6382074952125549,0.6446335315704346,-0.006426036357879639
151,0,boundary_removal,random,14,6,"[61, 86, 20, 26, 5, 29]",64,274,0.6382074952125549,0.6424617171287537,-0.0042542219161987305
151,0,boundary_removal,random,15,6,"[69, 135, 88, 26, 5, 3]",64,274,0.6382074952125549,0.6468408703804016,-0.00863337516784668
151,0,boundary_removal,random,16,6,"[2, 55, 12, 26, 5, 3]",64,274,0.6382074952125549,0.6371464729309082,0.0010610222816467285
151,0,boundary_removal,random,17,6,"[141, 135, 79, 6, 5, 29]",64,274,0.6382074952125549,0.6469162702560425,-0.008708775043487549
151,0,boundary_removal,random,18,6,"[76, 83, 43, 6, 5, 3]",64,274,0.6382074952125549,0.6343225240707397,0.0038849711418151855
151,0,boundary_removal,random,19,6,"[50, 141, 130, 26, 5, 3]",64,274,0.6382074952125549,0.6406911015510559,-0.0024836063385009766
151,0,boundary_removal,random,20,6,"[48, 44, 105, 6, 5, 29]",64,274,0.6382074952125549,0.6491960883140564,-0.010988593101501465
151,1,node_removal,target,0,4,"[49, 50, 57, 58]",60,258,0.6382074952125549,0.5895918011665344,0.04861569404602051
151,1,node_removal,random,1,4,"[24, 56, 33, 14]",60,248,0.6382074952125549,0.6769511103630066,-0.03874361515045166
151,1,node_removal,random,2,4,"[57, 23, 40, 14]",60,250,0.6382074952125549,0.6793521046638489,-0.041144609451293945
151,1,node_removal,random,3,4,"[58, 7, 11, 49]",60,250,0.6382074952125549,0.5920276045799255,0.046179890632629395
151,1,node_removal,random,4,4,"[61, 20, 12, 49]",60,250,0.6382074952125549,0.5968383550643921,0.04136914014816284
151,1,node_removal,random,5,4,"[0, 37, 11, 49]",60,248,0.6382074952125549,0.5911625623703003,0.04704493284225464
151,1,node_removal,random,6,4,"[44, 26, 30, 49]",60,248,0.6382074952125549,0.6350730061531067,0.003134489059448242
151,1,node_removal,random,7,4,"[60, 24, 33, 49]",60,248,0.6382074952125549,0.6385359168052673,-0.00032842159271240234
151,1,node_removal,random,8,4,"[3, 21, 46, 14]",60,248,0.6382074952125549,0.5993717312812805,0.038835763931274414
151,1,node_removal,random,9,4,"[62, 59, 30, 14]",60,248,0.6382074952125549,0.6297831535339355,0.008424341678619385
151,1,node_removal,random,10,4,"[3, 8, 53, 14]",60,248,0.6382074952125549,0.6479387879371643,-0.009731292724609375
151,1,node_removal,random,11,4,"[43, 29, 46, 49]",60,248,0.6382074952125549,0.6017051339149475,0.03650236129760742
151,1,node_removal,random,12,4,"[42, 57, 2, 14]",60,248,0.6382074952125549,0.6446167826652527,-0.006409287452697754
151,1,node_removal,random,13,4,"[55, 24, 13, 49]",60,248,0.6382074952125549,0.6497342586517334,-0.011526763439178467
151,1,node_removal,random,14,4,"[35, 61, 12, 49]",60,248,0.6382074952125549,0.6139224171638489,0.024285078048706055
151,1,node_removal,random,15,4,"[56, 31, 2, 49]",60,250,0.6382074952125549,0.6140211224555969,0.024186372756958008
151,1,node_removal,random,16,4,"[27, 31, 51, 14]",60,248,0.6382074952125549,0.5608233213424683,0.07738417387008667
151,1,node_removal,random,17,4,"[21, 15, 6, 49]",60,250,0.6382074952125549,0.6327158212661743,0.005491673946380615
151,1,node_removal,random,18,4,"[58, 55, 5, 14]",60,248,0.6382074952125549,0.6409292221069336,-0.002721726894378662
151,1,node_removal,random,19,4,"[24, 34, 10, 14]",60,248,0.6382074952125549,0.6207972168922424,0.0174102783203125
151,1,node_removal,random,20,4,"[34, 23, 6, 14]",60,252,0.6382074952125549,0.6728602051734924,-0.0346527099609375
151,1,boundary_removal,target,0,9,"[99, 101, 113, 115, 117, 120, 122, 136, 138]",64,268,0.6382074952125549,0.6368275284767151,0.0013799667358398438
151,1,boundary_removal,random,1,9,"[100, 87, 77, 19, 116, 40, 75, 110, 117]",64,268,0.6382074952125549,0.6265824437141418,0.011625051498413086
151,1,boundary_removal,random,2,9,"[102, 25, 15, 108, 113, 40, 122, 63, 41]",64,268,0.6382074952125549,0.6500341296195984,-0.011826634407043457
151,1,boundary_removal,random,3,9,"[69, 67, 133, 108, 37, 40, 11, 131, 119]",64,268,0.6382074952125549,0.6405660510063171,-0.002358555793762207
151,1,boundary_removal,random,4,9,"[140, 53, 132, 35, 99, 37, 131, 11, 41]",64,268,0.6382074952125549,0.6485734581947327,-0.010365962982177734
151,1,boundary_removal,random,5,9,"[89, 2, 105, 35, 116, 37, 14, 75, 24]",64,268,0.6382074952125549,0.6323193311691284,0.005888164043426514
151,1,boundary_removal,random,6,9,"[100, 142, 101, 74, 99, 116, 63, 115, 24]",64,268,0.6382074952125549,0.6277456879615784,0.010461807250976562
151,1,boundary_removal,random,7,9,"[65, 87, 43, 129, 116, 22, 128, 63, 117]",64,268,0.6382074952125549,0.617575466632843,0.020632028579711914
151,1,boundary_removal,random,8,9,"[104, 87, 60, 33, 22, 99, 128, 14, 119]",64,268,0.6382074952125549,0.628304123878479,0.009903371334075928
151,1,boundary_removal,random,9,9,"[138, 27, 56, 123, 22, 116, 134, 131, 41]",64,268,0.6382074952125549,0.6582522988319397,-0.020044803619384766
151,1,boundary_removal,random,10,9,"[84, 65, 38, 47, 116, 99, 46, 110, 41]",64,268,0.6382074952125549,0.6400570273399353,-0.001849532127380371
151,1,boundary_removal,random,11,9,"[86, 85, 60, 35, 40, 37, 115, 75, 41]",64,268,0.6382074952125549,0.6438584923744202,-0.005650997161865234
151,1,boundary_removal,random,12,9,"[139, 100, 132, 64, 22, 37, 63, 58, 117]",64,268,0.6382074952125549,0.6270297765731812,0.01117771863937378
151,1,boundary_removal,random,13,9,"[25, 44, 45, 129, 37, 116, 11, 134, 24]",64,268,0.6382074952125549,0.6237408518791199,0.014466643333435059
151,1,boundary_removal,random,14,9,"[142, 68, 106, 64, 116, 40, 23, 125, 24]",64,268,0.6382074952125549,0.6288121342658997,0.009395360946655273
151,1,boundary_removal,random,15,9,"[44, 82, 133, 123, 113, 116, 75, 131, 41]",64,268,0.6382074952125549,0.6350269317626953,0.003180563449859619
151,1,boundary_removal,random,16,9,"[135, 142, 114, 33, 113, 40, 115, 134, 117]",64,268,0.6382074952125549,0.6496269106864929,-0.011419415473937988
151,1,boundary_removal,random,17,9,"[70, 136, 73, 57, 40, 37, 128, 23, 119]",64,268,0.6382074952125549,0.6343099474906921,0.003897547721862793
151,1,boundary_removal,random,18,9,"[136, 66, 130, 33, 99, 22, 58, 134, 24]",64,268,0.6382074952125549,0.6336991190910339,0.004508376121520996
151,1,boundary_removal,random,19,9,"[59, 72, 56, 81, 22, 40, 134, 131, 119]",64,268,0.6382074952125549,0.6519970297813416,-0.013789534568786621
151,1,boundary_removal,random,20,9,"[2, 104, 56, 129, 99, 113, 75, 58, 24]",64,268,0.6382074952125549,0.6307475566864014,0.0074599385261535645
151,2,node_removal,target,0,44,"[0, 1, 2, 5, 6, 7, 9, 13, 14, 15, 17, 21, 22, 23, 24, 25, 26, 28, 29, 31, 32, 33, 34, 35, 36, 37, 40, 41, 42, 43, 44, 45, 46, 47, 51, 52, 53, 54, 55, 59, 60, 61, 62, 63]",20,54,0.6382074952125549,0.8865813612937927,-0.2483738660812378
151,2,node_removal,random,1,44,"[16, 57, 19, 23, 56, 3, 8, 55, 34, 60, 20, 63, 59, 44, 58, 62, 61, 0, 4, 26, 28, 42, 1, 35, 43, 7, 40, 6, 41, 38, 22, 46, 17, 11, 25, 10, 51, 53, 12, 30, 48, 33, 49, 9]",20,22,0.6382074952125549,0.5533201098442078,0.08488738536834717
151,2,node_removal,random,2,44,"[29, 15, 63, 61, 32, 26, 20, 34, 21, 43, 19, 56, 44, 37, 28, 58, 45, 1, 31, 4, 0, 59, 62, 16, 39, 7, 13, 47, 10, 17, 50, 53, 25, 46, 11, 40, 54, 2, 33, 12, 30, 38, 14, 9]",20,26,0.6382074952125549,0.6480341553688049,-0.00982666015625
151,2,node_removal,random,3,44,"[59, 29, 44, 8, 23, 28, 1, 63, 3, 42, 57, 37, 60, 0, 35, 18, 21, 34, 39, 55, 7, 26, 62, 58, 61, 45, 40, 6, 10, 50, 48, 22, 2, 51, 17, 41, 25, 12, 46, 47, 53, 54, 14, 9]",20,24,0.6382074952125549,0.8200954794883728,-0.18188798427581787
151,2,node_removal,random,4,44,"[56, 32, 36, 18, 19, 39, 42, 1, 61, 62, 20, 58, 31, 45, 29, 57, 44, 59, 27, 26, 3, 4, 28, 24, 63, 55, 13, 41, 51, 6, 17, 40, 12, 46, 25, 54, 53, 11, 10, 47, 52, 38, 49, 9]",20,32,0.6382074952125549,0.3772370517253876,0.26097044348716736
151,2,node_removal,random,5,44,"[28, 35, 37, 27, 1, 42, 45, 34, 57, 31, 23, 56, 18, 16, 21, 4, 15, 29, 63, 19, 7, 60, 0, 32, 59, 61, 53, 12, 46, 25, 13, 48, 38, 40, 41, 5, 10, 22, 47, 11, 33, 52, 14, 9]",20,24,0.6382074952125549,0.9054905772209167,-0.2672830820083618
151,2,node_removal,random,6,44,"[60, 26, 4, 62, 1, 35, 43, 58, 28, 42, 24, 19, 3, 29, 36, 7, 18, 15, 34, 0, 55, 59, 44, 31, 27, 45, 10, 30, 12, 5, 52, 2, 25, 50, 11, 46, 13, 53, 48, 22, 38, 33, 14, 9]",20,26,0.6382074952125549,0.4037751853466034,0.23443230986595154
151,2,node_removal,random,7,44,"[36, 20, 16, 35, 39, 27, 7, 37, 34, 59, 0, 26, 29, 8, 28, 55, 62, 44, 45, 19, 3, 57, 32, 23, 60, 43, 5, 30, 33, 38, 10, 25, 53, 46, 22, 47, 40, 11, 13, 12, 41, 6, 14, 9]",20,28,0.6382074952125549,0.7460235953330994,-0.10781610012054443
151,2,node_removal,random,8,44,"[19, 43, 26, 31, 16, 8, 36, 27, 57, 61, 15, 56, 55, 3, 0, 35, 20, 62, 32, 44, 42, 29, 23, 18, 7, 39, 48, 5, 10, 17, 38, 2, 11, 30, 13, 46, 54, 25, 52, 51, 12, 47, 14, 9]",20,28,0.6382074952125549,0.498039573431015,0.14016792178153992
151,2,node_removal,random,9,44,"[55, 37, 7, 36, 61, 19, 45, 42, 8, 39, 18, 28, 63, 15, 4, 0, 1, 59, 23, 26, 29, 56, 21, 20, 34, 62, 38, 40, 2, 48, 12, 50, 5, 51, 30, 47, 11, 46, 52, 13, 33, 25, 49, 9]",20,26,0.6382074952125549,0.7385354042053223,-0.10032790899276733
151,2,node_removal,random,10,44,"[60, 0, 15, 55, 20, 1, 45, 24, 3, 34, 16, 29, 8, 37, 58, 21, 36, 23, 4, 7, 62, 35, 26, 59, 27, 42, 47, 50, 22, 25, 2, 46, 30, 51, 41, 13, 12, 33, 53, 48, 52, 40, 14, 9]",20,26,0.6382074952125549,0.7541060447692871,-0.11589854955673218
151,2,node_removal,random,11,44,"[4, 39, 31, 16, 56, 18, 0, 58, 63, 26, 45, 20, 19, 37, 28, 32, 3, 36, 29, 1, 61, 21, 15, 34, 60, 8, 22, 25, 46, 52, 41, 12, 13, 38, 6, 40, 54, 53, 17, 5, 48, 10, 14, 9]",20,24,0.6382074952125549,0.9205593466758728,-0.28235185146331787
151,2,node_removal,random,12,44,"[8, 20, 35, 15, 55, 34, 42, 36, 3, 19, 60, 43, 29, 18, 0, 58, 59, 32, 4, 62, 44, 56, 45, 24, 21, 7, 33, 17, 5, 11, 25, 52, 48, 54, 40, 12, 46, 50, 13, 2, 22, 30, 49, 9]",20,24,0.6382074952125549,0.5303764343261719,0.10783106088638306
151,2,node_removal,random,13,44,"[34, 4, 29, 37, 24, 32, 55, 58, 56, 60, 7, 0, 45, 3, 42, 8, 19, 62, 21, 44, 26, 36, 43, 57, 63, 20, 53, 2, 52, 38, 5, 12, 50, 40, 10, 13, 30, 25, 6, 41, 54, 11, 14, 9]",20,26,0.6382074952125549,0.7340880036354065,-0.09588050842285156
151,2,node_removal,random,14,44,"[60, 16, 24, 36, 61, 43, 37, 58, 35, 55, 63, 56, 7, 19, 18, 8, 3, 39, 59, 4, 21, 62, 42, 0, 29, 45, 38, 47, 48, 54, 40, 53, 30, 46, 12, 22, 17, 11, 33, 10, 6, 52, 14, 9]",20,28,0.6382074952125549,0.5400492548942566,0.09815824031829834
151,2,node_removal,random,15,44,"[62, 31, 36, 37, 63, 27, 35, 20, 45, 8, 21, 42, 0, 3, 4, 15, 18, 57, 16, 34, 7, 60, 32, 55, 61, 24, 2, 38, 52, 54, 25, 12, 5, 47, 51, 48, 50, 10, 11, 30, 22, 41, 49, 9]",20,18,0.6382074952125549,0.4226135313510895,0.21559396386146545
151,2,node_removal,random,16,44,"[43, 42, 18, 3, 31, 28, 21, 1, 62, 24, 60, 20, 35, 59, 63, 57, 19, 23, 37, 27, 4, 44, 58, 29, 15, 45, 17, 52, 25, 33, 38, 12, 51, 30, 40, 48, 41, 13, 54, 47, 10, 22, 14, 9]",20,22,0.6382074952125549,0.6343672275543213,0.0038402676582336426
151,2,node_removal,random,17,44,"[0, 7, 55, 45, 16, 26, 44, 3, 1, 57, 63, 21, 15, 31, 32, 43, 42, 34, 23, 56, 39, 61, 62, 4, 29, 20, 38, 25, 54, 30, 11, 40, 48, 51, 52, 41, 50, 6, 53, 17, 12, 47, 14, 9]",20,26,0.6382074952125549,0.6814361214637756,-0.0432286262512207
151,2,node_removal,random,18,44,"[36, 60, 55, 16, 1, 20, 35, 29, 24, 19, 62, 26, 58, 57, 3, 61, 63, 59, 23, 15, 0, 7, 4, 44, 37, 32, 47, 41, 46, 50, 54, 6, 22, 48, 25, 38, 12, 5, 11, 13, 30, 51, 49, 9]",20,24,0.6382074952125549,0.6547264456748962,-0.01651895046234131
151,2,node_removal,random,19,44,"[36, 21, 37, 59, 0, 32, 7, 39, 56, 16, 3, 43, 31, 60, 45, 34, 63, 55, 20, 4, 42, 29, 61, 57, 24, 27, 52, 11, 48, 40, 50, 2, 12, 22, 53, 46, 33, 38, 13, 6, 10, 25, 14, 9]",20,16,0.6382074952125549,0.3510669767856598,0.28714051842689514
151,2,node_removal,random,20,44,"[29, 20, 43, 37, 35, 44, 28, 34, 42, 63, 24, 7, 59, 19, 60, 61, 32, 1, 15, 16, 0, 4, 58, 8, 23, 18, 17, 54, 46, 6, 33, 30, 51, 2, 40, 5, 10, 41, 13, 52, 22, 25, 14, 9]",20,34,0.6382074952125549,0.8751233220100403,-0.23691582679748535
151,2,boundary_removal,target,0,35,"[2, 5, 7, 9, 13, 18, 26, 28, 29, 35, 43, 44, 45, 49, 52, 53, 57, 65, 67, 68, 71, 73, 76, 88, 91, 92, 93, 95, 96, 98, 99, 101, 120, 122, 138]",64,216,0.6382074952125549,0.5940171480178833,0.04419034719467163
151,2,boundary_removal,random,1,35,"[2, 0, 10, 53, 135, 48, 86, 42, 140, 69, 71, 114, 60, 36, 32, 7, 15, 133, 90, 26, 57, 19, 123, 16, 91, 9, 99, 30, 5, 23, 29, 80, 18, 92, 1]",64,216,0.6382074952125549,0.6226925849914551,0.015514910221099854
151,2,boundary_removal,random,2,35,"[25, 51, 49, 70, 66, 137, 69, 142, 86, 82, 77, 97, 4, 79, 103, 127, 101, 114, 124, 6, 16, 94, 33, 108, 9, 57, 113, 28, 5, 122, 29, 80, 21, 18, 96]",64,216,0.6382074952125549,0.615061342716217,0.02314615249633789
151,2,boundary_removal,random,3,35,"[55, 25, 76, 82, 102, 84, 83, 69, 59, 51, 15, 62, 34, 93, 36, 71, 45, 43, 7, 26, 57, 16, 95, 129, 74, 91, 37, 30, 5, 110, 3, 80, 21, 98, 17]",64,216,0.6382074952125549,0.619415819644928,0.018791675567626953
151,2,boundary_removal,random,4,35,"[69, 82, 61, 137, 141, 51, 48, 25, 104, 70, 132, 88, 79, 15, 71, 127, 101, 78, 121, 26, 64, 74, 81, 31, 9, 35, 99, 28, 5, 125, 29, 21, 92, 80, 96]",64,216,0.6382074952125549,0.640454113483429,-0.0022466182708740234
151,2,boundary_removal,random,5,35,"[137, 104, 141, 25, 51, 68, 142, 67, 136, 65, 45, 77, 73, 133, 106, 78, 103, 34, 79, 26, 74, 35, 123, 91, 47, 64, 37, 28, 5, 125, 29, 98, 18, 80, 96]",64,216,0.6382074952125549,0.6096183061599731,0.028589189052581787
151,2,boundary_removal,random,6,35,"[104, 48, 49, 42, 50, 10, 135, 44, 68, 84, 4, 101, 36, 133, 114, 15, 79, 106, 77, 26, 108, 109, 35, 9, 120, 47, 116, 30, 5, 58, 29, 18, 21, 98, 112]",64,216,0.6382074952125549,0.6427241563796997,-0.004516661167144775
151,2,boundary_removal,random,7,35,"[51, 72, 53, 85, 104, 136, 140, 89, 142, 139, 79, 77, 121, 101, 36, 34, 103, 88, 73, 26, 108, 35, 81, 47, 95, 31, 40, 30, 5, 75, 29, 21, 80, 98, 17]",64,216,0.6382074952125549,0.6363869905471802,0.0018205046653747559
151,2,boundary_removal,random,8,35,"[100, 51, 50, 53, 70, 142, 42, 82, 69, 25, 13, 34, 127, 73, 43, 78, 101, 130, 124, 6, 16, 47, 64, 120, 74, 31, 99, 30, 5, 23, 29, 21, 98, 80, 112]",64,216,0.6382074952125549,0.5987328886985779,0.03947460651397705
151,2,boundary_removal,random,9,35,"[50, 66, 135, 140, 136, 137, 87, 61, 86, 2, 15, 43, 71, 93, 73, 114, 77, 101, 133, 26, 123, 120, 31, 19, 57, 109, 40, 28, 5, 23, 29, 18, 92, 21, 17]",64,216,0.6382074952125549,0.6042224764823914,0.033985018730163574
151,2,boundary_removal,random,10,35,"[10, 69, 70, 44, 66, 139, 68, 51, 27, 61, 106, 133, 78, 93, 71, 90, 130, 60, 103, 6, 74, 16, 33, 123, 109, 91, 99, 30, 5, 58, 3, 18, 92, 80, 17]",64,216,0.6382074952125549,0.6573379635810852,-0.019130468368530273
151,2,boundary_removal,random,11,35,"[137, 89, 68, 136, 66, 55, 27, 52, 142, 70, 79, 78, 54, 130, 106, 133, 121, 111, 93, 26, 9, 108, 95, 16, 120, 123, 116, 28, 5, 11, 29, 80, 18, 98, 96]",64,216,0.6382074952125549,0.6467875838279724,-0.00858008861541748
151,2,boundary_removal,random,12,35,"[87, 61, 72, 104, 102, 76, 89, 137, 59, 49, 103, 121, 106, 97, 101, 78, 7, 114, 133, 6, 57, 126, 95, 129, 74, 64, 116, 30, 5, 122, 3, 92, 21, 18, 1]",64,216,0.6382074952125549,0.6364889144897461,0.0017185807228088379
151,2,boundary_removal,random,13,35,"[2, 142, 76, 67, 70, 83, 136, 104, 135, 82, 132, 133, 79, 56, 105, 54, 34, 77, 78, 6, 95, 33, 123, 91, 16, 47, 22, 28, 5, 115, 3, 80, 21, 92, 1]",64,216,0.6382074952125549,0.621270477771759,0.0169370174407959
151,2,boundary_removal,random,14,35,"[72, 66, 2, 65, 104, 82, 68, 70, 100, 0, 106, 124, 71, 132, 12, 7, 114, 20, 127, 26, 123, 74, 109, 64, 126, 95, 113, 30, 5, 11, 3, 92, 80, 18, 17]",64,216,0.6382074952125549,0.6294553875923157,0.008752107620239258
151,2,boundary_removal,random,15,35,"[42, 138, 68, 100, 83, 2, 139, 85, 136, 86, 132, 106, 114, 73, 45, 93, 124, 90, 62, 26, 9, 33, 126, 16, 95, 19, 40, 28, 5, 131, 3, 18, 98, 92, 96]",64,216,0.6382074952125549,0.6165785789489746,0.021628916263580322
151,2,boundary_removal,random,16,35,"[141, 137, 140, 70, 89, 59, 66, 27, 104, 76, 79, 4, 127, 60, 38, 12, 124, 132, 107, 26, 95, 94, 129, 16, 35, 123, 37, 28, 5, 46, 3, 21, 18, 98, 1]",64,216,0.6382074952125549,0.6417993307113647,-0.0035918354988098145
151,2,boundary_removal,random,17,35,"[102, 70, 139, 76, 49, 2, 136, 52, 51, 53, 105, 132, 71, 124, 20, 12, 15, 32, 133, 26, 129, 123, 16, 31, 108, 33, 37, 30, 5, 11, 3, 21, 98, 92, 96]",64,216,0.6382074952125549,0.6206886172294617,0.01751887798309326
151,2,boundary_removal,random,18,35,"[61, 100, 52, 2, 142, 139, 72, 25, 136, 27, 127, 105, 79, 15, 54, 12, 111, 124, 56, 6, 31, 16, 81, 123, 129, 57, 116, 28, 5, 128, 3, 80, 98, 92, 1]",64,216,0.6382074952125549,0.6202389001846313,0.017968595027923584
151,2,boundary_removal,random,19,35,"[67, 136, 86, 65, 27, 68, 52, 89, 55, 142, 130, 133, 101, 97, 7, 77, 4, 93, 45, 6, 123, 108, 57, 9, 129, 47, 99, 30, 5, 63, 29, 80, 18, 98, 1]",64,216,0.6382074952125549,0.6105785965919495,0.02762889862060547
151,2,boundary_removal,random,20,35,"[83, 136, 52, 86, 48, 72, 85, 66, 51, 42, 43, 132, 124, 105, 60, 78, 127, 121, 34, 26, 81, 16, 95, 91, 94, 33, 116, 30, 5, 58, 3, 18, 80, 92, 112]",64,216,0.6382074952125549,0.6105478405952454,0.02765965461730957
151,3,node_removal,target,0,12,"[3, 4, 10, 11, 12, 18, 19, 20, 27, 30, 38, 39]",52,212,0.6382074952125549,0.38440582156181335,0.2538016736507416
151,3,node_removal,random,1,12,"[37, 39, 28, 19, 24, 58, 20, 38, 33, 48, 13, 46]",52,190,0.6382074952125549,0.618674099445343,0.019533395767211914
151,3,node_removal,random,2,12,"[18, 62, 32, 43, 19, 20, 7, 13, 12, 53, 2, 25]",52,192,0.6382074952125549,0.6604861617088318,-0.022278666496276855
151,3,node_removal,random,3,12,"[59, 28, 56, 3, 55, 34, 62, 51, 46, 54, 40, 38]",52,194,0.6382074952125549,0.5840806365013123,0.054126858711242676
151,3,node_removal,random,4,12,"[58, 61, 8, 18, 15, 34, 24, 13, 10, 47, 38, 22]",52,184,0.6382074952125549,0.6779624819755554,-0.03975498676300049
151,3,node_removal,random,5,12,"[37, 3, 1, 7, 63, 39, 35, 51, 50, 22, 52, 13]",52,184,0.6382074952125549,0.5673844218254089,0.070823073387146
151,3,node_removal,random,6,12,"[57, 58, 39, 37, 56, 42, 60, 46, 51, 50, 12, 11]",52,194,0.6382074952125549,0.4986635744571686,0.13954392075538635
151,3,node_removal,random,7,12,"[18, 36, 56, 37, 44, 26, 7, 54, 12, 53, 5, 13]",52,196,0.6382074952125549,0.7478418946266174,-0.1096343994140625
151,3,node_removal,random,8,12,"[15, 55, 43, 42, 37, 1, 29, 5, 10, 2, 30, 53]",52,190,0.6382074952125549,0.6087002754211426,0.029507219791412354
151,3,node_removal,random,9,12,"[61, 39, 23, 0, 32, 16, 26, 30, 54, 5, 53, 17]",52,188,0.6382074952125549,0.7129907608032227,-0.07478326559066772
151,3,node_removal,random,10,12,"[34, 32, 36, 15, 18, 3, 60, 53, 52, 2, 6, 22]",52,188,0.6382074952125549,0.667016327381134,-0.0288088321685791
151,3,node_removal,random,11,12,"[62, 8, 32, 7, 16, 21, 19, 48, 38, 11, 10, 50]",52,186,0.6382074952125549,0.5859231352806091,0.0522843599319458
151,3,node_removal,random,12,12,"[8, 36, 61, 39, 63, 0, 62, 5, 13, 51, 2, 6]",52,194,0.6382074952125549,0.6925520300865173,-0.0543445348739624
151,3,node_removal,random,13,12,"[45, 28, 61, 21, 16, 24, 56, 13, 30, 41, 25, 46]",52,188,0.6382074952125549,0.729948103427887,-0.09174060821533203
151,3,node_removal,random,14,12,"[57, 27, 32, 36, 26, 23, 29, 53, 2, 12, 46, 33]",52,184,0.6382074952125549,0.6555929780006409,-0.017385482788085938
151,3,node_removal,random,15,12,"[29, 42, 4, 0, 45, 39, 31, 52, 46, 30, 54, 10]",52,192,0.6382074952125549,0.46224161982536316,0.17596587538719177
151,3,node_removal,random,16,12,"[7, 0, 23, 16, 32, 4, 8, 33, 38, 46, 50, 22]",52,190,0.6382074952125549,0.6750605702400208,-0.03685307502746582
151,3,node_removal,random,17,12,"[21, 59, 15, 7, 36, 26, 16, 2, 51, 54, 17, 5]",52,188,0.6382074952125549,0.699923038482666,-0.061715543270111084
151,3,node_removal,random,18,12,"[16, 42, 58, 23, 26, 3, 34, 5, 22, 52, 12, 11]",52,192,0.6382074952125549,0.632929801940918,0.005277693271636963
151,3,node_removal,random,19,12,"[59, 61, 36, 28, 60, 20, 16, 50, 48, 51, 12, 22]",52,198,0.6382074952125549,0.632448136806488,0.0057593584060668945
151,3,node_removal,random,20,12,"[37, 55, 34, 42, 24, 35, 18, 50, 40, 12, 51, 13]",52,190,0.6382074952125549,0.5806481242179871,0.05755937099456787
151,3,boundary_removal,target,0,21,"[7, 9, 13, 18, 28, 35, 45, 49, 52, 53, 57, 65, 67, 68, 71, 73, 76, 88, 91, 92, 93]",64,244,0.6382074952125549,0.5966241359710693,0.041583359241485596
151,3,boundary_removal,random,1,21,"[52, 137, 50, 67, 140, 72, 102, 127, 78, 107, 12, 132, 32, 90, 64, 123, 126, 94, 28, 18, 21]",64,244,0.6382074952125549,0.6260740160942078,0.012133479118347168
151,3,boundary_removal,random,2,21,"[55, 44, 104, 82, 69, 61, 76, 56, 121, 114, 88, 71, 45, 13, 16, 74, 123, 109, 30, 98, 92]",64,244,0.6382074952125549,0.6389933228492737,-0.00078582763671875
151,3,boundary_removal,random,3,21,"[70, 84, 27, 55, 67, 104, 59, 88, 107, 132, 34, 78, 105, 13, 16, 74, 57, 94, 28, 98, 18]",64,244,0.6382074952125549,0.6612215042114258,-0.02301400899887085
151,3,boundary_removal,random,4,21,"[100, 69, 66, 87, 42, 76, 68, 15, 71, 12, 77, 130, 97, 88, 33, 81, 31, 74, 30, 18, 92]",64,244,0.6382074952125549,0.6074008345603943,0.030806660652160645
151,3,boundary_removal,random,5,21,"[68, 135, 70, 100, 139, 52, 66, 105, 132, 130, 127, 7, 97, 20, 108, 126, 109, 91, 28, 92, 80]",64,244,0.6382074952125549,0.5990073084831238,0.03920018672943115
151,3,boundary_removal,random,6,21,"[27, 85, 25, 76, 68, 55, 72, 106, 56, 121, 13, 88, 32, 60, 81, 120, 109, 64, 28, 80, 98]",64,244,0.6382074952125549,0.6180062294006348,0.020201265811920166
151,3,boundary_removal,random,7,21,"[82, 67, 83, 89, 139, 140, 49, 15, 34, 32, 77, 97, 79, 88, 16, 31, 64, 109, 28, 21, 92]",64,244,0.6382074952125549,0.617915689945221,0.020291805267333984
151,3,boundary_removal,random,8,21,"[50, 87, 49, 51, 137, 27, 140, 106, 4, 121, 88, 54, 105, 130, 120, 129, 31, 57, 28, 92, 18]",64,244,0.6382074952125549,0.6112714409828186,0.026936054229736328
151,3,boundary_removal,random,9,21,"[138, 102, 27, 42, 53, 0, 141, 93, 45, 111, 88, 90, 56, 43, 120, 81, 126, 31, 28, 92, 21]",64,244,0.6382074952125549,0.6448240876197815,-0.0066165924072265625
151,3,boundary_removal,random,10,21,"[70, 141, 66, 0, 68, 27, 67, 54, 101, 4, 34, 103, 90, 36, 35, 19, 31, 64, 30, 21, 92]",64,244,0.6382074952125549,0.6424604058265686,-0.004252910614013672
151,3,boundary_removal,random,11,21,"[48, 66, 49, 42, 139, 59, 69, 62, 93, 7, 88, 13, 124, 38, 47, 95, 94, 64, 30, 98, 92]",64,244,0.6382074952125549,0.6544473767280579,-0.01623988151550293
151,3,boundary_removal,random,12,21,"[142, 89, 50, 136, 141, 76, 42, 32, 133, 121, 13, 73, 90, 127, 33, 108, 126, 57, 28, 98, 80]",64,244,0.6382074952125549,0.5943841934204102,0.043823301792144775
151,3,boundary_removal,random,13,21,"[69, 61, 135, 2, 83, 140, 55, 103, 133, 105, 78, 56, 107, 38, 35, 31, 74, 57, 30, 21, 80]",64,244,0.6382074952125549,0.6471614241600037,-0.00895392894744873
151,3,boundary_removal,random,14,21,"[50, 100, 142, 68, 85, 66, 42, 4, 79, 130, 103, 133, 7, 127, 74, 108, 64, 129, 30, 18, 80]",64,244,0.6382074952125549,0.5948001146316528,0.0434073805809021
151,3,boundary_removal,random,15,21,"[55, 138, 89, 72, 42, 10, 68, 4, 15, 124, 38, 62, 114, 132, 81, 91, 33, 129, 28, 18, 98]",64,244,0.6382074952125549,0.6003431081771851,0.03786438703536987
151,3,boundary_removal,random,16,21,"[82, 141, 55, 100, 104, 52, 25, 71, 103, 45, 54, 73, 43, 127, 64, 35, 94, 120, 30, 21, 92]",64,244,0.6382074952125549,0.6094675064086914,0.028739988803863525
151,3,boundary_removal,random,17,21,"[52, 135, 83, 44, 10, 27, 55, 73, 34, 45, 36, 97, 54, 15, 126, 94, 91, 35, 28, 18, 92]",64,244,0.6382074952125549,0.6062963008880615,0.03191119432449341
151,3,boundary_removal,random,18,21,"[27, 140, 10, 70, 104, 51, 135, 101, 97, 77, 124, 34, 103, 132, 64, 74, 9, 109, 30, 98, 80]",64,244,0.6382074952125549,0.6309043169021606,0.007303178310394287
151,3,boundary_removal,random,19,21,"[86, 70, 50, 51, 85, 142, 65, 13, 88, 20, 127, 60, 54, 36, 57, 47, 91, 94, 30, 80, 18]",64,244,0.6382074952125549,0.6074882745742798,0.030719220638275146
151,3,boundary_removal,random,20,21,"[61, 76, 49, 27, 85, 65, 82, 36, 43, 105, 103, 20, 79, 107, 33, 108, 16, 47, 30, 80, 92]",64,244,0.6382074952125549,0.6190137267112732,0.01919376850128174
151,4,node_removal,target,0,2,"[48, 56]",62,270,0.6382074952125549,0.6687230467796326,-0.030515551567077637
151,4,node_removal,random,1,2,"[59, 22]",62,268,0.6382074952125549,0.6264591813087463,0.011748313903808594
151,4,node_removal,random,2,2,"[8, 38]",62,268,0.6382074952125549,0.6506383419036865,-0.012430846691131592
151,4,node_removal,random,3,2,"[7, 30]",62,268,0.6382074952125549,0.6296218037605286,0.008585691452026367
151,4,node_removal,random,4,2,"[31, 47]",62,268,0.6382074952125549,0.6282252669334412,0.00998222827911377
151,4,node_removal,random,5,2,"[15, 54]",62,268,0.6382074952125549,0.6326195001602173,0.0055879950523376465
151,4,node_removal,random,6,2,"[58, 13]",62,268,0.6382074952125549,0.656650185585022,-0.01844269037246704
151,4,node_removal,random,7,2,"[31, 47]",62,268,0.6382074952125549,0.6282252669334412,0.00998222827911377
151,4,node_removal,random,8,2,"[39, 12]",62,268,0.6382074952125549,0.6234820485115051,0.014725446701049805
151,4,node_removal,random,9,2,"[44, 10]",62,268,0.6382074952125549,0.61854487657547,0.01966261863708496
151,4,node_removal,random,10,2,"[19, 50]",62,268,0.6382074952125549,0.5920895934104919,0.04611790180206299
151,4,node_removal,random,11,2,"[1, 17]",62,268,0.6382074952125549,0.6337677836418152,0.004439711570739746
151,4,node_removal,random,12,2,"[7, 10]",62,268,0.6382074952125549,0.6137024760246277,0.024505019187927246
151,4,node_removal,random,13,2,"[27, 47]",62,268,0.6382074952125549,0.6398124098777771,-0.001604914665222168
151,4,node_removal,random,14,2,"[62, 11]",62,268,0.6382074952125549,0.6085118055343628,0.02969568967819214
151,4,node_removal,random,15,2,"[23, 17]",62,268,0.6382074952125549,0.6482148170471191,-0.010007321834564209
151,4,node_removal,random,16,2,"[0, 12]",62,268,0.6382074952125549,0.6351943612098694,0.003013134002685547
151,4,node_removal,random,17,2,"[35, 41]",62,268,0.6382074952125549,0.634479820728302,0.0037276744842529297
151,4,node_removal,random,18,2,"[18, 54]",62,268,0.6382074952125549,0.621110737323761,0.017096757888793945
151,4,node_removal,random,19,2,"[35, 13]",62,268,0.6382074952125549,0.6579256653785706,-0.019718170166015625
151,4,node_removal,random,20,2,"[1, 40]",62,268,0.6382074952125549,0.6580833792686462,-0.01987588405609131
151,4,boundary_removal,target,0,7,"[95, 96, 98, 113, 115, 117, 136]",64,272,0.6382074952125549,0.644559919834137,-0.006352424621582031
151,4,boundary_removal,random,1,7,"[89, 120, 22, 63, 41, 98, 17]",64,272,0.6382074952125549,0.6424118876457214,-0.004204392433166504
151,4,boundary_removal,random,2,7,"[2, 95, 37, 63, 41, 92, 112]",64,272,0.6382074952125549,0.6479375958442688,-0.009730100631713867
151,4,boundary_removal,random,3,7,"[137, 64, 113, 128, 24, 92, 1]",64,272,0.6382074952125549,0.6350749731063843,0.0031325221061706543
151,4,boundary_removal,random,4,7,"[72, 109, 40, 63, 41, 92, 96]",64,272,0.6382074952125549,0.6443443298339844,-0.006136834621429443
151,4,boundary_removal,random,5,7,"[135, 108, 116, 63, 117, 98, 96]",64,272,0.6382074952125549,0.6427486538887024,-0.004541158676147461
151,4,boundary_removal,random,6,7,"[135, 16, 37, 11, 119, 98, 96]",64,272,0.6382074952125549,0.6457259058952332,-0.007518410682678223
151,4,boundary_removal,random,7,7,"[137, 108, 113, 14, 117, 21, 17]",64,272,0.6382074952125549,0.6407539248466492,-0.0025464296340942383
151,4,boundary_removal,random,8,7,"[0, 35, 37, 125, 119, 21, 112]",64,272,0.6382074952125549,0.6462072730064392,-0.007999777793884277
151,4,boundary_removal,random,9,7,"[59, 81, 37, 110, 41, 80, 112]",64,272,0.6382074952125549,0.6413072943687439,-0.003099799156188965
151,4,boundary_removal,random,10,7,"[65, 108, 113, 125, 41, 80, 96]",64,272,0.6382074952125549,0.6430293321609497,-0.004821836948394775
151,4,boundary_removal,random,11,7,"[84, 81, 37, 122, 119, 92, 112]",64,272,0.6382074952125549,0.6496202349662781,-0.011412739753723145
151,4,boundary_removal,random,12,7,"[87, 16, 99, 115, 117, 18, 112]",64,272,0.6382074952125549,0.6416358351707458,-0.003428339958190918
151,4,boundary_removal,random,13,7,"[48, 81, 40, 11, 41, 21, 96]",64,272,0.6382074952125549,0.6525493264198303,-0.01434183120727539
151,4,boundary_removal,random,14,7,"[66, 19, 113, 46, 119, 21, 17]",64,272,0.6382074952125549,0.6408825516700745,-0.0026750564575195312
151,4,boundary_removal,random,15,7,"[52, 31, 116, 125, 117, 98, 1]",64,272,0.6382074952125549,0.6322582364082336,0.005949258804321289
151,4,boundary_removal,random,16,7,"[136, 47, 113, 110, 117, 18, 112]",64,272,0.6382074952125549,0.6430040001869202,-0.004796504974365234
151,4,boundary_removal,random,17,7,"[59, 95, 22, 110, 119, 21, 17]",64,272,0.6382074952125549,0.6433904767036438,-0.005182981491088867
151,4,boundary_removal,random,18,7,"[68, 120, 99, 23, 117, 92, 17]",64,272,0.6382074952125549,0.6327860951423645,0.00542140007019043
151,4,boundary_removal,random,19,7,"[69, 19, 116, 125, 117, 21, 112]",64,272,0.6382074952125549,0.6431968212127686,-0.004989326000213623
151,4,boundary_removal,random,20,7,"[50, 91, 22, 128, 117, 92, 1]",64,272,0.6382074952125549,0.6302993297576904,0.007908165454864502
156,0,node_removal,target,0,5,"[40, 48, 49, 56, 57]",59,254,0.7866480946540833,0.8619954586029053,-0.07534736394882202
156,0,node_removal,random,1,5,"[19, 21, 50, 13, 49]",59,242,0.7866480946540833,0.8367418646812439,-0.050093770027160645
156,0,node_removal,random,2,5,"[32, 26, 38, 17, 49]",59,238,0.7866480946540833,0.8155528903007507,-0.02890479564666748
156,0,node_removal,random,3,5,"[7, 36, 22, 30, 14]",59,244,0.7866480946540833,0.7966886162757874,-0.010040521621704102
156,0,node_removal,random,4,5,"[20, 61, 47, 52, 14]",59,240,0.7866480946540833,0.7295839190483093,0.057064175605773926
156,0,node_removal,random,5,5,"[32, 60, 38, 5, 49]",59,238,0.7866480946540833,0.787872850894928,-0.0012247562408447266
156,0,node_removal,random,6,5,"[8, 18, 33, 13, 14]",59,240,0.7866480946540833,0.820781409740448,-0.034133315086364746
156,0,node_removal,random,7,5,"[32, 19, 54, 38, 14]",59,238,0.7866480946540833,0.7861549258232117,0.000493168830871582
156,0,node_removal,random,8,5,"[23, 18, 47, 38, 14]",59,242,0.7866480946540833,0.8000810742378235,-0.013432979583740234
156,0,node_removal,random,9,5,"[63, 42, 30, 11, 49]",59,238,0.7866480946540833,0.8298556804656982,-0.04320758581161499
156,0,node_removal,random,10,5,"[19, 28, 54, 10, 14]",59,238,0.7866480946540833,0.7988378405570984,-0.012189745903015137
156,0,node_removal,random,11,5,"[42, 34, 13, 47, 14]",59,242,0.7866480946540833,0.7829670310020447,0.0036810636520385742
156,0,node_removal,random,12,5,"[44, 32, 5, 22, 14]",59,240,0.7866480946540833,0.8100671768188477,-0.023419082164764404
156,0,node_removal,random,13,5,"[28, 29, 52, 5, 49]",59,240,0.7866480946540833,0.7968759536743164,-0.010227859020233154
156,0,node_removal,random,14,5,"[63, 0, 46, 25, 14]",59,238,0.7866480946540833,0.8196093440055847,-0.032961249351501465
156,0,node_removal,random,15,5,"[63, 27, 25, 11, 14]",59,238,0.7866480946540833,0.815711498260498,-0.029063403606414795
156,0,node_removal,random,16,5,"[28, 37, 5, 17, 49]",59,238,0.7866480946540833,0.7900002002716064,-0.0033521056175231934
156,0,node_removal,random,17,5,"[36, 24, 11, 48, 14]",59,238,0.7866480946540833,0.8137741088867188,-0.027126014232635498
156,0,node_removal,random,18,5,"[45, 8, 12, 2, 14]",59,238,0.7866480946540833,0.7843424677848816,0.00230562686920166
156,0,node_removal,random,19,5,"[56, 60, 13, 25, 14]",59,240,0.7866480946540833,0.801447868347168,-0.014799773693084717
156,0,node_removal,random,20,5,"[34, 58, 25, 11, 49]",59,240,0.7866480946540833,0.83378005027771,-0.04713195562362671
156,0,boundary_removal,target,0,8,"[78, 80, 94, 98, 99, 116, 119, 137]",64,270,0.7866480946540833,0.7965301871299744,-0.009882092475891113
156,0,boundary_removal,random,1,8,"[49, 90, 129, 116, 40, 117, 21, 80]",64,270,0.7866480946540833,0.7950744032859802,-0.008426308631896973
156,0,boundary_removal,random,2,8,"[100, 107, 81, 99, 22, 24, 98, 21]",64,270,0.7866480946540833,0.7917267680168152,-0.005078673362731934
156,0,boundary_removal,random,3,8,"[25, 7, 91, 113, 99, 24, 18, 21]",64,270,0.7866480946540833,0.7939382195472717,-0.0072901248931884766
156,0,boundary_removal,random,4,8,"[140, 127, 95, 113, 116, 119, 18, 80]",64,270,0.7866480946540833,0.7637619972229004,0.02288609743118286
156,0,boundary_removal,random,5,8,"[72, 56, 9, 37, 40, 24, 98, 21]",64,270,0.7866480946540833,0.79973965883255,-0.013091564178466797
156,0,boundary_removal,random,6,8,"[59, 36, 35, 22, 116, 41, 21, 80]",64,270,0.7866480946540833,0.7958148121833801,-0.009166717529296875
156,0,boundary_removal,random,7,8,"[135, 133, 123, 99, 37, 41, 92, 98]",64,270,0.7866480946540833,0.8011831641197205,-0.014535069465637207
156,0,boundary_removal,random,8,8,"[48, 103, 126, 22, 113, 117, 18, 92]",64,270,0.7866480946540833,0.7919160723686218,-0.005267977714538574
156,0,boundary_removal,random,9,8,"[27, 77, 9, 40, 37, 41, 92, 98]",64,270,0.7866480946540833,0.8016182780265808,-0.014970183372497559
156,0,boundary_removal,random,10,8,"[69, 103, 31, 40, 116, 117, 92, 18]",64,270,0.7866480946540833,0.7915969491004944,-0.004948854446411133
156,0,boundary_removal,random,11,8,"[50, 32, 57, 113, 22, 117, 21, 92]",64,270,0.7866480946540833,0.7900238633155823,-0.0033757686614990234
156,0,boundary_removal,random,12,8,"[55, 73, 81, 40, 116, 117, 98, 18]",64,270,0.7866480946540833,0.7904849052429199,-0.00383681058883667
156,0,boundary_removal,random,13,8,"[0, 4, 31, 116, 99, 24, 21, 18]",64,270,0.7866480946540833,0.7893341183662415,-0.002686023712158203
156,0,boundary_removal,random,14,8,"[2, 38, 94, 99, 113, 41, 80, 92]",64,270,0.7866480946540833,0.7860090136528015,0.0006390810012817383
156,0,boundary_removal,random,15,8,"[83, 78, 129, 40, 116, 119, 80, 92]",64,270,0.7866480946540833,0.7881985306739807,-0.001550436019897461
156,0,boundary_removal,random,16,8,"[135, 107, 81, 37, 22, 24, 80, 92]",64,270,0.7866480946540833,0.7921997904777527,-0.005551695823669434
156,0,boundary_removal,random,17,8,"[0, 56, 9, 22, 40, 41, 18, 21]",64,270,0.7866480946540833,0.7946389317512512,-0.007990837097167969
156,0,boundary_removal,random,18,8,"[89, 130, 16, 116, 99, 117, 18, 80]",64,270,0.7866480946540833,0.7881574630737305,-0.0015093684196472168
156,0,boundary_removal,random,19,8,"[65, 60, 129, 22, 99, 119, 21, 80]",64,270,0.7866480946540833,0.7924797534942627,-0.005831658840179443
156,0,boundary_removal,random,20,8,"[51, 7, 91, 22, 40, 119, 98, 18]",64,270,0.7866480946540833,0.793963611125946,-0.007315516471862793
156,2,node_removal,target,0,42,"[0, 1, 2, 3, 8, 9, 10, 16, 17, 18, 19, 21, 22, 23, 24, 25, 26, 27, 28, 29, 30, 31, 34, 35, 36, 37, 38, 39, 42, 43, 44, 45, 46, 47, 50, 51, 54, 55, 59, 60, 62, 63]",22,76,0.7866480946540833,0.4126271903514862,0.37402090430259705
156,2,node_removal,random,1,42,"[60, 32, 18, 8, 45, 61, 57, 4, 59, 28, 0, 23, 29, 26, 55, 39, 34, 58, 19, 63, 16, 27, 35, 56, 42, 31, 7, 44, 37, 40, 25, 48, 52, 17, 54, 53, 12, 51, 46, 6, 41, 9]",22,34,0.7866480946540833,0.6786694526672363,0.10797864198684692
156,2,node_removal,random,2,42,"[7, 35, 36, 42, 39, 29, 3, 26, 21, 56, 59, 45, 27, 18, 62, 58, 1, 16, 19, 15, 4, 44, 20, 24, 63, 60, 34, 57, 0, 41, 22, 50, 12, 17, 5, 54, 6, 13, 40, 51, 10, 9]",22,34,0.7866480946540833,0.6728529334068298,0.11379516124725342
156,2,node_removal,random,3,42,"[19, 31, 45, 24, 23, 3, 27, 28, 4, 44, 37, 1, 15, 0, 32, 18, 7, 58, 8, 35, 34, 55, 63, 57, 29, 62, 36, 16, 61, 54, 12, 25, 48, 5, 51, 10, 6, 11, 33, 47, 40, 9]",22,40,0.7866480946540833,0.8593599200248718,-0.07271182537078857
156,2,node_removal,random,4,42,"[28, 45, 56, 23, 19, 21, 58, 4, 31, 20, 34, 0, 63, 37, 62, 57, 26, 42, 44, 39, 18, 36, 24, 55, 43, 8, 3, 35, 1, 52, 2, 22, 13, 50, 11, 6, 17, 38, 53, 47, 54, 9]",22,42,0.7866480946540833,0.8474159836769104,-0.06076788902282715
156,2,node_removal,random,5,42,"[31, 18, 29, 39, 56, 28, 3, 35, 63, 42, 44, 59, 4, 60, 7, 62, 26, 16, 43, 55, 20, 21, 57, 1, 27, 61, 45, 37, 58, 11, 5, 30, 52, 6, 54, 41, 46, 13, 2, 17, 47, 9]",22,36,0.7866480946540833,0.610321581363678,0.17632651329040527
156,2,node_removal,random,6,42,"[26, 42, 39, 57, 32, 27, 60, 55, 19, 61, 4, 16, 8, 28, 36, 3, 44, 15, 23, 63, 59, 58, 0, 7, 21, 29, 62, 20, 1, 6, 25, 22, 52, 10, 47, 41, 40, 51, 5, 54, 53, 9]",22,36,0.7866480946540833,0.6427457928657532,0.14390230178833008
156,2,node_removal,random,7,42,"[26, 21, 0, 32, 24, 43, 34, 29, 55, 36, 7, 45, 63, 4, 60, 37, 27, 15, 20, 18, 3, 58, 42, 62, 56, 19, 8, 59, 31, 17, 54, 46, 12, 47, 25, 52, 2, 40, 11, 38, 33, 9]",22,36,0.7866480946540833,0.30104687809944153,0.4856012165546417
156,2,node_removal,random,8,42,"[15, 55, 44, 18, 56, 43, 35, 28, 1, 8, 7, 37, 0, 21, 42, 27, 31, 60, 45, 58, 3, 34, 4, 20, 63, 32, 16, 23, 62, 50, 13, 52, 51, 41, 38, 47, 53, 5, 25, 17, 40, 9]",22,26,0.7866480946540833,0.5632695555686951,0.22337853908538818
156,2,node_removal,random,9,42,"[1, 16, 36, 20, 55, 8, 35, 62, 32, 63, 29, 58, 4, 24, 26, 42, 3, 37, 60, 61, 34, 0, 56, 23, 59, 18, 44, 21, 28, 41, 48, 17, 46, 53, 6, 33, 13, 12, 38, 40, 51, 9]",22,34,0.7866480946540833,0.8884090781211853,-0.10176098346710205
156,2,node_removal,random,10,42,"[29, 44, 18, 0, 43, 1, 16, 62, 4, 63, 7, 28, 42, 58, 59, 24, 15, 20, 26, 39, 21, 34, 57, 23, 60, 35, 55, 8, 27, 22, 5, 13, 54, 30, 11, 41, 25, 53, 40, 10, 2, 9]",22,32,0.7866480946540833,0.6861433982849121,0.10050469636917114
156,2,node_removal,random,11,42,"[60, 56, 1, 15, 57, 29, 36, 35, 0, 8, 59, 23, 7, 20, 62, 44, 19, 42, 61, 63, 4, 24, 28, 21, 26, 32, 27, 39, 18, 25, 30, 46, 53, 6, 5, 47, 50, 2, 33, 52, 54, 9]",22,36,0.7866480946540833,0.5905076861381531,0.19614040851593018
156,2,node_removal,random,12,42,"[29, 4, 55, 34, 28, 43, 18, 20, 16, 56, 24, 21, 1, 8, 36, 26, 63, 7, 42, 35, 44, 3, 57, 15, 39, 32, 62, 27, 23, 6, 51, 11, 53, 12, 30, 38, 50, 48, 13, 10, 52, 9]",22,34,0.7866480946540833,0.8450945019721985,-0.058446407318115234
156,2,node_removal,random,13,42,"[58, 42, 27, 8, 63, 20, 26, 39, 0, 37, 44, 60, 18, 31, 61, 3, 4, 24, 59, 1, 23, 35, 21, 55, 57, 7, 32, 62, 16, 51, 50, 38, 41, 25, 17, 46, 5, 10, 47, 52, 6, 9]",22,38,0.7866480946540833,0.7405027747154236,0.04614531993865967
156,2,node_removal,random,14,42,"[24, 55, 63, 20, 59, 31, 19, 4, 60, 21, 7, 34, 15, 32, 61, 58, 27, 18, 36, 0, 28, 57, 45, 23, 16, 8, 42, 62, 3, 50, 38, 30, 11, 17, 53, 54, 48, 25, 22, 10, 33, 9]",22,40,0.7866480946540833,0.605502188205719,0.18114590644836426
156,2,node_removal,random,15,42,"[35, 62, 31, 0, 32, 39, 28, 63, 1, 61, 21, 8, 15, 36, 37, 18, 7, 44, 55, 3, 20, 60, 29, 16, 57, 19, 58, 59, 42, 13, 25, 41, 10, 11, 6, 50, 46, 51, 12, 53, 2, 9]",22,34,0.7866480946540833,0.8667181134223938,-0.08007001876831055
156,2,node_removal,random,16,42,"[32, 62, 28, 1, 34, 36, 16, 3, 35, 42, 7, 39, 57, 44, 37, 59, 23, 45, 56, 27, 63, 20, 24, 60, 0, 8, 18, 4, 43, 6, 52, 46, 50, 13, 17, 25, 48, 51, 41, 33, 22, 9]",22,32,0.7866480946540833,0.7944027781486511,-0.007754683494567871
156,2,node_removal,random,17,42,"[34, 62, 35, 63, 23, 28, 7, 1, 43, 57, 37, 45, 56, 19, 3, 39, 8, 18, 29, 31, 32, 58, 26, 44, 20, 27, 16, 15, 61, 13, 22, 11, 48, 52, 25, 47, 50, 38, 41, 53, 30, 9]",22,30,0.7866480946540833,0.7011213898658752,0.08552670478820801
156,2,node_removal,random,18,42,"[60, 0, 62, 16, 31, 56, 3, 61, 37, 15, 29, 24, 36, 34, 57, 20, 35, 59, 32, 44, 21, 1, 63, 43, 19, 4, 18, 7, 58, 22, 5, 10, 52, 38, 48, 40, 17, 50, 41, 46, 30, 9]",22,30,0.7866480946540833,0.7728143334388733,0.013833761215209961
156,2,node_removal,random,19,42,"[36, 28, 15, 20, 29, 55, 0, 63, 7, 35, 43, 4, 37, 19, 1, 32, 39, 59, 3, 45, 16, 26, 42, 57, 18, 58, 27, 60, 34, 52, 51, 46, 6, 25, 2, 48, 30, 47, 11, 17, 50, 9]",22,44,0.7866480946540833,0.5891569256782532,0.19749116897583008
156,2,node_removal,random,20,42,"[8, 16, 34, 63, 1, 28, 45, 56, 39, 35, 43, 60, 0, 3, 23, 19, 26, 37, 44, 15, 4, 18, 55, 62, 27, 57, 36, 32, 29, 40, 38, 33, 47, 54, 41, 48, 50, 30, 11, 13, 12, 9]",22,40,0.7866480946540833,0.45816442370414734,0.3284836709499359
156,2,boundary_removal,target,0,27,"[10, 12, 31, 34, 38, 40, 41, 42, 50, 52, 53, 61, 63, 64, 79, 97, 105, 107, 116, 121, 123, 127, 129, 131, 138, 140, 141]",64,232,0.7866480946540833,0.7448148727416992,0.04183322191238403
156,2,boundary_removal,random,1,27,"[100, 89, 55, 139, 83, 2, 84, 59, 65, 124, 90, 38, 15, 107, 12, 13, 105, 106, 9, 57, 47, 81, 99, 116, 134, 115, 119]",64,232,0.7866480946540833,0.805128276348114,-0.01848018169403076
156,2,boundary_removal,random,2,27,"[139, 102, 72, 10, 25, 140, 2, 51, 67, 45, 106, 97, 20, 15, 93, 121, 90, 34, 35, 81, 9, 57, 40, 116, 11, 134, 24]",64,232,0.7866480946540833,0.7815842032432556,0.005063891410827637
156,2,boundary_removal,random,3,27,"[85, 50, 27, 53, 135, 10, 61, 102, 139, 97, 93, 77, 45, 130, 105, 36, 78, 15, 35, 95, 120, 108, 22, 37, 14, 115, 24]",64,232,0.7866480946540833,0.8294201493263245,-0.04277205467224121
156,2,boundary_removal,random,4,27,"[100, 0, 140, 136, 141, 44, 72, 142, 76, 60, 90, 71, 78, 32, 93, 20, 7, 103, 123, 64, 126, 95, 116, 99, 131, 14, 24]",64,232,0.7866480946540833,0.775987446308136,0.010660648345947266
156,2,boundary_removal,random,5,27,"[104, 87, 59, 67, 0, 76, 69, 55, 140, 12, 101, 60, 45, 56, 43, 13, 130, 103, 108, 129, 47, 31, 37, 99, 128, 46, 117]",64,232,0.7866480946540833,0.7734591960906982,0.01318889856338501
156,2,boundary_removal,random,6,27,"[136, 83, 84, 67, 139, 68, 2, 102, 69, 38, 78, 79, 101, 32, 43, 62, 127, 36, 126, 64, 9, 57, 40, 22, 110, 63, 24]",64,232,0.7866480946540833,0.78745037317276,-0.0008022785186767578
156,2,boundary_removal,random,7,27,"[84, 83, 100, 25, 42, 48, 44, 51, 138, 105, 15, 34, 4, 45, 73, 60, 12, 77, 91, 33, 108, 19, 40, 116, 14, 75, 117]",64,232,0.7866480946540833,0.8050277829170227,-0.018379688262939453
156,2,boundary_removal,random,8,27,"[0, 49, 44, 86, 72, 141, 59, 138, 83, 121, 71, 45, 127, 107, 93, 34, 78, 20, 81, 74, 47, 64, 40, 99, 122, 11, 41]",64,232,0.7866480946540833,0.7544641494750977,0.032183945178985596
156,2,boundary_removal,random,9,27,"[104, 86, 137, 27, 89, 84, 65, 52, 70, 106, 121, 36, 71, 7, 56, 124, 114, 15, 109, 19, 57, 95, 116, 113, 110, 46, 117]",64,232,0.7866480946540833,0.7973745465278625,-0.010726451873779297
156,2,boundary_removal,random,10,27,"[25, 85, 66, 65, 59, 138, 70, 136, 53, 12, 93, 62, 78, 103, 20, 71, 127, 45, 31, 57, 94, 120, 40, 99, 134, 128, 117]",64,232,0.7866480946540833,0.7868013978004456,-0.0001533031463623047
156,2,boundary_removal,random,11,27,"[140, 48, 10, 25, 49, 53, 83, 51, 85, 78, 106, 111, 56, 43, 90, 13, 127, 15, 35, 95, 9, 19, 116, 40, 125, 14, 117]",64,232,0.7866480946540833,0.7842414975166321,0.002406597137451172
156,2,boundary_removal,random,12,27,"[2, 67, 82, 27, 49, 136, 61, 51, 100, 34, 79, 88, 36, 13, 103, 124, 15, 32, 9, 81, 47, 95, 116, 22, 125, 128, 119]",64,232,0.7866480946540833,0.8056872487068176,-0.019039154052734375
156,2,boundary_removal,random,13,27,"[85, 102, 51, 72, 86, 67, 138, 142, 140, 73, 97, 101, 13, 78, 88, 103, 32, 127, 74, 19, 109, 16, 99, 113, 110, 125, 119]",64,232,0.7866480946540833,0.7793232798576355,0.007324814796447754
156,2,boundary_removal,random,14,27,"[136, 53, 48, 69, 139, 67, 82, 70, 141, 34, 121, 127, 124, 130, 4, 97, 20, 90, 108, 31, 109, 126, 22, 40, 122, 128, 24]",64,232,0.7866480946540833,0.807948112487793,-0.021300017833709717
156,2,boundary_removal,random,15,27,"[0, 141, 102, 142, 140, 66, 48, 44, 50, 13, 79, 106, 107, 101, 93, 71, 133, 130, 35, 94, 120, 91, 40, 113, 58, 115, 119]",64,232,0.7866480946540833,0.7839779257774353,0.0026701688766479492
156,2,boundary_removal,random,16,27,"[140, 55, 89, 100, 102, 42, 83, 27, 104, 4, 54, 130, 133, 38, 62, 105, 114, 103, 57, 126, 19, 108, 116, 37, 110, 58, 41]",64,232,0.7866480946540833,0.8046414256095886,-0.01799333095550537
156,2,boundary_removal,random,17,27,"[59, 66, 137, 136, 89, 87, 102, 68, 50, 103, 88, 45, 114, 78, 79, 107, 20, 12, 57, 95, 47, 81, 22, 37, 11, 134, 41]",64,232,0.7866480946540833,0.7920833230018616,-0.00543522834777832
156,2,boundary_removal,random,18,27,"[44, 82, 49, 140, 53, 48, 65, 83, 102, 34, 13, 73, 97, 62, 54, 20, 78, 107, 74, 126, 91, 120, 37, 22, 58, 122, 24]",64,232,0.7866480946540833,0.7826087474822998,0.004039347171783447
156,2,boundary_removal,random,19,27,"[141, 27, 138, 53, 135, 89, 55, 67, 83, 77, 127, 36, 20, 32, 15, 88, 7, 79, 123, 57, 120, 109, 99, 22, 131, 58, 41]",64,232,0.7866480946540833,0.7868903279304504,-0.0002422332763671875
156,2,boundary_removal,random,20,27,"[83, 0, 104, 52, 53, 59, 142, 86, 48, 121, 78, 15, 90, 103, 62, 4, 132, 45, 94, 33, 95, 129, 113, 116, 46, 134, 24]",64,232,0.7866480946540833,0.7975974082946777,-0.010949313640594482
156,3,node_removal,target,0,3,"[52, 53, 61]",61,264,0.7866480946540833,0.7360227108001709,0.050625383853912354
156,3,node_removal,random,1,3,"[1, 33, 48]",61,258,0.7866480946540833,0.7780497670173645,0.00859832763671875
156,3,node_removal,random,2,3,"[21, 22, 41]",61,260,0.7866480946540833,0.8046655654907227,-0.018017470836639404
156,3,node_removal,random,3,3,"[35, 51, 11]",61,258,0.7866480946540833,0.8311455249786377,-0.04449743032455444
156,3,node_removal,random,4,3,"[35, 38, 33]",61,258,0.7866480946540833,0.7925877571105957,-0.005939662456512451
156,3,node_removal,random,5,3,"[37, 33, 30]",61,258,0.7866480946540833,0.7710911631584167,0.015556931495666504
156,3,node_removal,random,6,3,"[63, 41, 33]",61,260,0.7866480946540833,0.8036848902702332,-0.017036795616149902
156,3,node_removal,random,7,3,"[60, 48, 30]",61,258,0.7866480946540833,0.7609977126121521,0.025650382041931152
156,3,node_removal,random,8,3,"[29, 41, 6]",61,258,0.7866480946540833,0.8108203411102295,-0.02417224645614624
156,3,node_removal,random,9,3,"[34, 53, 52]",61,260,0.7866480946540833,0.7597176432609558,0.02693045139312744
156,3,node_removal,random,10,3,"[8, 30, 2]",61,258,0.7866480946540833,0.8021952509880066,-0.01554715633392334
156,3,node_removal,random,11,3,"[23, 47, 5]",61,258,0.7866480946540833,0.7845478057861328,0.0021002888679504395
156,3,node_removal,random,12,3,"[44, 38, 30]",61,260,0.7866480946540833,0.7662796378135681,0.020368456840515137
156,3,node_removal,random,13,3,"[59, 52, 33]",61,258,0.7866480946540833,0.7726740837097168,0.013974010944366455
156,3,node_removal,random,14,3,"[35, 25, 50]",61,258,0.7866480946540833,0.8182923793792725,-0.03164428472518921
156,3,node_removal,random,15,3,"[35, 40, 53]",61,258,0.7866480946540833,0.8179263472557068,-0.031278252601623535
156,3,node_removal,random,16,3,"[28, 13, 12]",61,260,0.7866480946540833,0.7910840511322021,-0.0044359564781188965
156,3,node_removal,random,17,3,"[8, 48, 17]",61,258,0.7866480946540833,0.7889294624328613,-0.002281367778778076
156,3,node_removal,random,18,3,"[4, 13, 50]",61,258,0.7866480946540833,0.7970881462097168,-0.010440051555633545
156,3,node_removal,random,19,3,"[60, 17, 13]",61,258,0.7866480946540833,0.7640480995178223,0.022599995136260986
156,3,node_removal,random,20,3,"[34, 38, 30]",61,260,0.7866480946540833,0.7628228664398193,0.023825228214263916
156,3,boundary_removal,target,0,8,"[105, 107, 123, 127, 129, 131, 140, 141]",64,270,0.7866480946540833,0.7388219833374023,0.04782611131668091
156,3,boundary_removal,random,1,8,"[68, 76, 54, 15, 88, 74, 33, 125]",64,270,0.7866480946540833,0.793323278427124,-0.0066751837730407715
156,3,boundary_removal,random,2,8,"[86, 27, 121, 103, 4, 33, 123, 115]",64,270,0.7866480946540833,0.8061826825141907,-0.019534587860107422
156,3,boundary_removal,random,3,8,"[142, 83, 78, 103, 114, 91, 33, 46]",64,270,0.7866480946540833,0.7862619757652283,0.00038611888885498047
156,3,boundary_removal,random,4,8,"[66, 72, 133, 77, 97, 108, 35, 115]",64,270,0.7866480946540833,0.7969595789909363,-0.010311484336853027
156,3,boundary_removal,random,5,8,"[100, 102, 60, 15, 45, 81, 108, 14]",64,270,0.7866480946540833,0.7881010174751282,-0.0014529228210449219
156,3,boundary_removal,random,6,8,"[42, 53, 4, 111, 127, 33, 81, 58]",64,270,0.7866480946540833,0.7803962826728821,0.006251811981201172
156,3,boundary_removal,random,7,8,"[2, 65, 71, 56, 132, 64, 94, 46]",64,270,0.7866480946540833,0.7848837971687317,0.0017642974853515625
156,3,boundary_removal,random,8,8,"[87, 136, 105, 107, 78, 31, 108, 75]",64,270,0.7866480946540833,0.7952056527137756,-0.008557558059692383
156,3,boundary_removal,random,9,8,"[137, 136, 54, 90, 114, 16, 95, 46]",64,270,0.7866480946540833,0.781982958316803,0.0046651363372802734
156,3,boundary_removal,random,10,8,"[84, 10, 78, 107, 60, 109, 108, 46]",64,270,0.7866480946540833,0.8013495802879333,-0.014701485633850098
156,3,boundary_removal,random,11,8,"[65, 69, 90, 101, 15, 31, 109, 58]",64,270,0.7866480946540833,0.7759160995483398,0.010731995105743408
156,3,boundary_removal,random,12,8,"[135, 48, 90, 127, 20, 81, 108, 134]",64,270,0.7866480946540833,0.7796580791473389,0.006990015506744385
156,3,boundary_removal,random,13,8,"[142, 84, 97, 106, 111, 57, 129, 63]",64,270,0.7866480946540833,0.7969441413879395,-0.010296046733856201
156,3,boundary_removal,random,14,8,"[25, 42, 106, 71, 62, 108, 57, 63]",64,270,0.7866480946540833,0.7946717143058777,-0.008023619651794434
156,3,boundary_removal,random,15,8,"[84, 2, 132, 124, 12, 33, 16, 134]",64,270,0.7866480946540833,0.7985057234764099,-0.01185762882232666
156,3,boundary_removal,random,16,8,"[142, 137, 34, 38, 127, 123, 9, 14]",64,270,0.7866480946540833,0.7730662822723389,0.013581812381744385
156,3,boundary_removal,random,17,8,"[67, 66, 4, 62, 101, 109, 19, 110]",64,270,0.7866480946540833,0.7882418036460876,-0.0015937089920043945
156,3,boundary_removal,random,18,8,"[135, 25, 88, 45, 130, 64, 74, 75]",64,270,0.7866480946540833,0.7945277094841003,-0.00787961483001709
156,3,boundary_removal,random,19,8,"[68, 84, 106, 54, 93, 74, 16, 58]",64,270,0.7866480946540833,0.7908088564872742,-0.004160761833190918
156,3,boundary_removal,random,20,8,"[138, 61, 97, 15, 56, 94, 64, 122]",64,270,0.7866480946540833,0.7825163006782532,0.004131793975830078
156,4,node_removal,target,0,14,"[4, 5, 6, 7, 11, 12, 13, 14, 15, 20, 32, 33, 41, 58]",50,196,0.7866480946540833,0.8155072331428528,-0.02885913848876953
156,4,node_removal,random,1,14,"[28, 61, 45, 1, 7, 36, 30, 22, 25, 12, 48, 10, 53, 49]",50,166,0.7866480946540833,0.7939125895500183,-0.007264494895935059
156,4,node_removal,random,2,14,"[58, 45, 16, 59, 1, 20, 38, 5, 47, 30, 6, 52, 51, 14]",50,170,0.7866480946540833,0.7516090869903564,0.03503900766372681
156,4,node_removal,random,3,14,"[7, 37, 20, 15, 59, 26, 5, 54, 47, 30, 25, 52, 17, 49]",50,164,0.7866480946540833,0.7767893671989441,0.00985872745513916
156,4,node_removal,random,4,14,"[0, 44, 62, 15, 35, 3, 22, 51, 25, 30, 12, 17, 47, 14]",50,164,0.7866480946540833,0.8250493407249451,-0.038401246070861816
156,4,node_removal,random,5,14,"[55, 63, 16, 23, 56, 61, 52, 47, 17, 41, 53, 13, 5, 14]",50,176,0.7866480946540833,0.8144829273223877,-0.027834832668304443
156,4,node_removal,random,6,14,"[59, 21, 42, 62, 7, 18, 6, 54, 53, 25, 38, 10, 2, 49]",50,168,0.7866480946540833,0.8319294452667236,-0.04528135061264038
156,4,node_removal,random,7,14,"[44, 56, 58, 32, 19, 62, 2, 38, 6, 40, 17, 52, 11, 14]",50,166,0.7866480946540833,0.8033210635185242,-0.016672968864440918
156,4,node_removal,random,8,14,"[4, 16, 24, 36, 43, 56, 22, 50, 41, 47, 40, 2, 38, 49]",50,170,0.7866480946540833,0.8794025778770447,-0.09275448322296143
156,4,node_removal,random,9,14,"[34, 29, 31, 37, 0, 7, 54, 51, 10, 46, 5, 40, 11, 49]",50,164,0.7866480946540833,0.8384120464324951,-0.051763951778411865
156,4,node_removal,random,10,14,"[43, 58, 32, 35, 61, 34, 10, 54, 33, 41, 47, 30, 11, 14]",50,168,0.7866480946540833,0.8115372657775879,-0.02488917112350464
156,4,node_removal,random,11,14,"[59, 27, 20, 44, 61, 58, 25, 11, 46, 6, 52, 13, 12, 14]",50,174,0.7866480946540833,0.8035525679588318,-0.016904473304748535
156,4,node_removal,random,12,14,"[58, 15, 18, 28, 29, 4, 54, 11, 10, 5, 33, 25, 30, 14]",50,172,0.7866480946540833,0.7693080306053162,0.01734006404876709
156,4,node_removal,random,13,14,"[29, 31, 61, 20, 27, 37, 2, 50, 5, 54, 52, 25, 12, 49]",50,166,0.7866480946540833,0.7611369490623474,0.02551114559173584
156,4,node_removal,random,14,14,"[36, 16, 32, 19, 7, 28, 38, 30, 53, 33, 12, 25, 52, 49]",50,168,0.7866480946540833,0.797292172908783,-0.010644078254699707
156,4,node_removal,random,15,14,"[59, 60, 27, 26, 56, 23, 33, 47, 17, 50, 46, 54, 48, 14]",50,170,0.7866480946540833,0.7337196469306946,0.05292844772338867
156,4,node_removal,random,16,14,"[60, 61, 44, 29, 37, 24, 38, 12, 6, 47, 17, 11, 46, 14]",50,174,0.7866480946540833,0.6872036457061768,0.0994444489479065
156,4,node_removal,random,17,14,"[23, 61, 15, 58, 59, 35, 48, 52, 17, 54, 5, 41, 25, 14]",50,170,0.7866480946540833,0.8028421998023987,-0.01619410514831543
156,4,node_removal,random,18,14,"[1, 8, 34, 18, 36, 39, 38, 30, 11, 40, 53, 46, 50, 14]",50,166,0.7866480946540833,0.7438995242118835,0.04274857044219971
156,4,node_removal,random,19,14,"[29, 60, 19, 26, 8, 55, 52, 33, 40, 54, 48, 25, 2, 49]",50,170,0.7866480946540833,0.8656609654426575,-0.07901287078857422
156,4,node_removal,random,20,14,"[59, 20, 28, 7, 0, 63, 13, 48, 54, 30, 22, 17, 33, 14]",50,168,0.7866480946540833,0.8128718733787537,-0.02622377872467041
156,4,boundary_removal,target,0,25,"[10, 12, 31, 34, 38, 40, 41, 42, 50, 52, 53, 61, 63, 64, 78, 79, 80, 94, 97, 98, 99, 119, 121, 137, 138]",64,236,0.7866480946540833,0.799412727355957,-0.01276463270187378
156,4,boundary_removal,random,1,25,"[72, 137, 69, 42, 59, 140, 83, 53, 90, 60, 73, 133, 121, 62, 54, 123, 57, 94, 37, 40, 14, 24, 41, 80, 21]",64,236,0.7866480946540833,0.7939643859863281,-0.007316291332244873
156,4,boundary_removal,random,2,25,"[25, 72, 69, 139, 136, 50, 85, 0, 77, 97, 43, 45, 105, 106, 73, 126, 47, 9, 22, 37, 14, 41, 117, 80, 92]",64,236,0.7866480946540833,0.7910993099212646,-0.0044512152671813965
156,4,boundary_removal,random,3,25,"[139, 85, 2, 87, 0, 61, 66, 86, 15, 133, 34, 121, 56, 106, 45, 129, 126, 94, 37, 116, 14, 119, 41, 80, 92]",64,236,0.7866480946540833,0.8013924956321716,-0.014744400978088379
156,4,boundary_removal,random,4,25,"[44, 48, 82, 104, 76, 52, 135, 137, 32, 124, 54, 127, 56, 73, 79, 91, 35, 57, 116, 40, 58, 24, 119, 21, 98]",64,236,0.7866480946540833,0.7870316505432129,-0.00038355588912963867
156,4,boundary_removal,random,5,25,"[84, 87, 89, 44, 55, 53, 139, 68, 79, 77, 15, 103, 133, 105, 121, 35, 74, 91, 22, 37, 58, 119, 41, 80, 98]",64,236,0.7866480946540833,0.8140907287597656,-0.027442634105682373
156,4,boundary_removal,random,6,25,"[100, 69, 102, 50, 27, 82, 137, 138, 7, 71, 15, 121, 20, 32, 38, 64, 126, 47, 40, 116, 11, 117, 119, 98, 21]",64,236,0.7866480946540833,0.8203684687614441,-0.03372037410736084
156,4,boundary_removal,random,7,25,"[82, 87, 104, 135, 65, 70, 25, 10, 60, 111, 4, 71, 77, 127, 97, 91, 9, 74, 37, 40, 75, 119, 117, 98, 21]",64,236,0.7866480946540833,0.78854900598526,-0.0019009113311767578
156,4,boundary_removal,random,8,25,"[10, 89, 85, 138, 52, 72, 61, 141, 132, 88, 45, 124, 54, 34, 93, 126, 120, 129, 113, 22, 46, 41, 24, 18, 98]",64,236,0.7866480946540833,0.7866860032081604,-3.790855407714844e-05
156,4,boundary_removal,random,9,25,"[70, 142, 136, 44, 85, 61, 100, 66, 12, 4, 45, 77, 15, 133, 124, 109, 129, 120, 113, 40, 115, 117, 24, 18, 80]",64,236,0.7866480946540833,0.7919633388519287,-0.005315244197845459
156,4,boundary_removal,random,10,25,"[53, 51, 70, 69, 82, 138, 48, 61, 73, 78, 32, 103, 90, 132, 15, 109, 35, 19, 99, 113, 58, 24, 119, 98, 18]",64,236,0.7866480946540833,0.8094015121459961,-0.022753417491912842
156,4,boundary_removal,random,11,25,"[140, 68, 10, 70, 104, 61, 51, 89, 13, 43, 132, 62, 7, 105, 4, 123, 108, 57, 113, 116, 110, 24, 117, 98, 80]",64,236,0.7866480946540833,0.7917777895927429,-0.005129694938659668
156,4,boundary_removal,random,12,25,"[136, 76, 70, 48, 142, 102, 86, 0, 133, 71, 34, 103, 54, 56, 12, 120, 16, 19, 116, 22, 46, 41, 24, 92, 98]",64,236,0.7866480946540833,0.8017778396606445,-0.01512974500656128
156,4,boundary_removal,random,13,25,"[87, 59, 100, 27, 65, 142, 137, 102, 101, 114, 90, 105, 107, 4, 97, 16, 123, 47, 37, 40, 125, 41, 117, 21, 80]",64,236,0.7866480946540833,0.8181033730506897,-0.031455278396606445
156,4,boundary_removal,random,14,25,"[0, 44, 139, 100, 59, 82, 137, 83, 78, 130, 101, 93, 97, 60, 34, 94, 81, 33, 22, 99, 58, 117, 24, 21, 92]",64,236,0.7866480946540833,0.7971653938293457,-0.010517299175262451
156,4,boundary_removal,random,15,25,"[55, 25, 53, 82, 85, 27, 44, 68, 34, 130, 32, 38, 62, 114, 71, 108, 35, 126, 99, 113, 14, 117, 24, 98, 80]",64,236,0.7866480946540833,0.8205745220184326,-0.033926427364349365
156,4,boundary_removal,random,16,25,"[89, 66, 69, 70, 139, 53, 85, 67, 79, 132, 133, 73, 88, 130, 107, 123, 120, 31, 40, 116, 125, 119, 24, 92, 98]",64,236,0.7866480946540833,0.8291289806365967,-0.04248088598251343
156,4,boundary_removal,random,17,25,"[59, 136, 140, 68, 83, 142, 86, 102, 111, 78, 93, 105, 36, 7, 34, 47, 33, 35, 116, 22, 134, 41, 24, 21, 18]",64,236,0.7866480946540833,0.7945156693458557,-0.007867574691772461
156,4,boundary_removal,random,18,25,"[102, 82, 139, 83, 72, 51, 136, 2, 15, 133, 78, 62, 20, 60, 107, 33, 123, 81, 22, 116, 110, 41, 24, 21, 98]",64,236,0.7866480946540833,0.8232080340385437,-0.03655993938446045
156,4,boundary_removal,random,19,25,"[139, 83, 141, 27, 59, 84, 51, 69, 90, 127, 130, 13, 79, 56, 105, 81, 47, 91, 113, 40, 110, 24, 41, 98, 18]",64,236,0.7866480946540833,0.809481680393219,-0.022833585739135742
156,4,boundary_removal,random,20,25,"[69, 2, 89, 86, 65, 68, 52, 53, 101, 73, 127, 71, 132, 78, 105, 16, 108, 94, 99, 37, 63, 41, 119, 98, 18]",64,236,0.7866480946540833,0.7882246971130371,-0.0015766024589538574
162,1,node_removal,target,0,50,"[0, 1, 2, 3, 4, 5, 6, 7, 8, 9, 10, 11, 12, 13, 14, 15, 16, 17, 18, 21, 22, 23, 24, 25, 26, 29, 30, 31, 32, 33, 34, 38, 39, 40, 41, 48, 49, 50, 51, 52, 53, 54, 56, 57, 58, 59, 60, 61, 62, 63]",14,36,0.9954476356506348,0.9741630554199219,0.02128458023071289
162,1,node_removal,random,1,50,"[35, 44, 21, 55, 1, 3, 15, 24, 7, 34, 23, 16, 31, 32, 37, 56, 20, 61, 4, 0, 39, 57, 19, 42, 63, 62, 22, 2, 48, 30, 6, 52, 54, 38, 53, 5, 47, 51, 12, 10, 25, 46, 40, 17, 50, 11, 41, 14, 49, 9]",14,14,0.9954476356506348,0.9961097240447998,-0.0006620883941650391
162,1,node_removal,random,2,50,"[44, 29, 18, 0, 15, 59, 27, 56, 34, 55, 4, 42, 16, 26, 23, 32, 37, 57, 36, 28, 61, 43, 39, 20, 58, 19, 17, 11, 30, 50, 33, 10, 51, 53, 5, 54, 40, 13, 47, 38, 22, 41, 12, 46, 25, 2, 6, 49, 14, 9]",14,6,0.9954476356506348,0.9893770813941956,0.006070554256439209
162,1,node_removal,random,3,50,"[60, 7, 58, 27, 56, 19, 45, 59, 24, 63, 35, 4, 3, 39, 44, 29, 34, 18, 20, 23, 55, 8, 31, 0, 15, 28, 52, 46, 6, 25, 41, 13, 47, 10, 22, 2, 48, 53, 40, 17, 33, 54, 38, 30, 5, 50, 11, 49, 14, 9]",14,8,0.9954476356506348,0.9985364079475403,-0.0030887722969055176
162,1,node_removal,random,4,50,"[34, 55, 39, 44, 28, 20, 24, 7, 4, 21, 0, 26, 18, 23, 43, 58, 62, 59, 3, 45, 42, 57, 35, 31, 61, 36, 17, 47, 10, 50, 5, 51, 48, 13, 54, 11, 2, 53, 46, 30, 41, 33, 40, 52, 22, 38, 25, 14, 49, 9]",14,10,0.9954476356506348,0.998472273349762,-0.0030246376991271973
162,1,node_removal,random,5,50,"[24, 36, 23, 26, 18, 57, 58, 42, 63, 29, 3, 45, 59, 34, 8, 39, 28, 31, 16, 55, 56, 37, 27, 0, 15, 43, 38, 33, 30, 54, 53, 2, 48, 10, 41, 40, 12, 5, 52, 6, 25, 17, 47, 22, 51, 13, 50, 14, 49, 9]",14,12,0.9954476356506348,0.9885895848274231,0.00685805082321167
162,1,node_removal,random,6,50,"[8, 34, 15, 3, 56, 18, 57, 36, 4, 1, 35, 27, 63, 26, 29, 23, 45, 19, 44, 16, 7, 20, 60, 61, 42, 55, 13, 53, 25, 22, 51, 48, 50, 33, 47, 6, 17, 11, 46, 41, 5, 52, 38, 10, 30, 54, 2, 14, 49, 9]",14,8,0.9954476356506348,0.9926720261573792,0.0027756094932556152
162,1,node_removal,random,7,50,"[45, 7, 26, 23, 44, 8, 58, 63, 34, 57, 35, 43, 27, 28, 55, 21, 29, 0, 15, 31, 1, 18, 4, 39, 20, 24, 12, 11, 17, 6, 41, 22, 53, 30, 38, 13, 52, 46, 10, 40, 48, 33, 51, 2, 50, 54, 5, 14, 49, 9]",14,10,0.9954476356506348,0.9976876378059387,-0.002240002155303955
162,1,node_removal,random,8,50,"[29, 32, 15, 3, 0, 31, 45, 8, 57, 36, 4, 63, 59, 43, 42, 26, 18, 44, 34, 56, 61, 21, 37, 28, 23, 60, 10, 40, 54, 47, 25, 46, 50, 53, 52, 51, 12, 13, 48, 17, 6, 38, 11, 33, 2, 30, 41, 49, 14, 9]",14,10,0.9954476356506348,0.9964544177055359,-0.001006782054901123
162,1,node_removal,random,9,50,"[8, 57, 18, 55, 58, 7, 35, 29, 31, 60, 44, 3, 43, 21, 42, 32, 23, 28, 59, 26, 19, 34, 24, 1, 16, 37, 22, 6, 2, 30, 53, 33, 51, 40, 5, 25, 13, 52, 46, 38, 17, 47, 50, 48, 54, 12, 11, 14, 49, 9]",14,4,0.9954476356506348,0.9952502250671387,0.00019741058349609375
162,1,node_removal,random,10,50,"[28, 44, 19, 55, 59, 56, 21, 35, 58, 7, 34, 0, 57, 27, 24, 62, 4, 16, 15, 31, 32, 43, 42, 1, 8, 29, 13, 6, 22, 38, 30, 33, 52, 11, 25, 48, 40, 2, 47, 17, 41, 46, 54, 53, 50, 51, 5, 14, 49, 9]",14,14,0.9954476356506348,0.9991539120674133,-0.0037062764167785645
162,1,node_removal,random,11,50,"[7, 0, 57, 21, 16, 39, 28, 45, 44, 18, 15, 34, 56, 1, 24, 31, 36, 43, 3, 20, 61, 19, 60, 37, 59, 42, 11, 38, 54, 52, 53, 12, 47, 5, 10, 2, 41, 25, 13, 48, 40, 51, 30, 6, 33, 50, 22, 49, 14, 9]",14,10,0.9954476356506348,0.9947047233581543,0.0007429122924804688
162,1,node_removal,random,12,50,"[42, 16, 60, 37, 29, 43, 62, 63, 34, 15, 39, 26, 28, 0, 4, 58, 7, 18, 59, 21, 3, 8, 45, 44, 57, 61, 47, 6, 48, 52, 12, 46, 38, 5, 51, 13, 22, 40, 54, 25, 10, 17, 33, 53, 2, 41, 30, 49, 14, 9]",14,14,0.9954476356506348,0.9874193668365479,0.008028268814086914
162,1,node_removal,random,13,50,"[31, 1, 8, 62, 19, 55, 32, 15, 18, 39, 26, 58, 61, 16, 57, 43, 37, 42, 21, 35, 45, 24, 4, 63, 20, 27, 5, 40, 47, 53, 30, 38, 12, 13, 10, 2, 52, 17, 48, 54, 22, 46, 33, 25, 11, 6, 50, 49, 14, 9]",14,12,0.9954476356506348,0.9924891591072083,0.0029584765434265137
162,1,node_removal,random,14,50,"[55, 21, 44, 45, 15, 0, 60, 23, 39, 63, 42, 19, 61, 34, 43, 24, 58, 28, 20, 27, 32, 18, 62, 36, 37, 8, 46, 33, 30, 52, 6, 5, 41, 53, 50, 51, 54, 25, 48, 22, 40, 17, 47, 11, 2, 13, 10, 14, 49, 9]",14,6,0.9954476356506348,0.9901590347290039,0.005288600921630859
162,1,node_removal,random,15,50,"[55, 58, 20, 39, 4, 37, 36, 23, 7, 0, 59, 56, 34, 31, 44, 3, 26, 1, 18, 35, 57, 16, 32, 43, 24, 19, 53, 13, 2, 17, 12, 47, 11, 38, 41, 25, 50, 46, 22, 52, 40, 48, 33, 30, 54, 5, 6, 49, 14, 9]",14,14,0.9954476356506348,0.9884142875671387,0.007033348083496094
162,1,node_removal,random,16,50,"[27, 7, 62, 15, 8, 45, 23, 59, 39, 1, 34, 26, 32, 56, 28, 16, 31, 57, 61, 18, 60, 24, 4, 36, 44, 21, 6, 11, 40, 53, 12, 17, 38, 48, 52, 47, 51, 46, 30, 2, 50, 41, 22, 10, 25, 54, 5, 14, 49, 9]",14,10,0.9954476356506348,0.997829258441925,-0.002381622791290283
162,1,node_removal,random,17,50,"[62, 60, 7, 45, 59, 31, 39, 37, 63, 27, 21, 3, 42, 0, 34, 58, 24, 26, 28, 29, 4, 55, 44, 20, 32, 23, 10, 47, 41, 25, 48, 53, 38, 12, 5, 33, 51, 52, 17, 30, 46, 2, 22, 50, 54, 40, 13, 49, 14, 9]",14,16,0.9954476356506348,0.998154878616333,-0.002707242965698242
162,1,node_removal,random,18,50,"[20, 35, 27, 19, 34, 24, 43, 56, 21, 42, 29, 26, 36, 58, 8, 39, 60, 1, 45, 15, 62, 63, 59, 4, 28, 18, 30, 54, 17, 53, 13, 11, 22, 2, 38, 47, 46, 10, 48, 25, 33, 6, 52, 41, 40, 5, 51, 14, 49, 9]",14,2,0.9954476356506348,0.998849630355835,-0.0034019947052001953
162,1,node_removal,random,19,50,"[0, 44, 42, 43, 3, 31, 32, 36, 21, 55, 59, 18, 61, 58, 35, 63, 60, 4, 26, 16, 57, 23, 8, 1, 24, 29, 10, 30, 38, 50, 25, 22, 5, 54, 17, 47, 48, 40, 6, 2, 41, 52, 53, 51, 46, 11, 33, 14, 49, 9]",14,16,0.9954476356506348,0.9854466915130615,0.010000944137573242
162,1,node_removal,random,20,50,"[24, 37, 31, 43, 28, 44, 42, 56, 0, 45, 7, 55, 4, 21, 34, 3, 19, 63, 39, 60, 32, 26, 8, 59, 1, 35, 33, 40, 22, 38, 25, 30, 10, 12, 5, 51, 47, 17, 52, 41, 2, 6, 54, 11, 13, 46, 53, 49, 14, 9]",14,10,0.9954476356506348,0.9989752173423767,-0.0035275816917419434
162,1,boundary_removal,target,0,22,"[34, 36, 48, 52, 65, 69, 72, 82, 83, 88, 91, 92, 93, 97, 101, 103, 105, 107, 109, 112, 132, 135]",64,242,0.9954476356506348,0.9962719082832336,-0.000824272632598877
162,1,boundary_removal,random,1,22,"[139, 69, 48, 70, 27, 0, 65, 136, 127, 45, 107, 93, 101, 36, 79, 105, 71, 106, 19, 123, 18, 1]",64,242,0.9954476356506348,0.9955331683158875,-8.553266525268555e-05
162,1,boundary_removal,random,2,22,"[137, 66, 87, 2, 104, 10, 135, 89, 20, 130, 73, 62, 60, 45, 90, 132, 15, 103, 19, 91, 18, 112]",64,242,0.9954476356506348,0.9943535923957825,0.001094043254852295
162,1,boundary_removal,random,3,22,"[141, 136, 87, 138, 100, 48, 76, 52, 90, 32, 127, 43, 4, 133, 101, 20, 88, 132, 19, 16, 18, 112]",64,242,0.9954476356506348,0.994673490524292,0.0007741451263427734
162,1,boundary_removal,random,4,22,"[66, 50, 2, 69, 42, 104, 84, 0, 77, 79, 15, 105, 133, 43, 106, 124, 107, 103, 35, 108, 80, 1]",64,242,0.9954476356506348,0.9950383305549622,0.0004093050956726074
162,1,boundary_removal,random,5,22,"[51, 137, 140, 67, 25, 84, 76, 102, 73, 62, 127, 133, 77, 121, 79, 88, 107, 32, 57, 19, 92, 112]",64,242,0.9954476356506348,0.9949653744697571,0.00048226118087768555
162,1,boundary_removal,random,6,22,"[42, 139, 10, 142, 136, 138, 135, 25, 38, 36, 15, 4, 79, 78, 105, 93, 90, 71, 108, 35, 80, 96]",64,242,0.9954476356506348,0.9947628378868103,0.0006847977638244629
162,1,boundary_removal,random,7,22,"[10, 25, 67, 138, 0, 44, 69, 137, 130, 88, 114, 38, 107, 121, 133, 45, 15, 34, 108, 95, 80, 112]",64,242,0.9954476356506348,0.9954054951667786,4.214048385620117e-05
162,1,boundary_removal,random,8,22,"[104, 51, 25, 10, 137, 86, 83, 65, 111, 45, 60, 78, 32, 130, 12, 13, 7, 90, 64, 16, 21, 17]",64,242,0.9954476356506348,0.995043933391571,0.0004037022590637207
162,1,boundary_removal,random,9,22,"[65, 27, 70, 102, 72, 83, 69, 68, 121, 111, 97, 127, 20, 7, 38, 133, 78, 105, 57, 95, 92, 1]",64,242,0.9954476356506348,0.9956783652305603,-0.0002307295799255371
162,1,boundary_removal,random,10,22,"[25, 136, 86, 69, 27, 72, 67, 76, 20, 105, 107, 132, 93, 101, 38, 32, 60, 103, 31, 95, 21, 17]",64,242,0.9954476356506348,0.9956304430961609,-0.00018280744552612305
162,1,boundary_removal,random,11,22,"[66, 51, 25, 49, 142, 61, 50, 55, 79, 20, 105, 127, 36, 45, 93, 132, 121, 12, 9, 64, 80, 96]",64,242,0.9954476356506348,0.9950693249702454,0.0003783106803894043
162,1,boundary_removal,random,12,22,"[140, 66, 51, 136, 86, 82, 55, 84, 127, 124, 101, 60, 103, 97, 20, 56, 45, 79, 47, 35, 21, 17]",64,242,0.9954476356506348,0.9950590133666992,0.0003886222839355469
162,1,boundary_removal,random,13,22,"[70, 61, 137, 48, 89, 136, 49, 84, 78, 60, 97, 93, 133, 103, 106, 88, 79, 77, 35, 129, 92, 96]",64,242,0.9954476356506348,0.9953641295433044,8.350610733032227e-05
162,1,boundary_removal,random,14,22,"[59, 100, 69, 139, 142, 25, 102, 137, 106, 79, 114, 121, 105, 77, 60, 32, 45, 15, 91, 126, 18, 112]",64,242,0.9954476356506348,0.9946016669273376,0.0008459687232971191
162,1,boundary_removal,random,15,22,"[52, 72, 2, 135, 140, 137, 138, 102, 34, 124, 45, 54, 56, 60, 88, 93, 107, 20, 126, 123, 21, 112]",64,242,0.9954476356506348,0.995110809803009,0.0003368258476257324
162,1,boundary_removal,random,16,22,"[59, 104, 65, 67, 69, 68, 137, 48, 71, 101, 60, 103, 12, 132, 106, 121, 127, 73, 126, 16, 92, 1]",64,242,0.9954476356506348,0.9954916834831238,-4.404783248901367e-05
162,1,boundary_removal,random,17,22,"[72, 0, 142, 65, 87, 102, 83, 76, 45, 34, 107, 90, 103, 127, 43, 7, 93, 15, 57, 33, 92, 17]",64,242,0.9954476356506348,0.9955682754516602,-0.00012063980102539062
162,1,boundary_removal,random,18,22,"[86, 69, 141, 65, 140, 55, 70, 84, 130, 132, 13, 7, 127, 78, 15, 77, 56, 20, 129, 91, 92, 112]",64,242,0.9954476356506348,0.9951266646385193,0.0003209710121154785
162,1,boundary_removal,random,19,22,"[86, 104, 48, 59, 139, 65, 82, 27, 90, 45, 60, 107, 34, 78, 13, 97, 56, 105, 129, 94, 18, 1]",64,242,0.9954476356506348,0.9954348206520081,1.2814998626708984e-05
162,1,boundary_removal,random,20,22,"[138, 53, 52, 0, 51, 70, 55, 140, 78, 43, 15, 7, 90, 56, 79, 12, 103, 93, 74, 31, 98, 112]",64,242,0.9954476356506348,0.9950212836265564,0.00042635202407836914
162,4,node_removal,target,0,14,"[19, 20, 27, 28, 35, 36, 37, 42, 43, 44, 45, 46, 47, 55]",50,206,0.9954476356506348,0.9978179335594177,-0.002370297908782959
162,4,node_removal,random,1,14,"[29, 42, 18, 23, 62, 1, 35, 63, 39, 45, 7, 31, 2, 46]",50,180,0.9954476356506348,0.9970226287841797,-0.0015749931335449219
162,4,node_removal,random,2,14,"[28, 29, 44, 61, 3, 60, 35, 7, 24, 21, 18, 16, 2, 54]",50,180,0.9954476356506348,0.9931902885437012,0.0022573471069335938
162,4,node_removal,random,3,14,"[36, 7, 45, 42, 20, 1, 39, 37, 19, 34, 32, 28, 5, 48]",50,184,0.9954476356506348,0.9980847239494324,-0.0026370882987976074
162,4,node_removal,random,4,14,"[28, 27, 34, 23, 19, 32, 39, 37, 20, 29, 16, 57, 48, 6]",50,184,0.9954476356506348,0.9971210956573486,-0.0016734600067138672
162,4,node_removal,random,5,14,"[36, 60, 28, 20, 32, 21, 58, 42, 37, 0, 4, 39, 5, 22]",50,182,0.9954476356506348,0.9961812496185303,-0.0007336139678955078
162,4,node_removal,random,6,14,"[8, 57, 44, 35, 62, 16, 59, 31, 4, 23, 1, 29, 6, 12]",50,178,0.9954476356506348,0.9943132400512695,0.0011343955993652344
162,4,node_removal,random,7,14,"[16, 3, 31, 62, 32, 37, 1, 36, 34, 19, 55, 15, 2, 53]",50,178,0.9954476356506348,0.9970607757568359,-0.0016131401062011719
162,4,node_removal,random,8,14,"[57, 36, 28, 45, 29, 1, 21, 31, 8, 20, 24, 15, 10, 12]",50,184,0.9954476356506348,0.995762825012207,-0.0003151893615722656
162,4,node_removal,random,9,14,"[27, 23, 62, 34, 63, 20, 24, 7, 31, 45, 44, 19, 48, 41]",50,182,0.9954476356506348,0.9967625737190247,-0.0013149380683898926
162,4,node_removal,random,10,14,"[58, 55, 57, 45, 29, 15, 32, 18, 36, 31, 43, 3, 38, 52]",50,172,0.9954476356506348,0.9959182739257812,-0.0004706382751464844
162,4,node_removal,random,11,14,"[32, 7, 23, 31, 20, 43, 26, 56, 35, 61, 44, 8, 50, 51]",50,180,0.9954476356506348,0.9933958649635315,0.0020517706871032715
162,4,node_removal,random,12,14,"[44, 16, 1, 59, 4, 56, 28, 36, 7, 55, 58, 63, 11, 25]",50,180,0.9954476356506348,0.9935711026191711,0.001876533031463623
162,4,node_removal,random,13,14,"[35, 20, 37, 62, 16, 44, 45, 55, 15, 63, 59, 4, 46, 13]",50,182,0.9954476356506348,0.9950960278511047,0.0003516077995300293
162,4,node_removal,random,14,14,"[16, 57, 63, 18, 3, 62, 37, 32, 8, 45, 7, 42, 10, 54]",50,184,0.9954476356506348,0.9954236149787903,2.4020671844482422e-05
162,4,node_removal,random,15,14,"[55, 63, 1, 31, 29, 62, 59, 43, 44, 58, 19, 60, 48, 40]",50,182,0.9954476356506348,0.9958057403564453,-0.0003581047058105469
162,4,node_removal,random,16,14,"[21, 59, 58, 3, 32, 63, 24, 27, 8, 55, 20, 56, 30, 11]",50,180,0.9954476356506348,0.9938390851020813,0.0016085505485534668
162,4,node_removal,random,17,14,"[43, 28, 35, 58, 45, 20, 24, 18, 26, 7, 16, 60, 53, 47]",50,180,0.9954476356506348,0.9949302673339844,0.0005173683166503906
162,4,node_removal,random,18,14,"[39, 44, 56, 60, 45, 1, 8, 35, 7, 27, 59, 37, 2, 17]",50,182,0.9954476356506348,0.9961972236633301,-0.0007495880126953125
162,4,node_removal,random,19,14,"[3, 39, 44, 31, 19, 63, 1, 23, 24, 42, 21, 55, 46, 12]",50,178,0.9954476356506348,0.9941744804382324,0.0012731552124023438
162,4,node_removal,random,20,14,"[31, 56, 26, 62, 37, 63, 35, 34, 60, 45, 55, 3, 30, 33]",50,184,0.9954476356506348,0.995972216129303,-0.0005245804786682129
162,4,boundary_removal,target,0,22,"[34, 36, 48, 52, 65, 69, 72, 82, 83, 88, 91, 92, 93, 97, 101, 103, 105, 107, 109, 112, 132, 135]",64,242,0.9954476356506348,0.9962719082832336,-0.000824272632598877
162,4,boundary_removal,random,1,22,"[84, 52, 69, 49, 48, 51, 89, 87, 79, 13, 56, 34, 93, 133, 90, 107, 4, 114, 31, 94, 80, 17]",64,242,0.9954476356506348,0.9956316947937012,-0.00018405914306640625
162,4,boundary_removal,random,2,22,"[86, 53, 52, 27, 0, 49, 51, 135, 32, 71, 132, 121, 43, 103, 111, 77, 78, 105, 35, 108, 92, 17]",64,242,0.9954476356506348,0.9952183365821838,0.00022929906845092773
162,4,boundary_removal,random,3,22,"[42, 135, 76, 139, 104, 49, 65, 68, 133, 114, 103, 101, 127, 78, 121, 90, 105, 77, 123, 47, 98, 96]",64,242,0.9954476356506348,0.9953255653381348,0.0001220703125
162,4,boundary_removal,random,4,22,"[61, 142, 48, 84, 136, 141, 44, 10, 77, 107, 97, 12, 71, 45, 130, 132, 79, 106, 81, 35, 92, 1]",64,242,0.9954476356506348,0.9953200817108154,0.00012755393981933594
162,4,boundary_removal,random,5,22,"[69, 102, 89, 100, 48, 44, 70, 136, 101, 111, 132, 45, 88, 105, 60, 7, 32, 114, 47, 33, 21, 96]",64,242,0.9954476356506348,0.9952594637870789,0.0001881718635559082
162,4,boundary_removal,random,6,22,"[83, 137, 67, 2, 139, 76, 25, 142, 7, 36, 43, 106, 12, 32, 38, 103, 88, 107, 19, 35, 92, 96]",64,242,0.9954476356506348,0.9951324462890625,0.0003151893615722656
162,4,boundary_removal,random,7,22,"[67, 76, 87, 100, 104, 52, 137, 140, 88, 111, 78, 93, 34, 121, 62, 60, 73, 77, 129, 109, 80, 17]",64,242,0.9954476356506348,0.9950127601623535,0.00043487548828125
162,4,boundary_removal,random,8,22,"[70, 85, 25, 52, 86, 50, 141, 72, 38, 90, 45, 114, 62, 132, 32, 77, 111, 127, 35, 81, 18, 17]",64,242,0.9954476356506348,0.9948793053627014,0.0005683302879333496
162,4,boundary_removal,random,9,22,"[142, 83, 87, 72, 48, 70, 139, 42, 12, 71, 130, 20, 107, 73, 88, 127, 13, 34, 64, 91, 98, 112]",64,242,0.9954476356506348,0.9955413937568665,-9.375810623168945e-05
162,4,boundary_removal,random,10,22,"[68, 104, 85, 70, 69, 42, 84, 140, 97, 103, 32, 7, 12, 20, 90, 73, 133, 4, 64, 91, 18, 17]",64,242,0.9954476356506348,0.9950070977210999,0.0004405379295349121
162,4,boundary_removal,random,11,22,"[83, 82, 76, 10, 52, 67, 65, 72, 71, 73, 4, 15, 106, 114, 111, 101, 133, 20, 33, 81, 98, 112]",64,242,0.9954476356506348,0.996039628982544,-0.0005919933319091797
162,4,boundary_removal,random,12,22,"[142, 66, 135, 86, 50, 82, 0, 138, 32, 111, 79, 54, 15, 20, 36, 101, 88, 71, 120, 64, 80, 96]",64,242,0.9954476356506348,0.994898796081543,0.0005488395690917969
162,4,boundary_removal,random,13,22,"[0, 42, 69, 72, 51, 89, 59, 137, 130, 12, 38, 114, 88, 43, 62, 34, 13, 93, 33, 47, 21, 17]",64,242,0.9954476356506348,0.9952386021614075,0.00020903348922729492
162,4,boundary_removal,random,14,22,"[42, 51, 44, 49, 72, 27, 87, 61, 130, 73, 34, 20, 62, 12, 4, 133, 56, 90, 33, 9, 21, 112]",64,242,0.9954476356506348,0.9948590397834778,0.0005885958671569824
162,4,boundary_removal,random,15,22,"[100, 61, 0, 135, 82, 53, 85, 25, 56, 97, 127, 114, 124, 77, 111, 13, 43, 103, 91, 35, 21, 17]",64,242,0.9954476356506348,0.9951336979866028,0.0003139376640319824
162,4,boundary_removal,random,16,22,"[87, 66, 140, 68, 85, 59, 65, 76, 133, 71, 20, 132, 90, 107, 79, 106, 105, 32, 64, 129, 21, 17]",64,242,0.9954476356506348,0.9951806664466858,0.0002669692039489746
162,4,boundary_removal,random,17,22,"[55, 59, 84, 141, 51, 137, 139, 44, 12, 71, 13, 7, 79, 78, 45, 105, 114, 54, 64, 35, 98, 96]",64,242,0.9954476356506348,0.9949037432670593,0.0005438923835754395
162,4,boundary_removal,random,18,22,"[140, 2, 82, 49, 48, 59, 87, 138, 111, 90, 62, 107, 38, 79, 88, 101, 114, 124, 91, 16, 21, 96]",64,242,0.9954476356506348,0.9948753714561462,0.0005722641944885254
162,4,boundary_removal,random,19,22,"[76, 52, 0, 135, 55, 50, 53, 68, 60, 62, 32, 7, 13, 73, 121, 56, 93, 20, 9, 95, 18, 1]",64,242,0.9954476356506348,0.995187520980835,0.0002601146697998047
162,4,boundary_removal,random,20,22,"[136, 61, 50, 55, 2, 10, 138, 0, 121, 36, 111, 133, 132, 130, 38, 114, 62, 77, 81, 64, 92, 96]",64,242,0.9954476356506348,0.9947349429130554,0.0007126927375793457
178,1,node_removal,target,0,5,"[40, 41, 48, 49, 56]",59,252,0.9969061017036438,0.99593585729599,0.0009702444076538086
178,1,node_removal,random,1,5,"[36, 41, 13, 51, 49]",59,238,0.9969061017036438,0.9966666102409363,0.00023949146270751953
178,1,node_removal,random,2,5,"[28, 6, 46, 50, 14]",59,238,0.9969061017036438,0.9972912669181824,-0.0003851652145385742
178,1,node_removal,random,3,5,"[44, 6, 53, 33, 14]",59,238,0.9969061017036438,0.9963597655296326,0.0005463361740112305
178,1,node_removal,random,4,5,"[36, 52, 2, 11, 14]",59,236,0.9969061017036438,0.9970638751983643,-0.00015777349472045898
178,1,node_removal,random,5,5,"[4, 2, 30, 38, 14]",59,238,0.9969061017036438,0.9971713423728943,-0.0002652406692504883
178,1,node_removal,random,6,5,"[61, 22, 10, 5, 14]",59,238,0.9969061017036438,0.9964969754219055,0.00040912628173828125
178,1,node_removal,random,7,5,"[0, 47, 54, 10, 14]",59,236,0.9969061017036438,0.9963834881782532,0.000522613525390625
178,1,node_removal,random,8,5,"[4, 12, 2, 46, 14]",59,238,0.9969061017036438,0.9968612790107727,4.482269287109375e-05
178,1,node_removal,random,9,5,"[60, 11, 30, 47, 14]",59,236,0.9969061017036438,0.9965567588806152,0.00034934282302856445
178,1,node_removal,random,10,5,"[4, 6, 53, 13, 49]",59,238,0.9969061017036438,0.9965683817863464,0.0003377199172973633
178,1,node_removal,random,11,5,"[28, 50, 17, 38, 14]",59,236,0.9969061017036438,0.9974977970123291,-0.0005916953086853027
178,1,node_removal,random,12,5,"[23, 47, 11, 6, 49]",59,236,0.9969061017036438,0.9965105056762695,0.0003955960273742676
178,1,node_removal,random,13,5,"[35, 52, 2, 53, 49]",59,238,0.9969061017036438,0.9969608783721924,-5.4776668548583984e-05
178,1,node_removal,random,14,5,"[35, 2, 40, 38, 49]",59,236,0.9969061017036438,0.996849000453949,5.710124969482422e-05
178,1,node_removal,random,15,5,"[20, 5, 30, 2, 49]",59,236,0.9969061017036438,0.9969144463539124,-8.344650268554688e-06
178,1,node_removal,random,16,5,"[3, 51, 48, 30, 49]",59,238,0.9969061017036438,0.99680095911026,0.00010514259338378906
178,1,node_removal,random,17,5,"[36, 41, 13, 5, 49]",59,240,0.9969061017036438,0.9965224266052246,0.00038367509841918945
178,1,node_removal,random,18,5,"[16, 33, 5, 30, 49]",59,236,0.9969061017036438,0.9964529871940613,0.00045311450958251953
178,1,node_removal,random,19,5,"[8, 2, 48, 13, 14]",59,238,0.9969061017036438,0.9965758323669434,0.00033026933670043945
178,1,node_removal,random,20,5,"[36, 25, 11, 48, 49]",59,238,0.9969061017036438,0.9966737627983093,0.00023233890533447266
178,1,boundary_removal,target,0,9,"[78, 80, 81, 97, 115, 116, 118, 119, 136]",64,268,0.9969061017036438,0.9968358874320984,7.021427154541016e-05
178,1,boundary_removal,random,1,9,"[61, 124, 97, 118, 64, 40, 63, 117, 80]",64,268,0.9969061017036438,0.9968053698539734,0.00010073184967041016
178,1,boundary_removal,random,2,9,"[27, 54, 4, 118, 129, 113, 110, 24, 18]",64,268,0.9969061017036438,0.9968236088752747,8.249282836914062e-05
178,1,boundary_removal,random,3,9,"[52, 32, 73, 39, 33, 113, 134, 119, 21]",64,268,0.9969061017036438,0.9968964457511902,9.655952453613281e-06
178,1,boundary_removal,random,4,9,"[83, 127, 60, 39, 19, 40, 63, 119, 21]",64,268,0.9969061017036438,0.9968667030334473,3.93986701965332e-05
178,1,boundary_removal,random,5,9,"[65, 71, 111, 118, 74, 40, 131, 119, 18]",64,268,0.9969061017036438,0.9969393610954285,-3.325939178466797e-05
178,1,boundary_removal,random,6,9,"[25, 124, 103, 39, 123, 22, 14, 117, 92]",64,268,0.9969061017036438,0.9968569874763489,4.9114227294921875e-05
178,1,boundary_removal,random,7,9,"[70, 12, 114, 39, 57, 99, 128, 117, 92]",64,268,0.9969061017036438,0.9967732429504395,0.0001328587532043457
178,1,boundary_removal,random,8,9,"[87, 90, 78, 39, 120, 99, 110, 41, 80]",64,268,0.9969061017036438,0.9968318343162537,7.426738739013672e-05
178,1,boundary_removal,random,9,9,"[139, 93, 43, 118, 95, 40, 46, 117, 98]",64,268,0.9969061017036438,0.9968490600585938,5.704164505004883e-05
178,1,boundary_removal,random,10,9,"[136, 106, 78, 39, 108, 99, 46, 41, 98]",64,268,0.9969061017036438,0.9968598484992981,4.6253204345703125e-05
178,1,boundary_removal,random,11,9,"[84, 12, 130, 118, 31, 37, 58, 24, 80]",64,268,0.9969061017036438,0.9967803955078125,0.00012570619583129883
178,1,boundary_removal,random,12,9,"[61, 4, 107, 39, 126, 40, 75, 119, 92]",64,268,0.9969061017036438,0.9967606067657471,0.00014549493789672852
178,1,boundary_removal,random,13,9,"[137, 90, 97, 118, 64, 99, 115, 117, 92]",64,268,0.9969061017036438,0.9967062473297119,0.00019985437393188477
178,1,boundary_removal,random,14,9,"[87, 45, 114, 118, 35, 40, 128, 24, 21]",64,268,0.9969061017036438,0.9968611598014832,4.494190216064453e-05
178,1,boundary_removal,random,15,9,"[25, 73, 130, 39, 94, 113, 115, 117, 92]",64,268,0.9969061017036438,0.996774435043335,0.0001316666603088379
178,1,boundary_removal,random,16,9,"[10, 32, 97, 39, 9, 113, 115, 41, 92]",64,268,0.9969061017036438,0.9968793392181396,2.676248550415039e-05
178,1,boundary_removal,random,17,9,"[69, 111, 13, 39, 126, 116, 128, 41, 92]",64,268,0.9969061017036438,0.9968289732933044,7.712841033935547e-05
178,1,boundary_removal,random,18,9,"[68, 107, 132, 118, 57, 40, 14, 119, 18]",64,268,0.9969061017036438,0.9968665242195129,3.9577484130859375e-05
178,1,boundary_removal,random,19,9,"[65, 105, 106, 118, 120, 113, 110, 117, 80]",64,268,0.9969061017036438,0.9969615340232849,-5.543231964111328e-05
178,1,boundary_removal,random,20,9,"[50, 130, 114, 118, 94, 113, 131, 117, 98]",64,268,0.9969061017036438,0.9968124032020569,9.369850158691406e-05
178,4,node_removal,target,0,59,"[0, 1, 2, 3, 4, 5, 6, 7, 8, 9, 10, 11, 12, 13, 14, 15, 16, 17, 18, 19, 20, 21, 22, 23, 24, 25, 26, 27, 28, 29, 30, 31, 32, 33, 34, 35, 36, 37, 38, 39, 42, 43, 44, 45, 46, 47, 50, 51, 52, 53, 54, 55, 57, 58, 59, 60, 61, 62, 63]",5,16,0.9969061017036438,0.9997790455818176,-0.002872943878173828
178,4,node_removal,random,1,59,"[28, 58, 27, 63, 45, 20, 39, 35, 59, 62, 24, 60, 37, 8, 0, 31, 1, 36, 21, 44, 56, 57, 26, 15, 55, 16, 4, 61, 19, 23, 3, 34, 32, 29, 42, 43, 18, 54, 17, 13, 11, 53, 51, 5, 41, 12, 22, 48, 52, 50, 46, 25, 2, 6, 38, 40, 10, 14, 9]",5,0,0.9969061017036438,0.9994813799858093,-0.0025752782821655273
178,4,node_removal,random,2,59,"[16, 27, 20, 61, 7, 39, 44, 58, 60, 36, 42, 32, 18, 28, 8, 26, 59, 57, 15, 21, 37, 1, 62, 3, 56, 63, 35, 0, 31, 45, 34, 23, 4, 43, 19, 29, 24, 52, 5, 13, 50, 30, 46, 22, 6, 12, 33, 10, 48, 54, 38, 53, 41, 2, 40, 17, 47, 49, 9]",5,0,0.9969061017036438,0.9992976784706116,-0.0023915767669677734
178,4,node_removal,random,3,59,"[26, 56, 1, 58, 43, 32, 19, 35, 18, 61, 45, 62, 63, 55, 23, 57, 15, 27, 20, 44, 36, 7, 16, 21, 0, 28, 24, 34, 8, 3, 4, 29, 31, 42, 37, 39, 60, 17, 50, 47, 40, 12, 22, 6, 10, 48, 52, 53, 46, 54, 2, 33, 5, 13, 41, 25, 11, 49, 9]",5,4,0.9969061017036438,0.9823946952819824,0.014511406421661377
178,4,node_removal,random,4,59,"[37, 60, 59, 63, 55, 62, 31, 45, 4, 28, 27, 20, 56, 24, 15, 8, 39, 57, 18, 36, 29, 43, 23, 3, 1, 34, 19, 21, 26, 16, 61, 58, 42, 7, 0, 35, 32, 17, 22, 46, 52, 30, 11, 13, 48, 25, 6, 2, 33, 5, 53, 50, 40, 54, 12, 47, 41, 14, 9]",5,0,0.9969061017036438,0.9564234614372253,0.04048264026641846
178,4,node_removal,random,5,59,"[39, 57, 15, 56, 34, 20, 23, 60, 8, 29, 0, 18, 42, 63, 26, 28, 32, 4, 3, 36, 61, 35, 27, 1, 43, 24, 37, 7, 19, 59, 45, 58, 55, 16, 21, 62, 44, 51, 46, 2, 41, 53, 5, 12, 25, 30, 33, 48, 17, 50, 38, 11, 47, 13, 22, 6, 40, 14, 9]",5,0,0.9969061017036438,0.9947043061256409,0.0022017955780029297
178,4,node_removal,random,6,59,"[8, 42, 26, 58, 15, 44, 3, 37, 19, 62, 29, 32, 28, 34, 36, 57, 60, 61, 55, 43, 20, 4, 39, 18, 23, 24, 63, 7, 35, 21, 31, 1, 16, 45, 56, 59, 27, 2, 12, 22, 52, 54, 13, 25, 11, 6, 38, 33, 48, 30, 46, 41, 51, 40, 5, 17, 53, 14, 9]",5,2,0.9969061017036438,0.9956571459770203,0.0012489557266235352
178,4,node_removal,random,7,59,"[18, 63, 36, 42, 58, 4, 24, 31, 29, 44, 19, 8, 62, 56, 59, 7, 20, 61, 27, 1, 45, 35, 39, 3, 37, 32, 43, 16, 0, 15, 34, 55, 60, 57, 28, 21, 23, 5, 10, 41, 52, 2, 33, 50, 53, 25, 38, 12, 51, 30, 40, 11, 48, 17, 6, 46, 13, 14, 9]",5,0,0.9969061017036438,0.9986996054649353,-0.001793503761291504
178,4,node_removal,random,8,59,"[20, 27, 37, 3, 28, 58, 23, 44, 61, 8, 57, 21, 45, 63, 42, 26, 62, 16, 7, 1, 43, 29, 32, 18, 4, 0, 56, 15, 19, 60, 55, 35, 24, 36, 31, 59, 39, 5, 51, 22, 10, 12, 30, 40, 38, 47, 2, 46, 6, 11, 50, 17, 25, 52, 53, 48, 54, 49, 9]",5,6,0.9969061017036438,0.9998185038566589,-0.0029124021530151367
178,4,node_removal,random,9,59,"[0, 19, 1, 28, 58, 36, 32, 27, 23, 15, 21, 57, 42, 56, 4, 59, 62, 35, 60, 45, 31, 44, 24, 20, 26, 29, 63, 34, 43, 16, 8, 37, 55, 18, 61, 3, 7, 5, 22, 12, 53, 25, 41, 30, 13, 46, 38, 48, 51, 2, 40, 17, 54, 50, 11, 52, 10, 14, 9]",5,2,0.9969061017036438,0.9995522499084473,-0.002646148204803467
178,4,node_removal,random,10,59,"[62, 59, 19, 23, 35, 63, 37, 55, 61, 31, 16, 29, 28, 18, 21, 58, 39, 43, 4, 56, 8, 20, 34, 0, 42, 44, 7, 36, 1, 24, 3, 27, 45, 26, 32, 60, 15, 51, 11, 25, 17, 33, 12, 53, 2, 46, 13, 5, 41, 6, 10, 40, 22, 48, 54, 47, 50, 49, 9]",5,2,0.9969061017036438,0.9606711268424988,0.03623497486114502
178,4,node_removal,random,11,59,"[45, 29, 58, 21, 61, 60, 24, 35, 63, 31, 3, 19, 23, 32, 20, 55, 57, 8, 16, 7, 0, 18, 62, 1, 34, 59, 43, 37, 15, 56, 4, 39, 36, 42, 26, 27, 28, 47, 25, 6, 11, 38, 48, 22, 12, 52, 50, 5, 46, 41, 54, 10, 51, 53, 30, 13, 40, 49, 9]",5,0,0.9969061017036438,0.998067319393158,-0.0011612176895141602
178,4,node_removal,random,12,59,"[4, 24, 58, 15, 31, 21, 1, 34, 7, 32, 19, 3, 60, 62, 8, 26, 43, 44, 55, 16, 27, 57, 42, 56, 23, 59, 39, 29, 0, 37, 35, 61, 28, 63, 45, 20, 18, 5, 12, 11, 40, 46, 30, 33, 6, 17, 25, 2, 52, 10, 41, 13, 54, 51, 53, 47, 48, 49, 9]",5,2,0.9969061017036438,0.952192485332489,0.044713616371154785
178,4,node_removal,random,13,59,"[62, 1, 58, 8, 20, 56, 39, 27, 7, 16, 60, 35, 26, 37, 55, 23, 36, 42, 34, 19, 57, 0, 28, 3, 24, 31, 63, 32, 15, 4, 61, 29, 21, 45, 59, 18, 43, 12, 17, 2, 41, 25, 30, 47, 5, 40, 38, 52, 50, 51, 10, 22, 53, 46, 48, 54, 11, 49, 9]",5,6,0.9969061017036438,0.9989750385284424,-0.002068936824798584
178,4,node_removal,random,14,59,"[28, 35, 34, 59, 7, 4, 44, 60, 15, 55, 56, 57, 0, 18, 1, 32, 21, 20, 63, 31, 37, 24, 23, 45, 27, 42, 19, 3, 62, 26, 29, 61, 8, 16, 39, 36, 58, 22, 30, 33, 53, 50, 11, 25, 54, 46, 48, 38, 47, 41, 2, 10, 12, 52, 13, 5, 17, 14, 9]",5,2,0.9969061017036438,0.998843252658844,-0.0019371509552001953
178,4,node_removal,random,15,59,"[45, 44, 23, 55, 58, 21, 0, 1, 31, 42, 62, 15, 3, 16, 35, 26, 4, 39, 56, 36, 27, 34, 59, 60, 37, 8, 24, 18, 19, 7, 57, 29, 43, 20, 61, 32, 63, 30, 17, 52, 10, 47, 51, 6, 12, 54, 11, 13, 41, 48, 33, 25, 53, 2, 22, 40, 50, 49, 9]",5,2,0.9969061017036438,0.981406033039093,0.015500068664550781
178,4,node_removal,random,16,59,"[20, 28, 58, 63, 55, 36, 62, 16, 8, 45, 42, 3, 43, 32, 0, 44, 57, 61, 34, 1, 27, 15, 18, 24, 7, 19, 4, 56, 21, 31, 37, 59, 29, 60, 35, 39, 26, 13, 30, 52, 5, 41, 2, 46, 47, 6, 33, 10, 51, 11, 17, 50, 54, 25, 53, 12, 40, 14, 9]",5,4,0.9969061017036438,0.9895298480987549,0.007376253604888916
178,4,node_removal,random,17,59,"[60, 29, 35, 27, 57, 32, 23, 0, 56, 63, 21, 42, 8, 37, 19, 20, 55, 61, 15, 45, 4, 44, 1, 7, 62, 39, 58, 18, 36, 34, 3, 16, 26, 28, 43, 31, 59, 54, 47, 46, 52, 48, 25, 50, 30, 12, 38, 41, 22, 51, 33, 11, 5, 2, 53, 13, 17, 14, 9]",5,0,0.9969061017036438,0.9985608458518982,-0.0016547441482543945
178,4,node_removal,random,18,59,"[7, 3, 16, 55, 29, 37, 43, 28, 18, 8, 44, 61, 24, 32, 0, 4, 26, 36, 62, 45, 63, 23, 27, 59, 1, 39, 19, 60, 20, 58, 35, 56, 15, 57, 31, 42, 34, 17, 50, 30, 38, 33, 10, 22, 53, 46, 52, 2, 40, 6, 47, 5, 48, 12, 41, 51, 25, 49, 9]",5,4,0.9969061017036438,0.9996530413627625,-0.0027469396591186523
178,4,node_removal,random,19,59,"[59, 1, 4, 23, 43, 35, 36, 56, 15, 7, 27, 57, 62, 58, 28, 24, 34, 18, 8, 63, 39, 32, 61, 21, 31, 29, 3, 44, 26, 19, 45, 0, 16, 42, 60, 20, 55, 47, 13, 6, 40, 54, 33, 41, 30, 46, 51, 48, 25, 12, 52, 10, 22, 38, 17, 11, 5, 14, 9]",5,2,0.9969061017036438,0.9723233580589294,0.024582743644714355
178,4,node_removal,random,20,59,"[44, 55, 31, 18, 60, 7, 16, 20, 26, 43, 23, 4, 27, 3, 42, 35, 37, 45, 57, 8, 63, 1, 34, 28, 15, 29, 61, 59, 32, 21, 56, 36, 58, 24, 19, 0, 62, 33, 41, 40, 53, 46, 11, 47, 25, 48, 38, 54, 50, 17, 6, 51, 12, 2, 10, 30, 22, 49, 9]",5,4,0.9969061017036438,0.9974002242088318,-0.0004941225051879883
178,4,boundary_removal,target,0,9,"[78, 80, 81, 97, 115, 116, 118, 119, 136]",64,268,0.9969061017036438,0.9968358874320984,7.021427154541016e-05
178,4,boundary_removal,random,1,9,"[104, 56, 88, 118, 126, 113, 131, 41, 80]",64,268,0.9969061017036438,0.9969673752784729,-6.127357482910156e-05
178,4,boundary_removal,random,2,9,"[59, 60, 79, 118, 35, 99, 63, 24, 92]",64,268,0.9969061017036438,0.9967508316040039,0.00015527009963989258
178,4,boundary_removal,random,3,9,"[52, 79, 34, 118, 35, 40, 122, 24, 21]",64,268,0.9969061017036438,0.9968357086181641,7.039308547973633e-05
178,4,boundary_removal,random,4,9,"[27, 77, 78, 118, 120, 113, 75, 119, 21]",64,268,0.9969061017036438,0.9968870282173157,1.9073486328125e-05
178,4,boundary_removal,random,5,9,"[138, 34, 32, 118, 95, 22, 131, 24, 80]",64,268,0.9969061017036438,0.9968129992485046,9.310245513916016e-05
178,4,boundary_removal,random,6,9,"[85, 124, 88, 118, 74, 99, 131, 41, 98]",64,268,0.9969061017036438,0.9969397187232971,-3.361701965332031e-05
178,4,boundary_removal,random,7,9,"[104, 97, 107, 118, 35, 40, 128, 119, 18]",64,268,0.9969061017036438,0.9967765212059021,0.00012958049774169922
178,4,boundary_removal,random,8,9,"[53, 34, 124, 118, 74, 99, 14, 24, 18]",64,268,0.9969061017036438,0.996889591217041,1.6510486602783203e-05
178,4,boundary_removal,random,9,9,"[42, 93, 130, 39, 19, 40, 11, 24, 21]",64,268,0.9969061017036438,0.9967787861824036,0.00012731552124023438
178,4,boundary_removal,random,10,9,"[48, 79, 54, 39, 123, 113, 75, 117, 21]",64,268,0.9969061017036438,0.9968366026878357,6.949901580810547e-05
178,4,boundary_removal,random,11,9,"[69, 106, 101, 39, 74, 40, 122, 119, 92]",64,268,0.9969061017036438,0.9969291090965271,-2.300739288330078e-05
178,4,boundary_removal,random,12,9,"[59, 79, 60, 118, 94, 113, 125, 117, 21]",64,268,0.9969061017036438,0.9967983365058899,0.00010776519775390625
178,4,boundary_removal,random,13,9,"[51, 79, 34, 39, 129, 22, 122, 41, 18]",64,268,0.9969061017036438,0.9967684149742126,0.00013768672943115234
178,4,boundary_removal,random,14,9,"[52, 78, 15, 39, 47, 40, 46, 24, 18]",64,268,0.9969061017036438,0.9968602061271667,4.589557647705078e-05
178,4,boundary_removal,random,15,9,"[136, 79, 106, 39, 9, 37, 122, 41, 80]",64,268,0.9969061017036438,0.9968236088752747,8.249282836914062e-05
178,4,boundary_removal,random,16,9,"[135, 4, 77, 118, 129, 40, 58, 24, 92]",64,268,0.9969061017036438,0.9968146681785583,9.143352508544922e-05
178,4,boundary_removal,random,17,9,"[66, 93, 73, 39, 19, 113, 110, 24, 18]",64,268,0.9969061017036438,0.9968488812446594,5.7220458984375e-05
178,4,boundary_removal,random,18,9,"[142, 101, 127, 118, 126, 99, 128, 24, 80]",64,268,0.9969061017036438,0.9969057440757751,3.5762786865234375e-07
178,4,boundary_removal,random,19,9,"[10, 97, 101, 39, 74, 99, 63, 117, 80]",64,268,0.9969061017036438,0.9968782067298889,2.7894973754882812e-05
178,4,boundary_removal,random,20,9,"[104, 36, 38, 118, 108, 116, 134, 119, 92]",64,268,0.9969061017036438,0.9968885779380798,1.7523765563964844e-05
179,1,node_removal,target,0,15,"[0, 1, 2, 8, 9, 16, 17, 30, 31, 38, 39, 43, 46, 47, 51]",49,192,0.9965116381645203,0.9919167160987854,0.004594922065734863
179,1,node_removal,random,1,15,"[3, 23, 0, 20, 36, 62, 43, 13, 12, 48, 41, 11, 25, 53, 9]",49,160,0.9965116381645203,0.9975640773773193,-0.0010524392127990723
179,1,node_removal,random,2,15,"[60, 20, 16, 55, 18, 4, 56, 22, 5, 30, 13, 11, 41, 48, 9]",49,160,0.9965116381645203,0.9961826205253601,0.00032901763916015625
179,1,node_removal,random,3,15,"[45, 44, 61, 36, 42, 60, 20, 51, 53, 5, 6, 13, 52, 46, 9]",49,176,0.9965116381645203,0.9971284866333008,-0.0006168484687805176
179,1,node_removal,random,4,15,"[42, 35, 32, 59, 29, 19, 34, 12, 52, 50, 38, 53, 54, 2, 9]",49,160,0.9965116381645203,0.9971686005592346,-0.0006569623947143555
179,1,node_removal,random,5,15,"[18, 16, 28, 27, 15, 44, 32, 40, 52, 2, 5, 33, 30, 12, 9]",49,162,0.9965116381645203,0.9962115287780762,0.0003001093864440918
179,1,node_removal,random,6,15,"[34, 43, 32, 0, 23, 44, 36, 10, 46, 50, 51, 22, 6, 17, 9]",49,162,0.9965116381645203,0.9971957206726074,-0.0006840825080871582
179,1,node_removal,random,7,15,"[45, 8, 20, 26, 56, 24, 0, 48, 22, 46, 38, 54, 2, 53, 9]",49,168,0.9965116381645203,0.9976179003715515,-0.00110626220703125
179,1,node_removal,random,8,15,"[61, 60, 3, 32, 28, 29, 19, 17, 47, 40, 5, 46, 22, 2, 9]",49,160,0.9965116381645203,0.995722234249115,0.0007894039154052734
179,1,node_removal,random,9,15,"[63, 62, 8, 45, 7, 24, 16, 17, 48, 5, 51, 2, 33, 12, 9]",49,168,0.9965116381645203,0.9970285296440125,-0.0005168914794921875
179,1,node_removal,random,10,15,"[59, 35, 27, 36, 57, 55, 29, 47, 41, 38, 53, 17, 40, 10, 9]",49,160,0.9965116381645203,0.9963099360466003,0.00020170211791992188
179,1,node_removal,random,11,15,"[15, 58, 44, 28, 34, 62, 3, 2, 25, 53, 47, 51, 50, 38, 9]",49,158,0.9965116381645203,0.9974803924560547,-0.0009687542915344238
179,1,node_removal,random,12,15,"[57, 16, 42, 37, 63, 58, 24, 46, 5, 54, 47, 13, 48, 40, 9]",49,166,0.9965116381645203,0.9957147240638733,0.0007969141006469727
179,1,node_removal,random,13,15,"[35, 4, 15, 44, 57, 58, 3, 53, 25, 38, 13, 12, 10, 22, 9]",49,158,0.9965116381645203,0.9971317648887634,-0.0006201267242431641
179,1,node_removal,random,14,15,"[1, 61, 15, 58, 59, 20, 32, 50, 30, 33, 53, 11, 52, 2, 9]",49,166,0.9965116381645203,0.9965155720710754,-3.933906555175781e-06
179,1,node_removal,random,15,15,"[45, 0, 18, 58, 24, 21, 42, 17, 41, 51, 13, 30, 54, 22, 9]",49,162,0.9965116381645203,0.9972054362297058,-0.0006937980651855469
179,1,node_removal,random,16,15,"[56, 39, 20, 29, 28, 8, 26, 54, 33, 40, 25, 48, 12, 13, 9]",49,168,0.9965116381645203,0.9960784912109375,0.00043314695358276367
179,1,node_removal,random,17,15,"[28, 24, 15, 63, 60, 8, 18, 53, 25, 5, 48, 22, 30, 17, 9]",49,160,0.9965116381645203,0.9970393180847168,-0.0005276799201965332
179,1,node_removal,random,18,15,"[3, 62, 35, 60, 21, 19, 63, 6, 50, 30, 54, 53, 52, 41, 9]",49,160,0.9965116381645203,0.9971477389335632,-0.0006361007690429688
179,1,node_removal,random,19,15,"[4, 15, 0, 28, 1, 29, 34, 12, 22, 51, 25, 52, 46, 6, 9]",49,160,0.9965116381645203,0.9978273510932922,-0.0013157129287719727
179,1,node_removal,random,20,15,"[0, 16, 21, 27, 59, 42, 58, 54, 17, 13, 48, 10, 25, 2, 9]",49,168,0.9965116381645203,0.9968287944793701,-0.0003171563148498535
179,1,boundary_removal,target,0,24,"[7, 9, 28, 44, 45, 46, 47, 57, 58, 59, 71, 85, 88, 100, 102, 106, 109, 110, 111, 112, 120, 123, 124, 125]",64,238,0.9965116381645203,0.9968546032905579,-0.00034296512603759766
179,1,boundary_removal,random,1,24,"[68, 100, 140, 82, 25, 79, 97, 54, 45, 107, 114, 34, 109, 16, 31, 47, 35, 91, 28, 58, 128, 23, 131, 112]",64,238,0.9965116381645203,0.996630847454071,-0.00011920928955078125
179,1,boundary_removal,random,2,24,"[85, 66, 68, 139, 0, 133, 62, 101, 20, 132, 97, 15, 57, 47, 109, 123, 108, 33, 30, 75, 11, 23, 122, 1]",64,238,0.9965116381645203,0.9964230060577393,8.863210678100586e-05
179,1,boundary_removal,random,3,24,"[76, 49, 82, 140, 55, 54, 90, 111, 79, 34, 97, 7, 16, 33, 126, 123, 57, 35, 28, 14, 75, 122, 110, 1]",64,238,0.9965116381645203,0.9965567588806152,-4.51207160949707e-05
179,1,boundary_removal,random,4,24,"[70, 140, 87, 42, 76, 13, 12, 34, 54, 88, 62, 73, 19, 108, 120, 94, 91, 33, 30, 131, 128, 14, 23, 96]",64,238,0.9965116381645203,0.9962450861930847,0.0002665519714355469
179,1,boundary_removal,random,5,24,"[44, 25, 66, 50, 67, 43, 78, 103, 88, 62, 34, 56, 64, 57, 19, 120, 91, 126, 28, 63, 75, 134, 131, 17]",64,238,0.9965116381645203,0.996641218662262,-0.00012958049774169922
179,1,boundary_removal,random,6,24,"[84, 2, 50, 66, 51, 54, 73, 103, 56, 90, 36, 13, 91, 19, 123, 35, 57, 33, 30, 131, 46, 11, 58, 112]",64,238,0.9965116381645203,0.9967929720878601,-0.00028133392333984375
179,1,boundary_removal,random,7,24,"[0, 42, 84, 49, 135, 4, 7, 105, 36, 56, 124, 88, 47, 35, 120, 94, 31, 108, 28, 122, 128, 23, 110, 17]",64,238,0.9965116381645203,0.9967076182365417,-0.00019598007202148438
179,1,boundary_removal,random,8,24,"[69, 68, 27, 59, 67, 62, 13, 130, 12, 132, 4, 101, 74, 57, 94, 19, 129, 31, 30, 110, 125, 131, 46, 17]",64,238,0.9965116381645203,0.9963889122009277,0.0001227259635925293
179,1,boundary_removal,random,9,24,"[83, 50, 49, 104, 68, 133, 20, 124, 7, 4, 93, 101, 9, 35, 129, 95, 31, 81, 28, 11, 23, 46, 128, 112]",64,238,0.9965116381645203,0.9969088435173035,-0.0003972053527832031
179,1,boundary_removal,random,10,24,"[102, 10, 27, 51, 104, 15, 107, 124, 93, 38, 114, 127, 95, 57, 108, 16, 47, 74, 28, 14, 63, 115, 131, 112]",64,238,0.9965116381645203,0.9964561462402344,5.549192428588867e-05
179,1,boundary_removal,random,11,24,"[10, 138, 87, 66, 0, 62, 77, 107, 71, 132, 60, 127, 33, 64, 81, 126, 16, 94, 30, 125, 134, 46, 58, 1]",64,238,0.9965116381645203,0.9967074990272522,-0.0001958608627319336
179,1,boundary_removal,random,12,24,"[135, 44, 68, 100, 84, 90, 106, 20, 38, 71, 78, 127, 19, 16, 94, 81, 91, 31, 30, 122, 128, 131, 11, 17]",64,238,0.9965116381645203,0.9966380000114441,-0.00012636184692382812
179,1,boundary_removal,random,13,24,"[139, 76, 50, 53, 61, 32, 56, 20, 107, 127, 45, 106, 91, 47, 81, 94, 120, 123, 28, 63, 110, 115, 14, 96]",64,238,0.9965116381645203,0.9966878890991211,-0.00017625093460083008
179,1,boundary_removal,random,14,24,"[139, 140, 69, 104, 72, 20, 88, 103, 127, 105, 111, 90, 120, 9, 35, 81, 95, 33, 30, 14, 134, 110, 75, 96]",64,238,0.9965116381645203,0.9965601563453674,-4.851818084716797e-05
179,1,boundary_removal,random,15,24,"[102, 142, 52, 27, 76, 77, 32, 103, 121, 38, 124, 97, 31, 123, 94, 35, 126, 109, 28, 134, 14, 63, 11, 96]",64,238,0.9965116381645203,0.9961769580841064,0.00033468008041381836
179,1,boundary_removal,random,16,24,"[138, 142, 10, 100, 49, 13, 78, 132, 12, 15, 130, 97, 47, 31, 129, 35, 95, 91, 28, 131, 14, 63, 46, 96]",64,238,0.9965116381645203,0.9965167045593262,-5.066394805908203e-06
179,1,boundary_removal,random,17,24,"[44, 83, 70, 10, 100, 73, 124, 106, 36, 13, 78, 127, 19, 129, 47, 57, 33, 109, 30, 115, 63, 122, 128, 1]",64,238,0.9965116381645203,0.9968125820159912,-0.00030094385147094727
179,1,boundary_removal,random,18,24,"[100, 69, 136, 68, 10, 121, 56, 107, 105, 114, 93, 13, 123, 74, 64, 35, 33, 94, 28, 58, 128, 131, 46, 112]",64,238,0.9965116381645203,0.9965292811393738,-1.7642974853515625e-05
179,1,boundary_removal,random,19,24,"[27, 83, 140, 104, 142, 32, 20, 62, 101, 93, 105, 88, 108, 64, 74, 81, 94, 95, 28, 134, 14, 63, 23, 112]",64,238,0.9965116381645203,0.996594250202179,-8.26120376586914e-05
179,1,boundary_removal,random,20,24,"[76, 140, 48, 2, 68, 36, 130, 103, 101, 106, 133, 12, 16, 31, 95, 109, 35, 108, 30, 131, 122, 125, 134, 112]",64,238,0.9965116381645203,0.9964582920074463,5.334615707397461e-05
179,4,node_removal,target,0,49,"[3, 4, 5, 6, 7, 10, 11, 12, 13, 14, 15, 18, 19, 20, 21, 22, 23, 24, 25, 26, 27, 28, 29, 32, 33, 34, 35, 36, 37, 40, 41, 42, 44, 45, 48, 49, 50, 52, 53, 54, 55, 56, 57, 58, 59, 60, 61, 62, 63]",15,46,0.9965116381645203,0.999836266040802,-0.0033246278762817383
179,4,node_removal,random,1,49,"[43, 63, 56, 3, 61, 26, 31, 1, 15, 24, 29, 4, 60, 19, 8, 7, 58, 20, 16, 36, 44, 39, 0, 42, 55, 59, 21, 35, 32, 28, 27, 54, 52, 50, 33, 6, 46, 13, 30, 10, 47, 5, 25, 11, 51, 22, 53, 14, 49]",15,18,0.9965116381645203,0.9973224997520447,-0.0008108615875244141
179,4,node_removal,random,2,49,"[59, 19, 57, 34, 29, 27, 15, 45, 26, 16, 55, 61, 37, 4, 56, 18, 62, 3, 20, 28, 8, 7, 35, 60, 31, 23, 58, 36, 1, 39, 63, 6, 54, 25, 5, 11, 2, 17, 51, 52, 41, 50, 40, 53, 12, 30, 38, 14, 49]",15,18,0.9965116381645203,0.9984362125396729,-0.0019245743751525879
179,4,node_removal,random,3,49,"[62, 36, 15, 43, 58, 44, 19, 4, 45, 16, 1, 60, 34, 29, 0, 35, 7, 32, 18, 31, 63, 3, 27, 61, 59, 37, 39, 28, 57, 42, 55, 13, 46, 17, 54, 50, 6, 51, 33, 47, 11, 2, 38, 41, 48, 53, 22, 14, 49]",15,16,0.9965116381645203,0.9978019595146179,-0.0012903213500976562
179,4,node_removal,random,4,49,"[57, 34, 39, 16, 24, 63, 23, 62, 20, 26, 8, 35, 59, 4, 37, 45, 0, 29, 60, 19, 32, 58, 31, 42, 18, 28, 44, 27, 1, 55, 56, 10, 54, 40, 5, 12, 13, 46, 50, 6, 38, 22, 17, 53, 41, 2, 11, 49, 14]",15,10,0.9965116381645203,0.9979270100593567,-0.0014153718948364258
179,4,node_removal,random,5,49,"[62, 56, 60, 32, 20, 15, 39, 0, 58, 59, 24, 23, 45, 3, 61, 19, 34, 26, 4, 16, 7, 43, 1, 42, 27, 29, 44, 36, 55, 21, 57, 46, 52, 54, 50, 12, 5, 30, 22, 11, 6, 48, 10, 47, 25, 17, 33, 49, 14]",15,8,0.9965116381645203,0.9977622032165527,-0.0012505650520324707
179,4,node_removal,random,6,49,"[26, 28, 62, 16, 27, 32, 4, 43, 45, 31, 7, 60, 23, 59, 61, 19, 55, 8, 34, 15, 56, 63, 36, 18, 24, 35, 3, 29, 0, 37, 44, 12, 40, 38, 11, 52, 47, 2, 17, 54, 22, 51, 30, 48, 46, 5, 6, 49, 14]",15,20,0.9965116381645203,0.9984338879585266,-0.0019222497940063477
179,4,node_removal,random,7,49,"[31, 20, 58, 16, 39, 45, 62, 29, 7, 55, 34, 8, 23, 0, 26, 21, 60, 44, 3, 15, 28, 4, 32, 18, 24, 56, 59, 35, 42, 57, 37, 2, 47, 50, 30, 5, 17, 40, 48, 10, 54, 22, 12, 41, 33, 51, 53, 49, 14]",15,12,0.9965116381645203,0.9984273910522461,-0.00191575288772583
179,4,node_removal,random,8,49,"[29, 35, 56, 7, 19, 3, 62, 16, 36, 58, 8, 20, 26, 43, 28, 42, 60, 61, 45, 63, 55, 31, 39, 34, 27, 32, 18, 1, 0, 37, 23, 5, 6, 12, 17, 13, 2, 51, 54, 52, 22, 38, 25, 10, 53, 30, 41, 49, 14]",15,12,0.9965116381645203,0.9983240962028503,-0.0018124580383300781
179,4,node_removal,random,9,49,"[60, 8, 63, 55, 58, 21, 24, 0, 4, 56, 43, 16, 61, 20, 1, 26, 27, 19, 59, 28, 32, 62, 39, 7, 36, 31, 37, 18, 45, 23, 44, 30, 52, 25, 54, 50, 5, 53, 11, 6, 46, 38, 40, 47, 12, 2, 10, 49, 14]",15,16,0.9965116381645203,0.9946996569633484,0.001811981201171875
179,4,node_removal,random,10,49,"[55, 61, 45, 3, 18, 8, 43, 28, 42, 58, 15, 32, 36, 44, 60, 0, 62, 27, 63, 23, 37, 26, 20, 7, 21, 16, 29, 59, 1, 4, 19, 41, 30, 25, 47, 52, 11, 40, 53, 51, 38, 46, 48, 6, 5, 54, 17, 49, 14]",15,18,0.9965116381645203,0.9947593212127686,0.001752316951751709
179,4,node_removal,random,11,49,"[21, 0, 8, 42, 43, 61, 19, 27, 23, 62, 34, 35, 3, 18, 55, 16, 59, 58, 36, 1, 26, 7, 32, 56, 20, 29, 4, 57, 31, 24, 44, 50, 54, 11, 25, 40, 5, 30, 47, 17, 53, 22, 6, 48, 13, 2, 10, 49, 14]",15,18,0.9965116381645203,0.9936843514442444,0.002827286720275879
179,4,node_removal,random,12,49,"[21, 35, 45, 18, 36, 24, 37, 39, 60, 7, 20, 59, 58, 4, 63, 42, 27, 28, 15, 32, 43, 16, 19, 57, 8, 61, 56, 3, 0, 29, 55, 51, 53, 12, 11, 46, 41, 30, 50, 48, 33, 47, 54, 2, 5, 40, 25, 14, 49]",15,18,0.9965116381645203,0.9930615425109863,0.0034500956535339355
179,4,node_removal,random,13,49,"[59, 21, 19, 7, 55, 44, 37, 58, 16, 8, 0, 3, 62, 36, 45, 18, 27, 15, 23, 42, 61, 31, 56, 32, 60, 29, 1, 24, 4, 39, 43, 11, 46, 41, 54, 6, 51, 17, 48, 13, 5, 40, 47, 25, 38, 12, 2, 49, 14]",15,14,0.9965116381645203,0.981327474117279,0.015184164047241211
179,4,node_removal,random,14,49,"[1, 7, 56, 32, 26, 57, 23, 44, 24, 0, 28, 31, 8, 45, 63, 3, 27, 29, 62, 34, 55, 37, 15, 36, 60, 20, 61, 42, 35, 19, 21, 53, 50, 30, 17, 6, 13, 2, 41, 38, 22, 12, 33, 25, 11, 48, 51, 49, 14]",15,16,0.9965116381645203,0.9995734095573425,-0.0030617713928222656
179,4,node_removal,random,15,49,"[55, 60, 36, 3, 0, 7, 29, 28, 23, 24, 27, 63, 4, 16, 58, 45, 57, 21, 61, 32, 19, 1, 44, 42, 20, 34, 59, 43, 37, 8, 31, 54, 30, 51, 17, 10, 13, 53, 40, 48, 47, 25, 22, 52, 50, 2, 41, 49, 14]",15,14,0.9965116381645203,0.9982719421386719,-0.0017603039741516113
179,4,node_removal,random,16,49,"[42, 3, 19, 8, 32, 18, 23, 28, 1, 4, 21, 29, 45, 26, 36, 62, 27, 37, 39, 43, 35, 15, 63, 24, 31, 34, 56, 44, 7, 57, 0, 54, 53, 52, 12, 22, 51, 48, 10, 6, 17, 5, 11, 41, 25, 2, 33, 49, 14]",15,24,0.9965116381645203,0.999373197555542,-0.0028615593910217285
179,4,node_removal,random,17,49,"[4, 18, 1, 27, 29, 0, 58, 3, 8, 37, 19, 39, 7, 60, 56, 31, 32, 42, 62, 16, 28, 44, 61, 45, 57, 34, 43, 36, 63, 15, 24, 30, 48, 11, 38, 41, 2, 51, 33, 17, 54, 22, 13, 12, 6, 46, 25, 14, 49]",15,10,0.9965116381645203,0.9961828589439392,0.0003287792205810547
179,4,node_removal,random,18,49,"[28, 60, 55, 23, 43, 3, 45, 34, 62, 61, 16, 32, 29, 21, 15, 37, 7, 27, 20, 57, 39, 56, 0, 19, 59, 1, 42, 4, 63, 26, 8, 54, 46, 12, 52, 17, 25, 41, 30, 2, 11, 47, 33, 10, 6, 53, 38, 49, 14]",15,14,0.9965116381645203,0.9979651570320129,-0.0014535188674926758
179,4,node_removal,random,19,49,"[20, 1, 23, 39, 60, 63, 55, 45, 18, 59, 4, 36, 61, 28, 44, 26, 58, 24, 27, 31, 3, 34, 56, 43, 42, 57, 7, 29, 37, 35, 15, 33, 46, 22, 38, 51, 5, 53, 50, 11, 13, 54, 47, 52, 10, 2, 40, 49, 14]",15,20,0.9965116381645203,0.9994139671325684,-0.0029023289680480957
179,4,node_removal,random,20,49,"[37, 59, 36, 39, 63, 15, 55, 29, 61, 7, 56, 0, 34, 44, 35, 31, 57, 20, 16, 28, 32, 19, 4, 3, 62, 58, 23, 1, 24, 60, 26, 40, 41, 22, 38, 47, 48, 54, 10, 33, 12, 51, 52, 5, 50, 11, 25, 49, 14]",15,18,0.9965116381645203,0.9994370341300964,-0.002925395965576172
179,4,boundary_removal,target,0,24,"[7, 9, 28, 44, 45, 46, 47, 57, 58, 59, 71, 85, 88, 100, 102, 106, 109, 110, 111, 112, 120, 123, 124, 125]",64,238,0.9965116381645203,0.9968546032905579,-0.00034296512603759766
179,4,boundary_removal,random,1,24,"[59, 100, 141, 135, 137, 124, 97, 78, 88, 13, 133, 73, 123, 64, 108, 94, 120, 95, 28, 63, 131, 75, 14, 112]",64,238,0.9965116381645203,0.9962828159332275,0.0002288222312927246
179,4,boundary_removal,random,2,24,"[86, 138, 100, 72, 69, 38, 114, 133, 132, 127, 79, 45, 108, 9, 123, 126, 35, 33, 30, 46, 125, 14, 131, 96]",64,238,0.9965116381645203,0.9965415596961975,-2.9921531677246094e-05
179,4,boundary_removal,random,3,24,"[142, 86, 87, 141, 137, 132, 78, 127, 36, 93, 88, 103, 109, 91, 120, 94, 74, 129, 30, 122, 134, 58, 14, 112]",64,238,0.9965116381645203,0.9964590668678284,5.257129669189453e-05
179,4,boundary_removal,random,4,24,"[85, 51, 10, 66, 86, 12, 133, 45, 77, 36, 90, 111, 74, 81, 91, 126, 64, 95, 28, 110, 128, 115, 122, 1]",64,238,0.9965116381645203,0.9965983033180237,-8.666515350341797e-05
179,4,boundary_removal,random,5,24,"[44, 100, 82, 69, 142, 127, 101, 107, 133, 106, 7, 56, 129, 109, 33, 57, 9, 108, 30, 131, 115, 134, 23, 96]",64,238,0.9965116381645203,0.9966206550598145,-0.00010901689529418945
179,4,boundary_removal,random,6,24,"[68, 52, 0, 59, 87, 132, 15, 20, 107, 54, 78, 73, 35, 95, 64, 16, 123, 47, 28, 128, 115, 75, 46, 112]",64,238,0.9965116381645203,0.9965628981590271,-5.125999450683594e-05
179,4,boundary_removal,random,7,24,"[89, 137, 84, 42, 53, 114, 62, 15, 121, 34, 60, 103, 108, 91, 33, 31, 126, 57, 28, 11, 115, 58, 125, 112]",64,238,0.9965116381645203,0.9966103434562683,-9.870529174804688e-05
179,4,boundary_removal,random,8,24,"[66, 138, 59, 0, 50, 90, 34, 45, 20, 106, 78, 88, 126, 35, 33, 95, 129, 31, 28, 46, 131, 23, 125, 17]",64,238,0.9965116381645203,0.9966389536857605,-0.00012731552124023438
179,4,boundary_removal,random,9,24,"[0, 100, 66, 50, 142, 124, 43, 38, 121, 36, 54, 34, 91, 123, 16, 35, 47, 94, 30, 63, 134, 75, 11, 1]",64,238,0.9965116381645203,0.9966540336608887,-0.0001423954963684082
179,4,boundary_removal,random,10,24,"[42, 137, 2, 104, 55, 4, 56, 62, 130, 36, 132, 105, 123, 35, 16, 19, 9, 74, 30, 11, 122, 58, 75, 96]",64,238,0.9965116381645203,0.9969118237495422,-0.00040018558502197266
179,4,boundary_removal,random,11,24,"[104, 83, 2, 50, 72, 38, 111, 79, 45, 71, 32, 34, 120, 108, 9, 33, 16, 123, 30, 125, 134, 23, 58, 1]",64,238,0.9965116381645203,0.9967308044433594,-0.00021916627883911133
179,4,boundary_removal,random,12,24,"[2, 85, 84, 139, 68, 62, 32, 71, 121, 38, 34, 111, 108, 126, 120, 129, 31, 81, 30, 75, 23, 58, 131, 112]",64,238,0.9965116381645203,0.9963909983634949,0.00012063980102539062
179,4,boundary_removal,random,13,24,"[0, 65, 142, 59, 140, 78, 56, 107, 60, 4, 105, 7, 57, 109, 47, 81, 95, 33, 28, 115, 122, 75, 23, 96]",64,238,0.9965116381645203,0.9965000152587891,1.1622905731201172e-05
179,4,boundary_removal,random,14,24,"[25, 2, 10, 51, 27, 36, 7, 43, 79, 77, 127, 107, 19, 120, 31, 123, 108, 57, 28, 122, 110, 131, 23, 96]",64,238,0.9965116381645203,0.9965548515319824,-4.32133674621582e-05
179,4,boundary_removal,random,15,24,"[140, 51, 10, 44, 84, 43, 12, 71, 106, 77, 62, 111, 35, 120, 129, 57, 109, 126, 30, 110, 125, 128, 63, 96]",64,238,0.9965116381645203,0.9964303970336914,8.124113082885742e-05
179,4,boundary_removal,random,16,24,"[10, 52, 82, 55, 59, 103, 60, 56, 132, 79, 7, 88, 74, 94, 16, 109, 108, 123, 28, 115, 122, 131, 23, 96]",64,238,0.9965116381645203,0.9966469407081604,-0.00013530254364013672
179,4,boundary_removal,random,17,24,"[137, 27, 76, 100, 139, 77, 124, 38, 130, 111, 127, 56, 94, 91, 108, 64, 47, 95, 28, 128, 46, 131, 14, 1]",64,238,0.9965116381645203,0.9963453412055969,0.00016629695892333984
179,4,boundary_removal,random,18,24,"[10, 76, 2, 25, 70, 88, 79, 107, 45, 34, 127, 101, 74, 91, 16, 123, 35, 94, 30, 63, 134, 11, 122, 17]",64,238,0.9965116381645203,0.9967404007911682,-0.00022876262664794922
179,4,boundary_removal,random,19,24,"[2, 61, 66, 135, 10, 88, 121, 101, 15, 71, 79, 103, 47, 120, 57, 123, 94, 16, 28, 58, 125, 23, 110, 96]",64,238,0.9965116381645203,0.996714174747467,-0.00020253658294677734
179,4,boundary_removal,random,20,24,"[140, 52, 87, 83, 100, 90, 88, 38, 130, 71, 56, 114, 16, 33, 94, 81, 64, 109, 30, 63, 131, 58, 115, 17]",64,238,0.9965116381645203,0.9965223670005798,-1.0728836059570312e-05
22,0,node_removal,target,0,38,"[0, 1, 2, 3, 9, 10, 11, 16, 17, 18, 19, 20, 21, 24, 25, 26, 27, 28, 29, 30, 31, 32, 33, 34, 35, 36, 37, 38, 39, 40, 41, 42, 43, 44, 45, 46, 47, 51]",26,90,0.20096810162067413,0.9272618293762207,0.7262937277555466
22,0,node_removal,random,1,38,"[3, 19, 21, 59, 20, 28, 42, 16, 24, 39, 57, 27, 63, 60, 1, 35, 23, 0, 18, 37, 26, 8, 34, 56, 30, 41, 38, 6, 2, 54, 25, 5, 40, 12, 13, 52, 48, 9]",26,48,0.20096810162067413,0.27831369638442993,0.0773455947637558
22,0,node_removal,random,2,38,"[1, 35, 3, 26, 45, 29, 61, 43, 44, 18, 62, 7, 42, 28, 24, 55, 8, 36, 19, 0, 32, 56, 60, 37, 22, 50, 11, 12, 30, 5, 2, 53, 54, 33, 13, 25, 52, 9]",26,52,0.20096810162067413,0.393897145986557,0.19292904436588287
22,0,node_removal,random,3,38,"[63, 24, 27, 4, 62, 58, 45, 56, 28, 34, 44, 39, 18, 43, 3, 15, 32, 23, 1, 8, 7, 16, 26, 20, 50, 30, 13, 22, 47, 2, 48, 5, 25, 52, 11, 10, 54, 9]",26,38,0.20096810162067413,0.3627304136753082,0.1617623120546341
22,0,node_removal,random,4,38,"[0, 20, 7, 26, 37, 61, 15, 23, 4, 59, 35, 24, 39, 28, 29, 1, 43, 27, 18, 8, 62, 34, 16, 32, 53, 17, 46, 6, 48, 41, 13, 5, 54, 47, 10, 38, 22, 9]",26,48,0.20096810162067413,0.08486763387918472,-0.11610046774148941
22,0,node_removal,random,5,38,"[39, 43, 7, 34, 1, 3, 55, 37, 59, 58, 27, 21, 16, 62, 20, 19, 15, 8, 0, 61, 26, 44, 24, 29, 12, 54, 52, 48, 38, 50, 40, 17, 53, 6, 47, 30, 2, 9]",26,48,0.20096810162067413,0.43472254276275635,0.23375444114208221
22,0,node_removal,random,6,38,"[27, 43, 26, 62, 60, 23, 21, 32, 37, 63, 59, 1, 56, 15, 3, 16, 4, 7, 58, 8, 61, 0, 31, 36, 40, 53, 13, 41, 30, 46, 38, 11, 17, 2, 47, 10, 54, 9]",26,46,0.20096810162067413,0.21445681154727936,0.013488709926605225
22,0,node_removal,random,7,38,"[42, 15, 43, 57, 1, 55, 24, 19, 35, 37, 36, 32, 58, 23, 3, 20, 63, 60, 26, 21, 16, 45, 4, 62, 2, 10, 30, 33, 13, 17, 50, 52, 25, 46, 11, 6, 22, 9]",26,42,0.20096810162067413,0.2864835560321808,0.08551545441150665
22,0,node_removal,random,8,38,"[35, 29, 42, 0, 31, 28, 15, 23, 63, 34, 62, 8, 21, 59, 37, 4, 39, 18, 56, 1, 20, 16, 32, 55, 46, 22, 51, 10, 11, 30, 38, 50, 40, 54, 5, 41, 6, 9]",26,52,0.20096810162067413,0.19830124080181122,-0.002666860818862915
22,0,node_removal,random,9,38,"[43, 34, 39, 29, 18, 15, 28, 42, 57, 8, 23, 20, 0, 61, 7, 32, 58, 4, 60, 44, 36, 27, 26, 35, 13, 41, 40, 54, 11, 25, 51, 2, 5, 47, 17, 33, 53, 9]",26,42,0.20096810162067413,0.11742564290761948,-0.08354245871305466
22,0,node_removal,random,10,38,"[60, 24, 31, 27, 18, 34, 57, 23, 21, 7, 43, 16, 63, 58, 45, 59, 29, 42, 0, 4, 36, 3, 8, 44, 6, 13, 38, 17, 2, 54, 53, 50, 12, 52, 30, 41, 51, 9]",26,44,0.20096810162067413,0.28288084268569946,0.08191274106502533
22,0,node_removal,random,11,38,"[37, 31, 42, 60, 20, 19, 32, 26, 39, 28, 16, 34, 15, 35, 61, 0, 59, 29, 3, 57, 21, 55, 56, 44, 38, 22, 12, 46, 53, 54, 52, 33, 41, 47, 6, 13, 50, 9]",26,38,0.20096810162067413,0.28791987895965576,0.08695177733898163
22,0,node_removal,random,12,38,"[31, 58, 7, 37, 16, 59, 8, 26, 32, 34, 61, 24, 20, 57, 18, 35, 39, 1, 43, 42, 62, 27, 3, 15, 46, 50, 5, 10, 41, 2, 47, 54, 12, 48, 33, 25, 6, 9]",26,50,0.20096810162067413,0.2506144046783447,0.04964630305767059
22,0,node_removal,random,13,38,"[1, 28, 4, 63, 35, 34, 18, 45, 23, 60, 26, 57, 37, 27, 29, 20, 36, 42, 31, 44, 15, 62, 24, 39, 2, 40, 46, 51, 6, 22, 53, 47, 50, 30, 12, 11, 25, 9]",26,40,0.20096810162067413,0.6964507699012756,0.4954826682806015
22,0,node_removal,random,14,38,"[58, 1, 18, 42, 39, 35, 28, 55, 34, 4, 21, 45, 62, 59, 60, 44, 0, 19, 27, 7, 20, 63, 56, 31, 52, 17, 22, 33, 46, 48, 54, 50, 40, 53, 38, 30, 51, 9]",26,54,0.20096810162067413,0.2351878434419632,0.03421974182128906
22,0,node_removal,random,15,38,"[23, 3, 24, 56, 15, 26, 8, 37, 16, 20, 31, 27, 19, 57, 7, 21, 34, 28, 42, 32, 35, 60, 59, 44, 5, 22, 33, 38, 40, 46, 13, 53, 48, 12, 11, 47, 25, 9]",26,46,0.20096810162067413,0.4604222774505615,0.2594541758298874
22,0,node_removal,random,16,38,"[31, 21, 43, 62, 45, 23, 20, 1, 19, 55, 15, 42, 60, 28, 39, 24, 37, 61, 16, 0, 18, 32, 59, 58, 50, 40, 53, 10, 48, 52, 2, 30, 47, 13, 41, 5, 17, 9]",26,48,0.20096810162067413,0.45558270812034607,0.25461460649967194
22,0,node_removal,random,17,38,"[24, 37, 19, 57, 59, 18, 61, 15, 1, 45, 60, 23, 43, 35, 31, 21, 63, 20, 28, 62, 16, 58, 7, 32, 48, 22, 13, 54, 5, 52, 51, 6, 2, 11, 25, 10, 41, 9]",26,46,0.20096810162067413,0.19332419335842133,-0.007643908262252808
22,0,node_removal,random,18,38,"[1, 57, 0, 24, 8, 31, 42, 61, 29, 63, 23, 16, 21, 56, 20, 44, 60, 18, 27, 28, 35, 43, 3, 34, 52, 22, 48, 38, 11, 17, 47, 51, 6, 53, 50, 25, 54, 9]",26,48,0.20096810162067413,0.49317893385887146,0.2922108322381973
22,0,node_removal,random,19,38,"[62, 42, 31, 8, 55, 23, 28, 44, 63, 35, 21, 36, 19, 3, 20, 18, 43, 16, 0, 39, 60, 56, 37, 4, 12, 6, 46, 53, 11, 22, 40, 38, 52, 51, 50, 5, 33, 9]",26,46,0.20096810162067413,0.26495304703712463,0.0639849454164505
22,0,node_removal,random,20,38,"[55, 32, 1, 19, 28, 57, 44, 58, 59, 24, 39, 21, 43, 15, 63, 61, 20, 35, 62, 29, 31, 4, 60, 18, 25, 46, 11, 53, 48, 33, 40, 12, 51, 22, 6, 54, 2, 9]",26,44,0.20096810162067413,0.31827497482299805,0.11730687320232391
22,0,boundary_removal,target,0,28,"[2, 5, 10, 14, 26, 27, 33, 36, 38, 54, 57, 58, 59, 95, 96, 98, 99, 101, 105, 107, 109, 110, 111, 112, 120, 123, 124, 125]",64,230,0.20096810162067413,0.21291382610797882,0.011945724487304688
22,0,boundary_removal,random,1,28,"[138, 51, 76, 27, 4, 103, 127, 124, 13, 105, 43, 36, 6, 109, 9, 94, 33, 126, 95, 22, 5, 134, 125, 58, 46, 80, 17, 112]",64,230,0.20096810162067413,0.21240325272083282,0.011435151100158691
22,0,boundary_removal,random,2,28,"[86, 139, 100, 53, 15, 88, 107, 62, 105, 45, 106, 132, 26, 19, 126, 16, 95, 94, 129, 116, 5, 23, 122, 115, 14, 98, 1, 96]",64,230,0.20096810162067413,0.20450459420681,0.0035364925861358643
22,0,boundary_removal,random,3,28,"[86, 55, 0, 27, 111, 34, 130, 7, 127, 54, 105, 38, 26, 109, 95, 64, 126, 120, 108, 116, 5, 11, 58, 63, 115, 18, 1, 96]",64,230,0.20096810162067413,0.20818501710891724,0.007216915488243103
22,0,boundary_removal,random,4,28,"[0, 102, 87, 141, 62, 56, 36, 132, 88, 13, 60, 105, 26, 126, 57, 91, 109, 33, 47, 40, 5, 11, 128, 63, 46, 18, 17, 96]",64,230,0.20096810162067413,0.19367502629756927,-0.007293075323104858
22,0,boundary_removal,random,5,28,"[84, 135, 50, 102, 77, 90, 133, 114, 20, 60, 105, 124, 26, 109, 74, 64, 47, 9, 19, 99, 5, 110, 134, 131, 11, 92, 17, 112]",64,230,0.20096810162067413,0.20934152603149414,0.008373424410820007
22,0,boundary_removal,random,6,28,"[72, 83, 67, 44, 127, 88, 60, 15, 32, 73, 132, 121, 26, 94, 9, 74, 47, 33, 129, 22, 5, 75, 125, 122, 11, 80, 17, 96]",64,230,0.20096810162067413,0.21325403451919556,0.012285932898521423
22,0,boundary_removal,random,7,28,"[87, 66, 135, 10, 79, 130, 15, 93, 62, 121, 77, 105, 6, 47, 94, 81, 74, 33, 31, 22, 5, 131, 14, 115, 63, 92, 17, 112]",64,230,0.20096810162067413,0.21720297634601593,0.016234874725341797
22,0,boundary_removal,random,8,28,"[68, 142, 27, 84, 60, 90, 106, 101, 88, 132, 56, 130, 6, 9, 123, 91, 95, 47, 19, 37, 5, 14, 115, 131, 110, 80, 112, 1]",64,230,0.20096810162067413,0.2067294716835022,0.005761370062828064
22,0,boundary_removal,random,9,28,"[139, 0, 42, 49, 12, 127, 106, 34, 88, 97, 7, 32, 26, 81, 74, 16, 95, 120, 47, 113, 5, 125, 110, 115, 122, 98, 17, 112]",64,230,0.20096810162067413,0.2060643434524536,0.00509624183177948
22,0,boundary_removal,random,10,28,"[72, 139, 53, 76, 78, 124, 36, 45, 34, 43, 111, 132, 6, 57, 126, 120, 16, 91, 31, 37, 5, 75, 131, 125, 110, 18, 17, 1]",64,230,0.20096810162067413,0.20518894493579865,0.004220843315124512
22,0,boundary_removal,random,11,28,"[135, 104, 100, 85, 54, 105, 32, 88, 132, 133, 77, 60, 6, 35, 95, 126, 64, 81, 74, 37, 5, 131, 75, 63, 134, 92, 96, 17]",64,230,0.20096810162067413,0.2041032463312149,0.0031351447105407715
22,0,boundary_removal,random,12,28,"[83, 67, 104, 100, 114, 88, 111, 36, 12, 97, 103, 60, 6, 108, 129, 16, 33, 120, 95, 113, 5, 63, 134, 128, 14, 18, 112, 17]",64,230,0.20096810162067413,0.2131352573633194,0.012167155742645264
22,0,boundary_removal,random,13,28,"[72, 85, 51, 27, 127, 121, 54, 103, 60, 71, 13, 88, 26, 109, 16, 126, 108, 91, 35, 113, 5, 23, 122, 14, 75, 21, 112, 1]",64,230,0.20096810162067413,0.20439152419567108,0.0034234225749969482
22,0,boundary_removal,random,14,28,"[68, 76, 85, 139, 127, 107, 77, 78, 97, 130, 4, 7, 6, 95, 81, 47, 123, 33, 94, 40, 5, 23, 134, 75, 63, 18, 1, 96]",64,230,0.20096810162067413,0.21235914528369904,0.011391043663024902
22,0,boundary_removal,random,15,28,"[136, 52, 49, 2, 88, 32, 15, 79, 34, 4, 20, 127, 26, 91, 16, 57, 109, 81, 47, 37, 5, 134, 115, 14, 128, 98, 96, 1]",64,230,0.20096810162067413,0.18706421554088593,-0.013903886079788208
22,0,boundary_removal,random,16,28,"[53, 137, 25, 10, 133, 7, 90, 77, 79, 62, 106, 97, 6, 129, 81, 47, 95, 33, 91, 22, 5, 14, 46, 128, 75, 98, 96, 1]",64,230,0.20096810162067413,0.21655015647411346,0.015582054853439331
22,0,boundary_removal,random,17,28,"[85, 44, 49, 69, 101, 15, 43, 20, 73, 45, 130, 38, 6, 35, 109, 47, 126, 57, 95, 99, 5, 11, 46, 23, 131, 98, 96, 17]",64,230,0.20096810162067413,0.22209995985031128,0.021131858229637146
22,0,boundary_removal,random,18,28,"[69, 67, 89, 104, 130, 93, 34, 36, 124, 62, 7, 56, 6, 94, 123, 31, 33, 126, 91, 113, 5, 134, 11, 125, 23, 80, 17, 1]",64,230,0.20096810162067413,0.2304397076368332,0.029471606016159058
22,0,boundary_removal,random,19,28,"[48, 10, 70, 137, 78, 111, 103, 90, 133, 73, 43, 4, 26, 16, 108, 94, 120, 95, 64, 99, 5, 115, 46, 23, 110, 18, 96, 1]",64,230,0.20096810162067413,0.21897925436496735,0.018011152744293213
22,0,boundary_removal,random,20,28,"[83, 67, 51, 142, 73, 34, 133, 111, 78, 121, 93, 79, 6, 47, 81, 33, 16, 74, 129, 40, 5, 131, 63, 23, 115, 98, 1, 96]",64,230,0.20096810162067413,0.21995271742343903,0.018984615802764893
22,2,node_removal,target,0,7,"[5, 6, 7, 13, 14, 15, 23]",57,246,0.20096810162067413,0.11958688497543335,-0.08138121664524078
22,2,node_removal,random,1,7,"[43, 57, 35, 52, 33, 48, 49]",57,228,0.20096810162067413,0.15597103536128998,-0.044997066259384155
22,2,node_removal,random,2,7,"[61, 0, 43, 40, 52, 5, 49]",57,222,0.20096810162067413,0.14572268724441528,-0.05524541437625885
22,2,node_removal,random,3,7,"[35, 62, 3, 22, 46, 38, 49]",57,222,0.20096810162067413,0.1884499192237854,-0.012518182396888733
22,2,node_removal,random,4,7,"[19, 55, 28, 6, 48, 30, 14]",57,222,0.20096810162067413,0.21642911434173584,0.015461012721061707
22,2,node_removal,random,5,7,"[24, 35, 63, 17, 2, 53, 49]",57,222,0.20096810162067413,0.18896882236003876,-0.011999279260635376
22,2,node_removal,random,6,7,"[35, 16, 23, 48, 6, 33, 14]",57,224,0.20096810162067413,0.1472020000219345,-0.053766101598739624
22,2,node_removal,random,7,7,"[3, 18, 19, 17, 22, 50, 49]",57,226,0.20096810162067413,0.23373611271381378,0.03276801109313965
22,2,node_removal,random,8,7,"[57, 29, 15, 22, 40, 33, 14]",57,226,0.20096810162067413,0.19108004868030548,-0.009888052940368652
22,2,node_removal,random,9,7,"[55, 32, 24, 40, 6, 30, 49]",57,224,0.20096810162067413,0.21453005075454712,0.013561949133872986
22,2,node_removal,random,10,7,"[21, 43, 34, 48, 53, 5, 49]",57,222,0.20096810162067413,0.16863256692886353,-0.03233553469181061
22,2,node_removal,random,11,7,"[7, 59, 58, 52, 2, 48, 14]",57,224,0.20096810162067413,0.15851722657680511,-0.04245087504386902
22,2,node_removal,random,12,7,"[35, 61, 31, 10, 17, 48, 14]",57,220,0.20096810162067413,0.21452496945858002,0.013556867837905884
22,2,node_removal,random,13,7,"[45, 3, 7, 5, 38, 52, 49]",57,222,0.20096810162067413,0.1561208814382553,-0.04484722018241882
22,2,node_removal,random,14,7,"[7, 4, 20, 52, 2, 13, 49]",57,220,0.20096810162067413,0.1435490846633911,-0.05741901695728302
22,2,node_removal,random,15,7,"[59, 55, 24, 22, 41, 51, 14]",57,224,0.20096810162067413,0.18447911739349365,-0.01648898422718048
22,2,node_removal,random,16,7,"[45, 8, 18, 48, 30, 12, 49]",57,222,0.20096810162067413,0.2263801097869873,0.02541200816631317
22,2,node_removal,random,17,7,"[23, 19, 60, 40, 50, 46, 14]",57,222,0.20096810162067413,0.23107407987117767,0.03010597825050354
22,2,node_removal,random,18,7,"[43, 35, 4, 48, 46, 12, 14]",57,224,0.20096810162067413,0.19635070860385895,-0.0046173930168151855
22,2,node_removal,random,19,7,"[16, 37, 39, 6, 2, 47, 49]",57,222,0.20096810162067413,0.19543004035949707,-0.005538061261177063
22,2,node_removal,random,20,7,"[1, 21, 7, 12, 46, 2, 14]",57,224,0.20096810162067413,0.2176906317472458,0.016722530126571655
22,2,boundary_removal,target,0,7,"[13, 18, 35, 38, 40, 56, 59]",64,272,0.20096810162067413,0.19419048726558685,-0.00677761435508728
22,2,boundary_removal,random,1,7,"[51, 34, 114, 7, 81, 40, 98]",64,272,0.20096810162067413,0.20228128135204315,0.0013131797313690186
22,2,boundary_removal,random,2,7,"[49, 90, 77, 132, 129, 40, 80]",64,272,0.20096810162067413,0.19673742353916168,-0.004230678081512451
22,2,boundary_removal,random,3,7,"[89, 38, 7, 34, 33, 113, 92]",64,272,0.20096810162067413,0.21012771129608154,0.00915960967540741
22,2,boundary_removal,random,4,7,"[83, 90, 88, 43, 31, 99, 80]",64,272,0.20096810162067413,0.20339351892471313,0.0024254173040390015
22,2,boundary_removal,random,5,7,"[82, 127, 43, 101, 108, 99, 21]",64,272,0.20096810162067413,0.1992216855287552,-0.0017464160919189453
22,2,boundary_removal,random,6,7,"[66, 78, 56, 36, 108, 37, 21]",64,272,0.20096810162067413,0.20179934799671173,0.0008312463760375977
22,2,boundary_removal,random,7,7,"[138, 93, 107, 60, 35, 37, 80]",64,272,0.20096810162067413,0.20928411185741425,0.008316010236740112
22,2,boundary_removal,random,8,7,"[49, 13, 107, 12, 9, 116, 98]",64,272,0.20096810162067413,0.20229654014110565,0.0013284385204315186
22,2,boundary_removal,random,9,7,"[141, 32, 77, 90, 35, 99, 18]",64,272,0.20096810162067413,0.20356328785419464,0.002595186233520508
22,2,boundary_removal,random,10,7,"[0, 20, 78, 127, 64, 22, 80]",64,272,0.20096810162067413,0.21124078333377838,0.010272681713104248
22,2,boundary_removal,random,11,7,"[48, 56, 130, 90, 57, 40, 18]",64,272,0.20096810162067413,0.1975216418504715,-0.0034464597702026367
22,2,boundary_removal,random,12,7,"[138, 78, 15, 88, 95, 99, 98]",64,272,0.20096810162067413,0.2008810043334961,-8.709728717803955e-05
22,2,boundary_removal,random,13,7,"[49, 121, 107, 34, 95, 40, 92]",64,272,0.20096810162067413,0.20144377648830414,0.0004756748676300049
22,2,boundary_removal,random,14,7,"[140, 7, 56, 60, 126, 116, 92]",64,272,0.20096810162067413,0.19870786368846893,-0.0022602379322052
22,2,boundary_removal,random,15,7,"[142, 103, 62, 56, 120, 113, 80]",64,272,0.20096810162067413,0.20604147017002106,0.005073368549346924
22,2,boundary_removal,random,16,7,"[83, 97, 13, 114, 81, 116, 92]",64,272,0.20096810162067413,0.19555042684078217,-0.005417674779891968
22,2,boundary_removal,random,17,7,"[137, 90, 111, 106, 91, 113, 80]",64,272,0.20096810162067413,0.2027793973684311,0.001811295747756958
22,2,boundary_removal,random,18,7,"[70, 34, 78, 62, 57, 113, 18]",64,272,0.20096810162067413,0.202670618891716,0.0017025172710418701
22,2,boundary_removal,random,19,7,"[102, 54, 77, 36, 47, 37, 80]",64,272,0.20096810162067413,0.20575986802577972,0.004791766405105591
22,2,boundary_removal,random,20,7,"[85, 124, 62, 90, 64, 37, 21]",64,272,0.20096810162067413,0.20342296361923218,0.0024548619985580444
22,4,node_removal,target,0,19,"[4, 8, 12, 22, 48, 49, 50, 52, 53, 54, 55, 56, 57, 58, 59, 60, 61, 62, 63]",45,170,0.20096810162067413,0.060668278485536575,-0.14029982313513756
22,4,node_removal,random,1,19,"[55, 35, 60, 20, 4, 62, 57, 31, 0, 21, 43, 6, 2, 47, 46, 53, 5, 13, 49]",45,142,0.20096810162067413,0.1159738302230835,-0.08499427139759064
22,4,node_removal,random,2,19,"[45, 43, 24, 26, 57, 4, 23, 59, 63, 8, 28, 40, 33, 11, 2, 46, 54, 41, 49]",45,134,0.20096810162067413,0.15404380857944489,-0.04692429304122925
22,4,node_removal,random,3,19,"[1, 63, 37, 15, 4, 55, 16, 57, 19, 23, 43, 41, 11, 25, 52, 47, 38, 33, 14]",45,140,0.20096810162067413,0.18127255141735077,-0.019695550203323364
22,4,node_removal,random,4,19,"[28, 7, 59, 58, 62, 1, 0, 4, 24, 15, 26, 47, 33, 41, 12, 22, 13, 53, 49]",45,134,0.20096810162067413,0.11476942896842957,-0.08619867265224457
22,4,node_removal,random,5,19,"[16, 34, 0, 60, 27, 63, 31, 3, 21, 29, 32, 54, 33, 47, 51, 41, 5, 38, 49]",45,134,0.20096810162067413,0.19195438921451569,-0.009013712406158447
22,4,node_removal,random,6,19,"[36, 3, 8, 0, 62, 59, 27, 44, 57, 31, 24, 38, 54, 47, 22, 40, 33, 12, 14]",45,130,0.20096810162067413,0.266674280166626,0.06570617854595184
22,4,node_removal,random,7,19,"[63, 39, 23, 21, 16, 56, 44, 61, 37, 55, 45, 47, 41, 6, 13, 22, 11, 48, 49]",45,146,0.20096810162067413,0.20280741155147552,0.0018393099308013916
22,4,node_removal,random,8,19,"[21, 20, 27, 26, 1, 24, 3, 55, 60, 62, 63, 17, 48, 52, 10, 54, 11, 53, 49]",45,148,0.20096810162067413,0.24427737295627594,0.04330927133560181
22,4,node_removal,random,9,19,"[59, 62, 42, 18, 58, 16, 63, 61, 60, 28, 57, 22, 5, 40, 38, 30, 47, 13, 49]",45,142,0.20096810162067413,0.11969005316495895,-0.08127804845571518
22,4,node_removal,random,10,19,"[57, 23, 45, 28, 34, 1, 62, 24, 20, 4, 37, 53, 13, 30, 5, 40, 41, 47, 49]",45,134,0.20096810162067413,0.19189678132534027,-0.009071320295333862
22,4,node_removal,random,11,19,"[59, 19, 1, 45, 8, 7, 16, 20, 18, 37, 60, 54, 48, 13, 22, 30, 25, 33, 14]",45,138,0.20096810162067413,0.1883649379014969,-0.012603163719177246
22,4,node_removal,random,12,19,"[36, 3, 63, 45, 8, 58, 16, 1, 31, 59, 18, 53, 17, 52, 5, 12, 41, 47, 49]",45,138,0.20096810162067413,0.1766815334558487,-0.02428656816482544
22,4,node_removal,random,13,19,"[21, 58, 23, 1, 56, 35, 27, 43, 59, 55, 3, 22, 50, 47, 25, 48, 46, 5, 14]",45,142,0.20096810162067413,0.21646107733249664,0.01549297571182251
22,4,node_removal,random,14,19,"[31, 59, 26, 45, 23, 28, 56, 58, 19, 0, 3, 6, 46, 48, 52, 17, 51, 22, 14]",45,138,0.20096810162067413,0.21213634312152863,0.011168241500854492
22,4,node_removal,random,15,19,"[36, 60, 37, 56, 28, 4, 44, 26, 18, 0, 43, 51, 25, 46, 5, 47, 22, 38, 14]",45,144,0.20096810162067413,0.20114850997924805,0.00018040835857391357
22,4,node_removal,random,16,19,"[26, 20, 24, 39, 59, 23, 29, 60, 44, 16, 36, 40, 33, 46, 6, 41, 25, 17, 14]",45,144,0.20096810162067413,0.23644591867923737,0.03547781705856323
22,4,node_removal,random,17,19,"[56, 45, 7, 15, 24, 63, 44, 36, 0, 34, 3, 52, 25, 54, 51, 6, 13, 10, 49]",45,140,0.20096810162067413,0.20664896070957184,0.005680859088897705
22,4,node_removal,random,18,19,"[0, 7, 3, 23, 26, 39, 62, 45, 16, 61, 29, 33, 10, 48, 46, 17, 30, 51, 49]",45,130,0.20096810162067413,0.21926434338092804,0.018296241760253906
22,4,node_removal,random,19,19,"[8, 63, 42, 44, 61, 60, 7, 16, 19, 58, 43, 25, 46, 6, 51, 48, 22, 30, 49]",45,136,0.20096810162067413,0.1785331517457962,-0.02243494987487793
22,4,node_removal,random,20,19,"[4, 56, 39, 31, 45, 28, 32, 0, 43, 24, 16, 54, 25, 12, 46, 10, 30, 13, 49]",45,140,0.20096810162067413,0.25201940536499023,0.0510513037443161
22,4,boundary_removal,target,0,31,"[2, 5, 10, 13, 14, 18, 26, 27, 33, 35, 36, 40, 54, 56, 57, 58, 95, 96, 98, 99, 101, 105, 107, 109, 110, 111, 112, 120, 123, 124, 125]",64,224,0.20096810162067413,0.21142292022705078,0.010454818606376648
22,4,boundary_removal,random,1,31,"[83, 138, 86, 90, 54, 4, 103, 38, 124, 88, 12, 127, 6, 91, 31, 16, 109, 108, 126, 64, 22, 37, 5, 128, 63, 115, 131, 92, 18, 1, 96]",64,224,0.20096810162067413,0.21587955951690674,0.014911457896232605
22,4,boundary_removal,random,2,31,"[0, 102, 82, 13, 62, 73, 121, 90, 36, 54, 71, 103, 26, 33, 123, 108, 9, 64, 126, 81, 116, 113, 5, 11, 110, 46, 75, 98, 80, 112, 96]",64,224,0.20096810162067413,0.22321943938732147,0.02225133776664734
22,4,boundary_removal,random,3,31,"[42, 2, 0, 45, 88, 78, 38, 106, 60, 36, 103, 97, 26, 35, 108, 57, 19, 33, 91, 9, 113, 99, 5, 115, 134, 125, 46, 92, 18, 1, 112]",64,224,0.20096810162067413,0.20584850013256073,0.004880398511886597
22,4,boundary_removal,random,4,31,"[10, 66, 65, 130, 32, 114, 56, 106, 79, 34, 97, 73, 6, 109, 19, 91, 16, 81, 95, 31, 116, 113, 5, 46, 75, 131, 11, 92, 98, 96, 112]",64,224,0.20096810162067413,0.21526555716991425,0.014297455549240112
22,4,boundary_removal,random,5,31,"[87, 52, 51, 15, 73, 34, 93, 12, 77, 45, 101, 79, 26, 126, 33, 64, 35, 81, 16, 123, 40, 116, 5, 23, 134, 110, 58, 21, 98, 17, 96]",64,224,0.20096810162067413,0.2168210744857788,0.015852972865104675
22,4,boundary_removal,random,6,31,"[53, 141, 70, 132, 111, 7, 32, 12, 101, 105, 97, 34, 6, 120, 81, 109, 31, 35, 64, 95, 113, 99, 5, 75, 128, 131, 14, 98, 18, 96, 17]",64,224,0.20096810162067413,0.2102140337228775,0.00924593210220337
22,4,boundary_removal,random,7,31,"[140, 25, 65, 79, 45, 7, 12, 4, 106, 43, 114, 103, 26, 35, 120, 95, 9, 108, 129, 47, 22, 116, 5, 115, 63, 46, 131, 18, 92, 96, 17]",64,224,0.20096810162067413,0.22035081684589386,0.019382715225219727
22,4,boundary_removal,random,8,31,"[100, 142, 69, 79, 130, 38, 105, 103, 132, 34, 4, 101, 26, 16, 74, 129, 95, 108, 91, 33, 99, 113, 5, 134, 75, 46, 63, 21, 98, 17, 96]",64,224,0.20096810162067413,0.20563703775405884,0.004668936133384705
22,4,boundary_removal,random,9,31,"[67, 25, 49, 132, 124, 130, 15, 60, 38, 101, 34, 4, 6, 74, 123, 31, 126, 19, 57, 81, 99, 113, 5, 46, 115, 125, 131, 80, 98, 112, 96]",64,224,0.20096810162067413,0.21574825048446655,0.01478014886379242
22,4,boundary_removal,random,10,31,"[89, 82, 0, 34, 73, 54, 7, 90, 79, 121, 132, 38, 6, 33, 16, 126, 9, 94, 19, 95, 113, 99, 5, 63, 14, 75, 115, 21, 92, 112, 17]",64,224,0.20096810162067413,0.21421360969543457,0.013245508074760437
22,4,boundary_removal,random,11,31,"[89, 44, 142, 105, 78, 13, 56, 97, 93, 12, 77, 101, 26, 16, 91, 19, 108, 47, 94, 74, 99, 37, 5, 125, 11, 115, 128, 80, 98, 112, 17]",64,224,0.20096810162067413,0.20599567890167236,0.00502757728099823
22,4,boundary_removal,random,12,31,"[82, 76, 48, 71, 7, 103, 133, 121, 124, 32, 114, 15, 26, 16, 126, 94, 33, 108, 129, 95, 37, 116, 5, 128, 110, 125, 11, 18, 80, 17, 96]",64,224,0.20096810162067413,0.20750905573368073,0.006540954113006592
22,4,boundary_removal,random,13,31,"[59, 48, 87, 62, 38, 132, 93, 73, 121, 105, 54, 20, 26, 35, 47, 91, 94, 123, 64, 120, 22, 116, 5, 11, 23, 14, 115, 98, 21, 112, 17]",64,224,0.20096810162067413,0.2461896389722824,0.045221537351608276
22,4,boundary_removal,random,14,31,"[136, 51, 70, 36, 4, 20, 103, 7, 114, 111, 38, 121, 6, 64, 95, 108, 129, 31, 33, 16, 99, 113, 5, 46, 63, 58, 11, 92, 18, 112, 1]",64,224,0.20096810162067413,0.22335761785507202,0.022389516234397888
22,4,boundary_removal,random,15,31,"[68, 86, 141, 20, 78, 101, 88, 62, 45, 36, 106, 4, 6, 129, 108, 19, 64, 95, 31, 74, 113, 99, 5, 131, 110, 115, 46, 92, 18, 17, 1]",64,224,0.20096810162067413,0.2121027261018753,0.011134624481201172
22,4,boundary_removal,random,16,31,"[76, 86, 49, 7, 34, 71, 73, 106, 20, 121, 127, 105, 26, 16, 94, 9, 109, 91, 120, 47, 116, 22, 5, 110, 122, 11, 134, 92, 21, 112, 96]",64,224,0.20096810162067413,0.229993999004364,0.02902589738368988
22,4,boundary_removal,random,17,31,"[65, 10, 84, 54, 101, 132, 77, 7, 45, 121, 90, 13, 6, 81, 108, 129, 33, 95, 64, 109, 113, 99, 5, 14, 46, 23, 131, 18, 80, 1, 96]",64,224,0.20096810162067413,0.20859241485595703,0.007624313235282898
22,4,boundary_removal,random,18,31,"[53, 82, 66, 71, 60, 127, 105, 12, 77, 15, 38, 106, 6, 19, 95, 33, 64, 35, 129, 9, 40, 22, 5, 110, 14, 11, 23, 92, 98, 112, 17]",64,224,0.20096810162067413,0.2340610772371292,0.03309297561645508
22,4,boundary_removal,random,19,31,"[10, 102, 70, 132, 62, 101, 121, 13, 54, 34, 130, 38, 6, 31, 35, 126, 95, 120, 47, 123, 22, 113, 5, 75, 23, 14, 134, 18, 92, 96, 112]",64,224,0.20096810162067413,0.2337121218442917,0.032744020223617554
22,4,boundary_removal,random,20,31,"[85, 87, 50, 78, 107, 130, 54, 56, 127, 20, 77, 90, 26, 81, 108, 74, 16, 126, 64, 91, 37, 116, 5, 58, 122, 128, 23, 21, 92, 1, 112]",64,224,0.20096810162067413,0.21875225007534027,0.017784148454666138
33,0,node_removal,target,0,15,"[0, 1, 6, 7, 8, 9, 15, 16, 17, 52, 53, 54, 60, 61, 62]",49,194,0.18054012954235077,0.5020719766616821,0.32153184711933136
33,0,node_removal,random,1,15,"[27, 55, 42, 59, 1, 34, 58, 3, 56, 25, 38, 46, 51, 33, 9]",49,166,0.18054012954235077,0.11599567532539368,-0.06454445421695709
33,0,node_removal,random,2,15,"[37, 62, 0, 26, 58, 31, 1, 7, 23, 33, 30, 17, 51, 53, 9]",49,164,0.18054012954235077,0.23315846920013428,0.05261833965778351
33,0,node_removal,random,3,15,"[58, 61, 19, 37, 60, 56, 31, 16, 15, 53, 47, 33, 48, 17, 9]",49,162,0.18054012954235077,0.24654407799243927,0.0660039484500885
33,0,node_removal,random,4,15,"[36, 37, 1, 28, 24, 55, 35, 45, 27, 33, 51, 47, 38, 10, 9]",49,172,0.18054012954235077,0.14127510786056519,-0.039265021681785583
33,0,node_removal,random,5,15,"[37, 26, 0, 35, 18, 27, 59, 45, 29, 53, 30, 51, 33, 6, 9]",49,168,0.18054012954235077,0.23415136337280273,0.053611233830451965
33,0,node_removal,random,6,15,"[31, 7, 3, 15, 62, 19, 27, 0, 44, 46, 13, 12, 25, 38, 9]",49,160,0.18054012954235077,0.1536131054162979,-0.026927024126052856
33,0,node_removal,random,7,15,"[21, 60, 29, 44, 32, 61, 42, 19, 45, 33, 2, 41, 47, 30, 9]",49,166,0.18054012954235077,0.15469962358474731,-0.025840505957603455
33,0,node_removal,random,8,15,"[0, 59, 58, 43, 60, 1, 35, 15, 18, 11, 41, 40, 6, 25, 9]",49,166,0.18054012954235077,0.315187931060791,0.13464780151844025
33,0,node_removal,random,9,15,"[62, 15, 8, 60, 35, 56, 44, 1, 3, 33, 30, 53, 11, 13, 9]",49,160,0.18054012954235077,0.16116423904895782,-0.019375890493392944
33,0,node_removal,random,10,15,"[3, 61, 62, 57, 31, 19, 8, 56, 58, 54, 41, 17, 53, 6, 9]",49,168,0.18054012954235077,0.250623494386673,0.0700833648443222
33,0,node_removal,random,11,15,"[16, 56, 61, 24, 62, 59, 55, 63, 45, 5, 54, 40, 30, 12, 9]",49,170,0.18054012954235077,0.35917308926582336,0.1786329597234726
33,0,node_removal,random,12,15,"[32, 56, 58, 7, 26, 44, 55, 16, 0, 30, 5, 12, 52, 25, 9]",49,164,0.18054012954235077,0.3570536673069,0.17651353776454926
33,0,node_removal,random,13,15,"[3, 58, 42, 62, 4, 1, 7, 15, 34, 2, 5, 10, 41, 25, 9]",49,176,0.18054012954235077,0.2908833920955658,0.11034326255321503
33,0,node_removal,random,14,15,"[15, 36, 45, 24, 23, 59, 60, 19, 27, 53, 17, 2, 38, 46, 9]",49,168,0.18054012954235077,0.1906224489212036,0.010082319378852844
33,0,node_removal,random,15,15,"[34, 39, 27, 55, 57, 7, 23, 24, 60, 5, 33, 50, 6, 40, 9]",49,160,0.18054012954235077,0.17246264219284058,-0.008077487349510193
33,0,node_removal,random,16,15,"[8, 31, 4, 44, 21, 57, 55, 18, 23, 54, 33, 5, 41, 30, 9]",49,162,0.18054012954235077,0.07564019411802292,-0.10489993542432785
33,0,node_removal,random,17,15,"[1, 27, 23, 58, 16, 35, 34, 24, 62, 33, 54, 50, 53, 22, 9]",49,172,0.18054012954235077,0.2441389560699463,0.06359882652759552
33,0,node_removal,random,18,15,"[61, 62, 27, 0, 24, 29, 4, 45, 56, 53, 47, 33, 48, 38, 9]",49,164,0.18054012954235077,0.26690149307250977,0.086361363530159
33,0,node_removal,random,19,15,"[3, 36, 58, 20, 8, 45, 37, 59, 0, 30, 41, 54, 13, 33, 9]",49,164,0.18054012954235077,0.1401418000459671,-0.04039832949638367
33,0,node_removal,random,20,15,"[37, 36, 42, 19, 59, 43, 45, 29, 31, 54, 10, 11, 30, 22, 9]",49,172,0.18054012954235077,0.1296468824148178,-0.05089324712753296
33,0,boundary_removal,target,0,24,"[1, 4, 8, 16, 17, 21, 22, 24, 28, 39, 42, 44, 45, 46, 47, 105, 107, 109, 123, 125, 132, 134, 139, 142]",64,238,0.18054012954235077,0.203006312251091,0.022466182708740234
33,0,boundary_removal,random,1,24,"[100, 42, 53, 102, 101, 60, 62, 56, 77, 39, 33, 123, 57, 31, 37, 30, 75, 23, 134, 117, 92, 8, 112, 1]",64,238,0.18054012954235077,0.168867826461792,-0.011672303080558777
33,0,boundary_removal,random,2,24,"[102, 70, 27, 76, 77, 93, 56, 12, 34, 39, 47, 126, 123, 19, 22, 28, 125, 63, 58, 41, 98, 8, 96, 17]",64,238,0.18054012954235077,0.16735295951366425,-0.013187170028686523
33,0,boundary_removal,random,3,24,"[76, 136, 2, 67, 132, 107, 36, 101, 114, 39, 91, 47, 35, 19, 99, 30, 134, 75, 23, 41, 98, 8, 1, 96]",64,238,0.18054012954235077,0.2036171406507492,0.023077011108398438
33,0,boundary_removal,random,4,24,"[72, 139, 140, 102, 4, 36, 93, 124, 88, 39, 109, 47, 9, 19, 40, 28, 63, 11, 134, 117, 92, 8, 17, 96]",64,238,0.18054012954235077,0.1632702797651291,-0.01726984977722168
33,0,boundary_removal,random,5,24,"[140, 67, 44, 102, 36, 97, 79, 103, 78, 39, 129, 64, 108, 126, 37, 30, 14, 23, 63, 117, 92, 8, 1, 96]",64,238,0.18054012954235077,0.1691274642944336,-0.011412665247917175
33,0,boundary_removal,random,6,24,"[65, 68, 61, 100, 90, 62, 106, 56, 105, 39, 108, 31, 123, 57, 40, 30, 115, 131, 46, 24, 98, 8, 96, 1]",64,238,0.18054012954235077,0.1931399703025818,0.012599840760231018
33,0,boundary_removal,random,7,24,"[141, 135, 25, 68, 107, 36, 12, 132, 90, 39, 47, 57, 120, 9, 22, 30, 128, 122, 46, 119, 92, 8, 17, 1]",64,238,0.18054012954235077,0.1704803705215454,-0.010059759020805359
33,0,boundary_removal,random,8,24,"[135, 136, 69, 53, 15, 7, 12, 32, 106, 118, 95, 126, 64, 91, 37, 28, 110, 63, 122, 119, 21, 8, 17, 112]",64,238,0.18054012954235077,0.15249426662921906,-0.028045862913131714
33,0,boundary_removal,random,9,24,"[10, 59, 102, 84, 133, 32, 90, 56, 130, 118, 91, 94, 47, 9, 113, 28, 58, 110, 63, 24, 92, 8, 96, 1]",64,238,0.18054012954235077,0.1337306946516037,-0.04680943489074707
33,0,boundary_removal,random,10,24,"[70, 51, 10, 53, 90, 105, 4, 71, 54, 118, 16, 19, 120, 35, 22, 28, 46, 11, 115, 41, 98, 8, 96, 112]",64,238,0.18054012954235077,0.16052128374576569,-0.020018845796585083
33,0,boundary_removal,random,11,24,"[59, 52, 138, 55, 45, 32, 12, 78, 13, 39, 120, 126, 91, 94, 116, 28, 122, 125, 46, 41, 18, 8, 96, 17]",64,238,0.18054012954235077,0.15786200761795044,-0.02267812192440033
33,0,boundary_removal,random,12,24,"[42, 44, 100, 140, 127, 79, 45, 38, 60, 118, 94, 9, 123, 126, 37, 30, 110, 128, 134, 119, 18, 8, 96, 112]",64,238,0.18054012954235077,0.16681139171123505,-0.013728737831115723
33,0,boundary_removal,random,13,24,"[49, 137, 89, 87, 15, 105, 79, 32, 78, 39, 31, 57, 120, 19, 40, 28, 110, 134, 63, 41, 98, 8, 17, 112]",64,238,0.18054012954235077,0.1614561825990677,-0.01908394694328308
33,0,boundary_removal,random,14,24,"[61, 72, 82, 51, 73, 77, 111, 93, 71, 118, 57, 35, 16, 81, 37, 28, 14, 58, 125, 41, 80, 8, 17, 1]",64,238,0.18054012954235077,0.15786544978618622,-0.02267467975616455
33,0,boundary_removal,random,15,24,"[89, 65, 27, 44, 103, 124, 90, 107, 13, 118, 35, 47, 123, 33, 116, 28, 115, 134, 46, 24, 92, 8, 112, 17]",64,238,0.18054012954235077,0.1664433479309082,-0.014096781611442566
33,0,boundary_removal,random,16,24,"[102, 67, 136, 138, 133, 45, 105, 88, 71, 118, 74, 108, 16, 64, 40, 28, 122, 11, 58, 41, 21, 8, 112, 1]",64,238,0.18054012954235077,0.1644682139158249,-0.01607191562652588
33,0,boundary_removal,random,17,24,"[100, 142, 72, 70, 38, 43, 4, 79, 90, 39, 108, 123, 16, 95, 99, 30, 11, 58, 23, 117, 18, 8, 96, 1]",64,238,0.18054012954235077,0.1707117110490799,-0.009828418493270874
33,0,boundary_removal,random,18,24,"[76, 139, 49, 86, 36, 43, 103, 111, 132, 39, 35, 19, 57, 81, 113, 30, 134, 63, 115, 117, 18, 8, 17, 1]",64,238,0.18054012954235077,0.17612695693969727,-0.004413172602653503
33,0,boundary_removal,random,19,24,"[142, 50, 48, 25, 121, 114, 105, 78, 7, 39, 109, 126, 74, 81, 116, 30, 75, 134, 11, 119, 98, 8, 96, 112]",64,238,0.18054012954235077,0.16534584760665894,-0.015194281935691833
33,0,boundary_removal,random,20,24,"[49, 0, 44, 69, 106, 62, 36, 101, 34, 39, 74, 33, 47, 35, 113, 30, 23, 128, 11, 24, 21, 8, 1, 112]",64,238,0.18054012954235077,0.17438293993473053,-0.006157189607620239
33,1,node_removal,target,0,4,"[14, 22, 23, 31]",60,258,0.18054012954235077,0.13957780599594116,-0.04096232354640961
33,1,node_removal,random,1,4,"[0, 7, 6, 14]",60,254,0.18054012954235077,0.2507241368293762,0.07018400728702545
33,1,node_removal,random,2,4,"[55, 58, 13, 49]",60,250,0.18054012954235077,0.1444568783044815,-0.03608325123786926
33,1,node_removal,random,3,4,"[0, 34, 47, 49]",60,248,0.18054012954235077,0.17807315289974213,-0.0024669766426086426
33,1,node_removal,random,4,4,"[7, 60, 47, 14]",60,250,0.18054012954235077,0.20461083948612213,0.024070709943771362
33,1,node_removal,random,5,4,"[59, 29, 13, 14]",60,250,0.18054012954235077,0.1602436900138855,-0.02029643952846527
33,1,node_removal,random,6,4,"[61, 23, 38, 49]",60,248,0.18054012954235077,0.11676276475191116,-0.0637773647904396
33,1,node_removal,random,7,4,"[56, 42, 41, 14]",60,250,0.18054012954235077,0.19362927973270416,0.013089150190353394
33,1,node_removal,random,8,4,"[27, 31, 12, 49]",60,248,0.18054012954235077,0.12920944392681122,-0.05133068561553955
33,1,node_removal,random,9,4,"[43, 62, 6, 14]",60,250,0.18054012954235077,0.2103797048330307,0.02983957529067993
33,1,node_removal,random,10,4,"[63, 7, 5, 49]",60,250,0.18054012954235077,0.16500526666641235,-0.015534862875938416
33,1,node_removal,random,11,4,"[56, 43, 6, 49]",60,250,0.18054012954235077,0.19035375118255615,0.009813621640205383
33,1,node_removal,random,12,4,"[61, 16, 22, 14]",60,250,0.18054012954235077,0.20881105959415436,0.02827093005180359
33,1,node_removal,random,13,4,"[55, 0, 10, 49]",60,248,0.18054012954235077,0.15822266042232513,-0.022317469120025635
33,1,node_removal,random,14,4,"[19, 45, 2, 14]",60,248,0.18054012954235077,0.18998675048351288,0.00944662094116211
33,1,node_removal,random,15,4,"[42, 34, 30, 14]",60,250,0.18054012954235077,0.17618806660175323,-0.004352062940597534
33,1,node_removal,random,16,4,"[59, 62, 22, 14]",60,250,0.18054012954235077,0.19090144336223602,0.010361313819885254
33,1,node_removal,random,17,4,"[56, 1, 10, 49]",60,250,0.18054012954235077,0.18534080684185028,0.004800677299499512
33,1,node_removal,random,18,4,"[3, 61, 47, 14]",60,248,0.18054012954235077,0.18593502044677734,0.005394890904426575
33,1,node_removal,random,19,4,"[58, 24, 25, 49]",60,252,0.18054012954235077,0.17288701236248016,-0.0076531171798706055
33,1,node_removal,random,20,4,"[36, 15, 53, 14]",60,250,0.18054012954235077,0.2284718006849289,0.047931671142578125
33,1,boundary_removal,target,0,9,"[22, 24, 37, 39, 42, 54, 57, 73, 76]",64,268,0.18054012954235077,0.1867702752351761,0.006230145692825317
33,1,boundary_removal,random,1,9,"[100, 135, 12, 38, 118, 16, 37, 40, 119]",64,268,0.18054012954235077,0.1685539335012436,-0.011986196041107178
33,1,boundary_removal,random,2,9,"[138, 70, 56, 78, 39, 35, 113, 116, 119]",64,268,0.18054012954235077,0.17983628809452057,-0.0007038414478302002
33,1,boundary_removal,random,3,9,"[52, 10, 90, 127, 118, 126, 116, 99, 41]",64,268,0.18054012954235077,0.15815287828445435,-0.022387251257896423
33,1,boundary_removal,random,4,9,"[27, 86, 43, 124, 118, 33, 37, 113, 24]",64,268,0.18054012954235077,0.16344617307186127,-0.017093956470489502
33,1,boundary_removal,random,5,9,"[67, 10, 60, 106, 118, 81, 116, 37, 24]",64,268,0.18054012954235077,0.17383714020252228,-0.006702989339828491
33,1,boundary_removal,random,6,9,"[51, 83, 106, 88, 118, 74, 40, 37, 41]",64,268,0.18054012954235077,0.16884148120880127,-0.0116986483335495
33,1,boundary_removal,random,7,9,"[89, 25, 73, 77, 118, 47, 99, 113, 119]",64,268,0.18054012954235077,0.15715819597244263,-0.023381933569908142
33,1,boundary_removal,random,8,9,"[138, 51, 107, 54, 39, 123, 99, 22, 41]",64,268,0.18054012954235077,0.19061291217803955,0.010072782635688782
33,1,boundary_removal,random,9,9,"[68, 104, 103, 20, 118, 64, 116, 99, 24]",64,268,0.18054012954235077,0.171087846159935,-0.009452283382415771
33,1,boundary_removal,random,10,9,"[135, 59, 77, 60, 39, 35, 22, 40, 41]",64,268,0.18054012954235077,0.17534106969833374,-0.005199059844017029
33,1,boundary_removal,random,11,9,"[85, 141, 97, 43, 39, 95, 37, 40, 41]",64,268,0.18054012954235077,0.18252062797546387,0.001980498433113098
33,1,boundary_removal,random,12,9,"[140, 89, 62, 111, 39, 9, 22, 99, 117]",64,268,0.18054012954235077,0.17034929990768433,-0.010190829634666443
33,1,boundary_removal,random,13,9,"[70, 135, 106, 133, 39, 91, 99, 113, 119]",64,268,0.18054012954235077,0.1822403222322464,0.0017001926898956299
33,1,boundary_removal,random,14,9,"[0, 53, 114, 103, 118, 123, 99, 22, 117]",64,268,0.18054012954235077,0.16364991664886475,-0.016890212893486023
33,1,boundary_removal,random,15,9,"[65, 66, 111, 20, 118, 33, 113, 116, 41]",64,268,0.18054012954235077,0.1659480184316635,-0.014592111110687256
33,1,boundary_removal,random,16,9,"[69, 136, 32, 121, 118, 129, 116, 37, 117]",64,268,0.18054012954235077,0.16784244775772095,-0.012697681784629822
33,1,boundary_removal,random,17,9,"[52, 55, 79, 15, 39, 91, 40, 37, 119]",64,268,0.18054012954235077,0.17242132127285004,-0.008118808269500732
33,1,boundary_removal,random,18,9,"[139, 87, 78, 79, 118, 94, 40, 116, 24]",64,268,0.18054012954235077,0.17347942292690277,-0.007060706615447998
33,1,boundary_removal,random,19,9,"[10, 142, 12, 103, 39, 109, 99, 22, 119]",64,268,0.18054012954235077,0.18015535175800323,-0.0003847777843475342
33,1,boundary_removal,random,20,9,"[104, 82, 71, 62, 118, 9, 22, 113, 24]",64,268,0.18054012954235077,0.16571351885795593,-0.014826610684394836
33,2,node_removal,target,0,44,"[2, 3, 4, 5, 10, 11, 12, 13, 18, 19, 21, 24, 25, 26, 27, 28, 29, 30, 32, 33, 34, 35, 36, 37, 38, 39, 40, 41, 42, 43, 44, 45, 46, 47, 48, 49, 50, 51, 55, 56, 57, 58, 59, 63]",20,62,0.18054012954235077,0.035813093185424805,-0.14472703635692596
33,2,node_removal,random,1,44,"[8, 56, 1, 61, 57, 32, 62, 3, 29, 34, 4, 35, 39, 26, 7, 37, 60, 24, 23, 58, 27, 15, 21, 0, 16, 43, 12, 5, 22, 38, 17, 6, 10, 47, 33, 50, 54, 46, 48, 25, 53, 30, 13, 49]",20,28,0.18054012954235077,0.14328448474407196,-0.03725564479827881
33,2,node_removal,random,2,44,"[1, 58, 63, 24, 35, 16, 45, 57, 55, 60, 39, 27, 43, 15, 42, 0, 21, 20, 23, 36, 61, 31, 8, 18, 7, 62, 41, 6, 30, 2, 50, 10, 47, 12, 54, 5, 25, 40, 17, 53, 46, 48, 33, 49]",20,26,0.18054012954235077,0.042213767766952515,-0.13832636177539825
33,2,node_removal,random,3,44,"[63, 16, 19, 57, 44, 62, 24, 21, 20, 43, 45, 23, 1, 7, 26, 8, 34, 0, 31, 29, 60, 35, 55, 32, 39, 36, 41, 33, 12, 47, 10, 38, 46, 25, 54, 17, 11, 6, 48, 2, 30, 22, 40, 14]",20,34,0.18054012954235077,0.04765695333480835,-0.13288317620754242
33,2,node_removal,random,4,44,"[31, 37, 19, 45, 61, 59, 15, 16, 28, 56, 20, 0, 27, 24, 63, 55, 36, 62, 26, 58, 43, 35, 3, 57, 29, 8, 40, 33, 38, 12, 25, 48, 51, 13, 2, 53, 10, 22, 6, 47, 5, 41, 11, 49]",20,22,0.18054012954235077,0.10061419755220413,-0.07992593199014664
33,2,node_removal,random,5,44,"[35, 39, 0, 19, 16, 59, 28, 45, 29, 26, 60, 56, 55, 57, 24, 32, 34, 4, 1, 18, 7, 20, 62, 36, 58, 8, 47, 11, 33, 5, 53, 54, 48, 12, 30, 41, 38, 50, 46, 40, 51, 13, 2, 49]",20,36,0.18054012954235077,0.10989531129598618,-0.0706448182463646
33,2,node_removal,random,6,44,"[60, 29, 42, 0, 34, 62, 31, 39, 27, 18, 37, 23, 3, 26, 63, 45, 15, 55, 16, 20, 59, 61, 35, 57, 4, 21, 54, 12, 38, 46, 2, 53, 5, 50, 33, 6, 11, 40, 48, 22, 41, 51, 10, 49]",20,30,0.18054012954235077,0.02582024782896042,-0.15471988171339035
33,2,node_removal,random,7,44,"[1, 28, 16, 42, 24, 44, 19, 61, 8, 31, 4, 37, 34, 0, 60, 57, 23, 3, 59, 35, 45, 26, 21, 32, 7, 55, 2, 10, 53, 48, 54, 6, 33, 25, 12, 41, 40, 38, 13, 17, 51, 52, 46, 14]",20,20,0.18054012954235077,0.08788090199232101,-0.09265922755002975
33,2,node_removal,random,8,44,"[0, 28, 19, 15, 1, 43, 35, 57, 36, 21, 18, 8, 42, 45, 27, 62, 20, 26, 59, 60, 31, 29, 24, 34, 39, 63, 11, 47, 33, 22, 54, 2, 30, 38, 41, 5, 48, 6, 40, 12, 51, 10, 25, 49]",20,26,0.18054012954235077,0.02241254411637783,-0.15812758542597294
33,2,node_removal,random,9,44,"[20, 57, 62, 8, 60, 18, 58, 28, 26, 19, 35, 59, 16, 7, 43, 44, 34, 29, 3, 36, 23, 15, 27, 37, 4, 0, 52, 11, 40, 12, 33, 13, 54, 30, 6, 41, 5, 22, 2, 50, 17, 51, 47, 14]",20,32,0.18054012954235077,0.2965866029262543,0.1160464733839035
33,2,node_removal,random,10,44,"[42, 28, 56, 0, 7, 55, 15, 3, 20, 37, 45, 23, 32, 8, 27, 4, 62, 60, 59, 29, 61, 1, 16, 35, 26, 57, 25, 30, 54, 12, 5, 46, 40, 2, 41, 33, 6, 17, 51, 52, 38, 48, 47, 49]",20,28,0.18054012954235077,0.4742492437362671,0.2937091141939163
33,2,node_removal,random,11,44,"[34, 23, 28, 20, 35, 19, 15, 39, 63, 7, 18, 27, 31, 24, 56, 32, 16, 3, 8, 45, 26, 36, 1, 62, 60, 43, 22, 51, 33, 25, 2, 11, 5, 40, 54, 13, 46, 10, 38, 53, 41, 6, 48, 49]",20,28,0.18054012954235077,0.01611655205488205,-0.16442357748746872
33,2,node_removal,random,12,44,"[18, 8, 44, 3, 42, 55, 61, 57, 35, 19, 29, 26, 27, 24, 62, 1, 59, 34, 60, 45, 39, 15, 23, 16, 37, 28, 48, 53, 52, 11, 25, 51, 47, 40, 38, 46, 6, 41, 2, 30, 10, 50, 12, 49]",20,28,0.18054012954235077,0.07392745465040207,-0.1066126748919487
33,2,node_removal,random,13,44,"[21, 34, 55, 61, 63, 23, 26, 56, 32, 3, 62, 59, 20, 18, 36, 60, 24, 35, 27, 45, 4, 29, 31, 19, 28, 16, 41, 5, 30, 51, 13, 12, 25, 52, 53, 17, 33, 46, 38, 50, 54, 40, 6, 49]",20,42,0.18054012954235077,0.05577551946043968,-0.12476461008191109
33,2,node_removal,random,14,44,"[35, 16, 32, 21, 18, 55, 42, 19, 63, 24, 59, 43, 4, 57, 60, 1, 20, 26, 44, 3, 0, 29, 56, 28, 36, 34, 5, 52, 2, 30, 46, 51, 22, 54, 53, 11, 48, 25, 50, 47, 40, 41, 12, 14]",20,30,0.18054012954235077,0.3163987696170807,0.13585864007472992
33,2,node_removal,random,15,44,"[34, 57, 28, 15, 18, 45, 36, 20, 56, 19, 21, 35, 55, 60, 63, 1, 0, 42, 23, 37, 43, 26, 31, 39, 44, 7, 53, 54, 12, 22, 51, 2, 40, 10, 48, 5, 33, 38, 46, 52, 13, 6, 25, 14]",20,38,0.18054012954235077,0.014431801624596119,-0.16610832791775465
33,2,node_removal,random,16,44,"[32, 26, 56, 57, 24, 23, 15, 61, 0, 20, 16, 39, 35, 27, 29, 42, 60, 45, 55, 7, 31, 44, 3, 36, 18, 37, 30, 40, 12, 54, 52, 38, 25, 46, 10, 13, 11, 53, 22, 47, 33, 51, 5, 49]",20,24,0.18054012954235077,0.0864037498831749,-0.09413637965917587
33,2,node_removal,random,17,44,"[59, 1, 4, 28, 62, 55, 43, 31, 21, 60, 0, 58, 44, 16, 35, 27, 3, 20, 24, 57, 26, 23, 8, 36, 56, 63, 51, 47, 41, 2, 12, 13, 38, 17, 53, 5, 22, 48, 6, 33, 11, 10, 40, 49]",20,28,0.18054012954235077,0.03140448033809662,-0.14913564920425415
33,2,node_removal,random,18,44,"[56, 29, 23, 31, 28, 43, 4, 36, 27, 7, 44, 62, 19, 35, 60, 45, 59, 55, 42, 18, 32, 1, 57, 61, 3, 0, 25, 33, 51, 54, 40, 53, 38, 11, 52, 6, 48, 30, 5, 17, 2, 12, 13, 14]",20,30,0.18054012954235077,0.21912504732608795,0.03858491778373718
33,2,node_removal,random,19,44,"[32, 20, 3, 36, 42, 39, 4, 15, 23, 26, 62, 37, 24, 21, 45, 35, 28, 60, 0, 29, 59, 8, 31, 44, 63, 43, 17, 53, 52, 2, 40, 6, 50, 54, 12, 30, 51, 10, 47, 38, 22, 33, 5, 49]",20,26,0.18054012954235077,0.04275544360280037,-0.1377846859395504
33,2,node_removal,random,20,44,"[8, 42, 23, 31, 1, 57, 21, 56, 58, 44, 0, 26, 60, 32, 39, 15, 18, 24, 55, 4, 63, 36, 16, 7, 59, 35, 22, 40, 17, 5, 11, 51, 30, 33, 41, 46, 25, 54, 47, 10, 13, 50, 12, 14]",20,34,0.18054012954235077,0.15160657465457916,-0.028933554887771606
33,2,boundary_removal,target,0,29,"[1, 4, 8, 16, 17, 21, 28, 36, 37, 44, 45, 46, 47, 50, 52, 53, 54, 57, 73, 76, 105, 107, 109, 123, 125, 132, 134, 139, 142]",64,228,0.18054012954235077,0.18172788619995117,0.0011877566576004028
33,2,boundary_removal,random,1,29,"[27, 87, 51, 67, 70, 61, 25, 114, 107, 133, 111, 77, 103, 34, 130, 16, 120, 109, 47, 57, 37, 30, 46, 125, 14, 21, 8, 96, 17]",64,228,0.18054012954235077,0.19632820785045624,0.01578807830810547
33,2,boundary_removal,random,2,29,"[27, 42, 50, 135, 69, 59, 52, 73, 20, 105, 103, 130, 106, 38, 124, 81, 108, 74, 123, 109, 113, 30, 75, 128, 63, 98, 8, 1, 96]",64,228,0.18054012954235077,0.1570492684841156,-0.02349086105823517
33,2,boundary_removal,random,3,29,"[59, 65, 137, 69, 102, 70, 50, 107, 56, 88, 90, 111, 105, 124, 133, 95, 81, 19, 33, 123, 116, 28, 46, 128, 125, 21, 8, 112, 96]",64,228,0.18054012954235077,0.17681314051151276,-0.0037269890308380127
33,2,boundary_removal,random,4,29,"[84, 82, 27, 25, 137, 10, 69, 13, 62, 54, 45, 73, 101, 7, 4, 120, 109, 31, 9, 74, 40, 28, 110, 23, 131, 92, 8, 17, 1]",64,228,0.18054012954235077,0.1424938440322876,-0.03804628551006317
33,2,boundary_removal,random,5,29,"[53, 87, 52, 68, 138, 140, 61, 62, 132, 12, 73, 13, 133, 36, 54, 47, 31, 19, 57, 95, 22, 30, 125, 63, 46, 80, 8, 17, 1]",64,228,0.18054012954235077,0.15092255175113678,-0.02961757779121399
33,2,boundary_removal,random,6,29,"[138, 68, 2, 51, 86, 67, 52, 106, 88, 90, 54, 73, 7, 32, 105, 120, 19, 35, 74, 9, 40, 28, 23, 58, 110, 21, 8, 96, 112]",64,228,0.18054012954235077,0.13750314712524414,-0.04303698241710663
33,2,boundary_removal,random,7,29,"[68, 52, 83, 89, 82, 10, 135, 121, 32, 133, 79, 88, 45, 127, 20, 129, 91, 57, 74, 123, 113, 28, 115, 122, 14, 21, 8, 1, 112]",64,228,0.18054012954235077,0.13712532818317413,-0.043414801359176636
33,2,boundary_removal,random,8,29,"[49, 69, 50, 52, 82, 100, 138, 97, 93, 4, 130, 105, 38, 36, 62, 16, 33, 123, 47, 81, 99, 30, 63, 134, 14, 18, 8, 112, 1]",64,228,0.18054012954235077,0.15824125707149506,-0.022298872470855713
33,2,boundary_removal,random,9,29,"[10, 68, 65, 44, 2, 135, 100, 130, 133, 103, 107, 73, 38, 105, 77, 126, 91, 64, 57, 123, 37, 28, 115, 128, 75, 80, 8, 112, 17]",64,228,0.18054012954235077,0.17880535125732422,-0.0017347782850265503
33,2,boundary_removal,random,10,29,"[2, 141, 70, 59, 68, 69, 83, 105, 107, 106, 121, 62, 4, 13, 34, 123, 120, 9, 57, 91, 40, 30, 63, 131, 11, 21, 8, 96, 17]",64,228,0.18054012954235077,0.20295695960521698,0.02241683006286621
33,2,boundary_removal,random,11,29,"[51, 136, 139, 85, 86, 10, 72, 107, 12, 38, 127, 54, 90, 43, 106, 108, 94, 16, 91, 95, 99, 28, 122, 58, 63, 80, 8, 1, 112]",64,228,0.18054012954235077,0.16159041225910187,-0.0189497172832489
33,2,boundary_removal,random,12,29,"[66, 142, 100, 76, 0, 102, 139, 32, 105, 56, 88, 13, 15, 73, 93, 64, 95, 109, 33, 108, 116, 28, 75, 134, 125, 18, 8, 96, 1]",64,228,0.18054012954235077,0.1828189343214035,0.0022788047790527344
33,2,boundary_removal,random,13,29,"[48, 85, 141, 82, 49, 68, 76, 43, 101, 13, 62, 124, 36, 4, 32, 31, 123, 33, 9, 108, 116, 30, 128, 63, 23, 98, 8, 112, 1]",64,228,0.18054012954235077,0.16699428856372833,-0.013545840978622437
33,2,boundary_removal,random,14,29,"[55, 51, 87, 85, 84, 50, 65, 88, 106, 56, 133, 90, 107, 78, 4, 91, 47, 120, 81, 33, 116, 28, 14, 134, 122, 80, 8, 1, 17]",64,228,0.18054012954235077,0.14915980398654938,-0.03138032555580139
33,2,boundary_removal,random,15,29,"[25, 52, 66, 82, 27, 135, 68, 106, 77, 88, 127, 121, 132, 107, 114, 126, 129, 31, 35, 94, 37, 28, 58, 110, 63, 80, 8, 1, 96]",64,228,0.18054012954235077,0.16850823163986206,-0.012031897902488708
33,2,boundary_removal,random,16,29,"[42, 82, 25, 52, 50, 76, 65, 103, 60, 15, 101, 54, 114, 32, 12, 109, 9, 74, 126, 95, 37, 30, 115, 63, 11, 18, 8, 96, 17]",64,228,0.18054012954235077,0.1645462065935135,-0.01599392294883728
33,2,boundary_removal,random,17,29,"[137, 42, 104, 140, 50, 84, 139, 32, 103, 121, 127, 107, 133, 56, 45, 64, 91, 16, 109, 31, 99, 30, 23, 58, 63, 92, 8, 112, 17]",64,228,0.18054012954235077,0.1838366985321045,0.003296568989753723
33,2,boundary_removal,random,18,29,"[68, 48, 59, 139, 136, 141, 72, 121, 90, 62, 34, 79, 101, 88, 56, 64, 94, 16, 129, 108, 99, 30, 134, 131, 125, 92, 8, 1, 96]",64,228,0.18054012954235077,0.15999560058116913,-0.02054452896118164
33,2,boundary_removal,random,19,29,"[136, 2, 76, 65, 141, 25, 86, 106, 103, 54, 45, 15, 4, 121, 62, 109, 81, 35, 91, 74, 113, 28, 115, 46, 63, 98, 8, 112, 17]",64,228,0.18054012954235077,0.1674298793077469,-0.013110250234603882
33,2,boundary_removal,random,20,29,"[135, 89, 0, 84, 48, 68, 42, 43, 38, 105, 124, 60, 54, 93, 62, 120, 109, 9, 108, 81, 113, 28, 125, 14, 128, 80, 8, 17, 96]",64,228,0.18054012954235077,0.15515345335006714,-0.02538667619228363
33,3,node_removal,target,0,1,[20],63,278,0.18054012954235077,0.13740427792072296,-0.04313585162162781
33,3,node_removal,random,1,1,[20],63,278,0.18054012954235077,0.13740427792072296,-0.04313585162162781
33,3,node_removal,random,2,1,[58],63,278,0.18054012954235077,0.1857966184616089,0.005256488919258118
33,3,node_removal,random,3,1,[43],63,278,0.18054012954235077,0.17857162654399872,-0.0019685029983520508
33,3,node_removal,random,4,1,[24],63,278,0.18054012954235077,0.1989247053861618,0.018384575843811035
33,3,node_removal,random,5,1,[23],63,278,0.18054012954235077,0.16633762419223785,-0.014202505350112915
33,3,node_removal,random,6,1,[36],63,278,0.18054012954235077,0.18242724239826202,0.0018871128559112549
33,3,node_removal,random,7,1,[16],63,278,0.18054012954235077,0.19659578800201416,0.01605565845966339
33,3,node_removal,random,8,1,[23],63,278,0.18054012954235077,0.16633762419223785,-0.014202505350112915
33,3,node_removal,random,9,1,[42],63,278,0.18054012954235077,0.1781812459230423,-0.0023588836193084717
33,3,node_removal,random,10,1,[0],63,278,0.18054012954235077,0.21560414135456085,0.03506401181221008
33,3,node_removal,random,11,1,[27],63,278,0.18054012954235077,0.19430434703826904,0.013764217495918274
33,3,node_removal,random,12,1,[4],63,278,0.18054012954235077,0.19100089371204376,0.010460764169692993
33,3,node_removal,random,13,1,[18],63,278,0.18054012954235077,0.17086315155029297,-0.0096769779920578
33,3,node_removal,random,14,1,[21],63,278,0.18054012954235077,0.15499351918697357,-0.025546610355377197
33,3,node_removal,random,15,1,[36],63,278,0.18054012954235077,0.18242724239826202,0.0018871128559112549
33,3,node_removal,random,16,1,[61],63,278,0.18054012954235077,0.20179639756679535,0.02125626802444458
33,3,node_removal,random,17,1,[3],63,278,0.18054012954235077,0.16313296556472778,-0.017407163977622986
33,3,node_removal,random,18,1,[15],63,278,0.18054012954235077,0.2094808667898178,0.02894073724746704
33,3,node_removal,random,19,1,[0],63,278,0.18054012954235077,0.21560414135456085,0.03506401181221008
33,3,node_removal,random,20,1,[42],63,278,0.18054012954235077,0.1781812459230423,-0.0023588836193084717
33,3,boundary_removal,target,0,4,"[36, 50, 52, 53]",64,278,0.18054012954235077,0.16509415209293365,-0.015445977449417114
33,3,boundary_removal,random,1,4,"[83, 137, 135, 38]",64,278,0.18054012954235077,0.1807972937822342,0.00025716423988342285
33,3,boundary_removal,random,2,4,"[48, 69, 2, 20]",64,278,0.18054012954235077,0.18062536418437958,8.52346420288086e-05
33,3,boundary_removal,random,3,4,"[52, 42, 68, 88]",64,278,0.18054012954235077,0.1750798374414444,-0.005460292100906372
33,3,boundary_removal,random,4,4,"[0, 68, 59, 133]",64,278,0.18054012954235077,0.18278098106384277,0.0022408515214920044
33,3,boundary_removal,random,5,4,"[76, 25, 0, 79]",64,278,0.18054012954235077,0.18678462505340576,0.006244495511054993
33,3,boundary_removal,random,6,4,"[135, 137, 48, 77]",64,278,0.18054012954235077,0.1781502366065979,-0.0023898929357528687
33,3,boundary_removal,random,7,4,"[86, 76, 83, 45]",64,278,0.18054012954235077,0.17371447384357452,-0.006825655698776245
33,3,boundary_removal,random,8,4,"[102, 65, 72, 124]",64,278,0.18054012954235077,0.17441518604755402,-0.006124943494796753
33,3,boundary_removal,random,9,4,"[53, 137, 68, 107]",64,278,0.18054012954235077,0.17364950478076935,-0.006890624761581421
33,3,boundary_removal,random,10,4,"[2, 76, 55, 43]",64,278,0.18054012954235077,0.17978417873382568,-0.0007559508085250854
33,3,boundary_removal,random,11,4,"[85, 140, 68, 97]",64,278,0.18054012954235077,0.1759980320930481,-0.004542097449302673
33,3,boundary_removal,random,12,4,"[104, 2, 142, 54]",64,278,0.18054012954235077,0.18259930610656738,0.0020591765642166138
33,3,boundary_removal,random,13,4,"[2, 49, 141, 133]",64,278,0.18054012954235077,0.18407221138477325,0.0035320818424224854
33,3,boundary_removal,random,14,4,"[68, 25, 49, 73]",64,278,0.18054012954235077,0.18623214960098267,0.005692020058631897
33,3,boundary_removal,random,15,4,"[87, 139, 68, 103]",64,278,0.18054012954235077,0.17978012561798096,-0.000760003924369812
33,3,boundary_removal,random,16,4,"[55, 141, 135, 54]",64,278,0.18054012954235077,0.17964132130146027,-0.0008988082408905029
33,3,boundary_removal,random,17,4,"[102, 65, 136, 107]",64,278,0.18054012954235077,0.18729697167873383,0.006756842136383057
33,3,boundary_removal,random,18,4,"[0, 10, 51, 34]",64,278,0.18054012954235077,0.19442062079906464,0.013880491256713867
33,3,boundary_removal,random,19,4,"[142, 83, 70, 54]",64,278,0.18054012954235077,0.18043379485607147,-0.00010633468627929688
33,3,boundary_removal,random,20,4,"[66, 86, 67, 78]",64,278,0.18054012954235077,0.18649651110172272,0.005956381559371948
54,0,node_removal,target,0,61,"[0, 1, 2, 3, 4, 5, 6, 7, 8, 9, 10, 11, 12, 13, 14, 15, 16, 17, 18, 19, 20, 21, 22, 23, 24, 25, 26, 27, 28, 29, 30, 31, 32, 33, 34, 35, 36, 37, 38, 40, 41, 42, 43, 44, 45, 46, 47, 48, 49, 50, 51, 52, 53, 54, 55, 56, 57, 58, 59, 60, 61]",3,2,0.008574946783483028,0.9944474697113037,0.9858725229278207
54,0,node_removal,random,1,61,"[59, 18, 3, 29, 21, 56, 26, 24, 1, 39, 62, 57, 27, 37, 31, 16, 45, 63, 0, 34, 28, 20, 8, 19, 23, 44, 60, 58, 7, 4, 61, 35, 42, 32, 15, 48, 46, 10, 53, 50, 30, 25, 41, 5, 38, 22, 33, 54, 11, 17, 6, 51, 13, 2, 12, 52, 40, 47, 14, 49, 9]",3,0,0.008574946783483028,0.0002057269011856988,-0.00836921988229733
54,0,node_removal,random,2,61,"[60, 56, 35, 32, 24, 37, 1, 58, 16, 42, 15, 39, 23, 27, 31, 18, 44, 55, 57, 20, 3, 28, 59, 43, 26, 21, 0, 34, 45, 36, 61, 29, 4, 19, 63, 47, 53, 30, 25, 40, 22, 5, 52, 51, 17, 13, 2, 11, 41, 50, 10, 12, 54, 38, 46, 6, 33, 48, 49, 14, 9]",3,0,0.008574946783483028,0.6975628733634949,0.6889879265800118
54,0,node_removal,random,3,61,"[26, 21, 19, 56, 3, 7, 44, 34, 18, 39, 29, 55, 20, 4, 8, 57, 36, 1, 23, 62, 43, 58, 32, 45, 42, 35, 27, 37, 59, 31, 15, 60, 0, 28, 63, 53, 6, 33, 2, 50, 46, 22, 30, 41, 10, 25, 12, 5, 38, 51, 54, 13, 48, 17, 47, 52, 11, 40, 14, 49, 9]",3,2,0.008574946783483028,0.0008237475994974375,-0.007751199183985591
54,0,node_removal,random,4,61,"[59, 0, 63, 23, 58, 57, 8, 20, 15, 43, 4, 21, 7, 3, 1, 39, 37, 42, 61, 36, 62, 44, 26, 24, 56, 45, 35, 32, 18, 19, 27, 60, 29, 31, 55, 6, 2, 40, 5, 54, 46, 11, 48, 12, 41, 25, 47, 33, 50, 17, 38, 22, 13, 53, 30, 52, 51, 10, 14, 49, 9]",3,0,0.008574946783483028,0.0011379793286323547,-0.007436967454850674
54,0,node_removal,random,5,61,"[23, 32, 21, 59, 29, 57, 19, 3, 55, 61, 63, 27, 37, 16, 36, 62, 60, 8, 18, 34, 35, 24, 42, 20, 28, 7, 39, 44, 56, 0, 58, 31, 1, 43, 26, 38, 30, 33, 10, 40, 6, 25, 52, 13, 17, 12, 50, 46, 53, 48, 54, 41, 5, 11, 47, 51, 22, 2, 49, 14, 9]",3,0,0.008574946783483028,0.36870789527893066,0.36013294849544764
54,0,node_removal,random,6,61,"[18, 3, 62, 36, 29, 1, 16, 57, 7, 39, 15, 61, 43, 56, 58, 32, 37, 0, 24, 26, 45, 4, 28, 44, 60, 27, 23, 34, 42, 8, 19, 55, 63, 20, 31, 11, 40, 50, 30, 5, 47, 12, 53, 33, 13, 38, 25, 46, 41, 6, 52, 51, 54, 48, 17, 10, 2, 22, 49, 14, 9]",3,0,0.008574946783483028,0.014560192823410034,0.005985246039927006
54,0,node_removal,random,7,61,"[62, 34, 1, 60, 15, 23, 31, 18, 56, 58, 7, 35, 57, 37, 59, 43, 32, 20, 19, 42, 16, 55, 4, 44, 24, 39, 0, 29, 21, 27, 26, 28, 36, 61, 8, 46, 52, 25, 17, 48, 33, 51, 5, 40, 6, 38, 30, 50, 53, 22, 12, 47, 10, 2, 13, 41, 11, 54, 49, 14, 9]",3,0,0.008574946783483028,0.9308950304985046,0.9223200837150216
54,0,node_removal,random,8,61,"[59, 0, 26, 37, 18, 21, 15, 19, 56, 8, 24, 45, 20, 35, 16, 27, 34, 28, 42, 7, 3, 39, 62, 61, 58, 43, 4, 23, 44, 60, 31, 57, 36, 63, 32, 38, 51, 33, 12, 5, 46, 13, 40, 17, 53, 50, 10, 54, 52, 41, 6, 11, 48, 47, 30, 22, 25, 2, 14, 49, 9]",3,0,0.008574946783483028,0.002119489712640643,-0.006455457070842385
54,0,node_removal,random,9,61,"[36, 35, 23, 55, 19, 1, 16, 43, 31, 62, 7, 58, 18, 27, 39, 3, 61, 59, 4, 21, 37, 45, 42, 60, 56, 26, 28, 29, 15, 32, 57, 63, 20, 24, 44, 13, 6, 30, 17, 12, 40, 5, 52, 46, 48, 25, 50, 53, 11, 41, 38, 33, 51, 47, 54, 10, 2, 22, 49, 14, 9]",3,2,0.008574946783483028,0.12316600233316422,0.11459105554968119
54,0,node_removal,random,10,61,"[57, 23, 27, 58, 0, 31, 39, 1, 56, 35, 26, 28, 59, 61, 16, 36, 20, 34, 8, 32, 43, 37, 21, 44, 18, 62, 4, 63, 24, 29, 7, 55, 19, 15, 3, 17, 40, 48, 5, 33, 50, 53, 52, 47, 54, 2, 41, 30, 46, 38, 10, 11, 13, 6, 25, 12, 51, 22, 49, 14, 9]",3,0,0.008574946783483028,0.7722496390342712,0.7636746922507882
54,0,node_removal,random,11,61,"[18, 21, 57, 36, 26, 63, 39, 8, 20, 7, 43, 4, 15, 44, 24, 56, 62, 58, 3, 0, 60, 28, 23, 55, 37, 61, 42, 27, 29, 59, 31, 35, 32, 34, 45, 6, 10, 46, 48, 5, 22, 33, 11, 25, 30, 2, 52, 17, 12, 38, 41, 50, 13, 47, 53, 54, 40, 51, 14, 49, 9]",3,0,0.008574946783483028,0.018507370725274086,0.009932423941791058
54,0,node_removal,random,12,61,"[58, 45, 19, 7, 55, 18, 23, 39, 62, 59, 4, 15, 20, 16, 34, 0, 24, 27, 60, 31, 28, 61, 63, 42, 36, 29, 57, 43, 3, 1, 32, 56, 37, 35, 8, 46, 51, 47, 12, 10, 48, 41, 17, 30, 38, 40, 53, 54, 11, 13, 6, 5, 25, 2, 50, 22, 52, 33, 14, 49, 9]",3,0,0.008574946783483028,0.002798867179080844,-0.0057760796044021845
54,0,node_removal,random,13,61,"[28, 4, 63, 43, 36, 61, 16, 23, 35, 0, 15, 34, 3, 42, 45, 56, 19, 59, 60, 58, 39, 8, 55, 21, 62, 57, 1, 27, 37, 20, 32, 26, 31, 44, 24, 5, 54, 22, 41, 51, 11, 13, 25, 10, 38, 46, 50, 2, 30, 6, 17, 48, 40, 47, 53, 33, 52, 12, 49, 14, 9]",3,0,0.008574946783483028,0.010517357848584652,0.0019424110651016235
54,0,node_removal,random,14,61,"[62, 21, 3, 27, 20, 1, 4, 28, 36, 42, 61, 24, 60, 34, 7, 18, 59, 26, 35, 32, 29, 45, 44, 19, 55, 16, 23, 39, 56, 8, 43, 57, 15, 63, 37, 6, 11, 12, 17, 47, 53, 52, 13, 10, 38, 48, 25, 41, 5, 2, 40, 30, 22, 33, 51, 50, 54, 46, 49, 14, 9]",3,0,0.008574946783483028,0.09151015430688858,0.08293520752340555
54,0,node_removal,random,15,61,"[61, 19, 24, 43, 39, 3, 63, 26, 27, 37, 18, 7, 55, 0, 60, 35, 28, 34, 23, 58, 45, 31, 36, 29, 59, 57, 4, 32, 62, 1, 16, 8, 44, 21, 15, 33, 5, 41, 10, 25, 50, 46, 53, 38, 13, 12, 54, 52, 48, 17, 6, 51, 22, 40, 2, 47, 30, 11, 14, 49, 9]",3,0,0.008574946783483028,0.07264237105846405,0.06406742427498102
54,0,node_removal,random,16,61,"[44, 34, 59, 23, 8, 0, 35, 61, 20, 19, 45, 1, 39, 7, 58, 3, 31, 37, 32, 63, 26, 42, 4, 56, 28, 57, 55, 27, 43, 18, 62, 36, 15, 16, 60, 46, 13, 41, 17, 30, 52, 53, 54, 12, 10, 22, 5, 47, 2, 25, 48, 11, 6, 50, 40, 51, 33, 38, 49, 14, 9]",3,2,0.008574946783483028,0.0009571791742928326,-0.007617767609190196
54,0,node_removal,random,17,61,"[24, 15, 0, 3, 20, 23, 37, 35, 42, 21, 19, 18, 62, 34, 16, 56, 26, 7, 59, 55, 63, 57, 8, 61, 58, 39, 43, 36, 1, 31, 28, 45, 4, 29, 27, 48, 2, 53, 46, 30, 52, 22, 40, 17, 25, 5, 12, 11, 38, 13, 10, 51, 54, 33, 50, 47, 6, 41, 49, 14, 9]",3,0,0.008574946783483028,0.22433267533779144,0.21575772855430841
54,0,node_removal,random,18,61,"[44, 32, 20, 58, 26, 18, 60, 43, 35, 63, 62, 39, 56, 42, 59, 0, 27, 3, 15, 57, 31, 24, 55, 45, 37, 19, 7, 21, 23, 8, 61, 1, 36, 4, 28, 52, 47, 25, 46, 10, 48, 40, 38, 33, 13, 11, 12, 51, 22, 54, 30, 50, 2, 53, 17, 5, 41, 6, 49, 14, 9]",3,0,0.008574946783483028,0.0006559689645655453,-0.007918977818917483
54,0,node_removal,random,19,61,"[27, 39, 18, 63, 34, 15, 29, 31, 56, 44, 4, 61, 24, 16, 3, 26, 60, 57, 0, 23, 35, 43, 8, 21, 55, 19, 62, 59, 58, 1, 7, 32, 42, 36, 37, 12, 50, 13, 33, 2, 40, 11, 48, 5, 38, 25, 17, 6, 41, 22, 47, 54, 52, 53, 46, 51, 30, 10, 49, 14, 9]",3,2,0.008574946783483028,0.6383082866668701,0.6297333398833871
54,0,node_removal,random,20,61,"[43, 44, 62, 15, 24, 63, 27, 20, 28, 45, 55, 21, 16, 37, 56, 7, 31, 29, 58, 57, 39, 8, 60, 42, 18, 35, 59, 0, 23, 26, 19, 36, 1, 3, 32, 47, 52, 11, 22, 10, 54, 50, 12, 5, 46, 38, 40, 13, 33, 17, 30, 48, 2, 51, 6, 53, 41, 25, 14, 49, 9]",3,0,0.008574946783483028,0.09457448869943619,0.08599954191595316
54,0,boundary_removal,target,0,10,"[75, 76, 90, 93, 112, 131, 133, 134, 135, 141]",64,266,0.008574946783483028,0.008888217620551586,0.00031327083706855774
54,0,boundary_removal,random,1,10,"[50, 69, 65, 97, 90, 127, 11, 23, 58, 112]",64,266,0.008574946783483028,0.008953980170190334,0.0003790333867073059
54,0,boundary_removal,random,2,10,"[139, 136, 0, 4, 60, 105, 46, 23, 58, 112]",64,266,0.008574946783483028,0.009551637805998325,0.000976691022515297
54,0,boundary_removal,random,3,10,"[100, 48, 42, 103, 90, 34, 63, 58, 14, 17]",64,266,0.008574946783483028,0.008500967174768448,-7.397960871458054e-05
54,0,boundary_removal,random,4,10,"[10, 89, 52, 32, 4, 36, 131, 46, 134, 96]",64,266,0.008574946783483028,0.008941440843045712,0.0003664940595626831
54,0,boundary_removal,random,5,10,"[85, 76, 0, 15, 73, 101, 75, 23, 125, 96]",64,266,0.008574946783483028,0.008659475483000278,8.452869951725006e-05
54,0,boundary_removal,random,6,10,"[136, 50, 25, 103, 12, 38, 75, 23, 11, 17]",64,266,0.008574946783483028,0.008907456882297993,0.0003325100988149643
54,0,boundary_removal,random,7,10,"[25, 55, 100, 15, 62, 12, 125, 23, 11, 96]",64,266,0.008574946783483028,0.009199989959597588,0.0006250431761145592
54,0,boundary_removal,random,8,10,"[42, 68, 2, 62, 34, 132, 128, 134, 110, 1]",64,266,0.008574946783483028,0.009163605980575085,0.0005886591970920563
54,0,boundary_removal,random,9,10,"[72, 82, 69, 73, 34, 78, 46, 131, 11, 1]",64,266,0.008574946783483028,0.008828215301036835,0.0002532685175538063
54,0,boundary_removal,random,10,10,"[138, 85, 49, 34, 130, 133, 63, 58, 46, 96]",64,266,0.008574946783483028,0.008617536164820194,4.258938133716583e-05
54,0,boundary_removal,random,11,10,"[66, 142, 70, 34, 103, 90, 115, 75, 125, 112]",64,266,0.008574946783483028,0.00842827744781971,-0.00014666933566331863
54,0,boundary_removal,random,12,10,"[135, 84, 53, 43, 90, 73, 122, 14, 115, 96]",64,266,0.008574946783483028,0.009091314859688282,0.0005163680762052536
54,0,boundary_removal,random,13,10,"[135, 65, 68, 54, 71, 78, 122, 134, 131, 17]",64,266,0.008574946783483028,0.008875876665115356,0.00030092988163232803
54,0,boundary_removal,random,14,10,"[53, 67, 59, 13, 32, 60, 63, 128, 11, 1]",64,266,0.008574946783483028,0.008921557106077671,0.00034661032259464264
54,0,boundary_removal,random,15,10,"[51, 137, 89, 127, 73, 93, 122, 125, 110, 17]",64,266,0.008574946783483028,0.008734834380447865,0.00015988759696483612
54,0,boundary_removal,random,16,10,"[141, 102, 138, 132, 90, 15, 58, 122, 11, 1]",64,266,0.008574946783483028,0.008983089588582516,0.0004081428050994873
54,0,boundary_removal,random,17,10,"[27, 83, 66, 101, 71, 62, 131, 23, 115, 112]",64,266,0.008574946783483028,0.008902858942747116,0.0003279121592640877
54,0,boundary_removal,random,18,10,"[136, 55, 42, 127, 133, 77, 23, 11, 46, 17]",64,266,0.008574946783483028,0.008838375099003315,0.00026342831552028656
54,0,boundary_removal,random,19,10,"[137, 83, 50, 97, 88, 62, 58, 134, 128, 96]",64,266,0.008574946783483028,0.009117263369262218,0.0005423165857791901
54,0,boundary_removal,random,20,10,"[51, 25, 102, 43, 36, 56, 115, 128, 75, 17]",64,266,0.008574946783483028,0.008875074796378613,0.0003001280128955841
54,4,node_removal,target,0,3,"[39, 62, 63]",61,264,0.008574946783483028,0.005381625611335039,-0.0031933211721479893
54,4,node_removal,random,1,3,"[3, 34, 62]",61,262,0.008574946783483028,0.0070640272460877895,-0.0015109195373952389
54,4,node_removal,random,2,3,"[62, 0, 34]",61,262,0.008574946783483028,0.007458427455276251,-0.0011165193282067776
54,4,node_removal,random,3,3,"[27, 61, 4]",61,262,0.008574946783483028,0.00787105318158865,-0.0007038936018943787
54,4,node_removal,random,4,3,"[20, 36, 34]",61,262,0.008574946783483028,0.01125617977231741,0.002681232988834381
54,4,node_removal,random,5,3,"[37, 35, 7]",61,262,0.008574946783483028,0.009852681308984756,0.001277734525501728
54,4,node_removal,random,6,3,"[45, 63, 60]",61,262,0.008574946783483028,0.006585888098925352,-0.0019890586845576763
54,4,node_removal,random,7,3,"[42, 18, 19]",61,264,0.008574946783483028,0.00829507876187563,-0.000279868021607399
54,4,node_removal,random,8,3,"[39, 1, 19]",61,262,0.008574946783483028,0.00624717166647315,-0.002327775117009878
54,4,node_removal,random,9,3,"[42, 16, 19]",61,262,0.008574946783483028,0.00978241115808487,0.001207464374601841
54,4,node_removal,random,10,3,"[16, 1, 23]",61,262,0.008574946783483028,0.008508890867233276,-6.605591624975204e-05
54,4,node_removal,random,11,3,"[39, 0, 36]",61,262,0.008574946783483028,0.009491915814578533,0.0009169690310955048
54,4,node_removal,random,12,3,"[29, 24, 37]",61,264,0.008574946783483028,0.010235872119665146,0.0016609253361821175
54,4,node_removal,random,13,3,"[19, 37, 61]",61,262,0.008574946783483028,0.00840804073959589,-0.00016690604388713837
54,4,node_removal,random,14,3,"[44, 28, 20]",61,264,0.008574946783483028,0.010192756541073322,0.0016178097575902939
54,4,node_removal,random,15,3,"[43, 44, 34]",61,264,0.008574946783483028,0.009101682342588902,0.0005267355591058731
54,4,node_removal,random,16,3,"[28, 45, 39]",61,262,0.008574946783483028,0.006448961794376373,-0.002125984989106655
54,4,node_removal,random,17,3,"[19, 37, 56]",61,262,0.008574946783483028,0.00864980649203062,7.485970854759216e-05
54,4,node_removal,random,18,3,"[31, 61, 7]",61,262,0.008574946783483028,0.008371555246412754,-0.00020339153707027435
54,4,node_removal,random,19,3,"[63, 55, 7]",61,264,0.008574946783483028,0.00930605735629797,0.0007311105728149414
54,4,node_removal,random,20,3,"[63, 60, 1]",61,262,0.008574946783483028,0.007111737970262766,-0.0014632088132202625
54,4,boundary_removal,target,0,10,"[75, 76, 90, 93, 112, 131, 133, 134, 135, 141]",64,266,0.008574946783483028,0.008888217620551586,0.00031327083706855774
54,4,boundary_removal,random,1,10,"[49, 139, 66, 93, 107, 127, 11, 46, 122, 17]",64,266,0.008574946783483028,0.008732873015105724,0.00015792623162269592
54,4,boundary_removal,random,2,10,"[138, 139, 2, 124, 78, 121, 11, 131, 115, 1]",64,266,0.008574946783483028,0.009357764385640621,0.0007828176021575928
54,4,boundary_removal,random,3,10,"[61, 89, 52, 105, 79, 15, 134, 23, 75, 1]",64,266,0.008574946783483028,0.009024336002767086,0.0004493892192840576
54,4,boundary_removal,random,4,10,"[135, 140, 69, 71, 43, 127, 23, 128, 125, 17]",64,266,0.008574946783483028,0.009320125915110111,0.0007451791316270828
54,4,boundary_removal,random,5,10,"[86, 67, 139, 78, 7, 130, 75, 125, 128, 1]",64,266,0.008574946783483028,0.010291512124240398,0.00171656534075737
54,4,boundary_removal,random,6,10,"[59, 85, 137, 20, 97, 79, 11, 46, 14, 1]",64,266,0.008574946783483028,0.008743018843233585,0.00016807205975055695
54,4,boundary_removal,random,7,10,"[52, 51, 141, 132, 127, 32, 14, 122, 131, 112]",64,266,0.008574946783483028,0.008932002820074558,0.00035705603659152985
54,4,boundary_removal,random,8,10,"[51, 68, 140, 34, 90, 107, 63, 110, 125, 96]",64,266,0.008574946783483028,0.008338159881532192,-0.00023678690195083618
54,4,boundary_removal,random,9,10,"[136, 66, 85, 13, 32, 133, 23, 63, 134, 1]",64,266,0.008574946783483028,0.008768647909164429,0.0001937011256814003
54,4,boundary_removal,random,10,10,"[59, 140, 104, 111, 103, 121, 63, 134, 23, 112]",64,266,0.008574946783483028,0.008626311086118221,5.136430263519287e-05
54,4,boundary_removal,random,11,10,"[70, 53, 25, 78, 60, 43, 125, 134, 63, 112]",64,266,0.008574946783483028,0.009145456366240978,0.0005705095827579498
54,4,boundary_removal,random,12,10,"[141, 50, 25, 54, 124, 13, 125, 110, 14, 112]",64,266,0.008574946783483028,0.008812845684587955,0.00023789890110492706
54,4,boundary_removal,random,13,10,"[72, 135, 137, 132, 45, 77, 58, 23, 134, 17]",64,266,0.008574946783483028,0.009488138370215893,0.0009131915867328644
54,4,boundary_removal,random,14,10,"[10, 141, 27, 38, 97, 73, 46, 131, 63, 1]",64,266,0.008574946783483028,0.008520218543708324,-5.472823977470398e-05
54,4,boundary_removal,random,15,10,"[102, 52, 86, 101, 78, 79, 46, 11, 115, 112]",64,266,0.008574946783483028,0.009082450531423092,0.0005075037479400635
54,4,boundary_removal,random,16,10,"[138, 141, 100, 20, 103, 101, 46, 134, 23, 96]",64,266,0.008574946783483028,0.009050325490534306,0.00047537870705127716
54,4,boundary_removal,random,17,10,"[104, 68, 84, 101, 43, 124, 115, 23, 131, 1]",64,266,0.008574946783483028,0.009245713241398335,0.0006707664579153061
54,4,boundary_removal,random,18,10,"[83, 82, 61, 105, 124, 4, 11, 128, 125, 112]",64,266,0.008574946783483028,0.009182724170386791,0.0006077773869037628
54,4,boundary_removal,random,19,10,"[48, 42, 82, 88, 13, 90, 110, 131, 11, 1]",64,266,0.008574946783483028,0.008673625998198986,9.867921471595764e-05
54,4,boundary_removal,random,20,10,"[66, 27, 61, 107, 12, 93, 115, 75, 14, 1]",64,266,0.008574946783483028,0.008454122580587864,-0.00012082420289516449
56,0,node_removal,target,0,55,"[0, 1, 2, 3, 4, 8, 9, 10, 11, 12, 13, 16, 17, 18, 19, 20, 21, 22, 24, 25, 26, 27, 28, 29, 30, 31, 32, 33, 34, 35, 36, 37, 38, 39, 40, 41, 42, 43, 44, 45, 46, 47, 48, 49, 50, 51, 52, 53, 54, 55, 56, 57, 58, 59, 61]",9,22,0.011623290367424488,0.9749889969825745,0.96336570661515
56,0,node_removal,random,1,55,"[43, 58, 28, 59, 61, 18, 26, 44, 35, 57, 45, 15, 63, 32, 60, 0, 3, 16, 1, 55, 31, 27, 8, 23, 56, 24, 42, 21, 7, 20, 4, 37, 12, 33, 53, 6, 2, 41, 30, 10, 46, 48, 25, 11, 47, 13, 40, 5, 51, 54, 22, 52, 17, 49, 9]",9,2,0.011623290367424488,0.1279343217611313,0.1163110313937068
56,0,node_removal,random,2,55,"[18, 24, 21, 61, 43, 3, 1, 37, 27, 45, 31, 36, 16, 7, 62, 15, 42, 4, 26, 60, 19, 44, 56, 34, 35, 59, 23, 20, 39, 55, 0, 8, 53, 10, 40, 52, 54, 38, 47, 41, 51, 13, 50, 25, 2, 17, 12, 46, 33, 5, 6, 22, 30, 14, 9]",9,12,0.011623290367424488,0.017331143841147423,0.005707853473722935
56,0,node_removal,random,3,55,"[23, 18, 1, 59, 3, 26, 4, 7, 28, 58, 27, 31, 8, 39, 16, 32, 20, 56, 57, 63, 19, 62, 15, 0, 55, 36, 42, 35, 43, 34, 24, 45, 48, 2, 53, 54, 5, 12, 17, 6, 10, 33, 30, 41, 46, 38, 13, 52, 50, 51, 47, 22, 25, 49, 9]",9,6,0.011623290367424488,0.200389102101326,0.1887658117339015
56,0,node_removal,random,4,55,"[0, 59, 34, 39, 16, 56, 27, 28, 32, 62, 20, 45, 24, 42, 63, 1, 3, 44, 61, 36, 21, 8, 37, 7, 31, 19, 26, 55, 18, 15, 60, 43, 46, 41, 50, 54, 33, 30, 10, 47, 52, 25, 22, 53, 6, 13, 17, 5, 2, 48, 38, 12, 40, 49, 9]",9,6,0.011623290367424488,0.009712989442050457,-0.001910300925374031
56,0,node_removal,random,5,55,"[62, 18, 57, 58, 8, 45, 24, 43, 1, 29, 60, 15, 32, 59, 31, 19, 27, 35, 44, 36, 16, 39, 55, 56, 42, 7, 0, 37, 20, 34, 28, 26, 11, 41, 54, 33, 13, 6, 17, 52, 53, 22, 2, 5, 50, 38, 10, 12, 48, 25, 30, 40, 51, 49, 9]",9,8,0.011623290367424488,0.019591590389609337,0.007968300022184849
56,0,node_removal,random,6,55,"[35, 45, 56, 27, 4, 20, 29, 8, 61, 21, 42, 16, 1, 28, 63, 59, 15, 34, 26, 60, 32, 62, 31, 7, 43, 36, 18, 0, 19, 55, 39, 58, 46, 51, 33, 53, 22, 13, 41, 38, 12, 10, 50, 54, 25, 11, 5, 6, 2, 47, 48, 30, 40, 49, 9]",9,6,0.011623290367424488,0.004744879435747862,-0.006878410931676626
56,0,node_removal,random,7,55,"[32, 45, 27, 8, 1, 24, 37, 55, 58, 16, 56, 15, 36, 18, 0, 7, 31, 60, 61, 39, 20, 35, 34, 23, 63, 62, 26, 29, 44, 19, 57, 28, 12, 41, 13, 50, 53, 22, 10, 30, 54, 5, 51, 52, 17, 2, 47, 6, 38, 25, 46, 11, 48, 14, 9]",9,6,0.011623290367424488,0.007885768078267574,-0.0037375222891569138
56,0,node_removal,random,8,55,"[19, 56, 7, 35, 27, 34, 15, 26, 18, 60, 21, 44, 1, 0, 29, 45, 16, 42, 36, 59, 23, 20, 37, 8, 3, 31, 24, 32, 4, 55, 57, 63, 2, 11, 5, 17, 33, 40, 54, 48, 22, 47, 38, 53, 41, 51, 6, 30, 10, 13, 52, 46, 12, 14, 9]",9,8,0.011623290367424488,0.021721728146076202,0.010098437778651714
56,0,node_removal,random,9,55,"[15, 19, 58, 36, 34, 27, 29, 3, 37, 4, 62, 16, 61, 44, 20, 43, 57, 32, 1, 24, 63, 7, 56, 35, 23, 59, 28, 18, 8, 42, 60, 55, 10, 41, 52, 25, 33, 22, 51, 2, 12, 46, 38, 48, 54, 47, 17, 6, 13, 11, 5, 40, 53, 14, 9]",9,8,0.011623290367424488,0.0007746456540189683,-0.01084864471340552
56,0,node_removal,random,10,55,"[29, 62, 58, 28, 15, 32, 39, 19, 31, 1, 43, 7, 0, 24, 37, 3, 26, 36, 4, 16, 23, 57, 35, 20, 55, 44, 56, 42, 63, 27, 21, 8, 11, 5, 46, 12, 30, 48, 38, 22, 25, 41, 40, 51, 47, 6, 10, 13, 33, 52, 50, 2, 53, 14, 9]",9,6,0.011623290367424488,0.006142953876405954,-0.005480336491018534
56,0,node_removal,random,11,55,"[59, 23, 0, 45, 34, 20, 16, 32, 60, 4, 1, 27, 26, 18, 28, 15, 39, 44, 62, 7, 56, 8, 36, 55, 63, 61, 19, 3, 58, 21, 24, 35, 6, 22, 50, 13, 2, 47, 48, 41, 51, 54, 11, 12, 25, 10, 38, 53, 46, 17, 52, 5, 40, 14, 9]",9,10,0.011623290367424488,0.006107494700700045,-0.0055157956667244434
56,0,node_removal,random,12,55,"[21, 59, 18, 31, 7, 42, 3, 61, 8, 34, 0, 39, 45, 29, 1, 28, 55, 63, 23, 57, 58, 32, 35, 16, 24, 44, 60, 37, 26, 56, 36, 43, 40, 6, 47, 50, 30, 5, 2, 41, 48, 25, 33, 38, 17, 54, 11, 52, 13, 46, 12, 22, 53, 14, 9]",9,4,0.011623290367424488,0.012047185562551022,0.0004238951951265335
56,0,node_removal,random,13,55,"[27, 24, 23, 21, 16, 59, 34, 45, 29, 3, 55, 62, 20, 60, 32, 8, 18, 43, 28, 56, 19, 0, 57, 44, 35, 39, 63, 1, 31, 58, 4, 7, 53, 41, 40, 13, 2, 51, 46, 22, 17, 54, 50, 6, 48, 33, 38, 30, 10, 52, 11, 47, 25, 14, 9]",9,4,0.011623290367424488,0.03913702443242073,0.027513734064996243
56,0,node_removal,random,14,55,"[26, 34, 4, 27, 7, 1, 43, 35, 29, 62, 39, 21, 15, 42, 44, 37, 55, 31, 45, 8, 19, 57, 0, 3, 61, 59, 28, 20, 18, 23, 24, 60, 53, 13, 48, 41, 22, 33, 51, 38, 46, 17, 11, 10, 47, 6, 12, 25, 5, 50, 30, 54, 40, 49, 9]",9,0,0.011623290367424488,0.04780898988246918,0.03618569951504469
56,0,node_removal,random,15,55,"[28, 32, 27, 24, 60, 20, 18, 55, 63, 23, 45, 56, 58, 57, 44, 8, 59, 34, 62, 19, 29, 3, 31, 15, 21, 43, 1, 4, 39, 35, 36, 61, 2, 46, 33, 25, 10, 48, 12, 6, 5, 38, 47, 52, 11, 53, 54, 41, 51, 13, 17, 22, 30, 14, 9]",9,4,0.011623290367424488,0.02190595306456089,0.010282662697136402
56,0,node_removal,random,16,55,"[43, 24, 20, 35, 0, 1, 56, 36, 32, 15, 31, 7, 26, 4, 58, 42, 27, 19, 63, 3, 28, 55, 62, 60, 21, 57, 18, 45, 39, 59, 34, 44, 6, 13, 41, 17, 46, 40, 25, 48, 12, 10, 52, 50, 47, 33, 22, 54, 2, 38, 30, 5, 11, 14, 9]",9,6,0.011623290367424488,0.025956640020012856,0.014333349652588367
56,0,node_removal,random,17,55,"[15, 26, 61, 16, 57, 27, 59, 31, 34, 45, 19, 28, 0, 3, 62, 58, 8, 24, 39, 7, 44, 23, 20, 37, 32, 55, 56, 29, 60, 1, 36, 35, 17, 5, 30, 13, 10, 40, 52, 47, 12, 25, 6, 22, 48, 2, 53, 46, 41, 11, 38, 33, 54, 14, 9]",9,10,0.011623290367424488,0.13485383987426758,0.12323054950684309
56,0,node_removal,random,18,55,"[24, 18, 20, 19, 0, 34, 61, 37, 28, 23, 58, 7, 26, 35, 45, 42, 60, 55, 44, 8, 62, 27, 57, 31, 63, 36, 16, 21, 3, 43, 56, 32, 33, 50, 52, 25, 6, 46, 11, 38, 13, 30, 40, 47, 2, 54, 22, 48, 51, 53, 10, 12, 41, 14, 9]",9,2,0.011623290367424488,0.035715728998184204,0.024092438630759716
56,0,node_removal,random,19,55,"[19, 39, 20, 37, 21, 42, 0, 57, 62, 56, 55, 44, 36, 35, 4, 34, 26, 45, 29, 43, 23, 15, 27, 31, 8, 60, 63, 58, 24, 32, 59, 1, 11, 54, 48, 52, 30, 41, 38, 25, 10, 47, 17, 33, 12, 13, 46, 6, 5, 2, 22, 40, 50, 49, 9]",9,4,0.011623290367424488,0.1828976422548294,0.17127435188740492
56,0,node_removal,random,20,55,"[42, 32, 60, 45, 4, 63, 31, 43, 28, 24, 7, 15, 62, 8, 37, 18, 34, 57, 36, 16, 26, 29, 56, 27, 19, 23, 21, 1, 58, 3, 59, 35, 22, 33, 52, 48, 38, 5, 41, 54, 10, 13, 25, 53, 11, 17, 47, 12, 6, 30, 2, 46, 50, 49, 9]",9,0,0.011623290367424488,0.3682582378387451,0.35663494747132063
56,0,boundary_removal,target,0,18,"[13, 18, 19, 21, 37, 40, 56, 59, 112, 125, 127, 131, 133, 134, 135, 139, 140, 141]",64,250,0.011623290367424488,0.010578040964901447,-0.0010452494025230408
56,0,boundary_removal,random,1,18,"[139, 86, 55, 100, 48, 105, 32, 20, 7, 109, 37, 99, 46, 131, 125, 92, 21, 96]",64,250,0.011623290367424488,0.012266762554645538,0.0006434721872210503
56,0,boundary_removal,random,2,18,"[102, 65, 104, 76, 53, 77, 105, 114, 60, 57, 22, 37, 122, 134, 75, 80, 98, 1]",64,250,0.011623290367424488,0.011857610195875168,0.00023431982845067978
56,0,boundary_removal,random,3,18,"[139, 142, 69, 52, 86, 106, 79, 93, 127, 19, 113, 40, 134, 14, 46, 92, 98, 1]",64,250,0.011623290367424488,0.011882410384714603,0.00025912001729011536
56,0,boundary_removal,random,4,18,"[68, 69, 52, 67, 76, 7, 105, 130, 32, 74, 40, 99, 14, 131, 75, 98, 92, 112]",64,250,0.011623290367424488,0.013057471252977848,0.00143418088555336
56,0,boundary_removal,random,5,18,"[86, 52, 72, 44, 104, 73, 12, 130, 127, 95, 99, 40, 115, 125, 46, 21, 80, 1]",64,250,0.011623290367424488,0.012320246547460556,0.000696956180036068
56,0,boundary_removal,random,6,18,"[49, 67, 44, 10, 68, 13, 127, 101, 71, 123, 113, 40, 63, 115, 110, 98, 80, 1]",64,250,0.011623290367424488,0.01250420231372118,0.0008809119462966919
56,0,boundary_removal,random,7,18,"[142, 68, 135, 67, 141, 77, 7, 20, 124, 109, 37, 22, 11, 23, 128, 21, 92, 17]",64,250,0.011623290367424488,0.01028215792030096,-0.0013411324471235275
56,0,boundary_removal,random,8,18,"[138, 52, 89, 102, 139, 38, 7, 43, 36, 81, 113, 37, 110, 131, 46, 92, 18, 17]",64,250,0.011623290367424488,0.013446289114654064,0.0018229987472295761
56,0,boundary_removal,random,9,18,"[84, 51, 49, 52, 65, 15, 105, 32, 133, 47, 99, 37, 128, 131, 125, 18, 92, 1]",64,250,0.011623290367424488,0.0137639744207263,0.0021406840533018112
56,0,boundary_removal,random,10,18,"[51, 27, 104, 59, 2, 79, 71, 114, 34, 120, 116, 22, 14, 110, 11, 98, 21, 96]",64,250,0.011623290367424488,0.011798851191997528,0.00017556082457304
56,0,boundary_removal,random,11,18,"[137, 82, 142, 104, 100, 121, 71, 127, 132, 91, 113, 37, 63, 128, 23, 21, 80, 96]",64,250,0.011623290367424488,0.011336985044181347,-0.0002863053232431412
56,0,boundary_removal,random,12,18,"[85, 66, 67, 83, 52, 43, 130, 132, 15, 16, 22, 116, 11, 63, 46, 92, 80, 112]",64,250,0.011623290367424488,0.011852783150970936,0.00022949278354644775
56,0,boundary_removal,random,13,18,"[65, 70, 85, 140, 138, 38, 101, 4, 32, 33, 37, 113, 23, 58, 131, 98, 21, 1]",64,250,0.011623290367424488,0.012194976210594177,0.0005716858431696892
56,0,boundary_removal,random,14,18,"[65, 69, 135, 2, 83, 107, 79, 45, 111, 94, 116, 40, 122, 58, 75, 98, 92, 1]",64,250,0.011623290367424488,0.011839870363473892,0.00021657999604940414
56,0,boundary_removal,random,15,18,"[59, 44, 83, 10, 72, 101, 127, 45, 121, 35, 116, 40, 122, 75, 23, 18, 80, 17]",64,250,0.011623290367424488,0.01226434763520956,0.0006410572677850723
56,0,boundary_removal,random,16,18,"[42, 72, 139, 65, 25, 45, 34, 32, 20, 64, 40, 22, 125, 131, 46, 98, 21, 112]",64,250,0.011623290367424488,0.010595153085887432,-0.001028137281537056
56,0,boundary_removal,random,17,18,"[27, 86, 72, 136, 137, 60, 77, 88, 132, 126, 37, 116, 128, 134, 125, 92, 80, 112]",64,250,0.011623290367424488,0.012339686043560505,0.0007163956761360168
56,0,boundary_removal,random,18,18,"[59, 68, 51, 140, 142, 32, 4, 78, 124, 95, 113, 99, 131, 125, 14, 18, 80, 17]",64,250,0.011623290367424488,0.012018285691738129,0.0003949953243136406
56,0,boundary_removal,random,19,18,"[142, 68, 137, 67, 141, 107, 4, 111, 127, 33, 116, 40, 125, 58, 128, 98, 18, 112]",64,250,0.011623290367424488,0.012419124133884907,0.0007958337664604187
56,0,boundary_removal,random,20,18,"[48, 100, 82, 76, 89, 107, 71, 127, 111, 35, 37, 99, 46, 63, 110, 18, 21, 112]",64,250,0.011623290367424488,0.011201086454093456,-0.0004222039133310318
56,2,node_removal,target,0,5,"[5, 23, 60, 62, 63]",59,246,0.011623290367424488,0.0062035564333200455,-0.005419733934104443
56,2,node_removal,random,1,5,"[0, 23, 24, 1, 50]",59,246,0.011623290367424488,0.011868842877447605,0.00024555251002311707
56,2,node_removal,random,2,5,"[29, 56, 61, 1, 12]",59,244,0.011623290367424488,0.01692383922636509,0.005300548858940601
56,2,node_removal,random,3,5,"[44, 45, 19, 0, 54]",59,246,0.011623290367424488,0.011254691518843174,-0.0003685988485813141
56,2,node_removal,random,4,5,"[56, 42, 34, 43, 41]",59,250,0.011623290367424488,0.01151533704251051,-0.00010795332491397858
56,2,node_removal,random,5,5,"[18, 8, 35, 39, 5]",59,244,0.011623290367424488,0.009968854486942291,-0.0016544358804821968
56,2,node_removal,random,6,5,"[8, 16, 60, 44, 48]",59,246,0.011623290367424488,0.010252202861011028,-0.0013710875064134598
56,2,node_removal,random,7,5,"[44, 20, 60, 63, 6]",59,244,0.011623290367424488,0.005336107220500708,-0.0062871831469237804
56,2,node_removal,random,8,5,"[60, 56, 19, 36, 17]",59,244,0.011623290367424488,0.009917770512402058,-0.0017055198550224304
56,2,node_removal,random,9,5,"[27, 15, 62, 28, 47]",59,246,0.011623290367424488,0.010197036899626255,-0.001426253467798233
56,2,node_removal,random,10,5,"[16, 24, 55, 45, 6]",59,246,0.011623290367424488,0.011544372886419296,-7.89174810051918e-05
56,2,node_removal,random,11,5,"[44, 20, 0, 3, 11]",59,246,0.011623290367424488,0.014778892509639263,0.003155602142214775
56,2,node_removal,random,12,5,"[26, 0, 20, 37, 22]",59,244,0.011623290367424488,0.01831131987273693,0.006688029505312443
56,2,node_removal,random,13,5,"[24, 27, 39, 61, 47]",59,246,0.011623290367424488,0.01548661570996046,0.0038633253425359726
56,2,node_removal,random,14,5,"[3, 8, 26, 57, 17]",59,244,0.011623290367424488,0.014602738432586193,0.002979448065161705
56,2,node_removal,random,15,5,"[57, 55, 44, 0, 30]",59,244,0.011623290367424488,0.012504729442298412,0.0008814390748739243
56,2,node_removal,random,16,5,"[37, 19, 55, 16, 33]",59,244,0.011623290367424488,0.012611220590770245,0.0009879302233457565
56,2,node_removal,random,17,5,"[29, 31, 27, 37, 10]",59,246,0.011623290367424488,0.01573670096695423,0.004113410599529743
56,2,node_removal,random,18,5,"[28, 42, 27, 16, 51]",59,246,0.011623290367424488,0.01095713023096323,-0.0006661601364612579
56,2,node_removal,random,19,5,"[32, 3, 55, 18, 41]",59,244,0.011623290367424488,0.012078815139830112,0.0004555247724056244
56,2,node_removal,random,20,5,"[32, 15, 3, 62, 41]",59,244,0.011623290367424488,0.01013120636343956,-0.0014920840039849281
56,2,boundary_removal,target,0,19,"[13, 16, 17, 18, 19, 41, 42, 56, 59, 112, 125, 127, 131, 133, 134, 135, 139, 140, 141]",64,248,0.011623290367424488,0.010516895912587643,-0.0011063944548368454
56,2,boundary_removal,random,1,19,"[50, 138, 25, 86, 76, 0, 114, 12, 73, 93, 95, 57, 63, 115, 75, 24, 98, 17, 96]",64,248,0.011623290367424488,0.011599481105804443,-2.3809261620044708e-05
56,2,boundary_removal,random,2,19,"[69, 83, 51, 102, 141, 65, 132, 133, 121, 36, 129, 35, 58, 11, 128, 41, 18, 17, 1]",64,248,0.011623290367424488,0.012562144547700882,0.0009388541802763939
56,2,boundary_removal,random,3,19,"[0, 102, 67, 51, 104, 61, 32, 71, 77, 88, 91, 9, 23, 125, 14, 41, 98, 112, 17]",64,248,0.011623290367424488,0.011391502805054188,-0.0002317875623703003
56,2,boundary_removal,random,4,19,"[138, 142, 44, 67, 87, 48, 90, 56, 106, 88, 47, 126, 115, 23, 110, 24, 98, 112, 96]",64,248,0.011623290367424488,0.011241269297897816,-0.00038202106952667236
56,2,boundary_removal,random,5,19,"[2, 137, 42, 59, 76, 139, 45, 103, 111, 127, 126, 16, 128, 131, 110, 117, 18, 112, 17]",64,248,0.011623290367424488,0.011072690598666668,-0.0005505997687578201
56,2,boundary_removal,random,6,19,"[83, 53, 82, 137, 100, 69, 56, 71, 124, 114, 108, 19, 128, 131, 122, 24, 98, 17, 96]",64,248,0.011623290367424488,0.012231494300067425,0.0006082039326429367
56,2,boundary_removal,random,7,19,"[67, 48, 61, 100, 89, 10, 15, 133, 127, 56, 47, 120, 23, 125, 46, 117, 80, 17, 1]",64,248,0.011623290367424488,0.012021754868328571,0.00039846450090408325
56,2,boundary_removal,random,8,19,"[27, 53, 82, 67, 141, 42, 133, 132, 45, 13, 16, 81, 125, 115, 131, 119, 98, 96, 17]",64,248,0.011623290367424488,0.01173036266118288,0.00010707229375839233
56,2,boundary_removal,random,9,19,"[0, 49, 66, 85, 67, 70, 103, 15, 124, 34, 95, 57, 125, 131, 115, 119, 80, 1, 112]",64,248,0.011623290367424488,0.01189620140939951,0.00027291104197502136
56,2,boundary_removal,random,10,19,"[44, 66, 72, 82, 48, 141, 127, 43, 54, 4, 95, 129, 23, 63, 125, 117, 92, 17, 1]",64,248,0.011623290367424488,0.012814164161682129,0.0011908737942576408
56,2,boundary_removal,random,11,19,"[67, 104, 83, 48, 59, 68, 132, 71, 77, 88, 57, 35, 131, 134, 58, 24, 21, 17, 112]",64,248,0.011623290367424488,0.010659267194569111,-0.0009640231728553772
56,2,boundary_removal,random,12,19,"[67, 82, 140, 142, 65, 0, 60, 54, 12, 101, 81, 35, 58, 122, 128, 24, 21, 112, 17]",64,248,0.011623290367424488,0.01066711638122797,-0.0009561739861965179
56,2,boundary_removal,random,13,19,"[82, 142, 55, 10, 85, 50, 111, 106, 12, 105, 33, 108, 122, 63, 14, 119, 92, 96, 1]",64,248,0.011623290367424488,0.014142959378659725,0.002519669011235237
56,2,boundary_removal,random,14,19,"[53, 55, 82, 135, 2, 76, 20, 32, 90, 38, 57, 108, 110, 75, 115, 117, 92, 17, 112]",64,248,0.011623290367424488,0.011858455836772919,0.00023516546934843063
56,2,boundary_removal,random,15,19,"[51, 68, 85, 44, 135, 66, 90, 45, 101, 60, 74, 123, 11, 125, 134, 24, 18, 96, 17]",64,248,0.011623290367424488,0.010833620093762875,-0.0007896702736616135
56,2,boundary_removal,random,16,19,"[65, 100, 61, 2, 138, 59, 34, 12, 133, 111, 16, 57, 46, 11, 23, 117, 18, 1, 96]",64,248,0.011623290367424488,0.012206264771521091,0.0005829744040966034
56,2,boundary_removal,random,17,19,"[70, 69, 53, 140, 137, 44, 90, 107, 45, 106, 57, 74, 125, 23, 131, 24, 98, 17, 112]",64,248,0.011623290367424488,0.011222953908145428,-0.00040033645927906036
56,2,boundary_removal,random,18,19,"[69, 86, 100, 10, 27, 66, 38, 73, 7, 71, 109, 16, 128, 115, 63, 24, 98, 96, 1]",64,248,0.011623290367424488,0.01249424833804369,0.0008709579706192017
56,2,boundary_removal,random,19,19,"[44, 53, 2, 51, 10, 0, 88, 56, 62, 54, 47, 35, 115, 58, 75, 24, 18, 96, 1]",64,248,0.011623290367424488,0.013526548631489277,0.0019032582640647888
56,2,boundary_removal,random,20,19,"[89, 138, 87, 66, 141, 42, 12, 77, 97, 88, 47, 33, 122, 110, 58, 117, 92, 112, 96]",64,248,0.011623290367424488,0.012837217189371586,0.0012139268219470978
56,4,node_removal,target,0,4,"[6, 7, 14, 15]",60,260,0.011623290367424488,0.005408810917288065,-0.006214479450136423
56,4,node_removal,random,1,4,"[35, 63, 11, 14]",60,248,0.011623290367424488,0.00875004380941391,-0.002873246558010578
56,4,node_removal,random,2,4,"[57, 26, 10, 14]",60,248,0.011623290367424488,0.013341337442398071,0.0017180470749735832
56,4,node_removal,random,3,4,"[63, 19, 48, 14]",60,248,0.011623290367424488,0.006873894948512316,-0.004749395418912172
56,4,node_removal,random,4,4,"[26, 20, 6, 14]",60,250,0.011623290367424488,0.010024458169937134,-0.0015988321974873543
56,4,node_removal,random,5,4,"[55, 18, 2, 14]",60,248,0.011623290367424488,0.011523217894136906,-0.0001000724732875824
56,4,node_removal,random,6,4,"[43, 42, 22, 49]",60,250,0.011623290367424488,0.013500683009624481,0.0018773926421999931
56,4,node_removal,random,7,4,"[58, 36, 11, 49]",60,250,0.011623290367424488,0.016134904697537422,0.004511614330112934
56,4,node_removal,random,8,4,"[18, 28, 2, 49]",60,248,0.011623290367424488,0.014493201859295368,0.00286991149187088
56,4,node_removal,random,9,4,"[21, 4, 5, 14]",60,250,0.011623290367424488,0.012395503930747509,0.0007722135633230209
56,4,node_removal,random,10,4,"[8, 26, 10, 14]",60,248,0.011623290367424488,0.011889358051121235,0.0002660676836967468
56,4,node_removal,random,11,4,"[39, 20, 33, 14]",60,248,0.011623290367424488,0.012008595280349255,0.00038530491292476654
56,4,node_removal,random,12,4,"[61, 62, 33, 14]",60,250,0.011623290367424488,0.011831111274659634,0.00020782090723514557
56,4,node_removal,random,13,4,"[19, 59, 53, 49]",60,248,0.011623290367424488,0.015527695417404175,0.0039044050499796867
56,4,node_removal,random,14,4,"[23, 59, 17, 49]",60,248,0.011623290367424488,0.01445839274674654,0.002835102379322052
56,4,node_removal,random,15,4,"[24, 23, 50, 14]",60,250,0.011623290367424488,0.009614027105271816,-0.002009263262152672
56,4,node_removal,random,16,4,"[23, 58, 22, 49]",60,252,0.011623290367424488,0.01615023799240589,0.004526947624981403
56,4,node_removal,random,17,4,"[63, 8, 54, 49]",60,250,0.011623290367424488,0.01019031461328268,-0.0014329757541418076
56,4,node_removal,random,18,4,"[29, 37, 33, 14]",60,250,0.011623290367424488,0.012018312700092793,0.00039502233266830444
56,4,node_removal,random,19,4,"[23, 21, 6, 14]",60,252,0.011623290367424488,0.008626679889857769,-0.002996610477566719
56,4,node_removal,random,20,4,"[15, 20, 11, 49]",60,248,0.011623290367424488,0.014523200690746307,0.0028999103233218193
56,4,boundary_removal,target,0,7,"[16, 17, 21, 37, 40, 41, 42]",64,272,0.011623290367424488,0.009524357505142689,-0.0020989328622817993
56,4,boundary_removal,random,1,7,"[136, 120, 22, 40, 41, 18, 112]",64,272,0.011623290367424488,0.01104686688631773,-0.0005764234811067581
56,4,boundary_removal,random,2,7,"[2, 33, 116, 22, 24, 18, 1]",64,272,0.011623290367424488,0.011320368386805058,-0.00030292198061943054
56,4,boundary_removal,random,3,7,"[83, 129, 37, 113, 24, 92, 1]",64,272,0.011623290367424488,0.012055116705596447,0.0004318263381719589
56,4,boundary_removal,random,4,7,"[87, 33, 99, 116, 117, 18, 1]",64,272,0.011623290367424488,0.012349367141723633,0.0007260767742991447
56,4,boundary_removal,random,5,7,"[66, 57, 22, 116, 117, 92, 112]",64,272,0.011623290367424488,0.011821437627077103,0.0001981472596526146
56,4,boundary_removal,random,6,7,"[27, 109, 116, 99, 41, 98, 96]",64,272,0.011623290367424488,0.012388200499117374,0.0007649101316928864
56,4,boundary_removal,random,7,7,"[50, 95, 22, 99, 119, 92, 96]",64,272,0.011623290367424488,0.011870616115629673,0.00024732574820518494
56,4,boundary_removal,random,8,7,"[49, 123, 113, 116, 24, 18, 112]",64,272,0.011623290367424488,0.01117678638547659,-0.00044650398194789886
56,4,boundary_removal,random,9,7,"[100, 91, 40, 113, 24, 80, 96]",64,272,0.011623290367424488,0.011473104357719421,-0.00015018600970506668
56,4,boundary_removal,random,10,7,"[49, 47, 22, 37, 119, 21, 112]",64,272,0.011623290367424488,0.010584704577922821,-0.001038585789501667
56,4,boundary_removal,random,11,7,"[142, 94, 37, 40, 119, 92, 96]",64,272,0.011623290367424488,0.011563657782971859,-5.963258445262909e-05
56,4,boundary_removal,random,12,7,"[85, 19, 99, 40, 119, 21, 1]",64,272,0.011623290367424488,0.011423631571233273,-0.00019965879619121552
56,4,boundary_removal,random,13,7,"[2, 74, 22, 116, 24, 92, 96]",64,272,0.011623290367424488,0.011380374431610107,-0.00024291593581438065
56,4,boundary_removal,random,14,7,"[51, 109, 37, 113, 24, 92, 96]",64,272,0.011623290367424488,0.011747327633202076,0.0001240372657775879
56,4,boundary_removal,random,15,7,"[87, 95, 116, 37, 117, 80, 112]",64,272,0.011623290367424488,0.011374722234904766,-0.000248568132519722
56,4,boundary_removal,random,16,7,"[102, 64, 37, 99, 41, 80, 17]",64,272,0.011623290367424488,0.011237422935664654,-0.0003858674317598343
56,4,boundary_removal,random,17,7,"[49, 16, 40, 99, 41, 98, 112]",64,272,0.011623290367424488,0.011157996021211147,-0.00046529434621334076
56,4,boundary_removal,random,18,7,"[83, 31, 22, 37, 41, 80, 1]",64,272,0.011623290367424488,0.011882768012583256,0.0002594776451587677
56,4,boundary_removal,random,19,7,"[140, 9, 40, 113, 41, 92, 17]",64,272,0.011623290367424488,0.011247697286307812,-0.00037559308111667633
56,4,boundary_removal,random,20,7,"[52, 123, 22, 37, 117, 98, 1]",64,272,0.011623290367424488,0.012181310914456844,0.0005580205470323563
58,0,node_removal,target,0,58,"[0, 1, 2, 3, 4, 8, 9, 10, 11, 12, 16, 17, 18, 19, 20, 21, 22, 23, 24, 25, 26, 27, 28, 29, 30, 31, 32, 33, 34, 35, 36, 37, 38, 39, 40, 41, 42, 43, 44, 45, 46, 47, 48, 49, 50, 51, 52, 53, 54, 55, 56, 57, 58, 59, 60, 61, 62, 63]",6,22,0.004244483541697264,0.992622435092926,0.9883779515512288
58,0,node_removal,random,1,58,"[1, 44, 32, 61, 27, 58, 35, 8, 7, 42, 16, 57, 59, 36, 23, 43, 15, 39, 28, 3, 26, 34, 4, 19, 31, 63, 20, 55, 37, 62, 29, 0, 21, 45, 18, 60, 40, 33, 13, 30, 41, 50, 11, 17, 53, 54, 51, 52, 5, 25, 6, 46, 2, 48, 38, 10, 49, 9]",6,2,0.004244483541697264,0.01664208434522152,0.012397600803524256
58,0,node_removal,random,2,58,"[45, 60, 58, 18, 8, 15, 23, 36, 1, 3, 7, 55, 56, 27, 39, 16, 28, 31, 63, 32, 24, 37, 62, 26, 42, 21, 44, 19, 59, 29, 35, 43, 57, 0, 4, 61, 54, 6, 2, 25, 33, 30, 51, 10, 17, 12, 41, 48, 52, 40, 5, 13, 11, 47, 22, 50, 14, 9]",6,2,0.004244483541697264,0.0064299688674509525,0.002185485325753689
58,0,node_removal,random,3,58,"[57, 4, 23, 60, 15, 8, 45, 59, 42, 62, 58, 0, 32, 3, 55, 27, 20, 39, 43, 16, 63, 35, 36, 19, 28, 56, 18, 1, 24, 31, 26, 34, 37, 61, 29, 7, 41, 22, 38, 2, 40, 13, 11, 53, 48, 10, 30, 52, 51, 5, 46, 25, 33, 12, 47, 6, 14, 9]",6,2,0.004244483541697264,0.01228137593716383,0.008036892395466566
58,0,node_removal,random,4,58,"[61, 58, 34, 7, 36, 28, 26, 35, 18, 43, 39, 62, 4, 20, 59, 37, 44, 19, 63, 32, 31, 0, 55, 42, 56, 3, 21, 23, 15, 27, 1, 45, 29, 24, 16, 8, 5, 10, 2, 52, 22, 30, 50, 17, 47, 54, 33, 41, 40, 6, 53, 13, 48, 11, 12, 46, 14, 9]",6,4,0.004244483541697264,0.0013846205547451973,-0.0028598629869520664
58,0,node_removal,random,5,58,"[15, 26, 42, 3, 21, 37, 7, 8, 34, 24, 57, 0, 59, 43, 20, 60, 61, 16, 4, 1, 23, 35, 58, 62, 32, 44, 19, 36, 45, 28, 27, 63, 18, 55, 31, 39, 38, 33, 11, 40, 6, 25, 5, 13, 22, 47, 41, 17, 50, 12, 48, 2, 53, 30, 10, 46, 14, 9]",6,4,0.004244483541697264,0.11404619365930557,0.10980171011760831
58,0,node_removal,random,6,58,"[42, 21, 4, 34, 37, 31, 18, 45, 63, 23, 56, 15, 29, 39, 62, 20, 57, 32, 7, 58, 61, 43, 36, 44, 35, 0, 19, 24, 8, 59, 55, 60, 1, 27, 28, 3, 53, 33, 6, 40, 46, 13, 48, 22, 47, 17, 38, 41, 52, 30, 51, 54, 11, 50, 10, 25, 14, 9]",6,2,0.004244483541697264,0.009886620566248894,0.00564213702455163
58,0,node_removal,random,7,58,"[21, 18, 44, 3, 56, 1, 43, 60, 31, 63, 16, 61, 55, 59, 62, 29, 15, 8, 27, 23, 7, 28, 26, 42, 32, 34, 39, 4, 20, 0, 36, 58, 57, 19, 24, 37, 51, 30, 6, 25, 52, 10, 47, 54, 50, 11, 40, 33, 5, 48, 13, 41, 17, 22, 12, 46, 14, 9]",6,2,0.004244483541697264,0.005405230913311243,0.0011607473716139793
58,0,node_removal,random,8,58,"[26, 15, 18, 1, 4, 0, 31, 57, 63, 45, 37, 16, 61, 44, 20, 28, 19, 39, 7, 29, 27, 60, 58, 43, 32, 8, 34, 35, 36, 23, 56, 55, 59, 21, 62, 24, 2, 33, 53, 30, 5, 50, 10, 47, 13, 17, 52, 22, 40, 38, 25, 46, 51, 11, 12, 41, 49, 9]",6,2,0.004244483541697264,0.2970510423183441,0.29280655877664685
58,0,node_removal,random,9,58,"[43, 32, 29, 31, 27, 60, 35, 63, 19, 55, 58, 62, 15, 42, 23, 34, 7, 3, 28, 36, 16, 26, 21, 45, 4, 24, 39, 59, 44, 0, 20, 1, 57, 61, 8, 37, 33, 30, 22, 41, 38, 11, 51, 48, 17, 12, 47, 10, 46, 6, 13, 25, 53, 2, 50, 54, 49, 9]",6,2,0.004244483541697264,0.07972383499145508,0.07547935144975781
58,0,node_removal,random,10,58,"[57, 8, 42, 27, 58, 20, 35, 32, 3, 37, 55, 56, 28, 45, 23, 24, 62, 4, 29, 21, 7, 16, 15, 18, 36, 60, 44, 39, 43, 61, 1, 63, 26, 34, 0, 59, 54, 40, 48, 46, 33, 6, 5, 38, 17, 53, 52, 10, 22, 51, 13, 30, 11, 47, 41, 2, 49, 9]",6,0,0.004244483541697264,0.008542614988982677,0.004298131447285414
58,0,node_removal,random,11,58,"[20, 0, 15, 27, 24, 31, 43, 45, 16, 58, 28, 8, 36, 3, 21, 1, 4, 34, 55, 42, 57, 63, 23, 32, 59, 19, 44, 56, 62, 7, 61, 18, 37, 26, 35, 60, 54, 11, 38, 12, 17, 6, 41, 30, 47, 25, 51, 46, 10, 13, 52, 40, 5, 22, 33, 53, 49, 9]",6,0,0.004244483541697264,0.01454396266490221,0.010299479123204947
58,0,node_removal,random,12,58,"[26, 19, 32, 59, 34, 29, 23, 21, 60, 61, 57, 1, 15, 4, 35, 36, 37, 56, 3, 27, 44, 63, 20, 55, 42, 58, 8, 43, 31, 62, 24, 45, 18, 28, 39, 7, 46, 53, 10, 33, 38, 50, 41, 5, 17, 13, 40, 11, 25, 47, 30, 48, 2, 22, 54, 51, 14, 9]",6,0,0.004244483541697264,0.021558282896876335,0.01731379935517907
58,0,node_removal,random,13,58,"[27, 42, 56, 55, 24, 34, 19, 43, 35, 15, 32, 16, 62, 4, 44, 45, 18, 36, 31, 39, 58, 28, 60, 20, 61, 23, 59, 7, 21, 26, 0, 3, 8, 63, 1, 37, 50, 11, 25, 53, 33, 6, 2, 54, 47, 38, 12, 41, 46, 22, 52, 51, 40, 13, 5, 30, 49, 9]",6,2,0.004244483541697264,0.001176836434751749,-0.0030676471069455147
58,0,node_removal,random,14,58,"[36, 19, 7, 20, 42, 26, 8, 18, 35, 37, 28, 1, 15, 62, 23, 21, 55, 58, 34, 56, 39, 63, 61, 43, 45, 27, 31, 44, 24, 59, 16, 32, 3, 57, 60, 4, 17, 47, 41, 46, 25, 12, 33, 5, 50, 51, 40, 30, 52, 48, 6, 53, 22, 11, 38, 2, 49, 9]",6,2,0.004244483541697264,0.14469045400619507,0.1404459704644978
58,0,node_removal,random,15,58,"[58, 31, 16, 39, 42, 7, 18, 60, 1, 4, 59, 0, 32, 43, 3, 23, 26, 56, 55, 57, 27, 8, 62, 34, 61, 45, 28, 63, 29, 19, 15, 37, 36, 20, 21, 35, 46, 54, 10, 22, 25, 38, 33, 11, 2, 48, 5, 50, 40, 53, 13, 41, 12, 47, 30, 52, 14, 9]",6,2,0.004244483541697264,0.002096635987982154,-0.00214784755371511
58,0,node_removal,random,16,58,"[42, 18, 58, 8, 19, 7, 21, 31, 37, 60, 20, 44, 27, 35, 28, 3, 55, 62, 36, 4, 63, 39, 15, 32, 26, 24, 45, 0, 29, 59, 1, 61, 56, 43, 34, 57, 5, 40, 2, 6, 10, 48, 12, 17, 30, 46, 52, 53, 50, 38, 13, 25, 51, 33, 47, 22, 14, 9]",6,2,0.004244483541697264,0.07436337321996689,0.07011888967826962
58,0,node_removal,random,17,58,"[4, 20, 16, 37, 29, 63, 44, 26, 58, 23, 61, 19, 24, 59, 0, 57, 21, 45, 3, 39, 7, 56, 36, 28, 32, 62, 42, 55, 43, 8, 35, 1, 27, 31, 34, 60, 22, 25, 46, 50, 47, 41, 51, 30, 6, 2, 38, 48, 53, 54, 5, 33, 13, 17, 12, 10, 14, 9]",6,0,0.004244483541697264,0.002156939124688506,-0.0020875444170087576
58,0,node_removal,random,18,58,"[58, 43, 39, 60, 8, 24, 4, 31, 35, 55, 0, 62, 37, 18, 19, 61, 27, 56, 15, 28, 29, 34, 3, 21, 44, 23, 7, 59, 26, 32, 16, 42, 45, 57, 36, 1, 41, 11, 13, 10, 22, 17, 50, 6, 52, 33, 30, 47, 53, 48, 51, 2, 40, 38, 54, 25, 14, 9]",6,4,0.004244483541697264,0.004949917551130056,0.0007054340094327927
58,0,node_removal,random,19,58,"[19, 29, 39, 3, 27, 37, 0, 4, 44, 61, 16, 32, 58, 23, 55, 7, 60, 57, 63, 28, 31, 18, 34, 59, 20, 1, 15, 62, 45, 56, 21, 42, 24, 8, 35, 43, 48, 40, 47, 33, 17, 6, 2, 11, 52, 5, 53, 13, 22, 12, 41, 46, 54, 25, 51, 30, 14, 9]",6,2,0.004244483541697264,0.0032966556027531624,-0.0009478279389441013
58,0,node_removal,random,20,58,"[42, 63, 29, 32, 15, 28, 7, 16, 23, 43, 36, 26, 3, 0, 62, 21, 4, 45, 61, 31, 37, 60, 57, 19, 39, 24, 44, 8, 1, 18, 59, 35, 58, 20, 56, 55, 41, 17, 22, 6, 10, 52, 38, 12, 11, 50, 54, 30, 46, 13, 40, 5, 33, 51, 48, 2, 49, 9]",6,0,0.004244483541697264,0.002843668684363365,-0.0014008148573338985
58,0,boundary_removal,target,0,7,"[13, 18, 35, 38, 40, 41, 42]",64,272,0.004244483541697264,0.005513632670044899,0.0012691491283476353
58,0,boundary_removal,random,1,7,"[65, 36, 45, 64, 40, 119, 98]",64,272,0.004244483541697264,0.004490991588681936,0.00024650804698467255
58,0,boundary_removal,random,2,7,"[85, 4, 60, 120, 99, 41, 98]",64,272,0.004244483541697264,0.004228248726576567,-1.623481512069702e-05
58,0,boundary_removal,random,3,7,"[66, 133, 130, 91, 22, 117, 80]",64,272,0.004244483541697264,0.0044321161694824696,0.00018763262778520584
58,0,boundary_removal,random,4,7,"[51, 71, 77, 19, 116, 117, 92]",64,272,0.004244483541697264,0.004251530859619379,7.047317922115326e-06
58,0,boundary_removal,random,5,7,"[27, 107, 106, 95, 22, 117, 98]",64,272,0.004244483541697264,0.004388327244669199,0.00014384370297193527
58,0,boundary_removal,random,6,7,"[138, 4, 97, 74, 40, 24, 92]",64,272,0.004244483541697264,0.0042400783859193325,-4.405155777931213e-06
58,0,boundary_removal,random,7,7,"[142, 132, 15, 16, 40, 119, 18]",64,272,0.004244483541697264,0.005278389435261488,0.0010339058935642242
58,0,boundary_removal,random,8,7,"[140, 71, 45, 47, 37, 119, 92]",64,272,0.004244483541697264,0.004334805067628622,9.032152593135834e-05
58,0,boundary_removal,random,9,7,"[65, 127, 124, 81, 113, 117, 92]",64,272,0.004244483541697264,0.004436411429196596,0.00019192788749933243
58,0,boundary_removal,random,10,7,"[10, 93, 62, 108, 99, 117, 92]",64,272,0.004244483541697264,0.004284948110580444,4.046456888318062e-05
58,0,boundary_removal,random,11,7,"[82, 127, 107, 120, 99, 41, 80]",64,272,0.004244483541697264,0.004474458750337362,0.00022997520864009857
58,0,boundary_removal,random,12,7,"[104, 20, 121, 94, 99, 41, 92]",64,272,0.004244483541697264,0.004215518478304148,-2.8965063393115997e-05
58,0,boundary_removal,random,13,7,"[70, 88, 62, 74, 116, 24, 80]",64,272,0.004244483541697264,0.004248935729265213,4.452187567949295e-06
58,0,boundary_removal,random,14,7,"[25, 124, 15, 35, 37, 41, 98]",64,272,0.004244483541697264,0.004535099491477013,0.0002906159497797489
58,0,boundary_removal,random,15,7,"[84, 38, 56, 31, 99, 119, 92]",64,272,0.004244483541697264,0.0045644002966582775,0.0003199167549610138
58,0,boundary_removal,random,16,7,"[61, 54, 114, 74, 40, 24, 98]",64,272,0.004244483541697264,0.004182457458227873,-6.202608346939087e-05
58,0,boundary_removal,random,17,7,"[48, 13, 34, 91, 22, 119, 21]",64,272,0.004244483541697264,0.004220918286591768,-2.3565255105495453e-05
58,0,boundary_removal,random,18,7,"[55, 111, 32, 74, 113, 24, 98]",64,272,0.004244483541697264,0.004062481690198183,-0.00018200185149908066
58,0,boundary_removal,random,19,7,"[136, 20, 45, 47, 116, 41, 21]",64,272,0.004244483541697264,0.004232460167258978,-1.2023374438285828e-05
58,0,boundary_removal,random,20,7,"[86, 124, 90, 74, 99, 119, 80]",64,272,0.004244483541697264,0.0045386976562440395,0.0002942141145467758
58,1,node_removal,target,0,6,"[5, 6, 7, 13, 14, 15]",58,250,0.004244483541697264,0.0020159187261015177,-0.002228564815595746
58,1,node_removal,random,1,6,"[42, 56, 50, 13, 41, 49]",58,238,0.004244483541697264,0.002940702484920621,-0.0013037810567766428
58,1,node_removal,random,2,6,"[42, 1, 22, 53, 40, 49]",58,228,0.004244483541697264,0.0034048783127218485,-0.0008396052289754152
58,1,node_removal,random,3,6,"[16, 19, 13, 6, 30, 14]",58,234,0.004244483541697264,0.004026091191917658,-0.00021839234977960587
58,1,node_removal,random,4,6,"[36, 16, 53, 54, 47, 14]",58,230,0.004244483541697264,0.004654496908187866,0.0004100133664906025
58,1,node_removal,random,5,6,"[44, 27, 30, 40, 52, 49]",58,230,0.004244483541697264,0.005794439930468798,0.001549956388771534
58,1,node_removal,random,6,6,"[4, 0, 2, 53, 50, 49]",58,232,0.004244483541697264,0.003605322213843465,-0.0006391613278537989
58,1,node_removal,random,7,6,"[34, 36, 50, 47, 5, 14]",58,228,0.004244483541697264,0.0036714915186166763,-0.0005729920230805874
58,1,node_removal,random,8,6,"[26, 27, 6, 33, 50, 49]",58,232,0.004244483541697264,0.004658638034015894,0.0004141544923186302
58,1,node_removal,random,9,6,"[1, 36, 41, 40, 47, 14]",58,230,0.004244483541697264,0.0038316668942570686,-0.0004128166474401951
58,1,node_removal,random,10,6,"[21, 7, 40, 41, 47, 14]",58,232,0.004244483541697264,0.002801428781822324,-0.00144305475987494
58,1,node_removal,random,11,6,"[20, 1, 12, 41, 46, 49]",58,232,0.004244483541697264,0.003320365911349654,-0.0009241176303476095
58,1,node_removal,random,12,6,"[62, 63, 51, 54, 11, 14]",58,234,0.004244483541697264,0.006152825430035591,0.0019083418883383274
58,1,node_removal,random,13,6,"[7, 44, 6, 38, 54, 49]",58,230,0.004244483541697264,0.0026518963277339935,-0.0015925872139632702
58,1,node_removal,random,14,6,"[20, 18, 33, 12, 22, 14]",58,232,0.004244483541697264,0.00718576880171895,0.0029412852600216866
58,1,node_removal,random,15,6,"[19, 43, 53, 12, 38, 14]",58,228,0.004244483541697264,0.006242834031581879,0.001998350489884615
58,1,node_removal,random,16,6,"[3, 60, 22, 10, 40, 14]",58,232,0.004244483541697264,0.0067288377322256565,0.002484354190528393
58,1,node_removal,random,17,6,"[56, 3, 13, 5, 40, 14]",58,234,0.004244483541697264,0.003678279696032405,-0.0005662038456648588
58,1,node_removal,random,18,6,"[20, 8, 25, 10, 50, 49]",58,230,0.004244483541697264,0.004242816474288702,-1.6670674085617065e-06
58,1,node_removal,random,19,6,"[26, 62, 46, 11, 52, 14]",58,228,0.004244483541697264,0.006131508853286505,0.001887025311589241
58,1,node_removal,random,20,6,"[34, 60, 38, 48, 46, 49]",58,232,0.004244483541697264,0.005273216869682074,0.0010287333279848099
58,1,boundary_removal,target,0,7,"[13, 18, 35, 38, 40, 41, 42]",64,272,0.004244483541697264,0.005513632670044899,0.0012691491283476353
58,1,boundary_removal,random,1,7,"[76, 34, 133, 47, 116, 41, 92]",64,272,0.004244483541697264,0.004400523379445076,0.00015603983774781227
58,1,boundary_removal,random,2,7,"[59, 73, 4, 33, 113, 117, 92]",64,272,0.004244483541697264,0.004407546948641539,0.0001630634069442749
58,1,boundary_removal,random,3,7,"[66, 20, 90, 109, 116, 117, 80]",64,272,0.004244483541697264,0.004252733197063208,8.249655365943909e-06
58,1,boundary_removal,random,4,7,"[142, 56, 111, 109, 22, 41, 98]",64,272,0.004244483541697264,0.004461349919438362,0.0002168663777410984
58,1,boundary_removal,random,5,7,"[135, 127, 79, 57, 37, 117, 92]",64,272,0.004244483541697264,0.004471865948289633,0.00022738240659236908
58,1,boundary_removal,random,6,7,"[139, 130, 4, 129, 116, 119, 21]",64,272,0.004244483541697264,0.004035288468003273,-0.0002091950736939907
58,1,boundary_removal,random,7,7,"[68, 106, 114, 31, 40, 24, 21]",64,272,0.004244483541697264,0.004354281350970268,0.00010979780927300453
58,1,boundary_removal,random,8,7,"[25, 13, 97, 108, 37, 41, 18]",64,272,0.004244483541697264,0.004313343670219183,6.886012852191925e-05
58,1,boundary_removal,random,9,7,"[2, 97, 13, 31, 22, 117, 21]",64,272,0.004244483541697264,0.004193540196865797,-5.0943344831466675e-05
58,1,boundary_removal,random,10,7,"[67, 45, 130, 19, 99, 117, 92]",64,272,0.004244483541697264,0.004155834671109915,-8.864887058734894e-05
58,1,boundary_removal,random,11,7,"[52, 71, 20, 64, 116, 117, 98]",64,272,0.004244483541697264,0.004015099722892046,-0.00022938381880521774
58,1,boundary_removal,random,12,7,"[141, 62, 90, 64, 22, 119, 98]",64,272,0.004244483541697264,0.0045028734020888805,0.0002583898603916168
58,1,boundary_removal,random,13,7,"[66, 43, 54, 81, 116, 41, 80]",64,272,0.004244483541697264,0.004617565777152777,0.000373082235455513
58,1,boundary_removal,random,14,7,"[0, 127, 54, 95, 113, 119, 18]",64,272,0.004244483541697264,0.004339778330177069,9.529478847980499e-05
58,1,boundary_removal,random,15,7,"[76, 93, 101, 64, 113, 117, 18]",64,272,0.004244483541697264,0.004496554844081402,0.0002520713023841381
58,1,boundary_removal,random,16,7,"[139, 103, 101, 91, 40, 119, 21]",64,272,0.004244483541697264,0.004415422677993774,0.0001709391362965107
58,1,boundary_removal,random,17,7,"[67, 114, 7, 74, 22, 41, 98]",64,272,0.004244483541697264,0.004275477025657892,3.099348396062851e-05
58,1,boundary_removal,random,18,7,"[49, 20, 54, 31, 40, 117, 21]",64,272,0.004244483541697264,0.004270732402801514,2.6248861104249954e-05
58,1,boundary_removal,random,19,7,"[48, 114, 97, 123, 116, 119, 21]",64,272,0.004244483541697264,0.004082495346665382,-0.00016198819503188133
58,1,boundary_removal,random,20,7,"[87, 34, 62, 129, 99, 117, 21]",64,272,0.004244483541697264,0.004082064609974623,-0.000162418931722641
59,0,node_removal,target,0,35,"[19, 22, 23, 25, 26, 27, 28, 29, 30, 31, 32, 33, 34, 35, 36, 37, 38, 39, 40, 41, 42, 43, 44, 45, 46, 47, 50, 51, 52, 53, 54, 55, 60, 62, 63]",29,106,0.3032695949077606,0.9508745074272156,0.647604912519455
59,0,node_removal,random,1,35,"[39, 16, 15, 59, 28, 29, 19, 42, 58, 21, 63, 34, 57, 44, 18, 55, 43, 27, 56, 7, 61, 53, 12, 2, 13, 51, 33, 10, 47, 50, 17, 41, 48, 11, 25]",29,58,0.3032695949077606,0.4096684753894806,0.10639888048171997
59,0,node_removal,random,2,35,"[8, 28, 19, 36, 37, 27, 21, 1, 42, 31, 16, 0, 29, 56, 4, 62, 39, 35, 43, 20, 24, 52, 40, 48, 53, 38, 22, 13, 11, 50, 2, 54, 12, 41, 10]",29,70,0.3032695949077606,0.539125382900238,0.23585578799247742
59,0,node_removal,random,3,35,"[60, 28, 26, 63, 3, 16, 23, 29, 8, 20, 21, 62, 45, 42, 27, 58, 15, 43, 1, 31, 24, 33, 2, 38, 25, 6, 54, 30, 41, 10, 47, 12, 22, 50, 46]",29,60,0.3032695949077606,0.40497907996177673,0.10170948505401611
59,0,node_removal,random,4,35,"[18, 4, 8, 28, 45, 23, 26, 27, 36, 58, 42, 56, 0, 34, 35, 60, 39, 15, 59, 63, 21, 6, 22, 10, 33, 2, 51, 46, 40, 52, 11, 47, 48, 38, 13]",29,56,0.3032695949077606,0.26421067118644714,-0.03905892372131348
59,0,node_removal,random,5,35,"[24, 20, 55, 31, 29, 4, 37, 15, 28, 26, 8, 34, 7, 16, 58, 18, 63, 57, 36, 42, 61, 51, 17, 10, 13, 30, 5, 11, 41, 40, 33, 50, 53, 46, 25]",29,54,0.3032695949077606,0.30168062448501587,-0.001588970422744751
59,0,node_removal,random,6,35,"[62, 20, 42, 27, 56, 4, 19, 58, 37, 28, 63, 26, 43, 1, 55, 32, 21, 44, 39, 31, 7, 2, 25, 11, 41, 47, 40, 51, 33, 6, 46, 5, 13, 22, 52]",29,60,0.3032695949077606,0.44418954849243164,0.14091995358467102
59,0,node_removal,random,7,35,"[8, 60, 39, 62, 58, 1, 29, 26, 35, 56, 16, 37, 42, 36, 27, 45, 4, 31, 3, 7, 34, 53, 33, 51, 48, 40, 11, 12, 38, 2, 46, 6, 30, 41, 5]",29,66,0.3032695949077606,0.15389664471149445,-0.14937295019626617
59,0,node_removal,random,8,35,"[44, 57, 26, 61, 24, 60, 27, 36, 19, 32, 56, 37, 39, 62, 45, 15, 31, 59, 0, 42, 35, 46, 6, 13, 17, 2, 25, 47, 48, 33, 41, 52, 11, 12, 22]",29,56,0.3032695949077606,0.4867360293865204,0.18346643447875977
59,0,node_removal,random,9,35,"[20, 36, 35, 28, 29, 18, 3, 58, 61, 15, 43, 37, 39, 44, 32, 42, 19, 7, 23, 27, 21, 54, 50, 51, 25, 11, 46, 53, 6, 33, 30, 22, 2, 10, 38]",29,72,0.3032695949077606,0.7772758603096008,0.4740062654018402
59,0,node_removal,random,10,35,"[56, 31, 45, 24, 36, 42, 58, 32, 26, 15, 59, 16, 61, 20, 1, 28, 29, 63, 62, 27, 23, 54, 46, 22, 50, 6, 11, 48, 13, 51, 2, 33, 12, 25, 52]",29,52,0.3032695949077606,0.49792245030403137,0.19465285539627075
59,0,node_removal,random,11,35,"[0, 4, 26, 62, 16, 31, 34, 21, 57, 59, 24, 7, 27, 20, 42, 19, 45, 29, 44, 43, 61, 2, 6, 10, 50, 11, 13, 54, 25, 38, 5, 40, 30, 46, 22]",29,54,0.3032695949077606,0.10013196617364883,-0.20313762873411179
59,0,node_removal,random,12,35,"[60, 18, 24, 43, 15, 3, 7, 23, 61, 62, 28, 0, 29, 21, 27, 4, 34, 37, 58, 20, 26, 41, 33, 5, 47, 51, 52, 53, 17, 38, 10, 6, 2, 13, 22]",29,64,0.3032695949077606,0.21816615760326385,-0.08510343730449677
59,0,node_removal,random,13,35,"[56, 24, 16, 18, 19, 27, 36, 15, 35, 60, 21, 26, 43, 37, 58, 7, 8, 32, 63, 3, 31, 51, 33, 2, 10, 50, 11, 5, 17, 13, 54, 6, 46, 25, 48]",29,62,0.3032695949077606,0.07867715507745743,-0.2245924398303032
59,0,node_removal,random,14,35,"[7, 32, 27, 31, 35, 19, 36, 8, 63, 15, 18, 26, 39, 57, 1, 24, 55, 29, 58, 56, 42, 10, 38, 30, 52, 6, 51, 12, 5, 47, 46, 53, 41, 25, 54]",29,60,0.3032695949077606,0.6021086573600769,0.2988390624523163
59,0,node_removal,random,15,35,"[7, 26, 3, 55, 23, 20, 42, 15, 29, 62, 45, 19, 28, 35, 36, 60, 0, 43, 4, 8, 63, 48, 50, 17, 52, 25, 40, 54, 33, 53, 13, 38, 22, 41, 12]",29,48,0.3032695949077606,0.7047285437583923,0.4014589488506317
59,0,node_removal,random,16,35,"[19, 62, 24, 42, 4, 29, 1, 16, 15, 31, 60, 55, 32, 20, 7, 57, 36, 26, 63, 18, 3, 17, 46, 5, 53, 11, 47, 48, 38, 2, 22, 41, 25, 13, 51]",29,50,0.3032695949077606,0.262185662984848,-0.0410839319229126
59,0,node_removal,random,17,35,"[59, 28, 62, 29, 23, 61, 45, 26, 3, 42, 8, 34, 55, 24, 19, 63, 1, 27, 31, 57, 4, 25, 53, 40, 33, 13, 41, 54, 17, 50, 48, 2, 22, 30, 38]",29,62,0.3032695949077606,0.5554056763648987,0.25213608145713806
59,0,node_removal,random,18,35,"[7, 36, 57, 56, 8, 28, 44, 45, 27, 31, 39, 59, 34, 26, 55, 21, 20, 32, 0, 19, 15, 17, 2, 12, 53, 11, 52, 13, 5, 48, 46, 54, 41, 10, 22]",29,54,0.3032695949077606,0.19636572897434235,-0.10690386593341827
59,0,node_removal,random,19,35,"[19, 0, 27, 39, 18, 8, 28, 45, 56, 55, 60, 20, 7, 37, 58, 3, 26, 36, 4, 59, 34, 6, 46, 30, 48, 2, 25, 52, 17, 10, 38, 50, 51, 41, 13]",29,60,0.3032695949077606,0.4116213023662567,0.1083517074584961
59,0,node_removal,random,20,35,"[58, 1, 39, 37, 43, 23, 44, 59, 42, 8, 18, 36, 63, 20, 24, 32, 3, 57, 28, 31, 35, 30, 51, 54, 11, 17, 5, 10, 12, 13, 50, 46, 41, 6, 53]",29,56,0.3032695949077606,0.6011537909507751,0.2978841960430145
59,0,boundary_removal,target,0,26,"[34, 40, 41, 42, 47, 48, 49, 50, 53, 54, 55, 60, 61, 95, 96, 98, 99, 116, 121, 122, 124, 128, 130, 139, 140, 141]",64,234,0.3032695949077606,0.3595372438430786,0.05626764893531799
59,0,boundary_removal,random,1,26,"[85, 44, 27, 69, 84, 142, 61, 135, 86, 76, 106, 127, 77, 103, 62, 45, 81, 95, 113, 99, 22, 128, 75, 41, 80, 96]",64,234,0.3032695949077606,0.3332091271877289,0.02993953227996826
59,0,boundary_removal,random,2,26,"[138, 55, 89, 65, 82, 10, 140, 59, 141, 102, 97, 124, 60, 101, 77, 114, 81, 129, 99, 22, 40, 128, 23, 24, 92, 96]",64,234,0.3032695949077606,0.3325478434562683,0.02927824854850769
59,0,boundary_removal,random,3,26,"[141, 135, 65, 102, 89, 140, 67, 136, 70, 53, 97, 90, 79, 103, 12, 121, 74, 109, 113, 40, 99, 11, 110, 24, 98, 17]",64,234,0.3032695949077606,0.3286035656929016,0.02533397078514099
59,0,boundary_removal,random,4,26,"[135, 10, 76, 69, 25, 100, 65, 50, 55, 83, 93, 12, 106, 62, 111, 103, 47, 109, 99, 37, 22, 46, 122, 119, 80, 1]",64,234,0.3032695949077606,0.30763986706733704,0.004370272159576416
59,0,boundary_removal,random,5,26,"[86, 139, 10, 53, 49, 100, 76, 104, 135, 67, 93, 124, 38, 105, 78, 132, 19, 94, 40, 116, 113, 58, 115, 119, 80, 1]",64,234,0.3032695949077606,0.2882520258426666,-0.015017569065093994
59,0,boundary_removal,random,6,26,"[0, 42, 140, 86, 138, 51, 100, 72, 59, 49, 34, 130, 73, 56, 79, 133, 81, 126, 99, 37, 22, 11, 125, 119, 98, 17]",64,234,0.3032695949077606,0.32152649760246277,0.01825690269470215
59,0,boundary_removal,random,7,26,"[53, 66, 69, 89, 135, 59, 84, 65, 100, 87, 93, 103, 127, 130, 60, 124, 95, 47, 116, 113, 99, 11, 110, 119, 18, 112]",64,234,0.3032695949077606,0.3228866457939148,0.019617050886154175
59,0,boundary_removal,random,8,26,"[65, 61, 68, 50, 84, 51, 49, 138, 135, 42, 93, 71, 13, 20, 107, 88, 31, 120, 22, 99, 40, 131, 128, 24, 21, 1]",64,234,0.3032695949077606,0.3465782105922699,0.04330861568450928
59,0,boundary_removal,random,9,26,"[82, 76, 138, 53, 83, 59, 2, 102, 100, 140, 121, 106, 13, 15, 127, 88, 123, 91, 22, 99, 40, 23, 46, 117, 18, 112]",64,234,0.3032695949077606,0.35116758942604065,0.04789799451828003
59,0,boundary_removal,random,10,26,"[70, 65, 100, 72, 137, 10, 42, 142, 50, 59, 62, 78, 106, 32, 105, 13, 64, 129, 113, 116, 40, 125, 75, 119, 21, 17]",64,234,0.3032695949077606,0.29594358801841736,-0.007326006889343262
59,0,boundary_removal,random,11,26,"[72, 55, 0, 50, 100, 141, 69, 52, 66, 49, 127, 124, 32, 111, 105, 77, 57, 91, 99, 37, 116, 14, 110, 117, 92, 112]",64,234,0.3032695949077606,0.3318779170513153,0.028608322143554688
59,0,boundary_removal,random,12,26,"[86, 135, 50, 70, 0, 82, 66, 136, 139, 89, 130, 34, 38, 73, 20, 62, 91, 16, 40, 22, 113, 58, 128, 119, 98, 96]",64,234,0.3032695949077606,0.2908937931060791,-0.012375801801681519
59,0,boundary_removal,random,13,26,"[135, 76, 44, 10, 87, 104, 72, 140, 139, 83, 121, 32, 4, 62, 88, 77, 16, 57, 37, 113, 99, 63, 115, 41, 21, 96]",64,234,0.3032695949077606,0.31429386138916016,0.011024266481399536
59,0,boundary_removal,random,14,26,"[0, 61, 86, 69, 65, 49, 76, 42, 89, 136, 106, 107, 97, 20, 12, 54, 95, 120, 116, 99, 37, 134, 122, 24, 98, 96]",64,234,0.3032695949077606,0.34449660778045654,0.04122701287269592
59,0,boundary_removal,random,15,26,"[82, 86, 76, 135, 55, 102, 83, 138, 67, 51, 71, 88, 15, 56, 106, 121, 33, 91, 116, 37, 22, 131, 63, 41, 80, 96]",64,234,0.3032695949077606,0.34253963828086853,0.03927004337310791
59,0,boundary_removal,random,16,26,"[100, 53, 136, 140, 44, 68, 83, 48, 42, 10, 34, 103, 106, 88, 107, 4, 31, 123, 40, 22, 113, 14, 134, 119, 92, 112]",64,234,0.3032695949077606,0.3419516086578369,0.038682013750076294
59,0,boundary_removal,random,17,26,"[85, 140, 44, 51, 55, 136, 104, 25, 76, 86, 121, 105, 43, 114, 101, 71, 91, 47, 116, 113, 40, 14, 110, 24, 98, 96]",64,234,0.3032695949077606,0.343005508184433,0.03973591327667236
59,0,boundary_removal,random,18,26,"[139, 137, 59, 135, 0, 72, 86, 141, 100, 51, 124, 32, 15, 101, 43, 90, 16, 109, 99, 37, 116, 14, 131, 24, 80, 17]",64,234,0.3032695949077606,0.30897095799446106,0.0057013630867004395
59,0,boundary_removal,random,19,26,"[100, 82, 89, 83, 48, 141, 136, 66, 2, 138, 105, 90, 107, 130, 93, 73, 19, 47, 113, 22, 116, 125, 46, 117, 98, 112]",64,234,0.3032695949077606,0.2931445837020874,-0.010125011205673218
59,0,boundary_removal,random,20,26,"[86, 141, 55, 61, 82, 85, 10, 67, 66, 139, 103, 101, 132, 114, 20, 73, 126, 123, 40, 99, 22, 122, 46, 117, 21, 96]",64,234,0.3032695949077606,0.33602988719940186,0.032760292291641235
59,1,node_removal,target,0,22,"[0, 1, 2, 5, 6, 7, 8, 9, 12, 13, 14, 15, 16, 18, 20, 21, 48, 49, 56, 57, 58, 59]",42,156,0.3032695949077606,0.07105384021997452,-0.2322157546877861
59,1,node_removal,random,1,22,"[7, 58, 44, 42, 21, 4, 18, 8, 60, 57, 28, 23, 27, 52, 47, 50, 38, 53, 11, 49, 14, 9]",42,114,0.3032695949077606,0.2893083393573761,-0.013961255550384521
59,1,node_removal,random,2,22,"[43, 16, 26, 19, 39, 24, 63, 35, 27, 18, 15, 58, 20, 6, 13, 52, 38, 41, 40, 49, 14, 9]",42,120,0.3032695949077606,0.3906834125518799,0.08741381764411926
59,1,node_removal,random,3,22,"[20, 35, 43, 27, 57, 61, 44, 1, 58, 37, 42, 4, 26, 51, 17, 50, 5, 53, 10, 14, 49, 9]",42,120,0.3032695949077606,0.469168096780777,0.16589850187301636
59,1,node_removal,random,4,22,"[24, 63, 55, 37, 26, 60, 45, 56, 23, 4, 61, 62, 8, 52, 50, 47, 38, 6, 33, 14, 49, 9]",42,116,0.3032695949077606,0.4313638508319855,0.12809425592422485
59,1,node_removal,random,5,22,"[35, 8, 31, 21, 44, 7, 29, 45, 58, 16, 42, 37, 32, 47, 13, 38, 46, 50, 5, 14, 49, 9]",42,126,0.3032695949077606,0.3781834542751312,0.0749138593673706
59,1,node_removal,random,6,22,"[7, 45, 31, 8, 37, 29, 63, 56, 20, 32, 58, 61, 21, 11, 33, 53, 51, 52, 40, 49, 14, 9]",42,118,0.3032695949077606,0.5197793841362,0.21650978922843933
59,1,node_removal,random,7,22,"[3, 21, 4, 60, 34, 59, 23, 44, 56, 32, 55, 43, 18, 25, 46, 12, 30, 50, 6, 14, 49, 9]",42,106,0.3032695949077606,0.42732444405555725,0.12405484914779663
59,1,node_removal,random,8,22,"[7, 59, 63, 34, 43, 37, 24, 4, 3, 42, 57, 19, 29, 41, 40, 53, 5, 50, 52, 14, 49, 9]",42,114,0.3032695949077606,0.46869540214538574,0.16542580723762512
59,1,node_removal,random,9,22,"[26, 7, 29, 3, 23, 21, 62, 37, 63, 32, 58, 27, 59, 40, 33, 53, 38, 41, 47, 14, 49, 9]",42,120,0.3032695949077606,0.5381448268890381,0.23487523198127747
59,1,node_removal,random,10,22,"[45, 63, 35, 8, 24, 18, 15, 42, 31, 43, 28, 4, 60, 11, 41, 46, 25, 22, 47, 49, 14, 9]",42,110,0.3032695949077606,0.49118557572364807,0.18791598081588745
59,1,node_removal,random,11,22,"[59, 42, 62, 56, 18, 28, 55, 35, 26, 45, 8, 27, 16, 52, 54, 51, 30, 17, 5, 49, 14, 9]",42,114,0.3032695949077606,0.29769670963287354,-0.005572885274887085
59,1,node_removal,random,12,22,"[1, 29, 62, 39, 27, 43, 63, 32, 59, 3, 16, 4, 7, 30, 40, 50, 2, 5, 11, 14, 49, 9]",42,118,0.3032695949077606,0.272014856338501,-0.031254738569259644
59,1,node_removal,random,13,22,"[58, 37, 21, 16, 19, 26, 63, 8, 45, 24, 27, 57, 59, 30, 6, 52, 2, 53, 5, 14, 49, 9]",42,116,0.3032695949077606,0.13750065863132477,-0.16576893627643585
59,1,node_removal,random,14,22,"[1, 3, 62, 7, 58, 61, 55, 0, 35, 20, 18, 56, 39, 13, 46, 48, 38, 6, 33, 14, 49, 9]",42,116,0.3032695949077606,0.29405951499938965,-0.009210079908370972
59,1,node_removal,random,15,22,"[39, 32, 26, 37, 55, 59, 31, 20, 60, 63, 3, 29, 24, 10, 12, 54, 38, 25, 46, 14, 49, 9]",42,120,0.3032695949077606,0.6096312999725342,0.30636170506477356
59,1,node_removal,random,16,22,"[26, 56, 39, 0, 59, 44, 61, 32, 34, 4, 63, 16, 8, 25, 40, 33, 41, 51, 10, 49, 14, 9]",42,124,0.3032695949077606,0.42247986793518066,0.11921027302742004
59,1,node_removal,random,17,22,"[8, 35, 3, 56, 31, 20, 42, 55, 4, 28, 58, 60, 57, 22, 13, 5, 54, 40, 12, 14, 49, 9]",42,122,0.3032695949077606,0.256015807390213,-0.04725378751754761
59,1,node_removal,random,18,22,"[24, 0, 58, 56, 27, 36, 7, 19, 16, 4, 21, 43, 63, 54, 33, 6, 2, 51, 53, 49, 14, 9]",42,112,0.3032695949077606,0.1816251128911972,-0.12164448201656342
59,1,node_removal,random,19,22,"[42, 23, 15, 29, 57, 21, 20, 28, 0, 60, 32, 55, 35, 53, 52, 2, 25, 11, 10, 14, 49, 9]",42,118,0.3032695949077606,0.4398849904537201,0.13661539554595947
59,1,node_removal,random,20,22,"[55, 61, 63, 31, 23, 44, 34, 7, 16, 18, 58, 21, 0, 12, 38, 33, 40, 50, 13, 49, 14, 9]",42,112,0.3032695949077606,0.3566650152206421,0.05339542031288147
59,1,boundary_removal,target,0,29,"[7, 9, 13, 15, 28, 30, 32, 33, 40, 41, 42, 43, 44, 45, 48, 49, 50, 53, 54, 55, 95, 96, 98, 99, 116, 121, 122, 124, 139]",64,228,0.3032695949077606,0.4055767059326172,0.10230711102485657
59,1,boundary_removal,random,1,29,"[50, 59, 87, 136, 67, 48, 86, 82, 54, 103, 105, 60, 133, 13, 90, 43, 106, 129, 31, 108, 37, 113, 116, 30, 28, 115, 41, 18, 1]",64,228,0.3032695949077606,0.33870363235473633,0.03543403744697571
59,1,boundary_removal,random,2,29,"[140, 68, 70, 86, 61, 53, 52, 51, 71, 43, 4, 130, 97, 45, 13, 90, 36, 94, 47, 31, 22, 116, 37, 28, 30, 110, 117, 21, 112]",64,228,0.3032695949077606,0.3475903570652008,0.044320762157440186
59,1,boundary_removal,random,3,29,"[50, 44, 49, 10, 59, 27, 139, 83, 78, 32, 79, 105, 73, 36, 127, 103, 88, 33, 108, 19, 113, 40, 99, 28, 30, 63, 24, 21, 1]",64,228,0.3032695949077606,0.3461562395095825,0.0428866446018219
59,1,boundary_removal,random,4,29,"[136, 86, 61, 89, 140, 48, 68, 42, 56, 130, 12, 101, 124, 78, 132, 45, 20, 74, 31, 9, 99, 37, 40, 30, 28, 58, 24, 80, 1]",64,228,0.3032695949077606,0.3697679042816162,0.06649830937385559
59,1,boundary_removal,random,5,29,"[53, 66, 102, 140, 67, 136, 135, 76, 103, 106, 54, 43, 73, 111, 90, 132, 36, 120, 9, 126, 116, 99, 37, 28, 30, 46, 24, 92, 112]",64,228,0.3032695949077606,0.36788344383239746,0.06461384892463684
59,1,boundary_removal,random,6,29,"[66, 0, 100, 67, 76, 135, 42, 25, 34, 114, 36, 71, 7, 12, 43, 4, 77, 120, 95, 109, 116, 113, 99, 30, 28, 63, 41, 21, 1]",64,228,0.3032695949077606,0.34342074394226074,0.04015114903450012
59,1,boundary_removal,random,7,29,"[68, 84, 10, 65, 52, 100, 102, 72, 132, 124, 54, 97, 88, 62, 78, 101, 127, 19, 16, 81, 116, 37, 40, 30, 28, 14, 117, 98, 1]",64,228,0.3032695949077606,0.34021028876304626,0.036940693855285645
59,1,boundary_removal,random,8,29,"[76, 136, 52, 27, 139, 67, 66, 69, 103, 38, 12, 36, 34, 43, 15, 20, 101, 64, 95, 109, 116, 99, 37, 30, 28, 115, 24, 18, 96]",64,228,0.3032695949077606,0.3205805718898773,0.0173109769821167
59,1,boundary_removal,random,9,29,"[139, 135, 2, 84, 50, 69, 87, 42, 111, 132, 93, 4, 107, 12, 32, 60, 62, 126, 91, 16, 22, 37, 99, 30, 28, 131, 41, 98, 112]",64,228,0.3032695949077606,0.3300047516822815,0.026735156774520874
59,1,boundary_removal,random,10,29,"[102, 86, 42, 49, 104, 48, 67, 136, 60, 97, 43, 107, 45, 132, 54, 127, 105, 57, 19, 81, 40, 99, 37, 28, 30, 23, 41, 80, 17]",64,228,0.3032695949077606,0.3261890411376953,0.022919446229934692
59,1,boundary_removal,random,11,29,"[138, 136, 44, 135, 61, 49, 137, 55, 124, 32, 97, 93, 78, 56, 88, 43, 4, 74, 16, 19, 116, 40, 22, 28, 30, 131, 41, 18, 96]",64,228,0.3032695949077606,0.3149679899215698,0.011698395013809204
59,1,boundary_removal,random,12,29,"[27, 85, 72, 2, 138, 25, 69, 136, 121, 34, 73, 38, 103, 133, 13, 124, 77, 81, 33, 129, 40, 116, 99, 28, 30, 128, 41, 80, 17]",64,228,0.3032695949077606,0.33759215474128723,0.03432255983352661
59,1,boundary_removal,random,13,29,"[48, 65, 72, 27, 50, 67, 83, 70, 130, 7, 132, 106, 38, 107, 88, 71, 121, 74, 91, 57, 40, 113, 22, 30, 28, 128, 117, 80, 17]",64,228,0.3032695949077606,0.33496975898742676,0.03170016407966614
59,1,boundary_removal,random,14,29,"[142, 68, 69, 61, 85, 65, 10, 100, 45, 7, 127, 36, 107, 93, 54, 132, 106, 91, 33, 19, 113, 99, 22, 28, 30, 128, 117, 18, 112]",64,228,0.3032695949077606,0.34950974583625793,0.046240150928497314
59,1,boundary_removal,random,15,29,"[51, 140, 69, 72, 42, 10, 59, 135, 78, 60, 103, 4, 38, 101, 132, 90, 54, 35, 16, 94, 116, 99, 22, 28, 30, 128, 24, 98, 17]",64,228,0.3032695949077606,0.35664188861846924,0.05337229371070862
59,1,boundary_removal,random,16,29,"[61, 83, 142, 49, 137, 66, 67, 141, 4, 106, 111, 127, 15, 78, 121, 56, 62, 64, 19, 81, 116, 22, 40, 30, 28, 75, 41, 80, 17]",64,228,0.3032695949077606,0.31704381108283997,0.013774216175079346
59,1,boundary_removal,random,17,29,"[53, 141, 89, 66, 135, 25, 84, 139, 56, 36, 43, 97, 62, 130, 13, 4, 132, 95, 108, 109, 116, 22, 40, 28, 30, 46, 41, 21, 96]",64,228,0.3032695949077606,0.3266509771347046,0.02338138222694397
59,1,boundary_removal,random,18,29,"[100, 65, 142, 140, 102, 42, 83, 27, 15, 43, 88, 7, 20, 34, 45, 78, 106, 35, 33, 91, 99, 116, 113, 30, 28, 131, 41, 92, 1]",64,228,0.3032695949077606,0.358391672372818,0.05512207746505737
59,1,boundary_removal,random,19,29,"[2, 53, 135, 65, 138, 100, 50, 84, 13, 38, 124, 130, 127, 97, 105, 103, 77, 64, 31, 19, 22, 37, 113, 28, 30, 128, 119, 92, 1]",64,228,0.3032695949077606,0.314439058303833,0.011169463396072388
59,1,boundary_removal,random,20,29,"[76, 72, 141, 142, 52, 86, 139, 48, 101, 88, 36, 93, 106, 12, 121, 38, 130, 9, 108, 95, 22, 116, 37, 28, 30, 110, 119, 80, 1]",64,228,0.3032695949077606,0.3181418180465698,0.014872223138809204
59,2,node_removal,target,0,1,[4],63,278,0.3032695949077606,0.29886364936828613,-0.004405945539474487
59,2,node_removal,random,1,1,[1],63,278,0.3032695949077606,0.2958376705646515,-0.007431924343109131
59,2,node_removal,random,2,1,[3],63,278,0.3032695949077606,0.3116553723812103,0.008385777473449707
59,2,node_removal,random,3,1,[57],63,278,0.3032695949077606,0.30155742168426514,-0.0017121732234954834
59,2,node_removal,random,4,1,[58],63,278,0.3032695949077606,0.27920952439308167,-0.024060070514678955
59,2,node_removal,random,5,1,[61],63,278,0.3032695949077606,0.30027642846107483,-0.002993166446685791
59,2,node_removal,random,6,1,[44],63,278,0.3032695949077606,0.30656397342681885,0.0032943785190582275
59,2,node_removal,random,7,1,[58],63,278,0.3032695949077606,0.27920952439308167,-0.024060070514678955
59,2,node_removal,random,8,1,[23],63,278,0.3032695949077606,0.3230108320713043,0.0197412371635437
59,2,node_removal,random,9,1,[3],63,278,0.3032695949077606,0.3116553723812103,0.008385777473449707
59,2,node_removal,random,10,1,[29],63,278,0.3032695949077606,0.3072439730167389,0.0039743781089782715
59,2,node_removal,random,11,1,[15],63,278,0.3032695949077606,0.2945806086063385,-0.00868898630142212
59,2,node_removal,random,12,1,[45],63,278,0.3032695949077606,0.297437459230423,-0.0058321356773376465
59,2,node_removal,random,13,1,[26],63,278,0.3032695949077606,0.28522443771362305,-0.018045157194137573
59,2,node_removal,random,14,1,[60],63,278,0.3032695949077606,0.2683770954608917,-0.034892499446868896
59,2,node_removal,random,15,1,[39],63,278,0.3032695949077606,0.29840829968452454,-0.004861295223236084
59,2,node_removal,random,16,1,[1],63,278,0.3032695949077606,0.2958376705646515,-0.007431924343109131
59,2,node_removal,random,17,1,[4],63,278,0.3032695949077606,0.29886364936828613,-0.004405945539474487
59,2,node_removal,random,18,1,[19],63,278,0.3032695949077606,0.30432650446891785,0.0010569095611572266
59,2,node_removal,random,19,1,[62],63,278,0.3032695949077606,0.29982808232307434,-0.0034415125846862793
59,2,node_removal,random,20,1,[16],63,278,0.3032695949077606,0.2622480094432831,-0.04102158546447754
59,2,boundary_removal,target,0,4,"[10, 13, 14, 15]",64,278,0.3032695949077606,0.3091452419757843,0.005875647068023682
59,2,boundary_removal,random,1,4,"[55, 13, 34, 122]",64,278,0.3032695949077606,0.3069690465927124,0.0036994516849517822
59,2,boundary_removal,random,2,4,"[69, 107, 56, 115]",64,278,0.3032695949077606,0.30157238245010376,-0.0016972124576568604
59,2,boundary_removal,random,3,4,"[86, 43, 13, 75]",64,278,0.3032695949077606,0.30308935046195984,-0.00018024444580078125
59,2,boundary_removal,random,4,4,"[136, 132, 90, 125]",64,278,0.3032695949077606,0.302150696516037,-0.0011188983917236328
59,2,boundary_removal,random,5,4,"[89, 77, 20, 75]",64,278,0.3032695949077606,0.2985107898712158,-0.0047588050365448
59,2,boundary_removal,random,6,4,"[48, 71, 133, 125]",64,278,0.3032695949077606,0.306206613779068,0.002937018871307373
59,2,boundary_removal,random,7,4,"[70, 114, 103, 63]",64,278,0.3032695949077606,0.30685389041900635,0.0035842955112457275
59,2,boundary_removal,random,8,4,"[27, 124, 121, 75]",64,278,0.3032695949077606,0.29894596338272095,-0.004323631525039673
59,2,boundary_removal,random,9,4,"[2, 90, 4, 131]",64,278,0.3032695949077606,0.29978492856025696,-0.003484666347503662
59,2,boundary_removal,random,10,4,"[82, 54, 124, 122]",64,278,0.3032695949077606,0.31678763031959534,0.013518035411834717
59,2,boundary_removal,random,11,4,"[87, 78, 88, 125]",64,278,0.3032695949077606,0.3086870312690735,0.005417436361312866
59,2,boundary_removal,random,12,4,"[53, 15, 13, 63]",64,278,0.3032695949077606,0.3167975842952728,0.013527989387512207
59,2,boundary_removal,random,13,4,"[51, 106, 4, 122]",64,278,0.3032695949077606,0.30388668179512024,0.0006170868873596191
59,2,boundary_removal,random,14,4,"[52, 71, 114, 23]",64,278,0.3032695949077606,0.3046967685222626,0.0014271736145019531
59,2,boundary_removal,random,15,4,"[61, 54, 127, 23]",64,278,0.3032695949077606,0.31243494153022766,0.009165346622467041
59,2,boundary_removal,random,16,4,"[55, 32, 79, 122]",64,278,0.3032695949077606,0.3094494044780731,0.0061798095703125
59,2,boundary_removal,random,17,4,"[50, 45, 133, 134]",64,278,0.3032695949077606,0.30265042185783386,-0.0006191730499267578
59,2,boundary_removal,random,18,4,"[87, 15, 114, 134]",64,278,0.3032695949077606,0.3066273629665375,0.0033577680587768555
59,2,boundary_removal,random,19,4,"[25, 106, 38, 125]",64,278,0.3032695949077606,0.29744067788124084,-0.005828917026519775
59,2,boundary_removal,random,20,4,"[52, 73, 121, 58]",64,278,0.3032695949077606,0.3053310215473175,0.0020614266395568848
59,4,node_removal,target,0,6,"[3, 10, 11, 17, 24, 61]",58,240,0.3032695949077606,0.3263126611709595,0.023043066263198853
59,4,node_removal,random,1,6,"[63, 7, 29, 33, 2, 12]",58,232,0.3032695949077606,0.35057011246681213,0.047300517559051514
59,4,node_removal,random,2,6,"[1, 42, 32, 2, 5, 50]",58,236,0.3032695949077606,0.23805026710033417,-0.06521932780742645
59,4,node_removal,random,3,6,"[27, 21, 39, 22, 46, 17]",58,234,0.3032695949077606,0.29483747482299805,-0.008432120084762573
59,4,node_removal,random,4,6,"[34, 7, 60, 11, 52, 54]",58,234,0.3032695949077606,0.2822514474391937,-0.021018147468566895
59,4,node_removal,random,5,6,"[42, 23, 39, 38, 11, 17]",58,234,0.3032695949077606,0.33923181891441345,0.03596222400665283
59,4,node_removal,random,6,6,"[35, 24, 59, 6, 46, 5]",58,234,0.3032695949077606,0.20768404006958008,-0.09558555483818054
59,4,node_removal,random,7,6,"[8, 20, 19, 6, 41, 22]",58,234,0.3032695949077606,0.29913732409477234,-0.004132270812988281
59,4,node_removal,random,8,6,"[31, 18, 58, 12, 54, 11]",58,234,0.3032695949077606,0.2792370617389679,-0.024032533168792725
59,4,node_removal,random,9,6,"[34, 20, 28, 13, 51, 11]",58,234,0.3032695949077606,0.3464789390563965,0.043209344148635864
59,4,node_removal,random,10,6,"[21, 7, 18, 48, 52, 25]",58,232,0.3032695949077606,0.28521475195884705,-0.018054842948913574
59,4,node_removal,random,11,6,"[61, 24, 29, 51, 2, 52]",58,236,0.3032695949077606,0.3881692886352539,0.08489969372749329
59,4,node_removal,random,12,6,"[55, 42, 26, 41, 53, 51]",58,234,0.3032695949077606,0.3820830285549164,0.07881343364715576
59,4,node_removal,random,13,6,"[60, 62, 42, 11, 2, 48]",58,232,0.3032695949077606,0.24874158203601837,-0.05452801287174225
59,4,node_removal,random,14,6,"[27, 29, 20, 41, 13, 10]",58,232,0.3032695949077606,0.3756397068500519,0.07237011194229126
59,4,node_removal,random,15,6,"[24, 36, 32, 13, 12, 50]",58,236,0.3032695949077606,0.35650983452796936,0.05324023962020874
59,4,node_removal,random,16,6,"[32, 1, 27, 6, 13, 38]",58,234,0.3032695949077606,0.2861190736293793,-0.017150521278381348
59,4,node_removal,random,17,6,"[35, 32, 44, 48, 6, 52]",58,234,0.3032695949077606,0.3691684305667877,0.0658988356590271
59,4,node_removal,random,18,6,"[55, 63, 56, 50, 46, 6]",58,236,0.3032695949077606,0.30026522278785706,-0.0030043721199035645
59,4,node_removal,random,19,6,"[24, 58, 19, 22, 47, 10]",58,232,0.3032695949077606,0.3796461820602417,0.07637658715248108
59,4,node_removal,random,20,6,"[56, 62, 7, 38, 50, 30]",58,234,0.3032695949077606,0.3793077766895294,0.0760381817817688
59,4,boundary_removal,target,0,19,"[7, 9, 10, 14, 28, 30, 32, 33, 34, 43, 44, 45, 47, 60, 61, 128, 130, 140, 141]",64,248,0.3032695949077606,0.35735610127449036,0.054086506366729736
59,4,boundary_removal,random,1,19,"[70, 0, 138, 67, 68, 88, 127, 32, 60, 133, 107, 105, 9, 126, 47, 30, 28, 131, 122]",64,248,0.3032695949077606,0.3303603231906891,0.027090728282928467
59,4,boundary_removal,random,2,19,"[100, 140, 76, 136, 70, 106, 114, 90, 45, 105, 133, 12, 35, 64, 95, 28, 30, 122, 58]",64,248,0.3032695949077606,0.3199288547039032,0.016659259796142578
59,4,boundary_removal,random,3,19,"[69, 65, 137, 0, 140, 71, 12, 38, 107, 43, 132, 20, 129, 126, 123, 28, 30, 125, 75]",64,248,0.3032695949077606,0.3164042532444,0.013134658336639404
59,4,boundary_removal,random,4,19,"[53, 52, 0, 137, 136, 71, 88, 34, 60, 127, 62, 43, 35, 129, 108, 30, 28, 14, 131]",64,248,0.3032695949077606,0.3229203522205353,0.019650757312774658
59,4,boundary_removal,random,5,19,"[69, 100, 70, 138, 25, 54, 36, 127, 7, 71, 4, 106, 95, 9, 81, 30, 28, 14, 75]",64,248,0.3032695949077606,0.34351634979248047,0.04024675488471985
59,4,boundary_removal,random,6,19,"[68, 50, 142, 140, 10, 7, 4, 121, 101, 60, 127, 13, 123, 95, 108, 28, 30, 63, 110]",64,248,0.3032695949077606,0.3646125793457031,0.061342984437942505
59,4,boundary_removal,random,7,19,"[52, 0, 102, 138, 82, 38, 93, 101, 106, 54, 133, 79, 95, 57, 123, 28, 30, 115, 11]",64,248,0.3032695949077606,0.3310125768184662,0.027742981910705566
59,4,boundary_removal,random,8,19,"[59, 100, 83, 68, 10, 106, 114, 105, 13, 73, 90, 54, 95, 91, 47, 30, 28, 14, 23]",64,248,0.3032695949077606,0.32164785265922546,0.018378257751464844
59,4,boundary_removal,random,9,19,"[65, 68, 0, 100, 53, 107, 45, 4, 13, 121, 101, 133, 64, 94, 57, 28, 30, 128, 122]",64,248,0.3032695949077606,0.33092471957206726,0.02765512466430664
59,4,boundary_removal,random,10,19,"[10, 50, 87, 27, 136, 12, 127, 93, 97, 111, 77, 114, 31, 91, 33, 30, 28, 115, 11]",64,248,0.3032695949077606,0.3214806616306305,0.018211066722869873
59,4,boundary_removal,random,11,19,"[0, 139, 68, 137, 83, 106, 124, 107, 132, 60, 105, 13, 120, 109, 81, 28, 30, 14, 23]",64,248,0.3032695949077606,0.31559479236602783,0.012325197458267212
59,4,boundary_removal,random,12,19,"[138, 0, 135, 139, 65, 56, 79, 132, 4, 101, 13, 78, 47, 123, 109, 28, 30, 11, 134]",64,248,0.3032695949077606,0.32272982597351074,0.019460231065750122
59,4,boundary_removal,random,13,19,"[48, 2, 50, 89, 84, 105, 73, 97, 15, 103, 38, 114, 81, 33, 94, 30, 28, 23, 122]",64,248,0.3032695949077606,0.31977495551109314,0.01650536060333252
59,4,boundary_removal,random,14,19,"[137, 53, 102, 104, 87, 54, 38, 12, 62, 93, 36, 79, 108, 120, 91, 30, 28, 115, 122]",64,248,0.3032695949077606,0.32640931010246277,0.02313971519470215
59,4,boundary_removal,random,15,19,"[136, 65, 42, 141, 66, 77, 4, 78, 101, 60, 114, 79, 33, 9, 120, 28, 30, 110, 131]",64,248,0.3032695949077606,0.33452221751213074,0.03125262260437012
59,4,boundary_removal,random,16,19,"[53, 68, 65, 10, 86, 36, 13, 79, 90, 107, 78, 20, 123, 129, 57, 30, 28, 75, 14]",64,248,0.3032695949077606,0.34260866045951843,0.03933906555175781
59,4,boundary_removal,random,17,19,"[48, 65, 86, 85, 52, 38, 121, 88, 105, 130, 13, 71, 126, 108, 74, 30, 28, 11, 23]",64,248,0.3032695949077606,0.32972434163093567,0.02645474672317505
59,4,boundary_removal,random,18,19,"[136, 49, 100, 86, 87, 62, 56, 106, 78, 13, 73, 88, 94, 9, 108, 28, 30, 110, 14]",64,248,0.3032695949077606,0.32434141635894775,0.021071821451187134
59,4,boundary_removal,random,19,19,"[102, 82, 89, 49, 66, 88, 79, 132, 103, 7, 20, 101, 57, 95, 16, 28, 30, 14, 58]",64,248,0.3032695949077606,0.32725659012794495,0.023986995220184326
59,4,boundary_removal,random,20,19,"[140, 51, 44, 100, 83, 78, 43, 45, 105, 34, 60, 7, 108, 19, 47, 28, 30, 58, 134]",64,248,0.3032695949077606,0.3353163003921509,0.03204670548439026
7,2,node_removal,target,0,43,"[0, 1, 2, 3, 4, 5, 8, 9, 10, 11, 12, 13, 16, 17, 19, 20, 21, 24, 25, 26, 27, 28, 29, 32, 33, 35, 36, 39, 40, 41, 42, 43, 44, 47, 50, 51, 55, 57, 58, 59, 60, 62, 63]",21,56,0.9586896896362305,0.9979907870292664,-0.03930109739303589
7,2,node_removal,random,1,43,"[7, 42, 4, 29, 32, 19, 24, 20, 44, 1, 8, 26, 36, 39, 23, 0, 55, 57, 21, 45, 34, 60, 27, 61, 35, 15, 62, 43, 52, 17, 54, 50, 5, 53, 12, 40, 30, 25, 51, 13, 41, 33, 9]",21,38,0.9586896896362305,0.9661845564842224,-0.007494866847991943
7,2,node_removal,random,2,43,"[58, 3, 20, 45, 43, 62, 44, 8, 27, 15, 35, 0, 29, 26, 63, 37, 36, 34, 42, 32, 56, 55, 19, 7, 60, 28, 4, 39, 10, 48, 25, 47, 30, 46, 33, 22, 13, 41, 5, 53, 2, 38, 9]",21,30,0.9586896896362305,0.9889901280403137,-0.030300438404083252
7,2,node_removal,random,3,43,"[29, 4, 55, 0, 20, 61, 45, 18, 35, 3, 26, 62, 36, 16, 44, 23, 24, 32, 31, 63, 58, 43, 28, 7, 59, 37, 39, 27, 11, 48, 25, 6, 53, 13, 12, 52, 30, 51, 5, 38, 41, 2, 9]",21,30,0.9586896896362305,0.9791708588600159,-0.0204811692237854
7,2,node_removal,random,4,43,"[34, 19, 16, 18, 63, 28, 23, 57, 37, 61, 35, 58, 3, 15, 4, 62, 21, 7, 8, 36, 24, 29, 60, 45, 59, 39, 56, 42, 54, 5, 11, 41, 25, 46, 47, 6, 38, 33, 50, 53, 10, 22, 9]",21,30,0.9586896896362305,0.880043089389801,0.07864660024642944
7,2,node_removal,random,5,43,"[37, 45, 19, 0, 32, 23, 59, 39, 28, 43, 58, 21, 57, 36, 20, 24, 7, 60, 3, 29, 26, 61, 62, 63, 42, 27, 18, 44, 22, 53, 13, 2, 38, 47, 41, 54, 40, 11, 51, 33, 50, 30, 9]",21,32,0.9586896896362305,0.9344843029975891,0.024205386638641357
7,2,node_removal,random,6,43,"[21, 28, 56, 15, 27, 4, 19, 16, 60, 26, 35, 62, 0, 55, 31, 24, 7, 23, 45, 8, 57, 36, 39, 63, 20, 59, 18, 29, 11, 13, 41, 46, 5, 53, 10, 50, 48, 40, 51, 38, 47, 22, 9]",21,28,0.9586896896362305,0.9856767058372498,-0.026987016201019287
7,2,node_removal,random,7,43,"[8, 45, 44, 35, 24, 23, 57, 39, 56, 36, 4, 18, 32, 59, 16, 62, 26, 27, 19, 43, 3, 15, 58, 37, 7, 55, 61, 34, 30, 51, 54, 11, 6, 50, 17, 2, 25, 13, 52, 38, 47, 41, 9]",21,26,0.9586896896362305,0.7461805939674377,0.21250909566879272
7,2,node_removal,random,8,43,"[24, 43, 21, 32, 59, 42, 35, 1, 4, 16, 27, 20, 28, 19, 62, 37, 3, 61, 45, 34, 0, 15, 18, 57, 7, 44, 29, 26, 41, 12, 48, 47, 54, 22, 52, 46, 51, 33, 13, 30, 40, 11, 9]",21,26,0.9586896896362305,0.8787829279899597,0.07990676164627075
7,2,node_removal,random,9,43,"[4, 24, 16, 35, 20, 63, 1, 29, 31, 57, 56, 60, 43, 42, 3, 23, 36, 39, 28, 45, 26, 19, 61, 55, 34, 7, 37, 44, 25, 53, 13, 54, 47, 40, 33, 51, 38, 10, 46, 12, 11, 17, 9]",21,34,0.9586896896362305,0.9700253009796143,-0.011335611343383789
7,2,node_removal,random,10,43,"[57, 62, 63, 18, 8, 31, 28, 24, 37, 44, 29, 43, 42, 59, 36, 58, 21, 20, 23, 39, 15, 3, 4, 27, 16, 45, 61, 35, 54, 12, 11, 46, 25, 5, 6, 17, 10, 2, 30, 38, 52, 33, 9]",21,36,0.9586896896362305,0.9220929145812988,0.03659677505493164
7,2,node_removal,random,11,43,"[8, 35, 43, 15, 19, 23, 34, 4, 1, 20, 39, 18, 3, 0, 44, 32, 62, 24, 29, 16, 45, 26, 63, 21, 55, 28, 57, 31, 25, 41, 50, 40, 22, 33, 46, 38, 48, 12, 30, 17, 2, 10, 9]",21,44,0.9586896896362305,0.9434375166893005,0.015252172946929932
7,2,node_removal,random,12,43,"[4, 19, 26, 35, 55, 56, 21, 61, 20, 37, 63, 7, 39, 42, 3, 44, 60, 58, 18, 34, 57, 27, 62, 23, 15, 31, 32, 24, 12, 53, 41, 38, 46, 54, 2, 48, 17, 13, 30, 5, 33, 22, 9]",21,28,0.9586896896362305,0.9189205765724182,0.039769113063812256
7,2,node_removal,random,13,43,"[26, 45, 18, 29, 56, 16, 59, 4, 63, 19, 57, 62, 7, 3, 0, 37, 43, 15, 60, 35, 31, 28, 32, 27, 21, 23, 42, 39, 17, 54, 38, 5, 30, 22, 48, 10, 46, 47, 50, 2, 52, 25, 9]",21,30,0.9586896896362305,0.9286832213401794,0.030006468296051025
7,2,node_removal,random,14,43,"[36, 15, 60, 20, 59, 55, 34, 4, 37, 62, 18, 45, 26, 58, 16, 8, 7, 43, 1, 44, 23, 28, 3, 35, 42, 19, 63, 0, 10, 46, 54, 33, 5, 41, 25, 50, 48, 2, 53, 13, 38, 11, 9]",21,40,0.9586896896362305,0.8688259124755859,0.08986377716064453
7,2,node_removal,random,15,43,"[7, 8, 60, 37, 4, 3, 28, 35, 29, 21, 39, 19, 15, 59, 56, 27, 36, 43, 18, 55, 62, 45, 24, 20, 63, 0, 23, 31, 41, 48, 33, 10, 54, 46, 13, 47, 52, 53, 5, 38, 12, 6, 9]",21,34,0.9586896896362305,0.9674978256225586,-0.008808135986328125
7,2,node_removal,random,16,43,"[42, 63, 55, 19, 16, 20, 26, 44, 29, 18, 36, 0, 24, 8, 43, 61, 59, 31, 15, 62, 57, 7, 56, 34, 21, 23, 45, 37, 22, 6, 12, 40, 50, 10, 52, 53, 13, 51, 54, 33, 48, 46, 9]",21,34,0.9586896896362305,0.8329336047172546,0.12575608491897583
7,2,node_removal,random,17,43,"[44, 28, 45, 19, 26, 27, 62, 34, 63, 57, 36, 29, 8, 43, 20, 35, 1, 3, 16, 55, 15, 39, 32, 0, 59, 56, 7, 4, 17, 2, 22, 50, 52, 40, 38, 12, 25, 41, 33, 10, 11, 13, 9]",21,26,0.9586896896362305,0.9861204028129578,-0.027430713176727295
7,2,node_removal,random,18,43,"[4, 7, 28, 57, 35, 16, 20, 1, 45, 60, 58, 27, 3, 29, 32, 23, 18, 55, 42, 63, 62, 34, 0, 44, 56, 61, 19, 39, 33, 40, 54, 41, 6, 12, 48, 50, 10, 5, 51, 22, 2, 13, 9]",21,26,0.9586896896362305,0.996805727481842,-0.03811603784561157
7,2,node_removal,random,19,43,"[31, 27, 37, 43, 4, 62, 23, 21, 32, 61, 18, 19, 16, 28, 55, 3, 39, 56, 7, 60, 26, 1, 59, 24, 57, 20, 15, 35, 22, 25, 50, 2, 47, 12, 46, 40, 11, 48, 30, 17, 54, 13, 9]",21,30,0.9586896896362305,0.9243747591972351,0.03431493043899536
7,2,node_removal,random,20,43,"[56, 63, 31, 60, 62, 43, 39, 34, 36, 59, 42, 1, 24, 19, 20, 44, 15, 29, 27, 18, 3, 7, 16, 61, 32, 26, 4, 55, 48, 53, 52, 38, 33, 30, 50, 41, 54, 2, 51, 6, 17, 5, 9]",21,32,0.9586896896362305,0.9831311106681824,-0.024441421031951904
7,2,boundary_removal,target,0,41,"[16, 17, 21, 32, 37, 45, 48, 49, 54, 66, 71, 72, 75, 76, 79, 82, 83, 86, 90, 92, 95, 96, 98, 99, 104, 105, 108, 110, 115, 116, 118, 119, 123, 127, 131, 132, 133, 134, 136, 140, 141]",64,204,0.9586896896362305,0.9342987537384033,0.02439093589782715
7,2,boundary_removal,random,1,41,"[138, 52, 89, 76, 61, 82, 140, 25, 10, 51, 55, 86, 43, 121, 60, 93, 78, 105, 15, 106, 4, 20, 39, 109, 35, 95, 108, 116, 37, 40, 58, 134, 63, 110, 131, 41, 18, 80, 21, 17, 112]",64,204,0.9586896896362305,0.9368043541908264,0.021885335445404053
7,2,boundary_removal,random,2,41,"[55, 100, 49, 61, 138, 104, 67, 65, 141, 0, 50, 140, 54, 73, 4, 133, 93, 124, 62, 127, 121, 15, 118, 95, 126, 33, 94, 113, 116, 40, 128, 134, 14, 58, 46, 117, 21, 18, 80, 112, 17]",64,204,0.9586896896362305,0.9473841190338135,0.011305570602416992
7,2,boundary_removal,random,3,41,"[25, 69, 87, 44, 49, 61, 104, 53, 65, 67, 138, 139, 101, 106, 7, 93, 111, 130, 15, 71, 56, 133, 118, 57, 91, 19, 94, 113, 99, 37, 131, 63, 122, 75, 23, 24, 92, 80, 21, 1, 112]",64,204,0.9586896896362305,0.9472339749336243,0.011455714702606201
7,2,boundary_removal,random,4,41,"[85, 70, 68, 52, 136, 102, 139, 42, 137, 140, 50, 49, 73, 106, 88, 130, 7, 56, 4, 54, 103, 32, 118, 94, 126, 33, 31, 113, 22, 37, 125, 11, 134, 58, 110, 24, 80, 98, 21, 112, 96]",64,204,0.9586896896362305,0.9491719603538513,0.00951772928237915
7,2,boundary_removal,random,5,41,"[59, 72, 142, 55, 89, 85, 50, 61, 25, 52, 66, 137, 90, 121, 56, 88, 7, 130, 103, 32, 93, 114, 39, 129, 31, 126, 74, 99, 116, 22, 131, 125, 75, 58, 63, 119, 92, 80, 18, 17, 96]",64,204,0.9586896896362305,0.9495746493339539,0.009115040302276611
7,2,boundary_removal,random,6,41,"[102, 69, 141, 0, 55, 140, 100, 67, 50, 51, 76, 137, 36, 62, 45, 107, 32, 54, 124, 71, 13, 88, 39, 129, 123, 57, 47, 22, 116, 37, 75, 115, 125, 110, 11, 24, 18, 21, 92, 112, 96]",64,204,0.9586896896362305,0.9476768970489502,0.011012792587280273
7,2,boundary_removal,random,7,41,"[67, 50, 10, 135, 136, 76, 87, 141, 53, 68, 89, 2, 90, 107, 12, 121, 132, 79, 130, 106, 127, 4, 39, 120, 64, 35, 16, 113, 37, 99, 75, 63, 122, 131, 125, 119, 80, 98, 18, 96, 1]",64,204,0.9586896896362305,0.9506925940513611,0.007997095584869385
7,2,boundary_removal,random,8,41,"[76, 102, 68, 66, 65, 100, 51, 137, 140, 89, 86, 85, 32, 60, 62, 43, 132, 90, 13, 124, 111, 56, 118, 31, 91, 108, 126, 22, 116, 40, 134, 128, 23, 63, 131, 41, 21, 98, 80, 112, 1]",64,204,0.9586896896362305,0.934347927570343,0.02434176206588745
7,2,boundary_removal,random,9,41,"[2, 42, 0, 100, 84, 70, 141, 52, 44, 135, 55, 142, 103, 114, 79, 90, 60, 7, 15, 38, 54, 45, 118, 64, 31, 91, 95, 37, 99, 22, 58, 11, 122, 115, 23, 41, 21, 18, 80, 17, 112]",64,204,0.9586896896362305,0.9512251019477844,0.007464587688446045
7,2,boundary_removal,random,10,41,"[50, 86, 67, 138, 44, 70, 83, 48, 51, 135, 82, 141, 77, 34, 12, 132, 124, 13, 7, 130, 15, 97, 39, 81, 64, 9, 74, 37, 40, 116, 122, 134, 23, 131, 115, 24, 98, 80, 21, 112, 96]",64,204,0.9586896896362305,0.9333892464637756,0.025300443172454834
7,2,boundary_removal,random,11,41,"[0, 86, 140, 49, 25, 59, 83, 50, 82, 135, 89, 138, 32, 78, 62, 93, 45, 90, 101, 130, 132, 12, 118, 9, 47, 31, 16, 116, 37, 40, 134, 46, 122, 128, 125, 119, 18, 80, 92, 96, 1]",64,204,0.9586896896362305,0.9358530044555664,0.022836685180664062
7,2,boundary_removal,random,12,41,"[66, 89, 140, 82, 86, 84, 61, 87, 83, 85, 59, 69, 105, 62, 103, 101, 79, 20, 60, 45, 77, 106, 39, 95, 31, 120, 33, 40, 37, 116, 115, 46, 58, 128, 75, 119, 18, 21, 80, 96, 17]",64,204,0.9586896896362305,0.9477307796478271,0.01095890998840332
7,2,boundary_removal,random,13,41,"[10, 55, 102, 139, 49, 69, 104, 2, 44, 138, 82, 140, 114, 121, 130, 103, 127, 60, 124, 56, 105, 20, 39, 123, 35, 120, 81, 99, 22, 113, 115, 134, 125, 128, 58, 24, 80, 92, 98, 112, 96]",64,204,0.9586896896362305,0.942441463470459,0.016248226165771484
7,2,boundary_removal,random,14,41,"[69, 72, 55, 137, 67, 136, 141, 86, 2, 27, 70, 76, 13, 97, 105, 107, 45, 124, 103, 101, 77, 133, 118, 31, 120, 126, 16, 22, 113, 37, 110, 11, 14, 125, 23, 119, 18, 80, 21, 1, 112]",64,204,0.9586896896362305,0.9490688443183899,0.009620845317840576
7,2,boundary_removal,random,15,41,"[10, 138, 83, 0, 76, 44, 104, 61, 66, 51, 42, 65, 43, 130, 12, 132, 60, 73, 121, 38, 15, 7, 118, 64, 95, 91, 123, 116, 22, 99, 63, 58, 115, 23, 14, 117, 80, 18, 98, 112, 1]",64,204,0.9586896896362305,0.936749279499054,0.021940410137176514
7,2,boundary_removal,random,16,41,"[69, 135, 141, 140, 66, 100, 0, 25, 102, 89, 139, 55, 101, 90, 45, 93, 78, 15, 127, 103, 132, 133, 39, 31, 108, 57, 9, 37, 40, 113, 131, 110, 46, 128, 134, 117, 21, 80, 98, 17, 112]",64,204,0.9586896896362305,0.9504193663597107,0.008270323276519775
7,2,boundary_removal,random,17,41,"[72, 85, 86, 139, 69, 53, 89, 68, 52, 25, 83, 138, 130, 77, 7, 121, 114, 54, 127, 32, 45, 60, 39, 64, 109, 74, 57, 37, 22, 99, 63, 128, 46, 131, 110, 41, 18, 98, 80, 96, 17]",64,204,0.9586896896362305,0.9438511729240417,0.01483851671218872
7,2,boundary_removal,random,18,41,"[89, 138, 42, 59, 100, 0, 27, 84, 67, 50, 140, 139, 107, 78, 130, 79, 103, 101, 32, 7, 93, 38, 39, 129, 81, 33, 74, 113, 37, 40, 110, 63, 122, 75, 134, 117, 98, 21, 18, 96, 1]",64,204,0.9586896896362305,0.9487330913543701,0.009956598281860352
7,2,boundary_removal,random,19,41,"[50, 82, 85, 86, 2, 104, 84, 10, 68, 53, 137, 42, 62, 106, 56, 45, 54, 111, 78, 101, 43, 107, 39, 123, 57, 120, 91, 22, 37, 40, 46, 14, 134, 122, 75, 119, 18, 92, 98, 96, 1]",64,204,0.9586896896362305,0.9359562397003174,0.022733449935913086
7,2,boundary_removal,random,20,41,"[53, 10, 49, 67, 137, 141, 87, 44, 85, 100, 42, 52, 111, 97, 34, 77, 13, 7, 101, 36, 54, 93, 118, 64, 109, 94, 57, 22, 99, 113, 122, 128, 75, 134, 125, 117, 80, 18, 98, 112, 1]",64,204,0.9586896896362305,0.9585841298103333,0.0001055598258972168
7,3,node_removal,target,0,18,"[6, 7, 14, 15, 18, 22, 23, 30, 31, 34, 37, 38, 45, 46, 52, 53, 54, 61]",46,172,0.9586896896362305,0.7093237042427063,0.24936598539352417
7,3,node_removal,random,1,18,"[24, 56, 60, 4, 35, 62, 57, 58, 20, 52, 2, 5, 17, 48, 50, 46, 6, 49]",46,150,0.9586896896362305,0.9712318778038025,-0.012542188167572021
7,3,node_removal,random,2,18,"[58, 35, 62, 39, 56, 61, 42, 34, 20, 33, 41, 38, 53, 2, 10, 25, 54, 14]",46,148,0.9586896896362305,0.9079453945159912,0.05074429512023926
7,3,node_removal,random,3,18,"[16, 20, 60, 61, 24, 37, 31, 1, 18, 13, 48, 33, 38, 46, 25, 30, 11, 49]",46,140,0.9586896896362305,0.846246063709259,0.11244362592697144
7,3,node_removal,random,4,18,"[23, 8, 43, 27, 21, 39, 29, 28, 26, 51, 25, 30, 22, 52, 11, 50, 6, 14]",46,154,0.9586896896362305,0.9506511092185974,0.008038580417633057
7,3,node_removal,random,5,18,"[36, 29, 27, 57, 26, 20, 55, 28, 8, 10, 50, 51, 33, 13, 52, 40, 53, 49]",46,144,0.9586896896362305,0.9655984044075012,-0.006908714771270752
7,3,node_removal,random,6,18,"[3, 8, 0, 7, 45, 20, 62, 57, 43, 51, 25, 11, 38, 53, 46, 33, 40, 14]",46,142,0.9586896896362305,0.9041743278503418,0.05451536178588867
7,3,node_removal,random,7,18,"[62, 24, 3, 42, 63, 28, 31, 15, 45, 50, 6, 17, 52, 25, 13, 41, 30, 49]",46,144,0.9586896896362305,0.9571933150291443,0.0014963746070861816
7,3,node_removal,random,8,18,"[1, 16, 59, 23, 28, 35, 44, 57, 21, 38, 54, 25, 46, 17, 53, 13, 22, 49]",46,140,0.9586896896362305,0.8871081471443176,0.07158154249191284
7,3,node_removal,random,9,18,"[61, 29, 28, 16, 58, 32, 4, 39, 57, 12, 5, 33, 51, 38, 10, 6, 22, 49]",46,142,0.9586896896362305,0.9774910807609558,-0.018801391124725342
7,3,node_removal,random,10,18,"[42, 8, 31, 27, 19, 55, 24, 28, 20, 50, 53, 33, 30, 40, 48, 41, 13, 14]",46,148,0.9586896896362305,0.9536263346672058,0.005063354969024658
7,3,node_removal,random,11,18,"[42, 29, 24, 34, 26, 60, 37, 44, 7, 51, 47, 52, 11, 33, 5, 2, 22, 49]",46,140,0.9586896896362305,0.9451322555541992,0.01355743408203125
7,3,node_removal,random,12,18,"[43, 23, 34, 63, 58, 36, 39, 18, 32, 41, 47, 25, 53, 54, 6, 38, 30, 49]",46,144,0.9586896896362305,0.9210250973701477,0.037664592266082764
7,3,node_removal,random,13,18,"[24, 37, 45, 7, 15, 43, 26, 20, 16, 53, 51, 41, 17, 38, 54, 33, 2, 49]",46,144,0.9586896896362305,0.8567202687263489,0.10196942090988159
7,3,node_removal,random,14,18,"[19, 29, 28, 58, 32, 18, 31, 8, 27, 17, 6, 52, 33, 2, 50, 5, 40, 14]",46,144,0.9586896896362305,0.9411807060241699,0.017508983612060547
7,3,node_removal,random,15,18,"[36, 63, 31, 59, 61, 15, 19, 35, 34, 12, 46, 53, 10, 25, 41, 6, 40, 49]",46,134,0.9586896896362305,0.8795490264892578,0.07914066314697266
7,3,node_removal,random,16,18,"[15, 34, 39, 24, 19, 56, 29, 16, 4, 22, 10, 40, 47, 41, 5, 48, 25, 14]",46,144,0.9586896896362305,0.9518001675605774,0.006889522075653076
7,3,node_removal,random,17,18,"[29, 27, 35, 0, 7, 42, 59, 62, 45, 2, 30, 17, 53, 33, 6, 46, 11, 49]",46,136,0.9586896896362305,0.9456122517585754,0.01307743787765503
7,3,node_removal,random,18,18,"[1, 42, 29, 18, 23, 34, 16, 60, 35, 40, 2, 33, 12, 54, 10, 22, 51, 14]",46,144,0.9586896896362305,0.9105513691902161,0.048138320446014404
7,3,node_removal,random,19,18,"[35, 28, 39, 56, 59, 34, 29, 36, 43, 47, 54, 50, 5, 13, 46, 17, 25, 49]",46,148,0.9586896896362305,0.9541413187980652,0.004548370838165283
7,3,node_removal,random,20,18,"[18, 20, 4, 42, 61, 57, 59, 35, 56, 40, 6, 5, 47, 54, 50, 12, 46, 14]",46,146,0.9586896896362305,0.952168881893158,0.00652080774307251
7,3,boundary_removal,target,0,32,"[16, 17, 21, 32, 37, 45, 48, 49, 54, 66, 71, 72, 75, 76, 79, 82, 83, 86, 90, 92, 104, 105, 108, 110, 123, 127, 131, 132, 133, 134, 140, 141]",64,222,0.9586896896362305,0.9389399886131287,0.019749701023101807
7,3,boundary_removal,random,1,32,"[69, 10, 0, 42, 72, 70, 51, 137, 55, 141, 85, 93, 97, 79, 36, 4, 54, 132, 34, 114, 77, 120, 108, 109, 37, 75, 46, 110, 125, 98, 80, 17]",64,222,0.9586896896362305,0.9552273750305176,0.0034623146057128906
7,3,boundary_removal,random,2,32,"[51, 50, 65, 72, 137, 142, 82, 135, 100, 139, 83, 127, 54, 45, 133, 121, 130, 43, 62, 73, 60, 81, 95, 108, 40, 63, 46, 75, 115, 18, 80, 17]",64,222,0.9586896896362305,0.9520659446716309,0.006623744964599609
7,3,boundary_removal,random,3,32,"[68, 139, 70, 49, 76, 65, 66, 87, 89, 2, 59, 97, 56, 15, 13, 106, 4, 124, 34, 103, 107, 64, 91, 123, 99, 11, 75, 110, 122, 98, 80, 112]",64,222,0.9586896896362305,0.9541900157928467,0.004499673843383789
7,3,boundary_removal,random,4,32,"[82, 69, 25, 85, 52, 53, 70, 44, 55, 61, 137, 12, 20, 79, 111, 15, 7, 130, 34, 56, 45, 95, 129, 123, 22, 128, 58, 23, 115, 80, 98, 1]",64,222,0.9586896896362305,0.9508819580078125,0.007807731628417969
7,3,boundary_removal,random,5,32,"[102, 104, 52, 135, 44, 85, 141, 68, 82, 100, 87, 97, 93, 90, 13, 77, 107, 38, 15, 78, 62, 120, 57, 108, 99, 14, 75, 115, 63, 21, 98, 96]",64,222,0.9586896896362305,0.9598782062530518,-0.001188516616821289
7,3,boundary_removal,random,6,32,"[25, 27, 85, 141, 50, 138, 70, 104, 0, 86, 52, 124, 107, 43, 133, 121, 13, 103, 15, 114, 127, 57, 47, 16, 99, 23, 75, 128, 131, 21, 80, 112]",64,222,0.9586896896362305,0.9556967616081238,0.0029929280281066895
7,3,boundary_removal,random,7,32,"[136, 69, 66, 50, 49, 25, 67, 138, 51, 48, 104, 88, 101, 12, 32, 79, 90, 103, 62, 106, 93, 94, 109, 9, 113, 110, 122, 14, 75, 21, 92, 96]",64,222,0.9586896896362305,0.9436103701591492,0.015079319477081299
7,3,boundary_removal,random,8,32,"[139, 83, 59, 27, 66, 68, 70, 141, 87, 48, 100, 105, 12, 62, 132, 103, 7, 77, 38, 4, 124, 108, 31, 129, 99, 23, 131, 63, 128, 92, 80, 112]",64,222,0.9586896896362305,0.9496538043022156,0.009035885334014893
7,3,boundary_removal,random,9,32,"[55, 65, 76, 86, 66, 61, 102, 52, 67, 138, 42, 121, 36, 12, 38, 20, 79, 56, 4, 34, 114, 123, 33, 31, 22, 110, 63, 58, 125, 98, 80, 1]",64,222,0.9586896896362305,0.9477100372314453,0.010979652404785156
7,3,boundary_removal,random,10,32,"[142, 48, 49, 2, 82, 25, 53, 135, 50, 137, 139, 132, 121, 60, 62, 34, 90, 38, 93, 13, 36, 81, 35, 91, 99, 122, 46, 131, 125, 21, 92, 112]",64,222,0.9586896896362305,0.949012279510498,0.009677410125732422
7,3,boundary_removal,random,11,32,"[55, 50, 48, 136, 84, 61, 52, 140, 0, 49, 69, 133, 32, 15, 107, 79, 13, 77, 12, 71, 4, 16, 109, 120, 113, 75, 128, 58, 14, 92, 18, 112]",64,222,0.9586896896362305,0.9613173604011536,-0.0026276707649230957
7,3,boundary_removal,random,12,32,"[65, 44, 2, 66, 86, 49, 135, 89, 139, 102, 48, 114, 77, 93, 54, 127, 60, 56, 124, 107, 121, 47, 108, 95, 22, 110, 58, 23, 128, 21, 18, 1]",64,222,0.9586896896362305,0.9428801536560059,0.01580953598022461
7,3,boundary_removal,random,13,32,"[141, 53, 104, 76, 25, 83, 84, 48, 61, 50, 66, 132, 105, 34, 124, 133, 7, 38, 103, 43, 107, 95, 64, 47, 22, 122, 110, 125, 75, 92, 98, 96]",64,222,0.9586896896362305,0.9479260444641113,0.01076364517211914
7,3,boundary_removal,random,14,32,"[51, 104, 59, 138, 50, 102, 137, 48, 69, 136, 55, 103, 88, 93, 111, 101, 36, 32, 43, 45, 34, 16, 35, 9, 116, 23, 46, 14, 58, 18, 21, 1]",64,222,0.9586896896362305,0.9471567273139954,0.011532962322235107
7,3,boundary_removal,random,15,32,"[84, 44, 140, 138, 135, 2, 70, 42, 27, 85, 65, 79, 107, 133, 45, 60, 32, 106, 73, 132, 90, 126, 123, 95, 116, 122, 63, 115, 128, 98, 92, 1]",64,222,0.9586896896362305,0.9505972862243652,0.008092403411865234
7,3,boundary_removal,random,16,32,"[135, 82, 61, 55, 66, 0, 25, 51, 72, 89, 136, 106, 7, 45, 38, 13, 4, 121, 79, 107, 77, 94, 129, 33, 99, 125, 58, 131, 134, 92, 98, 1]",64,222,0.9586896896362305,0.9485557079315186,0.010133981704711914
7,3,boundary_removal,random,17,32,"[49, 72, 50, 137, 85, 82, 138, 136, 68, 51, 89, 107, 90, 43, 60, 20, 13, 79, 45, 130, 62, 120, 109, 81, 22, 11, 58, 63, 110, 92, 80, 96]",64,222,0.9586896896362305,0.9475118517875671,0.01117783784866333
7,3,boundary_removal,random,18,32,"[55, 138, 69, 83, 0, 48, 44, 52, 86, 136, 70, 90, 32, 93, 20, 78, 43, 79, 62, 97, 13, 33, 94, 108, 22, 110, 58, 23, 14, 80, 18, 17]",64,222,0.9586896896362305,0.9566659927368164,0.0020236968994140625
7,3,boundary_removal,random,19,32,"[85, 59, 137, 0, 83, 84, 66, 69, 61, 48, 27, 106, 105, 133, 12, 90, 114, 79, 127, 73, 36, 74, 64, 120, 99, 11, 125, 131, 134, 21, 80, 17]",64,222,0.9586896896362305,0.9564643502235413,0.002225339412689209
7,3,boundary_removal,random,20,32,"[135, 55, 67, 142, 44, 140, 53, 10, 49, 104, 87, 78, 7, 133, 130, 34, 73, 12, 32, 62, 90, 9, 108, 95, 37, 46, 11, 23, 115, 80, 92, 17]",64,222,0.9586896896362305,0.9563508033752441,0.002338886260986328
7,4,node_removal,target,0,3,"[48, 49, 56]",61,262,0.9586896896362305,0.9645721316337585,-0.005882441997528076
7,4,node_removal,random,1,3,"[16, 10, 49]",61,256,0.9586896896362305,0.9597169756889343,-0.0010272860527038574
7,4,node_removal,random,2,3,"[62, 47, 14]",61,256,0.9586896896362305,0.9549455642700195,0.0037441253662109375
7,4,node_removal,random,3,3,"[37, 25, 49]",61,256,0.9586896896362305,0.9402945041656494,0.018395185470581055
7,4,node_removal,random,4,3,"[36, 46, 49]",61,256,0.9586896896362305,0.9472907185554504,0.01139897108078003
7,4,node_removal,random,5,3,"[43, 48, 14]",61,256,0.9586896896362305,0.9491851329803467,0.009504556655883789
7,4,node_removal,random,6,3,"[20, 41, 14]",61,256,0.9586896896362305,0.9503031373023987,0.008386552333831787
7,4,node_removal,random,7,3,"[56, 51, 14]",61,256,0.9586896896362305,0.9545275568962097,0.004162132740020752
7,4,node_removal,random,8,3,"[7, 48, 14]",61,258,0.9586896896362305,0.9535054564476013,0.00518423318862915
7,4,node_removal,random,9,3,"[16, 38, 49]",61,256,0.9586896896362305,0.9488070607185364,0.009882628917694092
7,4,node_removal,random,10,3,"[27, 51, 49]",61,256,0.9586896896362305,0.9533253312110901,0.005364358425140381
7,4,node_removal,random,11,3,"[29, 2, 49]",61,256,0.9586896896362305,0.9542183876037598,0.004471302032470703
7,4,node_removal,random,12,3,"[18, 50, 49]",61,258,0.9586896896362305,0.9452371597290039,0.013452529907226562
7,4,node_removal,random,13,3,"[43, 52, 49]",61,256,0.9586896896362305,0.9492504000663757,0.009439289569854736
7,4,node_removal,random,14,3,"[19, 33, 49]",61,256,0.9586896896362305,0.9425554275512695,0.016134262084960938
7,4,node_removal,random,15,3,"[3, 13, 14]",61,258,0.9586896896362305,0.9490811228752136,0.009608566761016846
7,4,node_removal,random,16,3,"[1, 5, 14]",61,256,0.9586896896362305,0.9531073570251465,0.005582332611083984
7,4,node_removal,random,17,3,"[23, 47, 49]",61,256,0.9586896896362305,0.9548053741455078,0.0038843154907226562
7,4,node_removal,random,18,3,"[62, 40, 49]",61,256,0.9586896896362305,0.9570448994636536,0.0016447901725769043
7,4,node_removal,random,19,3,"[24, 6, 14]",61,258,0.9586896896362305,0.9544304013252258,0.004259288311004639
7,4,node_removal,random,20,3,"[44, 13, 14]",61,258,0.9586896896362305,0.9494216442108154,0.009268045425415039
7,4,boundary_removal,target,0,9,"[95, 96, 98, 99, 115, 116, 118, 119, 136]",64,268,0.9586896896362305,0.9556304812431335,0.003059208393096924
7,4,boundary_removal,random,1,9,"[55, 118, 19, 40, 99, 131, 41, 92, 1]",64,268,0.9586896896362305,0.9547088742256165,0.003980815410614014
7,4,boundary_removal,random,2,9,"[55, 118, 64, 116, 37, 128, 119, 21, 112]",64,268,0.9586896896362305,0.9540813565254211,0.004608333110809326
7,4,boundary_removal,random,3,9,"[59, 118, 31, 113, 37, 46, 119, 18, 1]",64,268,0.9586896896362305,0.9531903862953186,0.005499303340911865
7,4,boundary_removal,random,4,9,"[69, 118, 81, 99, 40, 11, 41, 98, 17]",64,268,0.9586896896362305,0.9575073719024658,0.0011823177337646484
7,4,boundary_removal,random,5,9,"[104, 39, 91, 22, 37, 110, 117, 21, 17]",64,268,0.9586896896362305,0.9544771313667297,0.004212558269500732
7,4,boundary_removal,random,6,9,"[104, 39, 91, 22, 116, 14, 24, 80, 1]",64,268,0.9586896896362305,0.949556291103363,0.009133398532867432
7,4,boundary_removal,random,7,9,"[102, 39, 19, 22, 40, 14, 41, 92, 96]",64,268,0.9586896896362305,0.9547588229179382,0.003930866718292236
7,4,boundary_removal,random,8,9,"[2, 118, 109, 113, 37, 122, 119, 21, 96]",64,268,0.9586896896362305,0.9535982012748718,0.005091488361358643
7,4,boundary_removal,random,9,9,"[138, 39, 91, 116, 99, 14, 119, 21, 1]",64,268,0.9586896896362305,0.9505677223205566,0.008121967315673828
7,4,boundary_removal,random,10,9,"[59, 118, 126, 116, 99, 134, 24, 98, 96]",64,268,0.9586896896362305,0.9533514976501465,0.005338191986083984
7,4,boundary_removal,random,11,9,"[44, 39, 74, 22, 116, 11, 119, 80, 1]",64,268,0.9586896896362305,0.9520564675331116,0.0066332221031188965
7,4,boundary_removal,random,12,9,"[10, 118, 9, 113, 99, 122, 117, 21, 96]",64,268,0.9586896896362305,0.9569129347801208,0.0017767548561096191
7,4,boundary_removal,random,13,9,"[42, 118, 120, 113, 37, 63, 117, 92, 96]",64,268,0.9586896896362305,0.9547955393791199,0.0038941502571105957
7,4,boundary_removal,random,14,9,"[0, 118, 47, 113, 22, 128, 117, 98, 96]",64,268,0.9586896896362305,0.9574874043464661,0.0012022852897644043
7,4,boundary_removal,random,15,9,"[82, 39, 47, 113, 116, 58, 41, 21, 1]",64,268,0.9586896896362305,0.9521833062171936,0.006506383419036865
7,4,boundary_removal,random,16,9,"[141, 39, 129, 40, 113, 11, 117, 18, 96]",64,268,0.9586896896362305,0.9578891396522522,0.0008005499839782715
7,4,boundary_removal,random,17,9,"[137, 118, 31, 37, 116, 128, 117, 98, 17]",64,268,0.9586896896362305,0.9538860321044922,0.004803657531738281
7,4,boundary_removal,random,18,9,"[65, 118, 57, 22, 37, 23, 117, 21, 1]",64,268,0.9586896896362305,0.9512049555778503,0.007484734058380127
7,4,boundary_removal,random,19,9,"[55, 39, 123, 116, 37, 125, 24, 80, 96]",64,268,0.9586896896362305,0.9506101608276367,0.00807952880859375
7,4,boundary_removal,random,20,9,"[138, 118, 95, 22, 99, 58, 24, 92, 17]",64,268,0.9586896896362305,0.956066906452179,0.0026227831840515137
87,0,node_removal,target,0,58,"[0, 1, 2, 3, 4, 5, 6, 7, 8, 9, 10, 11, 12, 13, 14, 15, 17, 18, 19, 20, 21, 22, 23, 24, 25, 26, 27, 28, 29, 30, 31, 32, 33, 34, 35, 36, 37, 38, 39, 40, 41, 42, 43, 44, 45, 46, 47, 48, 49, 50, 51, 52, 55, 56, 57, 58, 59, 60]",6,14,0.013239208608865738,0.9683192372322083,0.9550800286233425
87,0,node_removal,random,1,58,"[0, 58, 19, 16, 7, 23, 24, 59, 43, 20, 21, 39, 60, 27, 4, 44, 62, 63, 57, 1, 29, 61, 26, 42, 32, 37, 36, 35, 56, 55, 15, 3, 8, 18, 38, 52, 33, 40, 46, 17, 5, 6, 53, 30, 51, 25, 13, 54, 41, 48, 47, 10, 11, 2, 50, 49, 14, 9]",6,2,0.013239208608865738,0.0037773828953504562,-0.009461825713515282
87,0,node_removal,random,2,58,"[36, 3, 27, 63, 28, 44, 31, 21, 15, 62, 34, 45, 23, 19, 29, 16, 43, 57, 1, 58, 37, 59, 61, 56, 26, 55, 4, 0, 60, 32, 18, 20, 8, 7, 13, 38, 10, 33, 51, 11, 2, 48, 12, 22, 50, 6, 30, 5, 47, 52, 53, 54, 40, 25, 41, 49, 14, 9]",6,2,0.013239208608865738,0.21473778784275055,0.2014985792338848
87,0,node_removal,random,3,58,"[24, 27, 29, 58, 37, 18, 3, 36, 21, 7, 42, 34, 55, 4, 59, 26, 63, 44, 32, 35, 31, 43, 15, 16, 57, 62, 60, 56, 0, 28, 1, 45, 19, 61, 10, 6, 11, 33, 52, 5, 54, 12, 2, 17, 46, 22, 13, 30, 40, 53, 25, 51, 48, 47, 38, 49, 14, 9]",6,0,0.013239208608865738,0.09363872557878494,0.0803995169699192
87,0,node_removal,random,4,58,"[56, 18, 34, 26, 1, 0, 57, 58, 15, 39, 44, 60, 61, 28, 4, 45, 35, 27, 63, 16, 32, 21, 62, 59, 55, 20, 24, 19, 23, 37, 43, 31, 42, 36, 10, 41, 54, 30, 11, 5, 22, 46, 51, 38, 12, 33, 50, 13, 53, 40, 6, 25, 52, 48, 17, 14, 49, 9]",6,2,0.013239208608865738,0.022847330197691917,0.00960812158882618
87,0,node_removal,random,5,58,"[8, 42, 18, 37, 57, 45, 21, 43, 34, 19, 24, 39, 61, 44, 56, 31, 15, 7, 0, 60, 26, 29, 23, 32, 20, 28, 62, 16, 55, 4, 3, 36, 63, 35, 13, 38, 46, 53, 2, 50, 41, 10, 54, 11, 17, 47, 12, 52, 30, 25, 6, 5, 33, 48, 40, 14, 49, 9]",6,4,0.013239208608865738,0.07527265697717667,0.06203344836831093
87,0,node_removal,random,6,58,"[28, 3, 31, 24, 59, 0, 44, 20, 42, 63, 36, 29, 15, 60, 26, 16, 62, 18, 45, 1, 19, 21, 57, 27, 56, 58, 8, 39, 37, 4, 35, 23, 7, 34, 40, 17, 41, 50, 33, 22, 46, 30, 13, 6, 53, 47, 11, 25, 51, 10, 48, 54, 5, 12, 38, 14, 49, 9]",6,2,0.013239208608865738,0.03036128543317318,0.01712207682430744
87,0,node_removal,random,7,58,"[24, 39, 16, 35, 19, 43, 58, 4, 15, 29, 18, 34, 42, 32, 3, 1, 59, 21, 55, 60, 56, 7, 63, 20, 57, 8, 23, 26, 0, 37, 27, 31, 28, 61, 46, 54, 41, 10, 40, 52, 6, 47, 22, 38, 51, 5, 53, 50, 17, 2, 48, 11, 13, 25, 33, 49, 14, 9]",6,4,0.013239208608865738,0.014805831015110016,0.001566622406244278
87,0,node_removal,random,8,58,"[58, 19, 24, 59, 3, 60, 18, 4, 61, 42, 29, 31, 1, 32, 27, 35, 20, 15, 0, 45, 26, 63, 16, 62, 23, 43, 28, 39, 36, 7, 55, 44, 34, 8, 48, 41, 17, 13, 30, 11, 51, 38, 2, 22, 53, 5, 54, 12, 40, 47, 50, 10, 46, 6, 52, 49, 14, 9]",6,4,0.013239208608865738,0.0009507393115200102,-0.012288469297345728
87,0,node_removal,random,9,58,"[60, 37, 59, 26, 24, 16, 34, 58, 23, 20, 28, 15, 43, 57, 55, 21, 31, 42, 8, 29, 18, 45, 62, 27, 19, 56, 44, 4, 36, 63, 61, 0, 1, 32, 40, 30, 38, 11, 53, 6, 50, 10, 52, 5, 13, 22, 25, 2, 46, 51, 41, 33, 47, 12, 54, 14, 49, 9]",6,0,0.013239208608865738,0.013651132583618164,0.00041192397475242615
87,0,node_removal,random,10,58,"[27, 31, 61, 26, 29, 1, 36, 15, 0, 19, 37, 58, 8, 55, 16, 62, 43, 60, 39, 35, 42, 32, 63, 56, 28, 7, 45, 34, 23, 18, 21, 24, 4, 3, 51, 12, 47, 33, 41, 22, 6, 38, 50, 2, 30, 52, 10, 11, 5, 46, 17, 48, 13, 54, 40, 49, 14, 9]",6,0,0.013239208608865738,0.02580111473798752,0.01256190612912178
87,0,node_removal,random,11,58,"[1, 34, 29, 37, 39, 43, 0, 44, 58, 16, 3, 42, 23, 21, 59, 27, 20, 63, 32, 15, 35, 57, 56, 62, 26, 4, 60, 7, 61, 55, 45, 18, 8, 28, 25, 47, 41, 40, 13, 5, 46, 50, 2, 30, 33, 6, 22, 53, 12, 48, 38, 11, 54, 10, 17, 49, 14, 9]",6,2,0.013239208608865738,0.014845210127532482,0.0016060015186667442
87,0,node_removal,random,12,58,"[42, 45, 0, 62, 27, 15, 23, 7, 4, 28, 63, 20, 31, 60, 55, 29, 56, 37, 16, 61, 19, 35, 59, 21, 1, 44, 8, 26, 36, 39, 24, 34, 32, 3, 6, 22, 2, 47, 53, 51, 52, 10, 40, 33, 11, 17, 38, 30, 54, 41, 25, 13, 50, 5, 48, 49, 14, 9]",6,2,0.013239208608865738,0.0006096042925491929,-0.012629604316316545
87,0,node_removal,random,13,58,"[32, 21, 27, 23, 43, 44, 18, 57, 45, 0, 19, 8, 62, 29, 37, 28, 36, 60, 55, 59, 56, 58, 31, 61, 15, 1, 3, 42, 24, 16, 26, 4, 34, 7, 12, 41, 10, 48, 53, 17, 38, 11, 40, 50, 33, 54, 5, 22, 13, 46, 6, 47, 52, 25, 2, 49, 14, 9]",6,2,0.013239208608865738,0.03970054164528847,0.02646133303642273
87,0,node_removal,random,14,58,"[45, 7, 20, 61, 4, 1, 29, 59, 31, 58, 19, 60, 15, 56, 63, 32, 21, 3, 39, 43, 28, 42, 57, 16, 37, 35, 23, 44, 27, 36, 18, 55, 34, 8, 46, 10, 47, 30, 5, 2, 12, 17, 13, 33, 52, 25, 11, 38, 51, 50, 41, 6, 53, 22, 54, 14, 49, 9]",6,2,0.013239208608865738,0.5049121975898743,0.49167298898100853
87,0,node_removal,random,15,58,"[36, 15, 20, 59, 18, 29, 55, 44, 28, 58, 35, 3, 56, 23, 1, 57, 34, 4, 62, 0, 39, 45, 60, 7, 19, 8, 21, 27, 16, 31, 32, 24, 42, 61, 48, 10, 5, 6, 33, 50, 54, 47, 52, 30, 41, 38, 51, 22, 12, 25, 2, 11, 46, 40, 17, 49, 14, 9]",6,0,0.013239208608865738,0.020749084651470184,0.007509876042604446
87,0,node_removal,random,16,58,"[60, 58, 63, 56, 26, 42, 18, 0, 3, 1, 61, 4, 55, 59, 31, 23, 37, 35, 34, 39, 15, 32, 27, 45, 62, 57, 16, 7, 21, 24, 19, 8, 43, 44, 17, 12, 38, 52, 53, 40, 54, 5, 13, 48, 46, 30, 33, 6, 25, 51, 10, 22, 11, 47, 50, 14, 49, 9]",6,6,0.013239208608865738,0.10291602462530136,0.08967681601643562
87,0,node_removal,random,17,58,"[62, 15, 23, 18, 60, 1, 44, 35, 27, 56, 28, 26, 31, 8, 59, 43, 3, 37, 42, 58, 61, 45, 39, 63, 55, 32, 34, 7, 36, 29, 21, 0, 4, 24, 33, 12, 41, 17, 40, 38, 25, 11, 50, 51, 13, 30, 52, 22, 46, 47, 6, 10, 53, 5, 48, 14, 49, 9]",6,2,0.013239208608865738,0.007986653596162796,-0.005252555012702942
87,0,node_removal,random,18,58,"[1, 45, 37, 28, 63, 32, 3, 56, 24, 34, 8, 39, 27, 43, 62, 57, 4, 15, 26, 58, 31, 16, 44, 36, 21, 7, 35, 19, 61, 0, 55, 60, 59, 42, 2, 25, 40, 22, 54, 48, 11, 5, 51, 47, 30, 53, 46, 13, 17, 52, 6, 50, 10, 38, 12, 49, 14, 9]",6,2,0.013239208608865738,0.002499328227713704,-0.010739880381152034
87,0,node_removal,random,19,58,"[61, 57, 19, 4, 0, 15, 60, 27, 34, 55, 20, 8, 62, 43, 24, 29, 35, 56, 1, 18, 32, 44, 37, 45, 39, 23, 58, 59, 3, 42, 21, 63, 26, 31, 6, 41, 10, 52, 11, 54, 33, 25, 13, 38, 30, 48, 53, 22, 5, 50, 47, 51, 46, 40, 17, 14, 49, 9]",6,2,0.013239208608865738,0.1157698854804039,0.10253067687153816
87,0,node_removal,random,20,58,"[20, 63, 16, 42, 31, 44, 1, 34, 62, 4, 26, 55, 39, 21, 43, 61, 35, 19, 60, 36, 3, 8, 32, 45, 27, 24, 18, 56, 58, 15, 29, 37, 28, 0, 53, 54, 40, 47, 46, 38, 51, 50, 11, 52, 30, 10, 25, 12, 13, 22, 33, 17, 6, 5, 41, 14, 49, 9]",6,2,0.013239208608865738,0.016349397599697113,0.003110188990831375
87,0,boundary_removal,target,0,12,"[27, 29, 43, 44, 107, 109, 112, 126, 128, 132, 135, 140]",64,262,0.013239208608865738,0.013050434179604053,-0.00018877442926168442
87,0,boundary_removal,random,1,12,"[49, 139, 135, 66, 79, 93, 32, 81, 95, 125, 29, 112]",64,262,0.013239208608865738,0.014311744831502438,0.0010725362226366997
87,0,boundary_removal,random,2,12,"[42, 10, 25, 44, 12, 111, 71, 16, 9, 75, 29, 96]",64,262,0.013239208608865738,0.013576690107584,0.0003374814987182617
87,0,boundary_removal,random,3,12,"[142, 72, 76, 89, 114, 77, 133, 31, 9, 125, 29, 17]",64,262,0.013239208608865738,0.012895874679088593,-0.0003433339297771454
87,0,boundary_removal,random,4,12,"[55, 66, 136, 86, 60, 114, 4, 94, 95, 134, 29, 17]",64,262,0.013239208608865738,0.014114064164459705,0.0008748555555939674
87,0,boundary_removal,random,5,12,"[0, 10, 141, 86, 73, 124, 114, 57, 108, 23, 29, 96]",64,262,0.013239208608865738,0.01311840396374464,-0.00012080464512109756
87,0,boundary_removal,random,6,12,"[53, 72, 68, 25, 78, 7, 71, 31, 109, 14, 29, 112]",64,262,0.013239208608865738,0.012987607158720493,-0.0002516014501452446
87,0,boundary_removal,random,7,12,"[70, 89, 135, 50, 93, 62, 97, 47, 19, 115, 29, 1]",64,262,0.013239208608865738,0.013374143280088902,0.0001349346712231636
87,0,boundary_removal,random,8,12,"[55, 66, 100, 137, 45, 43, 15, 123, 57, 63, 29, 96]",64,262,0.013239208608865738,0.014289223589003086,0.0010500149801373482
87,0,boundary_removal,random,9,12,"[25, 27, 142, 89, 34, 38, 106, 120, 16, 14, 3, 1]",64,262,0.013239208608865738,0.01347771380096674,0.00023850519210100174
87,0,boundary_removal,random,10,12,"[104, 135, 87, 53, 36, 73, 32, 19, 81, 23, 3, 17]",64,262,0.013239208608865738,0.01421840488910675,0.0009791962802410126
87,0,boundary_removal,random,11,12,"[59, 2, 87, 72, 124, 132, 107, 9, 108, 131, 3, 112]",64,262,0.013239208608865738,0.01311384979635477,-0.00012535881251096725
87,0,boundary_removal,random,12,12,"[82, 27, 72, 70, 4, 36, 78, 108, 74, 14, 3, 96]",64,262,0.013239208608865738,0.013542531989514828,0.0003033233806490898
87,0,boundary_removal,random,13,12,"[48, 142, 141, 55, 114, 105, 124, 33, 31, 134, 29, 112]",64,262,0.013239208608865738,0.012417156249284744,-0.0008220523595809937
87,0,boundary_removal,random,14,12,"[55, 136, 104, 66, 43, 32, 15, 16, 91, 46, 3, 96]",64,262,0.013239208608865738,0.014268040657043457,0.0010288320481777191
87,0,boundary_removal,random,15,12,"[27, 42, 52, 76, 105, 114, 56, 47, 129, 125, 29, 1]",64,262,0.013239208608865738,0.013788576237857342,0.0005493676289916039
87,0,boundary_removal,random,16,12,"[136, 82, 67, 42, 90, 107, 79, 109, 19, 125, 29, 112]",64,262,0.013239208608865738,0.013629436492919922,0.00039022788405418396
87,0,boundary_removal,random,17,12,"[52, 2, 69, 55, 62, 7, 13, 74, 109, 46, 29, 96]",64,262,0.013239208608865738,0.013426515273749828,0.00018730666488409042
87,0,boundary_removal,random,18,12,"[55, 53, 82, 66, 32, 62, 103, 31, 91, 128, 3, 112]",64,262,0.013239208608865738,0.013722374103963375,0.0004831654950976372
87,0,boundary_removal,random,19,12,"[87, 0, 61, 68, 88, 132, 78, 123, 108, 110, 29, 1]",64,262,0.013239208608865738,0.013871334493160248,0.0006321258842945099
87,0,boundary_removal,random,20,12,"[137, 87, 70, 141, 32, 107, 93, 95, 57, 58, 29, 112]",64,262,0.013239208608865738,0.013270247727632523,3.103911876678467e-05
87,4,node_removal,target,0,6,"[16, 53, 54, 61, 62, 63]",58,248,0.013239208608865738,0.006066316273063421,-0.007172892335802317
87,4,node_removal,random,1,6,"[55, 42, 19, 35, 48, 17]",58,234,0.013239208608865738,0.016955062747001648,0.00371585413813591
87,4,node_removal,random,2,6,"[43, 21, 26, 27, 48, 38]",58,236,0.013239208608865738,0.01509337592869997,0.0018541673198342323
87,4,node_removal,random,3,6,"[1, 28, 58, 16, 40, 6]",58,234,0.013239208608865738,0.011501889675855637,-0.0017373189330101013
87,4,node_removal,random,4,6,"[42, 3, 31, 26, 54, 13]",58,234,0.013239208608865738,0.019579870626330376,0.006340662017464638
87,4,node_removal,random,5,6,"[28, 15, 55, 57, 51, 11]",58,234,0.013239208608865738,0.01908782124519348,0.0058486126363277435
87,4,node_removal,random,6,6,"[34, 19, 24, 29, 12, 54]",58,234,0.013239208608865738,0.01453119982033968,0.0012919912114739418
87,4,node_removal,random,7,6,"[27, 23, 21, 0, 17, 6]",58,234,0.013239208608865738,0.011155534535646439,-0.0020836740732192993
87,4,node_removal,random,8,6,"[34, 44, 55, 36, 41, 53]",58,236,0.013239208608865738,0.01922847330570221,0.0059892646968364716
87,4,node_removal,random,9,6,"[43, 45, 1, 60, 52, 2]",58,238,0.013239208608865738,0.015973107889294624,0.0027338992804288864
87,4,node_removal,random,10,6,"[7, 36, 4, 24, 41, 47]",58,234,0.013239208608865738,0.01042731013149023,-0.0028118984773755074
87,4,node_removal,random,11,6,"[1, 31, 36, 26, 54, 51]",58,234,0.013239208608865738,0.016364237293601036,0.003125028684735298
87,4,node_removal,random,12,6,"[27, 45, 59, 16, 51, 6]",58,236,0.013239208608865738,0.009402424097061157,-0.0038367845118045807
87,4,node_removal,random,13,6,"[63, 62, 43, 24, 30, 13]",58,236,0.013239208608865738,0.010755821131169796,-0.002483387477695942
87,4,node_removal,random,14,6,"[57, 24, 36, 18, 30, 12]",58,234,0.013239208608865738,0.016758402809500694,0.0035191942006349564
87,4,node_removal,random,15,6,"[31, 18, 28, 61, 47, 30]",58,236,0.013239208608865738,0.009283163584768772,-0.003956045024096966
87,4,node_removal,random,16,6,"[7, 34, 59, 27, 33, 48]",58,236,0.013239208608865738,0.014400124549865723,0.0011609159409999847
87,4,node_removal,random,17,6,"[19, 3, 31, 34, 22, 38]",58,236,0.013239208608865738,0.026110775768756866,0.012871567159891129
87,4,node_removal,random,18,6,"[57, 4, 32, 60, 40, 54]",58,236,0.013239208608865738,0.015759054571390152,0.002519845962524414
87,4,node_removal,random,19,6,"[4, 36, 1, 0, 50, 52]",58,236,0.013239208608865738,0.013306415639817715,6.720703095197678e-05
87,4,node_removal,random,20,6,"[24, 57, 29, 15, 46, 40]",58,234,0.013239208608865738,0.01512652263045311,0.0018873140215873718
87,4,boundary_removal,target,0,12,"[27, 29, 43, 44, 107, 109, 112, 126, 128, 132, 135, 140]",64,262,0.013239208608865738,0.013050434179604053,-0.00018877442926168442
87,4,boundary_removal,random,1,12,"[138, 82, 65, 141, 121, 78, 62, 129, 74, 128, 3, 1]",64,262,0.013239208608865738,0.01287615392357111,-0.00036305468529462814
87,4,boundary_removal,random,2,12,"[70, 44, 141, 50, 45, 56, 12, 129, 94, 58, 29, 17]",64,262,0.013239208608865738,0.01324103306978941,1.8244609236717224e-06
87,4,boundary_removal,random,3,12,"[50, 76, 85, 83, 101, 90, 111, 123, 64, 63, 3, 17]",64,262,0.013239208608865738,0.013773481361567974,0.0005342727527022362
87,4,boundary_removal,random,4,12,"[83, 76, 68, 85, 54, 77, 79, 64, 31, 75, 29, 112]",64,262,0.013239208608865738,0.013589863665401936,0.00035065505653619766
87,4,boundary_removal,random,5,12,"[68, 2, 25, 59, 103, 34, 127, 108, 81, 115, 29, 112]",64,262,0.013239208608865738,0.013353693298995495,0.00011448469012975693
87,4,boundary_removal,random,6,12,"[2, 52, 82, 48, 97, 4, 107, 57, 47, 134, 29, 96]",64,262,0.013239208608865738,0.014164547435939312,0.0009253388270735741
87,4,boundary_removal,random,7,12,"[82, 84, 100, 44, 103, 13, 15, 31, 33, 125, 29, 112]",64,262,0.013239208608865738,0.013484262861311436,0.0002450542524456978
87,4,boundary_removal,random,8,12,"[135, 67, 140, 82, 121, 130, 106, 35, 19, 110, 3, 96]",64,262,0.013239208608865738,0.013473301194608212,0.0002340925857424736
87,4,boundary_removal,random,9,12,"[100, 0, 68, 59, 124, 111, 7, 31, 95, 134, 3, 1]",64,262,0.013239208608865738,0.013710212893784046,0.00047100428491830826
87,4,boundary_removal,random,10,12,"[136, 51, 42, 69, 13, 105, 97, 47, 33, 115, 3, 17]",64,262,0.013239208608865738,0.013797658495604992,0.000558449886739254
87,4,boundary_removal,random,11,12,"[59, 25, 72, 84, 54, 90, 132, 35, 108, 14, 29, 1]",64,262,0.013239208608865738,0.013560001738369465,0.00032079312950372696
87,4,boundary_removal,random,12,12,"[85, 137, 84, 49, 107, 101, 105, 95, 108, 125, 29, 112]",64,262,0.013239208608865738,0.013550405390560627,0.00031119678169488907
87,4,boundary_removal,random,13,12,"[66, 50, 70, 48, 7, 20, 106, 35, 33, 14, 29, 112]",64,262,0.013239208608865738,0.013324473053216934,8.526444435119629e-05
87,4,boundary_removal,random,14,12,"[44, 72, 0, 89, 71, 93, 56, 94, 16, 75, 29, 1]",64,262,0.013239208608865738,0.012853656895458698,-0.00038555171340703964
87,4,boundary_removal,random,15,12,"[83, 142, 85, 89, 90, 79, 124, 57, 81, 134, 3, 96]",64,262,0.013239208608865738,0.014180322177708149,0.000941113568842411
87,4,boundary_removal,random,16,12,"[67, 104, 137, 139, 73, 34, 77, 81, 129, 23, 29, 112]",64,262,0.013239208608865738,0.013171096332371235,-6.811227649450302e-05
87,4,boundary_removal,random,17,12,"[53, 83, 142, 141, 56, 132, 62, 120, 35, 23, 3, 96]",64,262,0.013239208608865738,0.013534407131373882,0.0002951985225081444
87,4,boundary_removal,random,18,12,"[89, 51, 76, 53, 93, 103, 60, 109, 120, 128, 29, 112]",64,262,0.013239208608865738,0.013330765999853611,9.155739098787308e-05
87,4,boundary_removal,random,19,12,"[25, 10, 136, 100, 79, 73, 107, 120, 47, 125, 3, 96]",64,262,0.013239208608865738,0.015081207267940044,0.0018419986590743065
87,4,boundary_removal,random,20,12,"[25, 142, 49, 100, 45, 101, 77, 9, 120, 125, 29, 1]",64,262,0.013239208608865738,0.013947972096502781,0.000708763487637043
9,0,node_removal,target,0,41,"[0, 1, 2, 3, 4, 8, 9, 10, 11, 14, 16, 17, 18, 19, 22, 24, 25, 26, 27, 32, 33, 34, 37, 38, 40, 41, 45, 46, 47, 48, 49, 52, 53, 54, 55, 56, 57, 58, 61, 62, 63]",23,68,0.12459953874349594,0.41528820991516113,0.2906886711716652
9,0,node_removal,random,1,41,"[32, 56, 45, 28, 20, 31, 0, 19, 3, 57, 37, 18, 35, 61, 27, 24, 7, 44, 8, 16, 58, 43, 12, 40, 50, 6, 51, 13, 41, 33, 10, 5, 47, 38, 54, 48, 53, 17, 14, 49, 9]",23,34,0.12459953874349594,0.09849721193313599,-0.026102326810359955
9,0,node_removal,random,2,41,"[37, 3, 31, 60, 39, 16, 59, 36, 44, 21, 29, 4, 57, 19, 28, 18, 26, 61, 45, 0, 8, 43, 30, 13, 12, 40, 48, 38, 52, 51, 11, 41, 17, 54, 5, 22, 47, 2, 49, 14, 9]",23,38,0.12459953874349594,0.16756309568881989,0.042963556945323944
9,0,node_removal,random,3,41,"[44, 45, 21, 34, 62, 35, 55, 18, 36, 27, 4, 19, 58, 3, 28, 20, 26, 15, 60, 63, 1, 24, 22, 46, 6, 5, 51, 2, 17, 11, 54, 33, 25, 53, 10, 50, 38, 52, 14, 49, 9]",23,40,0.12459953874349594,0.2982892692089081,0.17368973046541214
9,0,node_removal,random,4,41,"[23, 24, 26, 36, 7, 62, 42, 21, 57, 32, 56, 1, 15, 43, 45, 60, 59, 39, 63, 35, 27, 3, 40, 41, 52, 30, 46, 13, 54, 33, 10, 50, 25, 48, 6, 12, 11, 17, 49, 14, 9]",23,28,0.12459953874349594,0.17355786263942719,0.048958323895931244
9,0,node_removal,random,5,41,"[32, 44, 26, 20, 59, 58, 39, 63, 35, 23, 16, 0, 43, 4, 15, 7, 29, 62, 19, 21, 31, 37, 51, 22, 5, 47, 50, 41, 53, 46, 10, 17, 30, 2, 12, 38, 40, 33, 14, 49, 9]",23,28,0.12459953874349594,0.2135166972875595,0.08891715854406357
9,0,node_removal,random,6,41,"[20, 0, 55, 45, 18, 31, 34, 35, 24, 23, 57, 37, 43, 58, 8, 42, 19, 60, 4, 16, 3, 36, 2, 25, 48, 53, 12, 13, 47, 33, 41, 17, 38, 52, 46, 51, 5, 40, 14, 49, 9]",23,34,0.12459953874349594,0.11774172633886337,-0.006857812404632568
9,0,node_removal,random,7,41,"[57, 43, 29, 16, 55, 1, 28, 19, 60, 35, 34, 63, 27, 59, 4, 20, 44, 18, 21, 3, 32, 45, 10, 5, 41, 17, 6, 25, 54, 13, 33, 51, 38, 40, 52, 12, 2, 47, 49, 14, 9]",23,34,0.12459953874349594,0.11499889940023422,-0.009600639343261719
9,0,node_removal,random,8,41,"[0, 1, 7, 55, 16, 35, 19, 42, 29, 32, 31, 27, 28, 61, 3, 60, 24, 8, 36, 63, 45, 18, 54, 47, 25, 48, 22, 13, 53, 2, 41, 33, 11, 38, 12, 10, 46, 52, 14, 49, 9]",23,34,0.12459953874349594,0.2563307583332062,0.13173121958971024
9,0,node_removal,random,9,41,"[32, 4, 1, 36, 35, 61, 28, 59, 0, 43, 57, 44, 39, 3, 34, 31, 58, 7, 8, 21, 63, 19, 25, 12, 6, 5, 41, 17, 52, 38, 54, 10, 51, 40, 33, 47, 11, 30, 49, 14, 9]",23,26,0.12459953874349594,0.17498351633548737,0.050383977591991425
9,0,node_removal,random,10,41,"[15, 55, 32, 39, 29, 57, 56, 59, 37, 18, 44, 42, 16, 8, 27, 7, 26, 35, 34, 45, 63, 61, 41, 53, 13, 51, 17, 30, 10, 12, 52, 54, 48, 2, 25, 5, 6, 47, 14, 49, 9]",23,32,0.12459953874349594,0.07815203070640564,-0.0464475080370903
9,0,node_removal,random,11,41,"[16, 63, 57, 8, 61, 31, 42, 21, 45, 18, 44, 23, 28, 32, 35, 1, 58, 20, 29, 7, 4, 0, 50, 17, 11, 47, 52, 6, 13, 2, 25, 40, 30, 51, 38, 41, 12, 10, 49, 14, 9]",23,26,0.12459953874349594,0.3097098469734192,0.18511030822992325
9,0,node_removal,random,12,41,"[35, 39, 27, 36, 32, 19, 21, 61, 43, 34, 63, 44, 0, 7, 31, 20, 56, 59, 28, 1, 23, 42, 41, 38, 50, 6, 54, 5, 52, 40, 13, 30, 48, 12, 51, 33, 2, 53, 49, 14, 9]",23,44,0.12459953874349594,0.06109241768717766,-0.06350712105631828
9,0,node_removal,random,13,41,"[27, 23, 3, 28, 29, 42, 8, 1, 61, 21, 43, 20, 57, 19, 31, 60, 16, 62, 15, 26, 7, 36, 6, 2, 22, 53, 5, 13, 33, 51, 30, 50, 11, 40, 46, 17, 54, 41, 49, 14, 9]",23,36,0.12459953874349594,0.06969192624092102,-0.05490761250257492
9,0,node_removal,random,14,41,"[31, 3, 62, 37, 15, 35, 57, 7, 28, 32, 0, 43, 24, 39, 4, 23, 45, 19, 55, 56, 18, 58, 22, 12, 38, 54, 30, 5, 2, 53, 17, 10, 48, 11, 25, 50, 47, 13, 49, 14, 9]",23,42,0.12459953874349594,0.32796943187713623,0.2033698931336403
9,0,node_removal,random,15,41,"[61, 27, 56, 36, 44, 0, 24, 45, 15, 3, 21, 32, 58, 43, 8, 37, 23, 29, 35, 57, 20, 59, 17, 10, 46, 40, 51, 53, 30, 54, 11, 47, 48, 50, 41, 13, 22, 12, 14, 49, 9]",23,34,0.12459953874349594,0.09949296712875366,-0.02510657161474228
9,0,node_removal,random,16,41,"[63, 58, 7, 56, 1, 26, 45, 60, 21, 15, 59, 3, 37, 35, 29, 61, 19, 20, 44, 42, 24, 32, 11, 5, 10, 46, 17, 41, 47, 38, 50, 53, 30, 13, 48, 33, 2, 25, 49, 14, 9]",23,26,0.12459953874349594,0.19913816452026367,0.07453862577676773
9,0,node_removal,random,17,41,"[62, 23, 27, 31, 45, 55, 18, 28, 63, 15, 36, 42, 35, 0, 19, 60, 1, 4, 57, 21, 39, 16, 12, 41, 48, 33, 40, 54, 11, 5, 50, 25, 53, 30, 51, 13, 10, 38, 49, 14, 9]",23,22,0.12459953874349594,0.2536671459674835,0.12906760722398758
9,0,node_removal,random,18,41,"[0, 39, 56, 58, 57, 1, 63, 15, 23, 7, 55, 16, 27, 61, 60, 59, 19, 45, 36, 62, 37, 28, 50, 33, 12, 47, 25, 40, 10, 5, 53, 48, 41, 38, 30, 22, 54, 6, 49, 14, 9]",23,40,0.12459953874349594,0.12857365608215332,0.003974117338657379
9,0,node_removal,random,19,41,"[21, 60, 58, 32, 4, 57, 35, 44, 18, 37, 42, 20, 55, 29, 7, 31, 27, 16, 1, 45, 23, 28, 46, 40, 54, 17, 51, 12, 22, 48, 25, 50, 47, 30, 38, 6, 33, 52, 14, 49, 9]",23,28,0.12459953874349594,0.234832301735878,0.11023276299238205
9,0,node_removal,random,20,41,"[35, 61, 60, 42, 18, 23, 55, 62, 26, 45, 20, 0, 4, 56, 19, 1, 16, 37, 39, 44, 24, 3, 54, 17, 12, 25, 2, 11, 53, 22, 38, 13, 10, 6, 30, 51, 47, 52, 14, 49, 9]",23,38,0.12459953874349594,0.12129624933004379,-0.0033032894134521484
9,0,boundary_removal,target,0,31,"[13, 15, 22, 24, 33, 37, 39, 41, 50, 54, 56, 57, 58, 67, 68, 72, 74, 82, 83, 86, 90, 93, 97, 104, 105, 116, 121, 123, 127, 138, 140]",64,224,0.12459953874349594,0.12865589559078217,0.004056356847286224
9,0,boundary_removal,random,1,31,"[83, 42, 66, 100, 67, 50, 55, 139, 52, 70, 90, 124, 62, 97, 54, 71, 79, 88, 32, 56, 118, 16, 47, 33, 95, 113, 116, 22, 11, 119, 117]",64,224,0.12459953874349594,0.11791792511940002,-0.006681613624095917
9,0,boundary_removal,random,2,31,"[85, 136, 137, 51, 138, 0, 67, 141, 49, 50, 111, 15, 77, 71, 79, 12, 133, 43, 38, 97, 39, 126, 129, 81, 19, 116, 40, 99, 128, 41, 24]",64,224,0.12459953874349594,0.13245628774166107,0.00785674899816513
9,0,boundary_removal,random,3,31,"[0, 66, 68, 59, 51, 65, 83, 53, 142, 25, 79, 77, 103, 114, 56, 97, 133, 78, 20, 43, 118, 120, 126, 57, 16, 40, 113, 22, 134, 24, 119]",64,224,0.12459953874349594,0.12935394048690796,0.004754401743412018
9,0,boundary_removal,random,4,31,"[50, 68, 84, 87, 82, 59, 72, 49, 100, 51, 38, 32, 103, 107, 15, 7, 93, 106, 34, 54, 118, 31, 57, 129, 95, 113, 116, 22, 134, 117, 24]",64,224,0.12459953874349594,0.1320618987083435,0.007462359964847565
9,0,boundary_removal,random,5,31,"[102, 76, 59, 136, 68, 140, 135, 142, 141, 61, 132, 127, 124, 62, 32, 88, 105, 133, 60, 34, 118, 81, 16, 109, 108, 40, 22, 116, 63, 41, 24]",64,224,0.12459953874349594,0.13406674563884735,0.00946720689535141
9,0,boundary_removal,random,6,31,"[0, 53, 137, 140, 86, 82, 100, 68, 89, 51, 77, 4, 62, 127, 60, 12, 38, 73, 56, 32, 39, 81, 9, 108, 57, 22, 40, 37, 122, 117, 41]",64,224,0.12459953874349594,0.12930135428905487,0.0047018155455589294
9,0,boundary_removal,random,7,31,"[70, 48, 135, 2, 68, 51, 140, 83, 100, 25, 101, 54, 127, 71, 88, 97, 103, 45, 121, 38, 118, 123, 126, 16, 31, 113, 99, 40, 110, 117, 24]",64,224,0.12459953874349594,0.12838733196258545,0.003787793219089508
9,0,boundary_removal,random,8,31,"[72, 135, 87, 0, 76, 139, 27, 42, 102, 53, 133, 130, 62, 101, 54, 15, 36, 121, 7, 107, 39, 19, 31, 95, 33, 37, 22, 113, 131, 117, 41]",64,224,0.12459953874349594,0.12967394292354584,0.005074404180049896
9,0,boundary_removal,random,9,31,"[89, 61, 140, 84, 82, 86, 51, 100, 48, 66, 93, 73, 12, 7, 130, 103, 114, 121, 105, 56, 118, 47, 109, 16, 126, 40, 113, 22, 23, 117, 41]",64,224,0.12459953874349594,0.13162095844745636,0.007021419703960419
9,0,boundary_removal,random,10,31,"[72, 52, 68, 67, 42, 51, 65, 2, 84, 61, 103, 97, 45, 7, 56, 15, 78, 32, 114, 60, 118, 108, 35, 109, 74, 22, 37, 116, 125, 117, 41]",64,224,0.12459953874349594,0.12513716518878937,0.0005376264452934265
9,0,boundary_removal,random,11,31,"[100, 89, 82, 68, 84, 42, 138, 55, 10, 87, 60, 124, 36, 107, 45, 79, 93, 114, 62, 105, 118, 16, 47, 31, 35, 40, 37, 99, 125, 119, 41]",64,224,0.12459953874349594,0.12581278383731842,0.0012132450938224792
9,0,boundary_removal,random,12,31,"[69, 53, 10, 82, 137, 139, 72, 59, 44, 102, 45, 101, 73, 62, 77, 130, 107, 56, 78, 97, 118, 19, 35, 74, 9, 37, 99, 22, 110, 119, 117]",64,224,0.12459953874349594,0.12754327058792114,0.0029437318444252014
9,0,boundary_removal,random,13,31,"[70, 85, 27, 42, 72, 10, 44, 136, 53, 89, 77, 106, 132, 45, 127, 60, 34, 111, 79, 130, 118, 129, 126, 16, 9, 37, 99, 113, 58, 41, 117]",64,224,0.12459953874349594,0.12757442891597748,0.002974890172481537
9,0,boundary_removal,random,14,31,"[83, 10, 84, 139, 89, 25, 49, 100, 42, 48, 130, 15, 90, 121, 71, 4, 93, 38, 45, 106, 118, 120, 16, 81, 33, 37, 116, 99, 125, 119, 41]",64,224,0.12459953874349594,0.13237784802913666,0.0077783092856407166
9,0,boundary_removal,random,15,31,"[104, 135, 136, 65, 59, 100, 66, 87, 140, 72, 73, 4, 62, 133, 45, 103, 79, 121, 130, 15, 118, 33, 109, 9, 95, 116, 22, 40, 134, 24, 119]",64,224,0.12459953874349594,0.13446806371212006,0.009868524968624115
9,0,boundary_removal,random,16,31,"[49, 69, 10, 44, 83, 25, 85, 87, 139, 84, 130, 78, 121, 133, 90, 71, 132, 103, 4, 60, 118, 126, 95, 47, 74, 113, 37, 99, 11, 41, 119]",64,224,0.12459953874349594,0.13181966543197632,0.007220126688480377
9,0,boundary_removal,random,17,31,"[137, 72, 141, 104, 68, 25, 42, 142, 102, 44, 130, 43, 45, 32, 20, 121, 78, 77, 15, 133, 118, 64, 16, 94, 120, 99, 22, 116, 131, 119, 41]",64,224,0.12459953874349594,0.13626034557819366,0.011660806834697723
9,0,boundary_removal,random,18,31,"[53, 89, 87, 139, 65, 82, 27, 100, 70, 50, 60, 79, 103, 90, 13, 12, 20, 127, 97, 62, 118, 64, 94, 123, 9, 37, 22, 40, 46, 117, 119]",64,224,0.12459953874349594,0.1182878389954567,-0.006311699748039246
9,0,boundary_removal,random,19,31,"[50, 10, 89, 42, 49, 59, 25, 53, 2, 136, 124, 13, 73, 79, 106, 105, 133, 97, 4, 90, 39, 91, 94, 126, 108, 37, 99, 22, 128, 119, 24]",64,224,0.12459953874349594,0.12451988458633423,-7.965415716171265e-05
9,0,boundary_removal,random,20,31,"[0, 59, 49, 142, 66, 140, 55, 89, 25, 86, 38, 34, 105, 132, 111, 130, 32, 43, 71, 127, 118, 81, 47, 120, 126, 22, 40, 116, 128, 41, 119]",64,224,0.12459953874349594,0.1395224779844284,0.014922939240932465
9,2,node_removal,target,0,6,"[5, 6, 7, 12, 13, 15]",58,248,0.12459953874349594,0.11278858035802841,-0.01181095838546753
9,2,node_removal,random,1,6,"[24, 3, 52, 48, 22, 50]",58,230,0.12459953874349594,0.14076071977615356,0.016161181032657623
9,2,node_removal,random,2,6,"[26, 58, 38, 2, 41, 10]",58,232,0.12459953874349594,0.11560376733541489,-0.008995771408081055
9,2,node_removal,random,3,6,"[16, 19, 53, 33, 2, 17]",58,232,0.12459953874349594,0.13342447578907013,0.008824937045574188
9,2,node_removal,random,4,6,"[37, 57, 48, 30, 41, 22]",58,236,0.12459953874349594,0.10486830025911331,-0.01973123848438263
9,2,node_removal,random,5,6,"[20, 44, 5, 33, 48, 54]",58,230,0.12459953874349594,0.12243092805147171,-0.002168610692024231
9,2,node_removal,random,6,6,"[0, 39, 22, 40, 47, 6]",58,232,0.12459953874349594,0.14906324446201324,0.024463705718517303
9,2,node_removal,random,7,6,"[58, 23, 33, 46, 30, 25]",58,232,0.12459953874349594,0.13008379936218262,0.005484260618686676
9,2,node_removal,random,8,6,"[55, 29, 50, 22, 46, 47]",58,236,0.12459953874349594,0.15206219255924225,0.027462653815746307
9,2,node_removal,random,9,6,"[32, 55, 50, 41, 22, 2]",58,230,0.12459953874349594,0.15097576379776,0.02637622505426407
9,2,node_removal,random,10,6,"[56, 57, 38, 52, 41, 6]",58,232,0.12459953874349594,0.09438415616750717,-0.03021538257598877
9,2,node_removal,random,11,6,"[8, 34, 53, 13, 11, 17]",58,230,0.12459953874349594,0.13590596616268158,0.011306427419185638
9,2,node_removal,random,12,6,"[55, 27, 41, 25, 12, 2]",58,230,0.12459953874349594,0.10911864042282104,-0.015480898320674896
9,2,node_removal,random,13,6,"[15, 32, 54, 17, 11, 33]",58,232,0.12459953874349594,0.1564401537179947,0.03184061497449875
9,2,node_removal,random,14,6,"[16, 28, 10, 17, 51, 50]",58,234,0.12459953874349594,0.10692712664604187,-0.01767241209745407
9,2,node_removal,random,15,6,"[42, 15, 52, 33, 41, 13]",58,234,0.12459953874349594,0.11260541528463364,-0.011994123458862305
9,2,node_removal,random,16,6,"[16, 0, 53, 22, 5, 46]",58,230,0.12459953874349594,0.14301860332489014,0.018419064581394196
9,2,node_removal,random,17,6,"[43, 21, 13, 17, 38, 52]",58,232,0.12459953874349594,0.10986655950546265,-0.014732979238033295
9,2,node_removal,random,18,6,"[16, 21, 25, 48, 38, 53]",58,230,0.12459953874349594,0.12775744497776031,0.0031579062342643738
9,2,node_removal,random,19,6,"[4, 7, 5, 38, 51, 46]",58,236,0.12459953874349594,0.11289084702730179,-0.011708691716194153
9,2,node_removal,random,20,6,"[34, 60, 13, 25, 47, 40]",58,230,0.12459953874349594,0.14489172399044037,0.020292185246944427
9,2,boundary_removal,target,0,10,"[13, 15, 22, 24, 33, 36, 37, 38, 39, 42]",64,266,0.12459953874349594,0.12344211339950562,-0.001157425343990326
9,2,boundary_removal,random,1,10,"[67, 4, 13, 45, 107, 39, 35, 99, 113, 24]",64,266,0.12459953874349594,0.1262374371290207,0.0016378983855247498
9,2,boundary_removal,random,2,10,"[102, 93, 4, 71, 43, 39, 126, 37, 116, 119]",64,266,0.12459953874349594,0.13029269874095917,0.005693159997463226
9,2,boundary_removal,random,3,10,"[69, 101, 62, 38, 56, 39, 108, 99, 37, 117]",64,266,0.12459953874349594,0.12580616772174835,0.0012066289782524109
9,2,boundary_removal,random,4,10,"[104, 124, 79, 133, 88, 118, 57, 40, 22, 119]",64,266,0.12459953874349594,0.12348628044128418,-0.0011132583022117615
9,2,boundary_removal,random,5,10,"[48, 15, 62, 13, 114, 118, 47, 40, 37, 119]",64,266,0.12459953874349594,0.12943564355373383,0.0048361048102378845
9,2,boundary_removal,random,6,10,"[135, 32, 62, 45, 114, 118, 35, 116, 37, 117]",64,266,0.12459953874349594,0.12750306725502014,0.0029035285115242004
9,2,boundary_removal,random,7,10,"[69, 32, 78, 124, 62, 39, 129, 116, 22, 41]",64,266,0.12459953874349594,0.12532085180282593,0.0007213130593299866
9,2,boundary_removal,random,8,10,"[104, 7, 13, 105, 103, 39, 47, 22, 40, 119]",64,266,0.12459953874349594,0.12596538662910461,0.001365847885608673
9,2,boundary_removal,random,9,10,"[76, 103, 32, 43, 132, 118, 47, 22, 99, 117]",64,266,0.12459953874349594,0.12058176845312119,-0.004017770290374756
9,2,boundary_removal,random,10,10,"[53, 36, 15, 130, 79, 39, 16, 37, 116, 117]",64,266,0.12459953874349594,0.1227743849158287,-0.0018251538276672363
9,2,boundary_removal,random,11,10,"[51, 54, 71, 124, 88, 39, 74, 113, 116, 24]",64,266,0.12459953874349594,0.12281323224306107,-0.0017863065004348755
9,2,boundary_removal,random,12,10,"[100, 34, 111, 32, 127, 39, 95, 116, 37, 24]",64,266,0.12459953874349594,0.12846805155277252,0.003868512809276581
9,2,boundary_removal,random,13,10,"[67, 45, 36, 107, 12, 39, 123, 37, 22, 24]",64,266,0.12459953874349594,0.12319514155387878,-0.001404397189617157
9,2,boundary_removal,random,14,10,"[48, 133, 60, 43, 71, 118, 123, 113, 37, 24]",64,266,0.12459953874349594,0.12626783549785614,0.001668296754360199
9,2,boundary_removal,random,15,10,"[142, 127, 88, 62, 106, 39, 64, 113, 40, 41]",64,266,0.12459953874349594,0.12571321427822113,0.0011136755347251892
9,2,boundary_removal,random,16,10,"[66, 127, 103, 71, 101, 39, 123, 99, 37, 41]",64,266,0.12459953874349594,0.1267847865819931,0.002185247838497162
9,2,boundary_removal,random,17,10,"[68, 36, 38, 130, 32, 39, 47, 99, 37, 117]",64,266,0.12459953874349594,0.12284266203641891,-0.0017568767070770264
9,2,boundary_removal,random,18,10,"[55, 62, 133, 32, 79, 118, 57, 113, 22, 24]",64,266,0.12459953874349594,0.12550930678844452,0.0009097680449485779
9,2,boundary_removal,random,19,10,"[76, 133, 60, 97, 15, 39, 95, 40, 22, 119]",64,266,0.12459953874349594,0.125244140625,0.0006446018815040588
9,2,boundary_removal,random,20,10,"[51, 43, 124, 106, 88, 118, 91, 22, 40, 41]",64,266,0.12459953874349594,0.12078595906496048,-0.0038135796785354614
9,4,node_removal,target,0,17,"[20, 21, 23, 28, 29, 30, 31, 35, 36, 39, 42, 43, 44, 50, 51, 59, 60]",47,188,0.12459953874349594,0.07272181659936905,-0.05187772214412689
9,4,node_removal,random,1,17,"[4, 36, 60, 1, 26, 15, 39, 21, 28, 37, 55, 19, 0, 23, 25, 2, 10]",47,160,0.12459953874349594,0.19247208535671234,0.0678725466132164
9,4,node_removal,random,2,17,"[18, 39, 23, 21, 15, 26, 16, 35, 43, 42, 31, 44, 32, 61, 51, 47, 13]",47,164,0.12459953874349594,0.14878593385219574,0.0241863951086998
9,4,node_removal,random,3,17,"[31, 42, 15, 43, 34, 16, 35, 23, 56, 61, 19, 39, 44, 3, 12, 30, 5]",47,166,0.12459953874349594,0.08686204999685287,-0.037737488746643066
9,4,node_removal,random,4,17,"[15, 28, 32, 21, 55, 29, 36, 44, 0, 56, 31, 37, 39, 59, 22, 6, 47]",47,168,0.12459953874349594,0.14519590139389038,0.02059636265039444
9,4,node_removal,random,5,17,"[45, 56, 1, 0, 3, 58, 35, 27, 60, 24, 18, 8, 59, 31, 30, 54, 51]",47,162,0.12459953874349594,0.11927753686904907,-0.005322001874446869
9,4,node_removal,random,6,17,"[32, 3, 29, 60, 23, 37, 19, 57, 44, 8, 58, 21, 36, 18, 2, 6, 11]",47,162,0.12459953874349594,0.19064514338970184,0.0660456046462059
9,4,node_removal,random,7,17,"[63, 62, 32, 61, 29, 44, 31, 3, 36, 21, 59, 7, 35, 4, 5, 13, 33]",47,166,0.12459953874349594,0.21083296835422516,0.08623342961072922
9,4,node_removal,random,8,17,"[24, 8, 7, 61, 21, 32, 58, 60, 44, 18, 28, 37, 20, 27, 30, 6, 13]",47,160,0.12459953874349594,0.12178224325180054,-0.002817295491695404
9,4,node_removal,random,9,17,"[42, 0, 8, 7, 19, 57, 1, 32, 59, 55, 18, 62, 3, 61, 50, 40, 25]",47,162,0.12459953874349594,0.18017250299453735,0.05557296425104141
9,4,node_removal,random,10,17,"[42, 35, 55, 32, 29, 63, 57, 56, 28, 45, 1, 3, 21, 19, 11, 12, 47]",47,162,0.12459953874349594,0.15763050317764282,0.03303096443414688
9,4,node_removal,random,11,17,"[45, 56, 21, 31, 57, 42, 60, 59, 16, 24, 4, 61, 8, 63, 48, 11, 13]",47,162,0.12459953874349594,0.15434952080249786,0.029749982059001923
9,4,node_removal,random,12,17,"[62, 3, 8, 31, 36, 58, 24, 34, 60, 7, 4, 55, 28, 39, 5, 46, 17]",47,158,0.12459953874349594,0.14964185655117035,0.025042317807674408
9,4,node_removal,random,13,17,"[16, 62, 20, 57, 24, 35, 26, 58, 59, 60, 4, 32, 1, 42, 48, 47, 5]",47,158,0.12459953874349594,0.13688302040100098,0.012283481657505035
9,4,node_removal,random,14,17,"[32, 31, 15, 19, 18, 60, 3, 61, 42, 27, 28, 62, 43, 58, 2, 40, 38]",47,160,0.12459953874349594,0.1279178112745285,0.0033182725310325623
9,4,node_removal,random,15,17,"[16, 56, 31, 43, 0, 34, 55, 26, 42, 18, 59, 8, 60, 15, 48, 33, 40]",47,168,0.12459953874349594,0.12281676381826401,-0.0017827749252319336
9,4,node_removal,random,16,17,"[32, 34, 1, 20, 59, 31, 37, 19, 56, 7, 18, 8, 28, 45, 33, 5, 10]",47,162,0.12459953874349594,0.10799923539161682,-0.01660030335187912
9,4,node_removal,random,17,17,"[7, 63, 35, 58, 8, 37, 27, 62, 1, 32, 34, 57, 60, 20, 30, 12, 2]",47,158,0.12459953874349594,0.12874732911586761,0.004147790372371674
9,4,node_removal,random,18,17,"[36, 3, 18, 58, 44, 39, 45, 0, 4, 15, 7, 43, 8, 37, 53, 47, 40]",47,164,0.12459953874349594,0.1883522868156433,0.06375274807214737
9,4,node_removal,random,19,17,"[39, 27, 21, 29, 26, 60, 36, 35, 58, 55, 61, 0, 57, 56, 33, 48, 25]",47,166,0.12459953874349594,0.19738727807998657,0.07278773933649063
9,4,node_removal,random,20,17,"[1, 34, 8, 20, 0, 45, 16, 36, 31, 28, 27, 32, 60, 44, 38, 2, 25]",47,168,0.12459953874349594,0.14037850499153137,0.01577896624803543
9,4,boundary_removal,target,0,27,"[36, 38, 41, 42, 50, 54, 56, 57, 58, 67, 68, 72, 74, 82, 83, 86, 90, 93, 97, 104, 105, 116, 121, 123, 127, 138, 140]",64,232,0.12459953874349594,0.12858033180236816,0.003980793058872223
9,4,boundary_removal,random,1,27,"[135, 72, 27, 61, 138, 68, 52, 141, 137, 67, 83, 111, 132, 13, 15, 43, 60, 54, 97, 45, 12, 31, 16, 74, 113, 14, 41]",64,232,0.12459953874349594,0.12795768678188324,0.0033581480383872986
9,4,boundary_removal,random,2,27,"[55, 67, 140, 100, 61, 83, 72, 82, 87, 2, 89, 12, 32, 15, 105, 71, 45, 73, 43, 54, 101, 109, 126, 129, 40, 75, 24]",64,232,0.12459953874349594,0.13084708154201508,0.0062475427985191345
9,4,boundary_removal,random,3,27,"[139, 69, 87, 61, 25, 82, 50, 85, 138, 49, 10, 88, 127, 107, 62, 20, 43, 97, 93, 7, 73, 95, 109, 9, 37, 46, 117]",64,232,0.12459953874349594,0.1273394078016281,0.0027398690581321716
9,4,boundary_removal,random,4,27,"[2, 27, 84, 100, 83, 0, 85, 42, 86, 136, 141, 97, 15, 71, 107, 4, 132, 127, 124, 105, 36, 19, 94, 9, 116, 122, 41]",64,232,0.12459953874349594,0.12242145091295242,-0.002178087830543518
9,4,boundary_removal,random,5,27,"[42, 139, 44, 53, 50, 140, 84, 27, 82, 100, 55, 101, 121, 124, 107, 54, 130, 105, 56, 12, 133, 64, 47, 81, 99, 134, 41]",64,232,0.12459953874349594,0.12847693264484406,0.003877393901348114
9,4,boundary_removal,random,6,27,"[86, 69, 72, 67, 85, 66, 10, 49, 84, 136, 104, 77, 133, 34, 62, 90, 106, 114, 88, 71, 32, 126, 109, 64, 22, 23, 117]",64,232,0.12459953874349594,0.13235339522361755,0.0077538564801216125
9,4,boundary_removal,random,7,27,"[82, 53, 140, 72, 70, 83, 25, 102, 85, 2, 100, 103, 71, 34, 101, 20, 56, 93, 106, 124, 43, 9, 109, 108, 99, 110, 24]",64,232,0.12459953874349594,0.12655949592590332,0.001959957182407379
9,4,boundary_removal,random,8,27,"[142, 68, 0, 48, 87, 135, 141, 42, 10, 49, 89, 107, 90, 34, 111, 7, 71, 114, 73, 12, 13, 129, 16, 95, 99, 63, 119]",64,232,0.12459953874349594,0.14244726300239563,0.01784772425889969
9,4,boundary_removal,random,9,27,"[138, 82, 61, 89, 27, 69, 85, 59, 67, 48, 136, 62, 54, 78, 133, 88, 56, 101, 7, 13, 43, 95, 94, 81, 99, 115, 41]",64,232,0.12459953874349594,0.13066212832927704,0.006062589585781097
9,4,boundary_removal,random,10,27,"[84, 72, 2, 51, 68, 0, 76, 135, 100, 10, 104, 20, 38, 32, 88, 93, 60, 79, 71, 4, 121, 95, 129, 123, 22, 122, 117]",64,232,0.12459953874349594,0.13507740199565887,0.010477863252162933
9,4,boundary_removal,random,11,27,"[69, 76, 53, 0, 89, 51, 102, 61, 136, 140, 50, 124, 73, 88, 93, 127, 133, 7, 107, 20, 13, 57, 16, 47, 116, 46, 117]",64,232,0.12459953874349594,0.1274869441986084,0.0028874054551124573
9,4,boundary_removal,random,12,27,"[0, 53, 82, 10, 141, 61, 50, 142, 25, 70, 65, 130, 43, 78, 32, 97, 7, 71, 101, 56, 20, 81, 35, 91, 116, 125, 24]",64,232,0.12459953874349594,0.12860888242721558,0.004009343683719635
9,4,boundary_removal,random,13,27,"[66, 86, 27, 2, 72, 136, 139, 70, 48, 53, 83, 101, 124, 32, 20, 38, 111, 12, 133, 60, 54, 126, 74, 47, 37, 122, 119]",64,232,0.12459953874349594,0.12717820703983307,0.0025786682963371277
9,4,boundary_removal,random,14,27,"[52, 69, 72, 50, 85, 48, 86, 61, 49, 2, 10, 54, 103, 60, 32, 132, 77, 106, 38, 97, 124, 64, 35, 95, 113, 125, 24]",64,232,0.12459953874349594,0.1295013278722763,0.004901789128780365
9,4,boundary_removal,random,15,27,"[141, 59, 25, 10, 136, 0, 69, 102, 82, 68, 2, 101, 43, 4, 114, 105, 45, 133, 90, 34, 103, 129, 57, 81, 37, 14, 117]",64,232,0.12459953874349594,0.13427112996578217,0.009671591222286224
9,4,boundary_removal,random,16,27,"[48, 82, 51, 72, 68, 142, 141, 67, 85, 0, 83, 34, 45, 4, 7, 93, 12, 38, 54, 15, 77, 123, 95, 94, 116, 131, 119]",64,232,0.12459953874349594,0.1370847225189209,0.012485183775424957
9,4,boundary_removal,random,17,27,"[48, 72, 0, 136, 142, 50, 141, 69, 55, 84, 83, 114, 97, 103, 12, 77, 101, 71, 133, 54, 130, 91, 31, 120, 116, 134, 117]",64,232,0.12459953874349594,0.13288405537605286,0.008284516632556915
9,4,boundary_removal,random,18,27,"[44, 83, 0, 55, 50, 142, 85, 136, 70, 100, 10, 34, 38, 124, 7, 88, 13, 133, 130, 79, 105, 33, 109, 91, 116, 125, 117]",64,232,0.12459953874349594,0.12282032519578934,-0.001779213547706604
9,4,boundary_removal,random,19,27,"[84, 61, 140, 139, 25, 104, 55, 2, 141, 72, 83, 15, 34, 32, 13, 88, 107, 93, 77, 101, 111, 120, 95, 129, 113, 115, 41]",64,232,0.12459953874349594,0.14170534908771515,0.017105810344219208
9,4,boundary_removal,random,20,27,"[25, 27, 140, 89, 76, 72, 69, 138, 0, 87, 68, 20, 71, 15, 56, 78, 34, 4, 73, 32, 124, 74, 126, 19, 116, 131, 24]",64,232,0.12459953874349594,0.1324906200170517,0.007891081273555756
